"row_names","DATES","RETORNOS","VOLUMEN","DRAWDOWNS","PRECIO","DRAWUPS","MINIMOS","MAXIMOS","temp","drawmed","SCALE"
"1980-03-18",1980-03-18,-0.00799948390426423,17068800,-0.00799948390426419,0.322917,0,0,0,0,1,1.3431866049758
"1980-03-19",1980-03-19,0.0241919750276386,18508800,0,0.330729,0.0236205473363388,0.322917,0.330729,1,0,1.46260880055662
"1980-03-20",1980-03-20,-0.00393675788938971,11174400,-0.00393675788938974,0.329427,0.0197615860266463,0.322917,0.330729,3,0,1.43316601171805
"1980-03-21",1980-03-21,-0.0355738904218538,12172800,-0.039370602517469,0.317708,0,0.317708,0.329427,4,-10.0007680491553,1.22470449994219
"1980-03-24",1980-03-24,-0.0204905133015222,8966400,-0.0590543919644181,0.311198,0,0.311198,0.317708,5,-1.49996160049151,1.15036297462179
"1980-03-25",1980-03-25,0.00418383151562679,11347200,-0.0551176340750281,0.3125,0.00416640000000013,0.311198,0.3125,5,-0.933336746710355,1.18096689461559
"1980-03-26",1980-03-26,-0.00833279999999998,16262400,-0.0629911498538078,0.309896,0,0,0.3125,7,-1.1428493060508,1.13549466955771
"1980-03-27",1980-03-27,-0.0336145029300153,26918400,-0.0944882365924972,0.299479,0,0.299479,0.309896,8,-1.50002400038401,1.01653680945592
"1980-03-28",1980-03-28,0.0391312913426316,20102400,-0.0590543919644181,0.311198,0.0376576970289012,0.299479,0.311198,8,-0.624992000000001,1.29258816173463
"1980-03-31",1980-03-31,0.0334738655132745,9004800,-0.0275573052257287,0.321615,0.0688276355269499,0,0.321615,0,1.82771759712567,1.5292683119642
"1980-04-01",1980-04-01,0.00404831864185447,8179200,-0.0236205473363388,0.322917,0.0725821186249098,0,0.322917,0,1.05454906403824,1.55831650861086
"1980-04-02",1980-04-02,0.00806399167587954,12556800,-0.0157470315575591,0.325521,0.0800009830394968,0,0.325521,0,1.10221339022806,1.61607260646074
"1980-04-03",1980-04-03,-0.0200017817590877,6988800,-0.0354338446280792,0.31901,0.0612237860882104,0.299479,0.325521,13,-2.25019201228881,1.47080214506574
"1980-04-07",1980-04-07,-0.0244882605560955,13478400,-0.0590543919644181,0.311198,0.0376576970289012,0.299479,0.325521,0,-1.66660977899138,1.29258816173463
"1980-04-08",1980-04-08,0.00418383151562679,29184000,-0.0551176340750281,0.3125,0.0416672,0.299479,0.325521,0,1.10647233600137,1.32259951470885
"1980-04-09",1980-04-09,-0.0208320000000001,11558400,-0.0748014235219773,0.30599,0.0212784731527174,0.299479,0.325521,0,-1.357123265127,1.17125406403895
"1980-04-10",1980-04-10,-0.00425504101441214,14784000,-0.0787381814113669,0.304688,0.0170961770729402,0.299479,0.325521,0,-1.05262945147338,1.14059010790117
"1980-04-11",1980-04-11,0,9523200,-0.0787381814113669,0.304688,0.0170961770729402,0.299479,0.325521,0,-1,1.14059010790117
"1980-04-14",1980-04-14,0.00854644751352201,8025600,-0.0708646656325873,0.307292,0.0254253283521862,0.299479,0.325521,0,1.48719378862947,1.20178416743928
"1980-04-15",1980-04-15,-0.0127142912929721,10598400,-0.0826779629243277,0.303385,0.0128747301283848,0.299479,0.325521,0,-1.16670222298076,1.10976686760716
"1980-04-16",1980-04-16,-0.0386241903851542,10752000,-0.118108783928836,0.291667,0,0.291667,0.31901,21,-1.42854008191925,0.92732697907144
"1980-04-17",1980-04-17,-0.0178594081606765,17702400,-0.133858839109966,0.286458,0,0.286458,0.291667,22,-1.13335210690697,0.867842339225975
"1980-04-18",1980-04-18,0.0136389976890155,18739200,-0.122045541818226,0.290365,0.0134554784495377,0.286458,0.290365,22,-0.911748096948341,0.963277181010312
"1980-04-21",1980-04-21,-0.00897146694677378,9043200,-0.129922081220576,0.28776,0.00452460383653053,0.286458,0.290365,24,-1.0645377068675,0.899799119635963
"1980-04-22",1980-04-22,0.0452495134834585,20428800,-0.0905514787031073,0.300781,0.0432906333844225,0.28776,0.300781,24,9.56782846597634,1.19490471537471
"1980-04-23",1980-04-23,0.0606055568669563,14822400,-0.0354338446280791,0.31901,0.0979593116203253,0,0.31901,0,2.26282925339629,1.60954448473892
"1980-04-24",1980-04-24,0.00408451145732108,8832000,-0.0314940631151184,0.320313,0.101628719408828,0,0.320313,0,1.03745848891553,1.63828278945647
"1980-04-25",1980-04-25,-0.0162622185175126,7104000,-0.0472441182962485,0.315104,0.0867776987915101,0.28776,0.320313,28,-1.50009600614439,1.52270897388436
"1980-04-28",1980-04-28,-0.00826393825530617,6931200,-0.0551176340750281,0.3125,0.0791679999999999,0.28776,0.320313,0,-1.166656,1.4642321348021
"1980-04-29",1980-04-29,0.00833279999999998,6297600,-0.0472441182962484,0.315104,0.0867776987915101,0.28776,0.320313,0,1.09612089217247,1.52270897388436
"1980-04-30",1980-04-30,0.0123959073829593,7065600,-0.035433844628079,0.31901,0.0979593116203253,0.28776,0.320313,0,1.12885353016424,1.60954448473892
"1980-05-01",1980-05-01,0.00408451145732108,7008000,-0.0314940631151182,0.320313,0.0243917668030957,0.3125,0.320313,28,-0.888813038655173,1.34657509347216
"1980-05-02",1980-05-02,0.0162590965711663,5510400,-0.0157470315575591,0.325521,0.0400004915197484,0,0.325521,0,1.63991775760465,1.46499917818828
"1980-05-05",1980-05-05,0.0119992258563964,3513600,-0.00393675788938974,0.329427,0.0513831592431708,0,0.329427,0,1.28456319637479,1.55259403101703
"1980-05-06",1980-05-06,-0.00395231720532933,6988800,-0.00787351577877948,0.328125,0.0476190476190477,0.3125,0.329427,35,-2,1.52350946945581
"1980-05-07",1980-05-07,0,6393600,-0.00787351577877948,0.328125,0.0476190476190477,0.3125,0.329427,0,-1,1.52350946945581
"1980-05-08",1980-05-08,-0.0119040000000001,7468800,-0.0196837894469489,0.324219,0.036145321526499,0.3125,0.329427,0,-2.50000000000003,1.43557070835308
"1980-05-09",1980-05-09,0.012047412397176,16684800,-0.00787351577877948,0.328125,0.0476190476190477,0.3125,0.329427,0,1.31743322809114,1.52350946945581
"1980-05-12",1980-05-12,-0.00396800000000008,8582400,-0.0118102736681693,0.326823,0.0438249450008108,0.3125,0.329427,0,-1.50000000000001,1.49431163822899
"1980-05-13",1980-05-13,0.0199190387457432,7372800,0,0.333333,0.0273420273420274,0.324219,0.333333,35,0,1.47666404641352
"1980-05-14",1980-05-14,0.0156270156270157,4742400,0,0.338542,0.0423078968045325,0,0.338542,0,1.54735770962752,1.53318698202951
"1980-05-15",1980-05-15,0.00769180781114306,8102400,0,0.341146,0.0496180520949975,0,0.341146,0,1.17278465351844,1.56079589829469
"1980-05-16",1980-05-16,0.011449643261243,4838400,0,0.345052,0.0603764070343022,0,0.345052,0,1.21682340368193,1.60142793808975
"1980-05-19",1980-05-19,0.00377334430752458,8640000,0,0.346354,0.063908602181583,0,0.346354,0,1.05850290404452,1.61476829491921
"1980-05-20",1980-05-20,-0.0112774791109675,21811200,-0.0112774791109675,0.342448,0.0532314395178246,0.324219,0.346354,45,0,1.53185023883072
"1980-05-21",1980-05-21,-0.0228151427369994,10540800,-0.0338353245523366,0.334635,0.0311264512080327,0.324219,0.346354,0,-3.00025601638501,1.36316812631668
"1980-05-22",1980-05-22,-0.0116724192030123,5318400,-0.0451128036633041,0.330729,0.019683789446949,0.324219,0.346354,0,-1.33330488949569,1.27735894143006
"1980-05-23",1980-05-23,0.0354338446280791,29779200,-0.0112774791109675,0.342448,0.0532314395178246,0.324219,0.346354,0,2.70432884182651,1.53185023883072
"1980-05-27",1980-05-27,-0.00380203709760305,8332800,-0.0150366388146234,0.341146,0.0496180520949975,0.324219,0.346354,0,-1.33333333333333,1.50400568174701
"1980-05-28",1980-05-28,0.0228992865224859,6700800,0,0.348958,0.0522383782575553,0.330729,0.348958,45,1.0528099361406,1.57069231810178
"1980-05-29",1980-05-29,0,7660800,0,0.348958,0.0522383782575553,0,0.348958,0,0,1.57069231810178
"1980-05-30",1980-05-30,0.014927297841001,5721600,0,0.354167,0.066177820067934,0,0.354167,0,1.26684292804137,1.62333865274641
"1980-06-02",1980-06-02,0.00367623183413466,6355200,0,0.355469,0.0695981928100622,0,0.355469,0,1.05168457858867,1.63625667991285
"1980-06-03",1980-06-03,-0.0256421797681373,15244800,-0.0256421797681372,0.346354,0.0451128036633041,0.330729,0.355469,54,0,1.44693541411794
"1980-06-04",1980-06-04,0.0150395260340577,7680000,-0.0109882999642725,0.351563,0.0592610712731432,0.330729,0.355469,0,1.31361978110325,1.55571505621931
"1980-06-05",1980-06-05,0,6470400,-0.0109882999642725,0.351563,0.0592610712731432,0.330729,0.355469,0,-1,1.55571505621931
"1980-06-06",1980-06-06,-0.00740976723944222,28723200,-0.0183166464586222,0.348958,0.0522383782575553,0.330729,0.355469,0,-1.66692268305171,1.50151420378805
"1980-06-09",1980-06-09,-0.00746221608331087,7545600,-0.0256421797681372,0.346354,0.0451128036633041,0.330729,0.355469,0,-1.39993856550453,1.44693541411794
"1980-06-10",1980-06-10,0.0112774791109675,17280000,-0.0146538798038646,0.35026,0.0557614343630447,0.330729,0.355469,0,1.23604453359219,1.52865354228375
"1980-06-11",1980-06-11,0.0111545708901958,3206400,-0.00366276665475729,0.354167,0.066177820067934,0.330729,0.355469,0,1.1868026858325,1.60950515484494
"1980-06-12",1980-06-12,-0.0147077508632934,10809600,-0.0183166464586222,0.348958,0.0522383782575553,0.330729,0.355469,0,-5.00076804915544,1.50151420378805
"1980-06-13",1980-06-13,0,3590400,-0.0183166464586222,0.348958,0.0522383782575553,0.330729,0.355469,0,-1,1.50151420378805
"1980-06-16",1980-06-16,0,7987200,-0.0183166464586222,0.348958,0.0522383782575553,0.330729,0.355469,0,-1,1.50151420378805
"1980-06-17",1980-06-17,-0.00373110804165536,12864000,-0.0219794131133794,0.347656,0.0486889338886717,0.330729,0.355469,0,-1.19996928275225,1.47427520238158
"1980-06-18",1980-06-18,-0.00749016268955518,8064000,-0.0293049464228945,0.345052,0.0415096854966789,0.330729,0.355469,0,-1.33329066939717,1.4194936980866
"1980-06-19",1980-06-19,-0.0188667215376234,13689600,-0.0476187796966822,0.338542,0.0230783772766747,0.330729,0.355469,0,-1.62494000191995,1.28071504095227
"1980-06-20",1980-06-20,0.00384590390557145,7027200,-0.0439560130419246,0.339844,0.0268211296948011,0.330729,0.355469,0,1.16217571856359,1.30868412613027
"1980-06-23",1980-06-23,0,9888000,-0.0439560130419246,0.339844,0.0268211296948011,0.330729,0.355469,0,-1,1.30868412613027
"1980-06-24",1980-06-24,0,9676800,-0.0439560130419246,0.339844,0.0268211296948011,0.330729,0.355469,0,-1,1.30868412613027
"1980-06-25",1980-06-25,0.0114935087863844,15494400,-0.0329677130776521,0.34375,0.0378792727272728,0.330729,0.355469,0,1.41229221730415,1.39194889609159
"1980-06-26",1980-06-26,0,10156800,-0.0329677130776521,0.34375,0.0378792727272728,0.330729,0.355469,0,-1,1.39194889609159
"1980-06-27",1980-06-27,0.00378763636363644,6912000,-0.0293049464228947,0.345052,0.0415096854966789,0.330729,0.355469,0,1.09584167033894,1.4194936980866
"1980-06-30",1980-06-30,-0.00754668861504947,5337600,-0.0366304797324098,0.342448,0.0342212540298088,0.330729,0.355469,0,-1.24997600076798,1.36429983232293
"1980-07-01",1980-07-01,0.0152081483904127,9811200,-0.0219794131133796,0.347656,0.0486889338886717,0.330729,0.355469,0,1.42276883968836,1.47427520238158
"1980-07-02",1980-07-02,0.00749016268955518,6585600,-0.0146538798038646,0.35026,0.0557614343630447,0.330729,0.355469,0,1.14525888963896,1.52865354228375
"1980-07-03",1980-07-03,0.00743733226745837,4550400,-0.00732553330951491,0.352865,0.0627322063678744,0.330729,0.355469,0,1.12501062937953,1.58265829999725
"1980-07-07",1980-07-07,0.0368979638105225,19545600,0,0.365885,0.074731131366413,0.338542,0.365885,54,1.19127216613703,1.65564270731796
"1980-07-08",1980-07-08,0.0213537040326878,13190400,0,0.373698,0.0940759650841052,0,0.373698,0,1.25885910415089,1.72870406826773
"1980-07-09",1980-07-09,0,9388800,0,0.373698,0.0940759650841052,0,0.373698,0,0,1.72870406826773
"1980-07-10",1980-07-10,0.0139363871361368,14092800,0,0.378906,0.106527740389437,0,0.378906,0,1.13235873046,1.77573179997763
"1980-07-11",1980-07-11,-0.00343620845275616,9888000,-0.00343620845275616,0.377604,0.103446997383502,0.338542,0.378906,81,0,1.75111864745515
"1980-07-14",1980-07-14,0.0103441700829441,15052800,0,0.38151,0.0102382637414485,0.377604,0.38151,81,0,1.41206673509734
"1980-07-15",1980-07-15,0.0307174123876176,20678400,0,0.393229,0.0397351161791221,0,0.393229,0,3.88104049500684,1.52347013169826
"1980-07-16",1980-07-16,0.0165577818523049,11692800,0,0.39974,0.0553759943963577,0,0.39974,0,1.39362860163106,1.58254243315494
"1980-07-17",1980-07-17,0.0227998198829239,15456000,0,0.408854,0.0764331521765715,0,0.408854,0,1.38025787184056,1.66207088129815
"1980-07-18",1980-07-18,0.0254785326791471,12576000,0,0.419271,0.0993796375136845,0,0.419271,0,1.30021639411264,1.748734921538
"1980-07-21",1980-07-21,0,14208000,0,0.419271,0.0993796375136845,0,0.419271,0,0,1.748734921538
"1980-07-22",1980-07-22,-0.0124215602796282,14150400,-0.0124215602796283,0.414063,0.088051818201578,0.377604,0.419271,88,0,1.65903851887015
"1980-07-23",1980-07-23,-0.00943576219077772,8371200,-0.021740115581569,0.410156,0.0793649245652874,0.377604,0.419271,0,-1.75019201228878,1.59103573202088
"1980-07-24",1980-07-24,-0.00634880386974711,11616000,-0.0279508957213831,0.407552,0.0734826476130654,0.377604,0.419271,0,-1.28568294020845,1.54536280341983
"1980-07-25",1980-07-25,-0.0095840530778895,22156800,-0.0372670659311042,0.403646,0.064516928199462,0.377604,0.419271,0,-1.33330488949569,1.47631595834966
"1980-07-28",1980-07-28,0.00967679600441976,7372800,-0.0279508957213831,0.407552,0.0734826476130654,0.377604,0.419271,0,1.13896692951476,1.54536280341983
"1980-07-29",1980-07-29,0.0447280347047739,11424000,0,0.425781,0.0519868195151968,0.403646,0.425781,88,0,1.56974223373591
"1980-07-30",1980-07-30,0.0305814491487408,12614400,0,0.438802,0.0801181398443945,0,0.438802,0,1.54112408859662,1.67598830328395
"1980-07-31",1980-07-31,0.00593433940592795,24384000,0,0.441406,0.0855448272112296,0,0.441406,0,1.0677335666726,1.69648375805269
"1980-08-01",1980-08-01,-0.0147483269371056,9523200,-0.0147483269371056,0.434896,0.0718562598874214,0.403646,0.441406,96,0,1.58908360014971
"1980-08-04",1980-08-04,0.0149690960597477,5721600,0,0.441406,0.0147483269371056,0.434896,0.441406,96,0,1.42910029350642
"1980-08-05",1980-08-05,0.0058993307748422,6720000,0,0.44401,0.0205265647170109,0,0.44401,0,1.39178937411319,1.45092348011283
"1980-08-06",1980-08-06,-0.00879709916443328,11193600,-0.00879709916443328,0.440104,0.0118335666115281,0.434896,0.44401,99,0,1.38486706792898
"1980-08-07",1980-08-07,0.0118358388017378,8812800,0,0.445313,0.01169739037486,0.440104,0.445313,99,0,1.41757754895032
"1980-08-08",1980-08-08,0.0146189309541827,5817600,0,0.451823,0.0259371479539554,0,0.451823,0,2.21734481989244,1.47135811297616
"1980-08-11",1980-08-11,0.0634009335514129,7276800,0,0.480469,0.0840116636036872,0,0.480469,0,3.23904786111518,1.69069332214818
"1980-08-12",1980-08-12,0.00270985224853222,22406400,0,0.481771,0.0864871484585,0,0.481771,0,1.02946596637451,1.70004270685433
"1980-08-13",1980-08-13,-0.0189197772385635,12153600,-0.0189197772385635,0.472656,0.0688703835347484,0.440104,0.481771,104,0,1.56205188544262
"1980-08-14",1980-08-14,0,8793600,-0.0189197772385635,0.472656,0.0688703835347484,0.440104,0.481771,0,-1,1.56205188544262
"1980-08-15",1980-08-15,-0.0137732304255103,41011200,-0.0324324212125678,0.466146,0.0558666168968521,0.440104,0.481771,0,-1.71420735052112,1.46190498963154
"1980-08-18",1980-08-18,-0.027933308448426,7699200,-0.0594597848355338,0.453125,0.028736,0.440104,0.481771,0,-1.833344,1.25736170842204
"1980-08-19",1980-08-19,-0.0143668965517242,8889600,-0.0729724288095381,0.446615,0.0145785519966861,0.440104,0.481771,0,-1.22725685959645,1.15285760117716
"1980-08-20",1980-08-20,0.0204068381044076,11808000,-0.0540547272459323,0.455729,0.0342857268244944,0.440104,0.481771,0,2.35179233385373,1.29873562095524
"1980-08-21",1980-08-21,0.0114300384658427,11251200,-0.0432425363917711,0.460938,0.0451991374111053,0.440104,0.481771,0,1.31830769236644,1.38078863996173
"1980-08-22",1980-08-22,0.00564934980409512,38515200,-0.0378374788021696,0.463542,0.0505628400446994,0.440104,0.481771,0,1.11866825211306,1.42145997832163
"1980-08-25",1980-08-25,0,11174400,-0.0378374788021696,0.463542,0.0505628400446994,0.440104,0.481771,0,-1,1.42145997832163
"1980-08-26",1980-08-26,0,20160000,-0.0378374788021696,0.463542,0.0505628400446994,0.440104,0.481771,0,-1,1.42145997832163
"1980-08-27",1980-08-27,-0.00280880696894785,3513600,-0.0405400075969703,0.46224,0.0478885427483559,0.440104,0.481771,0,-1.0714246530254,1.40115283908528
"1980-08-28",1980-08-28,-0.00845231914157146,6451200,-0.0486496696563306,0.458333,0.03977239256174,0.440104,0.481771,0,-1.2000409605243,1.33987136504903
"1980-08-29",1980-08-29,-0.00568145867742448,15552000,-0.0540547272459323,0.455729,0.0342857268244944,0.440104,0.481771,0,-1.1111016298319,1.29873562095524
"1980-09-02",1980-09-02,0.0142869995106741,6816000,-0.0405400075969705,0.46224,0.0478885427483559,0.440104,0.481771,0,1.39674865268259,1.40115283908528
"1980-09-03",1980-09-03,0.0309860678435445,9292800,-0.0108101151792035,0.476563,0.0765040508809959,0.440104,0.481771,0,1.59754393202166,1.62151112345107
"1980-09-04",1980-09-04,0.00819618812203206,16147200,-0.00270252879480115,0.480469,0.0840116636036872,0.440104,0.481771,0,1.09813353196643,1.68048644031939
"1980-09-05",1980-09-05,-0.00541970449706432,6259200,-0.00810758638440268,0.477865,0.0790202253774601,0.440104,0.481771,0,-2.99999999999971,1.64122106618912
"1980-09-08",1980-09-08,-0.0272482814183922,4300800,-0.0351349500073688,0.464844,0.0532221562502688,0.440104,0.481771,0,-4.33358934971833,1.44171053713468
"1980-09-09",1980-09-09,0.00280093967008292,13632000,-0.0324324212125678,0.466146,0.0558666168968521,0.440104,0.481771,0,1.0496872136136,1.46190498963154
"1980-09-10",1980-09-10,-0.0111724652791185,10099200,-0.0432425363917711,0.460938,0.0451991374111053,0.440104,0.481771,0,-1.333312,1.38078863996173
"1980-09-11",1980-09-11,0.00564934980409512,5990400,-0.0378374788021696,0.463542,0.0505628400446994,0.440104,0.481771,0,1.11866825211306,1.42145997832163
"1980-09-12",1980-09-12,-0.00280880696894785,4800000,-0.0405400075969705,0.46224,0.0478885427483559,0.440104,0.481771,0,-1.0714246530254,1.40115283908528
"1980-09-15",1980-09-15,-0.011269037729318,5337600,-0.0513521984511313,0.457031,0.0370368749603419,0.440104,0.481771,0,-1.26670421381393,1.31933300961975
"1980-09-16",1980-09-16,0.0284904087468903,9139200,-0.0243248348281653,0.470052,0.0637120999378793,0.440104,0.481771,0,1.72023422618945,1.52215637150215
"1980-09-17",1980-09-17,0.0443206283560117,11577600,0,0.490885,0.0901840553286412,0.446615,0.490885,104,1.41549337436017,1.71400514515588
"1980-09-18",1980-09-18,0.00265438952096723,14227200,0,0.492188,0.0925926678423692,0,0.492188,0,1.02670774234925,1.72310196711991
"1980-09-19",1980-09-19,0.00793599193803986,6086400,0,0.496094,0.0997371465891544,0,0.496094,0,1.07716030775728,1.75008515798805
"1980-09-22",1980-09-22,-0.0157490314335589,8313600,-0.0157490314335589,0.488281,0.0853320116899901,0.446615,0.496094,131,0,1.63619922530311
"1980-09-23",1980-09-23,-0.0373330111145017,7142400,-0.0524940837825089,0.470052,0.0498604409724882,0.446615,0.496094,0,-3.33316267758865,1.36345225619342
"1980-09-24",1980-09-24,-0.011079625232953,10022400,-0.0629920942402045,0.464844,0.0392153066405073,0.446615,0.496094,0,-1.19998464019661,1.28359905323314
"1980-09-25",1980-09-25,-0.0112059099396786,11520000,-0.0734921204449157,0.459635,0.0283268245455633,0.446615,0.496094,0,-1.166688,1.20281916399434
"1980-09-26",1980-09-26,-0.0141634122727817,9312000,-0.0866146335170351,0.453125,0.0143668965517242,0.446615,0.496094,0,-1.17855673496256,1.10053449042223
"1980-09-29",1980-09-29,0.00287337931034488,3801600,-0.0839901309026112,0.454427,0.0171908799433134,0.446615,0.496094,0,1.19656182401134,1.12111227405813
"1980-09-30",1980-09-30,0.0200582271740015,6086400,-0.0656165968546284,0.463542,0.0365166478981409,0.446615,0.496094,0,2.12418724454792,1.26349459439116
"1980-10-01",1980-10-01,0.0112352278757912,5971200,-0.0551185863969329,0.46875,0.0472213333333333,0.446615,0.496094,0,1.29314534743309,1.34357270932071
"1980-10-02",1980-10-02,-0.00277760000000005,4281600,-0.0577430890113568,0.467448,0.0445675240882408,0.446615,0.496094,0,-1.0476155646577,1.32363763758004
"1980-10-03",1980-10-03,0.0334261778850268,5068800,-0.0262470418912545,0.483073,0.0754709950669982,0.446615,0.496094,0,1.69340784822532,1.55930746971423
"1980-10-06",1980-10-06,0.0619947709766432,10060800,0,0.513021,0.11675155597919,0.453125,0.513021,131,1.54697252733379,1.81434499727814
"1980-10-07",1980-10-07,0.00253790780494371,9158400,0,0.514323,0.118987484518484,0,0.514323,0,1.01915116694198,1.82278962825565
"1980-10-08",1980-10-08,-0.020253809376598,25036800,-0.020253809376598,0.503906,0.100774747671193,0.453125,0.514323,143,0,1.67750958815977
"1980-10-09",1980-10-09,-0.00258381523538103,8697600,-0.0227852925107372,0.502604,0.0984452968937773,0.453125,0.514323,0,-1.12498800038398,1.65915086498604
"1980-10-10",1980-10-10,-0.0103620345241981,6624000,-0.0329112250472952,0.497396,0.0890055408567821,0.453125,0.514323,0,-1.4444065193276,1.58525538178032
"1980-10-13",1980-10-13,0.00523526526148179,3235200,-0.0278482587790162,0.5,0.09375,0.453125,0.514323,0,1.05330521108626,1.62229596111194
"1980-10-14",1980-10-14,0.0052080000000001,6652800,-0.0227852925107372,0.502604,0.0984452968937773,0.453125,0.514323,0,1.05008316686696,1.65915086498604
"1980-10-15",1980-10-15,0.0207260586863612,4416000,-0.00253148313413953,0.513021,0.11675155597919,0.453125,0.514323,0,1.18595361752187,1.80478411886995
"1980-10-16",1980-10-16,-0.0050758156098872,5942400,-0.00759444940241827,0.510417,0.112245477717239,0.453125,0.514323,0,-2.99999999999987,1.76864385389945
"1980-10-17",1980-10-17,-0.0102053810903634,6988800,-0.0177223262424586,0.505208,0.103092191730931,0.453125,0.514323,0,-2.33358934971841,1.69582296449068
"1980-10-20",1980-10-20,-0.0103086253582683,6489600,-0.0278482587790163,0.5,0.09375,0.453125,0.514323,0,-1.57136588041689,1.62229596111194
"1980-10-21",1980-10-21,-0.010416,8908800,-0.037974191315574,0.494792,0.0842111432682825,0.453125,0.514323,0,-1.36361097535432,1.54802619546301
"1980-10-22",1980-10-22,0.010525635014309,5136000,-0.0278482587790163,0.5,0.09375,0.453125,0.514323,0,1.11327309381525,1.62229596111194
"1980-10-23",1980-10-23,-0.020834,3206400,-0.0481020681556144,0.489583,0.074467454956565,0.453125,0.514323,0,-1.72729176848426,1.47297548087033
"1980-10-24",1980-10-24,-0.0212752485278287,4204800,-0.0683539332287298,0.479167,0.0543484839314895,0.453125,0.514323,0,-1.42101859337106,1.32050333915756
"1980-10-27",1980-10-27,-0.0543484839314895,5769600,-0.118987484518484,0.453125,0,0.453125,0.513021,156,-1.74075548981682,0.924008312088622
"1980-10-28",1980-10-28,0.028736,4473600,-0.0936707088736066,0.466146,0.027933308448426,0.453125,0.466146,156,-0.787231608876107,1.12512265979109
"1980-10-29",1980-10-29,0.0223470758088668,6844800,-0.0734168994970086,0.476563,0.0491813254491011,0,0.476563,0,1.76066954402862,1.28186631348563
"1980-10-30",1980-10-30,-0.10382677631289,54960000,-0.169621035808237,0.427083,0,0,0.476563,159,-2.31038135593221,0.732776057475548
"1980-10-31",1980-10-31,0.0243910434271559,16579200,-0.149367226431639,0.4375,0.0238102857142858,0.427083,0.4375,159,-0.880593764328289,0.89919686022536
"1980-11-03",1980-11-03,0,18777600,-0.149367226431639,0.4375,0.0238102857142858,0,0.4375,0,-1,0.89919686022536
"1980-11-05",1980-11-05,0.0714285714285714,16108800,-0.0886077426053277,0.46875,0.0888896,0,0.46875,0,3.73324373620043,1.3744634861638
"1980-11-06",1980-11-06,-0.0611114666666667,20659200,-0.14430426016336,0.440104,0.0295861887190301,0.427083,0.46875,163,-1.62857393632195,0.940132985694324
"1980-11-07",1980-11-07,0.0177526221075019,7334400,-0.129113417055041,0.447917,0.0465130816646835,0.427083,0.46875,0,1.5721214417444,1.06143490748766
"1980-11-10",1980-11-10,-0.00581357706896589,8390400,-0.13417638332332,0.445313,0.0409374978947392,0.427083,0.46875,0,-1.03921332409722,1.02125534556081
"1980-11-11",1980-11-11,0.0175427171450193,8620800,-0.118987484518483,0.453125,0.057472,0.427083,0.46875,0,1.40389625540318,1.14106794660307
"1980-11-12",1980-11-12,0.0344827586206897,13440000,-0.0886077426053276,0.46875,0.0611114666666667,0.440104,0.46875,163,1.06332590942836,1.26955132948181
"1980-11-13",1980-11-13,0.0222229333333334,9753600,-0.0683539332287296,0.479167,0.0815227258972342,0,0.479167,0,1.3340004804974,1.4231347253855
"1980-11-14",1980-11-14,0.0434775349721496,12028800,-0.0278482587790162,0.5,0.119792,0,0.5,0,1.46943074684484,1.7206511080013
"1980-11-17",1980-11-17,0.0052080000000001,8515200,-0.0227852925107372,0.502604,0.124352372842238,0,0.502604,0,1.03806909344729,1.75699643216155
"1980-11-18",1980-11-18,0.0259070759484603,8467200,0,0.515625,0.14646496969697,0,0.515625,0,1.17782207407321,1.92656630020405
"1980-11-19",1980-11-19,-0.0151505454545455,10387200,-0.0151505454545455,0.507813,0.133334514870631,0.440104,0.515625,172,0,1.81975492101642
"1980-11-20",1980-11-20,-0.0102577129770209,11251200,-0.0252528484848484,0.502604,0.124352372842238,0.440104,0.515625,0,-1.66679467485918,1.74767699316717
"1980-11-21",1980-11-21,-0.015543051786297,10684800,-0.040403393939394,0.494792,0.110527251855325,0.440104,0.515625,0,-1.59995392058982,1.63824200625884
"1980-11-24",1980-11-24,-0.0157904735727336,8688000,-0.0555558787878789,0.486979,0.0962567174354541,0.440104,0.515625,0,-1.37503000048001,1.52711746198161
"1980-11-25",1980-11-25,0,5990400,-0.0555558787878789,0.486979,0.0962567174354541,0.440104,0.515625,0,-1,1.52711746198161
"1980-11-26",1980-11-26,0.00534725316697434,5654400,-0.0505056969696972,0.489583,0.101063558170933,0.440104,0.515625,0,1.04993771721649,1.56434535926896
"1980-11-28",1980-11-28,-0.0106376242639144,5088000,-0.0606060606060608,0.484375,0.0913981935483871,0.440104,0.515625,0,-1.1999846401966,1.48969436832048
"1980-12-01",1980-12-01,-0.075268129032258,5328000,-0.131312484848485,0.447917,0.0174429637633758,0.440104,0.515625,0,-2.166656,0.943337781609546
"1980-12-02",1980-12-02,0,12768000,-0.131312484848485,0.447917,0.0174429637633758,0.440104,0.515625,0,-1,0.943337781609546
"1980-12-03",1980-12-03,0.0116271541379318,7478400,-0.121212121212121,0.453125,0.028736,0.440104,0.515625,0,1.64742645744272,1.02413614529016
"1980-12-04",1980-12-04,0.0201158620689655,9398400,-0.103534545454546,0.46224,0.0478885427483559,0.440104,0.515625,0,1.66649995644334,1.16323574269448
"1980-12-05",1980-12-05,-0.0647888542748355,12278400,-0.161615515151515,0.432292,0,0.432292,0.507813,183,-1.56098154912428,0.763011222213958
"1980-12-08",1980-12-08,-0.0361445504427563,13363200,-0.191918545454546,0.416667,0,0.416667,0.432292,184,-1.187500750003,0.648563061679158
"1980-12-09",1980-12-09,0.043749565000348,20572800,-0.156565333333334,0.434896,0.0419157683676097,0.416667,0.434896,184,-0.815790537399706,0.940391720229544
"1980-12-10",1980-12-10,-0.0119752768477981,17558400,-0.166665696969697,0.429688,0.0303033829196999,0.416667,0.434896,186,-1.06451213318634,0.858387241865535
"1980-12-11",1980-12-11,-0.0303033829196999,23481600,-0.191918545454546,0.416667,0,0.416667,0.429688,187,-1.1515179724682,0.648563061679157
"1980-12-12",1980-12-12,0.0312503749997,12460800,-0.166665696969697,0.429688,0.0303033829196999,0.416667,0.429688,187,-0.868418925200591,0.858387241865534
"1980-12-15",1980-12-15,0,8544000,-0.166665696969697,0.429688,0.0303033829196999,0,0.429688,0,-1,0.858387241865534
"1980-12-16",1980-12-16,0.00606021112993613,16425600,-0.161615515151516,0.432292,0.0361445504427563,0,0.432292,0,1.19275628528124,0.899521573494473
"1980-12-17",1980-12-17,-0.0180734318469923,15753600,-0.176768,0.424479,0.0184037372873569,0.416667,0.432292,191,-1.0937563750255,0.775290517629043
"1980-12-18",1980-12-18,-0.00613457909578565,18508800,-0.181818181818182,0.421875,0.0123448888888888,0.416667,0.432292,0,-1.02856954775854,0.733334051199547
"1980-12-19",1980-12-19,-0.0493819259259259,31900800,-0.222221575757576,0.401042,0,0.401042,0.424479,193,-1.22221866666667,0.534114901144357
"1980-12-22",1980-12-22,0,19526400,-0.222221575757576,0.401042,0,0.401042,0.401042,193,-1,0.534114901144357
"1980-12-23",1980-12-23,0.0194792565367218,17145600,-0.207071030303031,0.408854,0.0191070651137081,0,0.408854,0,-0.931822347119555,0.663498678101544
"1980-12-24",1980-12-24,0.0191095109745778,11808000,-0.191918545454546,0.416667,0.037499970000024,0,0.416667,0,1.96262323788912,0.790192547037385
"1980-12-26",1980-12-26,0.024998380001296,4300800,-0.171717818181818,0.427083,0.0609740963700264,0,0.427083,0,1.62597720398142,0.955143266851608
"1980-12-29",1980-12-29,-0.0304858774523921,15782400,-0.196968727272727,0.414063,0.0314469054226048,0.401042,0.427083,198,-1.147048858169,0.748257924881326
"1980-12-30",1980-12-30,0.0125777961324726,8131200,-0.186868363636364,0.419271,0.0434778460709183,0.401042,0.427083,0,1.38257947758718,0.831843198046696
"1980-12-31",1980-12-31,0,6624000,-0.186868363636364,0.419271,0.0434778460709183,0.401042,0.427083,0,-1,0.831843198046696
"1981-01-02",1981-01-02,0,7795200,-0.186868363636364,0.419271,0.0434778460709183,0.401042,0.427083,0,-1,0.831843198046696
"1981-01-05",1981-01-05,0.0372670659311042,9187200,-0.156565333333333,0.434896,0.0479034067915087,0.414063,0.434896,198,1.10178886767692,0.963005768947115
"1981-01-06",1981-01-06,-0.0239528530959126,16099200,-0.176768,0.424479,0.0245383163831426,0.414063,0.434896,203,-1.12903665349503,0.798459530303586
"1981-01-07",1981-01-07,-0.0306752513080741,16857600,-0.202020848484848,0.411458,0,0.411458,0.424479,204,-1.14285871020122,0.610408791712709
"1981-01-08",1981-01-08,-0.0189861419634567,12556800,-0.217171393939394,0.403646,0,0.403646,0.411458,205,-1.07499496001613,0.553188373786445
"1981-01-09",1981-01-09,0,8332800,-0.217171393939394,0.403646,0,0.403646,0.403646,205,-1,0.553188373786445
"1981-01-12",1981-01-12,-0.0193560694271714,13574400,-0.232323878787879,0.395833,0,0,0.403646,207,-1.06977201082346,0.495960631177908
"1981-01-13",1981-01-13,-0.00657853185560576,14630400,-0.23737406060606,0.393229,0,0.393229,0.395833,208,-1.02173767864298,0.476887158535821
"1981-01-14",1981-01-14,0.00662209552194776,5702400,-0.232323878787879,0.395833,0.00657853185560575,0.393229,0.395833,208,-0.978724794927939,0.5208063598844
"1981-01-15",1981-01-15,0.00658105817352273,10051200,-0.227271757575757,0.398438,0.0130735522214247,0,0.398438,0,1.98730545179079,0.564417480614396
"1981-01-16",1981-01-16,0.0457511582730563,12768000,-0.191918545454545,0.416667,0.0562511549990761,0,0.416667,0,4.30266801603413,0.861011821860032
"1981-01-19",1981-01-19,0,7180800,-0.191918545454545,0.416667,0.0562511549990761,0,0.416667,0,-1,0.861011821860032
"1981-01-20",1981-01-20,-0.0312503749997,7017600,-0.217171393939394,0.403646,0.0258072667634511,0.393229,0.416667,213,-1.13158107479941,0.650656982700207
"1981-01-21",1981-01-21,-0.0064511973362798,8976000,-0.222221575757576,0.401042,0.0194817500411428,0.393229,0.416667,0,-1.02325436019254,0.607693366199209
"1981-01-22",1981-01-22,0,7286400,-0.222221575757576,0.401042,0.0194817500411428,0.393229,0.416667,0,-1,0.607693366199209
"1981-01-23",1981-01-23,0.0194792565367218,8803200,-0.20707103030303,0.408854,0.0382165760882858,0.393229,0.416667,0,1.96166032351188,0.735671274633626
"1981-01-26",1981-01-26,-0.0254760868182774,11760000,-0.227271757575757,0.398438,0.0130735522214247,0.393229,0.416667,0,-1.097554579427,0.564417480614396
"1981-01-27",1981-01-27,-0.0065380310110984,10070400,-0.232323878787879,0.395833,0.00657853185560575,0.393229,0.416667,0,-1.02222942817889,0.5208063598844
"1981-01-28",1981-01-28,0,6681600,-0.232323878787879,0.395833,0.00657853185560575,0.393229,0.416667,0,-1,0.5208063598844
"1981-01-29",1981-01-29,0,7516800,-0.232323878787879,0.395833,0.00657853185560575,0.393229,0.416667,0,-1,0.5208063598844
"1981-01-30",1981-01-30,-0.0197355955668173,8956800,-0.247474424242424,0.388021,0,0.388021,0.408854,221,-1.06521303592894,0.438740213251647
"1981-02-02",1981-02-02,-0.0335574620961237,17433600,-0.272727272727272,0.375,0,0.375,0.388021,222,-1.10204225572866,0.343365525358934
"1981-02-03",1981-02-03,0.0416666666666667,11328000,-0.242424242424242,0.390625,0.04,0.375,0.390625,222,-0.888888888888888,0.608885257799671
"1981-02-04",1981-02-04,0.02666752,8448000,-0.222221575757575,0.401042,0.0649358421312481,0,0.401042,0,1.6233960532812,0.779363894739445
"1981-02-05",1981-02-05,0.0259723420489624,11702400,-0.202020848484848,0.411458,0.0886068565928965,0,0.411458,0,1.36452925972384,0.94505821939103
"1981-02-06",1981-02-06,0.0126598583573537,10963200,-0.191918545454545,0.416667,0.100000719999424,0,0.416667,0,1.12858895851454,1.02624471073012
"1981-02-09",1981-02-09,0,9312000,-0.191918545454545,0.416667,0.100000719999424,0,0.416667,0,-1,1.02624471073012
"1981-02-10",1981-02-10,0.012499190000648,7132800,-0.181818181818182,0.421875,0.111111111111111,0,0.421875,0,1.11110311117511,1.1063532622576
"1981-02-11",1981-02-11,-0.0185173333333333,6374400,-0.196968727272727,0.414063,0.0943407162678144,0.375,0.421875,229,-1.083328,0.985794596569839
"1981-02-12",1981-02-12,-0.0314469054226048,6873600,-0.222221575757575,0.401042,0.0649358421312481,0.375,0.421875,0,-1.12820740040566,0.779363894739445
"1981-02-13",1981-02-13,0,5577600,-0.222221575757575,0.401042,0.0649358421312481,0.375,0.421875,0,-1,0.779363894739445
"1981-02-17",1981-02-17,0.0259723420489624,4819200,-0.202020848484848,0.411458,0.0886068565928965,0.375,0.421875,0,1.36452925972384,0.945058219391029
"1981-02-18",1981-02-18,0.00633114436953474,11040000,-0.196968727272727,0.414063,0.0943407162678144,0.375,0.421875,0,1.06471124126728,0.985794596569839
"1981-02-19",1981-02-19,0,13948800,-0.196968727272727,0.414063,0.0943407162678144,0.375,0.421875,0,-1,0.985794596569839
"1981-02-20",1981-02-20,-0.0440271166465007,16099200,-0.232323878787879,0.395833,0.0526307811627631,0.375,0.421875,0,-1.17949626828932,0.694736002200309
"1981-02-23",1981-02-23,-0.0131570637112115,12768000,-0.242424242424242,0.390625,0.04,0.375,0.421875,0,-1.04347535728596,0.608885257799671
"1981-02-24",1981-02-24,-0.00666623999999999,18921600,-0.247474424242424,0.388021,0.0335574620961236,0.375,0.421875,0,-1.020832,0.565479676952529
"1981-02-25",1981-02-25,-0.100672386288371,77721600,-0.32323296969697,0.348958,0,0.348958,0.414063,238,-1.30612676718598,0.152616149573507
"1981-02-26",1981-02-26,-0.0149244321666217,32524800,-0.333333333333333,0.34375,0,0.34375,0.348958,239,-1.03124793750412,0.114469204289332
"1981-02-27",1981-02-27,0.0606050909090909,36057600,-0.292929939393939,0.364583,0.0571419951012526,0.34375,0.364583,239,-0.878789818181818,0.482877585652998
"1981-03-02",1981-03-02,0.0285723689804517,19113600,-0.272727272727273,0.375,0.0833333333333334,0,0.375,0,1.45835533368534,0.658097966829635
"1981-03-03",1981-03-03,-0.020832,21110400,-0.287877818181818,0.367188,0.0638310620172773,0.34375,0.375,242,-1.055552,0.527221579317055
"1981-03-04",1981-03-04,-0.0141861934485877,17625600,-0.297980121212121,0.361979,0.0503592749855655,0.34375,0.375,0,-1.03509232873206,0.438187208269037
"1981-03-05",1981-03-05,-0.0287751499396373,8361600,-0.318180848484848,0.351563,0.0222236128375285,0.34375,0.375,0,-1.06779219764914,0.255630850017729
"1981-03-06",1981-03-06,0,14342400,-0.318180848484848,0.351563,0.0222236128375285,0.34375,0.375,0,-1,0.255630850017729
"1981-03-09",1981-03-09,0,10041600,-0.318180848484848,0.351563,0.0222236128375285,0.34375,0.375,0,-1,0.255630850017729
"1981-03-10",1981-03-10,0.0148138455980862,10646400,-0.308080484848485,0.356771,0.036496800468648,0.34375,0.375,0,1.64225325267621,0.347684617590444
"1981-03-11",1981-03-11,-0.0437955999786978,16310400,-0.338383515151515,0.341146,0,0.341146,0.367188,248,-1.09836075893588,0.0953957316472439
"1981-03-12",1981-03-12,0.0534345998487451,9216000,-0.303030303030303,0.359375,0.0507241739130435,0.341146,0.359375,248,-0.895523243484889,0.420491881990972
"1981-03-13",1981-03-13,0.0144918260869565,10569600,-0.292929939393939,0.364583,0.0642844016314529,0,0.364583,0,1.26733264777571,0.509852950195711
"1981-03-16",1981-03-16,0.00714514938985094,13670400,-0.287877818181818,0.367188,0.0709227970412977,0,0.367188,0,1.10326603719364,0.554005568257533
"1981-03-17",1981-03-17,-0.0425531335446692,17577600,-0.318180848484848,0.351563,0.0296305356365716,0.341146,0.367188,252,-1.10526351246657,0.283605236773663
"1981-03-18",1981-03-18,0.0148138455980862,20755200,-0.308080484848485,0.356771,0.0437955999786979,0.341146,0.367188,0,1.47805630366813,0.375250645465682
"1981-03-19",1981-03-19,-0.00729879951004985,8572800,-0.313130666666667,0.354167,0.0367651418681018,0.341146,0.367188,0,-1.01639241064122,0.329624613873929
"1981-03-20",1981-03-20,0.0294098546730779,14764800,-0.292929939393939,0.364583,0.0642844016314529,0.341146,0.367188,0,1.74851498906434,0.509852950195711
"1981-03-23",1981-03-23,0.00714514938985094,8054400,-0.287877818181818,0.367188,0.0425531335446692,0.351563,0.367188,252,-0.982753141510309,0.446859326785579
"1981-03-24",1981-03-24,0.00709173502402038,14227200,-0.282827636363637,0.369792,0.0492952795084804,0,0.369792,0,1.15844064589824,0.491396464146973
"1981-03-25",1981-03-25,0.0422534830391139,11875200,-0.252524606060606,0.385417,0.0878373294379854,0,0.385417,0,1.78186086606679,0.751409826364959
"1981-03-26",1981-03-26,-0.0135152315543944,15964800,-0.262626909090909,0.380208,0.0753403400244076,0.351563,0.385417,259,-1.04000522241337,0.666057060528483
"1981-03-27",1981-03-27,0,17241600,-0.262626909090909,0.380208,0.0753403400244076,0.351563,0.385417,0,-1,0.666057060528483
"1981-03-30",1981-03-30,0,5318400,-0.262626909090909,0.380208,0.0753403400244076,0.351563,0.385417,0,-1,0.666057060528483
"1981-03-31",1981-03-31,-0.00684888271682867,4742400,-0.267677090909091,0.377604,0.0689637821633244,0.351563,0.385417,0,-1.01922949112741,0.62290067240082
"1981-04-01",1981-04-01,0.00689611338862935,8246400,-0.262626909090909,0.380208,0.0753403400244076,0.351563,0.385417,0,1.09246241521357,0.666057060528483
"1981-04-02",1981-04-02,0.00685151285612092,9792000,-0.257574787878788,0.382813,0.081632546439123,0.351563,0.385417,0,1.08351709605607,0.708902195698537
"1981-04-03",1981-04-03,-0.0136071659008446,13968000,-0.267677090909091,0.377604,0.0689637821633244,0.351563,0.385417,0,-1.03922085353733,0.62290067240082
"1981-04-06",1981-04-06,-0.00689611338862935,10358400,-0.272727272727273,0.375,0.0624986666666666,0.351563,0.385417,0,-1.01886669419871,0.579409820742894
"1981-04-07",1981-04-07,-0.020832,19910400,-0.287877818181818,0.367188,0.0425531335446692,0.351563,0.385417,0,-1.055552,0.446859326785579
"1981-04-08",1981-04-08,0.00709173502402038,33004800,-0.282827636363637,0.369792,0.0492952795084804,0.351563,0.385417,0,1.15844064589824,0.491396464146973
"1981-04-09",1981-04-09,-0.00704179646936655,14505600,-0.287877818181818,0.367188,0.0425531335446692,0.351563,0.385417,0,-1.01785604081381,0.446859326785579
"1981-04-10",1981-04-10,0.0212752050720611,1.2e+07,-0.272727272727273,0.375,0.0624986666666666,0.351563,0.385417,0,1.468720666624,0.579409820742894
"1981-04-13",1981-04-13,0.0625013333333334,8256000,-0.227271757575758,0.398438,0.0784312741254599,0.367188,0.398438,259,1.25492715778673,0.811259825220235
"1981-04-14",1981-04-14,0.00653552121032631,8668800,-0.222221575757576,0.401042,0.0844150986679699,0,0.401042,0,1.0762938586582,0.852932942353481
"1981-04-15",1981-04-15,0.0064930855122406,8889600,-0.217171393939394,0.403646,0.0903217175445811,0,0.403646,0,1.06997111855361,0.894314469954042
"1981-04-16",1981-04-16,0.0129023946725596,37344000,-0.207071030303031,0.408854,0.101909238994849,0,0.408854,0,1.12829164198022,0.97622504223786
"1981-04-20",1981-04-20,0,6758400,-0.207071030303031,0.408854,0.101909238994849,0,0.408854,0,-1,0.97622504223786
"1981-04-21",1981-04-21,0.0191095109745778,12691200,-0.191918545454546,0.416667,0.118749505000396,0,0.416667,0,1.16524768678135,1.0970549212657
"1981-04-22",1981-04-22,0.012499190000648,14544000,-0.181818181818182,0.421875,0.129628444444444,0,0.421875,0,1.09161250351328,1.17628932861192
"1981-04-23",1981-04-23,-0.0185173333333333,5760000,-0.196968727272728,0.414063,0.113207410466523,0.367188,0.421875,278,-1.083328,1.05705012530153
"1981-04-24",1981-04-24,0.00628889806623629,18451200,-0.191918545454546,0.416667,0.118749505000396,0.367188,0.421875,0,1.04895522749822,1.0970549212657
"1981-04-27",1981-04-27,-0.018751184999052,9062400,-0.207071030303031,0.408854,0.101909238994849,0.367188,0.421875,0,-1.07895268699852,0.97622504223786
"1981-04-28",1981-04-28,-0.0127380434091387,14774400,-0.217171393939394,0.403646,0.0903217175445811,0.367188,0.421875,0,-1.0487772897135,0.894314469954042
"1981-04-29",1981-04-29,-0.0129023946725596,11712000,-0.227271757575758,0.398438,0.0784312741254599,0.367188,0.421875,0,-1.04650872038507,0.811259825220236
"1981-04-30",1981-04-30,-0.0130735522214247,7852800,-0.237374060606061,0.393229,0.0662234982669131,0.367188,0.421875,0,-1.04445032298804,0.726999358043136
"1981-05-01",1981-05-01,-0.00662209552194776,13948800,-0.242424242424243,0.390625,0.0599987199999999,0.367188,0.421875,0,-1.02127520507206,0.684416209462336
"1981-05-04",1981-05-04,-0.01999872,7977600,-0.257574787878788,0.382813,0.0408162732195615,0.367188,0.421875,0,-1.062496,0.554747731833003
"1981-05-05",1981-05-05,-0.00680488907116536,7324800,-0.262626909090909,0.380208,0.0342444135841433,0.367188,0.421875,0,-1.01961419148872,0.510846405371945
"1981-05-06",1981-05-06,0,5443200,-0.262626909090909,0.380208,0.0342444135841433,0.367188,0.421875,0,-1,0.510846405371945
"1981-05-07",1981-05-07,0,6307200,-0.262626909090909,0.380208,0.0342444135841433,0.367188,0.421875,0,-1,0.510846405371945
"1981-05-08",1981-05-08,0,14294400,-0.262626909090909,0.380208,0.0342444135841433,0.367188,0.421875,0,-1,0.510846405371945
"1981-05-11",1981-05-11,-0.0273955308673147,6624000,-0.282827636363637,0.369792,0.00704179646936653,0.367188,0.421875,0,-1.07691796450963,0.331813961616478
"1981-05-12",1981-05-12,0,6662400,-0.282827636363637,0.369792,0.00704179646936653,0.367188,0.421875,0,-1,0.331813961616478
"1981-05-13",1981-05-13,-0.00704179646936655,4752000,-0.287877818181818,0.367188,0,0.367188,0.416667,292,-1.01785604081381,0.286145107432668
"1981-05-14",1981-05-14,0.0212752050720611,10608000,-0.272727272727273,0.375,0.020832,0.367188,0.375,292,-0.947371612199115,0.422043600007543
"1981-05-15",1981-05-15,0.00694399999999999,10176000,-0.267677090909091,0.377604,0.0275844535545173,0,0.377604,0,1.32413851548183,0.4666196669672
"1981-05-18",1981-05-18,0,10771200,-0.267677090909091,0.377604,0.0275844535545173,0,0.377604,0,-1,0.4666196669672
"1981-05-19",1981-05-19,-0.0137922267772587,10262400,-0.277777454545455,0.372396,0.0139851126220475,0.367188,0.377604,296,-1.03773338839742,0.3771108763942
"1981-05-20",1981-05-20,0.041958023179626,9628800,-0.247474424242424,0.388021,0.0402684390793282,0.372396,0.388021,296,2.87937896301565,0.590825622999458
"1981-05-21",1981-05-21,0.00671097698320451,10137600,-0.242424242424243,0.390625,0.04666624,0,0.390625,0,1.15887879110656,0.634062241687224
"1981-05-22",1981-05-22,0.00666623999999999,15014400,-0.237374060606061,0.393229,0.0529793072230176,0,0.393229,0,1.13528124877894,0.67697883905254
"1981-05-26",1981-05-26,0.0331130206571743,13814400,-0.212121212121212,0.40625,0.0833329230769231,0,0.40625,0,1.57293342334831,0.886992738447214
"1981-05-27",1981-05-27,0.0512812307692307,14918400,-0.171717818181819,0.427083,0.128047709695773,0,0.427083,0,1.53658008105122,1.2084661718149
"1981-05-28",1981-05-28,0.012196692446199,14726400,-0.161615515151516,0.432292,0.138554495572437,0,0.432292,0,1.08205368062909,1.28630235823301
"1981-05-29",1981-05-29,-0.0120497256484044,27091200,-0.171717818181819,0.427083,0.128047709695773,0.372396,0.432292,303,-1.062508250033,1.2084661718149
"1981-06-01",1981-06-01,-0.0182915264714353,11155200,-0.186868363636364,0.419271,0.111801197793313,0.372396,0.432292,0,-1.0882293149014,1.0898861016113
"1981-06-02",1981-06-02,-0.0372670659311042,10896000,-0.217171393939394,0.403646,0.0774193228720215,0.372396,0.432292,0,-1.16216244265936,0.845584843840683
"1981-06-03",1981-06-03,-0.0193560694271714,13766400,-0.232323878787879,0.395833,0.0592093130183688,0.372396,0.432292,0,-1.06977201082346,0.719581730906798
"1981-06-04",1981-06-04,-0.0197355955668173,8601600,-0.247474424242424,0.388021,0.0402684390793282,0.372396,0.432292,0,-1.06521303592894,0.590825622999458
"1981-06-05",1981-06-05,-0.00671097698320451,8419200,-0.252524606060606,0.385417,0.0337841869974599,0.372396,0.432292,0,-1.02040688379675,0.547262496491316
"1981-06-08",1981-06-08,-0.0135152315543944,4233600,-0.262626909090909,0.380208,0.020546648150486,0.372396,0.432292,0,-1.04000522241337,0.45911283148041
"1981-06-09",1981-06-09,-0.00684888271682867,5865600,-0.267677090909091,0.377604,0.0137922267772587,0.372396,0.432292,0,-1.01922949112741,0.41452933248411
"1981-06-10",1981-06-10,-0.00689611338862935,10780800,-0.272727272727273,0.375,0.00694399999999995,0.372396,0.432292,0,-1.01886669419871,0.369591550241801
"1981-06-11",1981-06-11,0.0277786666666667,10320000,-0.252524606060607,0.385417,0.0337841869974599,0.372396,0.432292,0,4.86523430262963,0.547262496491315
"1981-06-12",1981-06-12,0.0135126369620437,11241600,-0.242424242424243,0.390625,0.04666624,0.372396,0.432292,0,1.38130421796175,0.634062241687224
"1981-06-15",1981-06-15,-0.02666752,7324800,-0.26262690909091,0.380208,0.020546648150486,0.372396,0.432292,0,-1.083336,0.459112831480409
"1981-06-16",1981-06-16,-0.0273955308673147,18537600,-0.282827636363637,0.369792,0,0.369792,0.427083,315,-1.07691796450963,0.305218580074755
"1981-06-17",1981-06-17,0,7929600,-0.282827636363637,0.369792,0,0.369792,0.369792,315,-1,0.305218580074755
"1981-06-18",1981-06-18,-0.0211280936310142,12499200,-0.297980121212122,0.361979,0,0,0.369792,317,-1.05357497959995,0.247990837466218
"1981-06-19",1981-06-19,0.00719378748490933,10963200,-0.29292993939394,0.364583,0.00714240653020026,0.361979,0.364583,317,-0.983051950587715,0.29403967465102
"1981-06-22",1981-06-22,-0.00714240653020024,3446400,-0.297980121212122,0.361979,0,0,0.364583,319,-1.01724023781465,0.247990837466218
"1981-06-23",1981-06-23,0.0143903375610188,9868800,-0.287877818181819,0.367188,0.0141861934485877,0.361979,0.367188,319,-0.966097392707913,0.339723371023664
"1981-06-24",1981-06-24,0,4521600,-0.287877818181819,0.367188,0.0141861934485877,0,0.367188,0,-1,0.339723371023664
"1981-06-25",1981-06-25,-0.0141861934485877,4041600,-0.297980121212122,0.361979,0,0,0.367188,322,-1.03509232873206,0.247990837466218
"1981-06-26",1981-06-26,0.0791371875164029,15321600,-0.242424242424243,0.390625,0.07333376,0.361979,0.390625,322,-0.813558439529829,0.734779845818048
"1981-06-29",1981-06-29,0.00666623999999999,14976000,-0.237374060606061,0.393229,0.0794702323582441,0,0.393229,0,1.08367868166373,0.777029481588068
"1981-06-30",1981-06-30,-0.0463572117010699,10243200,-0.272727272727273,0.375,0.0347226666666667,0.361979,0.393229,325,-1.14893460570607,0.474505721211411
"1981-07-01",1981-07-01,-0.020832,11414400,-0.287877818181819,0.367188,0.0141861934485877,0.361979,0.393229,0,-1.055552,0.339723371023664
"1981-07-02",1981-07-02,-0.0425531335446692,17097600,-0.318180848484849,0.351563,0,0.351563,0.375,327,-1.10526351246657,0.171696946897867
"1981-07-06",1981-07-06,-0.00740976723944222,13142400,-0.32323296969697,0.348958,0,0.348958,0.351563,328,-1.01587814362863,0.152616149573505
"1981-07-07",1981-07-07,-0.0298488643332435,9484800,-0.343433696969697,0.338542,0,0.338542,0.348958,329,-1.06249587500825,0.0763222590051544
"1981-07-08",1981-07-08,0.00769180781114306,13977600,-0.338383515151516,0.341146,0.00763309550749536,0.338542,0.341146,329,-0.985295031143588,0.124224325067878
"1981-07-09",1981-07-09,0.0228992865224859,10329600,-0.32323296969697,0.348958,0.0298488643332435,0,0.348958,0,3.91045340700025,0.265349020934258
"1981-07-10",1981-07-10,0.0223895139243118,7238400,-0.308080484848485,0.356771,0.0510943994887477,0,0.356771,0,1.71177030115154,0.402816673340917
"1981-07-13",1981-07-13,0,3446400,-0.308080484848485,0.356771,0.0510943994887477,0,0.356771,0,-1,0.402816673340917
"1981-07-14",1981-07-14,-0.0145975990200997,9676800,-0.318180848484849,0.351563,0.0370374584356147,0.338542,0.356771,334,-1.03278482128244,0.311579623529594
"1981-07-15",1981-07-15,0.0222207683971293,6902400,-0.303030303030304,0.359375,0.0217377391304348,0.351563,0.359375,334,-0.952383854884129,0.311016225327029
"1981-07-16",1981-07-16,0.036232347826087,8448000,-0.277777454545455,0.372396,0.0559431358016734,0,0.372396,0,2.57354895401004,0.535577489289494
"1981-07-17",1981-07-17,0.00699255631102374,6748800,-0.272727272727273,0.375,0.0624986666666666,0,0.375,0,1.11718204156866,0.579409820742892
"1981-07-20",1981-07-20,-0.0416666666666667,9792000,-0.303030303030304,0.359375,0.0217377391304348,0.351563,0.375,338,-1.11111111111111,0.311016225327029
"1981-07-21",1981-07-21,-0.0289864347826087,7593600,-0.32323296969697,0.348958,0,0.348958,0.359375,339,-1.0666688,0.152616149573505
"1981-07-22",1981-07-22,-0.0149244321666217,6460800,-0.333333333333334,0.34375,0,0.34375,0.348958,340,-1.03124793750413,0.114469204289329
"1981-07-23",1981-07-23,0.0151505454545454,7612800,-0.32323296969697,0.348958,0.0149244321666218,0.34375,0.348958,340,-0.969698909090909,0.208982585253882
"1981-07-24",1981-07-24,0,4358400,-0.32323296969697,0.348958,0.0149244321666218,0,0.348958,0,-1,0.208982585253882
"1981-07-27",1981-07-27,0.0298517300076227,6172800,-0.303030303030304,0.359375,0.0434782608695652,0,0.359375,0,2.91322714218927,0.393125595156669
"1981-07-28",1981-07-28,-0.0217377391304347,8400000,-0.318180848484849,0.351563,0.0222236128375285,0.34375,0.359375,344,-1.0499968,0.255630850017726
"1981-07-29",1981-07-29,0,5174400,-0.318180848484849,0.351563,0.0222236128375285,0.34375,0.359375,0,-1,0.255630850017726
"1981-07-30",1981-07-30,-0.0148166900384853,7190400,-0.328283151515152,0.346354,0.00751831940731162,0.34375,0.359375,0,-1.03175019200058,0.161937785205254
"1981-07-31",1981-07-31,0.0150395260340577,8745600,-0.318180848484849,0.351563,0.0222236128375285,0.34375,0.359375,0,2.95592826448898,0.255630850017727
"1981-08-03",1981-08-03,-0.0148166900384853,4694400,-0.328283151515152,0.346354,0.00751831940731162,0.34375,0.359375,0,-1.03175019200059,0.161937785205254
"1981-08-04",1981-08-04,-0.0225549582219347,12451200,-0.343433696969698,0.338542,0,0.338542,0.351563,349,-1.04615084686686,0.0763222590051536
"1981-08-05",1981-08-05,0,6249600,-0.343433696969698,0.338542,0,0.338542,0.338542,349,-1,0.0763222590051536
"1981-08-06",1981-08-06,0,13315200,-0.343433696969698,0.338542,0,0,0.338542,0,-1,0.0763222590051536
"1981-08-07",1981-08-07,-0.0307701850878178,4444800,-0.363636363636364,0.328125,0,0,0.338542,352,-1.0588255224951,2.10437545288008e-05
"1981-08-10",1981-08-10,0,0,-0.363636363636364,0.328125,0,0.328125,0.328125,352,-1,2.10437545288008e-05
"1981-08-11",1981-08-11,0.015872,7939200,-0.353536000000001,0.333333,0.0156240156240156,0,0.333333,0,-0.972224000000001,0.0971766040337774
"1981-08-12",1981-08-12,-0.0312480312480312,4041600,-0.373736727272728,0.322917,0,0,0.333333,355,-1.05713909551708,-0.0381259015296468
"1981-08-13",1981-08-13,0.0161279833517591,8083200,-0.363636363636364,0.328125,0.015872,0.322917,0.328125,355,-0.972974655956162,0.059966243486804
"1981-08-14",1981-08-14,-0.023808,5616000,-0.37878690909091,0.320313,0,0,0.328125,357,-1.041664,-0.0571993741717342
"1981-08-17",1981-08-17,-0.00813267023192947,5328000,-0.383839030303031,0.317708,0,0.317708,0.320313,358,-1.01333763414434,-0.0762801714960964
"1981-08-18",1981-08-18,-0.00819620532060885,4857600,-0.388889212121213,0.315104,0,0.315104,0.317708,359,-1.01315703047237,-0.0953536441381838
"1981-08-19",1981-08-19,0.01653105006601,3484800,-0.37878690909091,0.320313,0.0162622185175126,0.315104,0.320313,359,-0.974022670942196,0.00421959868122744
"1981-08-20",1981-08-20,0.0243886448567494,5577600,-0.363636363636364,0.328125,0.0396830476190476,0,0.328125,0,2.44019889268572,0.14989555330022
"1981-08-21",1981-08-21,-0.0396830476190476,8476800,-0.388889212121213,0.315104,0,0,0.328125,362,-1.06944533333333,-0.0953536441381838
"1981-08-24",1981-08-24,-0.0165278765106123,6441600,-0.398989575757576,0.309896,0,0.309896,0.315104,363,-1.02597234204896,-0.133500589422359
"1981-08-25",1981-08-25,-0.0168056380204972,13132800,-0.40908993939394,0.304688,0,0.304688,0.309896,364,-1.02531485595128,-0.171647534706535
"1981-08-26",1981-08-26,-0.0256426245864623,8035200,-0.424242424242425,0.296875,0,0.296875,0.304688,365,-1.03703949520473,-0.228875277315072
"1981-08-27",1981-08-27,-0.0175427368421052,15868800,-0.434342787878788,0.291667,0,0.291667,0.296875,366,-1.023808,-0.267022222599248
"1981-08-28",1981-08-28,0,19776000,-0.434342787878788,0.291667,0,0.291667,0.291667,366,-1,-0.267022222599248
"1981-08-31",1981-08-31,0,5510400,-0.434342787878788,0.291667,0,0,0.291667,0,-1,-0.267022222599248
"1981-09-01",1981-09-01,0.0178559795931661,5856000,-0.424242424242425,0.296875,0.0175427368421053,0,0.296875,0,-0.976745639807464,-0.162620056558347
"1981-09-02",1981-09-02,-0.0175427368421052,8188800,-0.434342787878788,0.291667,0,0,0.296875,370,-1.023808,-0.267022222599248
"1981-09-03",1981-09-03,-0.0535713673470087,30518400,-0.464645818181819,0.276042,0,0.276042,0.291667,371,-1.06976754570053,-0.381470383134048
"1981-09-04",1981-09-04,0.0283000412980633,10867200,-0.449495272727273,0.283854,0.0275211904711576,0.276042,0.283854,371,-0.967393345938568,-0.220308227577773
"1981-09-08",1981-09-08,-0.0458721737231112,8352000,-0.474748121212122,0.270833,0,0,0.283854,373,-1.05618045398259,-0.419624653100498
"1981-09-09",1981-09-09,0.0384628165696204,7113600,-0.454545454545455,0.28125,0.0370382222222223,0.270833,0.28125,373,-0.957445504755058,-0.20343787655706
"1981-09-10",1981-09-10,0.0462968888888889,7392000,-0.429292606060607,0.294271,0.0796476717039736,0,0.294271,0,2.15041832262096,0.0528637241170218
"1981-09-11",1981-09-11,0.0619463011985551,10540800,-0.393939393939395,0.3125,0.1333344,0,0.3125,0,1.6740527016981,0.389148818148101
"1981-09-14",1981-09-14,-0.0333344,9369600,-0.414142060606061,0.302083,0.103448390012017,0.270833,0.3125,377,-1.05128369230769,0.199974440225446
"1981-09-15",1981-09-15,-0.0603443424489296,9888000,-0.449495272727273,0.283854,0.0458721737231111,0.270833,0.3125,0,-1.08536493991814,-0.15100043043047
"1981-09-16",1981-09-16,-0.0275211904711577,15100800,-0.464645818181819,0.276042,0.0188703168358438,0.270833,0.3125,0,-1.03370568362737,-0.310201172465199
"1981-09-17",1981-09-17,-0.0471703581339072,21830400,-0.489898666666667,0.263021,0,0.263021,0.302083,380,-1.05434859735457,-0.476845071026761
"1981-09-18",1981-09-18,0.00990035016215433,15580800,-0.484848484848485,0.265625,0.00980329411764702,0.263021,0.265625,380,-0.989691374641732,-0.420746622079444
"1981-09-21",1981-09-21,0.0196065882352941,8419200,-0.474748121212122,0.270833,0.0288443431930377,0,0.270833,0,2.94231131361393,-0.310685646431335
"1981-09-22",1981-09-22,-0.0384591242573836,11520000,-0.494948848484849,0.260417,0,0,0.270833,383,-1.04255041014412,-0.495918543668848
"1981-09-23",1981-09-23,-0.0300018815975916,27763200,-0.510101333333334,0.252604,0,0.252604,0.260417,384,-1.03061424406758,-0.553146286277386
"1981-09-24",1981-09-24,-0.0206172507165365,20256000,-0.520201696969697,0.247396,0,0.247396,0.252604,385,-1.01980070032431,-0.591293231561561
"1981-09-25",1981-09-25,-0.0421065821597763,12662400,-0.540404363636364,0.236979,0,0.236979,0.247396,386,-1.038836218306,-0.667594446812186
"1981-09-28",1981-09-28,0.0439574814646024,12835200,-0.520201696969697,0.247396,0.0421065821597763,0.236979,0.247396,386,-0.962615648528958,-0.432265542699964
"1981-09-29",1981-09-29,0.021051270028618,11568000,-0.510101333333334,0.252604,0.0618557109151082,0,0.252604,0,1.46902711505751,-0.319530299294771
"1981-09-30",1981-09-30,0,12499200,-0.510101333333334,0.252604,0.0618557109151082,0,0.252604,0,-1,-0.319530299294771
"1981-10-01",1981-10-01,0,6681600,-0.510101333333334,0.252604,0.0618557109151082,0,0.252604,0,-1,-0.319530299294771
"1981-10-02",1981-10-02,0.0309298348403035,10732800,-0.494948848484849,0.260417,0.0900018047976899,0,0.260417,0,1.4550282175434,-0.156000690539891
"1981-10-05",1981-10-05,0.0599999232000983,12652800,-0.464645818181819,0.276042,0.141511074401722,0,0.276042,0,1.57231374103904,0.152987128165103
"1981-10-06",1981-10-06,-0.0471703581339072,16569600,-0.489898666666667,0.263021,0.0990111055771212,0.236979,0.276042,393,-1.05434859735457,-0.102900987134752
"1981-10-07",1981-10-07,0.00990035016215433,9494400,-0.484848484848485,0.265625,0.107843764705882,0.236979,0.276042,0,1.08920877185723,-0.0504684220253821
"1981-10-08",1981-10-08,0,30288000,-0.484848484848485,0.265625,0.107843764705882,0.236979,0.276042,0,-1,-0.0504684220253821
"1981-10-09",1981-10-09,-0.00980329411764704,16694400,-0.489898666666667,0.263021,0.0990111055771212,0.236979,0.276042,0,-1.010416,-0.102900987134752
"1981-10-12",1981-10-12,0,10156800,-0.489898666666667,0.263021,0.0990111055771212,0.236979,0.276042,0,-1,-0.102900987134752
"1981-10-13",1981-10-13,0.0198007003243087,7315200,-0.479798303030304,0.268229,0.116504926760343,0.236979,0.276042,0,1.17668544433731,0.00131643476919008
"1981-10-14",1981-10-14,-0.0388324901483433,4320000,-0.499999030303031,0.257813,0.0808105099432536,0.236979,0.276042,0,-1.04210254005724,-0.209787747219745
"1981-10-15",1981-10-15,0,5452800,-0.499999030303031,0.257813,0.0808105099432536,0.236979,0.276042,0,-1,-0.209787747219745
"1981-10-16",1981-10-16,0,7132800,-0.499999030303031,0.257813,0.0808105099432536,0.236979,0.276042,0,-1,-0.209787747219745
"1981-10-19",1981-10-19,-0.0202045668759916,9888000,-0.510101333333334,0.252604,0.0618557109151082,0.236979,0.276042,0,-1.02020464524537,-0.319530299294771
"1981-10-20",1981-10-20,0,11241600,-0.510101333333334,0.252604,0.0618557109151082,0.236979,0.276042,0,-1,-0.319530299294771
"1981-10-21",1981-10-21,0.0412384601985717,11961600,-0.489898666666667,0.263021,0.0990111055771212,0.236979,0.276042,0,1.600678484045,-0.102900987134752
"1981-10-22",1981-10-22,-0.0198007003243087,19507200,-0.499999030303031,0.257813,0.0808105099432536,0.236979,0.276042,0,-1.02061725071654,-0.209787747219745
"1981-10-23",1981-10-23,0,9436800,-0.499999030303031,0.257813,0.0808105099432536,0.236979,0.276042,0,-1,-0.209787747219745
"1981-10-26",1981-10-26,0,8380800,-0.499999030303031,0.257813,0.0808105099432536,0.236979,0.276042,0,-1,-0.209787747219745
"1981-10-27",1981-10-27,0.0303010321434528,14121600,-0.484848484848485,0.265625,0.107843764705882,0.236979,0.276042,0,1.33452647163855,-0.0504684220253821
"1981-10-28",1981-10-28,0.0490202352941177,13756800,-0.459595636363637,0.278646,0.0934590842861552,0.252604,0.278646,393,-0.947916,-0.00942164119198781
"1981-10-29",1981-10-29,-0.00934519067203547,11721600,-0.464645818181819,0.276042,0.0849073691684599,0.252604,0.278646,410,-1.01098831542035,-0.0607931399671256
"1981-10-30",1981-10-30,0.0754703994319705,9139200,-0.424242424242425,0.296875,0.0701743157894736,0.276042,0.296875,410,-0.913044748583998,0.0361583275284119
"1981-11-02",1981-11-02,0.00877136842105262,12336000,-0.419192242424243,0.299479,0.0782592435529703,0,0.299479,0,1.11521206402285,0.0857668688199349
"1981-11-03",1981-11-03,0.0260886406058522,13622400,-0.404039757575758,0.307292,0.101694804941229,0,0.307292,0,1.29946061735692,0.231505788864028
"1981-11-04",1981-11-04,-0.0254253283521862,8505600,-0.419192242424243,0.299479,0.0782592435529703,0.276042,0.307292,414,-1.03750246000394,0.0857668688199349
"1981-11-05",1981-11-05,0.00869510049118634,11731200,-0.414142060606061,0.302083,0.0862047847776934,0.276042,0.307292,0,1.10152846953274,0.134848976523581
"1981-11-06",1981-11-06,0,15571200,-0.414142060606061,0.302083,0.0862047847776934,0.276042,0.307292,0,-1,0.134848976523581
"1981-11-09",1981-11-09,0.00862345779140178,7699200,-0.40908993939394,0.304688,0.0940174867405346,0.276042,0.307292,0,1.09062956288318,0.183436703006918
"1981-11-10",1981-11-10,-0.00854972955941824,9984000,-0.414142060606061,0.302083,0.0862047847776934,0.276042,0.307292,0,-1.0123496589029,0.134848976523581
"1981-11-11",1981-11-11,-0.0172402948858426,9724800,-0.424242424242425,0.296875,0.0701743157894736,0.276042,0.307292,0,-1.02438864485675,0.0361583275284123
"1981-11-12",1981-11-12,0,11020800,-0.424242424242425,0.296875,0.0701743157894736,0.276042,0.307292,0,-1,0.0361583275284123
"1981-11-13",1981-11-13,-0.061402947368421,9513600,-0.459595636363637,0.278646,0.00934519067203543,0.276042,0.307292,0,-1.08333257142857,-0.327102094377333
"1981-11-16",1981-11-16,-0.0280391607990067,5721600,-0.474748121212122,0.270833,0,0.270833,0.304688,422,-1.03296916604425,-0.419624653100498
"1981-11-17",1981-11-17,0.0192332544409286,9302400,-0.464645818181819,0.276042,0.0188703168358438,0.270833,0.276042,422,-0.978720709827118,-0.310201172465198
"1981-11-18",1981-11-18,-0.0471703581339072,11260800,-0.489898666666667,0.263021,0,0,0.276042,424,-1.05434859735457,-0.47684507102676
"1981-11-19",1981-11-19,-0.00990035016215433,20745600,-0.494948848484849,0.260417,0,0.260417,0.263021,425,-1.01030862535827,-0.495918543668848
"1981-11-20",1981-11-20,-0.0300018815975916,10867200,-0.510101333333334,0.252604,0,0.252604,0.260417,426,-1.03061424406758,-0.553146286277385
"1981-11-23",1981-11-23,0.0103086253582683,8995200,-0.505051151515152,0.255208,0.0102034418983731,0.252604,0.255208,426,-0.990099649837846,-0.495536563474345
"1981-11-24",1981-11-24,0,9504000,-0.505051151515152,0.255208,0.0102034418983731,0,0.255208,0,-1,-0.495536563474345
"1981-11-25",1981-11-25,-0.0204068837967461,11644800,-0.515151515151516,0.25,0,0,0.255208,429,-1.01999869440167,-0.572219758919473
"1981-11-27",1981-11-27,0,5404800,-0.515151515151516,0.25,0,0.25,0.25,429,-1,-0.572219758919473
"1981-11-30",1981-11-30,0.041668,10761600,-0.494948848484849,0.260417,0.0400012287984272,0,0.260417,0,-0.960783058823529,-0.344842330850163
"1981-12-01",1981-12-01,0,6748800,-0.494948848484849,0.260417,0.0400012287984272,0,0.260417,0,-1,-0.344842330850163
"1981-12-02",1981-12-02,0.00999934720083556,16176000,-0.489898666666667,0.263021,0.0495055527885606,0,0.263021,0,1.23760080066608,-0.289873029080756
"1981-12-03",1981-12-03,-0.00990035016215433,9091200,-0.494948848484849,0.260417,0.0400012287984272,0.25,0.263021,434,-1.01030862535827,-0.344842330850163
"1981-12-04",1981-12-04,0.00999934720083556,16838400,-0.489898666666667,0.263021,0.00990035016215429,0.260417,0.263021,434,-0.989796558101627,-0.439453534491365
"1981-12-07",1981-12-07,-0.029704852464252,12115200,-0.505051151515152,0.255208,0,0,0.263021,436,-1.0309298348403,-0.534072813635298
"1981-12-08",1981-12-08,0,6556800,-0.505051151515152,0.255208,0,0.255208,0.255208,436,-1,-0.534072813635298
"1981-12-09",1981-12-09,0.010207360270838,6278400,-0.499999030303031,0.257813,0.010104222828174,0,0.257813,0,-0.989996812804079,-0.476830495672433
"1981-12-10",1981-12-10,0.0303010321434528,7161600,-0.484848484848485,0.265625,0.0392169411764707,0,0.265625,0,3.88124270845655,-0.309657474662871
"1981-12-11",1981-12-11,-0.00980329411764704,9139200,-0.489898666666667,0.263021,0.0297048524642519,0.255208,0.265625,440,-1.010416,-0.364656102151549
"1981-12-14",1981-12-14,-0.029704852464252,10425600,-0.505051151515152,0.255208,0,0.255208,0.263021,441,-1.0309298348403,-0.534072813635298
"1981-12-15",1981-12-15,0,15561600,-0.505051151515152,0.255208,0,0.255208,0.255208,441,-1,-0.534072813635298
"1981-12-16",1981-12-16,0,4300800,-0.505051151515152,0.255208,0,0,0.255208,0,-1,-0.534072813635298
"1981-12-17",1981-12-17,-0.0612245697627034,26832000,-0.535354181818182,0.239583,0,0,0.255208,444,-1.0599999232001,-0.648520974170098
"1981-12-18",1981-12-18,0.0434797126674264,20774400,-0.515151515151516,0.25,0.041668,0.239583,0.25,444,-0.962262988965447,-0.414848502465059
"1981-12-21",1981-12-21,0,17308800,-0.515151515151516,0.25,0.041668,0,0.25,0,-1,-0.414848502465059
"1981-12-22",1981-12-22,0.020832,15244800,-0.505051151515152,0.255208,0.0612245697627034,0,0.255208,0,1.46934265533991,-0.302840513802391
"1981-12-23",1981-12-23,-0.0204068837967461,12662400,-0.515151515151516,0.25,0.041668,0.239583,0.255208,448,-1.01999869440167,-0.414848502465059
"1981-12-24",1981-12-24,-0.010416,3177600,-0.520201696969697,0.247396,0.0315809471454672,0.239583,0.255208,0,-1.00980329411765,-0.47201864837296
"1981-12-28",1981-12-28,-0.010525635014309,20073600,-0.525251878787879,0.244792,0.0212792901728815,0.239583,0.255208,0,-1.00970812253709,-0.529999308817155
"1981-12-29",1981-12-29,-0.0425544952449427,20668800,-0.545454545454546,0.234375,0,0.234375,0.25,451,-1.03846281656962,-0.686667919454274
"1981-12-30",1981-12-30,0.0222208,12700800,-0.535354181818182,0.239583,0.0217377693742878,0.234375,0.239583,451,-0.981482666666667,-0.566421999442539
"1981-12-31",1981-12-31,-0.0217377693742878,11088000,-0.545454545454546,0.234375,0,0,0.239583,453,-1.01886669419871,-0.686667919454274
"1982-01-04",1982-01-04,0.0111104,10646400,-0.540404363636364,0.236979,0.0109883154203537,0.234375,0.236979,453,-0.990741333333333,-0.626093894733409
"1982-01-05",1982-01-05,-0.0109883154203537,11683200,-0.545454545454546,0.234375,0,0,0.236979,455,-1.00934519067204,-0.686667919454274
"1982-01-06",1982-01-06,-0.0222208,9331200,-0.55555490909091,0.229167,0,0.229167,0.234375,456,-1.01851733333333,-0.724814864738449
"1982-01-07",1982-01-07,-0.0340930413192127,14208000,-0.570707393939394,0.221354,0,0.221354,0.229167,457,-1.02727450446488,-0.782042607346986
"1982-01-08",1982-01-08,0,17971200,-0.570707393939394,0.221354,0,0.221354,0.221354,457,-1,-0.782042607346986
"1982-01-11",1982-01-11,0,17030400,-0.570707393939394,0.221354,0,0,0.221354,0,-1,-0.782042607346986
"1982-01-12",1982-01-12,-0.0117639617987477,61612800,-0.575757575757576,0.21875,0,0,0.221354,460,-1.00884898613863,-0.801116079989074
"1982-01-13",1982-01-13,-0.011904,9772800,-0.580807757575758,0.216146,0,0.216146,0.21875,461,-1.00877136842105,-0.820189552631162
"1982-01-14",1982-01-14,0.012047412397176,13065600,-0.575757575757576,0.21875,0.011904,0.216146,0.21875,461,-0.991304899508814,-0.756157180189868
"1982-01-15",1982-01-15,0.0714285714285714,22608000,-0.545454545454546,0.234375,0.0777770666666666,0,0.234375,0,6.53369175627238,-0.39292032646512
"1982-01-18",1982-01-18,0.0555562666666667,12163200,-0.520201696969697,0.247396,0.126315704376789,0,0.247396,0,1.6240739049487,-0.114225431146384
"1982-01-19",1982-01-19,-0.0526322171740853,12960000,-0.545454545454546,0.234375,0.0777770666666666,0.216146,0.247396,465,-1.04854434084309,-0.39292032646512
"1982-01-20",1982-01-20,0.0222208,7296000,-0.535354181818182,0.239583,0.0978241361031458,0.216146,0.247396,0,1.25775039218689,-0.279059823884036
"1982-01-21",1982-01-21,0.0978283100219966,17212800,-0.489898666666667,0.263021,0.108911455739276,0.234375,0.263021,465,1.11333930538819,-0.0655094505993556
"1982-01-22",1982-01-22,-0.0396052026264063,26140800,-0.510101333333334,0.252604,0.0721643362733765,0.234375,0.263021,468,-1.04123846019857,-0.280596793368197
"1982-01-25",1982-01-25,0.0103086253582683,16358400,-0.505051151515152,0.255208,0.0816314535594496,0.234375,0.263021,0,1.13118830955791,-0.225768013480486
"1982-01-26",1982-01-26,0.0612245697627034,18998400,-0.474748121212122,0.270833,0.0673071597626581,0.252604,0.270833,468,-0.940000076799902,-0.165419692453779
"1982-01-27",1982-01-27,0.0192332544409286,23932800,-0.464645818181819,0.276042,0.0849073691684599,0,0.276042,0,1.26149089439912,-0.0607931399671256
"1982-01-28",1982-01-28,-0.0377370110345527,32707200,-0.484848484848485,0.265625,0.0490202352941177,0.252604,0.276042,472,-1.04347971266743,-0.272632498357642
"1982-01-29",1982-01-29,0.0196065882352941,19603200,-0.474748121212122,0.270833,0.0673071597626581,0.252604,0.276042,0,1.37304848413763,-0.165419692453779
"1982-02-01",1982-02-01,-0.0384591242573836,12960000,-0.494948848484849,0.260417,0.0300018815975917,0.252604,0.276042,0,-1.04255041014412,-0.38260775834175
"1982-02-02",1982-02-02,0.00999934720083556,10752000,-0.489898666666667,0.263021,0.0396052026264063,0.252604,0.276042,0,1.32009062490219,-0.327264565616153
"1982-02-03",1982-02-03,0,8947200,-0.489898666666667,0.263021,0.0396052026264063,0.252604,0.276042,0,-1,-0.327264565616153
"1982-02-04",1982-02-04,-0.0198007003243087,10464000,-0.499999030303031,0.257813,0.0202045668759916,0.252604,0.276042,0,-1.02061725071654,-0.43868362437007
"1982-02-05",1982-02-05,0.0303010321434528,11318400,-0.484848484848486,0.265625,0.0490202352941177,0.252604,0.276042,0,2.42619579993901,-0.272632498357643
"1982-02-08",1982-02-08,-0.0294098823529411,14179200,-0.499999030303031,0.257813,0.0202045668759916,0.252604,0.276042,0,-1.031248,-0.43868362437007
"1982-02-09",1982-02-09,-0.010104222828174,14889600,-0.505051151515152,0.255208,0.0102034418983731,0.252604,0.276042,0,-1.01010426202039,-0.495536563474346
"1982-02-10",1982-02-10,0,7478400,-0.505051151515152,0.255208,0.0102034418983731,0.252604,0.276042,0,-1,-0.495536563474346
"1982-02-11",1982-02-11,-0.0102034418983731,6892800,-0.510101333333334,0.252604,0,0.252604,0.270833,482,-1.00999934720084,-0.553146286277387
"1982-02-12",1982-02-12,0.0103086253582683,2592000,-0.505051151515152,0.255208,0.0102034418983731,0.252604,0.255208,482,-0.990099649837846,-0.495536563474346
"1982-02-16",1982-02-16,-0.0102034418983731,4723200,-0.510101333333334,0.252604,0,0,0.255208,484,-1.00999934720084,-0.553146286277387
"1982-02-17",1982-02-17,0.0206212094820352,6307200,-0.499999030303031,0.257813,0.0202045668759916,0.252604,0.257813,484,-0.980195497697902,-0.43868362437007
"1982-02-18",1982-02-18,0.0101003440478176,9302400,-0.494948848484849,0.260417,0.0300018815975917,0,0.260417,0,1.48490595129965,-0.38260775834175
"1982-02-19",1982-02-19,-0.00999934720083556,11846400,-0.499999030303031,0.257813,0.0202045668759916,0.252604,0.260417,487,-1.01020344189837,-0.43868362437007
"1982-02-22",1982-02-22,-0.0202045668759916,14966400,-0.510101333333334,0.252604,0,0.252604,0.257813,488,-1.02020464524537,-0.553146286277387
"1982-02-23",1982-02-23,-0.0206172507165365,20294400,-0.520201696969698,0.247396,0,0.247396,0.252604,489,-1.01980070032431,-0.591293231561562
"1982-02-24",1982-02-24,0.0421065821597763,47193600,-0.499999030303031,0.257813,0.0404052549716267,0.247396,0.257813,489,-0.961163781694,-0.362389881765341
"1982-02-25",1982-02-25,0.0303010321434528,14208000,-0.484848484848486,0.265625,0.0686268235294117,0,0.265625,0,1.69846282563005,-0.198582545747185
"1982-02-26",1982-02-26,0,8764800,-0.484848484848486,0.265625,0.0686268235294117,0,0.265625,0,-1,-0.198582545747185
"1982-03-01",1982-03-01,0.0392169411764706,13574400,-0.464645818181819,0.276042,0.103774063367169,0,0.276042,0,1.51215017729465,0.0104623887645628
"1982-03-02",1982-03-02,0,16876800,-0.464645818181819,0.276042,0.103774063367169,0,0.276042,0,-1,0.0104623887645628
"1982-03-03",1982-03-03,-0.0283036639351983,17030400,-0.479798303030304,0.268229,0.077668708454343,0.247396,0.276042,495,-1.03261082798028,-0.145359778890048
"1982-03-04",1982-03-04,-0.00970812253708583,13862400,-0.484848484848486,0.265625,0.0686268235294117,0.247396,0.276042,0,-1.01052563501431,-0.198582545747185
"1982-03-05",1982-03-05,-0.0490202352941177,15504000,-0.510101333333334,0.252604,0.0206172507165365,0.247396,0.276042,0,-1.052084,-0.475279274424237
"1982-03-08",1982-03-08,-0.0412345014330731,19065600,-0.530302060606061,0.242188,0,0.242188,0.268229,498,-1.03960140064862,-0.629440176845737
"1982-03-09",1982-03-09,0.0645159958379442,9408000,-0.499999030303031,0.257813,0.0606059430672621,0.242188,0.257813,498,-0.942857038367156,-0.286096139160612
"1982-03-10",1982-03-10,0,10886400,-0.499999030303031,0.257813,0.0606059430672621,0,0.257813,0,-1,-0.286096139160612
"1982-03-11",1982-03-11,-0.0202045668759916,9724800,-0.510101333333334,0.252604,0.0412345014330732,0.242188,0.257813,501,-1.02020464524537,-0.397412262571088
"1982-03-12",1982-03-12,-0.0618557109151082,14035200,-0.540404363636364,0.236979,0,0.236979,0.252604,502,-1.05940590295071,-0.667594446812187
"1982-03-15",1982-03-15,0.0329691660442487,11750400,-0.525251878787879,0.244792,0.0319168927089121,0.236979,0.244792,502,-0.971960839200994,-0.489823325406438
"1982-03-16",1982-03-16,0.0319128076080917,12096000,-0.510101333333334,0.252604,0.0618557109151082,0,0.252604,0,1.93802421430067,-0.319530299294772
"1982-03-17",1982-03-17,0.0412384601985717,10060800,-0.489898666666667,0.263021,0.0990111055771212,0,0.263021,0,1.600678484045,-0.102900987134753
"1982-03-18",1982-03-18,0.0495055527885606,19526400,-0.464645818181819,0.276042,0.141511074401722,0,0.276042,0,1.42924446279914,0.152987128165102
"1982-03-19",1982-03-19,0.0283000412980633,34704000,-0.449495272727274,0.283854,0.165137711640491,0,0.283854,0,1.16695963435129,0.299440376754172
"1982-03-22",1982-03-22,0.0366984435660586,17952000,-0.429292606060607,0.294271,0.194691287962456,0,0.294271,0,1.17896321820363,0.48735922276483
"1982-03-23",1982-03-23,-0.0088489861386273,15638400,-0.434342787878789,0.291667,0.187501499998286,0.236979,0.294271,509,-1.01176396179875,0.441131435887302
"1982-03-24",1982-03-24,-0.0178594081606765,16848000,-0.444445090909092,0.286458,0.172726891900383,0.236979,0.294271,0,-1.02325882531546,0.347176584179744
"1982-03-25",1982-03-25,0,9148800,-0.444445090909092,0.286458,0.172726891900383,0.236979,0.294271,0,-1,0.347176584179744
"1982-03-26",1982-03-26,0,8563200,-0.444445090909092,0.286458,0.172726891900383,0.236979,0.294271,0,-1,0.347176584179744
"1982-03-29",1982-03-29,0.018184166614303,20841600,-0.434342787878789,0.291667,0.187501499998286,0.236979,0.294271,0,1.08553739336909,0.441131435887302
"1982-03-30",1982-03-30,0.00892798979658307,10924800,-0.429292606060607,0.294271,0.0265503566440458,0.286458,0.294271,509,-0.988372819903732,-0.14767364713518
"1982-03-31",1982-03-31,0.0176979722772546,17529600,-0.419192242424243,0.299479,0.0434788415882249,0,0.299479,0,1.63759915435921,-0.0455913810884272
"1982-04-01",1982-04-01,0.00869510049118634,17404800,-0.414142060606062,0.302083,0.0517241950060083,0,0.302083,0,1.18964059566887,0.00462305409727346
"1982-04-02",1982-04-02,0.0258637526772444,25948800,-0.398989575757577,0.309896,0.0756318248702791,0,0.309896,0,1.46221366734646,0.152144877309328
"1982-04-05",1982-04-05,-0.0252116839197667,12460800,-0.414142060606062,0.302083,0.0517241950060083,0.286458,0.309896,518,-1.03797714469034,0.00462305409727346
"1982-04-06",1982-04-06,-0.0086201474429213,10838400,-0.419192242424243,0.299479,0.0434788415882249,0.286458,0.309896,0,-1.01219432242837,-0.0455913810884276
"1982-04-07",1982-04-07,-0.0173902009823727,11644800,-0.429292606060607,0.294271,0.0265503566440458,0.286458,0.309896,0,-1.02409482479435,-0.147673647135181
"1982-04-08",1982-04-08,0.0575218081292413,40041600,-0.396464484848486,0.311198,0.0543930230914079,0.294271,0.311198,518,2.04867391503029,0.081467134377055
"1982-04-12",1982-04-12,0.0376576970289013,31046400,-0.373736727272728,0.322917,0.088710101976669,0,0.322917,0,1.630909571391,0.296913462209134
"1982-04-13",1982-04-13,0.0241919750276386,33187200,-0.358586181818183,0.330729,0.110235268150056,0,0.330729,0,1.24264616648788,0.435429897369151
"1982-04-14",1982-04-14,0,28732800,-0.358586181818183,0.330729,0.110235268150056,0,0.330729,0,-1,0.435429897369151
"1982-04-15",1982-04-15,0.0157500551811302,18355200,-0.34848387878788,0.335938,0.124031815394507,0,0.335938,0,1.12515547406907,0.525690819312944
"1982-04-16",1982-04-16,0.00775143032345253,28742400,-0.343433696969698,0.338542,0.130769594319169,0,0.338542,0,1.05432298884952,0.570211463287614
"1982-04-19",1982-04-19,0.00769180781114306,14083200,-0.338383515151516,0.341146,0.137404513023749,0,0.341146,0,1.05073747256864,0.614343625883929
"1982-04-20",1982-04-20,-0.0534345998487451,39398400,-0.373736727272728,0.322917,0.088710101976669,0.294271,0.341146,528,-1.10447675651511,0.296913462209134
"1982-04-21",1982-04-21,0,20092800,-0.373736727272728,0.322917,0.088710101976669,0.294271,0.341146,0,-1,0.296913462209134
"1982-04-22",1982-04-22,0.0403230551503947,46377600,-0.34848387878788,0.335938,0.124031815394507,0.294271,0.341146,0,1.39817013655478,0.525690819312944
"1982-04-23",1982-04-23,-0.00775440706320816,17520000,-0.353536000000001,0.333333,0.117186117186117,0.294271,0.341146,0,-1.01449743164503,0.480755262260202
"1982-04-26",1982-04-26,0.0156270156270157,17913600,-0.343433696969698,0.338542,0.130769594319169,0.294271,0.341146,0,1.11591370598514,0.570211463287614
"1982-04-27",1982-04-27,-0.0230783772766747,20601600,-0.358586181818183,0.330729,0.110235268150056,0.294271,0.341146,0,-1.04412055363869,0.435429897369151
"1982-04-28",1982-04-28,0.00787351577877959,49372800,-0.353536000000001,0.333333,0.117186117186117,0.294271,0.341146,0,1.06305467526599,0.480755262260202
"1982-04-29",1982-04-29,-0.0078120078120078,21552000,-0.358586181818183,0.330729,0.110235268150056,0.294271,0.341146,0,-1.01428477387927,0.435429897369151
"1982-04-30",1982-04-30,-0.00787351577877959,12297600,-0.363636363636365,0.328125,0.103174095238095,0.294271,0.341146,0,-1.01408359293873,0.389687862444323
"1982-05-03",1982-05-03,0,13123200,-0.363636363636365,0.328125,0.103174095238095,0.294271,0.341146,0,-1,0.389687862444323
"1982-05-04",1982-05-04,0.00793599999999998,12912000,-0.358586181818183,0.330729,0.110235268150056,0.294271,0.341146,0,1.06843939746373,0.43542989736915
"1982-05-05",1982-05-05,0.0236235709599098,22905600,-0.343433696969698,0.338542,0.130769594319169,0.294271,0.341146,0,1.1862772823409,0.570211463287613
"1982-05-06",1982-05-06,0.0230754234334292,17510400,-0.328283151515153,0.346354,0.0676677618852387,0.322917,0.346354,528,-0.955885093430764,0.389109555815406
"1982-05-07",1982-05-07,-0.0150366388146232,25920000,-0.338383515151516,0.341146,0.0534345998487451,0.322917,0.346354,541,-1.03076723124457,0.297206956480106
"1982-05-10",1982-05-10,-0.0229022178187639,14083200,-0.353536000000001,0.333333,0.0312480312480312,0.322917,0.346354,0,-1.04477902784862,0.156185219028849
"1982-05-11",1982-05-11,-0.0156240156240156,20976000,-0.363636363636365,0.328125,0.015872,0.322917,0.346354,0,-1.02856954775854,0.0599662434868019
"1982-05-12",1982-05-12,-0.023808,35520000,-0.37878690909091,0.320313,0,0.320313,0.341146,544,-1.041664,-0.0571993741717363
"1982-05-13",1982-05-13,0.0406477414279157,40262400,-0.353536000000001,0.333333,0.039060039060039,0.320313,0.333333,544,-0.93333742934382,0.185689526526386
"1982-05-14",1982-05-14,0.0703140703140704,31161600,-0.308080484848486,0.356771,0.102188798977495,0,0.356771,0,2.6161980744674,0.595789454499789
"1982-05-17",1982-05-17,-0.0291980009585981,16857600,-0.328283151515153,0.346354,0.0751860812925503,0.320313,0.356771,547,-1.06557593765344,0.417504664089243
"1982-05-18",1982-05-18,-0.0225549582219347,18940800,-0.343433696969698,0.338542,0.053845608521247,0.320313,0.356771,0,-1.04615084686686,0.279685776993563
"1982-05-19",1982-05-19,-0.0230783772766747,13718400,-0.358586181818183,0.330729,0.0314940631151184,0.320313,0.356771,0,-1.04412055363869,0.138040956909257
"1982-05-20",1982-05-20,-0.0236205473363388,25747200,-0.373736727272728,0.322917,0.00806399167587957,0.320313,0.356771,0,-1.0422507788162,-0.00766990407186104
"1982-05-21",1982-05-21,-0.0161310801227561,9600000,-0.383839030303031,0.317708,0,0.317708,0.346354,551,-1.027030533242,-0.0762801714960985
"1982-05-24",1982-05-24,0,6931200,-0.383839030303031,0.317708,0,0.317708,0.317708,551,-1,-0.0762801714960985
"1982-05-25",1982-05-25,-0.0245886159618265,11289600,-0.398989575757577,0.309896,0,0,0.317708,553,-1.03947109141711,-0.133500589422362
"1982-05-26",1982-05-26,0.00840281901024858,14275200,-0.393939393939395,0.3125,0.00833280000000003,0.309896,0.3125,553,-0.987342572024362,-0.0829558869208289
"1982-05-27",1982-05-27,0.0166656,22560000,-0.383839030303031,0.317708,0.0245886159618265,0,0.317708,0,2.95082276807633,0.0165858501125148
"1982-05-28",1982-05-28,-0.00819620532060885,10137600,-0.388889212121213,0.315104,0.0165278765106124,0.309896,0.317708,556,-1.01315703047237,-0.0329313370200504
"1982-06-01",1982-06-01,-0.0247918147659185,9024000,-0.404039757575759,0.307292,0,0.307292,0.315104,557,-1.03895851307344,-0.152574062064449
"1982-06-02",1982-06-02,0.00847402470614268,8275200,-0.398989575757577,0.309896,0.00840281901024853,0.307292,0.309896,557,-0.987500780001248,-0.101764912514378
"1982-06-03",1982-06-03,0.0252084570307458,10070400,-0.383839030303031,0.317708,0.0327848212824354,0,0.317708,0,3.90164553615272,0.0475411906487205
"1982-06-04",1982-06-04,-0.0163924106412177,6288000,-0.393939393939395,0.3125,0.0166655999999999,0.307292,0.317708,560,-1.02631406094474,-0.051484657061384
"1982-06-07",1982-06-07,0,12643200,-0.393939393939395,0.3125,0.0166655999999999,0.307292,0.317708,0,-1,-0.051484657061384
"1982-06-08",1982-06-08,-0.0249984,19190400,-0.40908993939394,0.304688,0,0.304688,0.3125,562,-1.03845907692308,-0.171647534706536
"1982-06-09",1982-06-09,-0.0341890720999843,19814400,-0.429292606060607,0.294271,0,0.294271,0.304688,563,-1.04938441335565,-0.247948749957161
"1982-06-10",1982-06-10,0.0176979722772546,16012800,-0.419192242424243,0.299479,0.0173902009823726,0.294271,0.299479,563,-0.976472076402505,-0.144122679718806
"1982-06-11",1982-06-11,0.0434788415882249,35836800,-0.393939393939395,0.3125,0.0583328,0,0.3125,0,3.35434881167436,0.105883577961592
"1982-06-14",1982-06-14,-0.00833279999999998,8592000,-0.398989575757577,0.309896,0.0504201409505124,0.294271,0.3125,566,-1.01281969230769,0.0569256593054588
"1982-06-15",1982-06-15,0.0168056380204972,25094400,-0.388889212121213,0.315104,0.0165278765106124,0.309896,0.315104,566,-0.974685144048725,-0.0329313370200508
"1982-06-16",1982-06-16,0.0330589265766223,7248000,-0.368686545454547,0.325521,0.0479999754240126,0,0.325521,0,2.90418284485562,0.162233364581237
"1982-06-17",1982-06-17,-0.0320010076154841,15264000,-0.388889212121213,0.315104,0.0165278765106124,0.309896,0.325521,569,-1.05479632201321,-0.0329313370200504
"1982-06-18",1982-06-18,-0.0413228648319285,24211200,-0.414142060606062,0.302083,0,0.302083,0.315104,570,-1.06493584213125,-0.190728332030898
"1982-06-21",1982-06-21,-0.0086201474429213,12345600,-0.419192242424243,0.299479,0,0.299479,0.302083,571,-1.01219432242837,-0.209801804672986
"1982-06-22",1982-06-22,0.0434788415882249,11721600,-0.393939393939395,0.3125,0.0416672,0.299479,0.3125,571,-0.939758311511664,0.0429411182427025
"1982-06-23",1982-06-23,0.05,11318400,-0.363636363636365,0.328125,0.0873020952380953,0,0.328125,0,2.09522346685391,0.329742662712047
"1982-06-24",1982-06-24,-0.023808,29414400,-0.37878690909091,0.320313,0.0650426301773578,0.299479,0.328125,574,-1.041664,0.188452935373013
"1982-06-25",1982-06-25,-0.00813267023192947,29164800,-0.383839030303031,0.317708,0.057376584788548,0.299479,0.328125,0,-1.01333763414434,0.140419099868907
"1982-06-28",1982-06-28,0.0245917635061126,4819200,-0.368686545454547,0.325521,0.0800009830394968,0.299479,0.328125,0,1.39431413239961,0.283094427657363
"1982-06-29",1982-06-29,-0.00799948390426423,8822400,-0.373736727272728,0.322917,0.0725821186249098,0.299479,0.328125,0,-1.01369776543366,0.236001467293559
"1982-06-30",1982-06-30,0.00806399167587954,10377600,-0.368686545454546,0.325521,0.0800009830394968,0.299479,0.328125,0,1.10221339022806,0.283094427657363
"1982-07-01",1982-07-01,-0.00799948390426423,11203200,-0.373736727272728,0.322917,0.0725821186249098,0.299479,0.328125,0,-1.01369776543366,0.236001467293559
"1982-07-02",1982-07-02,-0.0241950717986356,19622400,-0.388889212121213,0.315104,0.0495868030872347,0.299479,0.328125,0,-1.04054320526392,0.0919252630662817
"1982-07-06",1982-07-06,-0.00826393825530617,12259200,-0.393939393939395,0.3125,0.0416672,0.299479,0.328125,0,-1.01298617102448,0.0429411182427033
"1982-07-07",1982-07-07,-0.0249984,31948800,-0.40908993939394,0.304688,0.0170961770729402,0.299479,0.328125,0,-1.03845907692308,-0.107078876106753
"1982-07-08",1982-07-08,0,36643200,-0.40908993939394,0.304688,0.0170961770729402,0.299479,0.328125,0,-1,-0.107078876106753
"1982-07-09",1982-07-09,0.0512819671270283,24489600,-0.37878690909091,0.320313,0.0650426301773578,0.299479,0.328125,0,3.80451313178706,0.188452935373013
"1982-07-12",1982-07-12,0.0162590965711663,36249600,-0.368686545454546,0.325521,0.0800009830394968,0.299479,0.328125,0,1.22997767497026,0.283094427657363
"1982-07-13",1982-07-13,0,31948800,-0.368686545454546,0.325521,0.0800009830394968,0.299479,0.328125,0,-1,0.283094427657363
"1982-07-14",1982-07-14,0,12729600,-0.368686545454546,0.325521,0.0800009830394968,0.299479,0.328125,0,-1,0.283094427657363
"1982-07-15",1982-07-15,0.0239984517127927,24787200,-0.353536000000001,0.333333,0.0859350859350859,0.304688,0.333333,574,1.07417537472833,0.362726701890831
"1982-07-16",1982-07-16,0.0390630390630391,14236800,-0.328283151515153,0.346354,0.120298884955854,0,0.346354,0,1.39988089436166,0.587886218151724
"1982-07-19",1982-07-19,-0.00751831940731158,13286400,-0.333333333333334,0.34375,0.113634909090909,0.304688,0.346354,590,-1.01538361562229,0.543644312783123
"1982-07-20",1982-07-20,0.0227287272727273,9388800,-0.31818084848485,0.351563,0.0222236128375285,0.34375,0.351563,590,-0.954542545454546,0.255630850017724
"1982-07-21",1982-07-21,-0.00740976723944222,16588800,-0.323232969696971,0.348958,0.0149244321666218,0.34375,0.351563,592,-1.01587814362863,0.20898258525388
"1982-07-22",1982-07-22,-0.0223866482499326,11212800,-0.338383515151516,0.341146,0,0.341146,0.348958,593,-1.04687190625619,0.0953957316472397
"1982-07-23",1982-07-23,0,16387200,-0.338383515151516,0.341146,0,0.341146,0.341146,593,-1,0.0953957316472397
"1982-07-26",1982-07-26,-0.00763309550749531,3398400,-0.343433696969698,0.338542,0,0,0.341146,595,-1.01492443216662,0.0763222590051515
"1982-07-27",1982-07-27,0.0153836156222861,16694400,-0.333333333333335,0.34375,0.0151505454545454,0.338542,0.34375,595,-0.970590062287176,0.17168962221559
"1982-07-28",1982-07-28,-0.00757527272727271,14572800,-0.338383515151516,0.341146,0.00763309550749536,0.338542,0.34375,597,-1.01515054545454,0.124224325067876
"1982-07-29",1982-07-29,0,15696000,-0.338383515151516,0.341146,0.00763309550749536,0.338542,0.34375,0,-1,0.124224325067876
"1982-07-30",1982-07-30,-0.0152661910149906,13680000,-0.34848387878788,0.335938,0,0.335938,0.341146,599,-1.02984886433324,0.0572487863630641
"1982-08-02",1982-08-02,0.0155028606469051,14860800,-0.338383515151516,0.341146,0.0152661910149906,0.335938,0.341146,599,-0.971016267175701,0.153052918488512
"1982-08-03",1982-08-03,-0.0305353133262592,23011200,-0.358586181818183,0.330729,0,0,0.341146,601,-1.05970346001524,0.0190945163966141
"1982-08-04",1982-08-04,0,13574400,-0.358586181818183,0.330729,0,0.330729,0.330729,601,-1,0.0190945163966141
"1982-08-05",1982-08-05,-0.0157470315575592,23683200,-0.368686545454547,0.325521,0,0,0.330729,603,-1.02816718587747,-0.0190524288875611
"1982-08-06",1982-08-06,-0.0479999754240126,29798400,-0.398989575757577,0.309896,0,0.309896,0.325521,604,-1.08219185288053,-0.133500589422362
"1982-08-09",1982-08-09,-0.0168056380204972,29846400,-0.40908993939394,0.304688,0,0.304688,0.309896,605,-1.02531485595128,-0.171647534706537
"1982-08-10",1982-08-10,0.00854644751352201,16051200,-0.404039757575759,0.307292,0.00847402470614267,0.304688,0.307292,605,-0.987655081849083,-0.120569456246281
"1982-08-11",1982-08-11,-0.0338993530583289,19420800,-0.424242424242425,0.296875,0,0,0.307292,607,-1.05000168000269,-0.228875277315074
"1982-08-12",1982-08-12,-0.0350888421052632,23212800,-0.444445090909092,0.286458,0,0.286458,0.296875,608,-1.04762057142857,-0.305176492565699
"1982-08-13",1982-08-13,-0.0363613514022997,64905600,-0.464645818181819,0.276042,0,0.276042,0.286458,609,-1.04545157025226,-0.38147038313405
"1982-08-16",1982-08-16,0.0283000412980633,43785600,-0.449495272727274,0.283854,0.0275211904711576,0.276042,0.283854,609,-0.967393345938569,-0.220308227577775
"1982-08-17",1982-08-17,0.0550459038801637,55276800,-0.419192242424244,0.299479,0.0782592435529703,0,0.299479,0,2.84359950326227,0.0857668688199324
"1982-08-18",1982-08-18,0.0434788415882249,70963200,-0.393939393939395,0.3125,0.1166656,0,0.3125,0,1.4907580843282,0.326194272703457
"1982-08-19",1982-08-19,0.00833279999999998,43862400,-0.388889212121213,0.315104,0.123965420940388,0,0.315104,0,1.06257046584758,0.372837630947951
"1982-08-20",1982-08-20,0.01653105006601,27820800,-0.37878690909091,0.320313,0.138211686693952,0,0.320313,0,1.11492128728716,0.464797044943919
"1982-08-23",1982-08-23,0.0569099599454284,36019200,-0.343433696969698,0.338542,0.184615202840416,0,0.338542,0,1.33574234752823,0.773574981276025
"1982-08-24",1982-08-24,0.0230754234334292,67248000,-0.328283151515153,0.346354,0.203006172875151,0,0.346354,0,1.09961785243999,0.900254218002848
"1982-08-25",1982-08-25,0.045112803663304,50812800,-0.297980121212123,0.361979,0.237408799958009,0,0.361979,0,1.1694659162114,1.14463385231517
"1982-08-26",1982-08-26,0.0431654875006561,91881600,-0.267677090909092,0.377604,0.268964311818731,0,0.377604,0,1.13291635300083,1.37826053232737
"1982-08-27",1982-08-27,-0.0413793286088071,51312000,-0.297980121212123,0.361979,0.237408799958009,0.276042,0.377604,619,-1.11320741046652,1.14463385231518
"1982-08-30",1982-08-30,0.0215841250459281,20092800,-0.282827636363638,0.369792,0.253520898234683,0.276042,0.377604,0,1.06786647453475,1.26271359525772
"1982-08-31",1982-08-31,0.0352116865697473,32947200,-0.257574787878789,0.382813,0.0544234391204061,0.361979,0.382813,619,-0.910712938772431,0.606139130378635
"1982-09-01",1982-09-01,-0.0340139963898823,22051200,-0.282827636363638,0.369792,0.0211280936310142,0.361979,0.382813,622,-1.09804083968316,0.38501493798008
"1982-09-02",1982-09-02,0.056337075977847,43372800,-0.242424242424244,0.390625,0.05333248,0.369792,0.390625,622,2.52424477718674,0.659239225574776
"1982-09-03",1982-09-03,0.05333248,50745600,-0.20202084848485,0.411458,0.101264284568534,0,0.411458,0,1.89873571543146,0.992862657905167
"1982-09-07",1982-09-07,-0.0569608562720861,59760000,-0.247474424242426,0.388021,0.0469794160625326,0.369792,0.411458,625,-1.22499448001766,0.616171569046385
"1982-09-08",1982-09-08,-0.00671097698320451,38438400,-0.252524606060608,0.385417,0.0405405054784818,0.369792,0.411458,0,-1.02040688379675,0.572779687821939
"1982-09-09",1982-09-09,-0.0337841869974599,27984000,-0.277777454545456,0.372396,0.00699255631102369,0.369792,0.411458,0,-1.10000153600393,0.350701464555517
"1982-09-10",1982-09-10,0.00699255631102374,37670400,-0.272727272727274,0.375,0.013888,0.369792,0.411458,0,1.98611200000002,0.395817575124669
"1982-09-13",1982-09-13,-0.00694399999999999,16425600,-0.277777454545456,0.372396,0.00699255631102369,0.369792,0.411458,0,-1.01851733333333,0.350701464555518
"1982-09-14",1982-09-14,-0.00699255631102374,51312000,-0.282827636363638,0.369792,0,0.369792,0.388021,630,-1.01818067570115,0.305218580074752
"1982-09-15",1982-09-15,-0.0211280936310142,50236800,-0.297980121212122,0.361979,0,0.361979,0.369792,631,-1.05357497959995,0.247990837466215
"1982-09-16",1982-09-16,-0.00719378748490933,32976000,-0.303030303030304,0.359375,0,0.359375,0.361979,632,-1.01694804941229,0.228917364824128
"1982-09-17",1982-09-17,-0.0217377391304347,42432000,-0.31818084848485,0.351563,0,0.351563,0.359375,633,-1.0499968,0.171696946897864
"1982-09-20",1982-09-20,0,18057600,-0.31818084848485,0.351563,0,0.351563,0.351563,633,-1,0.171696946897864
"1982-09-21",1982-09-21,0.0222207683971293,38764800,-0.303030303030304,0.359375,0.0217377391304348,0,0.359375,0,-0.952383854884129,0.311016225327027
"1982-09-22",1982-09-22,-0.00724591304347825,101011200,-0.308080484848486,0.356771,0.0145975990200997,0.351563,0.359375,636,-1.0166656,0.264975947932516
"1982-09-23",1982-09-23,0.00729879951004985,40492800,-0.303030303030304,0.359375,0.00724591304347821,0.356771,0.359375,636,-0.983607589358783,0.256283651658427
"1982-09-24",1982-09-24,0.0144918260869565,43526400,-0.292929939393941,0.364583,0.0214272195906007,0,0.364583,0,2.9571455608188,0.347990403736446
"1982-09-27",1982-09-27,-0.00714240653020024,15302400,-0.297980121212123,0.361979,0.0143875749698187,0.356771,0.364583,639,-1.01724023781465,0.30232967663134
"1982-09-28",1982-09-28,-0.021581362454728,18883200,-0.313130666666668,0.354167,0,0.354167,0.361979,640,-1.05084414823686,0.190770419539952
"1982-09-29",1982-09-29,-0.0220602145315628,45129600,-0.328283151515153,0.346354,0,0.346354,0.354167,641,-1.04839029345093,0.133542676931415
"1982-09-30",1982-09-30,-0.0150366388146232,26860800,-0.338383515151516,0.341146,0,0.341146,0.346354,642,-1.03076723124457,0.0953957316472397
"1982-10-01",1982-10-01,0.00763309550749531,29817600,-0.333333333333335,0.34375,0.00757527272727276,0.341146,0.34375,642,-0.985075567833379,0.143079413252458
"1982-10-04",1982-10-04,0,11760000,-0.333333333333335,0.34375,0.00757527272727276,0,0.34375,0,-1,0.143079413252458
"1982-10-05",1982-10-05,0.0227287272727273,12096000,-0.31818084848485,0.351563,0.0296305356365716,0,0.351563,0,3.91148103881391,0.283605236773658
"1982-10-06",1982-10-06,0.0444443812346578,27129600,-0.28787781818182,0.367188,0.0709227970412977,0,0.367188,0,2.39357121015933,0.554005568257528
"1982-10-07",1982-10-07,0.0283669400960815,52598400,-0.267677090909092,0.377604,0.0965508839948729,0,0.377604,0,1.36135189280045,0.727091343351344
"1982-10-08",1982-10-08,-0.0034480566943146,75052800,-0.270202181818183,0.376302,0.0934249618657356,0.341146,0.377604,648,-1.00943334709935,0.705748657787693
"1982-10-11",1982-10-11,0.010379960776185,37536000,-0.26262690909091,0.380208,0.010273324075243,0.376302,0.380208,648,-0.971964427983894,0.420312651061754
"1982-10-12",1982-10-12,0.00685151285612092,47203200,-0.257574787878789,0.382813,0.0170083043156841,0,0.382813,0,1.65557945910335,0.464830049678087
"1982-10-13",1982-10-13,0.0272091073187169,25968000,-0.237374060606062,0.393229,0.0430461639400959,0,0.393229,0,2.53089097779142,0.639463449809588
"1982-10-14",1982-10-14,-0.026488382087791,35596800,-0.257574787878789,0.382813,0.0170083043156841,0.376302,0.393229,652,-1.08510082028824,0.464830049678087
"1982-10-15",1982-10-15,0,25276800,-0.257574787878789,0.382813,0.0170083043156841,0.376302,0.393229,0,-1,0.464830049678087
"1982-10-18",1982-10-18,0.0238079689038774,15561600,-0.239899151515153,0.391927,0.039867118111281,0.376302,0.393229,0,2.34397958616708,0.617920127225543
"1982-10-19",1982-10-19,-0.00332204721797688,32390400,-0.242424242424244,0.390625,0.03666688,0.376302,0.393229,0,-1.01052563501431,0.596296765855886
"1982-10-20",1982-10-20,0.01333248,28348800,-0.23232387878788,0.395833,0.0328926592780288,0.382813,0.395833,652,-0.958336000000001,0.620189274710357
"1982-10-21",1982-10-21,0.02631665374034,41251200,-0.212121212121214,0.40625,0.0576910769230768,0,0.40625,0,1.75391951241877,0.790148888321415
"1982-10-22",1982-10-22,0.0576935384615385,35923200,-0.166665696969699,0.429688,0.109090782148908,0,0.429688,0,1.89094723078866,1.15595064806396
"1982-10-25",1982-10-25,-0.0545465547094636,51302400,-0.212121212121214,0.40625,0.0576910769230768,0.382813,0.429688,659,-1.27273467772903,0.790148888321415
"1982-10-26",1982-10-26,0,18480000,-0.212121212121214,0.40625,0.0576910769230768,0.382813,0.429688,0,-1,0.790148888321415
"1982-10-27",1982-10-27,0.0128196923076923,17001600,-0.20202084848485,0.411458,0.0696182842477239,0.382813,0.429688,0,1.20674267080419,0.873342382580151
"1982-10-28",1982-10-28,-0.0253148559512757,16281600,-0.222221575757578,0.401042,0.0454540920901053,0.382813,0.429688,0,-1.0999932800215,0.705785429684587
"1982-10-29",1982-10-29,-0.0357144638217444,20668800,-0.249999515151517,0.386719,0.0101003571068398,0.382813,0.429688,0,-1.12500109091226,0.467350397554134
"1982-11-01",1982-11-01,0.00336678570228002,37324800,-0.247474424242426,0.388021,0.013421953966409,0.382813,0.429688,0,1.32885934867787,0.489432105345502
"1982-11-02",1982-11-02,0.00671097698320451,21244800,-0.242424242424244,0.390625,0.0199987199999999,0.382813,0.429688,0,1.49000064,0.533344637556394
"1982-11-03",1982-11-03,0.07333376,27686400,-0.186868363636365,0.419271,0.0869556921418366,0.382813,0.429688,0,4.34806288311637,0.996049861772138
"1982-11-04",1982-11-04,-0.0310562857912901,38630400,-0.212121212121214,0.40625,0.0576910769230768,0.382813,0.429688,0,-1.13513709861552,0.790148888321415
"1982-11-05",1982-11-05,0.019232,34128000,-0.196968727272729,0.414063,0.0754716069776822,0.382813,0.429688,0,1.30820242926498,0.914529946546702
"1982-11-08",1982-11-08,-0.0377358034888411,22080000,-0.227271757575759,0.398438,0.03921563706273,0.382813,0.429688,0,-1.15384691124633,0.663150626861247
"1982-11-09",1982-11-09,0.0457511582730563,32380800,-0.191918545454547,0.416667,0.081249535000372,0.382813,0.429688,0,2.0718657424946,0.955425435907467
"1982-11-10",1982-11-10,0,18182400,-0.191918545454547,0.416667,0.081249535000372,0.382813,0.429688,0,-1,0.955425435907467
"1982-11-11",1982-11-11,0.00624959500032399,20803200,-0.186868363636365,0.419271,0.0869556921418366,0.382813,0.429688,0,1.07023002828802,0.996049861772139
"1982-11-12",1982-11-12,0,19161600,-0.186868363636365,0.419271,0.0869556921418366,0.382813,0.429688,0,-1,0.996049861772139
"1982-11-15",1982-11-15,-0.0434778460709183,12585600,-0.222221575757577,0.401042,0.0454540920901053,0.382813,0.429688,0,-1.1891877867032,0.705785429684587
"1982-11-16",1982-11-16,-0.0064930855122406,28022400,-0.227271757575759,0.398438,0.03921563706273,0.382813,0.429688,0,-1.02272588429348,0.663150626861248
"1982-11-17",1982-11-17,-0.0326801158524037,37526400,-0.252524606060608,0.385417,0.00675631848102187,0.382813,0.429688,0,-1.1111130074155,0.445183931940179
"1982-11-18",1982-11-18,-0.0135152315543944,69801600,-0.26262690909091,0.380208,0,0.380208,0.419271,677,-1.04000522241337,0.381512470643103
"1982-11-19",1982-11-19,-0.0342444135841434,43296000,-0.28787781818182,0.367188,0,0.367188,0.380208,678,-1.09614745563703,0.286145107432664
"1982-11-22",1982-11-22,-0.0496475919692365,48393600,-0.323232969696971,0.348958,0,0.348958,0.367188,679,-1.12281304526499,0.152616149573502
"1982-11-23",1982-11-23,0,56361600,-0.323232969696971,0.348958,0,0.348958,0.348958,679,-1,0.152616149573502
"1982-11-24",1982-11-24,0.0223895139243118,30566400,-0.308080484848486,0.356771,0.0218992014485483,0,0.356771,0,-0.953122093755813,0.292552561839963
"1982-11-26",1982-11-26,0.0437955999786978,19574400,-0.277777454545456,0.372396,0.0629383774261808,0,0.372396,0,2.87400330893586,0.561997042991396
"1982-11-29",1982-11-29,0,43430400,-0.277777454545456,0.372396,0.0629383774261808,0,0.372396,0,-1,0.561997042991396
"1982-11-30",1982-11-30,0.0699309337372045,47865600,-0.227271757575759,0.398438,0.124184942199288,0,0.398438,0,1.97311953815369,0.984061789129624
"1982-12-01",1982-12-01,0,24585600,-0.227271757575759,0.398438,0.124184942199288,0,0.398438,0,-1,0.984061789129624
"1982-12-02",1982-12-02,0,14880000,-0.227271757575759,0.398438,0.124184942199288,0,0.398438,0,-1,0.984061789129624
"1982-12-03",1982-12-03,0.0196065636309789,19564800,-0.212121212121214,0.40625,0.141026461538462,0,0.40625,0,1.13561643658976,1.10488907705222
"1982-12-06",1982-12-06,0.0256418461538462,29856000,-0.191918545454547,0.416667,0.162501469998824,0,0.416667,0,1.15227644674688,1.26229687442285
"1982-12-07",1982-12-07,-0.00624959500032399,49094400,-0.196968727272729,0.414063,0.157234527113024,0.348958,0.416667,689,-1.02631419390044,1.22333126825834
"1982-12-08",1982-12-08,-0.0188691092901322,35894400,-0.212121212121214,0.40625,0.141026461538462,0.348958,0.416667,0,-1.07692837872433,1.10488907705222
"1982-12-09",1982-12-09,-0.0769230769230769,61891200,-0.272727272727274,0.375,0.0694453333333334,0.348958,0.416667,0,-1.28571428571428,0.605645917063888
"1982-12-10",1982-12-10,-0.0347226666666667,40838400,-0.297980121212123,0.361979,0.0359717000157468,0.348958,0.416667,0,-1.09259377777778,0.383848369103906
"1982-12-13",1982-12-13,0.0179872313034734,18268800,-0.285352727272729,0.36849,0.0530055089690358,0.348958,0.416667,0,1.47353360963848,0.49587248274437
"1982-12-14",1982-12-14,-0.00353333876088895,46723200,-0.287877818181819,0.367188,0.0496475919692365,0.348958,0.416667,0,-1.0088490162096,0.473653601436093
"1982-12-15",1982-12-15,-0.0141861934485877,27993600,-0.297980121212122,0.361979,0.0359717000157468,0.348958,0.416667,0,-1.03509232873205,0.383848369103907
"1982-12-16",1982-12-16,0.0287779125308374,31075200,-0.277777454545456,0.372396,0.0629383774261808,0.348958,0.416667,0,1.74966369114135,0.561997042991396
"1982-12-17",1982-12-17,0.041958023179626,25804800,-0.247474424242426,0.388021,0.100672386288371,0.348958,0.416667,0,1.5995389523101,0.818958604354287
"1982-12-20",1982-12-20,0,26035200,-0.247474424242426,0.388021,0.100672386288371,0.348958,0.416667,0,-1,0.818958604354287
"1982-12-21",1982-12-21,-0.0201355081297147,50649600,-0.26262690909091,0.380208,0.0821918528805285,0.348958,0.416667,0,-1.06122848813517,0.691933780956176
"1982-12-22",1982-12-22,0.0821918528805285,71750400,-0.20202084848485,0.411458,0.151898857234517,0.348958,0.416667,0,1.84810114276548,1.18409877004105
"1982-12-23",1982-12-23,0.00633114436953474,73689600,-0.196968727272729,0.414063,0.157234527113024,0.348958,0.416667,0,1.03512646490993,1.22333126825834
"1982-12-27",1982-12-27,-0.0125802112238959,39062400,-0.207071030303032,0.408854,0.146497282648574,0.348958,0.416667,0,-1.05128886788366,1.14462468831232
"1982-12-28",1982-12-28,-0.0254760868182774,44841600,-0.227271757575759,0.398438,0.124184942199288,0.348958,0.416667,0,-1.097554579427,0.984061789129624
"1982-12-29",1982-12-29,0,20227200,-0.227271757575759,0.398438,0.124184942199288,0.348958,0.416667,0,-1,0.984061789129624
"1982-12-30",1982-12-30,0.00653552121032631,27964800,-0.222221575757577,0.401042,0.129871684262496,0.348958,0.416667,0,1.04579252494302,1.02461288833452
"1982-12-31",1982-12-31,0.0064930855122406,8937600,-0.217171393939395,0.403646,0.135485053735204,0.348958,0.416667,0,1.04322242761834,1.06488687472488
"1983-01-03",1983-01-03,-0.0387096614360108,24547200,-0.247474424242425,0.388021,0.100672386288371,0.348958,0.416667,0,-1.13953509140106,0.818958604354287
"1983-01-04",1983-01-04,0.0268464851129192,37699200,-0.227271757575759,0.398438,0.124184942199288,0.348958,0.416667,0,1.23355516619589,0.984061789129625
"1983-01-05",1983-01-05,-0.0065380310110984,33014400,-0.23232387878788,0.395833,0.118421152354655,0.348958,0.416667,0,-1.02222942817889,0.943212372006155
"1983-01-06",1983-01-06,0.0592118393362858,24192000,-0.186868363636365,0.419271,0.136646703444789,0.361979,0.419271,689,1.1539045240461,1.18372234145046
"1983-01-07",1983-01-07,0,48796800,-0.186868363636365,0.419271,0.136646703444789,0,0.419271,0,-1,1.18372234145046
"1983-01-10",1983-01-10,-0.00621078013981409,23222400,-0.191918545454547,0.416667,0.131251094999124,0.361979,0.419271,712,-1.02702534404384,1.14427079257648
"1983-01-11",1983-01-11,0.012499190000648,27417600,-0.181818181818183,0.421875,0.0123448888888888,0.416667,0.421875,712,-0.947371612199115,0.733334051199542
"1983-01-12",1983-01-12,0.0555567407407408,57820800,-0.136362666666668,0.445313,0.0643277874214316,0,0.445313,0,5.21088427772975,1.10133840918133
"1983-01-13",1983-01-13,0.0233902895266924,62294400,-0.116161939393941,0.455729,0.0857132199179775,0,0.455729,0,1.33244470785919,1.25840057232822
"1983-01-14",1983-01-14,0.05142968738,59366400,-0.0707064242424261,0.479167,0.130434691871519,0,0.479167,0,1.52175699380255,1.59898005212077
"1983-01-17",1983-01-17,0.00543443100213494,28502400,-0.0656562424242443,0.481771,0.135134742439873,0,0.481771,0,1.03603374609099,1.63580462544783
"1983-01-18",1983-01-18,-0.00540505758960169,39091200,-0.0707064242424261,0.479167,0.130434691871519,0.416667,0.481771,718,-1.076918532522,1.59898005212077
"1983-01-19",1983-01-19,-0.00271721550106753,33033600,-0.073231515151517,0.477865,0.128065457817584,0.416667,0.481771,0,-1.0357123265127,1.58049521798121
"1983-01-20",1983-01-20,-0.0245236625406757,33724800,-0.0959592727272746,0.466146,0.106144855903515,0.416667,0.481771,0,-1.31035487288135,1.41186777170247
"1983-01-21",1983-01-21,-0.0614528495364113,29952000,-0.151515151515153,0.4375,0.0476182857142857,0.416667,0.481771,0,-1.57895268699851,0.981002399356207
"1983-01-24",1983-01-24,-0.0297622857142857,28550400,-0.176768000000002,0.424479,0.0184037372873569,0.416667,0.481771,0,-1.1666688,0.775290517629038
"1983-01-25",1983-01-25,0.0245406722122885,19257600,-0.156565333333335,0.434896,0.0419157683676097,0.416667,0.481771,0,2.27756828480731,0.940391720229539
"1983-01-26",1983-01-26,-0.0119752768477981,20947200,-0.166665696969699,0.429688,0.0303033829196999,0.416667,0.481771,0,-1.06451213318634,0.858387241865529
"1983-01-27",1983-01-27,0.0303010556496806,30268800,-0.14141478787879,0.442708,0.0588220678189687,0.416667,0.481771,0,1.94110565064104,1.06146366898653
"1983-01-28",1983-01-28,0.00588423972460408,22560000,-0.136362666666668,0.445313,0.0643277874214316,0.416667,0.481771,0,1.09359955891737,1.10133840918133
"1983-01-31",1983-01-31,0.0058475723816731,14428800,-0.131312484848487,0.447917,0.069767389940547,0.416667,0.481771,0,1.08456069666253,1.14095611440107
"1983-02-01",1983-02-01,0.0116271541379318,96422400,-0.121212121212123,0.453125,0.0804590344827586,0.416667,0.481771,0,1.15324701914924,1.21948314836654
"1983-02-02",1983-02-02,0,13152000,-0.121212121212123,0.453125,0.0804590344827586,0.416667,0.481771,0,-1,1.21948314836654
"1983-02-03",1983-02-03,0.0114935172413793,18662400,-0.111111757575759,0.458333,0.090907702478329,0.416667,0.481771,0,1.1298632038371,1.29709251111106
"1983-02-04",1983-02-04,0.0454560330589332,24403200,-0.0707064242424262,0.479167,0.130434691871519,0.416667,0.481771,0,1.43480352396555,1.59898005212077
"1983-02-07",1983-02-07,-0.0271742419657447,13603200,-0.0959592727272747,0.466146,0.106144855903515,0.416667,0.481771,0,-1.35715069394919,1.41186777170247
"1983-02-08",1983-02-08,-0.00558623263955927,40732800,-0.101009454545456,0.463542,0.101123522787579,0.416667,0.481771,0,-1.05262838780088,1.37382978188819
"1983-02-09",1983-02-09,-0.00561761393789558,16099200,-0.106059636363638,0.460938,0.0960454551371335,0.416667,0.481771,0,-1.04999711998157,1.33557751769116
"1983-02-10",1983-02-10,0.0225973992163805,11395200,-0.0858589090909111,0.471354,0.116021079698061,0.416667,0.481771,0,1.20798094540139,1.48731513331507
"1983-02-11",1983-02-11,-0.0220980409628432,6585600,-0.106059636363638,0.460938,0.0960454551371335,0.416667,0.481771,0,-1.2352781730704,1.33557751769116
"1983-02-14",1983-02-14,0.0169480494122854,7324800,-0.090909090909093,0.46875,0.1111104,0.416667,0.481771,0,1.15685224086196,1.44969505814516
"1983-02-15",1983-02-15,0.00555519999999999,35433600,-0.0858589090909111,0.471354,0.116021079698061,0.416667,0.481771,0,1.04419640013951,1.48731513331507
"1983-02-16",1983-02-16,-0.0165735307221324,17894400,-0.101009454545457,0.463542,0.101123522787579,0.416667,0.481771,0,-1.1764586298028,1.37382978188819
"1983-02-17",1983-02-17,-0.00561761393789558,31065600,-0.106059636363638,0.460938,0.0960454551371335,0.416667,0.481771,0,-1.04999711998156,1.33557751769116
"1983-02-18",1983-02-18,0.0225973992163805,60873600,-0.0858589090909113,0.471354,0.116021079698061,0.416667,0.481771,0,1.20798094540139,1.48731513331507
"1983-02-22",1983-02-22,-0.0110490204814216,12163200,-0.0959592727272749,0.466146,0.106144855903515,0.416667,0.481771,0,-1.1176390865352,1.41186777170247
"1983-02-23",1983-02-23,0.0111724652791185,33033600,-0.0858589090909111,0.471354,0.116021079698061,0.416667,0.481771,0,1.09304477085092,1.48731513331507
"1983-02-24",1983-02-24,0.0165756522698439,22809600,-0.0707064242424265,0.479167,0.130434691871519,0.416667,0.481771,0,1.12423270160016,1.59898005212077
"1983-02-25",1983-02-25,0.0217377240085398,24163200,-0.0505056969696993,0.489583,0.132978473517259,0.424479,0.489583,718,1.01950233951751,1.68488126998431
"1983-02-28",1983-02-28,-0.0106376242639144,15100800,-0.0606060606060629,0.484375,0.123656258064516,0.424479,0.489583,746,-1.1999846401966,1.61152628114784
"1983-03-01",1983-03-01,-0.016128,25104000,-0.0757566060606082,0.476563,0.109290901727579,0.424479,0.489583,0,-1.24998399999999,1.50005093915133
"1983-03-02",1983-03-02,-0.0163944746025185,24585600,-0.0909090909090932,0.46875,0.0944448,0.424479,0.489583,0,-1.20001536019661,1.38675259842627
"1983-03-03",1983-03-03,-0.00555519999999999,19459200,-0.0959592727272749,0.466146,0.0893861579848374,0.424479,0.489583,0,-1.055552,1.34857370076068
"1983-03-04",1983-03-04,-0.0335195410879853,25651200,-0.126262303030305,0.450521,0.0578041867082778,0.424479,0.489583,0,-1.3157905373997,1.11484708910993
"1983-03-07",1983-03-07,0,34540800,-0.126262303030305,0.450521,0.0578041867082778,0.424479,0.489583,0,-1,1.11484708910993
"1983-03-08",1983-03-08,-0.0404620428348512,27312000,-0.161615515151517,0.432292,0.0180734318469924,0.424479,0.489583,0,-1.27999815679528,0.83127076618545
"1983-03-09",1983-03-09,0.0421682566413443,31065600,-0.126262303030305,0.450521,0.0578041867082778,0.424479,0.489583,0,3.1982961065525,1.11484708910993
"1983-03-10",1983-03-10,-0.00577997474035616,20265600,-0.131312484848487,0.447917,0.0523266587336494,0.424479,0.489583,0,-1.03999754239371,1.0750861474357
"1983-03-11",1983-03-11,0.0174407312068977,18230400,-0.116161939393942,0.455729,0.0685714536489888,0.424479,0.489583,0,1.31044968871465,1.19365973294071
"1983-03-14",1983-03-14,0.0228578826451685,29472000,-0.095959272727275,0.466146,0.0893861579848374,0.424479,0.489583,0,1.3035476605527,1.34857370076068
"1983-03-15",1983-03-15,0.027933308448426,26476800,-0.0707064242424265,0.479167,0.114131398865114,0.424479,0.489583,0,1.27683526664692,1.53740594957776
"1983-03-16",1983-03-16,0.0271742419657447,57360000,-0.045453575757578,0.492188,0.121693336692483,0.432292,0.492188,746,1.06625641937769,1.66134048332636
"1983-03-17",1983-03-17,-0.010583354328021,17376000,-0.0555558787878809,0.486979,0.112298476936377,0.432292,0.492188,759,-1.22225540811536,1.58770380758014
"1983-03-18",1983-03-18,0,18585600,-0.0555558787878809,0.486979,0.112298476936377,0.432292,0.492188,0,-1,1.58770380758014
"1983-03-21",1983-03-21,-0.0240646927280231,17616000,-0.0782836363636384,0.47526,0.0904094600850062,0.432292,0.492188,0,-1.4090972561614,1.41919565142817
"1983-03-22",1983-03-22,0.024658081892017,30268800,-0.0555558787878809,0.486979,0.112298476936377,0.432292,0.492188,0,1.24210980610646,1.58770380758014
"1983-03-23",1983-03-23,0.0160438129775617,13334400,-0.040403393939396,0.494792,0.039475173406199,0.47526,0.494792,759,-0.727256859596462,1.3698932767965
"1983-03-24",1983-03-24,-0.00263140875357731,17155200,-0.042928484848487,0.49349,0.0369409714482563,0.47526,0.494792,764,-1.062496999952,1.35078539364262
"1983-03-25",1983-03-25,0,8409600,-0.042928484848487,0.49349,0.0369409714482563,0.47526,0.494792,0,-1,1.35078539364262
"1983-03-28",1983-03-28,-0.013193783055381,8169600,-0.0555558787878808,0.486979,0.0240646927280231,0.47526,0.494792,0,-1.29414953693244,1.25446339569101
"1983-03-29",1983-03-29,0.00534725316697434,11299200,-0.0505056969696991,0.489583,0.0292555092803467,0.47526,0.494792,0,1.21570259013858,1.29314148873397
"1983-03-30",1983-03-30,0.0159584789504538,13574400,-0.0353532121212141,0.497396,0.0209430715164577,0.486979,0.497396,764,-0.699984640196616,1.31897490535848
"1983-03-31",1983-03-31,0.0104705305229637,16867200,-0.0252528484848504,0.502604,0.0310880932105595,0,0.502604,0,1.4844094471114,1.39543746000135
"1983-04-04",1983-04-04,-0.0310880932105595,18336000,-0.0555558787878807,0.486979,0,0,0.502604,770,-2.19998464019651,1.16357612174462
"1983-04-05",1983-04-05,-0.0267383193115104,16358400,-0.0808087272727291,0.473958,0,0.473958,0.486979,771,-1.45454862808069,1.0682014338519
"1983-04-06",1983-04-06,-0.0384612138628317,21897600,-0.116161939393941,0.455729,0,0.455729,0.473958,772,-1.43749250005999,0.934679800675016
"1983-04-07",1983-04-07,0.00571392208966293,30355200,-0.111111757575759,0.458333,0.00568145867742453,0.455729,0.458333,772,-0.956524642714039,0.975210945645032
"1983-04-08",1983-04-08,-0.00568145867742448,13900800,-0.116161939393941,0.455729,0,0,0.458333,774,-1.04545137191929,0.934679800675016
"1983-04-11",1983-04-11,0.05142968738,25315200,-0.0707064242424261,0.479167,0.0489140529293545,0.455729,0.479167,774,-0.608688393214912,1.29109377542655
"1983-04-12",1983-04-12,0.0271742419657447,22185600,-0.0454535757575777,0.492188,0.074075353320276,0,0.492188,0,1.51439819201368,1.48149739335061
"1983-04-13",1983-04-13,0.0105813225840532,27177600,-0.0353532121212141,0.497396,0.0837702755953004,0,0.497396,0,1.13087919045228,1.55626001732463
"1983-04-14",1983-04-14,0.0157057957844454,31689600,-0.0202026666666687,0.505208,0.0979378790517965,0,0.505208,0,1.16912446993658,1.66698848835871
"1983-04-15",1983-04-15,0,10531200,-0.0202026666666687,0.505208,0.0979378790517965,0,0.505208,0,-1,1.66698848835871
"1983-04-18",1983-04-18,-0.0154629380374024,13392000,-0.0353532121212141,0.497396,0.0837702755953004,0.455729,0.505208,780,-1.74992800230385,1.55626001732463
"1983-04-19",1983-04-19,-0.0209430715164577,8572800,-0.0555558787878807,0.486979,0.0641711449569694,0.455729,0.505208,0,-1.57145208184757,1.40593701523594
"1983-04-20",1983-04-20,0.00534725316697434,13680000,-0.050505696969699,0.489583,0.0691486428246079,0.455729,0.505208,0,1.07756598189071,1.4438094485536
"1983-04-21",1983-04-21,0,29433600,-0.050505696969699,0.489583,0.0691486428246079,0.455729,0.505208,0,-1,1.4438094485536
"1983-04-22",1983-04-22,-0.0265940606597859,9792000,-0.075756606060608,0.476563,0.0437172000344132,0.455729,0.505208,0,-1.49996160049149,1.25239288438939
"1983-04-25",1983-04-25,-0.00546622377314232,31334400,-0.0808087272727293,0.473958,0.0384612138628317,0.455729,0.505208,0,-1.06668885361733,1.21346133474361
"1983-04-26",1983-04-26,0.0494516391747792,16070400,-0.0353532121212142,0.497396,0.0837702755953004,0.455729,0.505208,0,2.17804554723777,1.55626001732463
"1983-04-27",1983-04-27,0,35001600,-0.0353532121212142,0.497396,0.0837702755953004,0.455729,0.505208,0,-1,1.55626001732463
"1983-04-28",1983-04-28,0.0157057957844454,13036800,-0.0202026666666688,0.505208,0.0618557109151082,0.473958,0.505208,780,-0.571452081847632,1.53071374190412
"1983-04-29",1983-04-29,0.0206192300992859,12480000,-2.22044604925031e-15,0.515625,0.0808087272727273,0,0.515625,0,1.306406895616,1.67859650649235
"1983-05-02",1983-05-02,-0.0202026666666667,50073600,-0.0202026666666689,0.505208,0.0618557109151082,0.473958,0.515625,790,-9098472207190.05,1.53071374190412
"1983-05-03",1983-05-03,0.00515629206188336,14131200,-0.015150545454548,0.507813,0.0666682420497309,0.473958,0.515625,0,1.07780253534273,1.56797045531232
"1983-05-04",1983-05-04,0.0358970723474981,33216000,0,0.526042,0.0396052026264063,0.505208,0.526042,790,0,1.52297947558275
"1983-05-05",1983-05-05,0.0396033016375118,17347200,0,0.546875,0.0761910857142857,0,0.546875,0,1.92376457287675,1.66115664727406
"1983-05-06",1983-05-06,0.0619044571428572,53625600,0,0.580729,0.130045167367223,0,0.580729,0,1.70682916706147,1.86455216649556
"1983-05-09",1983-05-09,0.0156957892579843,25545600,0,0.589844,0.14348878686568,0,0.589844,0,1.10337654040226,1.91532588473899
"1983-05-10",1983-05-10,0.011036816514197,33139200,0,0.596354,0.152838750138341,0,0.596354,0,1.06516163023535,1.95063872596058
"1983-05-11",1983-05-11,-0.0349339486278286,47520000,-0.0349339486278286,0.575521,0.122172779099286,0.505208,0.596354,797,0,1.7028816514361
"1983-05-12",1983-05-12,-0.0181001214551683,25862400,-0.0524017613699246,0.565104,0.105991109601065,0.505208,0.596354,0,-1.500024000384,1.57579464703946
"1983-05-13",1983-05-13,0.00921777230385895,30259200,-0.0436670165706947,0.570313,0.114156612246258,0.505208,0.596354,0,1.07703950525593,1.63962332071517
"1983-05-16",1983-05-16,-0.0182654086440253,18595200,-0.0611348293127908,0.559896,0.0976752825524739,0.505208,0.596354,0,-1.40002304058984,1.51140456289899
"1983-05-17",1983-05-17,0,10531200,-0.0611348293127908,0.559896,0.0976752825524739,0.505208,0.596354,0,-1,1.51140456289899
"1983-05-18",1983-05-18,0.00930172746367201,13728000,-0.0524017613699246,0.565104,0.105991109601065,0.505208,0.596354,0,1.08513747625069,1.57579464703946
"1983-05-19",1983-05-19,0.00921777230385895,22243200,-0.0436670165706948,0.570313,0.114156612246258,0.505208,0.596354,0,1.07703950525593,1.63962332071517
"1983-05-20",1983-05-20,0.0502268052806091,29836800,0,0.598958,0.0652165928161909,0.559896,0.598958,797,0,1.61970829994942
"1983-05-23",1983-05-23,0.00869677005733293,14256000,0,0.604167,0.0732760975028428,0,0.604167,0,1.12358058491904,1.65014735099432
"1983-05-24",1983-05-24,0.0215519881092479,18835200,0,0.617188,0.0928274691017972,0,0.617188,0,1.26681786101117,1.72398876200359
"1983-05-25",1983-05-25,0.00421913582247233,22723200,0,0.619792,0.0966388723959006,0,0.619792,0,1.04105900258816,1.73838362917379
"1983-05-26",1983-05-26,-0.00840443245475905,14659200,-0.00840443245475908,0.614583,0.0889822855497142,0.559896,0.619792,808,0,1.67772454336865
"1983-05-27",1983-05-27,-0.00847403849439374,11702400,-0.0168072514650077,0.609375,0.0811963076923078,0.559896,0.619792,0,-1.99980802457285,1.61658286861709
"1983-05-31",1983-05-31,-0.0213677948717948,12124800,-0.0378159124351395,0.596354,0.0611348293127909,0.559896,0.619792,0,-2.24997600076796,1.4614696058684
"1983-06-01",1983-06-01,-0.0218343467135293,22684800,-0.0588245734052716,0.583333,0.0401777372444213,0.559896,0.619792,0,-1.55555081491595,1.30297379892483
"1983-06-02",1983-06-02,0.00446571683755242,8409600,-0.0546215504556369,0.585938,0.0444449754069544,0.559896,0.619792,0,1.10620902159256,1.33496419044156
"1983-06-03",1983-06-03,0.00888831241530672,14582400,-0.0462187314453884,0.591146,0.0528634212191236,0.559896,0.619792,0,1.18941276792454,1.39849456339577
"1983-06-06",1983-06-06,0.0176217042828675,18336000,-0.0294114799803807,0.601563,0.0692645658060752,0.559896,0.619792,0,1.31025507257594,1.52391567819688
"1983-06-07",1983-06-07,0.00432872367482716,20899200,-0.0252100704752565,0.604167,0.0732760975028428,0.559896,0.619792,0,1.05791607368187,1.5549342266304
"1983-06-08",1983-06-08,-0.00862178834659957,9907200,-0.0336145029300156,0.598958,0.0652165928161909,0.559896,0.619792,0,-1.333376,1.49275340503757
"1983-06-09",1983-06-09,-0.00869510049118634,24240000,-0.0420173219402641,0.59375,0.0570172631578948,0.559896,0.619792,0,-1.24997600076797,1.43005058762824
"1983-06-10",1983-06-10,-0.00877136842105262,10675200,-0.0504201409505126,0.588542,0.0486728219906142,0.559896,0.619792,0,-1.1999846401966,1.36679971462481
"1983-06-13",1983-06-13,0.0442466298072185,17990400,-0.00840443245475941,0.614583,0.0889822855497142,0.559896,0.619792,0,1.82817190190602,1.67772454336865
"1983-06-14",1983-06-14,0.0169497041083141,14928000,0,0.625,0.0666672,0.583333,0.625,808,0,1.62518693763632
"1983-06-15",1983-06-15,0.00416640000000008,17443200,0,0.627604,0.0705397033798383,0,0.627604,0,1.05808708600089,1.6398125669564
"1983-06-16",1983-06-16,0.0663905902448039,15676800,0,0.669271,0.128405384365974,0,0.669271,0,1.82032781842793,1.85835905160598
"1983-06-17",1983-06-17,-0.00389080058750482,16896000,-0.00389080058750468,0.666667,0.125000937499531,0.583333,0.669271,823,0,1.83080643909821
"1983-06-20",1983-06-20,-0.0117194941402529,18950400,-0.0155646965130715,0.658854,0.114624787889274,0.583333,0.669271,0,-4.00038402457775,1.74752806310585
"1983-06-21",1983-06-21,0.055336994235445,44688000,0,0.695313,0.0524353780239977,0.658854,0.695313,823,0,1.57143634471132
"1983-06-22",1983-06-22,0.142321515633966,73248000,0,0.794271,0.17049218717541,0,0.794271,0,3.25147245238476,2.0173120380289
"1983-06-23",1983-06-23,-0.0229506050202008,77942400,-0.0229506050202007,0.776042,0.151007290842506,0.658854,0.794271,827,0,1.85704209067814
"1983-06-24",1983-06-24,0,29923200,-0.0229506050202007,0.776042,0.151007290842506,0.658854,0.794271,0,-1,1.85704209067814
"1983-06-27",1983-06-27,-0.0234897080312664,24950400,-0.0459012100404018,0.757813,0.130584986005782,0.658854,0.794271,0,-2.00000000000001,1.69323174892264
"1983-06-28",1983-06-28,-0.0481108136176074,16761600,-0.0918036790969328,0.721354,0.0866426192964896,0.658854,0.794271,0,-2.0000274288222,1.3539067347533
"1983-06-29",1983-06-29,0.0469311877386137,46848000,-0.0491809470571127,0.755208,0.127586042520736,0.658854,0.794271,0,1.47255523386405,1.66951849560025
"1983-06-30",1983-06-30,0.0275871018315484,30115200,-0.0229506050202009,0.776042,0.151007290842506,0.658854,0.794271,0,1.18357218281117,1.85704209067814
"1983-07-01",1983-07-01,0.0201342195396641,22803200,-0.00327847800058156,0.791667,0.167763718836329,0.658854,0.794271,0,1.11096436404054,1.99462506738171
"1983-07-05",1983-07-05,-0.0394736675900347,16563200,-0.0426227320398203,0.760417,0.13356224282203,0.658854,0.794271,0,-13.0007680491556,1.71685834122777
"1983-07-06",1983-07-06,0.0273968099082477,26307200,-0.0163936490190375,0.78125,0.15666688,0.658854,0.794271,0,1.17298778973603,1.9031814076876
"1983-07-07",1983-07-07,0.00666623999999999,29014400,-0.00983669301787427,0.786458,0.162251512477462,0.658854,0.794271,0,1.0356465417417,1.94903762911012
"1983-07-08",1983-07-08,0,18454400,-0.00983669301787427,0.786458,0.162251512477462,0.658854,0.794271,0,-1,1.94903762911012
"1983-07-11",1983-07-11,0.0463584832247876,39552000,0,0.822917,0.12341827912171,0.721354,0.822917,827,0,1.8395238058932
"1983-07-12",1983-07-12,-0.0063299214866141,55180800,-0.00632992148661404,0.817708,0.117834239117142,0.721354,0.822917,839,0,1.7945272836407
"1983-07-13",1983-07-13,-0.0254773097487122,42134400,-0.0316459618649269,0.796875,0.0947714509803921,0.721354,0.822917,0,-4.9994240737186,1.61181064187225
"1983-07-14",1983-07-14,-0.0392156862745098,36348800,-0.0696206300270865,0.765625,0.0578233469387754,0.721354,0.822917,0,-2.1999846401966,1.32884311766287
"1983-07-15",1983-07-15,-0.0068022857142857,18691200,-0.0759493363243193,0.760417,0.0513704980293707,0.721354,0.822917,0,-1.09090274383858,1.28056987675114
"1983-07-18",1983-07-18,-0.0136990624880822,19404800,-0.0886079641081663,0.75,0.0381946666666666,0.721354,0.822917,0,-1.166672,1.18299856793591
"1983-07-19",1983-07-19,0.0277773333333333,24969600,-0.0632919237298536,0.770833,0.0641890007303786,0.721354,0.822917,0,1.68057496850464,1.37678704098689
"1983-07-20",1983-07-20,0.060810837107389,29648000,-0.00632992148661404,0.817708,0.117834239117142,0.721354,0.822917,0,1.83573879911445,1.7945272836407
"1983-07-21",1983-07-21,0.0700641304720022,40380800,0,0.875,0.142857142857143,0.75,0.875,839,1.21235681519635,1.91294029840763
"1983-07-22",1983-07-22,0.0119051428571429,17827200,0,0.885417,0.152941495363202,0,0.885417,0,1.07059046754241,1.95102677302622
"1983-07-25",1983-07-25,0.0529411565397999,29644800,0,0.932292,0.195531013888353,0,0.932292,0,1.27846934819102,2.11187841078401
"1983-07-26",1983-07-26,0.0111724652791185,29609600,0,0.942708,0.204419608192569,0,0.942708,0,1.045458743999,2.14544875862331
"1983-07-27",1983-07-27,-0.0662983659839526,45120000,-0.0662983659839527,0.880208,0.147928671404941,0.75,0.942708,850,0,1.6816994340499
"1983-07-28",1983-07-28,-0.0532544580371912,50326400,-0.116022140471917,0.833333,0.0999996399998559,0.75,0.942708,0,-1.75,1.31288536186769
"1983-07-29",1983-07-29,0.00625080250032102,107894400,-0.110496569457351,0.838542,0.105590417653499,0.75,0.942708,0,1.05590797780523,1.35486946854671
"1983-08-01",1983-08-01,-0.00621197268592392,31625600,-0.116022140471917,0.833333,0.0999996399998559,0.75,0.942708,0,-1.05000672004301,1.31288536186769
"1983-08-02",1983-08-02,-0.018750007500003,21120000,-0.132596731967905,0.817708,0.082802173881141,0.75,0.942708,0,-1.14285714285714,1.18533541610891
"1983-08-03",1983-08-03,0.0382165760882858,35715200,-0.099447548975929,0.848958,0.116564070307365,0.75,0.942708,0,1.40774166720173,1.43804446474968
"1983-08-04",1983-08-04,-0.0429444094996454,22553600,-0.138121242208616,0.8125,0.0769230769230769,0.75,0.942708,0,-1.38888533333333,1.14226639448599
"1983-08-05",1983-08-05,0,10876800,-0.138121242208616,0.8125,0.0769230769230769,0.75,0.942708,0,-1,1.14226639448599
"1983-08-08",1983-08-08,-0.0705132307692308,18412800,-0.198895097951858,0.755208,0.00689611338862939,0.75,0.942708,0,-1.44000368640944,0.648259260114372
"1983-08-09",1983-08-09,0.0620689929132107,30220800,-0.149171323463893,0.802083,0.0649346763364889,0.75,0.942708,0,9.41612654507044,1.05525490283157
"1983-08-10",1983-08-10,0,20044800,-0.149171323463893,0.802083,0.0649346763364889,0.75,0.942708,0,-1,1.05525490283157
"1983-08-11",1983-08-11,0,13996800,-0.149171323463893,0.802083,0.0649346763364889,0.75,0.942708,0,-1,1.05525490283157
"1983-08-12",1983-08-12,0.00649434036128433,28876800,-0.143645752449327,0.807292,0.0709681255357417,0.75,0.942708,0,1.09291567371473,1.09891088666642
"1983-08-15",1983-08-15,0.0129023946725596,18598400,-0.132596731967905,0.817708,0.082802173881141,0.75,0.942708,0,1.16675159807397,1.18533541610891
"1983-08-16",1983-08-16,-0.00636902170456935,52243200,-0.138121242208616,0.8125,0.0769230769230769,0.75,0.942708,0,-1.041664,1.14226639448599
"1983-08-17",1983-08-17,-0.00640984615384614,42012800,-0.143645752449327,0.807292,0.0709681255357417,0.75,0.942708,0,-1.03999754239371,1.09891088666642
"1983-08-18",1983-08-18,-0.0129036333817256,14736000,-0.154695833704604,0.796875,0.0588235294117647,0.75,0.942708,0,-1.07692591717375,1.01130947737805
"1983-08-19",1983-08-19,-0.00653552941176469,10617600,-0.160220343945315,0.791667,0.0526319778391673,0.75,0.942708,0,-1.03571208162761,0.967060380510959
"1983-08-22",1983-08-22,-0.00657978670324773,9168000,-0.165745914959882,0.786458,0.0463572117010699,0.75,0.942708,0,-1.03448732463371,0.922492993444134
"1983-08-23",1983-08-23,-0.0132441910438955,22137600,-0.176794935441303,0.776042,0.0335574620961236,0.75,0.942708,0,-1.0666624,0.832421213819862
"1983-08-24",1983-08-24,-0.00671226557325508,29676800,-0.18232050645587,0.770833,0.0270266062817757,0.75,0.942708,0,-1.0312541250165,0.786886630004537
"1983-08-25",1983-08-25,0,23897600,-0.18232050645587,0.770833,0.0270266062817757,0.75,0.942708,0,-1,0.786886630004537
"1983-08-26",1983-08-26,0.027027903579634,42694400,-0.160220343945315,0.791667,0.0526319778391673,0.75,0.942708,0,1.94741349655349,0.967060380510958
"1983-08-29",1983-08-29,0.00657852354588481,24480000,-0.154695833704604,0.796875,0.0588235294117647,0.75,0.942708,0,1.11763858830306,1.01130947737805
"1983-08-30",1983-08-30,0.0163400784313725,32134400,-0.140883497328972,0.809896,0.0739551744915395,0.75,0.942708,0,1.25723796635617,1.12062479677017
"1983-08-31",1983-08-31,0.0546625739601135,26409600,-0.0939219779613625,0.854167,0.121951562165244,0.75,0.942708,0,1.64899296098876,1.47926080381089
"1983-09-01",1983-09-01,0.0548780273646722,27235200,-0.0441982034733981,0.901042,0.167630365732119,0.75,0.942708,0,1.37456513681211,1.83957623957648
"1983-09-02",1983-09-02,0.0289009835279598,22400000,-0.0165745914959884,0.927083,0.191010945082587,0.75,0.942708,0,1.13947699301588,2.03220832351882
"1983-09-06",1983-09-06,0.00561869864941976,31555200,-0.0110490204814218,0.932292,0.195531013888353,0.75,0.942708,0,1.02366392566568,2.07014858848028
"1983-09-07",1983-09-07,-0.0391068463528594,24195200,-0.0497237744879646,0.895833,0.162790386154562,0.75,0.942708,0,-4.50028801843313,1.80042773903591
"1983-09-08",1983-09-08,0.0348837339102266,42230400,-0.0165745914959882,0.927083,0.191010945082587,0.75,0.942708,0,1.17335519372275,2.03220832351882
"1983-09-09",1983-09-09,-0.00561761999734651,57248000,-0.022099101736699,0.921875,0.186440677966102,0.75,0.942708,0,-1.333312,1.99408247643402
"1983-09-12",1983-09-12,-0.0451981016949153,20121600,-0.0662983659839528,0.880208,0.147928671404941,0.75,0.942708,0,-3.00004800076801,1.6816994340499
"1983-09-13",1983-09-13,-0.00591678330576408,16640000,-0.0718228762246634,0.875,0.142857142857143,0.75,0.942708,0,-1.083328,1.64168042815599
"1983-09-14",1983-09-14,-0.0178571428571429,26131200,-0.0883974677206517,0.859375,0.127272727272727,0.75,0.942708,0,-1.2307703668695,1.52022263439172
"1983-09-15",1983-09-15,0,15705600,-0.0883974677206517,0.859375,0.127272727272727,0.75,0.942708,0,-1,1.52022263439172
"1983-09-16",1983-09-16,0.00606021818181817,16899200,-0.0828729574799409,0.864583,0.13252978603558,0.75,0.942708,0,1.04130546170813,1.56094234881624
"1983-09-19",1983-09-19,0.0240971659169797,18652800,-0.0607727949693861,0.885417,0.152941495363202,0.75,0.942708,0,1.15401601359367,1.72150073139766
"1983-09-20",1983-09-20,0.0294110006923291,29734400,-0.0331491829919763,0.911458,0.177142556212135,0.75,0.942708,0,1.15823737561517,1.91723160108233
"1983-09-21",1983-09-21,0,38393600,-0.0331491829919763,0.911458,0.177142556212135,0.75,0.942708,0,-1,1.91723160108233
"1983-09-22",1983-09-22,-0.0171428634122472,16006400,-0.0497237744879646,0.895833,0.162790386154562,0.75,0.942708,0,-1.5,1.80042773903591
"1983-09-23",1983-09-23,-0.00581358355854271,14969600,-0.0552482847286753,0.890625,0.157894736842105,0.75,0.942708,0,-1.111104,1.76107299195572
"1983-09-26",1983-09-26,0.0116962807017544,29107200,-0.044198203473398,0.901042,0.167630365732119,0.75,0.942708,0,1.06165898297009,1.83957623957648
"1983-09-27",1983-09-27,0,17014400,-0.044198203473398,0.901042,0.167630365732119,0.75,0.942708,0,-1,1.83957623957648
"1983-09-28",1983-09-28,0.00577997474035616,19769600,-0.0386736932326871,0.90625,0.172413793103448,0.75,0.942708,0,1.02853556603804,1.87850714803046
"1983-09-29",1983-09-29,-0.00574675862068964,12780800,-0.044198203473398,0.901042,0.167630365732119,0.75,0.942708,0,-1.1428493060508,1.83957623957648
"1983-09-30",1983-09-30,-0.0462431274013864,15123200,-0.0883974677206515,0.859375,0.127272727272727,0.75,0.942708,0,-2.000024000384,1.52022263439172
"1983-10-03",1983-10-03,-0.0121216,24825600,-0.099447548975929,0.848958,0.116564070307365,0.75,0.942708,0,-1.125004500018,1.43804446474968
"1983-10-04",1983-10-04,-0.00613457909578565,17878400,-0.10497205921664,0.84375,0.111111111111111,0.75,0.942708,0,-1.055552,1.39658487566488
"1983-10-05",1983-10-05,-0.00617244444444443,16752000,-0.110496569457351,0.838542,0.105590417653499,0.75,0.942708,0,-1.05262838780088,1.35486946854671
"1983-10-06",1983-10-06,0.0372670659311042,19497600,-0.0773473864653742,0.869792,0.137724881350944,0.75,0.942708,0,1.30433124909967,1.60143204667478
"1983-10-07",1983-10-07,0.0119752768477981,22841600,-0.0662983659839524,0.880208,0.147928671404941,0.75,0.942708,0,1.07408821088759,1.6816994340499
"1983-10-10",1983-10-10,0.0295861887190301,13980800,-0.038673693232687,0.90625,0.172413793103448,0.75,0.942708,0,1.16551978373065,1.87850714803046
"1983-10-11",1983-10-11,-0.0114946206896552,27436800,-0.0497237744879644,0.895833,0.162790386154562,0.75,0.942708,0,-1.2857260409238,1.80042773903591
"1983-10-12",1983-10-12,-0.0290690340721987,14304000,-0.0773473864653742,0.869792,0.137724881350944,0.75,0.942708,0,-1.55554133333334,1.60143204667478
"1983-10-13",1983-10-13,-0.00598878812405727,13001600,-0.0828729574799406,0.864583,0.13252978603558,0.75,0.942708,0,-1.0714383674365,1.56094234881624
"1983-10-14",1983-10-14,-0.0180722961242587,28716800,-0.0994475489759289,0.848958,0.116564070307365,0.75,0.942708,0,-1.2,1.43804446474968
"1983-10-17",1983-10-17,-0.00613457909578565,21417600,-0.10497205921664,0.84375,0.111111111111111,0.75,0.942708,0,-1.055552,1.39658487566488
"1983-10-18",1983-10-18,-0.0555555555555556,21312000,-0.154695833704604,0.796875,0.0588235294117647,0.75,0.942708,0,-1.47368580609956,1.01130947737805
"1983-10-19",1983-10-19,-0.0130723137254902,48742400,-0.165745914959881,0.786458,0.0463572117010699,0.75,0.942708,0,-1.07143102041376,0.922492993444135
"1983-10-20",1983-10-20,0.0331130206571743,36393600,-0.138121242208616,0.8125,0.0769230769230769,0.75,0.942708,0,1.65935512729083,1.14226639448599
"1983-10-21",1983-10-21,-0.0128209230769231,40972800,-0.149171323463893,0.802083,0.0649346763364889,0.75,0.942708,0,-1.08000276480708,1.05525490283157
"1983-10-24",1983-10-24,-0.00649309360751941,25712000,-0.154695833704604,0.796875,0.0588235294117647,0.75,0.942708,0,-1.03703466666667,1.01130947737805
"1983-10-25",1983-10-25,0.0326801568627451,32115200,-0.127071160953339,0.822917,0.0886079641081664,0.75,0.942708,0,1.50633538983883,1.22813157997395
"1983-10-26",1983-10-26,-0.025317255567694,21350400,-0.149171323463893,0.802083,0.0649346763364889,0.75,0.942708,0,-1.1739195765959,1.05525490283157
"1983-10-27",1983-10-27,0.0129874339688037,20716800,-0.138121242208616,0.8125,0.0769230769230769,0.75,0.942708,0,1.18462247389152,1.14226639448599
"1983-10-28",1983-10-28,-0.0256406153846154,28448000,-0.160220343945315,0.791667,0.0526319778391673,0.75,0.942708,0,-1.15999784959449,0.967060380510959
"1983-10-31",1983-10-31,-0.00657978670324773,31104000,-0.165745914959882,0.786458,0.0463572117010699,0.75,0.942708,0,-1.03448732463371,0.922492993444134
"1983-11-01",1983-11-01,-0.019867558089561,36748800,-0.18232050645587,0.770833,0.0270266062817757,0.75,0.942708,0,-1.1,0.786886630004537
"1983-11-02",1983-11-02,0.00675762454383767,28198400,-0.176794935441303,0.776042,0.0335574620961236,0.75,0.942708,0,1.24164542696401,0.832421213819862
"1983-11-03",1983-11-03,-0.0134232425564596,28572800,-0.18784501669658,0.765625,0.0204081632653061,0.75,0.942708,0,-1.062502250009,0.741025254100973
"1983-11-04",1983-11-04,0,22841600,-0.18784501669658,0.765625,0.0204081632653061,0.75,0.942708,0,-1,0.741025254100973
"1983-11-07",1983-11-07,-0.0340140408163265,41292800,-0.215469689447846,0.739583,0,0.739583,0.932292,922,-1.14706098270303,0.559615353097884
"1983-11-08",1983-11-08,0,19353600,-0.215469689447846,0.739583,0,0.739583,0.739583,922,-1,0.559615353097884
"1983-11-09",1983-11-09,0.0563385042652414,39708800,-0.171270425200592,0.78125,0.05333376,0,0.78125,0,-0.794870153846154,0.927977035242195
"1983-11-10",1983-11-10,0.05333376,33292800,-0.127071160953339,0.822917,0.101266591892013,0,0.822917,0,1.89873340810799,1.27594054991089
"1983-11-11",1983-11-11,0.0443033744593926,18787200,-0.0883974677206515,0.859375,0.139394327272727,0,0.859375,0,1.37650852732727,1.5660033635421
"1983-11-14",1983-11-14,0.00606021818181817,27612800,-0.0828729574799408,0.864583,0.14457836899407,0,0.864583,0,1.03718976103812,1.60644730798569
"1983-11-15",1983-11-15,-0.0301197224557966,15024000,-0.110496569457351,0.838542,0.118013170479237,0.739583,0.864583,928,-1.3333248,1.40178758846629
"1983-11-16",1983-11-16,0.0372670659311042,10169600,-0.0773473864653742,0.869792,0.0359281299437106,0.838542,0.869792,928,-0.699998079987712,1.21696716542456
"1983-11-17",1983-11-17,0.0179640649718553,12028800,-0.0607727949693861,0.885417,0.0529411565397999,0,0.885417,0,1.4735294217301,1.34382052196822
"1983-11-18",1983-11-18,-0.0176470521799333,8873600,-0.0773473864653743,0.869792,0.0359281299437106,0.838542,0.885417,931,-1.27273044631792,1.21696716542456
"1983-11-21",1983-11-21,0,7929600,-0.0773473864653743,0.869792,0.0359281299437106,0.838542,0.885417,0,-1,1.21696716542456
"1983-11-22",1983-11-22,0.0239517033957544,28966400,-0.0552482847286755,0.890625,0.0233914385964912,0.869792,0.890625,931,-0.714287673487302,1.25308237464327
"1983-11-23",1983-11-23,-0.0175438596491228,26739200,-0.0718228762246637,0.875,0.00595199999999996,0.869792,0.890625,934,-1.30000192001229,1.1246185498201
"1983-11-25",1983-11-25,0.0178571428571429,10876800,-0.0552482847286755,0.890625,0.0175438596491229,0.875,0.890625,934,2.9475570647048,1.2309973010577
"1983-11-28",1983-11-28,0.00584757894736841,15219200,-0.0497237744879647,0.895833,0.023255450513656,0,0.895833,0,1.32556067927839,1.27343368745928
"1983-11-29",1983-11-29,-0.0116271671170854,65731200,-0.0607727949693863,0.885417,0.0117650779237354,0.875,0.895833,937,-1.222208,1.18830714893194
"1983-11-30",1983-11-30,-0.0176470521799333,18528000,-0.0773473864653745,0.869792,0,0.869792,0.885417,938,-1.27273044631792,1.08127418876863
"1983-12-01",1983-12-01,0.00598763842389904,19356800,-0.0718228762246637,0.875,0.00595199999999996,0.869792,0.875,938,-0.9285753469746,1.1246185498201
"1983-12-02",1983-12-02,-0.0178571428571429,16976000,-0.0883974677206518,0.859375,0,0,0.875,940,-1.2307703668695,1.03954036014556
"1983-12-05",1983-12-05,-0.00606021818181817,20614400,-0.0939219779613627,0.854167,0,0.854167,0.859375,941,-1.062496249985,1.01867544899369
"1983-12-06",1983-12-06,-0.0182926757882241,24585600,-0.110496569457351,0.838542,0,0.838542,0.854167,942,-1.17647191696502,0.956076709218749
"1983-12-07",1983-12-07,0.0279497031752733,21440000,-0.0856352126002963,0.861979,0.0271897575230952,0.838542,0.861979,942,-0.775003360021503,1.15266280094037
"1983-12-08",1983-12-08,0.00302095526689158,22083200,-0.0828729574799409,0.864583,0.0301197224557966,0,0.864583,0,1.10775987723365,1.17416111671662
"1983-12-09",1983-12-09,0.00602486979272091,11427200,-0.0773473864653743,0.869792,0.0359281299437106,0,0.869792,0,1.1928439910573,1.21696716542456
"1983-12-12",1983-12-12,0.0299393418196534,20822400,-0.0497237744879647,0.895833,0.0639527679824253,0,0.895833,0,1.78001939100703,1.42713888051832
"1983-12-13",1983-12-13,-0.0174418669551133,14592000,-0.0662983659839528,0.880208,0.0473365386363223,0.838542,0.895833,947,-1.33333333333333,1.30178414358175
"1983-12-14",1983-12-14,-0.0473365386363223,21619200,-0.110496569457351,0.838542,0,0.838542,0.880208,948,-1.666656,0.95607670921875
"1983-12-15",1983-12-15,-0.012422752825738,17116800,-0.121546650712628,0.828125,0,0.828125,0.838542,949,-1.10000384002458,0.914342880595673
"1983-12-16",1983-12-16,0.0251568301886792,23289600,-0.099447548975929,0.848958,0.0245394942977155,0.828125,0.848958,949,-0.818184198354031,1.0904870309558
"1983-12-19",1983-12-19,0.0306752513080741,19238400,-0.0718228762246634,0.875,0.0535714285714286,0,0.875,0,2.18306978625944,1.30446709800881
"1983-12-20",1983-12-20,-0.0178571428571429,12297600,-0.0883974677206517,0.859375,0.0363636363636364,0.828125,0.875,952,-1.2307703668695,1.17687815278732
"1983-12-21",1983-12-21,0.0181818181818182,14438400,-0.0718228762246637,0.875,0.0178571428571429,0.859375,0.875,952,-0.812499249997001,1.16958176594994
"1983-12-22",1983-12-22,-0.0178571428571429,12422400,-0.0883974677206518,0.859375,0,0,0.875,954,-1.2307703668695,1.03954036014556
"1983-12-23",1983-12-23,-0.0121216,2499200,-0.0994475489759293,0.848958,0,0.848958,0.859375,955,-1.125004500018,0.99780653152248
"1983-12-27",1983-12-27,0.0184049152019299,10195200,-0.0828729574799412,0.864583,0.0180722961242588,0.848958,0.864583,955,-0.833333333333334,1.12866052588346
"1983-12-28",1983-12-28,0,5481600,-0.0828729574799412,0.864583,0.0180722961242588,0,0.864583,0,-1,1.12866052588346
"1983-12-29",1983-12-29,-0.00602371316576892,15814400,-0.0883974677206518,0.859375,0.0121216000000001,0.848958,0.864583,958,-1.0666624,1.08532108929593
"1983-12-30",1983-12-30,0.0181818181818182,25622400,-0.0718228762246638,0.875,0.0178571428571429,0.859375,0.875,958,1.47316714436566,1.16958176594994
"1984-01-03",1984-01-03,-0.0297622857142857,9737600,-0.0994475489759293,0.848958,0,0,0.875,960,-1.38462220121699,0.99780653152248
"1984-01-04",1984-01-04,0.00920304655825136,11596800,-0.0911597228410075,0.856771,0.00911912284612804,0.848958,0.856771,960,-0.916661333333335,1.06354891013882
"1984-01-05",1984-01-05,0.0455921127115647,36633600,-0.0497237744879648,0.895833,0.0523256008653399,0,0.895833,0,5.73800811199262,1.38322552018855
"1984-01-06",1984-01-06,-0.00581358355854271,20451200,-0.0552482847286756,0.890625,0.046784,0.848958,0.895833,963,-1.111104,1.34143115019663
"1984-01-09",1984-01-09,0,13603200,-0.0552482847286756,0.890625,0.046784,0.848958,0.895833,0,-1,1.34143115019663
"1984-01-10",1984-01-10,-0.0116962807017544,34198400,-0.0662983659839529,0.880208,0.0355029720247941,0.848958,0.895833,0,-1.20000768004915,1.25709125585032
"1984-01-11",1984-01-11,-0.0177514860123971,15926400,-0.0828729574799412,0.864583,0.0180722961242588,0.848958,0.895833,0,-1.25,1.12866052588346
"1984-01-12",1984-01-12,-0.00602371316576892,20854400,-0.0883974677206518,0.859375,0.0121216000000001,0.848958,0.895833,0,-1.0666624,1.08532108929593
"1984-01-13",1984-01-13,0.0303034181818182,42406400,-0.0607727949693863,0.885417,0.0411772080274041,0.848958,0.895833,0,3.39701095791017,1.29939056712852
"1984-01-16",1984-01-16,-0.044118195155503,22601600,-0.102209804096285,0.846354,0,0.846354,0.890625,969,-1.68183484316908,0.987374075946548
"1984-01-17",1984-01-17,0.0153848153373174,33219200,-0.0883974677206518,0.859375,0.015151709090909,0.846354,0.859375,969,-0.864862901384479,1.09676517288119
"1984-01-18",1984-01-18,-0.0484852363636364,20630400,-0.132596731967905,0.817708,0,0,0.859375,971,-1.500006000024,0.872609051972596
"1984-01-19",1984-01-19,0.0127392663395736,15641600,-0.121546650712628,0.828125,0.0125790188679246,0.817708,0.828125,971,-0.916664,0.961851184430968
"1984-01-20",1984-01-20,-0.0503148679245283,25068800,-0.165745914959882,0.786458,0,0,0.828125,973,-1.36364033059005,0.747411572422711
"1984-01-23",1984-01-23,0,36230400,-0.165745914959882,0.786458,0,0.786458,0.786458,973,-1,0.747411572422711
"1984-01-24",1984-01-24,0.00662336704566553,17452800,-0.160220343945315,0.791667,0.00657978670324777,0,0.791667,0,-0.966662399999999,0.793130957895558
"1984-01-25",1984-01-25,-0.0263166204982651,24508800,-0.18232050645587,0.770833,0,0,0.791667,976,-1.13793605709708,0.684812832647768
"1984-01-26",1984-01-26,-0.0135126544919587,63440000,-0.193369526937292,0.760417,0,0.760417,0.770833,977,-1.06060218181818,0.643083010344037
"1984-01-27",1984-01-27,-0.0342469986862472,54124800,-0.220994199688557,0.734375,0,0.734375,0.760417,978,-1.14285949388615,0.538750441946018
"1984-01-30",1984-01-30,0.0141848510638298,26364800,-0.20994411843328,0.744792,0.0139864552787893,0.734375,0.744792,978,-0.949998319997311,0.633308165178065
"1984-01-31",1984-01-31,0.0279715679008367,59753600,-0.187845016696581,0.765625,0.0408163265306123,0,0.765625,0,2.91827526825264,0.818102586706042
"1984-02-01",1984-02-01,-0.0340140408163265,57936000,-0.215469689447846,0.739583,0.00704180599067306,0.734375,0.765625,981,-1.14706098270303,0.586210770599574
"1984-02-02",1984-02-02,0.0211267700853048,29280000,-0.198895097951858,0.755208,0.0275857776930329,0.734375,0.765625,0,3.91742938240142,0.726399762831181
"1984-02-03",1984-02-03,-0.0482754419974365,24796800,-0.237568791184545,0.71875,0,0.71875,0.755208,983,-1.19444266666667,0.476151702171076
"1984-02-06",1984-02-06,-0.036232347826087,36960000,-0.265193463935811,0.692708,0,0.692708,0.71875,984,-1.11628073120853,0.371819133773056
"1984-02-07",1984-02-07,0.0300761648486809,40649600,-0.243093301425256,0.713542,0.0291980009585981,0.692708,0.713542,984,-0.916664,0.565561488552371
"1984-02-08",1984-02-08,-0.0802924004473458,34358400,-0.303867157168498,0.65625,0,0,0.713542,986,-1.25000218182453,0.225756743071305
"1984-02-09",1984-02-09,0.0277775238095239,75756800,-0.284530310552154,0.674479,0.0270267866012137,0.65625,0.674479,986,-0.936364144132822,0.400862416807473
"1984-02-10",1984-02-10,0.0347497846485954,49481600,-0.259667892921244,0.697917,0.0597019416348935,0,0.697917,0,2.20899149113837,0.618169705459764
"1984-02-13",1984-02-13,-0.00746363822632207,52131200,-0.265193463935811,0.692708,0.0526311230706156,0.65625,0.697917,989,-1.02127937710128,0.570595796109373
"1984-02-14",1984-02-14,-0.0150366388146232,23385600,-0.276242484417232,0.682292,0.0381684088337545,0.65625,0.697917,0,-1.041664,0.474243349460918
"1984-02-15",1984-02-15,-0.00763456115563427,38777600,-0.281768055431799,0.677083,0.0307687536092325,0.65625,0.697917,0,-1.02000261120668,0.425427493331444
"1984-02-16",1984-02-16,-0.00769181917135712,47673600,-0.287292565672509,0.671875,0.0232558139534884,0.65625,0.697917,0,-1.01960658823529,0.376187792093886
"1984-02-17",1984-02-17,0,62144000,-0.287292565672509,0.671875,0.0232558139534884,0.65625,0.697917,0,-1,0.376187792093886
"1984-02-21",1984-02-21,0.0116286511627906,26169600,-0.279004739537588,0.679688,0.034483468885724,0.65625,0.697917,0,1.48278916208613,0.449893652126786
"1984-02-22",1984-02-22,0.0191558479773073,10467200,-0.265193463935811,0.692708,0.0526311230706156,0.65625,0.697917,0,1.52627113139434,0.570595796109373
"1984-02-23",1984-02-23,0.00751976301702885,23043200,-0.259667892921244,0.697917,0.0373138926262006,0.671875,0.697917,989,-0.979164,0.533614761568504
"1984-02-24",1984-02-24,0.089552196034772,41577600,-0.193369526937291,0.760417,0.116438743478907,0,0.760417,0,3.12051987299625,1.0828476105468
"1984-02-27",1984-02-27,0.0479447461064127,91481600,-0.154695833704604,0.796875,0.156862745098039,0,0.796875,0,1.34716968262763,1.38158293793181
"1984-02-28",1984-02-28,-0.0588235294117647,29907200,-0.204419608192569,0.75,0.104166666666667,0.671875,0.796875,999,-1.32142930612413,0.994764733559337
"1984-02-29",1984-02-29,0.0347226666666667,27708800,-0.176794935441303,0.776042,0.134228559794444,0.671875,0.796875,0,1.28859417402666,1.2126347381894
"1984-03-01",1984-03-01,-0.00671226557325508,41340800,-0.18232050645587,0.770833,0.128378001460757,0.671875,0.796875,0,-1.0312541250165,1.16966949461825
"1984-03-02",1984-03-02,0.00675762454383767,41212800,-0.176794935441303,0.776042,0.134228559794444,0.671875,0.796875,0,1.04557290397978,1.2126347381894
"1984-03-05",1984-03-05,-0.0268464851129192,17040000,-0.198895097951858,0.755208,0.110344434910647,0.671875,0.796875,0,-1.125004500018,1.03896177369842
"1984-03-06",1984-03-06,-0.0275857776930329,14131200,-0.220994199688557,0.734375,0.0851063829787234,0.671875,0.796875,0,-1.11110933333333,0.860179318341628
"1984-03-07",1984-03-07,-0.0283683404255319,20019200,-0.243093301425256,0.713542,0.0583946004579968,0.671875,0.796875,0,-1.0999985599977,0.675830893069427
"1984-03-08",1984-03-08,0.0255471997443738,21814400,-0.223756454808913,0.731771,0.0818507429236741,0.671875,0.796875,0,1.40168341390655,0.837450996248789
"1984-03-09",1984-03-09,0.00355849029272826,28448000,-0.220994199688557,0.734375,0.0851063829787234,0.671875,0.796875,0,1.03977532687865,0.860179318341628
"1984-03-12",1984-03-12,0.0212765957446809,25680000,-0.204419608192569,0.75,0.104166666666667,0.671875,0.796875,0,1.22395833333333,0.994764733559337
"1984-03-13",1984-03-13,0.0138893333333333,32172800,-0.193369526937292,0.760417,0.116438743478907,0.671875,0.796875,0,1.11781193739751,1.0828476105468
"1984-03-14",1984-03-14,-0.020547936198165,25900800,-0.20994411843328,0.744792,0.0979025016380413,0.671875,0.796875,0,-1.08571459918482,0.950241390968655
"1984-03-15",1984-03-15,-0.00699389896776552,13942400,-0.215469689447846,0.739583,0.0915488863318924,0.671875,0.796875,0,-1.02631924654904,0.905376207207806
"1984-03-16",1984-03-16,0.0492966982745683,47148800,-0.176794935441304,0.776042,0.134228559794444,0.671875,0.796875,0,1.46619544128396,1.2126347381894
"1984-03-19",1984-03-19,-0.0167787310480619,18336000,-0.190607271816936,0.763021,0.119454117252343,0.671875,0.796875,0,-1.07812631250525,1.10466849751866
"1984-03-20",1984-03-20,0,12988800,-0.190607271816936,0.763021,0.119454117252343,0.671875,0.796875,0,-1,1.10466849751866
"1984-03-21",1984-03-21,0.00341275010779526,9728000,-0.187845016696581,0.765625,0.122448979591837,0.671875,0.796875,0,1.02507123578811,1.12641191712632
"1984-03-22",1984-03-22,-0.0272104489795918,17254400,-0.20994411843328,0.744792,0.0979025016380413,0.671875,0.796875,0,-1.11764539792075,0.950241390968655
"1984-03-23",1984-03-23,0.0139851126220475,15008000,-0.198895097951858,0.755208,0.110344434910647,0.671875,0.796875,0,1.12708493720217,1.03896177369842
"1984-03-26",1984-03-26,-0.00689611338862935,24291200,-0.204419608192569,0.75,0.104166666666667,0.671875,0.796875,0,-1.027776,0.994764733559336
"1984-03-27",1984-03-27,-0.00694399999999999,8073600,-0.20994411843328,0.744792,0.0979025016380413,0.671875,0.796875,0,-1.02702534404384,0.950241390968655
"1984-03-28",1984-03-28,0.020979011589813,14611200,-0.193369526937292,0.760417,0.116438743478907,0.671875,0.796875,0,1.18933368944337,1.0828476105468
"1984-03-29",1984-03-29,0.00684887371008274,23849600,-0.187845016696581,0.765625,0.122448979591837,0.671875,0.796875,0,1.05161715021443,1.12641191712632
"1984-03-30",1984-03-30,-0.0204081632653061,11232000,-0.204419608192569,0.75,0.104166666666667,0.671875,0.796875,0,-1.08823546020793,0.994764733559336
"1984-04-02",1984-04-02,-0.0416666666666667,14006400,-0.237568791184545,0.71875,0.0652173913043478,0.671875,0.796875,0,-1.16216244265936,0.722464047669884
"1984-04-03",1984-04-03,-0.0434782608695652,13808000,-0.270717974176522,0.6875,0.0227272727272727,0.671875,0.796875,0,-1.13953509140107,0.43679034302229
"1984-04-04",1984-04-04,-0.015152,22352000,-0.281768055431799,0.677083,0.00769181917135708,0.671875,0.796875,0,-1.04081768596596,0.33827077432394
"1984-04-05",1984-04-05,-0.0307687536092325,35040000,-0.303867157168498,0.65625,0,0.65625,0.776042,1026,-1.07843011764706,0.225756743071305
"1984-04-06",1984-04-06,0.00793599999999998,30163200,-0.298342646927787,0.661458,0.00787351577877959,0.65625,0.661458,1026,-0.981819324298851,0.276358264351331
"1984-04-09",1984-04-09,0.0157485433693447,21891200,-0.28729256567251,0.671875,0.0232558139534884,0,0.671875,0,2.95367591897975,0.376187792093885
"1984-04-10",1984-04-10,0.0310072558139535,20009600,-0.265193463935811,0.692708,0.0526311230706156,0,0.692708,0,2.26313829203647,0.570595796109373
"1984-04-11",1984-04-11,-0.00751831940731158,29091200,-0.270717974176522,0.6875,0.0454545454545454,0.65625,0.692708,1030,-1.020832,0.52262646342339
"1984-04-12",1984-04-12,0.015152,32288000,-0.259667892921244,0.697917,0.0149258436175076,0.6875,0.697917,1030,-0.959182314034043,0.449059817677243
"1984-04-13",1984-04-13,-0.00746363822632207,24060800,-0.265193463935811,0.692708,0.00751831940731162,0.6875,0.697917,1032,-1.02127937710128,0.400214242046892
"1984-04-16",1984-04-16,-0.022556401831652,17686400,-0.281768055431799,0.677083,0,0.677083,0.692708,1033,-1.0625,0.309220393998113
"1984-04-17",1984-04-17,0.0307702305330366,60022400,-0.259667892921244,0.697917,0.0298516872350151,0.677083,0.697917,1033,-0.921566117647059,0.505431584110219
"1984-04-18",1984-04-18,-0.0149258436175075,18732800,-0.270717974176522,0.6875,0.0151520000000001,0.677083,0.697917,1035,-1.04255466908506,0.408180134059159
"1984-04-19",1984-04-19,0.00757527272727271,11004800,-0.265193463935811,0.692708,0.022556401831652,0.677083,0.697917,0,1.48867488329276,0.457009910804296
"1984-04-23",1984-04-23,0,13228800,-0.265193463935811,0.692708,0.022556401831652,0.677083,0.697917,0,-1,0.457009910804296
"1984-04-24",1984-04-24,-0.00751831940731158,19296000,-0.270717974176522,0.6875,0.0151520000000001,0.677083,0.697917,0,-1.020832,0.408180134059159
"1984-04-25",1984-04-25,-0.00757527272727271,30233600,-0.276242484417233,0.682292,0.00763456115563432,0.677083,0.697917,0,-1.02040688379675,0.358923440334166
"1984-04-26",1984-04-26,0.00763309550749531,24451200,-0.270717974176522,0.6875,0.0151520000000001,0.677083,0.697917,0,1.98465893338451,0.408180134059159
"1984-04-27",1984-04-27,0.0303025454545454,27388800,-0.248618872439823,0.708333,0.0367637820064857,0.682292,0.708333,1035,2.42633196980501,0.573266931971171
"1984-04-30",1984-04-30,0.0294127197236328,24108800,-0.226518709929268,0.729167,0.0642856848979726,0,0.729167,0,1.7486145709011,0.760679017508813
"1984-05-01",1984-05-01,0.0571419167351238,37692800,-0.18232050645587,0.770833,0.11486404967094,0,0.770833,0,1.78677492280343,1.11863014612953
"1984-05-02",1984-05-02,0.0202702790357963,55670400,-0.165745914959882,0.786458,0.132449539581262,0,0.786458,0,1.15309829281398,1.24764557599168
"1984-05-03",1984-05-03,-0.0331117491334566,26028800,-0.193369526937292,0.760417,0.102739680990825,0.682292,0.786458,1045,-1.1666624,1.03110913795399
"1984-05-04",1984-05-04,-0.0547949348844121,21062400,-0.237568791184546,0.71875,0.0507241739130435,0.682292,0.786458,0,-1.22857409307097,0.667726219337914
"1984-05-07",1984-05-07,-0.0289850434782609,28819200,-0.259667892921244,0.697917,0.022388049008693,0.682292,0.786458,0,-1.09302190589307,0.477242995135526
"1984-05-08",1984-05-08,0,20592000,-0.259667892921244,0.697917,0.022388049008693,0.682292,0.786458,0,-1,0.477242995135526
"1984-05-09",1984-05-09,0.022388049008693,24019200,-0.243093301425256,0.713542,0.0437955999786979,0.682292,0.786458,0,1.95620440002131,0.620693544302845
"1984-05-10",1984-05-10,0.0583931989987975,27872000,-0.198895097951858,0.755208,0.0965508839948729,0.682292,0.786458,0,2.20457954775902,0.986866438223154
"1984-05-11",1984-05-11,-0.0275857776930329,13920000,-0.220994199688557,0.734375,0.0709215319148936,0.682292,0.786458,0,-1.11110933333333,0.806606124655017
"1984-05-14",1984-05-14,-0.0283683404255319,5088000,-0.243093301425256,0.713542,0.0437955999786979,0.682292,0.786458,0,-1.0999985599977,0.620693544302845
"1984-05-15",1984-05-15,-0.00730020096924921,14432000,-0.248618872439823,0.708333,0.0367637820064857,0.682292,0.786458,0,-1.02273024794254,0.573266931971171
"1984-05-16",1984-05-16,-0.00735247404822307,25577600,-0.254143382680534,0.703125,0.0296291555555556,0.682292,0.786458,0,-1.0222208,0.525456039996714
"1984-05-17",1984-05-17,-0.0296291555555555,21283200,-0.276242484417233,0.682292,0,0.682292,0.760417,1055,-1.086955251416,0.330089311469323
"1984-05-18",1984-05-18,-0.0381684088337545,31699200,-0.303867157168498,0.65625,0,0.65625,0.682292,1056,-1.10000153600393,0.225756743071304
"1984-05-21",1984-05-21,0,40896000,-0.303867157168498,0.65625,0,0.65625,0.65625,1056,-1,0.225756743071304
"1984-05-22",1984-05-22,-0.00793599999999998,19088000,-0.309391667409209,0.651042,0,0,0.65625,1058,-1.01818067570115,0.204891831919438
"1984-05-23",1984-05-23,0.00799948390426423,12915200,-0.303867157168498,0.65625,0.00793599999999994,0.651042,0.65625,1058,-0.982143959186192,0.255729342937442
"1984-05-24",1984-05-24,-0.0158735238095238,19433600,-0.314917238423775,0.645833,0,0,0.65625,1060,-1.03636484231545,0.184022914448227
"1984-05-25",1984-05-25,0,17283200,-0.314917238423775,0.645833,0,0.645833,0.645833,1060,-1,0.184022914448227
"1984-05-29",1984-05-29,-0.0322575650361626,20448000,-0.337016340160474,0.625,0,0,0.645833,1062,-1.07017431578947,0.100559263521419
"1984-05-30",1984-05-30,0.025,16236800,-0.320441748664486,0.640625,0.024390243902439,0.625,0.640625,1062,-0.950819620532061,0.255274815434128
"1984-05-31",1984-05-31,0.00406478048780496,15238400,-0.317679493544131,0.643229,0.0283398292054619,0,0.643229,0,1.16193299742393,0.280624022512667
"1984-06-01",1984-06-01,0.0323897087973333,23772800,-0.295579331033576,0.664063,0.0588242380617501,0,0.664063,0,2.07567369708823,0.479224868872388
"1984-06-04",1984-06-04,0.0588227321805311,32201600,-0.254143382680534,0.703125,0.111111111111111,0,0.703125,0,1.8888661336246,0.833196217690399
"1984-06-05",1984-06-05,0.00740693333333332,56812800,-0.248618872439823,0.708333,0.11764664359842,0,0.708333,0,1.05881979238578,0.878744457994768
"1984-06-06",1984-06-06,0,27340800,-0.248618872439823,0.708333,0.11764664359842,0,0.708333,0,-1,0.878744457994768
"1984-06-07",1984-06-07,0,4764800,-0.248618872439823,0.708333,0.11764664359842,0,0.708333,0,-1,0.878744457994768
"1984-06-08",1984-06-08,0,16918400,-0.248618872439823,0.708333,0.11764664359842,0,0.708333,0,-1,0.878744457994768
"1984-06-11",1984-06-11,-0.0588226159165251,16617600,-0.292817075913221,0.666667,0.0625004687497657,0.625,0.708333,1071,-1.17777493333333,0.503541673166504
"1984-06-12",1984-06-12,-0.0117194941402529,20630400,-0.301104902048143,0.658854,0.0513831592431708,0.625,0.708333,0,-1.02830376646947,0.430252564556208
"1984-06-13",1984-06-13,-0.00395231720532933,12118400,-0.303867157168498,0.65625,0.0476190476190477,0.625,0.708333,0,-1.00917373015705,0.405603852483133
"1984-06-14",1984-06-14,-0.0952380952380952,12998400,-0.370165523152451,0.59375,0,0.59375,0.666667,1074,-1.21818207206641,-0.0246382160284663
"1984-06-15",1984-06-15,0.0263157894736842,52435200,-0.353590931656463,0.609375,0.0256410256410257,0.59375,0.609375,1074,-0.955223837825756,0.134801274968231
"1984-06-18",1984-06-18,0.0256410256410256,41504000,-0.337016340160475,0.625,0.05,0,0.625,0,1.95,0.289398728403839
"1984-06-19",1984-06-19,-0.0166672,28784000,-0.348066421415752,0.614583,0.0338977810971016,0.59375,0.625,1077,-1.03278796882672,0.186850211759904
"1984-06-20",1984-06-20,0.0677971893137298,26102400,-0.303867157168498,0.65625,0.0634925714285715,0.614583,0.65625,1077,1.87305981021868,0.46555480732291
"1984-06-21",1984-06-21,0.0158735238095238,31472000,-0.292817075913221,0.666667,0.0781259609370195,0,0.666667,0,1.23047404096573,0.562555864829814
"1984-06-22",1984-06-22,-0.0156254921872539,16416000,-0.303867157168498,0.65625,0.0634925714285715,0.614583,0.666667,1080,-1.03773714774255,0.46555480732291
"1984-06-25",1984-06-25,-0.0238095238095238,13184000,-0.320441748664486,0.640625,0.0406509268292683,0.614583,0.666667,0,-1.0545455180166,0.31668798868463
"1984-06-26",1984-06-26,-0.0487804878048781,21484800,-0.353590931656463,0.609375,0,0.609375,0.65625,1082,-1.10344839001202,0.0379605237464759
"1984-06-27",1984-06-27,0,21958400,-0.353590931656463,0.609375,0,0.609375,0.609375,1082,-1,0.0379605237464759
"1984-06-28",1984-06-28,0.0341874871794872,13184000,-0.331491829919764,0.630208,0.0330573397989236,0,0.630208,0,-0.937500937500938,0.246274781834586
"1984-06-29",1984-06-29,0,20860800,-0.331491829919764,0.630208,0.0330573397989236,0,0.630208,0,-1,0.246274781834586
"1984-07-02",1984-07-02,-0.0413212780542297,19833600,-0.359115441897173,0.604167,0,0,0.630208,1086,-1.0833312,0.0170956125946104
"1984-07-03",1984-07-03,0.00862013317509892,29596800,-0.353590931656463,0.609375,0.0085464615384615,0.604167,0.609375,1086,-0.984616338936791,0.0702387082177011
"1984-07-05",1984-07-05,-0.0256410256410256,17763200,-0.370165523152451,0.59375,0,0,0.609375,1088,-1.04687504687505,-0.0246382160284663
"1984-07-06",1984-07-06,-0.0263157894736842,33964800,-0.386740114648439,0.578125,0,0.578125,0.59375,1089,-1.04477616217424,-0.0872369558034088
"1984-07-09",1984-07-09,0.0360354594594594,35254400,-0.36464101291174,0.598958,0.034782071530892,0.578125,0.598958,1089,-0.942858004898747,0.127591250631314
"1984-07-10",1984-07-10,0.0521739420794112,31113600,-0.331491829919764,0.630208,0.0826441428861582,0,0.630208,0,2.3760558025636,0.433553689039053
"1984-07-11",1984-07-11,-0.0330573397989235,31971200,-0.353590931656463,0.609375,0.0512820512820513,0.578125,0.630208,1092,-1.0666656,0.231642026189985
"1984-07-12",1984-07-12,-0.0341874871794872,63753600,-0.375690033393162,0.588542,0.0176996713913365,0.578125,0.630208,0,-1.06249906249906,0.0213448023023615
"1984-07-13",1984-07-13,0.0176979722772546,23817600,-0.36464101291174,0.598958,0.034782071530892,0.578125,0.630208,0,1.96512527051303,0.127591250631313
"1984-07-16",1984-07-16,0,19558400,-0.36464101291174,0.598958,0.034782071530892,0.578125,0.630208,0,-1,0.127591250631313
"1984-07-17",1984-07-17,0.00434921981173967,21939200,-0.361877697017529,0.601563,0.0389618377460049,0.578125,0.630208,0,1.12017013453039,0.153813808834502
"1984-07-18",1984-07-18,0.00432872367482716,9372800,-0.359115441897174,0.604167,0.0431039762184959,0.578125,0.630208,0,1.10631270782179,0.179890248662717
"1984-07-19",1984-07-19,-0.0603458977401944,22812800,-0.397790195903716,0.567708,0,0.567708,0.609375,1098,-1.10769448899838,-0.128970784426486
"1984-07-20",1984-07-20,-0.0275229519400819,32412800,-0.414364787399705,0.552083,0,0.552083,0.567708,1099,-1.04166666666667,-0.191569524201429
"1984-07-23",1984-07-23,0.00943517550803053,27916800,-0.408839216385138,0.557292,0.00934698506348564,0.552083,0.557292,1099,-0.98666496,-0.135399013577165
"1984-07-24",1984-07-24,-0.0186921757355211,17212800,-0.419889297640415,0.546875,0,0,0.557292,1101,-1.02702793864292,-0.212434435353294
"1984-07-25",1984-07-25,0.0285714285714286,25712000,-0.403314706144427,0.5625,0.0277777777777778,0.546875,0.5625,1101,-0.960526282548449,-0.0449248817547846
"1984-07-26",1984-07-26,0.0555555555555556,31344000,-0.370165523152451,0.59375,0.0789473684210527,0,0.59375,0,2.84210526315789,0.273529360101671
"1984-07-27",1984-07-27,0.0438602105263158,31644800,-0.342540850401186,0.619792,0.117647533366033,0,0.619792,0,1.49020208930308,0.524024297281119
"1984-07-30",1984-07-30,0.00840281901024858,13808000,-0.337016340160475,0.625,0.125,0,0.625,0,1.06249571430531,0.57265792572747
"1984-07-31",1984-07-31,0.0166672,17059200,-0.325966258905197,0.635417,0.13934471378638,0,0.635417,0,1.11475771029104,0.668568715856775
"1984-08-01",1984-08-01,0.0327863434563444,18729600,-0.303867157168499,0.65625,0.166666666666667,0,0.65625,0,1.19607455595461,0.855221626012705
"1984-08-02",1984-08-02,0.0476190476190476,36211200,-0.270717974176522,0.6875,0.204545454545455,0,0.6875,0,1.22727272727273,1.12347930623109
"1984-08-03",1984-08-03,0.0681818181818182,61209600,-0.220994199688558,0.734375,0.25531914893617,0,0.734375,0,1.24822695035461,1.50303707113284
"1984-08-06",1984-08-06,-0.0212765957446809,47235200,-0.237568791184546,0.71875,0.239130434782609,0.546875,0.734375,1110,-1.07500012000019,1.37929696900004
"1984-08-07",1984-08-07,-0.0036229565217392,33072000,-0.240331046304901,0.716146,0.236363814082603,0.546875,0.734375,0,-1.01162718009627,1.35841556997368
"1984-08-08",1984-08-08,-0.0254543068033612,30019200,-0.259667892921245,0.697917,0.216418284695745,0.546875,0.734375,0,-1.08045921204792,1.21005431269858
"1984-08-09",1984-08-09,0.0298502543998785,82944000,-0.237568791184546,0.71875,0.239130434782609,0.546875,0.734375,0,1.10494561547234,1.37929696900004
"1984-08-10",1984-08-10,0.0289850434782609,90748800,-0.215469689447847,0.739583,0.0563371521519559,0.697917,0.739583,1110,-0.906978094106932,0.772388906405377
"1984-08-13",1984-08-13,-0.00704180599067311,21820800,-0.220994199688558,0.734375,0.0496449361702127,0.697917,0.739583,1115,-1.02563938461538,0.726248905556113
"1984-08-14",1984-08-14,-0.0212765957446809,19145600,-0.237568791184546,0.71875,0.0289850434782608,0.697917,0.739583,0,-1.07500012000019,0.585622104171642
"1984-08-15",1984-08-15,-0.00724591304347825,17014400,-0.243093301425257,0.713542,0.0218977999893489,0.697917,0.739583,0,-1.02325436019254,0.537990167661025
"1984-08-16",1984-08-16,0,12710400,-0.243093301425257,0.713542,0.0218977999893489,0.697917,0.739583,0,-1,0.537990167661025
"1984-08-17",1984-08-17,0.00729879951004985,14092800,-0.237568791184546,0.71875,0.0289850434782608,0.697917,0.739583,0,1.32365093718817,0.585622104171642
"1984-08-20",1984-08-20,0,6128000,-0.237568791184546,0.71875,0.0289850434782608,0.697917,0.739583,0,-1,0.585622104171642
"1984-08-21",1984-08-21,0.0434782608695652,47360000,-0.20441960819257,0.75,0.0486106666666667,0.713542,0.75,1115,1.67709483351734,0.784941427339178
"1984-08-22",1984-08-22,-0.0208333333333333,38364800,-0.220994199688558,0.734375,0.0283683404255319,0.713542,0.75,1122,-1.08108122132968,0.64589168645721
"1984-08-23",1984-08-23,0.0283683404255319,19804800,-0.198895097951859,0.755208,0.0275857776930329,0.734375,0.755208,1122,-0.900001440002305,0.726399762831177
"1984-08-24",1984-08-24,0.0275871018315484,30086400,-0.176794935441304,0.776042,0.0536916816357877,0,0.776042,0,1.94635374189027,0.908463918693765
"1984-08-27",1984-08-27,-0.0134232425564596,10752000,-0.187845016696582,0.765625,0.0408163265306123,0.734375,0.776042,1125,-1.062502250009,0.818102586706039
"1984-08-28",1984-08-28,0.0136058775510204,13616000,-0.176794935441304,0.776042,0.0134232425564595,0.765625,0.776042,1125,-0.9411744775049,0.756378508945951
"1984-08-29",1984-08-29,-0.0134232425564596,13328000,-0.187845016696582,0.765625,0,0,0.776042,1127,-1.062502250009,0.663947921495899
"1984-08-30",1984-08-30,-0.0068022857142857,12883200,-0.193369526937292,0.760417,0,0.760417,0.765625,1128,-1.02940993771282,0.643083010344033
"1984-08-31",1984-08-31,-0.0136990624880822,15638400,-0.20441960819257,0.75,0,0.75,0.760417,1129,-1.05714489470133,0.601349181720957
"1984-09-04",1984-09-04,-0.0347226666666667,12902400,-0.232044280943835,0.723958,0,0.723958,0.75,1130,-1.13513709861552,0.497016613322937
"1984-09-05",1984-09-05,-0.00719378748490933,20806400,-0.237568791184546,0.71875,0,0.71875,0.723958,1131,-1.023808,0.476151702171072
"1984-09-06",1984-09-06,0.0289850434782609,16736000,-0.215469689447847,0.739583,0.0281685760759779,0.71875,0.739583,1131,-0.906978094106932,0.666002129751628
"1984-09-07",1984-09-07,-0.0140836119813462,23763200,-0.226518709929269,0.729167,0.0142861648977533,0.71875,0.739583,1133,-1.05127876923077,0.571841365484424
"1984-09-10",1984-09-10,-0.0142861648977532,45782400,-0.237568791184546,0.71875,0,0.71875,0.729167,1134,-1.04878220107614,0.476151702171072
"1984-09-11",1984-09-11,0.00724591304347825,25116800,-0.232044280943835,0.723958,0.00719378748490929,0.71875,0.723958,1134,-0.976745639807464,0.524186032905501
"1984-09-12",1984-09-12,-0.0287765312352374,20566400,-0.254143382680534,0.703125,0,0,0.723958,1136,-1.09523657142857,0.41355296239613
"1984-09-13",1984-09-13,0.0296291555555555,28492800,-0.232044280943835,0.723958,0.0287765312352374,0.703125,0.723958,1136,-0.913044748583999,0.605699508515627
"1984-09-14",1984-09-14,0.0287779125308374,30694400,-0.209944118433281,0.744792,0.0559444784584152,0,0.744792,0,1.94410083693167,0.791774778073356
"1984-09-17",1984-09-17,-0.020979011589813,24873600,-0.226518709929269,0.729167,0.0357147265304107,0.703125,0.744792,1139,-1.07894763434993,0.652772527722644
"1984-09-18",1984-09-18,-0.0357147265304107,24489600,-0.254143382680534,0.703125,0,0.703125,0.729167,1140,-1.12195316121962,0.413552962396129
"1984-09-19",1984-09-19,-0.0740736,71206400,-0.309391667409209,0.651042,0,0.651042,0.703125,1141,-1.21739021549943,0.204891831919437
"1984-09-20",1984-09-20,0.0399989555205347,31411200,-0.2817680554318,0.677083,0.0384605727805897,0.651042,0.677083,1141,-0.910716367351698,0.454477873657269
"1984-09-21",1984-09-21,-0.0307687536092325,33532800,-0.303867157168499,0.65625,0.00793599999999994,0.651042,0.677083,1143,-1.07843011764706,0.25572934293744
"1984-09-24",1984-09-24,-0.0238095238095238,25363200,-0.320441748664487,0.640625,0,0.640625,0.65625,1144,-1.0545455180166,0.16315800329636
"1984-09-25",1984-09-25,0.00812956097560974,24595200,-0.314917238423776,0.645833,0.00806400416206665,0.640625,0.645833,1144,-0.982759705114158,0.214478959063711
"1984-09-26",1984-09-26,-0.00806400416206665,39401600,-0.320441748664487,0.640625,0,0,0.645833,1146,-1.01754273684211,0.16315800329636
"1984-09-27",1984-09-27,-0.00812956097560974,27603200,-0.325966258905198,0.635417,0,0.635417,0.640625,1147,-1.01724029488584,0.142293092144494
"1984-09-28",1984-09-28,0.0163923848433391,16342400,-0.314917238423776,0.645833,0.0161280083241333,0.635417,0.645833,1147,-0.966103790869241,0.244935003679196
"1984-10-01",1984-10-01,-0.0483871217481919,20681600,-0.348066421415752,0.614583,0,0,0.645833,1149,-1.10526315789474,0.0588254348983405
"1984-10-02",1984-10-02,-0.0211850962359845,24739200,-0.361877697017529,0.601563,0,0.601563,0.614583,1150,-1.03968,0.00666315701867658
"1984-10-03",1984-10-03,0.00432872367482716,38844800,-0.359115441897174,0.604167,0.00431006658754951,0.601563,0.604167,1150,-0.992366882117575,0.0333738259546181
"1984-10-04",1984-10-04,0.0172402663501978,32950400,-0.348066421415752,0.614583,0.0211850962359844,0,0.614583,0,4.91525961505602,0.138837079632058
"1984-10-05",1984-10-05,-0.0338977810971016,32144000,-0.370165523152451,0.59375,0,0,0.614583,1153,-1.06349104761905,-0.0246382160284675
"1984-10-08",1984-10-08,-0.0175444210526316,10515200,-0.381215604407728,0.583333,0,0.583333,0.59375,1154,-1.02985173000762,-0.0663720446515442
"1984-10-09",1984-10-09,-0.00892800510171718,13526400,-0.386740114648439,0.578125,0,0.578125,0.583333,1155,-1.01449182608696,-0.0872369558034101
"1984-10-10",1984-10-10,0.0180185945945946,38403200,-0.375690033393162,0.588542,0.0176996713913365,0.578125,0.588542,1155,-0.971427631019548,0.0213448023023607
"1984-10-11",1984-10-11,0.0088489861386273,58899200,-0.370165523152451,0.59375,0.0263157894736842,0,0.59375,0,1.48679536991658,0.0747509760149117
"1984-10-12",1984-10-12,0.0438602105263158,23379200,-0.342540850401186,0.619792,0.0672273924155201,0,0.619792,0,2.55464091178977,0.333598048553298
"1984-10-15",1984-10-15,0.0420157084957534,21910400,-0.314917238423776,0.645833,0.10483824765845,0,0.645833,0,1.55945729696705,0.579974886188875
"1984-10-16",1984-10-16,-0.0483871217481919,26288000,-0.348066421415752,0.614583,0.0593215236998095,0.578125,0.645833,1160,-1.10526315789474,0.282870330727978
"1984-10-17",1984-10-17,0,37843200,-0.348066421415752,0.614583,0.0593215236998095,0.578125,0.645833,0,-1,0.282870330727978
"1984-10-18",1984-10-18,0.0677971893137298,39987200,-0.303867157168499,0.65625,0.0634925714285715,0.614583,0.65625,1160,1.07031255215003,0.465554807322908
"1984-10-19",1984-10-19,0,69609600,-0.303867157168499,0.65625,0.0634925714285715,0,0.65625,0,-1,0.465554807322908
"1984-10-22",1984-10-22,-0.0238095238095238,15993600,-0.320441748664487,0.640625,0.0406509268292683,0.614583,0.65625,1164,-1.0545455180166,0.316687988684629
"1984-10-23",1984-10-23,0,14835200,-0.320441748664487,0.640625,0.0406509268292683,0.614583,0.65625,0,-1,0.316687988684629
"1984-10-24",1984-10-24,-0.024390243902439,18204800,-0.337016340160475,0.625,0.0166672,0.614583,0.65625,0,-1.05172419500601,0.163507766103183
"1984-10-25",1984-10-25,-0.0833328,87897600,-0.39226462488915,0.572917,0,0.572917,0.640625,1167,-1.16393354904503,-0.108101866955276
"1984-10-26",1984-10-26,-0.00909206743734262,66758400,-0.397790195903717,0.567708,0,0.567708,0.572917,1168,-1.01408633525424,-0.128970784426487
"1984-10-29",1984-10-29,0.0183492217830293,22803200,-0.386740114648439,0.578125,0.0180185945945947,0.567708,0.578125,1168,-0.972221333333334,-0.0191845205798794
"1984-10-30",1984-10-30,0.00900843243243242,32393600,-0.381215604407729,0.583333,0.0267857295918454,0,0.583333,0,1.4865604224139,0.0347920122006418
"1984-10-31",1984-10-31,-0.00892800510171718,22332800,-0.386740114648439,0.578125,0.0180185945945947,0.567708,0.583333,1171,-1.01449182608696,-0.0191845205798794
"1984-11-01",1984-11-01,0.00900843243243242,17155200,-0.381215604407729,0.583333,0.00892800510171721,0.578125,0.583333,1171,-0.9857151869396,-0.0326528505340286
"1984-11-02",1984-11-02,-0.0446417397952798,61977600,-0.408839216385138,0.557292,0,0,0.583333,1173,-1.07246191304348,-0.170700606730218
"1984-11-05",1984-11-05,0.0280373664075565,30790400,-0.39226462488915,0.572917,0.0272727114049679,0.557292,0.572917,1173,-0.95945938933516,-0.00509858240313893
"1984-11-06",1984-11-06,0.0727260667775611,38601600,-0.348066421415752,0.614583,0.0932193047969111,0,0.614583,0,3.41804316456524,0.41089510758954
"1984-11-07",1984-11-07,-0.0169480769887875,38870400,-0.359115441897174,0.604167,0.0775861640903922,0.557292,0.614583,1176,-1.031744,0.310122206776796
"1984-11-08",1984-11-08,-0.0258620546967974,15824000,-0.375690033393162,0.588542,0.0530973150599278,0.557292,0.614583,0,-1.0461539370416,0.155034244071868
"1984-11-09",1984-11-09,0,20595200,-0.375690033393162,0.588542,0.0530973150599278,0.557292,0.614583,0,-1,0.155034244071868
"1984-11-12",1984-11-12,0.0265486575299639,7123200,-0.359115441897174,0.604167,0.0775861640903922,0.557292,0.614583,0,1.4612069179548,0.310122206776796
"1984-11-13",1984-11-13,-0.0172419215216985,17158400,-0.370165523152451,0.59375,0.061402947368421,0.557292,0.614583,0,-1.03077027597839,0.207267778436654
"1984-11-14",1984-11-14,0.0175444210526316,22070400,-0.359115441897174,0.604167,0.0775861640903922,0.557292,0.614583,0,1.26355765342779,0.310122206776796
"1984-11-15",1984-11-15,-0.0258620546967974,22924800,-0.375690033393162,0.588542,0.0530973150599278,0.557292,0.614583,0,-1.0461539370416,0.155034244071868
"1984-11-16",1984-11-16,0.0088489861386273,10112000,-0.370165523152451,0.59375,0.061402947368421,0.557292,0.614583,0,1.15642283040337,0.207267778436654
"1984-11-19",1984-11-19,-0.0263157894736842,14640000,-0.386740114648439,0.578125,0.0360354594594594,0.557292,0.614583,0,-1.04477616217424,0.04886138181892
"1984-11-20",1984-11-20,0,15449600,-0.386740114648439,0.578125,0.0360354594594594,0.557292,0.614583,0,-1,0.04886138181892
"1984-11-21",1984-11-21,0.00900843243243242,22659200,-0.381215604407728,0.583333,0.0446417397952799,0.557292,0.614583,0,1.23882810056863,0.102230400435674
"1984-11-23",1984-11-23,0.0178577244901283,42681600,-0.370165523152451,0.59375,0.061402947368421,0.557292,0.614583,0,1.37546044688235,0.207267778436654
"1984-11-26",1984-11-26,-0.00877136842105262,21996800,-0.375690033393162,0.588542,0.0530973150599278,0.557292,0.614583,0,-1.01492443216662,0.155034244071869
"1984-11-27",1984-11-27,0,28496000,-0.375690033393162,0.588542,0.0530973150599278,0.557292,0.614583,0,-1,0.155034244071869
"1984-11-28",1984-11-28,0,26918400,-0.375690033393162,0.588542,0.0530973150599278,0.557292,0.614583,0,-1,0.155034244071869
"1984-11-29",1984-11-29,0.0088489861386273,20073600,-0.370165523152451,0.59375,0.061402947368421,0.557292,0.614583,0,1.15642283040337,0.207267778436655
"1984-11-30",1984-11-30,0,15984000,-0.370165523152451,0.59375,0.061402947368421,0.557292,0.614583,0,-1,0.207267778436655
"1984-12-03",1984-12-03,-0.00877136842105262,27680000,-0.375690033393162,0.588542,0.0530973150599278,0.557292,0.614583,0,-1.01492443216662,0.155034244071869
"1984-12-04",1984-12-04,0,21401600,-0.375690033393162,0.588542,0.0530973150599278,0.557292,0.614583,0,-1,0.155034244071869
"1984-12-05",1984-12-05,0,16713600,-0.375690033393162,0.588542,0.0530973150599278,0.557292,0.614583,0,-1,0.155034244071869
"1984-12-06",1984-12-06,0.0088489861386273,21225600,-0.370165523152451,0.59375,0.061402947368421,0.557292,0.614583,0,1.15642283040337,0.207267778436655
"1984-12-07",1984-12-07,0,9747200,-0.370165523152451,0.59375,0.061402947368421,0.557292,0.614583,0,-1,0.207267778436655
"1984-12-10",1984-12-10,0,18156800,-0.370165523152451,0.59375,0.061402947368421,0.557292,0.614583,0,-1,0.207267778436655
"1984-12-11",1984-12-11,-0.0263157894736842,19152000,-0.386740114648439,0.578125,0.0360354594594594,0.557292,0.614583,0,-1.04477616217424,0.0488613818189204
"1984-12-12",1984-12-12,-0.00900843243243242,20163200,-0.39226462488915,0.572917,0.0272727114049679,0.557292,0.614583,0,-1.0142848130604,-0.00509858240313809
"1984-12-13",1984-12-13,-0.0727278122310911,63820800,-0.436463889136403,0.53125,0,0.53125,0.604167,1201,-1.11267716088277,-0.275033175128236
"1984-12-14",1984-12-14,-0.00980329411764704,40726400,-0.441988399377114,0.526042,0,0.526042,0.53125,1202,-1.01265742797564,-0.295898086280102
"1984-12-17",1984-12-17,0,19046400,-0.441988399377114,0.526042,0,0.526042,0.526042,1202,-1,-0.295898086280102
"1984-12-18",1984-12-18,0.0891088544260724,30809600,-0.39226462488915,0.572917,0.0818181342149037,0,0.572917,0,-0.887499819999712,0.200907986701136
"1984-12-19",1984-12-19,0.0363630333887806,70812800,-0.370165523152451,0.59375,0.114034526315789,0,0.59375,0,1.39375613254961,0.406046162523414
"1984-12-20",1984-12-20,-0.0263157894736842,18608000,-0.386740114648439,0.578125,0.0900895135135135,0.526042,0.59375,1206,-1.04477616217424,0.253012154664781
"1984-12-21",1984-12-21,0,25558400,-0.386740114648439,0.578125,0.0900895135135135,0.526042,0.59375,0,-1,0.253012154664781
"1984-12-24",1984-12-24,0.0360354594594594,18873600,-0.36464101291174,0.598958,0.034782071530892,0.578125,0.598958,1206,-0.942858004898747,0.127591250631314
"1984-12-26",1984-12-26,-0.00869510049118634,8227200,-0.370165523152451,0.59375,0.0263157894736842,0.578125,0.598958,1209,-1.01515054545455,0.074750976014913
"1984-12-27",1984-12-27,-0.0043856842105264,17264000,-0.372927778272806,0.591146,0.0220267074462146,0.578125,0.598958,0,-1.00746221608331,0.0481195613408963
"1984-12-28",1984-12-28,-0.00440500316334702,14124800,-0.375690033393162,0.588542,0.0176996713913365,0.578125,0.598958,0,-1.00740694386765,0.021344802302362
"1984-12-31",1984-12-31,-0.00885068525270927,27747200,-0.381215604407728,0.583333,0.00892800510171721,0.578125,0.598958,0,-1.01470779239114,-0.0326528505340273
"1985-01-02",1985-01-02,-0.0178560102034344,27257600,-0.39226462488915,0.572917,0,0.572917,0.59375,1213,-1.02898365217391,-0.108101866955275
"1985-01-03",1985-01-03,0.0181806439676253,31075200,-0.381215604407728,0.583333,0.0178560102034344,0.572917,0.583333,1213,-0.971832737951978,0.00106634358348869
"1985-01-04",1985-01-04,0.0178577244901283,11686400,-0.370165523152451,0.59375,0.0350871578947368,0,0.59375,0,1.96500547966691,0.107878586393276
"1985-01-07",1985-01-07,0.0263157894736842,12464000,-0.353590931656463,0.609375,0.0598285128205128,0,0.609375,0,1.70513989762298,0.26392021066121
"1985-01-08",1985-01-08,-0.0341874871794872,33734400,-0.375690033393162,0.588542,0.0265486575299638,0.572917,0.609375,1217,-1.06249906249906,0.0547655584457687
"1985-01-09",1985-01-09,0.0176979722772546,16880000,-0.36464101291174,0.598958,0.0434771720220783,0.572917,0.609375,0,1.63764107367796,0.160430813108404
"1985-01-10",1985-01-10,0.0434788415882249,31644800,-0.337016340160475,0.625,0.0583328,0.588542,0.625,1217,1.34168800055297,0.320869958263284
"1985-01-11",1985-01-11,0.0166672,33379200,-0.325966258905197,0.635417,0.0737704531040246,0,0.635417,0,1.26464790142124,0.42090854991045
"1985-01-14",1985-01-14,0.0163923848433391,42153600,-0.314917238423776,0.645833,0.0887086909464211,0,0.645833,0,1.20249621920218,0.519056949023071
"1985-01-15",1985-01-15,0.00806555254996264,61353600,-0.309391667409209,0.651042,0.0959999508480252,0,0.651042,0,1.08219329835459,0.567463418857034
"1985-01-16",1985-01-16,-0.00800101990347784,44774400,-0.314917238423776,0.645833,0.0887086909464211,0.588542,0.651042,1223,-1.01785946939307,0.519056949023071
"1985-01-17",1985-01-17,-0.0161280083241333,26764800,-0.325966258905197,0.635417,0.0737704531040246,0.588542,0.651042,0,-1.03508547368421,0.420908549910451
"1985-01-18",1985-01-18,0.0163923848433391,29052800,-0.314917238423775,0.645833,0.0887086909464211,0.588542,0.651042,0,1.20249621920218,0.519056949023072
"1985-01-21",1985-01-21,0.0241935608740959,33657600,-0.298342646927787,0.661458,0.0393690907056835,0.635417,0.661458,1223,-0.947368421052632,0.395310414658545
"1985-01-22",1985-01-22,0.00787502759056511,31904000,-0.292817075913221,0.666667,0.0468749765625117,0,0.666667,0,1.1906542854378,0.444527481503196
"1985-01-23",1985-01-23,-0.0156254921872539,20083200,-0.303867157168498,0.65625,0.0317455238095238,0.635417,0.666667,1228,-1.03773714774255,0.345652897643356
"1985-01-24",1985-01-24,0.00793599999999998,31065600,-0.298342646927787,0.661458,0.0393690907056835,0.635417,0.666667,0,1.24014619956822,0.395310414658545
"1985-01-25",1985-01-25,0,24835200,-0.298342646927787,0.661458,0.0393690907056835,0.635417,0.666667,0,-1,0.395310414658545
"1985-01-28",1985-01-28,-0.0314955749269039,26284800,-0.320441748664486,0.640625,0.0081295609756098,0.635417,0.666667,0,-1.07407288888889,0.193861642183625
"1985-01-29",1985-01-29,0.0162606829268293,27235200,-0.309391667409209,0.651042,0.0239999877120063,0.635417,0.666667,0,2.95218742857219,0.295534728653837
"1985-01-30",1985-01-30,0,31731200,-0.309391667409209,0.651042,0.0239999877120063,0.635417,0.666667,0,-1,0.295534728653837
"1985-01-31",1985-01-31,-0.0160005038077421,20700800,-0.320441748664486,0.640625,0.0081295609756098,0.635417,0.666667,0,-1.03571551020688,0.193861642183624
"1985-02-01",1985-02-01,-0.024390243902439,17068800,-0.337016340160475,0.625,0,0.625,0.661458,1235,-1.05172419500601,0.100559263521418
"1985-02-04",1985-02-04,0.0583328,21344000,-0.298342646927787,0.661458,0.0551176340750282,0.625,0.661458,1235,-0.885246830422904,0.454789344709437
"1985-02-05",1985-02-05,0,25852800,-0.298342646927787,0.661458,0.0551176340750282,0,0.661458,0,-1,0.454789344709437
"1985-02-06",1985-02-06,-0.0314955749269039,35609600,-0.320441748664486,0.640625,0.024390243902439,0.625,0.661458,1238,-1.07407288888889,0.255274815434127
"1985-02-07",1985-02-07,-0.024390243902439,25804800,-0.337016340160475,0.625,0,0.625,0.640625,1239,-1.05172419500601,0.100559263521418
"1985-02-08",1985-02-08,0.0166672,18336000,-0.325966258905197,0.635417,0.0163939586130053,0.625,0.635417,1239,-0.967212031173278,0.204209619580185
"1985-02-11",1985-02-11,0.0163923848433391,20259200,-0.314917238423775,0.645833,0.0322575650361626,0,0.645833,0,1.96764953466289,0.305852940845004
"1985-02-12",1985-02-12,0,35875200,-0.314917238423775,0.645833,0.0322575650361626,0,0.645833,0,-1,0.305852940845004
"1985-02-13",1985-02-13,0,51132800,-0.314917238423775,0.645833,0.0322575650361626,0,0.645833,0,-1,0.305852940845004
"1985-02-14",1985-02-14,-0.0241935608740959,47760000,-0.331491829919764,0.630208,0.00826393825530614,0.625,0.645833,1244,-1.05263157894737,0.152635328232352
"1985-02-15",1985-02-15,-0.0578507413425409,35369600,-0.370165523152451,0.59375,0,0.59375,0.630208,1245,-1.1166656,-0.0246382160284663
"1985-02-19",1985-02-19,-0.0175444210526316,26160000,-0.381215604407728,0.583333,0,0.583333,0.59375,1246,-1.02985173000762,-0.0663720446515425
"1985-02-20",1985-02-20,0.0267857295918455,21312000,-0.36464101291174,0.598958,0.0260869710397056,0.583333,0.598958,1246,-0.956521739130435,0.0947516881542239
"1985-02-21",1985-02-21,0.00869677005733293,31040000,-0.359115441897173,0.604167,0.034483843043397,0,0.604167,0,1.32187991434157,0.1473338219427
"1985-02-22",1985-02-22,0,12339200,-0.359115441897173,0.604167,0.034483843043397,0,0.604167,0,-1,0.1473338219427
"1985-02-25",1985-02-25,-0.0172419215216985,27363200,-0.370165523152451,0.59375,0.0175444210526315,0.583333,0.604167,1250,-1.03077027597839,0.0416233656365501
"1985-02-26",1985-02-26,0,18550400,-0.370165523152451,0.59375,0.0175444210526315,0.583333,0.604167,0,-1,0.0416233656365501
"1985-02-27",1985-02-27,-0.0350871578947368,18384000,-0.39226462488915,0.572917,0,0.572917,0.59375,1252,-1.05970059434087,-0.108101866955274
"1985-02-28",1985-02-28,0.0181806439676253,10204800,-0.381215604407728,0.583333,0.0178560102034344,0.572917,0.583333,1252,-0.971832737951978,0.00106634358348911
"1985-03-01",1985-03-01,0,30768000,-0.381215604407728,0.583333,0.0178560102034344,0,0.583333,0,-1,0.00106634358348911
"1985-03-04",1985-03-04,-0.0267857295918455,15081600,-0.397790195903716,0.567708,0,0,0.583333,1255,-1.04347826086957,-0.128970784426485
"1985-03-05",1985-03-05,-0.0366966820971344,25267200,-0.419889297640415,0.546875,0,0.546875,0.567708,1256,-1.05555466666667,-0.212434435353293
"1985-03-06",1985-03-06,-0.00952319999999998,38528000,-0.425413807881126,0.541667,0,0.541667,0.546875,1257,-1.01315706371121,-0.233299346505159
"1985-03-07",1985-03-07,-0.0096166094667019,35078400,-0.430939378895692,0.536458,0,0.536458,0.541667,1258,-1.01298869691628,-0.25416826397637
"1985-03-08",1985-03-08,-0.00970812253708583,12694400,-0.436463889136403,0.53125,0,0.53125,0.536458,1259,-1.01281969230769,-0.275033175128236
"1985-03-11",1985-03-11,0,23763200,-0.436463889136403,0.53125,0,0.53125,0.53125,1259,-1,-0.275033175128236
"1985-03-12",1985-03-12,0.0294117647058824,23644800,-0.419889297640415,0.546875,0.0285714285714286,0,0.546875,0,-0.962025285691371,-0.104526169706196
"1985-03-13",1985-03-13,-0.0476196571428572,32688000,-0.447513970391681,0.520833,0,0,0.546875,1262,-1.06579037119189,-0.316767003751313
"1985-03-14",1985-03-14,-0.019998732799189,41648000,-0.458562990873102,0.510417,0,0.510417,0.520833,1263,-1.02468977777778,-0.358496826055044
"1985-03-15",1985-03-15,0.0102034219079693,25939200,-0.453038480632391,0.515625,0.0101003636363636,0.510417,0.515625,1263,-0.987952559734068,-0.299484969619004
"1985-03-18",1985-03-18,0.0404033939393939,21840000,-0.430939378895692,0.536458,0.0485424767642574,0,0.536458,0,4.80601278447972,-0.070833557251776
"1985-03-19",1985-03-19,0.0776705725331713,27273600,-0.386740114648439,0.578125,0.117116540540541,0,0.578125,0,2.41266100016502,0.355087541087712
"1985-03-20",1985-03-20,-0.00900843243243242,16620800,-0.39226462488915,0.572917,0.109090845619872,0.510417,0.578125,1267,-1.0142848130604,0.303911271253272
"1985-03-21",1985-03-21,-0.0181823894211553,16505600,-0.403314706144427,0.5625,0.092592,0.510417,0.578125,0,-1.02816996627825,0.199864779069511
"1985-03-22",1985-03-22,0,24614400,-0.403314706144427,0.5625,0.092592,0.510417,0.578125,0,-1,0.199864779069511
"1985-03-25",1985-03-25,-0.0509262222222221,19990400,-0.433701634016048,0.533854,0.0439015161448636,0.510417,0.578125,0,-1.0753429701637,-0.0987939432258432
"1985-03-26",1985-03-26,0.00487773810817178,13404800,-0.430939378895693,0.536458,0.0485424767642574,0.510417,0.578125,0,1.10571299187208,-0.0708335572517764
"1985-03-27",1985-03-27,0.0291262316900857,24761600,-0.414364787399704,0.552083,0.0754705361331539,0.510417,0.578125,0,1.55473187945622,0.0934667889540558
"1985-03-28",1985-03-28,0.0235852217873038,25795200,-0.400552451024072,0.565104,0.0967733372972055,0.510417,0.578125,0,1.28226646126465,0.226089264599388
"1985-03-29",1985-03-29,0.0230417763809846,24777600,-0.386740114648439,0.578125,0.0765768648648648,0.533854,0.578125,1267,-0.965516784779822,0.201977727865682
"1985-04-01",1985-04-01,0.0360354594594594,34236800,-0.36464101291174,0.598958,0.108695434404416,0,0.598958,0,1.41942915260674,0.406746448485242
"1985-04-02",1985-04-02,-0.0173902009823727,16867200,-0.375690033393162,0.588542,0.0929211509119144,0.533854,0.598958,1276,-1.03030109090909,0.30544048110896
"1985-04-03",1985-04-03,-0.0265486575299639,10265600,-0.39226462488915,0.572917,0.0681826512391847,0.533854,0.598958,0,-1.04411773010396,0.149409640530173
"1985-04-04",1985-04-04,-0.00909206743734262,11379200,-0.397790195903716,0.567708,0.05963276895869,0.533854,0.598958,0,-1.01408633525424,0.0962496191658355
"1985-04-08",1985-04-08,-0.0275229519400819,8246400,-0.414364787399704,0.552083,0.0330185859734857,0.533854,0.598958,0,-1.04166666666667,-0.066865282073283
"1985-04-09",1985-04-09,0.00943517550803053,9468800,-0.408839216385138,0.557292,0.0420569468070597,0.533854,0.598958,0,1.27373555126897,-0.0118603801375445
"1985-04-10",1985-04-10,0.0280373664075565,18156800,-0.39226462488915,0.572917,0.0681826512391847,0.533854,0.598958,0,1.62119831360986,0.149409640530173
"1985-04-11",1985-04-11,-0.00909206743734262,22937600,-0.397790195903716,0.567708,0.05963276895869,0.533854,0.598958,0,-1.01408633525424,0.0962496191658359
"1985-04-12",1985-04-12,0.0366984435660586,25334400,-0.375690033393161,0.588542,0.0929211509119144,0.533854,0.598958,0,1.55822297932006,0.305440481108961
"1985-04-15",1985-04-15,0.0088489861386273,11942400,-0.370165523152451,0.59375,0.10087747368421,0.533854,0.598958,0,1.08562445357396,0.35635474695587
"1985-04-16",1985-04-16,0.0175444210526316,26643200,-0.359115441897173,0.604167,0.0862079524369918,0.552083,0.604167,1276,-0.970148269992377,0.342684884730826
"1985-04-17",1985-04-17,0.00862013317509892,23068800,-0.353590931656462,0.609375,0.094017641025641,0,0.609375,0,1.09059127804198,0.393045344162269
"1985-04-18",1985-04-18,-0.0256410256410256,48691200,-0.37016552315245,0.59375,0.070176,0.552083,0.609375,1287,-1.04687504687505,0.24040174972331
"1985-04-19",1985-04-19,-0.00877136842105262,13001600,-0.375690033393161,0.588542,0.061948000312637,0.552083,0.609375,0,-1.01492443216662,0.188461417411158
"1985-04-22",1985-04-22,-0.0265486575299639,13948800,-0.392264624889149,0.572917,0.0363647788423105,0.552083,0.609375,0,-1.04411773010396,0.0292402405877167
"1985-04-23",1985-04-23,-0.00909206743734262,23875200,-0.397790195903716,0.567708,0.0275229519400819,0.552083,0.609375,0,-1.01408633525424,-0.0250223940994911
"1985-04-24",1985-04-24,0.00458862654745039,26019200,-0.395026880009505,0.570313,0.0319649034828243,0.552083,0.609375,0,1.16139081129134,0.00219038284308989
"1985-04-25",1985-04-25,0.0228295690261313,19155200,-0.381215604407728,0.583333,0.053571459183691,0.552083,0.609375,0,1.67594622059399,0.135956069052831
"1985-04-26",1985-04-26,-0.00892800510171718,13670400,-0.386740114648438,0.578125,0.0450456216216216,0.552083,0.609375,0,-1.01449182608696,0.0828908658430535
"1985-04-29",1985-04-29,-0.0450456216216216,12979200,-0.414364787399704,0.552083,0,0.552083,0.59375,1294,-1.0714295510213,-0.191569524201427
"1985-04-30",1985-04-30,0.0377370793884253,21171200,-0.392264624889149,0.572917,0.0363647788423105,0.552083,0.572917,1294,-0.94666496,0.0292402405877167
"1985-05-01",1985-05-01,-0.0272727114049679,19164800,-0.408839216385138,0.557292,0.00934698506348564,0.552083,0.572917,1296,-1.04225359730226,-0.135399013577163
"1985-05-02",1985-05-02,0,8755200,-0.408839216385138,0.557292,0.00934698506348564,0.552083,0.572917,0,-1,-0.135399013577163
"1985-05-03",1985-05-03,-0.0093469850634856,23702400,-0.414364787399704,0.552083,0,0.552083,0.557292,1298,-1.013515266621,-0.191569524201427
"1985-05-06",1985-05-06,-0.0377352680665769,16812800,-0.436463889136403,0.53125,0,0.53125,0.552083,1299,-1.05333248,-0.275033175128235
"1985-05-07",1985-05-07,0.0196084705882353,23302400,-0.425413807881126,0.541667,0.0192313727806936,0.53125,0.541667,1299,-0.974682713667008,-0.160666503607947
"1985-05-08",1985-05-08,0.00961476331399179,11052800,-0.419889297640415,0.546875,0.0285714285714286,0,0.546875,0,1.48566765863493,-0.104526169706195
"1985-05-09",1985-05-09,-0.0190482285714286,27494400,-0.430939378895692,0.536458,0.00970812253708586,0.53125,0.546875,1302,-1.02631665374034,-0.217502730678044
"1985-05-10",1985-05-10,0.0970886816861712,45324800,-0.375690033393161,0.588542,0.0884966578426009,0.536458,0.588542,1302,9.11573350094583,0.288730103037258
"1985-05-13",1985-05-13,-0.0176996713913366,59619200,-0.386740114648438,0.578125,0.0720726486486487,0.536458,0.588542,1304,-1.02941276124755,0.184966252265984
"1985-05-14",1985-05-14,-0.027027027027027,29328000,-0.403314706144427,0.5625,0.0462968888888889,0.536458,0.588542,0,-1.04285718204085,0.0250178988916239
"1985-05-15",1985-05-15,0.00925866666666665,31363200,-0.397790195903716,0.567708,0.0550459038801637,0.536458,0.588542,0,1.18897630491483,0.078925996227502
"1985-05-16",1985-05-16,0.0183492217830293,15052800,-0.386740114648438,0.578125,0.0720726486486487,0.536458,0.588542,0,1.30931901500887,0.184966252265984
"1985-05-17",1985-05-17,-0.00900843243243242,17465600,-0.392264624889149,0.572917,0.0636374902472784,0.536458,0.588542,0,-1.0142848130604,0.132243525139853
"1985-05-20",1985-05-20,0.0181806439676253,35187200,-0.381215604407728,0.583333,0.0803571887755364,0.536458,0.588542,0,1.26273346832645,0.237120125905018
"1985-05-21",1985-05-21,-0.0044640025508585,24713600,-0.383977859528083,0.580729,0.0762334927306886,0.536458,0.588542,0,-1.00724591304348,0.211113339240149
"1985-05-22",1985-05-22,-0.00448401922411323,17568000,-0.386740114648438,0.578125,0.0720726486486487,0.536458,0.588542,0,-1.00719378748491,0.184966252265984
"1985-05-23",1985-05-23,-0.0180185945945946,12732800,-0.397790195903716,0.567708,0.0550459038801637,0.536458,0.588542,0,-1.02857236898045,0.0789259962275016
"1985-05-24",1985-05-24,0,30086400,-0.397790195903716,0.567708,0.0550459038801637,0.536458,0.588542,0,-1,0.0789259962275016
"1985-05-28",1985-05-28,-0.00917373015705255,18614400,-0.403314706144427,0.5625,0.0462968888888889,0.536458,0.588542,0,-1.013888,0.0250178988916235
"1985-05-29",1985-05-29,0,13164800,-0.403314706144427,0.5625,0.0462968888888889,0.536458,0.588542,0,-1,0.0250178988916235
"1985-05-30",1985-05-30,-0.0648142222222222,42345600,-0.441988399377114,0.526042,0,0.526042,0.583333,1316,-1.09588961831419,-0.295898086280101
"1985-05-31",1985-05-31,0.0445534767185891,32323200,-0.417127042520059,0.549479,0.0426531314208551,0.526042,0.549479,1316,-0.943751110001776,-0.0409100895158822
"1985-06-03",1985-06-03,0.00473903461278764,35952000,-0.414364787399704,0.552083,0.047168632252759,0,0.552083,0,1.10586563474906,-0.013423538724493
"1985-06-04",1985-06-04,0,25977600,-0.414364787399704,0.552083,0.047168632252759,0,0.552083,0,-1,-0.013423538724493
"1985-06-05",1985-06-05,-0.0377352680665769,31212800,-0.436463889136403,0.53125,0.00980329411764702,0.526042,0.552083,1320,-1.05333248,-0.238008198823006
"1985-06-06",1985-06-06,0.0196084705882353,46217600,-0.425413807881126,0.541667,0.0288461360946854,0.526042,0.552083,0,2.94249420128681,-0.124353568424241
"1985-06-07",1985-06-07,-0.0096166094667019,19923200,-0.430939378895692,0.536458,0.0194162450741716,0.526042,0.552083,0,-1.01298869691628,-0.180837197379719
"1985-06-10",1985-06-10,0.0291262316900857,39369600,-0.414364787399704,0.552083,0.0377352680665769,0.53125,0.552083,1320,1.94348948122694,-0.0490513676236855
"1985-06-11",1985-06-11,-0.0235834104654554,67123200,-0.428176063001481,0.539063,0.0144936677160182,0.53125,0.552083,1324,-1.0333312,-0.188992272967561
"1985-06-12",1985-06-12,-0.0338179396471284,39590400,-0.447513970391681,0.520833,0,0.520833,0.539063,1325,-1.04516344807938,-0.316767003751312
"1985-06-13",1985-06-13,-0.019998732799189,47129600,-0.458562990873102,0.510417,0,0.510417,0.520833,1326,-1.02468977777778,-0.358496826055043
"1985-06-14",1985-06-14,0,78988800,-0.458562990873102,0.510417,0,0.510417,0.510417,1326,-1,-0.358496826055043
"1985-06-17",1985-06-17,-0.0408176059966655,54835200,-0.480663153383657,0.489583,0,0,0.510417,1328,-1.04819438757689,-0.441964483301197
"1985-06-18",1985-06-18,-0.0106376242639144,47520000,-0.486187663624367,0.484375,0,0.484375,0.489583,1329,-1.01149351724138,-0.462829394453063
"1985-06-19",1985-06-19,0.010752,41913600,-0.480663153383657,0.489583,0.0106376242639143,0.484375,0.489583,1329,-0.988637082645151,-0.40178841782884
"1985-06-20",1985-06-20,-0.0212752485278287,20486400,-0.491712173865078,0.479167,0,0,0.489583,1331,-1.02298703448276,-0.483694305604928
"1985-06-21",1985-06-21,0.0434775349721496,59414400,-0.469613072128379,0.5,0.041666,0.479167,0.5,1331,-0.955056834239043,-0.242866951802302
"1985-06-24",1985-06-24,0.020834,37280000,-0.458562990873102,0.510417,0.0612244498126042,0,0.510417,0,1.4694103060674,-0.127264979248388
"1985-06-25",1985-06-25,0,75123200,-0.458562990873102,0.510417,0.0612244498126042,0,0.510417,0,-1,-0.127264979248388
"1985-06-26",1985-06-26,0.0612244498126042,46620800,-0.425413807881126,0.541667,0.115384544378742,0,0.541667,0,1.88461545562126,0.202483765818513
"1985-06-27",1985-06-27,0.00961476331399179,34217600,-0.419889297640415,0.546875,0.123808914285714,0,0.546875,0,1.0730112507904,0.255165747074463
"1985-06-28",1985-06-28,-0.00952319999999998,32940800,-0.425413807881126,0.541667,0.115384544378742,0.479167,0.546875,1337,-1.01315706371121,0.202483765818513
"1985-07-01",1985-07-01,0.00961476331399179,13296000,-0.419889297640415,0.546875,0.00952319999999995,0.541667,0.546875,1337,-0.987013796594363,-0.176467315513927
"1985-07-02",1985-07-02,0.0190482285714286,24444800,-0.408839216385138,0.557292,0.0280373664075565,0,0.557292,0,2.94411189595479,-0.064809381347909
"1985-07-03",1985-07-03,-0.00467259533601783,19164800,-0.411601471505493,0.554688,0.0234744577131648,0.541667,0.557292,1340,-1.00675633601096,-0.0924749816469674
"1985-07-05",1985-07-05,0.0140835929387332,16438400,-0.403314706144427,0.5625,0.0138880000000001,0.554688,0.5625,1340,-0.979867017164064,-0.0973836458126085
"1985-07-08",1985-07-08,-0.0185191111111111,21632000,-0.414364787399704,0.552083,0,0,0.5625,1342,-1.02739816100661,-0.191569524201427
"1985-07-09",1985-07-09,-0.00943336418618213,27536000,-0.419889297640415,0.546875,0,0.546875,0.552083,1343,-1.01333248,-0.212434435353292
"1985-07-10",1985-07-10,0.0190482285714286,28646400,-0.408839216385138,0.557292,0.0186921757355211,0.546875,0.557292,1343,-0.97368334625966,-0.100104197462536
"1985-07-11",1985-07-11,-0.0186921757355211,25094400,-0.419889297640415,0.546875,0,0,0.557292,1345,-1.02702793864292,-0.212434435353292
"1985-07-12",1985-07-12,0.00952319999999998,19612800,-0.414364787399704,0.552083,0.00943336418618212,0.546875,0.552083,1345,-0.986842936288788,-0.155941695302234
"1985-07-15",1985-07-15,0.0235852217873038,26620800,-0.400552451024071,0.565104,0.0322577790990686,0,0.565104,0,3.41954137065114,-0.0175724051351478
"1985-07-16",1985-07-16,0.00921777230385895,23443200,-0.395026880009505,0.570313,0.0410967310932768,0,0.570313,0,1.27400993624088,0.0366793716302168
"1985-07-17",1985-07-17,0.0410949776701566,96259200,-0.37016552315245,0.59375,0.0789473684210527,0,0.59375,0,1.92101333417168,0.273529360101673
"1985-07-18",1985-07-18,-0.00877136842105262,49996800,-0.375690033393161,0.588542,0.0707969864512643,0.546875,0.59375,1350,-1.01492443216662,0.221882173554564
"1985-07-19",1985-07-19,0.0088489861386273,32620800,-0.37016552315245,0.59375,0.00877136842105264,0.588542,0.59375,1350,-0.985295031143588,0.00848939434989789
"1985-07-22",1985-07-22,0.00877136842105262,26678400,-0.36464101291174,0.598958,0.0173902009823726,0,0.598958,0,1.98260979901762,0.0619058200775809
"1985-07-23",1985-07-23,0.00869677005733293,92908800,-0.359115441897173,0.604167,0.0258620546967974,0,0.604167,0,1.48716249587984,0.114771143988674
"1985-07-24",1985-07-24,0.00862013317509892,30057600,-0.353590931656462,0.609375,0.0341874871794872,0,0.609375,0,1.32191690027323,0.167079459439457
"1985-07-25",1985-07-25,0.0170945641025641,27478400,-0.342540850401185,0.619792,0.0504201409505124,0,0.619792,0,1.47481271980601,0.270120601097375
"1985-07-26",1985-07-26,-0.0336145029300153,28838400,-0.36464101291174,0.598958,0.0173902009823726,0.588542,0.619792,1356,-1.06451832674751,0.0619058200775809
"1985-07-29",1985-07-29,-0.0521739420794112,35110400,-0.397790195903716,0.567708,0,0.567708,0.598958,1357,-1.09090909090909,-0.128970784426484
"1985-07-30",1985-07-30,0.00458862654745039,32336000,-0.395026880009505,0.570313,0.00456766722834645,0.567708,0.570313,1357,-0.993053333333333,-0.101283205827967
"1985-07-31",1985-07-31,0.0319631500597041,34041600,-0.375690033393161,0.588542,0.0353993427826731,0,0.588542,0,7.74998287156047,0.0881927317850574
"1985-08-01",1985-08-01,0.0442466298072185,47001600,-0.348066421415751,0.614583,0.0762712278081236,0,0.614583,0,2.15459445889645,0.346885791802569
"1985-08-02",1985-08-02,0,26736000,-0.348066421415751,0.614583,0.0762712278081236,0,0.614583,0,-1,0.346885791802569
"1985-08-05",1985-08-05,-0.00847403849439374,23302400,-0.353590931656462,0.609375,0.0683766153846154,0.567708,0.614583,1362,-1.015872,0.296204592940515
"1985-08-06",1985-08-06,-0.0256410256410256,22704000,-0.37016552315245,0.59375,0.0438602105263158,0.567708,0.614583,0,-1.04687504687505,0.141012557679931
"1985-08-07",1985-08-07,-0.00877136842105262,17523200,-0.375690033393161,0.588542,0.0353993427826731,0.567708,0.614583,0,-1.01492443216662,0.0881927317850569
"1985-08-08",1985-08-08,0.0265486575299639,36636800,-0.359115441897173,0.604167,0.0603458977401944,0.567708,0.614583,0,1.70471802571803,0.245009353336764
"1985-08-09",1985-08-09,-0.00862178834659957,10246400,-0.36464101291174,0.598958,0.0521739420794113,0.567708,0.614583,0,-1.01538661491518,0.193276681185049
"1985-08-12",1985-08-12,-0.0173902009823727,16809600,-0.375690033393161,0.588542,0.0353993427826731,0.567708,0.614583,0,-1.03030109090909,0.0881927317850569
"1985-08-13",1985-08-13,-0.00885068525270927,22841600,-0.381215604407728,0.583333,0.0267857295918454,0.567708,0.614583,0,-1.01470779239114,0.0347920122006447
"1985-08-14",1985-08-14,-0.0178560102034344,18268800,-0.392264624889149,0.572917,0.00909206743734259,0.567708,0.614583,0,-1.02898365217391,-0.0737630439644199
"1985-08-15",1985-08-15,-0.0272727114049679,26217600,-0.408839216385138,0.557292,0,0.557292,0.609375,1370,-1.04225359730226,-0.170700606730216
"1985-08-16",1985-08-16,-0.0186921757355211,16041600,-0.419889297640415,0.546875,0,0.546875,0.557292,1371,-1.02702793864292,-0.212434435353293
"1985-08-19",1985-08-19,-0.0285714285714286,28131200,-0.436463889136403,0.53125,0,0.53125,0.546875,1372,-1.03947371745155,-0.275033175128235
"1985-08-20",1985-08-20,0.044118588235294,30435200,-0.411601471505493,0.554688,0.042254384446752,0.53125,0.554688,1372,-0.943036713346198,-0.0215471553489339
"1985-08-21",1985-08-21,-0.0140853957540094,11587200,-0.419889297640415,0.546875,0.0285714285714286,0.53125,0.554688,1374,-1.02013556002268,-0.104526169706195
"1985-08-22",1985-08-22,0,15897600,-0.419889297640415,0.546875,0.0285714285714286,0.53125,0.554688,0,-1,-0.104526169706195
"1985-08-23",1985-08-23,-0.00952319999999998,12944000,-0.425413807881126,0.541667,0.0192313727806936,0.53125,0.554688,0,-1.01315706371121,-0.160666503607947
"1985-08-26",1985-08-26,0,12537600,-0.425413807881126,0.541667,0.0192313727806936,0.53125,0.554688,0,-1,-0.160666503607947
"1985-08-27",1985-08-27,-0.0096166094667019,6214400,-0.430939378895692,0.536458,0.00970812253708586,0.53125,0.554688,0,-1.01298869691628,-0.217502730678044
"1985-08-28",1985-08-28,0.00485592534737103,8825600,-0.428176063001481,0.539063,0.0144936677160182,0.53125,0.554688,0,1.49294239546845,-0.188992272967561
"1985-08-29",1985-08-29,0.00483060421509184,9628800,-0.425413807881126,0.541667,0.0192313727806936,0.53125,0.554688,0,1.32688103228966,-0.160666503607947
"1985-08-30",1985-08-30,0,8854400,-0.425413807881126,0.541667,0.0192313727806936,0.53125,0.554688,0,-1,-0.160666503607947
"1985-09-03",1985-09-03,-0.0096166094667019,5212800,-0.430939378895692,0.536458,0.00970812253708586,0.53125,0.554688,0,-1.01298869691628,-0.217502730678044
"1985-09-04",1985-09-04,-0.0194162450741717,8067200,-0.441988399377114,0.526042,0,0.526042,0.546875,1383,-1.02563938461538,-0.2958980862801
"1985-09-05",1985-09-05,-0.0198026013132031,37296000,-0.453038480632391,0.515625,0,0.515625,0.526042,1384,-1.02500084000134,-0.337631914903177
"1985-09-06",1985-09-06,0.0303030303030303,28656000,-0.436463889136403,0.53125,0.0294117647058824,0.515625,0.53125,1384,-0.963414605591887,-0.163951136962105
"1985-09-09",1985-09-09,0.0294117647058824,20092800,-0.419889297640415,0.546875,0.0571428571428572,0,0.546875,0,1.94285714285714,0.00338209594090259
"1985-09-10",1985-09-10,-0.0190482285714286,17158400,-0.430939378895692,0.536458,0.0388343542271715,0.515625,0.546875,1387,-1.02631665374034,-0.1074990905501
"1985-09-11",1985-09-11,-0.00970812253708583,26083200,-0.436463889136403,0.53125,0.0294117647058824,0.515625,0.546875,0,-1.01281969230769,-0.163951136962105
"1985-09-12",1985-09-12,0.00980329411764704,51785600,-0.430939378895692,0.536458,0.0388343542271715,0.515625,0.546875,0,1.32036804372383,-0.1074990905501
"1985-09-13",1985-09-13,-0.00970812253708583,42387200,-0.436463889136403,0.53125,0.0294117647058824,0.515625,0.546875,0,-1.01281969230769,-0.163951136962105
"1985-09-16",1985-09-16,-0.00980329411764704,36224000,-0.441988399377114,0.526042,0.0198026013132031,0.515625,0.546875,0,-1.01265742797564,-0.221107833574797
"1985-09-17",1985-09-17,-0.0247527763942804,16112000,-0.455800735752747,0.513021,0,0.513021,0.536458,1392,-1.03125045000072,-0.348064370479111
"1985-09-18",1985-09-18,0.0355326585071567,40745600,-0.436463889136403,0.53125,0.0343134117647059,0.513021,0.53125,1392,-0.957576096088548,-0.14543864880949
"1985-09-19",1985-09-19,0.0294117647058824,47990400,-0.419889297640415,0.546875,0.0619044571428572,0,0.546875,0,1.80408924555065,0.021365655860585
"1985-09-20",1985-09-20,0,24067200,-0.419889297640415,0.546875,0.0619044571428572,0,0.546875,0,-1,0.021365655860585
"1985-09-23",1985-09-23,0.0190482285714286,26860800,-0.408839216385138,0.557292,0.079439503886652,0,0.557292,0,1.28325984190975,0.129325661359391
"1985-09-24",1985-09-24,-0.0186921757355211,13180800,-0.419889297640415,0.546875,0.0619044571428572,0.513021,0.557292,1397,-1.02702793864292,0.0213656558605854
"1985-09-25",1985-09-25,-0.0380946285714286,13430400,-0.441988399377114,0.526042,0.0247527763942804,0.513021,0.557292,0,-1.05263078116276,-0.202412065307098
"1985-09-26",1985-09-26,0.0198007003243087,26140800,-0.430939378895692,0.536458,0.0436884154957146,0.513021,0.557292,0,1.76499051257174,-0.0891663239009378
"1985-09-30",1985-09-30,0,20198400,-0.430939378895692,0.536458,0.0436884154957146,0.513021,0.557292,0,-1,-0.0891663239009378
"1985-10-01",1985-10-01,0.00970998661591405,12723200,-0.425413807881126,0.541667,0.0528848905323752,0.513021,0.557292,0,1.21050145518696,-0.0335642579351758
"1985-10-02",1985-10-02,-0.0480775088753792,24585600,-0.453038480632391,0.515625,0.00505018181818195,0.513021,0.557292,0,-1.06493600404946,-0.31855844226109
"1985-10-03",1985-10-03,-0.00505018181818192,40128000,-0.455800735752747,0.513021,0,0.513021,0.546875,1403,-1.00609717549048,-0.348064370479111
"1985-10-04",1985-10-04,-0.0253810272873819,32720000,-0.469613072128379,0.5,0,0.5,0.513021,1404,-1.03030345344402,-0.40023065467812
"1985-10-07",1985-10-07,-0.041666,32220800,-0.491712173865078,0.479167,0,0.479167,0.5,1405,-1.04705810602022,-0.483694305604928
"1985-10-08",1985-10-08,-0.0217398109636098,44217600,-0.502762255120356,0.46875,0,0.46875,0.479167,1406,-1.02247266153372,-0.525428134228005
"1985-10-09",1985-10-09,0.0222229333333334,20816000,-0.491712173865078,0.479167,0.0217398109636098,0.46875,0.479167,1406,-0.978021259267699,-0.401587620224667
"1985-10-10",1985-10-10,-0.0543484839314895,71107200,-0.519336846616344,0.453125,0,0,0.479167,1408,-1.05618057518105,-0.588026874002948
"1985-10-11",1985-10-11,0.057472,53436800,-0.491712173865078,0.479167,0.0543484839314895,0.453125,0.479167,1408,-0.946807793571264,-0.278431533149062
"1985-10-14",1985-10-14,0.0543463969764195,35539200,-0.464088561887669,0.505208,0.103092191730931,0,0.505208,0,1.89687336745007,0.00999174287424256
"1985-10-15",1985-10-15,-0.0257715633956706,23139200,-0.477899837489446,0.492188,0.0793660146123026,0.453125,0.505208,1411,-1.02976,-0.131779306821167
"1985-10-16",1985-10-16,0.0264533064601331,16214400,-0.464088561887669,0.505208,0.0257715633956707,0.492188,0.505208,1411,-0.971100062150404,-0.282031978709818
"1985-10-17",1985-10-17,-0.0309278554575541,16118400,-0.480663153383657,0.489583,0,0,0.505208,1413,-1.03571428571429,-0.441964483301198
"1985-10-18",1985-10-18,-0.0319149153463253,31174400,-0.497237744879645,0.473958,0,0.473958,0.489583,1414,-1.03448275862069,-0.50456322307614
"1985-10-21",1985-10-21,0,18355200,-0.497237744879645,0.473958,0,0.473958,0.473958,1414,-1,-0.50456322307614
"1985-10-22",1985-10-22,0.0329670561526549,33561600,-0.480663153383657,0.489583,0.0319149153463253,0,0.489583,0,-0.966666666666667,-0.321428572585841
"1985-10-23",1985-10-23,0.0319149153463253,32294400,-0.464088561887669,0.505208,0.0618557109151082,0,0.505208,0,1.93814428908489,-0.14574975654364
"1985-10-24",1985-10-24,0.0412384601985717,100291200,-0.441988399377114,0.526042,0.0990111055771212,0,0.526042,0,1.600678484045,0.0780459976119077
"1985-10-25",1985-10-25,-0.0198026013132031,48569600,-0.453038480632391,0.515625,0.0808087272727273,0.473958,0.526042,1419,-1.02500084000134,-0.0324343785829518
"1985-10-28",1985-10-28,0.0101003636363636,24297600,-0.447513970391681,0.520833,0.0900000576000368,0.473958,0.526042,0,1.11374180286603,0.0231442505802478
"1985-10-29",1985-10-29,0.0300000192000123,30406400,-0.430939378895692,0.536458,0.0388343542271715,0.515625,0.536458,1419,-0.962962962962963,-0.107499090550101
"1985-10-30",1985-10-30,0,24921600,-0.430939378895692,0.536458,0.0388343542271715,0,0.536458,0,-1,-0.107499090550101
"1985-10-31",1985-10-31,-0.00970812253708583,14451200,-0.436463889136403,0.53125,0.0294117647058824,0.515625,0.536458,1423,-1.01281969230769,-0.163951136962105
"1985-11-01",1985-11-01,0.00980329411764704,19107200,-0.430939378895692,0.536458,0.00970812253708586,0.53125,0.536458,1423,-0.987342572024362,-0.217502730678044
"1985-11-04",1985-11-04,-0.0291262316900857,24691200,-0.44751397039168,0.520833,0,0,0.536458,1425,-1.03846153846154,-0.316767003751312
"1985-11-05",1985-11-05,-0.00999936639959448,24211200,-0.453038480632391,0.515625,0,0.515625,0.520833,1426,-1.01234488888889,-0.337631914903178
"1985-11-06",1985-11-06,0.050505696969697,56659200,-0.425413807881126,0.541667,0.0480775088753792,0.515625,0.541667,1426,-0.939023562164731,-0.0517207255270293
"1985-11-07",1985-11-07,0.0192295266279836,80777600,-0.414364787399704,0.552083,0.0660371719469717,0,0.552083,0,1.37355644025038,0.0578389600548641
"1985-11-08",1985-11-08,-0.00943336418618213,23961600,-0.419889297640415,0.546875,0.0571428571428572,0.515625,0.552083,1429,-1.01333248,0.00338209594090301
"1985-11-11",1985-11-11,0.0285714285714286,30374400,-0.403314706144427,0.5625,0.0277777777777778,0.546875,0.5625,1429,-0.960526282548449,-0.044924881754783
"1985-11-12",1985-11-12,-0.00925866666666665,44073600,-0.408839216385138,0.557292,0.0186921757355211,0.546875,0.5625,1431,-1.01369776543366,-0.100104197462536
"1985-11-13",1985-11-13,0,17126400,-0.408839216385138,0.557292,0.0186921757355211,0.546875,0.5625,0,-1,-0.100104197462536
"1985-11-14",1985-11-14,0.00934519067203547,25212800,-0.403314706144427,0.5625,0.00925866666666664,0.557292,0.5625,1431,-0.986487327978081,-0.114867662401189
"1985-11-15",1985-11-15,0.0277777777777778,49088000,-0.386740114648439,0.578125,0.0360354594594594,0,0.578125,0,3.89207871465937,0.0488613818189217
"1985-11-18",1985-11-18,0.00900843243243242,30758400,-0.381215604407728,0.583333,0.0446417397952799,0,0.583333,0,1.23882810056863,0.102230400435676
"1985-11-19",1985-11-19,0.053571459183691,119664000,-0.348066421415752,0.614583,0.0932193047969111,0,0.614583,0,2.0881646912598,0.410895107589542
"1985-11-20",1985-11-20,-0.0423718195914953,53913600,-0.375690033393161,0.588542,0.0530973150599278,0.557292,0.614583,1437,-1.07936304761905,0.15503424407187
"1985-11-21",1985-11-21,0.0176979722772546,29638400,-0.36464101291174,0.598958,0.0695641430617839,0.557292,0.614583,0,1.31012543634779,0.258955806139229
"1985-11-22",1985-11-22,-0.00869510049118634,36435200,-0.370165523152451,0.59375,0.061402947368421,0.557292,0.614583,0,-1.01515054545455,0.207267778436656
"1985-11-25",1985-11-25,-0.0263157894736842,15744000,-0.386740114648439,0.578125,0.0360354594594594,0.557292,0.614583,0,-1.04477616217424,0.0488613818189217
"1985-11-26",1985-11-26,0.00900843243243242,21302400,-0.381215604407728,0.583333,0.0446417397952799,0.557292,0.614583,0,1.23882810056863,0.102230400435676
"1985-11-27",1985-11-27,0.0357154489802566,42070400,-0.359115441897173,0.604167,0.0775861640903922,0.557292,0.614583,0,1.7379735746454,0.310122206776798
"1985-11-29",1985-11-29,-0.0172419215216985,14211200,-0.370165523152451,0.59375,0.061402947368421,0.557292,0.614583,0,-1.03077027597839,0.207267778436656
"1985-12-02",1985-12-02,-0.0175444210526316,12387200,-0.381215604407728,0.583333,0.0446417397952799,0.557292,0.614583,0,-1.02985173000762,0.102230400435676
"1985-12-03",1985-12-03,0.00892971938841111,14288000,-0.375690033393161,0.588542,0.0530973150599278,0.557292,0.614583,0,1.18940962658319,0.15503424407187
"1985-12-04",1985-12-04,0.0442466298072185,37952000,-0.348066421415752,0.614583,0.0593215236998095,0.578125,0.614583,1437,1.11722266244266,0.28287033072798
"1985-12-05",1985-12-05,0.00847566561392036,84902400,-0.342540850401185,0.619792,0.0672273924155201,0,0.619792,0,1.13327150455065,0.3335980485533
"1985-12-06",1985-12-06,-0.0126058419598832,35081600,-0.350828676536107,0.611979,0.0553188916613152,0.578125,0.619792,1448,-1.02419514672546,0.257320777306637
"1985-12-09",1985-12-09,0.0127667779449948,29059200,-0.342540850401185,0.619792,0.0126058419598832,0.611979,0.619792,1448,-0.97637642904009,0.127303961371488
"1985-12-10",1985-12-10,0,43132800,-0.342540850401185,0.619792,0.0126058419598832,0,0.619792,0,-1,0.127303961371488
"1985-12-11",1985-12-11,0.00840281901024858,41504000,-0.337016340160474,0.625,0.0208335999999999,0,0.625,0,1.65269404981441,0.179243381032907
"1985-12-12",1985-12-12,-0.00833279999999998,29696000,-0.342540850401185,0.619792,0.0126058419598832,0.611979,0.625,1452,-1.01639241064122,0.127303961371488
"1985-12-13",1985-12-13,0.0294114799803804,41052800,-0.323204003784842,0.638021,0.028571159883452,0.619792,0.638021,1452,2.26650151369316,0.260632798589652
"1985-12-16",1985-12-16,0.00408137036241762,32496000,-0.320441748664486,0.640625,0.0325198048780487,0,0.640625,0,1.13820387449106,0.285978454321391
"1985-12-17",1985-12-17,-0.0325198048780488,31942400,-0.342540850401185,0.619792,0,0,0.640625,1455,-1.06896448989185,0.0796943523695534
"1985-12-18",1985-12-18,-0.0336145029300153,24316800,-0.36464101291174,0.598958,0,0.598958,0.619792,1456,-1.06451832674751,-0.00377330487660035
"1985-12-19",1985-12-19,0.00869677005733293,27772800,-0.359115441897173,0.604167,0.00862178834659955,0.598958,0.604167,1456,-0.984846545454546,0.0496582905486378
"1985-12-20",1985-12-20,-0.0172419215216985,25414400,-0.370165523152451,0.59375,0,0,0.604167,1458,-1.03077027597839,-0.0246382160284663
"1985-12-23",1985-12-23,-0.0175444210526316,22387200,-0.381215604407728,0.583333,0,0.583333,0.59375,1459,-1.02985173000762,-0.0663720446515425
"1985-12-24",1985-12-24,0,13596800,-0.381215604407728,0.583333,0,0.583333,0.583333,1459,-1,-0.0663720446515425
"1985-12-26",1985-12-26,0.00892971938841111,9536000,-0.375690033393162,0.588542,0.00885068525270927,0,0.588542,0,-0.985505391304348,-0.0120759538410447
"1985-12-27",1985-12-27,0.0353976436685912,19267200,-0.353590931656462,0.609375,0.0427355897435897,0,0.609375,0,4.82850632729347,0.19936384171876
"1985-12-30",1985-12-30,0.00854646153846152,13721600,-0.348066421415752,0.614583,0.0508474852054157,0,0.614583,0,1.1898159241629,0.250865672834492
"1985-12-31",1985-12-31,-0.00847403849439374,24019200,-0.353590931656462,0.609375,0.0427355897435897,0.583333,0.614583,1464,-1.015872,0.19936384171876
"1986-01-02",1986-01-02,-0.0170945641025641,12508800,-0.36464101291174,0.598958,0.0260869710397056,0.583333,0.614583,0,-1.03125103125103,0.0947516881542239
"1986-01-03",1986-01-03,-0.0173902009823727,25747200,-0.375690033393161,0.588542,0.00885068525270927,0.583333,0.614583,0,-1.03030109090909,-0.0120759538410443
"1986-01-06",1986-01-06,-0.0530973150599277,37084800,-0.408839216385138,0.557292,0,0.557292,0.609375,1467,-1.08823546020793,-0.170700606730216
"1986-01-07",1986-01-07,0.0186903813440709,41993600,-0.397790195903716,0.567708,0.0183474603141051,0.557292,0.567708,1467,-0.972974655956162,-0.0596762926731444
"1986-01-08",1986-01-08,-0.0183474603141051,55344000,-0.408839216385138,0.557292,0,0,0.567708,1469,-1.027776,-0.170700606730216
"1986-01-09",1986-01-09,0,32758400,-0.408839216385138,0.557292,0,0.557292,0.557292,1469,-1,-0.170700606730216
"1986-01-10",1986-01-10,0.0280373664075565,30316800,-0.39226462488915,0.572917,0.0272727114049679,0,0.572917,0,-0.95945938933516,-0.00509858240313725
"1986-01-13",1986-01-13,0,18185600,-0.39226462488915,0.572917,0.0272727114049679,0,0.572917,0,-1,-0.00509858240313725
"1986-01-14",1986-01-14,0.0181806439676253,22976000,-0.381215604407728,0.583333,0.0446417397952799,0,0.583333,0,1.63686474485071,0.102230400435676
"1986-01-15",1986-01-15,0.0133937219392696,28899200,-0.372927778272806,0.591146,0.0572684243824706,0,0.591146,0,1.28284481395875,0.181220100696504
"1986-01-16",1986-01-16,0.0484584180557765,46870400,-0.342540850401185,0.619792,0.100840281901025,0,0.619792,0,1.76083562606083,0.460546849825194
"1986-01-17",1986-01-17,0.0252100704752562,45036800,-0.325966258905197,0.635417,0.122950755173374,0,0.635417,0,1.21926231120666,0.606652188421087
"1986-01-20",1986-01-20,-0.0081977661913358,28246400,-0.331491829919763,0.630208,0.115701482685082,0.557292,0.635417,1477,-1.01695135880973,0.558404296200355
"1986-01-21",1986-01-21,-0.0165278765106123,18979200,-0.342540850401185,0.619792,0.100840281901025,0.557292,0.635417,0,-1.0333312,0.460546849825194
"1986-01-22",1986-01-22,-0.00840443245475905,18483200,-0.348066421415752,0.614583,0.0932193047969111,0.557292,0.635417,0,-1.01613113007717,0.410895107589542
"1986-01-23",1986-01-23,0,15641600,-0.348066421415752,0.614583,0.0932193047969111,0.557292,0.635417,0,-1,0.410895107589542
"1986-01-24",1986-01-24,-0.00847403849439374,69916800,-0.353590931656462,0.609375,0.0854695384615385,0.557292,0.635417,0,-1.015872,0.360760961882965
"1986-01-27",1986-01-27,-0.0512820512820513,186470400,-0.386740114648439,0.578125,0.0360354594594594,0.557292,0.635417,0,-1.09375009375009,0.0488613818189217
"1986-01-28",1986-01-28,0.0180185945945946,42854400,-0.375690033393162,0.588542,0.0530973150599278,0.557292,0.635417,0,1.47347406849809,0.155034244071869
"1986-01-29",1986-01-29,0.0176979722772546,94006400,-0.36464101291174,0.598958,0.0695641430617839,0.557292,0.635417,0,1.31012543634779,0.258955806139229
"1986-01-30",1986-01-30,-0.0260869710397056,31347200,-0.381215604407728,0.583333,0.0446417397952799,0.557292,0.635417,0,-1.04545454545455,0.102230400435675
"1986-01-31",1986-01-31,0.00892971938841111,18355200,-0.375690033393162,0.588542,0.0530973150599278,0.557292,0.635417,0,1.18940962658319,0.155034244071869
"1986-02-03",1986-02-03,0.0176979722772546,21004800,-0.36464101291174,0.598958,0.0695641430617839,0.557292,0.635417,0,1.31012543634779,0.258955806139228
"1986-02-04",1986-02-04,0.0521739420794112,76054400,-0.331491829919764,0.630208,0.115701482685082,0.557292,0.635417,0,1.66323449973818,0.558404296200354
"1986-02-05",1986-02-05,0.0578523281202397,82400000,-0.292817075913221,0.666667,0.132812933593533,0.578125,0.666667,1477,1.14789309965047,0.769097037879726
"1986-02-06",1986-02-06,-0.0546884726557637,165699200,-0.331491829919764,0.630208,0.0826441428861582,0.578125,0.666667,1490,-1.13207820577378,0.433553689039053
"1986-02-07",1986-02-07,0.00826552503300501,191558400,-0.325966258905197,0.635417,0.0901644117170299,0.578125,0.666667,0,1.09099578709687,0.482825077346139
"1986-02-10",1986-02-10,-0.0327879172260107,50505600,-0.348066421415752,0.614583,0.0593215236998095,0.578125,0.666667,0,-1.06779892675021,0.282870330727979
"1986-02-11",1986-02-11,-0.00847403849439374,114499200,-0.353590931656463,0.609375,0.0512820512820513,0.578125,0.666667,0,-1.015872,0.231642026189985
"1986-02-12",1986-02-12,-0.0170945641025641,105814400,-0.36464101291174,0.598958,0.034782071530892,0.578125,0.666667,0,-1.03125103125103,0.127591250631313
"1986-02-13",1986-02-13,-0.0260869710397056,66915200,-0.381215604407728,0.583333,0.00892800510171721,0.578125,0.666667,0,-1.04545454545455,-0.0326528505340273
"1986-02-14",1986-02-14,0.0267857295918455,41260800,-0.36464101291174,0.598958,0.034782071530892,0.578125,0.666667,0,3.89583911911094,0.127591250631313
"1986-02-18",1986-02-18,0,32236800,-0.36464101291174,0.598958,0.034782071530892,0.578125,0.666667,0,-1,0.127591250631313
"1986-02-19",1986-02-19,-0.0173902009823727,47398400,-0.375690033393162,0.588542,0.0176996713913365,0.578125,0.666667,0,-1.03030109090909,0.0213448023023615
"1986-02-20",1986-02-20,0.0088489861386273,23145600,-0.370165523152451,0.59375,0.0263157894736842,0.578125,0.666667,0,1.48679536991658,0.074750976014913
"1986-02-21",1986-02-21,0.0263157894736842,28147200,-0.353590931656463,0.609375,0.0512820512820513,0.578125,0.666667,0,1.94871794871795,0.231642026189985
"1986-02-24",1986-02-24,0,34051200,-0.353590931656463,0.609375,0.0512820512820513,0.578125,0.666667,0,-1,0.231642026189985
"1986-02-25",1986-02-25,-0.0170945641025641,27004800,-0.36464101291174,0.598958,0.034782071530892,0.578125,0.666667,0,-1.03125103125103,0.127591250631314
"1986-02-26",1986-02-26,-0.0173902009823727,35491200,-0.375690033393162,0.588542,0.0176996713913365,0.578125,0.666667,0,-1.03030109090909,0.021344802302362
"1986-02-27",1986-02-27,0,29865600,-0.375690033393162,0.588542,0.0176996713913365,0.578125,0.666667,0,-1,0.021344802302362
"1986-02-28",1986-02-28,-0.0176996713913366,64003200,-0.386740114648439,0.578125,0,0.578125,0.635417,1505,-1.02941276124755,-0.0872369558034088
"1986-03-03",1986-03-03,-0.0540540540540541,61260800,-0.419889297640415,0.546875,0,0.546875,0.578125,1506,-1.0857143640817,-0.212434435353294
"1986-03-04",1986-03-04,0.00952319999999998,49472000,-0.414364787399704,0.552083,0.00943336418618212,0.546875,0.552083,1506,-0.986842936288789,-0.155941695302236
"1986-03-05",1986-03-05,0.0283019038803948,64812800,-0.397790195903716,0.567708,0.0366966820971344,0,0.567708,0,3.89009491978347,0.00962485177717795
"1986-03-06",1986-03-06,-0.00917373015705255,40496000,-0.403314706144427,0.5625,0.0277777777777778,0.546875,0.567708,1509,-1.013888,-0.0449248817547838
"1986-03-07",1986-03-07,-0.0555555555555556,53347200,-0.436463889136403,0.53125,0,0.53125,0.5625,1510,-1.08219185288053,-0.275033175128236
"1986-03-10",1986-03-10,0.0490202352941177,28275200,-0.408839216385138,0.557292,0.0467295421430776,0.53125,0.557292,1510,-0.93670799935838,0.00578702791976909
"1986-03-11",1986-03-11,0.0560747328151131,64944000,-0.375690033393162,0.588542,0.0973456439812282,0,0.588542,0,2.08317136262909,0.322150859180664
"1986-03-12",1986-03-12,0.0088489861386273,77398400,-0.370165523152451,0.59375,0.105263157894737,0,0.59375,0,1.08133403396084,0.372918552145051
"1986-03-13",1986-03-13,-0.00877136842105262,50716800,-0.375690033393162,0.588542,0.0973456439812282,0.53125,0.59375,1514,-1.01492443216662,0.322150859180664
"1986-03-14",1986-03-14,-0.0353993427826731,47206400,-0.397790195903716,0.567708,0.0642196340372163,0.53125,0.59375,0,-1.0588255224951,0.113573242104171
"1986-03-17",1986-03-17,0,26947200,-0.397790195903716,0.567708,0.0642196340372163,0.53125,0.59375,0,-1,0.113573242104171
"1986-03-18",1986-03-18,0.00917549162597677,40896000,-0.39226462488915,0.572917,0.072727812231091,0.53125,0.59375,0,1.13248562252697,0.166575755920494
"1986-03-19",1986-03-19,-0.0181823894211553,21091200,-0.403314706144427,0.5625,0.0555555555555556,0.53125,0.59375,0,-1.02816996627825,0.0599859320687834
"1986-03-20",1986-03-20,0.0185191111111111,21612800,-0.39226462488915,0.572917,0.072727812231091,0.53125,0.59375,0,1.30910062015964,0.166575755920494
"1986-03-21",1986-03-21,-0.00909206743734262,33187200,-0.397790195903716,0.567708,0.0642196340372163,0.53125,0.59375,0,-1.01408633525424,0.113573242104171
"1986-03-24",1986-03-24,0.0183492217830293,16588800,-0.386740114648439,0.578125,0.081081081081081,0.53125,0.59375,0,1.26255906463268,0.218989203465382
"1986-03-25",1986-03-25,-0.00900843243243242,26384000,-0.39226462488915,0.572917,0.072727812231091,0.53125,0.59375,0,-1.0142848130604,0.166575755920494
"1986-03-26",1986-03-26,-0.0272727114049679,31884800,-0.408839216385138,0.557292,0.0467295421430776,0.53125,0.59375,0,-1.04225359730226,0.00578702791976909
"1986-03-27",1986-03-27,-0.0186921757355211,37881600,-0.419889297640415,0.546875,0.0285714285714286,0.53125,0.59375,0,-1.02702793864292,-0.104526169706196
"1986-03-31",1986-03-31,-0.00952319999999998,42924800,-0.425413807881126,0.541667,0.0192313727806936,0.53125,0.59375,0,-1.01315706371121,-0.160666503607948
"1986-04-01",1986-04-01,-0.0288461360946855,44630400,-0.441988399377114,0.526042,0,0.526042,0.588542,1526,-1.03896110372755,-0.295898086280102
"1986-04-02",1986-04-02,0,33593600,-0.441988399377114,0.526042,0,0.526042,0.526042,1526,-1,-0.295898086280102
"1986-04-03",1986-04-03,0,32384000,-0.441988399377114,0.526042,0,0,0.526042,0,-1,-0.295898086280102
"1986-04-04",1986-04-04,0,44153600,-0.441988399377114,0.526042,0,0,0.526042,0,-1,-0.295898086280102
"1986-04-07",1986-04-07,-0.00990225115104881,40476800,-0.447513970391681,0.520833,0,0,0.526042,1530,-1.01250162000259,-0.316767003751313
"1986-04-08",1986-04-08,0.0500006720004301,35452800,-0.419889297640415,0.546875,0.0476196571428572,0.520833,0.546875,1530,-0.938270814814815,-0.0325850238984635
"1986-04-09",1986-04-09,-0.00952319999999998,32716800,-0.425413807881126,0.541667,0.0384627455613874,0.520833,0.546875,1532,-1.01315706371121,-0.088033660710737
"1986-04-10",1986-04-10,0.0769217988173545,63878400,-0.381215604407728,0.583333,0.0714274693871253,0.541667,0.583333,1532,1.85705592111529,0.203394457287861
"1986-04-11",1986-04-11,0.0178577244901283,84646400,-0.370165523152451,0.59375,0.0877187368421053,0,0.59375,0,1.22808126333979,0.306656970480035
"1986-04-14",1986-04-14,-0.00877136842105262,37161600,-0.375690033393162,0.588542,0.0796459725898916,0.541667,0.59375,1535,-1.01492443216662,0.25530292969797
"1986-04-15",1986-04-15,-0.00885068525270927,25459200,-0.381215604407728,0.583333,0.0714274693871253,0.541667,0.59375,0,-1.01470779239114,0.203394457287862
"1986-04-16",1986-04-16,0.0357154489802566,32294400,-0.359115441897173,0.604167,0.034483843043397,0.583333,0.604167,1535,-0.942027130434783,0.1473338219427
"1986-04-17",1986-04-17,0,47993600,-0.359115441897173,0.604167,0.034483843043397,0,0.604167,0,-1,0.1473338219427
"1986-04-18",1986-04-18,-0.0172419215216985,31049600,-0.370165523152451,0.59375,0.0175444210526315,0.583333,0.604167,1539,-1.03077027597839,0.0416233656365505
"1986-04-21",1986-04-21,0,22924800,-0.370165523152451,0.59375,0.0175444210526315,0.583333,0.604167,0,-1,0.0416233656365505
"1986-04-22",1986-04-22,0.0175444210526316,31814400,-0.359115441897173,0.604167,0.0172419215216985,0.59375,0.604167,1539,-0.970148269992377,0.0822147172686558
"1986-04-23",1986-04-23,-0.00862178834659957,21571200,-0.36464101291174,0.598958,0.00869510049118638,0.59375,0.604167,1542,-1.01538661491518,0.0290662576004903
"1986-04-24",1986-04-24,0.0347837410970386,78819200,-0.342540850401185,0.619792,0.0336145029300152,0.598958,0.619792,1542,3.86591310406221,0.206649247281407
"1986-04-25",1986-04-25,0.0420157084957534,77638400,-0.314917238423775,0.645833,0.0725806826222878,0,0.645833,0,2.15920737466799,0.4581448597921
"1986-04-28",1986-04-28,-0.00806400416206665,27264000,-0.320441748664486,0.640625,0.0650411707317073,0.598958,0.645833,1545,-1.01754273684211,0.408804800822398
"1986-04-29",1986-04-29,-0.0325198048780488,51900800,-0.342540850401185,0.619792,0.0336145029300152,0.598958,0.645833,0,-1.06896448989185,0.206649247281407
"1986-04-30",1986-04-30,-0.0420173219402638,34889600,-0.370165523152451,0.59375,0,0.59375,0.640625,1547,-1.0806463600441,-0.0246382160284654
"1986-05-01",1986-05-01,0.00877136842105262,16646400,-0.36464101291174,0.598958,0.00869510049118638,0.59375,0.598958,1547,-0.985075567833378,0.0290662576004903
"1986-05-02",1986-05-02,-0.0260869710397056,25680000,-0.381215604407728,0.583333,0,0,0.598958,1549,-1.04545454545455,-0.0663720446515425
"1986-05-05",1986-05-05,0,15302400,-0.381215604407728,0.583333,0,0.583333,0.583333,1549,-1,-0.0663720446515425
"1986-05-06",1986-05-06,0.0357154489802566,21603200,-0.359115441897173,0.604167,0.034483843043397,0,0.604167,0,-0.942027130434782,0.147333821942701
"1986-05-07",1986-05-07,-0.0172419215216985,13193600,-0.370165523152451,0.59375,0.0175444210526315,0.583333,0.604167,1552,-1.03077027597839,0.0416233656365509
"1986-05-08",1986-05-08,0.0043856842105264,16156800,-0.367403268032095,0.596354,0.0218343467135294,0.583333,0.604167,0,1.24451793809716,0.0682579665362701
"1986-05-09",1986-05-09,0.0218343467135291,17500800,-0.353590931656462,0.609375,0.0256410256410257,0.59375,0.609375,1552,1.17434361455557,0.134801274968231
"1986-05-12",1986-05-12,0,18396800,-0.353590931656462,0.609375,0.0256410256410257,0,0.609375,0,-1,0.134801274968231
"1986-05-13",1986-05-13,-0.0128196923076924,12291200,-0.361877697017529,0.601563,0.0129878333607618,0.59375,0.609375,1556,-1.02343602343602,0.0557154670552445
"1986-05-14",1986-05-14,-0.0259740043852431,41446400,-0.378452288513517,0.585938,0,0.585938,0.601563,1557,-1.04580163859942,-0.0559355827562639
"1986-05-15",1986-05-15,-0.0400008191993009,40838400,-0.403314706144427,0.5625,0,0.5625,0.585938,1558,-1.06569498556493,-0.14983569557835
"1986-05-16",1986-05-16,-0.0277777777777778,23260800,-0.419889297640415,0.546875,0,0.546875,0.5625,1559,-1.04109592644026,-0.212434435353293
"1986-05-19",1986-05-19,0.00952319999999998,19891200,-0.414364787399704,0.552083,0.00943336418618212,0.546875,0.552083,1559,-0.986842936288788,-0.155941695302235
"1986-05-20",1986-05-20,0.00943517550803053,21859200,-0.408839216385138,0.557292,0.0186921757355211,0,0.557292,0,1.98149624742583,-0.100104197462536
"1986-05-21",1986-05-21,-0.0093469850634856,10889600,-0.414364787399704,0.552083,0.00943336418618212,0.546875,0.557292,1562,-1.013515266621,-0.155941695302235
"1986-05-22",1986-05-22,-0.00471668209309097,28550400,-0.417127042520059,0.549479,0.0047390346127878,0.546875,0.557292,0,-1.00666624,-0.184103644570597
"1986-05-23",1986-05-23,-0.0284360275824918,48137600,-0.433701634016048,0.533854,0,0.533854,0.552083,1564,-1.03973511617912,-0.264600719552302
"1986-05-27",1986-05-27,0.0146350874958321,22428800,-0.425413807881126,0.541667,0.0144239911236977,0.533854,0.541667,1564,-0.980890489025423,-0.178822971199801
"1986-05-28",1986-05-28,0,65942400,-0.425413807881126,0.541667,0.0144239911236977,0,0.541667,0,-1,-0.178822971199801
"1986-05-29",1986-05-29,0.0384608994086773,74096000,-0.403314706144427,0.5625,0.0509262222222221,0,0.5625,0,3.530660951292,0.0425019154802032
"1986-05-30",1986-05-30,0.00925866666666665,21766400,-0.397790195903716,0.567708,0.05963276895869,0,0.567708,0,1.17096392303509,0.0962496191658367
"1986-06-02",1986-06-02,-0.0366966820971344,26134400,-0.419889297640415,0.546875,0.0238098285714284,0.533854,0.567708,1569,-1.05555466666667,-0.122509729625878
"1986-06-03",1986-06-03,0.00952319999999998,30940800,-0.414364787399704,0.552083,0.0330185859734857,0.533854,0.567708,0,1.3867628603218,-0.0668652820732814
"1986-06-04",1986-06-04,-0.00943336418618213,10457600,-0.419889297640415,0.546875,0.0238098285714284,0.533854,0.567708,0,-1.01333248,-0.122509729625877
"1986-06-05",1986-06-05,0.00952319999999998,7020800,-0.414364787399704,0.552083,0.0330185859734857,0.533854,0.567708,0,1.3867628603218,-0.0668652820732814
"1986-06-06",1986-06-06,-0.0283019038803948,27891200,-0.430939378895692,0.536458,0.00485406126854282,0.533854,0.567708,0,-1.04,-0.235835497327207
"1986-06-09",1986-06-09,-0.0291262316900857,52387200,-0.44751397039168,0.520833,0,0.520833,0.552083,1574,-1.03846153846154,-0.316767003751311
"1986-06-10",1986-06-10,0,29120000,-0.44751397039168,0.520833,0,0.520833,0.520833,1574,-1,-0.316767003751311
"1986-06-11",1986-06-11,-0.00999936639959448,65196800,-0.453038480632391,0.515625,0,0,0.520833,1576,-1.01234488888889,-0.337631914903177
"1986-06-12",1986-06-12,-0.0151505454545455,14832000,-0.461325245993457,0.507813,0,0.507813,0.515625,1577,-1.01829152647144,-0.368929281630975
"1986-06-13",1986-06-13,0.0102557437481908,51545600,-0.455800735752746,0.513021,0.0101516312197746,0.507813,0.513021,1577,-0.988024695616183,-0.309723798334592
"1986-06-16",1986-06-16,-0.0355326585071565,34339200,-0.47513758236909,0.494792,0,0,0.513021,1579,-1.04242390391145,-0.421095565829985
"1986-06-17",1986-06-17,-0.0526322171740853,61008000,-0.502762255120355,0.46875,0,0.46875,0.494792,1580,-1.05814036560426,-0.525428134228004
"1986-06-18",1986-06-18,0.0111104,45267200,-0.497237744879645,0.473958,0.0109883154203537,0.46875,0.473958,1580,-0.989011684579646,-0.463062670997362
"1986-06-19",1986-06-19,0.0439574814646024,44124800,-0.47513758236909,0.494792,0.0526322171740853,0,0.494792,0,4.78983494381626,-0.222314771295392
"1986-06-20",1986-06-20,0.010525635014309,23667200,-0.469613072128379,0.5,0.0625,0,0.5,0,1.18748560018432,-0.164181323575093
"1986-06-23",1986-06-23,-0.020834,18124800,-0.480663153383657,0.489583,0.0425525396102397,0.46875,0.5,1584,-1.02353018242273,-0.281252507113482
"1986-06-24",1986-06-24,0.021277291082411,26601600,-0.469613072128379,0.5,0.020834,0.489583,0.5,1584,-0.97701075862069,-0.321545026450912
"1986-06-25",1986-06-25,0,15542400,-0.469613072128379,0.5,0.020834,0,0.5,0,-1,-0.321545026450912
"1986-06-26",1986-06-26,-0.041666,46928000,-0.491712173865078,0.479167,0,0,0.5,1587,-1.04705810602022,-0.483694305604927
"1986-06-27",1986-06-27,0,14988800,-0.491712173865078,0.479167,0,0.479167,0.479167,1587,-1,-0.483694305604927
"1986-06-30",1986-06-30,0,19520000,-0.491712173865078,0.479167,0,0,0.479167,0,-1,-0.483694305604927
"1986-07-01",1986-07-01,-0.0108709489593399,17216000,-0.497237744879645,0.473958,0,0,0.479167,1590,-1.01123740942009,-0.504563223076139
"1986-07-02",1986-07-02,-0.0109883154203537,25574400,-0.502762255120355,0.46875,0,0.46875,0.473958,1591,-1.0111104,-0.525428134228004
"1986-07-03",1986-07-03,-0.0111104,22012800,-0.508286765361066,0.463542,0,0.463542,0.46875,1592,-1.01098831542035,-0.54629304537987
"1986-07-07",1986-07-07,-0.033707840929193,36816000,-0.524861356857054,0.447917,0,0.447917,0.463542,1593,-1.03260874102086,-0.608891785154812
"1986-07-08",1986-07-08,0.0116271541379318,37990400,-0.519336846616343,0.453125,0.0114935172413793,0.447917,0.453125,1593,-0.9894743437128,-0.544618281093368
"1986-07-09",1986-07-09,-0.0114935172413793,27648000,-0.524861356857054,0.447917,0,0,0.453125,1595,-1.01063762426391,-0.608891785154812
"1986-07-10",1986-07-10,-0.0232565408323417,63840000,-0.535911438112332,0.4375,0,0.4375,0.447917,1596,-1.02105333362975,-0.650625613777889
"1986-07-11",1986-07-11,-0.0833325714285714,158400000,-0.574585131345019,0.401042,0,0.401042,0.4375,1597,-1.07216433627338,-0.79668800447964
"1986-07-14",1986-07-14,0,28524800,-0.574585131345019,0.401042,0,0.401042,0.401042,1597,-1,-0.79668800447964
"1986-07-15",1986-07-15,-0.0129886645289023,36662400,-0.580110702359585,0.395833,0,0,0.401042,1599,-1.00961662722046,-0.817556921950851
"1986-07-16",1986-07-16,-0.0328926592780288,40121600,-0.593921977961362,0.382813,0,0.382813,0.395833,1600,-1.023808,-0.869719199830515
"1986-07-17",1986-07-17,0.0204068304890377,41059200,-0.585635212600296,0.390625,0.0199987199999999,0.382813,0.390625,1600,-0.986047383884479,-0.76289088144005
"1986-07-18",1986-07-18,-0.06666752,37987200,-0.613259885351562,0.364583,0,0,0.390625,1602,-1.04717044357461,-0.942754401500736
"1986-07-21",1986-07-21,0,19555200,-0.613259885351562,0.364583,0,0.364583,0.364583,1602,-1,-0.942754401500736
"1986-07-22",1986-07-22,0.0428571820408522,21859200,-0.596685293855574,0.380208,0.0410959264402643,0,0.380208,0,-0.972972972972973,-0.724945006569257
"1986-07-23",1986-07-23,-0.0136977654336573,48960000,-0.602209804096284,0.375,0.0277786666666667,0.364583,0.380208,1605,-1.00925866666667,-0.796106401908049
"1986-07-24",1986-07-24,0.0277786666666667,54240000,-0.591159722841007,0.385417,0.027027868516438,0.375,0.385417,1605,-0.981650778216971,-0.757208179703451
"1986-07-25",1986-07-25,0.0675657794025691,24912000,-0.563536110863597,0.411458,0.0886068565928965,0,0.411458,0,3.27835162210468,-0.420308754497589
"1986-07-28",1986-07-28,-0.0379747143086293,26720000,-0.580110702359585,0.395833,0.0526307811627631,0.375,0.411458,1608,-1.02941176470588,-0.618781550928452
"1986-07-29",1986-07-29,-0.0131570637112115,17753600,-0.585635212600296,0.390625,0.04,0.375,0.411458,0,-1.0095232,-0.68735026119678
"1986-07-30",1986-07-30,0.02666752,37372800,-0.574585131345019,0.401042,0.0649358421312481,0.375,0.411458,0,1.6233960532812,-0.551439010884554
"1986-07-31",1986-07-31,-0.0519496711067669,51360000,-0.596685293855574,0.380208,0.0136977654336573,0.375,0.411458,0,-1.03846281656962,-0.828422087834258
"1986-08-01",1986-08-01,0,40636800,-0.596685293855574,0.380208,0.0136977654336573,0.375,0.411458,0,-1,-0.828422087834258
"1986-08-04",1986-08-04,-0.0136977654336573,28396800,-0.602209804096284,0.375,0,0.375,0.401042,1613,-1.00925866666667,-0.90102057287766
"1986-08-05",1986-08-05,-0.0763893333333334,34822400,-0.632596731967905,0.346354,0,0.346354,0.375,1614,-1.05045903880164,-1.01578559685161
"1986-08-06",1986-08-06,0.0225578454413693,35312000,-0.624308905832983,0.354167,0.0220602145315628,0.346354,0.354167,1614,-0.986898721229337,-0.901167441657833
"1986-08-07",1986-08-07,0.0294098546730779,28348800,-0.613259885351562,0.364583,0.0499995885710524,0,0.364583,0,2.26650509221092,-0.753916490498761
"1986-08-08",1986-08-08,0.0857143640817043,59520000,-0.580110702359585,0.395833,0.12499968421026,0,0.395833,0,2.5000142557699,-0.345459452416108
"1986-08-11",1986-08-11,0.02631665374034,32486400,-0.569060621104308,0.40625,0.147436307692308,0,0.40625,0,1.17949344131388,-0.218987224350667
"1986-08-12",1986-08-12,0.0512812307692307,55200000,-0.546961519367609,0.427083,0.189024147531042,0,0.427083,0,1.28207325922408,0.0215449349913892
"1986-08-13",1986-08-13,-0.0243887019619137,34300800,-0.558010539849031,0.416667,0.168751064999148,0.346354,0.427083,1620,-1.02020072727273,-0.0967520484491428
"1986-08-14",1986-08-14,-0.012501589998728,14678400,-0.563536110863597,0.411458,0.158227571222336,0.346354,0.427083,0,-1.00990226997515,-0.157365984590487
"1986-08-15",1986-08-15,0,14182400,-0.563536110863597,0.411458,0.158227571222336,0.346354,0.427083,0,-1,-0.157365984590487
"1986-08-18",1986-08-18,0,7664000,-0.563536110863597,0.411458,0.158227571222336,0.346354,0.427083,0,-1,-0.157365984590487
"1986-08-19",1986-08-19,0.0253172863329915,16332800,-0.55248602960832,0.421875,0.179012740740741,0.346354,0.427083,0,1.13136250122425,-0.037130950180491
"1986-08-20",1986-08-20,0.0493819259259259,17424000,-0.530386927871621,0.442708,0.0705882884429466,0.411458,0.442708,1620,-0.960000614400393,-0.363163610295383
"1986-08-21",1986-08-21,0.0117662206239779,33724800,-0.524861356857054,0.447917,0.0813967766349569,0,0.447917,0,1.15312013409627,-0.301473310296828
"1986-08-22",1986-08-22,0.0465108491082053,26432000,-0.502762255120355,0.46875,0.122222933333333,0,0.46875,0,1.50156969828757,-0.0638178676874746
"1986-08-25",1986-08-25,-0.0333333333333333,21561600,-0.519336846616343,0.453125,0.0919547586206897,0.411458,0.46875,1628,-1.03296705615265,-0.240733125776482
"1986-08-26",1986-08-26,0.0344827586206897,18732800,-0.502762255120355,0.46875,0.0333333333333333,0.453125,0.46875,1628,-0.968085084653674,-0.399535157639723
"1986-08-27",1986-08-27,0,23196800,-0.502762255120355,0.46875,0.0333333333333333,0,0.46875,0,-1,-0.399535157639723
"1986-08-28",1986-08-28,-0.0111104,18960000,-0.508286765361066,0.463542,0.0224726130534019,0.453125,0.46875,1631,-1.01098831542035,-0.461418720909587
"1986-08-29",1986-08-29,0.033707840929193,43961600,-0.491712173865078,0.479167,0.0326086729678797,0.463542,0.479167,1631,1.45104055725035,-0.360538218529321
"1986-09-02",1986-09-02,-0.0543484839314895,35164800,-0.519336846616343,0.453125,0,0,0.479167,1633,-1.05618057518105,-0.588026874002946
"1986-09-03",1986-09-03,0.0114935172413793,35817600,-0.513812336375633,0.458333,0.011362917354849,0.453125,0.458333,1633,-0.989362375736085,-0.524246618195224
"1986-09-04",1986-09-04,0.0340909338843156,39113600,-0.497237744879644,0.473958,0.0439553715730086,0,0.473958,0,3.86831745759827,-0.33855304614504
"1986-09-05",1986-09-05,-0.0109883154203537,33139200,-0.502762255120355,0.46875,0.0333333333333333,0.453125,0.473958,1636,-1.0111104,-0.399535157639723
"1986-09-08",1986-09-08,-0.0111104,19526400,-0.508286765361066,0.463542,0.0224726130534019,0.453125,0.473958,0,-1.01098831542035,-0.461418720909587
"1986-09-09",1986-09-09,-0.0224726130534019,40598400,-0.519336846616343,0.453125,0,0.453125,0.46875,1638,-1.02173985633371,-0.588026874002946
"1986-09-10",1986-09-10,0,32419200,-0.519336846616343,0.453125,0,0.453125,0.453125,1638,-1,-0.588026874002946
"1986-09-11",1986-09-11,-0.057472,45628800,-0.546961519367609,0.427083,0,0,0.453125,1640,-1.05319220642874,-0.692359442400966
"1986-09-12",1986-09-12,-0.0243887019619137,45331200,-0.55801053984903,0.416667,0,0.416667,0.427083,1641,-1.02020072727273,-0.734089264704697
"1986-09-15",1986-09-15,-0.037499970000024,29664000,-0.574585131345019,0.401042,0,0.401042,0.416667,1642,-1.02970300794045,-0.79668800447964
"1986-09-16",1986-09-16,0.0389610065778647,19737600,-0.55801053984903,0.416667,0.037499970000024,0.401042,0.416667,1642,-0.971153810650844,-0.592459779346469
"1986-09-17",1986-09-17,0.024998380001296,18732800,-0.546961519367609,0.427083,0.0609740963700264,0,0.427083,0,1.62597720398142,-0.462073127796866
"1986-09-18",1986-09-18,0.0365853944081127,28041600,-0.530386927871621,0.442708,0.094116212040442,0,0.442708,0,1.54354418750694,-0.274303600256472
"1986-09-19",1986-09-19,-0.0352941442214733,25766400,-0.546961519367609,0.427083,0.0609740963700264,0.401042,0.442708,1646,-1.03125,-0.462073127796866
"1986-09-22",1986-09-22,0.0243910434271559,12028800,-0.535911438112331,0.4375,0.0833325714285714,0.401042,0.442708,0,1.36668809198681,-0.335896049860937
"1986-09-23",1986-09-23,-0.017856,52800000,-0.544198203473398,0.429688,0.0666669769693359,0.401042,0.442708,0,-1.0154629380374,-0.430135855381325
"1986-09-24",1986-09-24,-0.0303033829196999,44064000,-0.55801053984903,0.416667,0.037499970000024,0.401042,0.442708,0,-1.02538107676114,-0.592459779346469
"1986-09-25",1986-09-25,-0.037499970000024,28915200,-0.574585131345019,0.401042,0,0.401042,0.4375,1650,-1.02970300794045,-0.796688004479639
"1986-09-26",1986-09-26,0.0129861710244812,32937600,-0.569060621104308,0.40625,0.0128196923076923,0.401042,0.40625,1650,-0.990385218935654,-0.727405816620936
"1986-09-29",1986-09-29,-0.0128196923076923,33532800,-0.574585131345019,0.401042,0,0,0.40625,1652,-1.00970812253709,-0.796688004479639
"1986-09-30",1986-09-30,0.0129861710244812,22627200,-0.569060621104308,0.40625,0.0128196923076923,0.401042,0.40625,1652,-0.990385218935654,-0.727405816620936
"1986-10-01",1986-10-01,0.00640984615384614,26825600,-0.566298365983952,0.408854,0.0191070651137081,0,0.408854,0,1.49044646744315,-0.693227278720917
"1986-10-02",1986-10-02,-0.0445855977928551,39238400,-0.585635212600296,0.390625,0,0,0.408854,1655,-1.03414603992852,-0.838421833102716
"1986-10-03",1986-10-03,0.05333248,243200,-0.563536110863597,0.411458,0.0506321422842672,0.390625,0.411458,1655,-0.962264731933423,-0.563731249079676
"1986-10-06",1986-10-06,0,4.8e+07,-0.563536110863597,0.411458,0.0506321422842672,0,0.411458,0,-1,-0.563731249079676
"1986-10-07",1986-10-07,-0.0443034282964482,31411200,-0.582872957479941,0.393229,0.00662209552194781,0.390625,0.411458,1658,-1.03431341176471,-0.802979118031485
"1986-10-08",1986-10-08,-0.0198662865658433,41846400,-0.591159722841007,0.385417,0,0.385417,0.393229,1659,-1.01421710383836,-0.859286744254582
"1986-10-09",1986-10-09,0.0135126369620437,54240000,-0.585635212600296,0.390625,0.01333248,0.385417,0.390625,1659,-0.990654792559004,-0.788067865327604
"1986-10-10",1986-10-10,0.04,83520000,-0.569060621104308,0.40625,0.0512812307692307,0,0.40625,0,3.84633847335461,-0.582144689788304
"1986-10-13",1986-10-13,0.0128196923076923,7776000,-0.563536110863597,0.411458,0.063289570259905,0,0.411458,0,1.23416636673002,-0.515926810565531
"1986-10-14",1986-10-14,0,15507200,-0.563536110863597,0.411458,0.063289570259905,0,0.411458,0,-1,-0.515926810565531
"1986-10-15",1986-10-15,-0.0253148559512757,37459200,-0.574585131345019,0.401042,0.0389610065778646,0.385417,0.411458,1664,-1.01960658823529,-0.649540491810751
"1986-10-16",1986-10-16,0,12416000,-0.574585131345019,0.401042,0.0389610065778646,0.385417,0.411458,0,-1,-0.649540491810751
"1986-10-17",1986-10-17,0,18214400,-0.574585131345019,0.401042,0.0389610065778646,0.385417,0.411458,0,-1,-0.649540491810751
"1986-10-20",1986-10-20,-0.0259748355533835,12761600,-0.585635212600296,0.390625,0.01333248,0.385417,0.411458,0,-1.01923140828481,-0.788067865327604
"1986-10-21",1986-10-21,0.01333248,27094400,-0.580110702359585,0.395833,0.026314127422423,0.385417,0.411458,0,1.97368587257757,-0.718174007124887
"1986-10-22",1986-10-22,0.0131595900291285,15292800,-0.574585131345019,0.401042,0.0389610065778646,0.385417,0.411458,0,1.48061176235944,-0.649540491810751
"1986-10-23",1986-10-23,0.0519471776023459,57120000,-0.55248602960832,0.421875,0.0740740740740741,0.390625,0.421875,1664,1.90123614814815,-0.433462183356652
"1986-10-24",1986-10-24,0.0246921481481482,40409600,-0.541435948353042,0.432292,0.0963862389310929,0,0.432292,0,1.30121422556975,-0.30746000929422
"1986-10-27",1986-10-27,0.012047412397176,33561600,-0.535911438112332,0.4375,0.107142857142857,0,0.4375,0,1.11159910720714,-0.245969617601273
"1986-10-28",1986-10-28,-0.0476182857142857,22064000,-0.55801053984903,0.416667,0.0625007499994,0.390625,0.4375,1673,-1.04123648081582,-0.498037101011963
"1986-10-29",1986-10-29,0.012499190000648,16809600,-0.55248602960832,0.421875,0.0740740740740741,0.390625,0.4375,0,1.185170963145,-0.433462183356653
"1986-10-30",1986-10-30,0.0123448888888889,30012800,-0.546961519367609,0.427083,0.0853651397971823,0.390625,0.4375,0,1.15242938726196,-0.369953296022707
"1986-10-31",1986-10-31,-0.0121943509809568,38803200,-0.55248602960832,0.421875,0.0740740740740741,0.390625,0.4375,0,-1.01010036363636,-0.433462183356653
"1986-11-03",1986-11-03,0,15993600,-0.55248602960832,0.421875,0.0740740740740741,0.390625,0.4375,0,-1,-0.433462183356653
"1986-11-04",1986-11-04,0.0617291851851852,42470400,-0.524861356857054,0.447917,0.069767389940547,0.416667,0.447917,1673,-0.94999932799957,-0.345395053502491
"1986-11-05",1986-11-05,-0.0116293866944099,44563200,-0.530386927871621,0.442708,0.0588220678189687,0.416667,0.447917,1679,-1.01052767734255,-0.407602146421793
"1986-11-06",1986-11-06,0.0117662206239779,36556800,-0.524861356857054,0.447917,0.0116293866944099,0.442708,0.447917,1679,-0.989582,-0.56497004194915
"1986-11-07",1986-11-07,-0.0116293866944099,18348800,-0.530386927871621,0.442708,0,0,0.447917,1681,-1.01052767734255,-0.629760702626023
"1986-11-10",1986-11-10,-0.0176459426981215,19596800,-0.538673693232687,0.434896,0,0.434896,0.442708,1682,-1.015624,-0.661058069353822
"1986-11-11",1986-11-11,-0.00598763842389904,13776000,-0.541435948353042,0.432292,0,0.432292,0.434896,1683,-1.00512788197207,-0.671490524929754
"1986-11-12",1986-11-12,-0.0240971380455803,11340800,-0.55248602960832,0.421875,0,0.421875,0.432292,1684,-1.02040884298298,-0.713224353552832
"1986-11-13",1986-11-13,-0.0123448888888889,13257600,-0.558010539849031,0.416667,0,0.416667,0.421875,1685,-1.00999936639959,-0.734089264704697
"1986-11-14",1986-11-14,0.012499190000648,8566400,-0.55248602960832,0.421875,0.0123448888888888,0.416667,0.421875,1685,-0.990099631017354,-0.666600309316617
"1986-11-17",1986-11-17,0.0123448888888889,16640000,-0.546961519367609,0.427083,0.0243887019619137,0,0.427083,0,1.97561129803809,-0.600248453847674
"1986-11-18",1986-11-18,-0.0243887019619137,16265600,-0.558010539849031,0.416667,0,0,0.427083,1688,-1.02020072727273,-0.734089264704697
"1986-11-19",1986-11-19,0,27580800,-0.558010539849031,0.416667,0,0.416667,0.416667,1688,-1,-0.734089264704697
"1986-11-20",1986-11-20,0.024998380001296,12211200,-0.546961519367609,0.427083,0.0243887019619137,0,0.427083,0,-0.980199262034708,-0.600248453847673
"1986-11-21",1986-11-21,0.0243910434271559,29049600,-0.535911438112332,0.4375,0.0476182857142857,0,0.4375,0,1.9524731487821,-0.47078138191981
"1986-11-24",1986-11-24,0.0238102857142857,49440000,-0.524861356857054,0.447917,0.069767389940547,0,0.447917,0,1.46513863096958,-0.345395053502491
"1986-11-25",1986-11-25,0.0348836949702735,27728000,-0.508286765361066,0.463542,0.101123522787579,0,0.463542,0,1.44943823860621,-0.164370806775235
"1986-11-26",1986-11-26,0.0112352278757912,25241600,-0.502762255120355,0.46875,0.1111104,0,0.46875,0,1.0987591901184,-0.105787564650569
"1986-11-28",1986-11-28,0.0222229333333334,16457600,-0.491712173865078,0.479167,0.130434691871519,0,0.479167,0,1.17391973993,0.00893004269749345
"1986-12-01",1986-12-01,0.0217377240085398,35686400,-0.480663153383657,0.489583,0.14893490991313,0,0.489583,0,1.14183510365352,0.120531290504945
"1986-12-02",1986-12-02,-0.0106376242639144,70560000,-0.486187663624367,0.484375,0.139784258064516,0.416667,0.489583,1697,-1.01149351724138,0.0651062953847271
"1986-12-03",1986-12-03,-0.010752,33014400,-0.491712173865078,0.479167,0.130434691871519,0.416667,0.489583,0,-1.01136291735485,0.00893004269749345
"1986-12-04",1986-12-04,-0.0163053799614748,35110400,-0.5,0.471354,0.116021079698061,0.416667,0.489583,0,-1.01685503547691,-0.0768085065468194
"1986-12-05",1986-12-05,-0.0276246727512655,20720000,-0.513812336375633,0.458333,0.090907702478329,0.416667,0.489583,0,-1.02762467275127,-0.223822725057122
"1986-12-08",1986-12-08,0.0113650991746176,22857600,-0.508286765361066,0.463542,0.101123522787579,0.416667,0.489583,0,1.11237573968702,-0.164370806775235
"1986-12-09",1986-12-09,-0.0112373851776107,27772800,-0.513812336375633,0.458333,0.090907702478329,0.416667,0.489583,0,-1.01087097164657,-0.223822725057122
"1986-12-10",1986-12-10,0.0113650991746176,18355200,-0.508286765361066,0.463542,0.101123522787579,0.416667,0.489583,0,1.11237573968702,-0.164370806775235
"1986-12-11",1986-12-11,0.0112352278757912,52320000,-0.502762255120355,0.46875,0.1111104,0.416667,0.489583,0,1.0987591901184,-0.105787564650569
"1986-12-12",1986-12-12,0,24998400,-0.502762255120355,0.46875,0.1111104,0.416667,0.489583,0,-1,-0.105787564650569
"1986-12-15",1986-12-15,0,19769600,-0.502762255120355,0.46875,0.1111104,0.416667,0.489583,0,-1,-0.105787564650569
"1986-12-16",1986-12-16,0.0111104,46387200,-0.497237744879645,0.473958,0.120877799298672,0.416667,0.489583,0,1.08790715629385,-0.0480332443616205
"1986-12-17",1986-12-17,0,27900800,-0.497237744879645,0.473958,0.120877799298672,0.416667,0.489583,0,-1,-0.0480332443616205
"1986-12-18",1986-12-18,0,17628800,-0.497237744879645,0.473958,0.120877799298672,0.416667,0.489583,0,-1,-0.0480332443616205
"1986-12-19",1986-12-19,0,48480000,-0.497237744879645,0.473958,0.120877799298672,0.416667,0.489583,0,-1,-0.0480332443616205
"1986-12-22",1986-12-22,0,25760000,-0.497237744879645,0.473958,0.120877799298672,0.416667,0.489583,0,-1,-0.0480332443616205
"1986-12-23",1986-12-23,-0.0439553715730086,50880000,-0.519336846616343,0.453125,0.0804590344827586,0.416667,0.489583,0,-1.04444373333333,-0.284150053669339
"1986-12-24",1986-12-24,-0.0114935172413793,10774400,-0.524861356857054,0.447917,0.069767389940547,0.416667,0.489583,0,-1.01063762426391,-0.34539505350249
"1986-12-26",1986-12-26,0.0232543082758636,7587200,-0.513812336375633,0.458333,0.090907702478329,0.416667,0.489583,0,1.30301137187154,-0.223822725057121
"1986-12-29",1986-12-29,-0.0227258347096979,11827200,-0.524861356857054,0.447917,0.069767389940547,0.416667,0.489583,0,-1.021504,-0.34539505350249
"1986-12-30",1986-12-30,-0.0116293866944099,39014400,-0.530386927871621,0.442708,0.0588220678189687,0.416667,0.489583,0,-1.01052767734255,-0.407602146421793
"1986-12-31",1986-12-31,-0.0117639617987477,20220800,-0.535911438112332,0.4375,0.0476182857142857,0.416667,0.489583,0,-1.010416,-0.47078138191981
"1987-01-02",1987-01-02,0.011904,5788800,-0.530386927871621,0.442708,0.0588220678189687,0.416667,0.489583,0,1.23528318872936,-0.407602146421793
"1987-01-05",1987-01-05,0.0117662206239779,30560000,-0.524861356857054,0.447917,0.069767389940547,0.416667,0.489583,0,1.18607509948925,-0.345395053502491
"1987-01-06",1987-01-06,0.0232543082758636,42051200,-0.513812336375633,0.458333,0.090907702478329,0.416667,0.489583,0,1.30301137187154,-0.223822725057121
"1987-01-07",1987-01-07,0.0568189504137821,32326400,-0.486187663624367,0.484375,0.139784258064516,0.416667,0.489583,0,1.53765032284078,0.0651062953847275
"1987-01-08",1987-01-08,0.043010064516129,76800000,-0.464088561887668,0.505208,0.134020047188485,0.4375,0.505208,1697,-0.954546148760836,0.126799736365552
"1987-01-09",1987-01-09,0.0206192300992859,84960000,-0.453038480632391,0.515625,0.151515151515151,0,0.515625,0,1.13054095035545,0.234608887770826
"1987-01-12",1987-01-12,0.0303030303030303,65280000,-0.436463889136403,0.53125,0.176470588235294,0,0.53125,0,1.16470588235294,0.391459053868546
"1987-01-13",1987-01-13,0.00980329411764704,52320000,-0.430939378895692,0.536458,0.1844655126776,0,0.536458,0,1.04530457183973,0.44251911008962
"1987-01-14",1987-01-14,0.0825246338017143,175200000,-0.383977859528083,0.580729,0.246636555088518,0,0.580729,0,1.33703341892193,0.854689801439716
"1987-01-15",1987-01-15,0.0358755977400817,180960000,-0.361877697017528,0.601563,0.272727877213193,0,0.601563,0,1.10578854426227,1.03669888484784
"1987-01-16",1987-01-16,-0.0476192850956591,76320000,-0.392264624889149,0.572917,0.236364080660899,0.4375,0.601563,1728,-1.08397015931642,0.784595463233317
"1987-01-19",1987-01-19,0.0545454228099358,96480000,-0.359115441897173,0.604167,0.0517241093935948,0.572917,0.604167,1728,-0.91549280539548,0.212446675382739
"1987-01-20",1987-01-20,-0.034483843043397,76320000,-0.381215604407727,0.583333,0.0178560102034344,0.572917,0.604167,1730,-1.06154055195678,0.00106634358349162
"1987-01-21",1987-01-21,-0.0178560102034344,46947200,-0.392264624889149,0.572917,0,0.572917,0.583333,1731,-1.02898365217391,-0.108101866955272
"1987-01-22",1987-01-22,0.0636357447937485,100320000,-0.353590931656462,0.609375,0.0598285128205128,0.572917,0.609375,1731,-0.901409174371469,0.263920210661213
"1987-01-23",1987-01-23,0.00427323076923085,166080000,-0.350828676536106,0.611979,0.0638289875959797,0,0.611979,0,1.06686568973339,0.289461616554642
"1987-01-26",1987-01-26,-0.0255319218469915,30316800,-0.367403268032095,0.596354,0.0393004825992616,0.572917,0.611979,1734,-1.04724411829625,0.134223881620779
"1987-01-27",1987-01-27,0.0218343467135291,68640000,-0.353590931656462,0.609375,0.0598285128205128,0.572917,0.611979,0,1.52233532169493,0.263920210661213
"1987-01-28",1987-01-28,0.0170945641025641,101760000,-0.342540850401185,0.619792,0.0378159124351395,0.596354,0.619792,1734,-0.968748968748969,0.2225170857354
"1987-01-29",1987-01-29,-0.0336145029300153,126720000,-0.364641012911739,0.598958,0.00434755024559308,0.596354,0.619792,1737,-1.06451832674751,0.0126464763619469
"1987-01-30",1987-01-30,0.0869576831764498,158400000,-0.309391667409208,0.651042,0.0800009830394968,0.598958,0.651042,1737,18.4013935481459,0.507038688464365
"1987-02-02",1987-02-02,0.111998918656554,249600000,-0.232044280943834,0.723958,0.172661950002624,0,0.723958,0,2.15824785449675,1.14912441820396
"1987-02-03",1987-02-03,0.00719516878050939,146880000,-0.226518709929267,0.729167,0.178572261224109,0,0.729167,0,1.03423053673027,1.19231533584225
"1987-02-04",1987-02-04,-0.010714966530301,81120000,-0.234806536064189,0.721354,0.16967536050261,0.598958,0.729167,1741,-1.03658782154247,1.12741224336791
"1987-02-05",1987-02-05,0.00360987809036886,81600000,-0.232044280943834,0.723958,0.172661950002624,0.598958,0.729167,0,1.01760178667761,1.14912441820396
"1987-02-06",1987-02-06,0.00719516878050939,97440000,-0.226518709929267,0.729167,0.0107149665303009,0.721354,0.729167,1741,-0.976187428571429,0.558353701710455
"1987-02-09",1987-02-09,0,4.8e+07,-0.226518709929267,0.729167,0.0107149665303009,0,0.729167,0,-1,0.558353701710455
"1987-02-10",1987-02-10,0.00714239673490434,85920000,-0.220994199688557,0.734375,0.0177307234042553,0,0.734375,0,1.65476236944973,0.605715648338775
"1987-02-11",1987-02-11,0.0815605106382978,135840000,-0.15745808882496,0.794271,0.0918036790969328,0,0.794271,0,5.17766122700331,1.1254360981679
"1987-02-12",1987-02-12,-0.0491809470571127,112800000,-0.198895097951858,0.755208,0.0448273853031217,0.721354,0.794271,1747,-1.26316214959882,0.791517681927218
"1987-02-13",1987-02-13,0,65760000,-0.198895097951858,0.755208,0.0448273853031217,0.721354,0.794271,0,-1,0.791517681927218
"1987-02-17",1987-02-17,0.0275871018315484,85440000,-0.176794935441303,0.776042,0.0704704126838496,0.721354,0.794271,0,1.57203932835543,0.971833650544211
"1987-02-18",1987-02-18,-0.00671226557325508,72960000,-0.18232050645587,0.770833,0.0641890007303786,0.721354,0.794271,0,-1.0312541250165,0.927241163633009
"1987-02-19",1987-02-19,0.00675762454383767,64320000,-0.176794935441303,0.776042,0.0704704126838496,0.721354,0.794271,0,1.09785807353281,0.971833650544211
"1987-02-20",1987-02-20,-0.0536916816357878,44342400,-0.220994199688557,0.734375,0.0177307234042553,0.721354,0.794271,0,-1.250003000012,0.605715648338774
"1987-02-23",1987-02-23,-0.0106376170212767,69600000,-0.229280965049623,0.726563,0.00716937141032492,0.721354,0.794271,0,-1.03749765999626,0.534530280431601
"1987-02-24",1987-02-24,0.0322573541454768,4.8e+07,-0.204419608192569,0.75,0.0381946666666666,0.721354,0.794271,0,5.32747774953615,0.745602390014876
"1987-02-25",1987-02-25,0.0486106666666667,116160000,-0.165745914959882,0.786458,0.082781280119218,0.721354,0.794271,0,2.16735181489261,1.06005902522261
"1987-02-26",1987-02-26,0.00662336704566553,91200000,-0.160220343945315,0.791667,0.0888163836562594,0.721354,0.794271,0,1.0729042064625,1.10372125714272
"1987-02-27",1987-02-27,0,45379200,-0.160220343945315,0.791667,0.0888163836562594,0.721354,0.794271,0,-1,1.10372125714272
"1987-03-02",1987-03-02,-0.0263166204982651,67200000,-0.18232050645587,0.770833,0.0641890007303786,0.721354,0.794271,0,-1.13793605709708,0.927241163633009
"1987-03-03",1987-03-03,-0.033782933527755,64320000,-0.20994411843328,0.744792,0.0314691887130903,0.721354,0.794271,0,-1.15151127272727,0.699336765706373
"1987-03-04",1987-03-04,0.020979011589813,89760000,-0.193369526937292,0.760417,0.0513704980293707,0.721354,0.794271,0,1.63240617664865,0.837098557516233
"1987-03-05",1987-03-05,0,63840000,-0.193369526937292,0.760417,0.0513704980293707,0.721354,0.794271,0,-1,0.837098557516233
"1987-03-06",1987-03-06,-0.0136990624880822,35328000,-0.204419608192569,0.75,0.0381946666666666,0.721354,0.794271,0,-1.05714489470133,0.745602390014875
"1987-03-09",1987-03-09,-0.0138893333333333,40636800,-0.215469689447846,0.739583,0.0246476730806413,0.721354,0.794271,0,-1.05405587728584,0.652704421000787
"1987-03-10",1987-03-10,0.0140849640946317,43049600,-0.204419608192569,0.75,0.0381946666666666,0.721354,0.794271,0,1.54962566006547,0.745602390014875
"1987-03-11",1987-03-11,-0.00694399999999999,40188800,-0.20994411843328,0.744792,0.0314691887130903,0.721354,0.794271,0,-1.02702534404384,0.699336765706373
"1987-03-12",1987-03-12,-0.00699389896776552,55680000,-0.215469689447846,0.739583,0.0246476730806413,0.721354,0.794271,0,-1.02631924654904,0.652704421000787
"1987-03-13",1987-03-13,-0.0211267700853048,47878400,-0.232044280943834,0.723958,0.00359689374245464,0.721354,0.794271,0,-1.07692307692308,0.510601323114223
"1987-03-16",1987-03-16,0.0251810187883827,3e+07,-0.212706373553635,0.742188,0.0280710547731841,0.721354,0.794271,0,7.80424910579299,0.676070274234226
"1987-03-17",1987-03-17,0.0666663971931641,49920000,-0.160220343945315,0.791667,0.0888163836562594,0.721354,0.794271,0,3.1639845518418,1.10372125714272
"1987-03-18",1987-03-18,0.00657852354588481,102240000,-0.154695833704604,0.796875,0.0915036862745098,0.723958,0.796875,1747,1.03025683446706,1.13473554406274
"1987-03-19",1987-03-19,0.0457512156862745,79680000,-0.116022140471917,0.833333,0.131250052500021,0,0.833333,0,1.43436901663472,1.43091158534541
"1987-03-20",1987-03-20,-0.012499204999682,74880000,-0.127071160953339,0.822917,0.120253925973093,0.723958,0.833333,1772,-1.095232,1.34765171005919
"1987-03-23",1987-03-23,-0.00949427463523048,58560000,-0.135358987088261,0.815104,0.111821313599246,0.723958,0.833333,0,-1.0652219281916,1.28450213684729
"1987-03-24",1987-03-24,-0.0191693329930905,43900800,-0.151933578584249,0.799479,0.094462768878232,0.723958,0.833333,0,-1.12244913952541,1.15634383114726
"1987-03-25",1987-03-25,-0.00325712120018168,80160000,-0.154695833704604,0.796875,0.0915036862745098,0.723958,0.833333,0,-1.01818067570115,1.13473554406274
"1987-03-26",1987-03-26,0.0326801568627451,72960000,-0.127071160953339,0.822917,0.120253925973093,0.723958,0.833333,0,1.31419761180258,1.34765171005919
"1987-03-27",1987-03-27,0.0316447466755456,141600000,-0.099447548975929,0.848958,0.0613493247015753,0.796875,0.848958,1772,-0.782613051063936,1.22951000447335
"1987-03-30",1987-03-30,-0.0552147456057897,86880000,-0.149171323463893,0.802083,0.00649309360751937,0.796875,0.848958,1778,-1.5,0.834533358643163
"1987-03-31",1987-03-31,0.0194805275763231,51840000,-0.132596731967905,0.817708,0.0254773097487122,0.796875,0.848958,0,3.92375519108611,0.968831482764407
"1987-04-01",1987-04-01,0.04458682072329,66720000,-0.0939219779613624,0.854167,0.0609763664482472,0.802083,0.854167,1778,2.39335970122706,1.24897033720492
"1987-04-02",1987-04-02,-0.0121955074358995,89280000,-0.10497205921664,0.84375,0.0493831111111112,0.802083,0.854167,1781,-1.11765170937758,1.16345122589964
"1987-04-03",1987-04-03,0.0679016296296296,122880000,-0.0441982034733978,0.901042,0.0635841614486339,0.84375,0.901042,1781,1.28756896878308,1.44661564877767
"1987-04-06",1987-04-06,-0.0173410340472475,39686400,-0.060772794969386,0.885417,0.047059182283602,0.84375,0.901042,1783,-1.37500600009601,1.32160554454837
"1987-04-07",1987-04-07,-0.0117650779237354,62400000,-0.0718228762246633,0.875,0.0357142857142857,0.84375,0.901042,0,-1.1818261157948,1.23702443197937
"1987-04-08",1987-04-08,0.0416662857142857,85920000,-0.0331491829919762,0.911458,0.0399996489141573,0.875,0.911458,1783,1.1199901695964,1.39927173655094
"1987-04-09",1987-04-09,0.00571501923292134,63840000,-0.0276236119774096,0.916667,0.0454548925618573,0,0.916667,0,1.13638228823976,1.44074395984685
"1987-04-10",1987-04-10,0.0198861745868455,109920000,-0.0082867653610661,0.934896,0.06406701921925,0,0.934896,0,1.40946365965037,1.58406923596384
"1987-04-13",1987-04-13,-0.069637692320857,68160000,-0.077347386465374,0.869792,0,0,0.934896,1788,-9.33384536610352,1.08127418876864
"1987-04-14",1987-04-14,-0.0239528530959126,92640000,-0.0994475489759287,0.848958,0,0.848958,0.869792,1789,-1.2857260409238,0.997806531522483
"1987-04-15",1987-04-15,0.0184049152019299,70560000,-0.0828729574799406,0.864583,0.0180722961242588,0.848958,0.864583,1789,-0.833333333333334,1.12866052588346
"1987-04-16",1987-04-16,0.0361445922485175,67200000,-0.0497237744879643,0.895833,0.0523256008653399,0,0.895833,0,2.89534879826932,1.38322552018855
"1987-04-20",1987-04-20,-0.0261622422929274,32419200,-0.0745851313450187,0.872396,0.0268662396434646,0.848958,0.895833,1792,-1.49998933333334,1.19317477069806
"1987-04-21",1987-04-21,0.0507464500066484,66720000,-0.0276236119774096,0.916667,0.0482956188015933,0.872396,0.916667,1792,1.79763224934017,1.45147278430663
"1987-04-22",1987-04-22,-0.0113639958676379,87360000,-0.0386736932326871,0.90625,0.0373561379310345,0.872396,0.916667,1794,-1.40002304058985,1.3684228414098
"1987-04-23",1987-04-23,0.028736,78240000,-0.0110490204814214,0.932292,0.027933308448426,0.90625,0.932292,1794,-0.285698612101592,1.43716736826433
"1987-04-24",1987-04-24,-0.0111735379044334,77760000,-0.0220991017366989,0.921875,0.0169491525423728,0.90625,0.932292,1796,-2.00009600614442,1.35394869717157
"1987-04-27",1987-04-27,0.0282489491525424,69120000,0,0.947917,0.0274728694600899,0.921875,0.947917,1796,1.62089929814531,1.4771582095247
"1987-04-28",1987-04-28,0.0219776626012615,72480000,0,0.96875,0.0483870967741935,0,0.96875,0,1.76126839769999,1.55614683941319
"1987-04-29",1987-04-29,0,60960000,0,0.96875,0.0483870967741935,0,0.96875,0,0,1.55614683941319
"1987-04-30",1987-04-30,0.0107530322580645,115680000,0,0.979167,0.05851095880478,0,0.979167,0,1.20922648196545,1.59438253318118
"1987-05-01",1987-05-01,-0.0159574413761902,46454400,-0.0159574413761902,0.963542,0.04324357422925,0.921875,0.979167,1801,0,1.47645294470579
"1987-05-04",1987-05-04,0,20803200,-0.0159574413761902,0.963542,0.04324357422925,0.921875,0.979167,0,-1,1.47645294470579
"1987-05-05",1987-05-05,0.0216212681958856,30278400,0,0.984375,0.0211636825396825,0.963542,0.984375,1801,0,1.45332973988684
"1987-05-06",1987-05-06,-0.0211636825396825,61440000,-0.0211636825396825,0.963542,0,0,0.984375,1804,0,1.29346820045744
"1987-05-07",1987-05-07,-0.0162162106062839,48960000,-0.0370366984126984,0.947917,0,0.947917,0.963542,1805,-1.75001200019201,1.23351916398683
"1987-05-08",1987-05-08,-0.00549520685882838,48960000,-0.042328380952381,0.942708,0,0.942708,0.947917,1806,-1.14287673487301,1.2135335940044
"1987-05-11",1987-05-11,-0.0110490204814216,84960000,-0.0529097142857143,0.932292,0,0.932292,0.942708,1807,-1.249982000144,1.17357012751622
"1987-05-12",1987-05-12,-0.0195528868637723,45811200,-0.0714280634920635,0.914063,0,0.914063,0.932292,1808,-1.34999903999386,1.10363022442356
"1987-05-13",1987-05-13,0.019942826697941,51840000,-0.0529097142857141,0.932292,0.0195528868637723,0.914063,0.932292,1808,-0.740741267493455,1.24741726136144
"1987-05-14",1987-05-14,0,18896000,-0.0529097142857141,0.932292,0.0195528868637723,0,0.932292,0,-1,1.24741726136144
"1987-05-15",1987-05-15,-0.0111735379044334,23596800,-0.0634920634920634,0.921875,0.00847403389830514,0.914063,0.932292,1811,-1.20000768004915,1.16560746482473
"1987-05-18",1987-05-18,-0.0112997966101695,60480000,-0.0740744126984126,0.911458,0,0.911458,0.921875,1812,-1.166672,1.09363552106318
"1987-05-19",1987-05-19,-0.0628564344160674,61440000,-0.132274793650794,0.854167,0,0.854167,0.911458,1813,-1.78570155107862,0.873824945163167
"1987-05-20",1987-05-20,0.0182926757882241,82560000,-0.116401777777778,0.869792,0.0179640649718553,0.854167,0.869792,1813,-0.879999692799213,1.00162046996174
"1987-05-21",1987-05-21,0,25171200,-0.116401777777778,0.869792,0.0179640649718553,0,0.869792,0,-1,1.00162046996174
"1987-05-22",1987-05-22,-0.0449107372797174,42547200,-0.156084825396825,0.830729,0,0,0.869792,1816,-1.34091444629657,0.783899472088085
"1987-05-26",1987-05-26,0.0658313360915533,48960000,-0.100528761904762,0.885417,0.0617652473354362,0.830729,0.885417,1816,-0.644064928471942,1.22699734320747
"1987-05-27",1987-05-27,0,28752000,-0.100528761904762,0.885417,0.0617652473354362,0,0.885417,0,-1,1.22699734320747
"1987-05-28",1987-05-28,0.0147060650518343,25353600,-0.0873010793650794,0.898438,0.0753630189284068,0,0.898438,0,1.22015246727862,1.32831143128023
"1987-05-29",1987-05-29,0.0173912946691925,48960000,-0.0714280634920635,0.914063,0.0911687706427237,0,0.914063,0,1.20972821868153,1.44795546166676
"1987-06-01",1987-06-01,-0.0370379284578853,33244800,-0.105820444444444,0.880208,0.0562128496900732,0.830729,0.914063,1821,-1.48149675731027,1.18604153722175
"1987-06-02",1987-06-02,-0.0591712413429553,87840000,-0.158730158730159,0.828125,0,0.828125,0.880208,1822,-1.49999520001536,0.77390860546604
"1987-06-03",1987-06-03,0.0188679245283019,70560000,-0.142857142857143,0.84375,0.0185185185185185,0.828125,0.84375,1822,-0.9,0.903798184485694
"1987-06-04",1987-06-04,0,27324800,-0.142857142857143,0.84375,0.0185185185185185,0,0.84375,0,-1,0.903798184485694
"1987-06-05",1987-06-05,-0.00617244444444443,20496000,-0.148147809523809,0.838542,0.012422752825738,0.828125,0.84375,1825,-1.03703466666667,0.860794028612136
"1987-06-08",1987-06-08,0.0310550932451803,52800000,-0.12169346031746,0.864583,0.0301197224557966,0.838542,0.864583,1825,2.42456103556961,1.02754425707054
"1987-06-09",1987-06-09,0.0421694620412384,98880000,-0.0846557460317459,0.901042,0.0693641361889901,0,0.901042,0,2.30294738906668,1.3156457817742
"1987-06-10",1987-06-10,-0.0231221186137827,55680000,-0.105820444444444,0.880208,0.0473365386363223,0.838542,0.901042,1828,-1.250009000036,1.15251758063134
"1987-06-11",1987-06-11,0.0177514860123971,61440000,-0.0899474285714285,0.895833,0.0639527679824253,0.838542,0.901042,0,1.35102332837985,1.27522261426359
"1987-06-12",1987-06-12,-0.0174418669551133,41280000,-0.105820444444444,0.880208,0.0473365386363223,0.838542,0.901042,0,-1.17646992387793,1.15251758063134
"1987-06-15",1987-06-15,-0.0236682693181612,53760000,-0.126984126984127,0.859375,0.0242420363636363,0.838542,0.901042,0,-1.19999616001229,0.985363741898645
"1987-06-16",1987-06-16,-0.0121216,75840000,-0.137566476190476,0.848958,0.0122691581915713,0.838542,0.901042,0,-1.083336,0.900177400529823
"1987-06-17",1987-06-17,0.0429455874142184,47251200,-0.100528761904762,0.885417,0.0529411565397999,0.838542,0.901042,0,4.31497872251494,1.19367061152903
"1987-06-18",1987-06-18,-0.00882409079563636,27120000,-0.108465777777778,0.877604,0.0445098244766433,0.838542,0.901042,0,-1.07895268699852,1.13185081022351
"1987-06-19",1987-06-19,-0.0207713273868397,39897600,-0.126984126984127,0.859375,0.0242420363636363,0.838542,0.901042,0,-1.17072987983629,0.985363741898644
"1987-06-22",1987-06-22,0.0303034181818182,24019200,-0.100528761904762,0.885417,0.0529411565397999,0.838542,0.901042,0,2.18385764898914,1.19367061152903
"1987-06-23",1987-06-23,0.0235290264361312,27267200,-0.0793650793650794,0.90625,0.0632187586206897,0.848958,0.90625,1828,1.19413255683531,1.31241771878833
"1987-06-24",1987-06-24,-0.0172413793103448,31673600,-0.0952380952380953,0.890625,0.046784,0.848958,0.90625,1838,-1.2,1.19039806184966
"1987-06-25",1987-06-25,-0.0233914385964912,79200000,-0.116401777777778,0.869792,0.0239528530959127,0.848958,0.90625,0,-1.22221866666667,1.02423886085456
"1987-06-26",1987-06-26,0.0658674717633641,127680000,-0.0582013968253967,0.927083,0.0617970559270313,0.869792,0.927083,1838,2.57994551544995,1.38697901698518
"1987-06-29",1987-06-29,0,61920000,-0.0582013968253967,0.927083,0.0617970559270313,0,0.927083,0,-1,1.38697901698518
"1987-06-30",1987-06-30,-0.011235239994693,56160000,-0.0687827301587302,0.916667,0.051136345041329,0.869792,0.927083,1842,-1.18180548767716,1.30675229171855
"1987-07-01",1987-07-01,0.0340908966942194,6e+07,-0.0370366984126985,0.947917,0.0329670213742342,0.916667,0.947917,1842,-0.538459266261005,1.35802865748838
"1987-07-02",1987-07-02,0.0164835106871171,39744000,-0.0211636825396826,0.963542,0.0486486318188517,0,0.963542,0,1.47567568409057,1.47720383245611
"1987-07-06",1987-07-06,-0.0324324212125678,29606400,-0.0529097142857144,0.932292,0.0167597705439927,0.916667,0.963542,1845,-2.50002400038401,1.23686824953781
"1987-07-07",1987-07-07,-0.0111735379044334,22281600,-0.0634920634920638,0.921875,0.00564935593220339,0.916667,0.963542,0,-1.20000768004915,1.15493925131305
"1987-07-08",1987-07-08,-0.0141244745762711,56640000,-0.0767197460317461,0.908854,0,0.908854,0.932292,1847,-1.208336,1.08364465444113
"1987-07-09",1987-07-09,0.0372491071173147,4.8e+07,-0.0423283809523811,0.942708,0.0359114381123317,0.908854,0.942708,1847,-0.551727334118988,1.34916352913022
"1987-07-10",1987-07-10,0.0110500812552774,4.8e+07,-0.031746031746032,0.953125,0.0464482622950819,0,0.953125,0,1.29341136798228,1.42892619716135
"1987-07-13",1987-07-13,0.0218575737704918,39225600,-0.0105823492063494,0.973958,0.0668447715404565,0,0.973958,0,1.43912319293663,1.58589028470337
"1987-07-14",1987-07-14,0.0481283587177272,130560000,0,1.020833,0.109693750104082,0,1.020833,0,1.64102214094174,1.78768915158415
"1987-07-15",1987-07-15,-0.0153061274468988,61440000,-0.0153061274468987,1.005208,0.0958547882627278,0.908854,1.020833,1852,0,1.67761429028127
"1987-07-16",1987-07-16,0.0207260586863612,46889600,0,1.026042,0.0203052116774944,1.005208,1.026042,1852,0,1.45008747632218
"1987-07-17",1987-07-17,-0.00507679022885983,69600000,-0.00507679022885998,1.020833,0.0153061274468987,1.005208,1.026042,1854,0,1.41203302149926
"1987-07-20",1987-07-20,-0.0280604173258507,28121600,-0.032994750702213,0.992188,0,0.992188,1.020833,1855,-6.49913611057791,1.24878474884144
"1987-07-21",1987-07-21,-0.0131235209456272,40752000,-0.0456852643459039,0.979167,0,0.979167,0.992188,1856,-1.38462220121699,1.20085535273029
"1987-07-22",1987-07-22,-0.0106386346762095,75360000,-0.0558378701846514,0.96875,0,0.96875,0.979167,1857,-1.22222933333334,1.16251109965526
"1987-07-23",1987-07-23,-0.0161290322580645,34416000,-0.0710662916332859,0.953125,0,0.953125,0.96875,1858,-1.27272568595964,1.10499656050798
"1987-07-24",1987-07-24,0.0081972459016393,31174400,-0.0634515935994824,0.960938,0.00813059739546151,0.953125,0.960938,1858,-0.892850775539314,1.16446322377354
"1987-07-27",1987-07-27,-0.00271089289839716,10860800,-0.0659904760233987,0.958333,0.00543443667284749,0.953125,0.960938,1860,-1.04001290243303,1.144691568845
"1987-07-28",1987-07-28,0.0217398336486378,46348800,-0.045685264345904,0.979167,0.0212772693524189,0.958333,0.979167,1860,3.91526677617355,1.28121511590369
"1987-07-29",1987-07-29,0.00531880669998069,25078400,-0.0406094487360167,0.984375,0.0264553650793651,0,0.984375,0,1.24336279440658,1.31994197849967
"1987-07-30",1987-07-30,0.0211636825396826,34899200,-0.0203052116774947,1.005208,0.0466321398158392,0,1.005208,0,1.76267232283299,1.472830230605
"1987-07-31",1987-07-31,-0.0103620345241981,55200000,-0.0304568428972694,0.994792,0.0366498725361684,0.958333,1.005208,1864,-1.49995200153595,1.39678873823235
"1987-08-03",1987-08-03,-0.0418851377976502,43200000,-0.0710662916332859,0.953125,0,0.953125,0.994792,1865,-2.333344,1.10499656050798
"1987-08-04",1987-08-04,0,38572800,-0.0710662916332859,0.953125,0,0.953125,0.953125,1865,-1,1.10499656050798
"1987-08-05",1987-08-05,0.0245906885245901,41529600,-0.0482231721508477,0.976563,0.0240004997117441,0,0.976563,0,-0.678566040840958,1.28191504014369
"1987-08-06",1987-08-06,0.0293324649817781,51840000,-0.0203052116774946,1.005208,0.0518131570779382,0,1.005208,0,2.15883659508075,1.49239784115142
"1987-08-07",1987-08-07,0.0207260586863612,91200000,-1.11022302462516e-16,1.026042,0.0710662916332859,0,1.026042,0,1.37158775185976,1.64180137983629
"1987-08-10",1987-08-10,0.0177663292535784,45680000,0,1.044271,0.0872819411819346,0,1.044271,0,1.22817638539976,1.70304447150605
"1987-08-11",1987-08-11,0.0249379710822192,102240000,0,1.070313,0.109489467099811,0,1.070313,0,1.25443437230144,1.78691761771993
"1987-08-12",1987-08-12,-0.0267641334824488,66720000,-0.0267641334824487,1.041667,0.0850002927999062,0.953125,1.070313,1872,0,1.59334467341846
"1987-08-13",1987-08-13,0.0249993520002076,51360000,-0.00243386747614938,1.067708,0.10731679447939,0.953125,1.070313,0,1.2625461741881,1.76951968638401
"1987-08-14",1987-08-14,0,43622400,-0.00243386747614938,1.067708,0.10731679447939,0.953125,1.070313,0,-1,1.76951968638401
"1987-08-17",1987-08-17,-0.00975547621634398,34617600,-0.012165600156216,1.057292,0.0985224516973551,0.953125,1.070313,0,-4.99846449136304,1.69955060285132
"1987-08-18",1987-08-18,-0.00492673736299887,53280000,-0.017032400802382,1.052083,0.09405911890982,0.953125,1.070313,0,-1.40004607941017,1.66431265475329
"1987-08-19",1987-08-19,-0.00495017978619567,34473600,-0.0218982671424154,1.046875,0.0895522388059702,0.953125,1.070313,0,-1.28568294020846,1.62891376629446
"1987-08-20",1987-08-20,0.0149253731343284,46886400,-0.00729973381618265,1.0625,0.102941176470588,0.953125,1.070313,0,1.14950980392157,1.73461654720095
"1987-08-21",1987-08-21,0.0245101176470587,56640000,0,1.088542,0.0430621877704306,1.041667,1.088542,1872,0,1.53603578007683
"1987-08-24",1987-08-24,-0.0047852999700515,39910400,-0.0047852999700515,1.083333,0.0384609349110571,1.041667,1.088542,1880,0,1.50058474780884
"1987-08-25",1987-08-25,0.0288461627218962,51840000,0,1.114583,0.0280373915625843,1.083333,1.114583,1880,0,1.47929029055968
"1987-08-26",1987-08-26,0.0280373915625844,73440000,0,1.145833,0.0545454704132278,0,1.145833,0,1.94545452958678,1.57940571906401
"1987-08-27",1987-08-27,0.00909120264471341,134880000,0,1.15625,0.0630633513513512,0,1.15625,0,1.15616110510356,1.61157596062976
"1987-08-28",1987-08-28,-0.0450447567567568,66720000,-0.0450447567567569,1.104167,0.0188685226057288,1.083333,1.15625,1884,0,1.2745368491778
"1987-08-31",1987-08-31,-0.00471758348148405,53760000,-0.0495498378378378,1.098958,0.0142180137912459,1.083333,1.15625,0,-1.10001344008601,1.23995811524657
"1987-09-01",1987-09-01,-0.00710855191918176,44739200,-0.0563061621621623,1.091146,0.00716036167478951,1.083333,1.15625,0,-1.13635411575788,1.18778563686706
"1987-09-02",1987-09-02,-0.00716036167478949,76320000,-0.0630633513513514,1.083333,0,1.083333,1.104167,1887,-1.12000798722045,1.13522197971451
"1987-09-03",1987-09-03,0.0192313905327354,79680000,-0.0450447567567571,1.104167,0.0188685226057288,1.083333,1.104167,1887,-0.71427787758685,1.27453684917779
"1987-09-04",1987-09-04,0.0141509391242448,65280000,-0.0315312432432437,1.119792,0.0325587251918211,0,1.119792,0,1.72555773825852,1.37727955299905
"1987-09-08",1987-09-08,-0.0139534842184977,60960000,-0.0450447567567571,1.104167,0.0188685226057288,1.083333,1.119792,1890,-1.42857534697459,1.27453684917779
"1987-09-09",1987-09-09,0.00235833891069019,53280000,-0.042792648648649,1.106771,0.0211769191639462,1.083333,1.119792,0,1.1223411396034,1.29176091439345
"1987-09-10",1987-09-10,0.0258824996318118,84960000,-0.01801772972973,1.135417,0.027522927699691,1.104167,1.135417,1890,1.29966627754565,1.40929810013711
"1987-09-11",1987-09-11,-0.00458774177240591,50880000,-0.022522810810811,1.130208,0.0230408915880972,1.104167,1.135417,1893,-1.250036000576,1.37535565210711
"1987-09-14",1987-09-14,0,32409600,-0.022522810810811,1.130208,0.0230408915880972,1.104167,1.135417,0,-1,1.37535565210711
"1987-09-15",1987-09-15,-0.00921600271808393,34486400,-0.0315312432432436,1.119792,0.0139534842184977,1.104167,1.135417,0,-1.39996928039322,1.30701147801083
"1987-09-16",1987-09-16,0.004650863731836,59520000,-0.0270270270270272,1.125,0.0185182222222223,1.104167,1.135417,0,1.32713965431467,1.34126300724957
"1987-09-17",1987-09-17,0.00462933333333342,51840000,-0.022522810810811,1.130208,0.0230408915880972,1.104167,1.135417,0,1.2442280534061,1.37535565210711
"1987-09-18",1987-09-18,0.0184337750219427,48480000,-0.00450421621621655,1.151042,0.0271493134047237,1.119792,1.151042,1893,1.17831001899028,1.4589247308779
"1987-09-21",1987-09-21,-0.022624717429946,62400000,-0.0270270270270272,1.125,0.00462933333333337,1.119792,1.151042,1899,-6.00038402457717,1.28880760033779
"1987-09-22",1987-09-22,0.0347226666666667,63840000,0,1.164063,0.0335574620961238,1.125,1.164063,1899,7.24887574081008,1.50013843387302
"1987-09-23",1987-09-23,0.0380305876915597,124800000,0,1.208333,0.0689652604042098,0,1.208333,0,2.05513933701727,1.63386622757629
"1987-09-24",1987-09-24,0.00646593281818824,54240000,0,1.216146,0.0749465935833362,0,1.216146,0,1.08672965409062,1.65645646271289
"1987-09-25",1987-09-25,-0.0107067736932901,45449600,-0.0107067736932901,1.203125,0.064935064935065,1.125,1.216146,1903,0,1.57820780016383
"1987-09-28",1987-09-28,0.00649392207792214,114240000,-0.00428238056943808,1.210938,0.0709681255357417,1.125,1.216146,0,1.09290913325042,1.62525697806658
"1987-09-29",1987-09-29,-0.0150544453968741,60480000,-0.019272357101861,1.192708,0.0567682953413577,1.125,1.216146,0,-4.50038402457769,1.51501322842035
"1987-09-30",1987-09-30,0.00873390637104798,60960000,-0.0107067736932903,1.203125,0.064935064935065,1.125,1.216146,0,1.14386145549376,1.57820780016383
"1987-10-01",1987-10-01,0.0476193246753246,93600000,0,1.260417,0.0537195229832665,1.192708,1.260417,1903,0,1.57628628965012
"1987-10-02",1987-10-02,0.0247933818728246,124800000,0,1.291667,0.0766133995836387,0,1.291667,0,1.42617423478432,1.66275163777609
"1987-10-05",1987-10-05,0.012096771071801,66720000,0,1.307292,0.0876498900016215,0,1.307292,0,1.14405431005492,1.70443413667032
"1987-10-06",1987-10-06,-0.0318727568133209,83520000,-0.0318727568133208,1.265625,0.0576134320987653,1.192708,1.307292,1910,0,1.47061607710445
"1987-10-07",1987-10-07,0,70560000,-0.0318727568133208,1.265625,0.0576134320987653,1.192708,1.307292,0,-1,1.47061607710445
"1987-10-08",1987-10-08,-0.0205763950617283,68640000,-0.0517933254391519,1.239583,0.0378151362191963,1.192708,1.307292,0,-1.625002999976,1.3206062947257
"1987-10-09",1987-10-09,0.00420221961740343,103680000,-0.0478087527499595,1.244792,0.0418415285445277,1.192708,1.307292,0,1.10647567952664,1.35086202165639
"1987-10-12",1987-10-12,-0.00836846637831855,71520000,-0.0557771331883006,1.234375,0.0337555443037973,1.192708,1.307292,0,-1.166672,1.29022806895593
"1987-10-13",1987-10-13,-0.0126582278481013,95040000,-0.0677293213757906,1.21875,0.0213677948717947,1.192708,1.307292,0,-1.21428473469836,1.1983012530492
"1987-10-14",1987-10-14,-0.0341883076923076,82080000,-0.0996020781891114,1.177083,0,1.177083,1.265625,1916,-1.4705902283662,0.99722290724396
"1987-10-15",1987-10-15,-0.0353976737409343,136320000,-0.131474070062389,1.135417,0,1.135417,1.177083,1917,-1.31999324163461,0.87684910944223
"1987-10-16",1987-10-16,-0.0458721333219423,109440000,-0.171315207314051,1.083333,0,1.083333,1.135417,1918,-1.30303418181818,0.726377528664011
"1987-10-19",1987-10-19,-0.192307443786906,193920000,-0.330677461500568,0.875,0,0.875,1.083333,1919,-1.93022830071576,0.124499872603247
"1987-10-20",1987-10-20,-0.0654765714285714,127680000,-0.374502406501378,0.817708,0,0.817708,0.875,1920,-1.13253078937385,-0.0410177106458455
"1987-10-21",1987-10-21,0.0286630435314317,159840000,-0.356573741750122,0.841146,0.027864365995915,0.817708,0.841146,1920,-0.952126703487042,0.131932917786958
"1987-10-22",1987-10-22,-0.133126710464057,291360000,-0.442230962937125,0.729167,0,0,0.841146,1922,-1.24022302025546,-0.29681419773755
"1987-10-23",1987-10-23,-0.0500008914281639,120960000,-0.470119912001297,0.692708,0,0.692708,0.729167,1923,-1.06306421621622,-0.402144882085778
"1987-10-26",1987-10-26,-0.187969534060528,1.08e+08,-0.569721225250365,0.5625,0,0.5625,0.692708,1924,-1.2118636345886,-0.778318055996584
"1987-10-27",1987-10-27,0.0648142222222222,99360000,-0.541833041126237,0.598958,0.0608690425705976,0.5625,0.598958,1924,-0.95104942050935,-0.443100712126989
"1987-10-28",1987-10-28,0.104347884158822,158880000,-0.494024288376277,0.661458,0.149605870667525,0,0.661458,0,2.45783183617532,0.0726031762567217
"1987-10-29",1987-10-29,0.263780920330543,154880000,-0.36055754949927,0.835938,0.327103206218643,0,0.835938,0,2.18643295720377,1.24704896451001
"1987-10-30",1987-10-30,-0.0280379645380399,128320000,-0.378486214250527,0.8125,0.307692307692308,0.5625,0.835938,1928,-1.04972483526182,1.10602530154433
"1987-11-02",1987-11-02,0.0192307692307692,6.4e+07,-0.366534026063037,0.828125,0.320754716981132,0.5625,0.835938,0,1.04245283018868,1.20050016557786
"1987-11-03",1987-11-03,-0.0188679245283019,85760000,-0.378486214250527,0.8125,0.307692307692308,0.5625,0.835938,0,-1.03260867296788,1.10602530154433
"1987-11-04",1987-11-04,0.00961599999999995,67840000,-0.37250973768676,0.820313,0.314286132244643,0.5625,0.835938,0,1.02142992979509,1.15350068026785
"1987-11-05",1987-11-05,0.0761904297505952,76480000,-0.324700984936801,0.882813,0.0796465389612522,0.8125,0.882813,1928,-0.871657710086061,0.447879961270523
"1987-11-06",1987-11-06,-0.0707964200799037,107200000,-0.37250973768676,0.820313,0.00952441324226239,0.8125,0.882813,1933,-1.14723932161544,0.00247988160671898
"1987-11-09",1987-11-09,-0.104762450430506,79040000,-0.438247155187977,0.734375,0,0.734375,0.820313,1934,-1.17647167536998,-0.281768195266678
"1987-11-10",1987-11-10,-0.0585109787234043,64320000,-0.471115863938585,0.691406,0,0.691406,0.734375,1935,-1.07500039272704,-0.405906382703497
"1987-11-11",1987-11-11,0.0282496825309586,64320000,-0.456175054999189,0.710938,0.0274735630955161,0.691406,0.710938,1935,-0.96828633870554,-0.245716236335566
"1987-11-12",1987-11-12,0.0934061760659862,100480000,-0.405378446437368,0.777344,0.110553371480323,0,0.777344,0,4.02399103079448,0.259906782395975
"1987-11-13",1987-11-13,-0.0251252984521654,48320000,-0.42031849043672,0.757813,0.0876297978525045,0.691406,0.777344,1938,-1.03685455931525,0.116903876571429
"1987-11-16",1987-11-16,-0.0103099313419009,40320000,-0.426294967000487,0.75,0.0781253333333334,0.691406,0.777344,0,-1.01421892374413,0.0584356239718627
"1987-11-17",1987-11-17,-0.0729160000000001,68480000,-0.468127243186679,0.695313,0.00561905213910852,0.691406,0.777344,0,-1.09812988523072,-0.373397015851058
"1987-11-18",1987-11-18,0.0449437879055907,76160000,-0.4442228668117,0.726563,0.0483880957329234,0.691406,0.777344,0,8.61143383883964,-0.121585556875296
"1987-11-19",1987-11-19,-0.0698934572776208,57600000,-0.483068052126075,0.675781,0,0.675781,0.757813,1942,-1.08744526276456,-0.451047279133489
"1987-11-20",1987-11-20,-0.0115599580337416,113280000,-0.489043763749797,0.667969,0,0.667969,0.675781,1943,-1.01237033084143,-0.473616282839798
"1987-11-23",1987-11-23,0.0409360314625378,39680000,-0.468127243186679,0.695313,0.039326173967695,0.667969,0.695313,1943,-0.957229757102435,-0.24609231887432
"1987-11-24",1987-11-24,0.0786509097341773,76800000,-0.426294967000487,0.75,0.109374666666667,0,0.75,0,2.78121809552371,0.176457771663844
"1987-11-25",1987-11-25,-0.0104160000000001,35200000,-0.43227067862421,0.742188,0.100000269473503,0.667969,0.75,1946,-1.01401778600805,0.118483644966487
"1987-11-27",1987-11-27,-0.0421052347922629,14406400,-0.456175054999189,0.710938,0.060439869580751,0.667969,0.75,0,-1.05529955548005,-0.121209442819133
"1987-11-30",1987-11-30,-0.0549457195986147,59840000,-0.486055907937936,0.671875,0.00581358139534882,0.667969,0.75,0,-1.06550304014059,-0.440375108991682
"1987-12-01",1987-12-01,0.0116286511627906,31769600,-0.480079431374169,0.679688,0.0172417344428619,0.667969,0.75,0,2.96576813333279,-0.374641490146265
"1987-12-02",1987-12-02,0.0344819976224386,40640000,-0.462151531562956,0.703125,0.0499996444444444,0.667969,0.75,0,2.8999196461435,-0.183211866102657
"1987-12-03",1987-12-03,-0.0555548444444445,45440000,-0.492031619561659,0.664063,0,0.664063,0.742188,1951,-1.06465430915624,-0.484900784692954
"1987-12-04",1987-12-04,-0.0117654499648376,66880000,-0.498008096125426,0.65625,0,0.65625,0.664063,1952,-1.01214652946307,-0.507472677416635
"1987-12-07",1987-12-07,0.0714285714285714,54400000,-0.462151531562956,0.703125,0.0666666666666667,0.65625,0.703125,1952,-0.928000036863981,-0.120264034950099
"1987-12-08",1987-12-08,0.0666666666666667,74880000,-0.426294967000487,0.75,0.125,0,0.75,0,1.875,0.235471363369366
"1987-12-09",1987-12-09,0.0625,53120000,-0.390438402438017,0.796875,0.176470588235294,0,0.796875,0,1.41176470588235,0.565287619450068
"1987-12-10",1987-12-10,-0.0588235294117647,305280000,-0.426294967000487,0.75,0.125,0.65625,0.796875,1956,-1.09183667471891,0.235471363369366
"1987-12-11",1987-12-11,0.0104173333333333,44480000,-0.42031849043672,0.757813,0.134021189924163,0.65625,0.796875,0,1.07216951939331,0.292114389650681
"1987-12-14",1987-12-14,0.0618556292911312,86400000,-0.38446192587425,0.804688,0.0679617441791104,0.75,0.804688,1956,-0.914691917252525,0.178044471242154
"1987-12-15",1987-12-15,-0.00970935319030476,51840000,-0.390438402438017,0.796875,0.0588235294117647,0.75,0.804688,1959,-1.01554504142426,0.120959466785548
"1987-12-16",1987-12-16,0.0196078431372549,41280000,-0.378486214250527,0.8125,0.0192307692307693,0.796875,0.8125,1959,-0.969387775093698,0.0165668502995961
"1987-12-17",1987-12-17,-0.00961476923076928,55360000,-0.38446192587425,0.804688,0.00970935319030475,0.796875,0.8125,1961,-1.01578845252146,-0.041962535606799
"1987-12-18",1987-12-18,0.0388349273258704,46080000,-0.360557549499271,0.835938,0.0373831552100754,0.804688,0.835938,1961,3.85022096501796,0.152837376546695
"1987-12-21",1987-12-21,0.0327093636130909,38400000,-0.339641793876196,0.863281,0.0678724540445116,0,0.863281,0,1.81558923164995,0.346983436066855
"1987-12-22",1987-12-22,-0.0135737957860766,62400000,-0.348605361311781,0.851563,0.0550458392391403,0.804688,0.863281,1964,-1.02639123805491,0.264686508985404
"1987-12-23",1987-12-23,0.00917371938423821,51200000,-0.342629649688058,0.859375,0.0636357818181819,0.804688,0.863281,0,1.15605071514531,0.319697915891653
"1987-12-24",1987-12-24,-0.00909032727272732,25091200,-0.348605361311781,0.851563,0.0550458392391403,0.804688,0.863281,0,-1.0174407312069,0.264686508985405
"1987-12-28",1987-12-28,-0.0825693460143289,52800000,-0.402390590625507,0.78125,0,0.78125,0.859375,1967,-1.15428686785348,-0.146345505976703
"1987-12-29",1987-12-29,0.04,44800000,-0.378486214250527,0.8125,0.0384615384615384,0.78125,0.8125,1967,-0.940594097049285,0.0891974137159111
"1987-12-30",1987-12-30,0.0288467692307692,44160000,-0.360557549499271,0.835938,0.0654211197481153,0,0.835938,0,1.700949113451,0.25873086094181
"1987-12-31",1987-12-31,-0.00934638693300216,33920000,-0.366534026063037,0.828125,0.0566037735849056,0.78125,0.835938,1970,-1.01657565226984,0.202857709595257
"1988-01-04",1988-01-04,0.0471704150943396,38400000,-0.336653173124291,0.867188,0.0450455956493863,0.828125,0.867188,1970,-0.918477274102766,0.272058592451736
"1988-01-05",1988-01-05,0.00900842723838434,56960000,-0.330677461500568,0.875,0.0535714285714286,0,0.875,0,1.18927117732893,0.326827870691554
"1988-01-06",1988-01-06,0.0267862857142857,59840000,-0.312748796749311,0.898438,0.0782613825327958,0,0.898438,0,1.46087914061219,0.487789413725951
"1988-01-07",1988-01-07,-0.00869620385602564,58880000,-0.318725273313078,0.890625,0.0701754385964912,0.828125,0.898438,1974,-1.01910951097458,0.434678614482249
"1988-01-08",1988-01-08,-0.087719298245614,72320000,-0.378486214250527,0.8125,0,0.8125,0.890625,1975,-1.18749985000012,-0.0560637131167202
"1988-01-11",1988-01-11,0.0288467692307692,59200000,-0.360557549499271,0.835938,0.0280379645380399,0.8125,0.835938,1975,-0.952630600333069,0.117542560432068
"1988-01-12",1988-01-12,-0.0280379645380399,101440000,-0.378486214250527,0.8125,0,0,0.835938,1977,-1.04972483526182,-0.0560637131167198
"1988-01-13",1988-01-13,-0.0480763076923077,125440000,-0.40836630224923,0.773438,0,0.773438,0.8125,1978,-1.07894630470986,-0.168914509683013
"1988-01-14",1988-01-14,0.0303023642489767,76160000,-0.390438402438017,0.796875,0.029411137254902,0.773438,0.796875,1978,-0.956098483855136,0.00987505886927097
"1988-01-15",1988-01-15,0.0490202352941176,100480000,-0.360557549499271,0.835938,0.0747663104201508,0,0.835938,0,2.54210878593923,0.294025677056438
"1988-01-18",1988-01-18,-0.0467295421430775,39040000,-0.390438402438017,0.796875,0.029411137254902,0.773438,0.835938,1981,-1.0828740182538,0.00987505886927097
"1988-01-19",1988-01-19,-0.029411137254902,50560000,-0.40836630224923,0.773438,0,0.773438,0.796875,1982,-1.04591735776826,-0.168914509683013
"1988-01-20",1988-01-20,-0.0909096786038441,117760000,-0.462151531562956,0.703125,0,0.703125,0.773438,1983,-1.13170829477722,-0.37204998812666
"1988-01-21",1988-01-21,0.0666666666666667,74880000,-0.426294967000487,0.75,0.0625,0.703125,0.75,1983,-0.922413835909608,-0.000577967733659842
"1988-01-22",1988-01-22,0.0156253333333334,69760000,-0.417330634624858,0.761719,0.0769233798815574,0,0.761719,0,1.23077407810492,0.0877524936157599
"1988-01-25",1988-01-25,0.0256406890204918,37760000,-0.402390590625507,0.78125,0.1,0,0.78125,0,1.29999488002184,0.231333423788138
"1988-01-26",1988-01-26,-0.0299993600000001,31206400,-0.42031849043672,0.757813,0.0721655606330321,0.703125,0.78125,1987,-1.04455347671859,0.0584987109446291
"1988-01-27",1988-01-27,-0.0103099313419009,51840000,-0.426294967000487,0.75,0.0625,0.703125,0.78125,0,-1.01421892374413,-0.000577967733660261
"1988-01-28",1988-01-28,0.0260413333333333,23776000,-0.411354923001135,0.769531,0.0862941194051962,0.703125,0.78125,0,1.38070591048314,0.145712806066
"1988-01-29",1988-01-29,0.0355333313407777,53120000,-0.390438402438017,0.796875,0.0588235294117647,0.75,0.796875,1987,-0.949152132638849,0.120959466785548
"1988-02-01",1988-02-01,-0.029411137254902,44160000,-0.40836630224923,0.773438,0.0303036571774337,0.75,0.796875,1991,-1.04591735776826,-0.0544639815756748
"1988-02-02",1988-02-02,-0.0101016500352969,32960000,-0.414342778812997,0.765625,0.0204081632653061,0.75,0.796875,0,-1.01463508749583,-0.114409069801624
"1988-02-03",1988-02-03,-0.0408163265306122,43200000,-0.438247155187977,0.734375,0,0.734375,0.773438,1993,-1.05769227218937,-0.281768195266678
"1988-02-04",1988-02-04,0.0106389787234042,47360000,-0.43227067862421,0.742188,0.0105269823818224,0.734375,0.742188,1993,-0.986362771570751,-0.219438108146796
"1988-02-05",1988-02-05,0,43520000,-0.43227067862421,0.742188,0.0105269823818224,0,0.742188,0,-1,-0.219438108146796
"1988-02-08",1988-02-08,0.0210526173961314,32320000,-0.42031849043672,0.757813,0.0309284744389446,0,0.757813,0,2.93801901790497,-0.0972450748594058
"1988-02-09",1988-02-09,0.0257728489746152,38400000,-0.405378446437368,0.777344,0.0552766857401614,0,0.777344,0,1.7872425569933,0.051138387283059
"1988-02-10",1988-02-10,0.0452257945002469,69120000,-0.378486214250527,0.8125,0.0961538461538461,0,0.8125,0,1.73950092821837,0.307089103964859
"1988-02-11",1988-02-11,-0.00961476923076928,41600000,-0.38446192587425,0.804688,0.0873792078420456,0.734375,0.8125,1999,-1.01578845252146,0.251380140191804
"1988-02-12",1988-02-12,-0.00970935319030476,40640000,-0.390438402438017,0.796875,0.0784313725490197,0.734375,0.8125,0,-1.01554504142426,0.195014158896302
"1988-02-16",1988-02-16,0.0294123921568627,36800000,-0.37250973768676,0.820313,0.0285720206799112,0.796875,0.820313,1999,-0.95408068304935,0.0744186815230393
"1988-02-17",1988-02-17,-0.0190476074376488,43840000,-0.38446192587425,0.804688,0.00970935319030475,0.796875,0.820313,2002,-1.03208557247848,-0.0419625356067982
"1988-02-18",1988-02-18,0.00970811047263044,46720000,-0.378486214250527,0.8125,0.0192307692307693,0.796875,0.820313,0,1.98064370034166,0.0165668502995965
"1988-02-19",1988-02-19,0.00961599999999995,35200000,-0.37250973768676,0.820313,0.0190476074376488,0.804688,0.820313,2002,-0.984209526427267,0.0384469795232818
"1988-02-22",1988-02-22,0.0619044194106397,75200000,-0.333665317312429,0.871094,0.0762328749824933,0,0.871094,0,4.0022283760329,0.401130877112942
"1988-02-23",1988-02-23,0.0134531979327144,95360000,-0.324700984936801,0.882813,0.0884955250998796,0,0.882813,0,1.16085776799317,0.48130071741393
"1988-02-24",1988-02-24,0.00884898613862737,52480000,-0.318725273313078,0.890625,0.0964906666666667,0,0.890625,0,1.0903451508736,0.534065686222865
"1988-02-25",1988-02-25,-0.0219295438596491,90880000,-0.333665317312429,0.871094,0.0762328749824933,0.804688,0.890625,2008,-1.04687436250051,0.401130877112942
"1988-02-26",1988-02-26,0.00448401665032702,86400000,-0.330677461500568,0.875,0.0803565714285714,0.804688,0.890625,0,1.05409341372767,0.427989711570396
"1988-02-29",1988-02-29,0.00892914285714281,57920000,-0.324700984936801,0.882813,0.0884955250998796,0.804688,0.890625,0,1.10128547705078,0.48130071741393
"1988-03-01",1988-03-01,0,59840000,-0.324700984936801,0.882813,0.0884955250998796,0.804688,0.890625,0,-1,0.48130071741393
"1988-03-02",1988-03-02,0.0265480911586033,71040000,-0.306773085125588,0.90625,0.0387928275862068,0.871094,0.90625,2008,-0.944786432308783,0.361294001516335
"1988-03-03",1988-03-03,0.0344827586206897,63360000,-0.282868708750608,0.9375,0.0708330666666667,0,0.9375,0,1.82593203625745,0.572585026429496
"1988-03-04",1988-03-04,0.00833386666666662,91200000,-0.276892232186841,0.945313,0.0785126196296887,0,0.945313,0,1.10841762646196,0.624160972594643
"1988-03-07",1988-03-07,0.0330578337545342,96640000,-0.252987855811862,0.976563,0.108000200703897,0,0.976563,0,1.37557759775803,0.825811146069237
"1988-03-08",1988-03-08,-0.0159999918080042,72640000,-0.264940043999351,0.960938,0.0934961464735498,0.871094,0.976563,2016,-1.04724411829625,0.725891492849557
"1988-03-09",1988-03-09,0.0284544892594528,87360000,-0.244024288376277,0.988281,0.0276672322952682,0.960938,0.988281,2016,-0.921054759003794,0.556263956294664
"1988-03-10",1988-03-10,-0.0355728785638902,102080000,-0.270916520563118,0.953125,0,0,0.988281,2018,-1.11020309644495,0.350204354753204
"1988-03-11",1988-03-11,0,60480000,-0.270916520563118,0.953125,0,0.953125,0.953125,2018,-1,0.350204354753204
"1988-03-14",1988-03-14,0.0573775737704919,47040000,-0.229083479436882,1.007813,0.0542640350938121,0,1.007813,0,-0.845586968859324,0.713142763756387
"1988-03-15",1988-03-15,-0.0232562985395109,53120000,-0.247012144188139,0.984375,0.0317460317460317,0.953125,1.007813,2021,-1.07826258268526,0.560384220554407
"1988-03-16",1988-03-16,-0.0158730158730159,158720000,-0.258964332375629,0.96875,0.0161290322580645,0.953125,1.007813,0,-1.04838704682627,0.45626120759688
"1988-03-17",1988-03-17,0.0161290322580645,66240000,-0.247012144188139,0.984375,0.0317460317460317,0.953125,1.007813,0,1.96825396825397,0.560384220554407
"1988-03-18",1988-03-18,0.00793701587301583,72960000,-0.241035667624372,0.992188,0.0393705628368817,0.953125,1.007813,0,1.24017272936177,0.611752360701598
"1988-03-21",1988-03-21,-0.0236225392768306,29228800,-0.258964332375629,0.96875,0.0161290322580645,0.953125,1.007813,0,-1.07438179140855,0.45626120759688
"1988-03-22",1988-03-22,0.0161290322580645,47680000,-0.247012144188139,0.984375,0.0317460317460317,0.953125,1.007813,0,1.96825396825397,0.560384220554407
"1988-03-23",1988-03-23,-0.0317460317460317,55040000,-0.270916520563118,0.953125,0,0.953125,0.992188,2027,-1.09677409365255,0.350204354753204
"1988-03-24",1988-03-24,-0.057376524590164,67520000,-0.312748796749311,0.898438,0,0.898438,0.953125,2028,-1.15441020761392,0.192212661756919
"1988-03-25",1988-03-25,-0.013043749262609,39040000,-0.321713129124939,0.886719,0,0.886719,0.898438,2029,-1.02866304353143,0.158356267180083
"1988-03-28",1988-03-28,0.0396472839760961,47360000,-0.294820896938098,0.921875,0.0381353220338982,0.886719,0.921875,2029,-0.916409279720762,0.403951638013224
"1988-03-29",1988-03-29,0,50560000,-0.294820896938098,0.921875,0.0381353220338982,0,0.921875,0,-1,0.403951638013224
"1988-03-30",1988-03-30,-0.0211861694915254,73600000,-0.309760940937449,0.902344,0.0173160125185073,0.886719,0.921875,2032,-1.05067498320001,0.26889609436792
"1988-03-31",1988-03-31,0.0173160125185074,30748800,-0.297808752749959,0.917969,0.0340425439203285,0.886719,0.921875,0,1.96595745607967,0.377209575583089
"1988-04-04",1988-04-04,0.00851009129937931,33920000,-0.291833041126237,0.925781,0.0253159224481815,0.902344,0.925781,2032,-0.979934398943808,0.366819968708766
"1988-04-05",1988-04-05,0.0210978622373974,32640000,-0.276892232186841,0.945313,0.0454547858751545,0,0.945313,0,1.79550186125727,0.499308499867079
"1988-04-06",1988-04-06,0.0495867506318013,53760000,-0.241035667624372,0.992188,0.0905513874386709,0,0.992188,0,1.99211998682335,0.805051551302457
"1988-04-07",1988-04-07,0,104320000,-0.241035667624372,0.992188,0.0905513874386709,0,0.992188,0,-1,0.805051551302457
"1988-04-08",1988-04-08,0.0157480235600512,63040000,-0.229083479436882,1.007813,0.104651358932659,0,1.007813,0,1.15571237385554,0.903445069168092
"1988-04-11",1988-04-11,0.0310077365543012,74880000,-0.205179103061902,1.039063,0.131579124653654,0,1.039063,0,1.25730927907322,1.09542735941271
"1988-04-12",1988-04-12,-0.00751927457719125,29875200,-0.211155579625669,1.03125,0.124999757575758,0.902344,1.039063,2040,-1.02912809576891,1.04800658352393
"1988-04-13",1988-04-13,-0.0151515151515152,38400000,-0.223107767813159,1.015625,0.111538215384615,0.902344,1.039063,0,-1.05660370523326,0.952024278616591
"1988-04-14",1988-04-14,-0.0423079384615385,54080000,-0.255976476563767,0.972656,0.0722886611504991,0.902344,1.039063,0,-1.14732211734615,0.67964879481089
"1988-04-15",1988-04-15,-0.0200800694181704,66240000,-0.270916520563118,0.953125,0.0532784262295082,0.902344,1.039063,0,-1.05836490993199,0.551425744732362
"1988-04-18",1988-04-18,0,37120000,-0.270916520563118,0.953125,0.0532784262295082,0.902344,1.039063,0,-1,0.551425744732362
"1988-04-19",1988-04-19,0.0163934426229508,35427200,-0.258964332375628,0.96875,0.068548129032258,0.902344,1.039063,0,1.28660198664601,0.654237091286052
"1988-04-20",1988-04-20,0.00806503225806447,44800000,-0.252987855811861,0.976563,0.0760002170878887,0.902344,1.039063,0,1.10871322326134,0.704953950423373
"1988-04-21",1988-04-21,-0.0360007495676162,49600000,-0.279880852938747,0.941406,0.0414932558322338,0.902344,1.039063,0,-1.10630153388424,0.473059244728137
"1988-04-22",1988-04-22,0.0248968032920972,32640000,-0.26195218818749,0.964844,0.0647773111508182,0.902344,1.039063,0,1.56115276691535,0.628711004814894
"1988-04-25",1988-04-25,0.0040483228376815,26556800,-0.258964332375628,0.96875,0.068548129032258,0.902344,1.039063,0,1.058212016128,0.654237091286052
"1988-04-26",1988-04-26,0.032258064516129,42880000,-0.235059956000648,1,0.097656,0.902344,1.039063,0,1.42463406921061,0.854453179694334
"1988-04-27",1988-04-27,0.00781300000000007,40320000,-0.229083479436881,1.007813,0.104651358932659,0.902344,1.039063,0,1.07163265885004,0.903445069168092
"1988-04-28",1988-04-28,-0.0155038682771507,53440000,-0.241035667624371,0.992188,0.0905513874386709,0.902344,1.039063,0,-1.05217394207941,0.805051551302457
"1988-04-29",1988-04-29,-0.0236225392768306,37760000,-0.258964332375628,0.96875,0.068548129032258,0.902344,1.039063,0,-1.07438179140855,0.654237091286052
"1988-05-02",1988-05-02,0.024194064516129,16131200,-0.241035667624371,0.992188,0.0905513874386709,0.902344,1.039063,0,1.32098991930266,0.805051551302457
"1988-05-03",1988-05-03,0.0157480235600512,34240000,-0.229083479436881,1.007813,0.104651358932659,0.902344,1.039063,0,1.15571237385554,0.903445069168092
"1988-05-04",1988-05-04,0,52480000,-0.229083479436881,1.007813,0.104651358932659,0.902344,1.039063,0,-1,0.903445069168092
"1988-05-05",1988-05-05,0,29148800,-0.229083479436881,1.007813,0.104651358932659,0.902344,1.039063,0,-1,0.903445069168092
"1988-05-06",1988-05-06,-0.00775243026236025,48320000,-0.235059956000648,1,0.097656,0.902344,1.039063,0,-1.02608864060585,0.854453179694334
"1988-05-09",1988-05-09,-0.00781200000000004,31504000,-0.241035667624371,0.992188,0.0905513874386709,0.902344,1.039063,0,-1.02542207411843,0.805051551302458
"1988-05-10",1988-05-10,-0.0196857853551948,42560000,-0.255976476563767,0.972656,0.0722886611504991,0.902344,1.039063,0,-1.06198588402559,0.67964879481089
"1988-05-11",1988-05-11,-0.0160642611570792,42560000,-0.267928664751257,0.957031,0.0571423496208586,0.902344,1.039063,0,-1.04669252560992,0.577303471096904
"1988-05-12",1988-05-12,0.0204089522700936,26659200,-0.252987855811861,0.976563,0.0760002170878887,0.902344,1.039063,0,1.33001561175123,0.704953950423373
"1988-05-13",1988-05-13,0.0199997337601364,22377600,-0.23804781181251,0.996094,0.0941176234371455,0.902344,1.039063,0,1.23838624471698,0.82980497510754
"1988-05-16",1988-05-16,0.00392131666288519,23984000,-0.235059956000649,1,0.097656,0.902344,1.039063,0,1.037595260416,0.854453179694333
"1988-05-17",1988-05-17,-0.015625,45760000,-0.247012144188138,0.984375,0.0833330793650793,0.902344,1.039063,0,-1.05084740247061,0.755217629899306
"1988-05-18",1988-05-18,-0.0357140317460317,39040000,-0.27390437637498,0.949219,0.0493827030432387,0.902344,1.039063,0,-1.10887008116637,0.525427917242704
"1988-05-19",1988-05-19,-0.0205758628936,83520000,-0.288844420374331,0.929688,0.0294120177952173,0.902344,1.039063,0,-1.05454474366959,0.393577448648124
"1988-05-20",1988-05-20,0.00420140950512438,36800000,-0.28585656456247,0.933594,0.0334727943838542,0.902344,1.039063,0,1.13806521595731,0.420198648061385
"1988-05-23",1988-05-23,-0.0209202287075539,38080000,-0.300796608561821,0.914063,0.0128207793117103,0.902344,1.039063,0,-1.0522641277181,0.285774940278891
"1988-05-24",1988-05-24,0.0128196852952149,28966400,-0.291833041126237,0.925781,0.0253159224481815,0.902344,1.039063,0,1.97460090628487,0.366819968708766
"1988-05-25",1988-05-25,-0.00843828075970443,17392000,-0.297808752749959,0.917969,0.0170212719601642,0.902344,1.039063,0,-1.02047647381072,0.312923817811578
"1988-05-26",1988-05-26,0.00851009129937931,24576000,-0.291833041126237,0.925781,0.0253159224481815,0.902344,1.039063,0,1.48731084888542,0.366819968708766
"1988-05-27",1988-05-27,0.0126585013086249,17641600,-0.282868708750608,0.9375,0.0374997333333333,0.902344,1.039063,0,1.48127066711042,0.446692049841217
"1988-05-31",1988-05-31,0.0250005333333333,36160000,-0.264940043999351,0.960938,0.0609758381914337,0.902344,1.039063,0,1.6260339146794,0.603069140573435
"1988-06-01",1988-06-01,0.016260154141058,49280000,-0.252987855811861,0.976563,0.0760002170878887,0.902344,1.039063,0,1.24639889080796,0.704953950423373
"1988-06-02",1988-06-02,-0.0159999918080042,57280000,-0.264940043999351,0.960938,0.0609758381914337,0.902344,1.039063,0,-1.04724411829625,0.603069140573435
"1988-06-03",1988-06-03,0.0406498650277125,62720000,-0.235059956000649,1,0.097656,0.902344,1.039063,0,1.60155240004096,0.854453179694333
"1988-06-06",1988-06-06,0.046875,85760000,-0.199203391438179,1.046875,0.126865194029851,0.914063,1.046875,2040,1.29910291256913,1.10019284038918
"1988-06-07",1988-06-07,-0.0149253731343284,99200000,-0.211155579625669,1.03125,0.113635878787879,0.914063,1.046875,2079,-1.0599999232001,1.0050876077381
"1988-06-08",1988-06-08,0.0340906666666666,99520000,-0.184263347438828,1.066406,0.0329668062632805,1.03125,1.066406,2079,-0.872642568884445,0.801983812689108
"1988-06-09",1988-06-09,-0.0109883102683217,59840000,-0.193226914874412,1.054688,0.0222226857610972,1.03125,1.066406,2081,-1.04864541733434,0.727552027804352
"1988-06-10",1988-06-10,0.00740692982189987,5.6e+07,-0.187251203250689,1.0625,0.0294117647058824,1.03125,1.066406,0,1.32350180451052,0.777272667929276
"1988-06-13",1988-06-13,0.0147058823529412,74560000,-0.175299015063199,1.078125,0.0217386666666666,1.054688,1.078125,2081,-0.936170299682997,0.79343388980495
"1988-06-14",1988-06-14,0.0144927536231884,87340800,-0.163346826875709,1.09375,0.0357138285714285,0,1.09375,0,1.64287116220384,0.89135602814975
"1988-06-15",1988-06-15,0.00357119999999997,38720000,-0.160358971063848,1.097656,0.0391452331149285,0,1.097656,0,1.09608055704913,0.915600221958698
"1988-06-16",1988-06-16,0.00355940294591393,88678400,-0.157370350311942,1.101563,0.0425531721744467,0,1.101563,0,1.08705885208328,0.939758680596251
"1988-06-17",1988-06-17,-0.00709264926291104,50707200,-0.163346826875709,1.09375,0.0357138285714285,1.054688,1.101563,2087,-1.03797714469035,0.89135602814975
"1988-06-20",1988-06-20,-0.00714239999999994,32646400,-0.169322538499432,1.085938,0.0287769651674405,1.054688,1.101563,0,-1.03658296728512,0.84258795298001
"1988-06-21",1988-06-21,0.0359707460278579,59827200,-0.13944245050073,1.125,0.0347217777777777,1.085938,1.125,2087,1.20658233332622,0.97789105418955
"1988-06-22",1988-06-22,0.0173608888888889,84195200,-0.124502406501378,1.144531,0.0511938951413285,0,1.144531,0,1.47440305242934,1.09652816904096
"1988-06-23",1988-06-23,-0.00341275159868974,56480000,-0.12749026231324,1.140625,0.0479447671232877,1.085938,1.144531,2091,-1.02399837798981,1.07297239526258
"1988-06-24",1988-06-24,-0.0136986301369863,40201600,-0.13944245050073,1.125,0.0347217777777777,1.085938,1.144531,0,-1.09374981250038,0.97789105418955
"1988-06-27",1988-06-27,-0.0138888888888889,17891200,-0.15139463868822,1.109375,0.0211263098591549,1.085938,1.144531,0,-1.08571412897988,0.881402940027981
"1988-06-28",1988-06-28,0.0211272112676057,31347200,-0.133465973936963,1.132813,0.0413792920808642,1.085938,1.144531,0,1.95866160994192,1.02560697568207
"1988-06-29",1988-06-29,0,34195200,-0.133465973936963,1.132813,0.0413792920808642,1.085938,1.144531,0,-1,1.02560697568207
"1988-06-30",1988-06-30,-0.0034489364087454,48016000,-0.136454594688868,1.128906,0.0380616278060352,1.085938,1.144531,0,-1.02239237959869,1.00178946588518
"1988-07-01",1988-07-01,0.00346087273874008,43708800,-0.133465973936963,1.132813,0.0413792920808642,1.085938,1.144531,0,1.08716559080805,1.02560697568207
"1988-07-05",1988-07-05,-0.00689699005925962,35849600,-0.139442450500729,1.125,0.0347217777777777,1.085938,1.144531,0,-1.04477902784862,0.97789105418955
"1988-07-06",1988-07-06,-0.0243057777777778,36272000,-0.160358971063848,1.097656,0.0106754757410336,1.085938,1.144531,0,-1.15000109714085,0.808075947002325
"1988-07-07",1988-07-07,-0.00355849191367784,44294400,-0.163346826875709,1.09375,0.00714239999999988,1.085938,1.144531,0,-1.0186322959797,0.783447762502653
"1988-07-08",1988-07-08,0,18553600,-0.163346826875709,1.09375,0.00714239999999988,1.085938,1.144531,0,-1,0.783447762502653
"1988-07-11",1988-07-11,-0.0107145142857143,48729600,-0.172311159251338,1.082031,0,1.082031,1.140625,2102,-1.05487913384721,0.722616028046293
"1988-07-12",1988-07-12,0.0324916753771381,123193600,-0.145418162124452,1.117188,0.0314691887130905,1.082031,1.117188,2102,-0.84392771052246,0.943037706914081
"1988-07-13",1988-07-13,0.013986007726542,67932800,-0.133465973936963,1.132813,0.0448282284896095,0,1.132813,0,1.42451173108769,1.03863288179889
"1988-07-14",1988-07-14,-0.0137930973602881,27072000,-0.145418162124453,1.117188,0.0314691887130905,1.082031,1.132813,2105,-1.08955232434849,0.943037706914081
"1988-07-15",1988-07-15,0.00349627815551184,34560000,-0.142430306312591,1.121094,0.0348436437979331,1.082031,1.132813,0,1.10723044421666,0.967066814617065
"1988-07-18",1988-07-18,-0.0104531823379663,21190400,-0.15139463868822,1.109375,0.0246481126760564,1.082031,1.132813,0,-1.06293837742618,0.894704047215282
"1988-07-19",1988-07-19,-0.0176054084507042,44617600,-0.166334682687571,1.089844,0.00716891591824154,1.082031,1.132813,0,-1.09868278116584,0.77226340568573
"1988-07-20",1988-07-20,-0.0322578277258029,63747200,-0.193226914874412,1.054688,0,1.054688,1.121094,2109,-1.16167543504654,0.643621626056836
"1988-07-21",1988-07-21,-0.0222226857610972,47116800,-0.211155579625669,1.03125,0,1.03125,1.054688,2110,-1.09278554575541,0.575908836903163
"1988-07-22",1988-07-22,0.0454545454545455,59980800,-0.175299015063199,1.078125,0.0434782608695652,1.03125,1.078125,2110,-0.830188884300215,0.875539756525677
"1988-07-25",1988-07-25,-0.0036229565217391,33161600,-0.178286870875061,1.074219,0.0400002234181298,1.03125,1.078125,2112,-1.0170443388446,0.851119440049121
"1988-07-26",1988-07-26,0.00363613006286424,65280000,-0.175299015063199,1.078125,0.00362295652173905,1.074219,1.078125,2112,-0.983241302081322,0.725014669610287
"1988-07-27",1988-07-27,-0.0217386666666666,39779200,-0.193226914874412,1.054688,0,0,1.078125,2114,-1.1022703966976,0.643621626056836
"1988-07-28",1988-07-28,0.00740692982189987,30339200,-0.187251203250689,1.0625,0.00735247058823518,1.054688,1.0625,2114,-0.969074123925195,0.693959361992068
"1988-07-29",1988-07-29,0.0220592941176471,37200000,-0.169322538499432,1.085938,0.0287769651674405,0,1.085938,0,3.9139177535082,0.84258795298001
"1988-08-01",1988-08-01,0.00719378086041738,24812800,-0.163346826875709,1.09375,0.0357138285714285,0,1.09375,0,1.24105611427839,0.891356028149751
"1988-08-02",1988-08-02,-0.0107145142857143,33936000,-0.172311159251338,1.082031,0.0252700708205217,1.054688,1.09375,2118,-1.05487913384721,0.818055761072057
"1988-08-03",1988-08-03,0.0036108022783082,27993600,-0.169322538499432,1.085938,0.0287769651674405,1.054688,1.09375,0,1.13877659353732,0.84258795298001
"1988-08-04",1988-08-04,-0.00719470172330287,27872000,-0.175299015063199,1.078125,0.0217386666666666,1.054688,1.09375,0,-1.0352964030467,0.793433889804951
"1988-08-05",1988-08-05,-0.0072459130434782,22700800,-0.181274726686922,1.070313,0.0145985333262326,1.054688,1.09375,0,-1.0340886776892,0.743898106914707
"1988-08-08",1988-08-08,-0.0218982671424154,27011200,-0.199203391438179,1.046875,0,1.046875,1.085938,2122,-1.09890327834956,0.621049733333155
"1988-08-09",1988-08-09,-0.0298507462686567,91609600,-0.223107767813159,1.015625,0,1.015625,1.046875,2123,-1.1199998464002,0.530767940473171
"1988-08-10",1988-08-10,-0.0384610461538462,75084800,-0.252987855811861,0.976563,0,0.976563,1.015625,2124,-1.13392670408377,0.417917143906879
"1988-08-11",1988-08-11,0.0319999836160085,68921600,-0.229083479436881,1.007813,0.0310077365543013,0.976563,1.007813,2124,-0.905511763407503,0.625308624329449
"1988-08-12",1988-08-12,-0.0155038682771507,43497600,-0.241035667624371,0.992188,0.0157480235600511,0.976563,1.007813,2126,-1.05217394207941,0.522535007177586
"1988-08-15",1988-08-15,-0.0472440706801534,52848000,-0.276892232186841,0.945313,0,0.945313,0.992188,2127,-1.1487604092617,0.327635351046896
"1988-08-16",1988-08-16,0.0413217632678277,60025600,-0.247012144188138,0.984375,0.0396820317460318,0.945313,0.984375,2127,-0.89208766254396,0.590356820420546
"1988-08-17",1988-08-17,-0.0119050158730159,52432000,-0.255976476563767,0.972656,0.0281116859403531,0.945313,0.984375,2129,-1.03629105931245,0.512801667634731
"1988-08-18",1988-08-18,-0.0120474247832738,37900800,-0.264940043999351,0.960938,0.016260154141058,0.945313,0.984375,0,-1.03501715296621,0.434187423614949
"1988-08-19",1988-08-19,-0.016260154141058,53440000,-0.276892232186841,0.945313,0,0.945313,0.972656,2131,-1.0451128036633,0.327635351046896
"1988-08-22",1988-08-22,-0.020661939484594,61158400,-0.291833041126236,0.925781,0,0.925781,0.945313,2132,-1.05395893131922,0.271207063746377
"1988-08-23",1988-08-23,-0.00421914037985222,88182400,-0.294820896938098,0.921875,0,0.921875,0.925781,2133,-1.01023823690536,0.259922561893223
"1988-08-24",1988-08-24,0.00847511864406775,62899200,-0.288844420374331,0.929688,0.00840389463992219,0.921875,0.929688,2133,-0.979728449964584,0.314234193951527
"1988-08-25",1988-08-25,-0.0294120177952172,90560000,-0.309760940937449,0.902344,0,0,0.929688,2135,-1.07241448713467,0.203497163610076
"1988-08-26",1988-08-26,-0.0303032989635882,84697600,-0.330677461500567,0.875,0,0.875,0.902344,2136,-1.06752471922321,0.124499872603248
"1988-08-29",1988-08-29,0.0446434285714285,52035200,-0.300796608561821,0.914063,0.0427355663668696,0.875,0.914063,2136,-0.909637467267495,0.398756787870249
"1988-08-30",1988-08-30,-0.0170940077434488,22707200,-0.312748796749311,0.898438,0.0260874985252182,0.875,0.914063,2138,-1.03973511617912,0.290739646989384
"1988-08-31",1988-08-31,-0.0260874985252182,47321600,-0.330677461500567,0.875,0,0.875,0.898438,2139,-1.05732608706286,0.124499872603248
"1988-09-01",1988-09-01,-0.0446422857142858,110915200,-0.36055754949927,0.835938,0,0.835938,0.875,2140,-1.09036021948128,0.0116490760369544
"1988-09-02",1988-09-02,0.0373831552100754,100108800,-0.33665317312429,0.867188,0.0360360152585137,0.835938,0.867188,2140,-0.933701634016047,0.238031305655188
"1988-09-06",1988-09-06,0.0180180076292569,56128000,-0.3247009849368,0.882813,0.0530973150599278,0,0.882813,0,1.47345134247004,0.347609136579131
"1988-09-07",1988-09-07,-0.048672821990614,64656000,-0.357569693687409,0.839844,0.00465086373183599,0.835938,0.882813,2143,-1.1012276225679,0.0404989102573291
"1988-09-08",1988-09-08,-0.0139537818928278,147145600,-0.366534026063037,0.828125,0,0.828125,0.839844,2144,-1.02507016823262,-0.0109228166867269
"1988-09-09",1988-09-09,0.0566037735849057,85232000,-0.330677461500567,0.875,0.0535714285714286,0.828125,0.875,2144,-0.902173981096361,0.326827870691556
"1988-09-12",1988-09-12,0,52812800,-0.330677461500567,0.875,0.0535714285714286,0,0.875,0,-1,0.326827870691556
"1988-09-13",1988-09-13,0,53014400,-0.330677461500567,0.875,0.0535714285714286,0,0.875,0,-1,0.326827870691556
"1988-09-14",1988-09-14,0.0267862857142857,67120000,-0.312748796749311,0.898438,0.0782613825327958,0,0.898438,0,1.46087914061219,0.487789413725953
"1988-09-15",1988-09-15,-0.0260874985252182,42880000,-0.330677461500567,0.875,0.0535714285714286,0.828125,0.898438,2149,-1.05732608706286,0.326827870691556
"1988-09-16",1988-09-16,0.0267862857142857,40243200,-0.312748796749311,0.898438,0.0260874985252182,0.875,0.898438,2149,-0.945782017710251,0.290739646989384
"1988-09-19",1988-09-19,0.0086950908131669,43504000,-0.306773085125588,0.90625,0.0344827586206896,0,0.90625,0,1.32181161744411,0.345015779175245
"1988-09-20",1988-09-20,-0.00862013793103453,37465600,-0.312748796749311,0.898438,0.0260874985252182,0.875,0.90625,2152,-1.01947925653672,0.290739646989384
"1988-09-21",1988-09-21,-0.00869620385602564,32585600,-0.318725273313078,0.890625,0.0175438596491229,0.875,0.90625,0,-1.01910951097458,0.235900230395492
"1988-09-22",1988-09-22,-0.0175438596491228,47120000,-0.330677461500567,0.875,0,0.875,0.898438,2154,-1.03749997000002,0.124499872603248
"1988-09-23",1988-09-23,0.0223211428571428,57932800,-0.315737417501216,0.894531,0.0218337877614079,0.875,0.894531,2154,-0.954819890259362,0.263386886830806
"1988-09-26",1988-09-26,-0.0393010415513828,45766400,-0.342629649688057,0.859375,0,0,0.894531,2156,-1.0851727755287,0.079358976173256
"1988-09-27",1988-09-27,-0.0045451636363636,46422400,-0.345617505499919,0.855469,0,0.855469,0.859375,2157,-1.00872036560345,0.068074474320101
"1988-09-28",1988-09-28,-0.00456591647388751,36822400,-0.34860536131178,0.851563,0,0.851563,0.855469,2158,-1.00864497823263,0.0567899724669461
"1988-09-29",1988-09-29,0.0183486130797134,44147200,-0.33665317312429,0.867188,0.0180180076292569,0.851563,0.867188,2158,-0.965714273175506,0.169981087276063
"1988-09-30",1988-09-30,-0.00900958039087252,63376000,-0.342629649688057,0.859375,0.00909032727272729,0.851563,0.867188,2160,-1.0177526221075,0.113691226929014
"1988-10-03",1988-10-03,-0.0409088,66560000,-0.369521881874898,0.824219,0,0.824219,0.859375,2161,-1.078487755544,-0.0222073185398818
"1988-10-04",1988-10-04,-0.0331756487050165,70928000,-0.390438402438017,0.796875,0,0.796875,0.824219,2162,-1.0566042813405,-0.10120460954671
"1988-10-05",1988-10-05,-0.0196078431372549,124480000,-0.402390590625507,0.78125,0,0.78125,0.796875,2163,-1.0306122249063,-0.146345505976702
"1988-10-06",1988-10-06,0.0649996799999999,63724800,-0.363546170251176,0.832031,0.06103258171871,0.78125,0.832031,2163,-0.903465882952312,0.230868886609504
"1988-10-07",1988-10-07,-0.0657271183405425,248700800,-0.405378446437368,0.777344,0,0,0.832031,2165,-1.1150672998626,-0.157630007829857
"1988-10-10",1988-10-10,-0.00502480240408375,78720000,-0.40836630224923,0.773438,0,0.773438,0.777344,2166,-1.00737053446753,-0.168914509683012
"1988-10-11",1988-10-11,0.0202020071421368,126844800,-0.39641411406174,0.789063,0.0198019676502383,0.773438,0.789063,2166,-0.970731698179652,-0.0489857537592206
"1988-10-12",1988-10-12,-0.0198019676502383,54320000,-0.40836630224923,0.773438,0,0,0.789063,2168,-1.03015076346557,-0.168914509683012
"1988-10-13",1988-10-13,0.0202020071421368,75907200,-0.39641411406174,0.789063,0.0198019676502383,0.773438,0.789063,2168,-0.970731698179652,-0.0489857537592206
"1988-10-14",1988-10-14,0.0198019676502383,56496000,-0.38446192587425,0.804688,0.0388349273258703,0,0.804688,0,1.96116507267413,0.0680386210762719
"1988-10-17",1988-10-17,0,20390400,-0.38446192587425,0.804688,0.0388349273258703,0,0.804688,0,-1,0.0680386210762719
"1988-10-18",1988-10-18,0.0388349273258704,52051200,-0.36055754949927,0.835938,0.0747663104201508,0,0.835938,0,1.92523368957985,0.294025677056438
"1988-10-19",1988-10-19,-0.0140189822690199,80624000,-0.369521881874899,0.824219,0.0616110524023349,0.773438,0.835938,2173,-1.02486241763091,0.210484644790112
"1988-10-20",1988-10-20,0.0426537121808645,59894400,-0.342629649688057,0.859375,0.0409088,0.824219,0.859375,2173,-0.927224249751073,0.233862894192895
"1988-10-21",1988-10-21,0.00909149090909086,49564800,-0.336653173124291,0.867188,0.0495498092685783,0,0.867188,0,1.21122617306248,0.289070058243024
"1988-10-24",1988-10-24,-0.0270275880201294,24524800,-0.354581837875547,0.84375,0.0231478518518519,0.824219,0.867188,2176,-1.0532555941323,0.121642638880889
"1988-10-25",1988-10-25,-0.00925866666666672,33340800,-0.36055754949927,0.835938,0.0140189822690199,0.824219,0.867188,0,-1.01685284181369,0.0645958182345108
"1988-10-26",1988-10-26,-0.0280379645380399,78489600,-0.378486214250527,0.8125,0,0.8125,0.84375,2178,-1.04972483526182,-0.0560637131167189
"1988-10-27",1988-10-27,-0.0384615384615385,102595200,-0.402390590625507,0.78125,0,0.78125,0.8125,2179,-1.06315785218839,-0.146345505976703
"1988-10-28",1988-10-28,-0.00499967999999996,64320000,-0.405378446437368,0.777344,0,0.777344,0.78125,2180,-1.00742526262162,-0.157630007829857
"1988-10-31",1988-10-31,-0.00502480240408375,49315200,-0.40836630224923,0.773438,0,0.773438,0.777344,2181,-1.00737053446753,-0.168914509683012
"1988-11-01",1988-11-01,-0.00505147148187701,38732800,-0.411354923001135,0.769531,0,0.769531,0.773438,2182,-1.00731848033357,-0.180201900553539
"1988-11-02",1988-11-02,0.0050771184006882,42425600,-0.40836630224923,0.773438,0.00505147148187701,0.769531,0.773438,2182,-0.99273469068973,-0.149836166252883
"1988-11-03",1988-11-03,0.0101003571068399,51417600,-0.402390590625507,0.78125,0.0150003200000001,0,0.78125,0,2.96949513697468,-0.0896924579394009
"1988-11-04",1988-11-04,-0.00999936000000005,43500800,-0.40836630224923,0.773438,0.00505147148187701,0.769531,0.78125,2185,-1.01485052524323,-0.149836166252883
"1988-11-07",1988-11-07,-0.0101016500352969,22777600,-0.414342778812997,0.765625,0,0.765625,0.773438,2186,-1.01463508749583,-0.191486402406694
"1988-11-08",1988-11-08,0.0153064489795919,4e+07,-0.405378446437368,0.777344,0.0150756936439981,0.765625,0.777344,2186,-0.978364936390808,-0.100692289420579
"1988-11-09",1988-11-09,0.0150756936439979,52675200,-0.39641411406174,0.789063,0.0297035851383223,0,0.789063,0,1.97029641486167,-0.0115894308008163
"1988-11-10",1988-11-10,-0.0198019676502383,65766400,-0.40836630224923,0.773438,0.0101016500352969,0.765625,0.789063,2189,-1.03015076346557,-0.130762705941113
"1988-11-11",1988-11-11,-0.0303036571774337,74636800,-0.426294967000486,0.75,0,0.75,0.773438,2190,-1.04390338931618,-0.236627298836685
"1988-11-14",1988-11-14,-0.0104160000000001,34243200,-0.432270678624209,0.742188,0,0.742188,0.75,2191,-1.01401778600805,-0.259196302542995
"1988-11-15",1988-11-15,-0.0736848345702167,87555200,-0.474103719750446,0.6875,0,0.6875,0.742188,2192,-1.09677510688298,-0.417190884556652
"1988-11-16",1988-11-16,0.0340916363636363,118083200,-0.456175054999189,0.710938,0.0329677130776523,0.6875,0.710938,2192,-0.962184087564861,-0.224965989483358
"1988-11-17",1988-11-17,0.0219780065209624,58249600,-0.444222866811699,0.726563,0.053764092033313,0,0.726563,0,1.63081048135419,-0.101281551583786
"1988-11-18",1988-11-18,-0.0053773726435285,32960000,-0.447211487563605,0.722656,0.0486483195323916,0.6875,0.726563,2195,-1.00672775080976,-0.131890137284996
"1988-11-21",1988-11-21,-0.145944958597175,424342400,-0.527888184124128,0.617188,0,0.617188,0.722656,2196,-1.18039942802017,-0.620323473982928
"1988-11-22",1988-11-22,0.0189861112011251,154864000,-0.518924616688544,0.628906,0.0186323552327375,0.617188,0.628906,2196,-0.983019950616139,-0.516099488590476
"1988-11-23",1988-11-23,0.0310571055133835,117440000,-0.503983807749149,0.648438,0.0481927339236751,0,0.648438,0,2.58650789563088,-0.348027879415591
"1988-11-25",1988-11-25,-0.0240963669618375,23248000,-0.515935995936638,0.632813,0.0246913385154857,0.617188,0.648438,2199,-1.02371542101892,-0.481928594503036
"1988-11-28",1988-11-28,0,42048000,-0.515935995936638,0.632813,0.0246913385154857,0.617188,0.648438,0,-1,-0.481928594503036
"1988-11-29",1988-11-29,0.00617243956745528,40339200,-0.512948140124777,0.636719,0.0306744419437776,0.617188,0.648438,0,1.24231588030513,-0.448047171655184
"1988-11-30",1988-11-30,-0.0184052933868787,87715200,-0.521912472500405,0.625,0.0124992,0.617188,0.648438,0,-1.01747609879909,-0.55054762548745
"1988-12-01",1988-12-01,0.0375007999999999,64003200,-0.503983807749149,0.648438,0.036145321526499,0.625,0.648438,2199,2.89181079801098,-0.393528417621602
"1988-12-02",1988-12-02,0.0240963669618375,84659200,-0.492031619561659,0.664063,0.0588242380617501,0,0.664063,0,1.62743712263355,-0.262734031939013
"1988-12-05",1988-12-05,0.0117639440836186,77708800,-0.486055907937936,0.671875,0.0697674418604651,0,0.671875,0,1.1860322234387,-0.19883485324373
"1988-12-06",1988-12-06,0.0116286511627906,45344000,-0.480079431374169,0.679688,0.0804604465578324,0,0.679688,0,1.15326640066226,-0.135877734819328
"1988-12-07",1988-12-07,-0.0229884888360542,54060800,-0.492031619561659,0.664063,0.0588242380617501,0.625,0.679688,2207,-1.02489627217162,-0.262734031939013
"1988-12-08",1988-12-08,0.0176459161254279,19161600,-0.483068052126074,0.675781,0.0751441665273217,0.625,0.679688,0,1.27743544163615,-0.167243595212389
"1988-12-09",1988-12-09,0.0173414168199462,39507200,-0.474103719750446,0.6875,0.0340901818181819,0.664063,0.6875,2207,-0.981442920234169,-0.288439450710854
"1988-12-12",1988-12-12,-0.0227272727272727,25699200,-0.486055907937936,0.671875,0.0116271627906978,0.664063,0.6875,2210,-1.02521007047526,-0.41841843699672
"1988-12-13",1988-12-13,-0.0116271627906977,42473600,-0.492031619561659,0.664063,0,0.664063,0.671875,2211,-1.0122942886325,-0.484900784692953
"1988-12-14",1988-12-14,0,27875200,-0.492031619561659,0.664063,0,0.664063,0.664063,2211,-1,-0.484900784692953
"1988-12-15",1988-12-15,0.0529407601387219,74073600,-0.465139387374818,0.699219,0.0502789540902064,0,0.699219,0,-0.945344504056876,-0.193441474274967
"1988-12-16",1988-12-16,0.0167601280857642,87276800,-0.456175054999189,0.710938,0.0659340195628874,0,0.710938,0,1.31136418320464,-0.100459195966924
"1988-12-19",1988-12-19,0.0219780065209624,83196800,-0.444222866811699,0.726563,0.0860214461787897,0,0.726563,0,1.3046595179404,0.0205476783233048
"1988-12-20",1988-12-20,0,75488000,-0.444222866811699,0.726563,0.0860214461787897,0,0.726563,0,-1,0.0205476783233048
"1988-12-21",1988-12-21,-0.0215053615446974,39958400,-0.456175054999189,0.710938,0.0659340195628874,0.664063,0.726563,2217,-1.02690583731827,-0.100459195966924
"1988-12-22",1988-12-22,-0.0219780065209624,37427200,-0.468127243186679,0.695313,0.0449437879055907,0.664063,0.726563,0,-1.02620088068496,-0.224875774675355
"1988-12-23",1988-12-23,0.0224718939527954,19171200,-0.456175054999189,0.710938,0.0659340195628874,0.664063,0.726563,0,1.46703299021856,-0.100459195966925
"1988-12-27",1988-12-27,0.0109882999642726,20723200,-0.450199343375466,0.71875,0.0760862608695653,0.664063,0.726563,0,1.15397576810852,-0.0395473159464091
"1988-12-28",1988-12-28,-0.0108688695652174,24828800,-0.456175054999189,0.710938,0.0659340195628874,0.664063,0.726563,0,-1.01327347920794,-0.100459195966925
"1988-12-29",1988-12-29,0.0439560130419249,63862400,-0.43227067862421,0.742188,0.0631578521883943,0.695313,0.742188,2217,-0.947598238630075,-0.0206624023354075
"1988-12-30",1988-12-30,0,49161600,-0.43227067862421,0.742188,0.0631578521883943,0,0.742188,0,-1,-0.0206624023354075
"1989-01-03",1989-01-03,0,44566400,-0.43227067862421,0.742188,0.0631578521883943,0,0.742188,0,-1,-0.0206624023354075
"1989-01-04",1989-01-04,0.0263154349032861,50691200,-0.417330634624858,0.761719,0.0871791303617214,0,0.761719,0,1.38033716063798,0.126486302268596
"1989-01-05",1989-01-05,0.00512787524008193,64220800,-0.414342778812997,0.765625,0.0918360816326531,0,0.765625,0,1.05341818909651,0.155359127841476
"1989-01-06",1989-01-06,-0.0102034285714286,30704000,-0.42031849043672,0.757813,0.0824741723881749,0.695313,0.765625,2227,-1.01442214497099,0.0974321654950654
"1989-01-09",1989-01-09,-0.0206185430970437,34140800,-0.43227067862421,0.742188,0.0631578521883943,0.695313,0.765625,0,-1.02843602758249,-0.0206624023354075
"1989-01-10",1989-01-10,0.00526281750715462,27744000,-0.429282822812348,0.746094,0.0680624693403246,0.695313,0.765625,0,1.07765649055481,0.00914580508622046
"1989-01-11",1989-01-11,0.00523526526148175,71020800,-0.426294967000487,0.75,0.0729160000000001,0.695313,0.765625,0,1.07130994080463,0.0387610695906464
"1989-01-12",1989-01-12,0.0208333333333333,117664000,-0.414342778812997,0.765625,0.0306115918367348,0.742188,0.765625,2227,-0.971962633592444,-0.0758728699737331
"1989-01-13",1989-01-13,-0.0204081632653061,67603200,-0.426294967000487,0.75,0.0104160000000001,0.742188,0.765625,2232,-1.02884613609469,-0.19728826151238
"1989-01-16",1989-01-16,0,69907200,-0.426294967000487,0.75,0.0104160000000001,0.742188,0.765625,0,-1,-0.19728826151238
"1989-01-17",1989-01-17,-0.0312493333333334,80816000,-0.4442228668117,0.726563,0,0.726563,0.75,2234,-1.04205515241561,-0.304337198972988
"1989-01-18",1989-01-18,0.0322573541454768,59190400,-0.426294967000487,0.75,0.0312493333333334,0.726563,0.75,2234,-0.959642105009393,-0.118605151144705
"1989-01-19",1989-01-19,0.0104173333333333,84326400,-0.42031849043672,0.757813,0.0412370861940875,0,0.757813,0,1.31961490999555,-0.0583116203089696
"1989-01-20",1989-01-20,-0.0103099313419009,46041600,-0.426294967000487,0.75,0.0312493333333334,0.726563,0.757813,2237,-1.01421892374413,-0.118605151144705
"1989-01-23",1989-01-23,-0.0208333333333333,38979200,-0.438247155187977,0.734375,0.0106376170212766,0.726563,0.757813,0,-1.02803736640756,-0.241592157148238
"1989-01-24",1989-01-24,-0.0106376170212767,69673600,-0.4442228668117,0.726563,0,0.726563,0.75,2239,-1.01363548297572,-0.304337198972988
"1989-01-25",1989-01-25,0.0645160846340923,61827200,-0.40836630224923,0.773438,0.0606060214264104,0.726563,0.773438,2239,-0.919282488045198,0.0599816634133039
"1989-01-26",1989-01-26,0.0404040142842736,115187200,-0.38446192587425,0.804688,0.097087318314676,0,0.804688,0,1.60194178779022,0.288045627925223
"1989-01-27",1989-01-27,-0.00970935319030476,120694400,-0.390438402438017,0.796875,0.0882346666666667,0.726563,0.804688,2242,-1.01554504142426,0.23203913520153
"1989-01-30",1989-01-30,0.00980454901960779,43878400,-0.38446192587425,0.804688,0.00970935319030475,0.796875,0.804688,2242,-0.984692907955652,-0.041962535606799
"1989-01-31",1989-01-31,0.00970811047263044,34124800,-0.378486214250527,0.8125,0.0192307692307693,0,0.8125,0,1.98064370034166,0.0165668502995957
"1989-02-01",1989-02-01,0.0288467692307692,133936000,-0.360557549499271,0.835938,0.0467295421430776,0,0.835938,0,2.42993619144003,0.188136710686939
"1989-02-02",1989-02-02,0,48985600,-0.360557549499271,0.835938,0.0467295421430776,0,0.835938,0,-1,0.188136710686939
"1989-02-03",1989-02-03,0.0186915776050377,54441600,-0.348605361311781,0.851563,0.0642207329346155,0,0.851563,0,1.37430691569763,0.299338149301537
"1989-02-06",1989-02-06,-0.00917489369547521,45238400,-0.354581837875548,0.84375,0.0555555555555556,0.796875,0.851563,2248,-1.01714396055551,0.244039707390397
"1989-02-07",1989-02-07,0.0185185185185185,78790400,-0.342629649688058,0.859375,0.0181818181818182,0.84375,0.859375,2248,-0.966292159070807,0.148027872494135
"1989-02-08",1989-02-08,-0.0454539636363637,49440000,-0.37250973768676,0.820313,0,0,0.859375,2250,-1.08720812114744,-0.0334918203930389
"1989-02-09",1989-02-09,-0.00952441324226235,34800000,-0.378486214250527,0.8125,0,0.8125,0.820313,2251,-1.01604381297756,-0.0560637131167202
"1989-02-10",1989-02-10,-0.0480763076923077,77539200,-0.40836630224923,0.773438,0,0.773438,0.8125,2252,-1.07894630470986,-0.168914509683013
"1989-02-13",1989-02-13,0.0252521856955568,43795200,-0.393426258249879,0.792969,0.0246302188357932,0.773438,0.792969,2252,-0.963415091017394,-0.0194659645021046
"1989-02-14",1989-02-14,0.034483063020118,44992000,-0.37250973768676,0.820313,0.0571428223129464,0,0.820313,0,2.32002901370512,0.182324579355922
"1989-02-15",1989-02-15,0,42214400,-0.37250973768676,0.820313,0.0571428223129464,0,0.820313,0,-1,0.182324579355922
"1989-02-16",1989-02-16,0,35644800,-0.37250973768676,0.820313,0.0571428223129464,0,0.820313,0,-1,0.182324579355922
"1989-02-17",1989-02-17,0.0190476074376488,34176000,-0.360557549499271,0.835938,0.0747663104201508,0,0.835938,0,1.30841122985995,0.294025677056438
"1989-02-21",1989-02-21,-0.0280379645380399,26246400,-0.378486214250527,0.8125,0.0480763076923078,0.773438,0.835938,2258,-1.04972483526182,0.12551037124604
"1989-02-22",1989-02-22,-0.0288455384615385,39158400,-0.39641411406174,0.789063,0.0198019676502383,0.773438,0.835938,0,-1.04736737861566,-0.0489857537592214
"1989-02-23",1989-02-23,0.0148505252432315,35033600,-0.387450546626156,0.800781,0.0341454155380809,0.773438,0.835938,0,1.72434457732638,0.0390399322744255
"1989-02-24",1989-02-24,-0.0243899393217371,48790400,-0.402390590625507,0.78125,0.00999936000000001,0.773438,0.835938,0,-1.0385598733295,-0.108580030145369
"1989-02-27",1989-02-27,0.02,49667200,-0.390438402438017,0.796875,0.029411137254902,0.773438,0.835938,0,2.9413019688162,0.00987505886927055
"1989-02-28",1989-02-28,0.00980454901960779,56684800,-0.38446192587425,0.804688,0.0388349273258703,0.773438,0.835938,0,1.32041569794781,0.0680386210762707
"1989-03-01",1989-03-01,0.00485405523631529,34886400,-0.381474070062389,0.808594,0.043477938248367,0.773438,0.835938,0,1.11955760554246,0.096858796890376
"1989-03-02",1989-03-02,0.024154272725249,43878400,-0.366534026063037,0.828125,0.0660371320754718,0.773438,0.835938,0,1.5188653081532,0.238485516983308
"1989-03-03",1989-03-03,-0.00943335849056609,21984000,-0.37250973768676,0.820313,0.0571428223129464,0.773438,0.835938,0,-1.01630329300641,0.182324579355922
"1989-03-06",1989-03-06,0.0285708016330352,41539200,-0.354581837875548,0.84375,0.0740740740740741,0.78125,0.84375,2258,1.29629708641975,0.313980249939442
"1989-03-07",1989-03-07,0,32435200,-0.354581837875548,0.84375,0.0740740740740741,0,0.84375,0,-1,0.313980249939442
"1989-03-08",1989-03-08,-0.0185185185185185,33587200,-0.366534026063037,0.828125,0.0566037735849056,0.78125,0.84375,2269,-1.03370784092919,0.202857709595258
"1989-03-09",1989-03-09,0.0188679245283019,41462400,-0.354581837875548,0.84375,0.0185185185185185,0.828125,0.84375,2269,-0.967391327032121,0.104158622292308
"1989-03-10",1989-03-10,-0.0231478518518518,31459200,-0.369521881874899,0.824219,0,0,0.84375,2271,-1.04213426183604,-0.0222073185398835
"1989-03-13",1989-03-13,0.0142183084835461,47977600,-0.360557549499271,0.835938,0.0140189822690199,0.824219,0.835938,2271,-0.975740726556856,0.0645958182345099
"1989-03-14",1989-03-14,-0.0373831552100754,44409600,-0.38446192587425,0.804688,0,0,0.835938,2273,-1.06629836598395,-0.0786327168230305
"1989-03-15",1989-03-15,-0.02912681685324,41750400,-0.402390590625507,0.78125,0,0.78125,0.804688,2274,-1.04663313463482,-0.146345505976703
"1989-03-16",1989-03-16,0.0300006399999999,58796800,-0.38446192587425,0.804688,0.0291268168532399,0.78125,0.804688,2274,-0.955444622292517,0.0313731333428516
"1989-03-17",1989-03-17,-0.0485442805161752,42918400,-0.414342778812997,0.765625,0,0,0.804688,2276,-1.07772122784538,-0.191486402406695
"1989-03-20",1989-03-20,-0.035714612244898,69856000,-0.435259299376115,0.738281,0,0.738281,0.765625,2277,-1.05048119970388,-0.270483693413523
"1989-03-21",1989-03-21,0.0264560512867052,56374400,-0.42031849043672,0.757813,0.0257741685613733,0.738281,0.757813,2277,-0.965673774320707,-0.116711802134624
"1989-03-22",1989-03-22,-0.036082780316516,42224000,-0.441235010999838,0.730469,0,0,0.757813,2279,-1.0497635032458,-0.293052697119833
"1989-03-23",1989-03-23,0.0320848660244308,44822400,-0.423307111188625,0.753906,0.0310874299979041,0.730469,0.753906,2279,-0.959368818511051,-0.107932124076053
"1989-03-27",1989-03-27,0.0051823436874093,23926400,-0.42031849043672,0.757813,0.036082780316516,0,0.757813,0,1.16068714329067,-0.0777783475841883
"1989-03-28",1989-03-28,0.0103086117551428,18652800,-0.414342778812997,0.765625,0.0459180408163264,0,0.765625,0,1.2725749072975,-0.0180636372826106
"1989-03-29",1989-03-29,0,15152000,-0.414342778812997,0.765625,0.0459180408163264,0,0.765625,0,-1,-0.0180636372826106
"1989-03-30",1989-03-30,0.0306128979591836,43363200,-0.39641411406174,0.789063,0.074257695519876,0,0.789063,0,1.61717909126195,0.15668205645448
"1989-03-31",1989-03-31,0.0396039353004766,43219200,-0.372509737686761,0.820313,0.1095240475282,0,0.820313,0,1.47491848166611,0.380157430146601
"1989-04-03",1989-04-03,-0.0142860103399555,37027200,-0.381474070062389,0.808594,0.0966183276155895,0.730469,0.820313,2286,-1.02406469272802,0.297558850725371
"1989-04-04",1989-04-04,-0.0193236655231179,81356800,-0.393426258249879,0.792969,0.0788177091412149,0.730469,0.820313,0,-1.03133158745373,0.185188768949839
"1989-04-05",1989-04-05,0,44172800,-0.393426258249879,0.792969,0.0788177091412149,0.730469,0.820313,0,-1,0.185188768949839
"1989-04-06",1989-04-06,0.00492579155048932,27088000,-0.390438402438017,0.796875,0.0833330196078431,0.730469,0.820313,0,1.05728801960659,0.213526647048915
"1989-04-07",1989-04-07,0.0392156862745098,38502400,-0.366534026063038,0.828125,0.0424525283018867,0.792969,0.828125,2286,-0.938775550187396,0.149411437861953
"1989-04-10",1989-04-10,0.00471667924528298,43270400,-0.363546170251176,0.832031,0.0469477699749167,0,0.832031,0,1.10588866795079,0.177673520356151
"1989-04-11",1989-04-11,0.0422544352313796,127552000,-0.336653173124291,0.867188,0.0855858245270921,0,0.867188,0,1.82300084908866,0.425170495001272
"1989-04-12",1989-04-12,0.0450444424968981,118192000,-0.306773085125588,0.90625,0.124999724137931,0,0.90625,0,1.46051901501939,0.686879285796371
"1989-04-13",1989-04-13,-0.0172413793103448,161065600,-0.318725273313078,0.890625,0.109648842105263,0.792969,0.90625,2294,-1.03896100657786,0.583761342395936
"1989-04-14",1989-04-14,0.0350877192982456,82412800,-0.294820896938098,0.921875,0.0338983050847458,0.890625,0.921875,2294,-0.925000059999952,0.387949317745709
"1989-04-17",1989-04-17,-0.0127121355932204,37596800,-0.303785229313727,0.910156,0.0214589586840058,0.890625,0.921875,2296,-1.03040602775695,0.307112132812816
"1989-04-18",1989-04-18,0.00858424270125129,82780800,-0.29780875274996,0.917969,0.0297874982706388,0.890625,0.921875,0,1.3881148060013,0.361139164712335
"1989-04-19",1989-04-19,0.00425504564968966,52748800,-0.294820896938098,0.921875,0.0127121355932204,0.910156,0.921875,2296,-0.989967199471904,0.307933619551951
"1989-04-20",1989-04-20,-0.0169491525423729,33891200,-0.306773085125588,0.90625,0,0,0.921875,2299,-1.04054050547848,0.214781665463229
"1989-04-21",1989-04-21,0,24665600,-0.306773085125588,0.90625,0,0.90625,0.90625,2299,-1,0.214781665463229
"1989-04-24",1989-04-24,-0.00862013793103453,12806400,-0.312748796749311,0.898438,0,0,0.90625,2301,-1.01947925653672,0.192212661756919
"1989-04-25",1989-04-25,-0.00869620385602564,40572800,-0.318725273313078,0.890625,0,0.890625,0.898438,2302,-1.01910951097458,0.169640769033237
"1989-04-26",1989-04-26,-0.00877136842105268,40128000,-0.324700984936801,0.882813,0,0.882813,0.890625,2303,-1.01874878500097,0.147071765326927
"1989-04-27",1989-04-27,0.0265480911586033,33049600,-0.306773085125588,0.90625,0.0258615172413793,0.882813,0.90625,2303,-0.944786432308783,0.31245516700142
"1989-04-28",1989-04-28,0,21404800,-0.306773085125588,0.90625,0.0258615172413793,0,0.90625,0,-1,0.31245516700142
"1989-05-01",1989-05-01,0,29603200,-0.306773085125588,0.90625,0.0258615172413793,0,0.90625,0,-1,0.31245516700142
"1989-05-02",1989-05-02,0.0086212413793103,33100800,-0.300796608561821,0.914063,0.0341880154868975,0,0.914063,0,1.32196480074245,0.366474489185663
"1989-05-03",1989-05-03,0.00854645686347663,64163200,-0.294820896938098,0.921875,0.0423723389830509,0,0.921875,0,1.23939159321166,0.419953958280738
"1989-05-04",1989-05-04,0,28188800,-0.294820896938098,0.921875,0.0423723389830509,0,0.921875,0,-1,0.419953958280738
"1989-05-05",1989-05-05,-0.00847403389830513,53235200,-0.300796608561821,0.914063,0.0341880154868975,0.882813,0.921875,2310,-1.02026895544307,0.366474489185663
"1989-05-08",1989-05-08,0,27270400,-0.300796608561821,0.914063,0.0341880154868975,0.882813,0.921875,0,-1,0.366474489185663
"1989-05-09",1989-05-09,0,25977600,-0.300796608561821,0.914063,0.0341880154868975,0.882813,0.921875,0,-1,0.366474489185663
"1989-05-10",1989-05-10,0,19606400,-0.300796608561821,0.914063,0.0341880154868975,0.882813,0.921875,0,-1,0.366474489185663
"1989-05-11",1989-05-11,0.0170940077434488,26608000,-0.288844420374331,0.929688,0.0168067136501708,0.914063,0.929688,2310,-0.960264883820878,0.345969870859508
"1989-05-12",1989-05-12,0.0252095326604195,78608000,-0.270916520563119,0.953125,0.0409830819672131,0,0.953125,0,2.4384946885078,0.504988820111622
"1989-05-15",1989-05-15,0.0163934426229508,47436800,-0.258964332375629,0.96875,0.0564510967741936,0,0.96875,0,1.37742439232254,0.608549149320484
"1989-05-16",1989-05-16,-0.00806400000000004,58028800,-0.264940043999352,0.960938,0.048780462423174,0.914063,0.96875,2317,-1.02307542343343,0.557009775891069
"1989-05-17",1989-05-17,0.0243897108866545,76912000,-0.247012144188139,0.984375,0.0238090158730159,0.960938,0.984375,2317,-0.932332238114761,0.530407783949934
"1989-05-18",1989-05-18,0.0198410158730158,49897600,-0.232072100188788,1.003906,0.0428008199970914,0,1.003906,0,1.7976727902307,0.658561224791924
"1989-05-19",1989-05-19,0.0194560048450752,56064000,-0.217131291249392,1.023438,0.0610686724549998,0,1.023438,0,1.42681080547405,0.783983341746491
"1989-05-22",1989-05-22,-0.0152671681137499,34793600,-0.229083479436882,1.007813,0.046511604831452,0.960938,1.023438,2321,-1.05504590388016,0.683863468110739
"1989-05-23",1989-05-23,-0.0310077365543014,28576000,-0.252987855811862,0.976563,0.0159999918080042,0.960938,1.023438,0,-1.10434788415882,0.478345741729808
"1989-05-24",1989-05-24,0.0159999918080042,87641600,-0.241035667624372,0.992188,0.0314960471201022,0.960938,1.023438,0,1.9685039528799,0.5820119740183
"1989-05-25",1989-05-25,0,39852800,-0.241035667624372,0.992188,0.0314960471201022,0.960938,1.023438,0,-1,0.5820119740183
"1989-05-26",1989-05-26,0.0157480235600512,24819200,-0.229083479436882,1.007813,0.046511604831452,0.960938,1.023438,0,1.47674419758428,0.68386346811074
"1989-05-30",1989-05-30,0.00387571900739519,29257600,-0.226095623625021,1.011719,0.0501927906859514,0.960938,1.023438,0,1.07914553513772,0.709051033301823
"1989-05-31",1989-05-31,0.00386075580274757,22540800,-0.223107767813159,1.015625,0.0538456615384616,0.960938,1.023438,0,1.07277680325379,0.73413165869643
"1989-06-01",1989-06-01,0.019230523076923,46771200,-0.208167723813808,1.035156,0.0566030627267774,0.976563,1.035156,2321,1.05120934741133,0.80097118027693
"1989-06-02",1989-06-02,0.00377431034549392,31392000,-0.205179103061902,1.039063,0.0601503469953218,0,1.039063,0,1.0626694757785,0.825655916408612
"1989-06-05",1989-06-05,-0.067669621572513,75065600,-0.258964332375629,0.96875,0,0,1.039063,2330,-1.2621379492896,0.395345251183194
"1989-06-06",1989-06-06,0.0282260645161291,67635200,-0.238047811812511,0.996094,0.02745122448283,0.96875,0.996094,2330,-0.919230110296507,0.578020033024119
"1989-06-07",1989-06-07,0.0117649539099724,32806400,-0.229083479436882,1.007813,0.0387601668166615,0,1.007813,0,1.41196495044893,0.654587919975093
"1989-06-08",1989-06-08,-0.0232562985395109,27494400,-0.247012144188139,0.984375,0.0158730158730159,0.96875,1.007813,2333,-1.07826258268526,0.500435184083796
"1989-06-09",1989-06-09,-0.00793600000000004,36960000,-0.252987855811862,0.976563,0.00800050790373996,0.96875,1.007813,0,-1.02419197502764,0.448133376533473
"1989-06-12",1989-06-12,0.0279992176644006,41660800,-0.232072100188788,1.003906,0.0350192149464192,0.96875,1.007813,0,4.37712397359785,0.629171742118018
"1989-06-13",1989-06-13,-0.0428008199970914,67212800,-0.264940043999352,0.960938,0,0.960938,1.003906,2336,-1.14162815686947,0.372776247476885
"1989-06-14",1989-06-14,-0.016260154141058,55292800,-0.276892232186842,0.945313,0,0.945313,0.960938,2337,-1.0451128036633,0.327635351046893
"1989-06-15",1989-06-15,-0.0165289168772671,43859200,-0.288844420374332,0.929688,0,0.929688,0.945313,2338,-1.04316548750066,0.282494454616901
"1989-06-16",1989-06-16,0.0168067136501708,54291200,-0.276892232186842,0.945313,0.0165289168772671,0.929688,0.945313,2338,-0.958620671391192,0.390061587410676
"1989-06-19",1989-06-19,0,16083200,-0.276892232186842,0.945313,0.0165289168772671,0,0.945313,0,-1,0.390061587410676
"1989-06-20",1989-06-20,-0.0330578337545342,37728000,-0.300796608561821,0.914063,0,0,0.945313,2341,-1.08633097500131,0.23735355818691
"1989-06-21",1989-06-21,0.0170940077434488,31430400,-0.288844420374332,0.929688,0.0168067136501708,0.914063,0.929688,2341,-0.960264883820878,0.345969870859508
"1989-06-22",1989-06-22,0.0252095326604195,35030400,-0.270916520563119,0.953125,0.0409830819672131,0,0.953125,0,2.4384946885078,0.504988820111622
"1989-06-23",1989-06-23,0.0081972459016393,59446400,-0.264940043999352,0.960938,0.048780462423174,0,0.960938,0,1.19025851843448,0.557009775891069
"1989-06-26",1989-06-26,0.016260154141058,66950400,-0.252987855811862,0.976563,0.0639999672320167,0,0.976563,0,1.31200001092266,0.659631535198606
"1989-06-27",1989-06-27,0.0119992258563964,57657600,-0.244024288376278,0.988281,0.0750980743331098,0,0.988281,0,1.17340801223944,0.735400252881635
"1989-06-28",1989-06-28,-0.0276672322952683,53977600,-0.264940043999352,0.960938,0.048780462423174,0.914063,0.988281,2347,-1.08571177796377,0.557009775891069
"1989-06-29",1989-06-29,-0.0569110598186355,84083200,-0.306773085125588,0.90625,0,0.90625,0.960938,2348,-1.15789625643128,0.214781665463228
"1989-06-30",1989-06-30,0,59449600,-0.306773085125588,0.90625,0,0.90625,0.90625,2348,-1,0.214781665463228
"1989-07-03",1989-07-03,-0.0172413793103448,25654400,-0.318725273313078,0.890625,0,0,0.90625,2350,-1.03896100657786,0.169640769033237
"1989-07-05",1989-07-05,-0.00877136842105268,24912000,-0.324700984936801,0.882813,0,0.882813,0.890625,2351,-1.01874878500097,0.147071765326927
"1989-07-06",1989-07-06,0,41497600,-0.324700984936801,0.882813,0,0.882813,0.882813,2351,-1,0.147071765326927
"1989-07-07",1989-07-07,0.0265480911586033,34377600,-0.306773085125588,0.90625,0.0258615172413793,0,0.90625,0,-0.944786432308783,0.31245516700142
"1989-07-10",1989-07-10,0.0258626206896551,29696000,-0.288844420374332,0.929688,0.0504201409505124,0,0.929688,0,1.94962037532115,0.472920703344721
"1989-07-11",1989-07-11,0,26451200,-0.288844420374332,0.929688,0.0504201409505124,0,0.929688,0,-1,0.472920703344721
"1989-07-12",1989-07-12,0,31737600,-0.288844420374332,0.929688,0.0504201409505124,0,0.929688,0,-1,0.472920703344721
"1989-07-13",1989-07-13,-0.00840389463992217,21878400,-0.294820896938098,0.921875,0.0423723389830509,0.882813,0.929688,2357,-1.02069098844292,0.419953958280738
"1989-07-14",1989-07-14,0.0127121355932204,41961600,-0.28585656456247,0.933594,0.0125525656763005,0.921875,0.933594,2357,-0.969593972243051,0.341187352174337
"1989-07-17",1989-07-17,0.0502091915757813,34201600,-0.25,0.980469,0.059761195917464,0,0.980469,0,4.76087498433045,0.65490709091578
"1989-07-18",1989-07-18,-0.0796812545832658,132838400,-0.30976094093745,0.902344,0,0,0.980469,2360,-1.2390437637498,0.203497163610074
"1989-07-19",1989-07-19,-0.0129872864450808,110048000,-0.318725273313078,0.890625,0,0.890625,0.902344,2361,-1.02893951816036,0.169640769033237
"1989-07-20",1989-07-20,0.00877249122807013,50780800,-0.312748796749311,0.898438,0.00869620385602565,0.890625,0.898438,2361,-0.981248815000948,0.225056391410525
"1989-07-21",1989-07-21,0.0260863854823594,25340800,-0.294820896938098,0.921875,0.0338983050847458,0,0.921875,0,3.89805777853948,0.38794931774571
"1989-07-24",1989-07-24,-0.0296612881355933,28390400,-0.315737417501217,0.894531,0.00436653397143305,0.890625,0.921875,2364,-1.07094653323543,0.197416749657519
"1989-07-25",1989-07-25,-0.0174672537899749,56492800,-0.327689605688706,0.878906,0,0.878906,0.894531,2365,-1.03785483609159,0.135784374456401
"1989-07-26",1989-07-26,0.0133336215704524,42371200,-0.318725273313078,0.890625,0.0131581754385965,0.878906,0.890625,2365,-0.972643830564024,0.219336425206309
"1989-07-27",1989-07-27,0.0350877192982456,41216000,-0.294820896938098,0.921875,0.0466104406779662,0,0.921875,0,3.54231792207641,0.43596037540444
"1989-07-28",1989-07-28,0.00847511864406775,18012800,-0.288844420374331,0.929688,0.0546226260853103,0,0.929688,0,1.1718967958853,0.488792604225353
"1989-07-31",1989-07-31,0.0252095326604195,31830400,-0.270916520563118,0.953125,0.0778691147540984,0,0.953125,0,1.42558350512993,0.644299593973839
"1989-08-01",1989-08-01,-0.0409830819672132,36284800,-0.300796608561821,0.914063,0.0384623379351314,0.878906,0.953125,2370,-1.11029260207755,0.382617704462852
"1989-08-02",1989-08-02,0.0170940077434488,24179200,-0.288844420374331,0.929688,0.0546226260853103,0.878906,0.953125,0,1.42015875835302,0.488792604225353
"1989-08-03",1989-08-03,0.0420162463105903,75328000,-0.258964332375629,0.96875,0.0564510967741936,0.914063,0.96875,2370,1.03347460237499,0.608549149320485
"1989-08-04",1989-08-04,0.024194064516129,78128000,-0.241035667624372,0.992188,0.0787401178002556,0,0.992188,0,1.39483769669204,0.760442874540449
"1989-08-07",1989-08-07,0.0314960471201024,71280000,-0.217131291249392,1.023438,0.10687017679625,0,1.023438,0,1.3572519292815,0.956965973158721
"1989-08-08",1989-08-08,0.00763309550749526,105392000,-0.211155579625669,1.03125,0.113635878787879,0,1.03125,0,1.06330767099345,1.0050876077381
"1989-08-09",1989-08-09,-0.0454545454545455,48748800,-0.247012144188139,0.984375,0.0714280634920635,0.914063,1.03125,2376,-1.16981111569979,0.710254893361764
"1989-08-10",1989-08-10,-0.00793600000000004,31193600,-0.252987855811862,0.976563,0.0639999672320167,0.914063,1.03125,0,-1.02419197502764,0.659631535198607
"1989-08-11",1989-08-11,-0.0159999918080042,46508800,-0.264940043999352,0.960938,0.048780462423174,0.914063,1.03125,0,-1.04724411829625,0.55700977589107
"1989-08-14",1989-08-14,-0.0203259731637213,30803200,-0.279880852938747,0.941406,0.0290448541861853,0.914063,1.03125,0,-1.05639316999371,0.42604425461851
"1989-08-15",1989-08-15,0.00415017537598018,39980800,-0.276892232186841,0.945313,0.0330578337545342,0.914063,1.03125,0,1.13816490668621,0.45248782377446
"1989-08-16",1989-08-16,-0.0454547858751545,141980800,-0.309760940937449,0.902344,0,0.902344,0.984375,2381,-1.1187057812746,0.203497163610075
"1989-08-17",1989-08-17,0.0216447385919339,88256000,-0.294820896938098,0.921875,0.0211861694915254,0.902344,0.921875,2381,-0.951769116034651,0.33993826008698
"1989-08-18",1989-08-18,0,25068800,-0.294820896938098,0.921875,0.0211861694915254,0,0.921875,0,-1,0.33993826008698
"1989-08-21",1989-08-21,-0.025423186440678,38940800,-0.312748796749311,0.898438,0,0,0.921875,2384,-1.06080946092155,0.192212661756919
"1989-08-22",1989-08-22,0.0173912946691925,65072000,-0.300796608561821,0.914063,0.0170940077434487,0.898438,0.914063,2384,-0.961783423911714,0.301914023686287
"1989-08-23",1989-08-23,0.0341880154868975,76441600,-0.276892232186841,0.945313,0.0495867506318013,0,0.945313,0,2.9008264987364,0.514914060138242
"1989-08-24",1989-08-24,0.00826392951329352,71462400,-0.270916520563118,0.953125,0.057376524590164,0,0.953125,0,1.1570938579179,0.566903398761597
"1989-08-25",1989-08-25,0.0081972459016393,76918400,-0.264940043999351,0.960938,0.065040616564232,0,0.960938,0,1.13357539566595,0.618420952029131
"1989-08-28",1989-08-28,-0.00813059739546148,30515200,-0.270916520563118,0.953125,0.057376524590164,0.898438,0.960938,2389,-1.02255784544137,0.566903398761597
"1989-08-29",1989-08-29,-0.0245896393442623,46304000,-0.288844420374331,0.929688,0.0336134273003417,0.898438,0.960938,0,-1.06617499654118,0.409445287102116
"1989-08-30",1989-08-30,0.0168067136501708,34412800,-0.276892232186841,0.945313,0.0495867506318013,0.898438,0.960938,0,1.4752066246841,0.514914060138242
"1989-08-31",1989-08-31,-0.00826498736397358,27459200,-0.282868708750608,0.9375,0.0416661333333334,0.898438,0.960938,0,-1.02158412504593,0.462427664770938
"1989-09-01",1989-09-01,0.00833386666666662,17312000,-0.276892232186841,0.945313,0.0495867506318013,0.898438,0.960938,0,1.19009724840801,0.514914060138242
"1989-09-05",1989-09-05,0.0123958942699402,36585600,-0.267928664751257,0.957031,0.0612237221155846,0.898438,0.960938,0,1.23467904905066,0.592717955054699
"1989-09-06",1989-09-06,-0.0204079073718615,32307200,-0.282868708750608,0.9375,0.0416661333333334,0.898438,0.960938,0,-1.05576127516338,0.462427664770938
"1989-09-07",1989-09-07,-0.00833280000000004,32547200,-0.288844420374331,0.929688,0.0336134273003417,0.898438,0.960938,0,-1.0211253894081,0.409445287102115
"1989-09-08",1989-09-08,0,65728000,-0.288844420374331,0.929688,0.0336134273003417,0.898438,0.960938,0,-1,0.409445287102115
"1989-09-11",1989-09-11,0,38131200,-0.288844420374331,0.929688,0.0336134273003417,0.898438,0.960938,0,-1,0.409445287102115
"1989-09-12",1989-09-12,0.0420162463105903,56620800,-0.258964332375629,0.96875,0.0403220645161291,0.929688,0.96875,2389,1.19958206450787,0.5476331929068
"1989-09-13",1989-09-13,0.00403199999999996,66486400,-0.255976476563767,0.972656,0.0441759470974322,0,0.972656,0,1.09557751140846,0.573472997247415
"1989-09-14",1989-09-14,-0.00401580826109124,26300800,-0.258964332375629,0.96875,0.0403220645161291,0.929688,0.972656,2401,-1.01167238432207,0.547633192906801
"1989-09-15",1989-09-15,0.00806503225806447,39155200,-0.252987855811862,0.976563,0.00800050790373996,0.96875,0.976563,2401,-0.976921622723326,0.448133376533473
"1989-09-18",1989-09-18,-0.0240004997117441,31043200,-0.270916520563119,0.953125,0,0,0.976563,2403,-1.07086768925616,0.350204354753204
"1989-09-19",1989-09-19,0.0081972459016393,20870400,-0.264940043999352,0.960938,0.00813059739546151,0.953125,0.960938,2403,-0.977939785468437,0.403483800703552
"1989-09-20",1989-09-20,0.016260154141058,35619200,-0.252987855811862,0.976563,0.0240004997117441,0,0.976563,0,2.95187408063535,0.508561974356406
"1989-09-21",1989-09-21,0.0159999918080042,44752000,-0.241035667624372,0.992188,0.0393705628368817,0,0.992188,0,1.64040596278154,0.611752360701597
"1989-09-22",1989-09-22,0.0039367539216359,37894400,-0.23804781181251,0.996094,0.0431374950556875,0,0.996094,0,1.09567890188446,0.637263771843706
"1989-09-25",1989-09-25,0,32144000,-0.23804781181251,0.996094,0.0431374950556875,0,0.996094,0,-1,0.637263771843706
"1989-09-26",1989-09-26,0.0117649539099724,35926400,-0.229083479436882,1.007813,0.0542640350938121,0,1.007813,0,1.25793199219753,0.713142763756388
"1989-09-27",1989-09-27,-0.0193805795321157,25488000,-0.244024288376277,0.988281,0.0355728785638902,0.953125,1.007813,2410,-1.06521993194848,0.58612191651299
"1989-09-28",1989-09-28,0.0118579634739513,89305600,-0.235059956000649,1,0.046875,0.953125,1.007813,0,1.31771737043463,0.662664042370448
"1989-09-29",1989-09-29,0.00781300000000007,62188800,-0.229083479436882,1.007813,0.0193805795321157,0.988281,1.007813,2410,-0.974574671647813,0.581395302125979
"1989-10-02",1989-10-02,0.00387571900739519,39539200,-0.22609562362502,1.011719,0.0231665116499741,0,1.011719,0,1.19534669288835,0.606978471883485
"1989-10-03",1989-10-03,-0.0193047674304823,52704000,-0.241035667624372,0.992188,0.0039377617951436,0.988281,1.011719,2414,-1.06607843070916,0.477930136941456
"1989-10-04",1989-10-04,0.0236215314033228,91443200,-0.223107767813159,1.015625,0.0230764307692308,0.992188,1.015625,2414,5.86029119325875,0.617922757230326
"1989-10-05",1989-10-05,0.0153846153846154,70265600,-0.211155579625669,1.03125,0.037878303030303,0,1.03125,0,1.64142814844696,0.718967206401094
"1989-10-06",1989-10-06,0.0151515151515152,49433600,-0.199203391438179,1.046875,0.052238328358209,0,1.046875,0,1.37910952125859,0.818342892803481
"1989-10-09",1989-10-09,0.0335818507462686,61145600,-0.172311159251338,1.082031,0.0830318170181815,0,1.082031,0,1.58948074388628,1.03620970592486
"1989-10-10",1989-10-10,-0.0180503146397839,71196800,-0.187251203250689,1.0625,0.066176,0.992188,1.082031,2419,-1.08670386795761,0.916123438324326
"1989-10-11",1989-10-11,-0.0110296470588236,45046400,-0.196215535626318,1.050781,0.0557613812963881,0.992188,1.082031,0,-1.04787329651296,0.842933223288599
"1989-10-12",1989-10-12,0.00743542184337181,29603200,-0.190239059062551,1.058594,0.0627303763293577,0.992188,1.082031,0,1.12497888091989,0.891825541868166
"1989-10-13",1989-10-13,-0.0627303763293577,106585600,-0.241035667624372,0.992188,0,0.992188,1.0625,2422,-1.26701461209982,0.463058040336869
"1989-10-16",1989-10-16,0.0393695549633739,118134400,-0.211155579625669,1.03125,0.037878303030303,0.992188,1.03125,2422,-0.876034579059612,0.718967206401094
"1989-10-17",1989-10-17,0.0151515151515152,87980800,-0.199203391438179,1.046875,0.052238328358209,0,1.046875,0,1.37910952125859,0.818342892803481
"1989-10-18",1989-10-18,0.0111942686567165,29171200,-0.190239059062551,1.058594,0.0627303763293577,0,1.058594,0,1.20084961178701,0.891825541868166
"1989-10-19",1989-10-19,0.0258304883647555,47356800,-0.169322538499433,1.085938,0.0863308955023216,0,1.085938,0,1.3762215461462,1.05995702110639
"1989-10-20",1989-10-20,0,39030400,-0.169322538499433,1.085938,0.0863308955023216,0,1.085938,0,-1,1.05995702110639
"1989-10-23",1989-10-23,-0.0359716668907434,60611200,-0.199203391438179,1.046875,0.052238328358209,0.992188,1.085938,2428,-1.1764729799326,0.818342892803481
"1989-10-24",1989-10-24,-0.00746220895522381,51788800,-0.205179103061902,1.039063,0.0451127602464915,0.992188,1.085938,0,-1.02999804160251,0.768862119713172
"1989-10-25",1989-10-25,-0.0112784306630108,20345600,-0.214143435437531,1.027344,0.0342202806460155,0.992188,1.085938,0,-1.04369027957454,0.693867124756403
"1989-10-26",1989-10-26,-0.0266162064508091,115513600,-0.235059956000649,1,0.00781200000000004,0.992188,1.085938,0,-1.09767528255247,0.515131322036408
"1989-10-27",1989-10-27,-0.00390599999999997,32838400,-0.23804781181251,0.996094,0.00392131666288531,0.992188,1.085938,0,-1.01271103705921,0.4891525289951
"1989-10-30",1989-10-30,0.0156862705728576,22201600,-0.22609562362502,1.011719,0.0193047674304823,0.992188,1.085938,0,4.92303200432627,0.592393477645053
"1989-10-31",1989-10-31,0.0424712790804562,42764800,-0.193226914874412,1.054688,0.0592592311659942,0.992188,1.085938,0,3.06966822466992,0.867431256111436
"1989-11-01",1989-11-01,-0.0148148077914985,18195200,-0.205179103061902,1.039063,0.0451127602464915,0.992188,1.085938,0,-1.06185571091511,0.768862119713172
"1989-11-02",1989-11-02,-0.0526320348236826,97859200,-0.247012144188139,0.984375,0,0.984375,1.054688,2436,-1.20388548590943,0.440486147613187
"1989-11-03",1989-11-03,-0.0277780317460318,36476800,-0.267928664751257,0.957031,0,0.957031,0.984375,2437,-1.08467810613873,0.361488856606359
"1989-11-06",1989-11-06,-0.0285706523613133,64934400,-0.288844420374331,0.929688,0,0.929688,0.957031,2438,-1.0780646432232,0.282494454616903
"1989-11-07",1989-11-07,0.0588229599607611,47881600,-0.247012144188139,0.984375,0.0555550476190476,0.929688,0.984375,2438,-0.855173674007691,0.650305856891154
"1989-11-08",1989-11-08,0.00793701587301583,59254400,-0.241035667624372,0.992188,0.0629920942402045,0,0.992188,0,1.1338680631174,0.700965907699733
"1989-11-09",1989-11-09,0.0157480235600512,33673600,-0.229083479436882,1.007813,0.0775193413857532,0,1.007813,0,1.23062016465356,0.800973155673327
"1989-11-10",1989-11-10,0.0193795872845458,27196800,-0.21414343543753,1.027344,0.0950567677428399,0,1.027344,0,1.22623291224595,0.923633718130216
"1989-11-13",1989-11-13,0.00760407419520621,25753600,-0.208167723813808,1.035156,0.101886092530981,0,1.035156,0,1.07184469817674,0.971995642606541
"1989-11-14",1989-11-14,-0.00377334430752463,24252800,-0.211155579625669,1.03125,0.0984843636363637,0.929688,1.035156,2444,-1.01435311755887,0.947863527470695
"1989-11-15",1989-11-15,0.0227277575757576,26588800,-0.193226914874412,1.054688,0.0222226857610972,1.03125,1.054688,2444,-0.91509263083154,0.727552027804351
"1989-11-16",1989-11-16,-0.00740787796959866,24326400,-0.199203391438179,1.046875,0.0149253731343284,1.03125,1.054688,2446,-1.0309298348403,0.677419722850294
"1989-11-17",1989-11-17,0.0149253731343284,39452800,-0.187251203250689,1.0625,0.0147058823529411,1.046875,1.0625,2446,-0.940000076799902,0.72173164884621
"1989-11-20",1989-11-20,-0.0147058823529412,17555200,-0.199203391438179,1.046875,0,0,1.0625,2448,-1.063829700317,0.621049733333154
"1989-11-21",1989-11-21,0,16422400,-0.199203391438179,1.046875,0,1.046875,1.046875,2448,-1,0.621049733333154
"1989-11-22",1989-11-22,0.0298507462686567,48489600,-0.175299015063199,1.078125,0.0289855072463768,0,1.078125,0,-0.880000153599803,0.820803679748164
"1989-11-24",1989-11-24,0.00724684057971021,15760000,-0.169322538499432,1.085938,0.0359716668907434,0,1.085938,0,1.24102250773065,0.869760825448352
"1989-11-27",1989-11-27,0,53107200,-0.169322538499432,1.085938,0.0359716668907434,0,1.085938,0,-1,0.869760825448352
"1989-11-28",1989-11-28,-0.0107915921535116,44428800,-0.178286870875061,1.074219,0.0254547722577985,1.046875,1.085938,2453,-1.05294234574483,0.796184335777313
"1989-11-29",1989-11-29,0.0109093210974671,30656000,-0.169322538499432,1.085938,0.0107915921535116,1.074219,1.085938,2453,-0.949719615742707,0.774660988666788
"1989-11-30",1989-11-30,0,64521600,-0.169322538499432,1.085938,0.0107915921535116,0,1.085938,0,-1,0.774660988666788
"1989-12-01",1989-12-01,0.0143884825837202,91065600,-0.157370350311943,1.101563,0.0248229107186788,0,1.101563,0,2.30020838126296,0.872795218885598
"1989-12-04",1989-12-04,0.0141843907248156,43193600,-0.145418162124453,1.117188,0.0384617450241141,0,1.117188,0,1.54944540791392,0.969447118752758
"1989-12-05",1989-12-05,-0.00699345141551831,22780800,-0.15139463868822,1.109375,0.0316899154929577,1.074219,1.117188,2458,-1.04109855657956,0.921299452730305
"1989-12-06",1989-12-06,-0.0211263098591549,24425600,-0.169322538499432,1.085938,0.0107915921535116,1.074219,1.117188,0,-1.1184183268744,0.774660988666788
"1989-12-07",1989-12-07,0,26278400,-0.169322538499432,1.085938,0.0107915921535116,1.074219,1.117188,0,-1,0.774660988666788
"1989-12-08",1989-12-08,-0.0359716668907434,56483200,-0.199203391438179,1.046875,0,1.046875,1.109375,2461,-1.1764729799326,0.621049733333153
"1989-12-11",1989-12-11,-0.0335818507462686,58176000,-0.22609562362502,1.011719,0,1.011719,1.046875,2462,-1.13499886720145,0.519483438620016
"1989-12-12",1989-12-12,-0.011583255824987,61043200,-0.235059956000649,1,0,1,1.011719,2463,-1.03964841172908,0.485627044043179
"1989-12-13",1989-12-13,0.00781300000000007,23228800,-0.229083479436882,1.007813,0.00775243026236028,1,1.007813,2463,-0.974574671647813,0.537478232412509
"1989-12-14",1989-12-14,-0.0271320175469061,56368000,-0.25,0.980469,0,0,1.007813,2465,-1.09130523342204,0.429201645760032
"1989-12-15",1989-12-15,-0.0199200586658019,61532800,-0.264940043999351,0.960938,0,0.960938,0.980469,2466,-1.05976017599741,0.372776247476886
"1989-12-18",1989-12-18,-0.0203259731637213,41596800,-0.279880852938747,0.941406,0,0.941406,0.960938,2467,-1.05639316999371,0.316347960176367
"1989-12-19",1989-12-19,0.0290459164271314,40672000,-0.258964332375629,0.96875,0.0282260645161291,0.941406,0.96875,2467,-0.925266339788896,0.501949149562445
"1989-12-20",1989-12-20,0.0161290322580645,42729600,-0.247012144188139,0.984375,0.0436510476190477,0,0.984375,0,1.5464801192566,0.605346957091948
"1989-12-21",1989-12-21,0.0595240634920635,54988800,-0.202191247250041,1.042969,0.0973787332125884,0,1.042969,0,2.23084527231589,0.977544188895862
"1989-12-22",1989-12-22,-0.00374507775398882,41052800,-0.205179103061902,1.039063,0.0939856389843543,0.941406,1.042969,2471,-1.01477737465147,0.9534446850756
"1989-12-26",1989-12-26,-0.0187977052402021,9312000,-0.220119912001298,1.019531,0.0766283712805201,0.941406,1.042969,0,-1.07281837534346,0.831461654874822
"1989-12-27",1989-12-27,0.0421458494150742,49641600,-0.187251203250689,1.0625,0.0404414117647059,1.019531,1.0625,2471,-0.850678166951046,0.818929320897879
"1989-12-28",1989-12-28,0,26368000,-0.187251203250689,1.0625,0.0404414117647059,0,1.0625,0,-1,0.818929320897879
"1989-12-29",1989-12-29,0.0147058823529412,23689600,-0.1752990150632,1.078125,0.0543480579710145,0,1.078125,0,1.34387143275857,0.916592689886039
"1990-01-02",1990-01-02,0.0434782608695652,63833600,-0.13944245050073,1.125,0.0937502222222223,0,1.125,0,1.72499672890285,1.20082905142416
"1990-01-03",1990-01-03,-0.0277777777777778,69504000,-0.16334682687571,1.09375,0.0678573714285715,1.019531,1.125,2477,-1.17142825795976,1.01275541680111
"1990-01-04",1990-01-04,0.0214290285714286,58483200,-0.145418162124453,1.117188,0.0874132196192584,1.019531,1.125,0,1.28819047627378,1.15432652410781
"1990-01-05",1990-01-05,-0.00699345141551831,37036800,-0.15139463868822,1.109375,0.0809861408450705,1.019531,1.125,0,-1.04109855657956,1.10748090905463
"1990-01-08",1990-01-08,0.0140845070422535,43305600,-0.13944245050073,1.125,0.0277777777777778,1.09375,1.125,2477,-0.921052764542712,0.951665029306678
"1990-01-09",1990-01-09,0.0277777777777778,103030400,-0.11553807412575,1.15625,0.0540540540540541,0,1.15625,0,1.94594594594595,1.14118678118895
"1990-01-10",1990-01-10,-0.027027027027027,114105600,-0.13944245050073,1.125,0.0277777777777778,1.09375,1.15625,2482,-1.20689609512586,0.951665029306678
"1990-01-11",1990-01-11,0,41068800,-0.13944245050073,1.125,0.0277777777777778,1.09375,1.15625,0,-1,0.951665029306678
"1990-01-12",1990-01-12,-0.0208328888888888,48851200,-0.157370350311943,1.101563,0.00709264926291109,1.09375,1.15625,0,-1.12856845061769,0.805831757174946
"1990-01-15",1990-01-15,0.00709174146190452,33830400,-0.15139463868822,1.109375,0.0140845070422535,1.09375,1.15625,0,1.98578930385072,0.854807534512956
"1990-01-16",1990-01-16,0.0563380281690141,103984000,-0.103585885938261,1.171875,0.0599995733333333,1.101563,1.171875,2482,4.25996970666667,1.20878265120189
"1990-01-17",1990-01-17,0.00333311999999997,115017600,-0.100598030126399,1.175781,0.0631222991356383,0,1.175781,0,1.05204580014188,1.23186103044468
"1990-01-18",1990-01-18,-0.00996614165393036,85571200,-0.109561597561983,1.164063,0.0536912521057709,1.101563,1.175781,2488,-1.08910281269247,1.16238844739719
"1990-01-19",1990-01-19,0.016778301518045,37107200,-0.0946215535626322,1.183594,0.0165014354584426,1.164063,1.183594,2488,-0.863637950415071,1.0783557441852
"1990-01-22",1990-01-22,-0.0297027528020588,48150400,-0.121513785749473,1.148438,0,0,1.183594,2490,-1.2842083137965,0.914467004636783
"1990-01-23",1990-01-23,0,53708800,-0.121513785749473,1.148438,0,1.148438,1.148438,2490,-1,0.914467004636783
"1990-01-24",1990-01-24,0.0340131552595786,87593600,-0.0916336977507708,1.1875,0.0328943157894737,0,1.1875,0,-0.754101250204591,1.15155270103023
"1990-01-25",1990-01-25,0.00657936842105269,91740800,-0.0856572211870038,1.195313,0.0392156698705695,0,1.195313,0,1.1921716238621,1.19799901619404
"1990-01-26",1990-01-26,0.0130718899568565,144806400,-0.073705032999514,1.210938,0.0516128819146811,0,1.210938,0,1.31612903936177,1.28996157039291
"1990-01-29",1990-01-29,-0.0129032204786703,100156800,-0.0856572211870038,1.195313,0.0392156698705695,1.148438,1.210938,2495,-1.16216244265936,1.19799901619404
"1990-01-30",1990-01-30,-0.0130718899568565,49712000,-0.0976094093744937,1.179688,0.0264900549975926,1.148438,1.210938,0,-1.13953509140107,1.10479615370579
"1990-01-31",1990-01-31,0.046357172404907,94470400,-0.0557771331883011,1.234375,0.0443033924050632,1.179688,1.234375,2495,1.67245377214541,1.33006506877801
"1990-02-01",1990-02-01,-0.0126582278481013,44828800,-0.0677293213757911,1.21875,0.0320508717948718,1.179688,1.234375,2498,-1.21428473469836,1.23864898363823
"1990-02-02",1990-02-02,0.0128205128205128,48672000,-0.0557771331883011,1.234375,0.0126582278481012,1.21875,1.234375,2498,-0.823530076122066,1.21054794995695
"1990-02-05",1990-02-05,0.0126582278481013,59574400,-0.0438249450008112,1.25,0.025,0,1.25,0,1.97500000000001,1.30230111936425
"1990-02-06",1990-02-06,0,37971200,-0.0438249450008112,1.25,0.025,0,1.25,0,-1,1.30230111936425
"1990-02-07",1990-02-07,0.00625040000000006,70905600,-0.0378484684370444,1.257813,0.0310562857912902,0,1.257813,0,1.24225143165161,1.34774632744798
"1990-02-08",1990-02-08,0.00621078013981405,72928000,-0.0318727568133214,1.265625,0.0370370370370371,0,1.265625,0,1.19257780167081,1.39290336845112
"1990-02-09",1990-02-09,-0.00617244444444439,42704000,-0.0378484684370443,1.257813,0.0310562857912902,1.21875,1.265625,2504,-1.187486500108,1.34774632744798
"1990-02-12",1990-02-12,-0.0248447106207361,26720000,-0.0617528448120239,1.226563,0.00636983179828521,1.21875,1.265625,0,-1.6315810747994,1.16422899935033
"1990-02-13",1990-02-13,0.0127388483102784,35574400,-0.0498006566245341,1.242188,0.01886831944923,1.21875,1.265625,0,2.96213778428332,1.2565740501772
"1990-02-14",1990-02-14,0.00628890312899491,25689600,-0.0438249450008111,1.25,0.025,1.21875,1.265625,0,1.3249722672583,1.30230111936425
"1990-02-15",1990-02-15,0.00625040000000006,59472000,-0.0378484684370441,1.257813,0.0310562857912902,1.21875,1.265625,0,1.24225143165161,1.34774632744798
"1990-02-16",1990-02-16,-0.00621157517055402,78976000,-0.043824945000811,1.25,0.025,1.21875,1.265625,0,-1.15790537399705,1.30230111936425
"1990-02-20",1990-02-20,-0.0312495999999999,50953600,-0.0737050329995137,1.210938,0,1.210938,1.257813,2510,-1.68180548767716,1.09503059035675
"1990-02-21",1990-02-21,0.00322559866813988,52230400,-0.0707171771876521,1.214844,0.00321522763416537,1.210938,1.214844,2510,-0.959461983934241,1.11845832952812
"1990-02-22",1990-02-22,-0.00321522763416535,39760000,-0.0737050329995137,1.210938,0,0,1.214844,2512,-1.0422507788162,1.09503059035675
"1990-02-23",1990-02-23,-0.0064520231423905,36528000,-0.0796815095632807,1.203125,0,1.203125,1.210938,2513,-1.08108641052785,1.07245869763307
"1990-02-26",1990-02-26,0.025974025974026,23958400,-0.0557771331883008,1.234375,0.0253164556962026,1.203125,1.234375,2513,-0.700000959996927,1.25835540942086
"1990-02-27",1990-02-27,0,57184000,-0.0557771331883008,1.234375,0.0253164556962026,0,1.234375,0,-1,1.25835540942086
"1990-02-28",1990-02-28,0.0189877468354431,41097600,-0.037848468437044,1.257813,0.0434786411016582,0,1.257813,0,1.7174063235155,1.39466294603576
"1990-03-01",1990-03-01,0.00931617020972107,89718400,-0.0288849010014596,1.269531,0.0523075056851703,0,1.269531,0,1.20306210957397,1.46186121286463
"1990-03-02",1990-03-02,0.00307751445218754,60652800,-0.0258962802495541,1.273438,0.0552150948848708,0,1.273438,0,1.05558646243238,1.48412995550654
"1990-03-05",1990-03-05,-0.0214725805261034,42393600,-0.0468128008126724,1.246094,0.0344829523294391,1.203125,1.273438,2519,-1.80770366869498,1.32683173037904
"1990-03-06",1990-03-06,0.018808372402082,74396800,-0.0288849010014596,1.269531,0.0523075056851703,1.203125,1.273438,0,1.51690914355132,1.46186121286463
"1990-03-07",1990-03-07,-0.0153844214910861,37804800,-0.0438249450008109,1.25,0.0375,1.203125,1.273438,0,-1.51722676835889,1.34951098558486
"1990-03-08",1990-03-08,0.00312479999999997,36377600,-0.0408370891889497,1.253906,0.0404982510650719,1.203125,1.273438,0,1.07995336173525,1.37211924997224
"1990-03-09",1990-03-09,0.00934599563284651,66025600,-0.0318727568133211,1.265625,0.0493827160493827,1.203125,1.273438,0,1.21937897935482,1.43953039681715
"1990-03-12",1990-03-12,-0.00925945679012348,68656000,-0.0408370891889497,1.253906,0.0404982510650719,1.203125,1.273438,0,-1.28125374997,1.37211924997224
"1990-03-13",1990-03-13,-0.00934519812489923,39411200,-0.0498006566245339,1.242188,0.0314469307383424,1.203125,1.273438,0,-1.21949574794889,1.3040808146732
"1990-03-14",1990-03-14,0,57164800,-0.0498006566245339,1.242188,0.0314469307383424,1.203125,1.273438,0,-1,1.3040808146732
"1990-03-15",1990-03-15,0.00943335469349237,78144000,-0.0408370891889496,1.253906,0.0404982510650719,1.203125,1.273438,0,1.28782841804315,1.37211924997224
"1990-03-16",1990-03-16,0.0529601102474987,208112000,0,1.320313,0.0591715752249656,1.242188,1.320313,2519,1.46108964384387,1.59687754220679
"1990-03-19",1990-03-19,0.0295854089144013,81865600,0,1.359375,0.0862065287356322,0,1.359375,0,1.45689088735397,1.69898286528829
"1990-03-20",1990-03-20,-0.0114942528735632,86044800,-0.0114942528735632,1.34375,0.075581023255814,1.242188,1.359375,2530,0,1.61544119867267
"1990-03-21",1990-03-21,-0.0145346976744186,48704000,-0.0258618850574713,1.324219,0.0619467021693542,1.242188,1.359375,0,-2.24998400000001,1.5096837212479
"1990-03-22",1990-03-22,-0.00884974464193614,54707200,-0.0344827586206896,1.3125,0.0535710476190475,1.242188,1.359375,0,-1.33334281488223,1.44549141577156
"1990-03-23",1990-03-23,0.0119047619047619,29168000,-0.0229885057471265,1.328125,0.0647055058823529,1.242188,1.359375,0,1.20784469892178,1.53095528981286
"1990-03-26",1990-03-26,0.00294098823529409,19315200,-0.0201151264367817,1.332031,0.0674481299609393,1.242188,1.359375,0,1.04238625509818,1.55216575130773
"1990-03-27",1990-03-27,0.00879784329343689,65660800,-0.0114942528735634,1.34375,0.075581023255814,1.242188,1.359375,0,1.12057996714786,1.61544119867267
"1990-03-28",1990-03-28,-0.0116279069767442,31107200,-0.0229885057471267,1.328125,0.0647055058823529,1.242188,1.359375,0,-1.99999999999999,1.53095528981286
"1990-03-29",1990-03-29,-0.014705694117647,34473600,-0.0373561379310348,1.308594,0.0507460679171691,1.242188,1.359375,0,-1.62499199999999,1.42396991444003
"1990-03-30",1990-03-30,-0.00298488301184322,44684800,-0.0402295172413794,1.304688,0.0479041732582809,1.242188,1.359375,0,-1.076918532522,1.4023845288799
"1990-04-02",1990-04-02,-0.00299458567872174,77910400,-0.0431036321839082,1.300781,0.0450444771256652,1.242188,1.359375,0,-1.07144293890687,1.38072913257656
"1990-04-03",1990-04-03,0.0150155944774717,32953600,-0.028735264367816,1.320313,0.0591715752249656,1.242188,1.359375,0,1.31362553193566,1.48835050327732
"1990-04-04",1990-04-04,0.00591677882441507,80499200,-0.0229885057471267,1.328125,0.0647055058823529,1.242188,1.359375,0,1.093523463527,1.53095528981286
"1990-04-05",1990-04-05,-0.0117647058823529,38332800,-0.0344827586206897,1.3125,0.0535710476190475,1.242188,1.359375,0,-1.49999999999998,1.44549141577155
"1990-04-06",1990-04-06,-0.0148807619047619,26636800,-0.0488503908045979,1.292969,0.0392747235239205,1.242188,1.359375,0,-1.41666133333333,1.33723369246863
"1990-04-09",1990-04-09,0.00302095409866746,28851200,-0.045977011494253,1.296875,0.0421682891566264,1.242188,1.359375,0,1.07367500960111,1.35901422840967
"1990-04-10",1990-04-10,0.0180726746987952,38060800,-0.0287352643678163,1.320313,0.0591715752249656,1.242188,1.359375,0,1.40322447053006,1.48835050327732
"1990-04-11",1990-04-11,0.0118343150449931,88169600,-0.0172410114942531,1.335938,0.0701754123320094,1.242188,1.359375,0,1.1859649175336,1.57332104873361
"1990-04-12",1990-04-12,-0.00584832529653327,113734400,-0.0229885057471267,1.328125,0.0647055058823529,1.242188,1.359375,0,-1.33336177838461,1.53095528981286
"1990-04-16",1990-04-16,0,63648000,-0.0229885057471267,1.328125,0.0647055058823529,1.242188,1.359375,0,-1,1.53095528981286
"1990-04-17",1990-04-17,-0.00294098823529409,44934400,-0.0258618850574716,1.324219,0.0619467021693542,1.242188,1.359375,0,-1.124992,1.5096837212479
"1990-04-18",1990-04-18,-0.0324485602456996,72134400,-0.0574712643678162,1.28125,0.0304874146341463,1.242188,1.359375,0,-2.22223802480371,1.27148665528866
"1990-04-19",1990-04-19,-0.0182922926829268,69942400,-0.0747122758620691,1.257813,0.0124223553103681,1.242188,1.359375,0,-1.2999936,1.1381430648811
"1990-04-20",1990-04-20,-0.00621157517055402,88704000,-0.0804597701149427,1.25,0.00624959999999997,1.242188,1.359375,0,-1.07692837872433,1.09312279390535
"1990-04-23",1990-04-23,-0.0125,50425600,-0.0919540229885059,1.234375,0,1.234375,1.34375,2553,-1.14285714285714,1.02610800027343
"1990-04-24",1990-04-24,-0.0126582278481013,36998400,-0.103448275862069,1.21875,0,1.21875,1.234375,2554,-1.125,0.982696629036094
"1990-04-25",1990-04-25,0.0192311794871795,47836800,-0.0862065287356322,1.242188,0.01886831944923,1.21875,1.242188,2554,-0.833329777777778,1.11907674201644
"1990-04-26",1990-04-26,0.00628890312899491,35350400,-0.0804597701149424,1.25,0.025,0,1.25,0,1.3249722672583,1.16393910395198
"1990-04-27",1990-04-27,-0.0156248,26105600,-0.0948274022988506,1.230469,0.00952401076337561,1.21875,1.25,2557,-1.17856914285714,1.05122603396784
"1990-04-30",1990-04-30,0.00317439935504264,29436800,-0.0919540229885059,1.234375,0.0126582278481012,1.21875,1.25,0,1.32908584026156,1.07391545973734
"1990-05-01",1990-05-01,0.00316435443037972,31152000,-0.089080643678161,1.238281,0.015772671954104,1.21875,1.25,0,1.24604108437422,1.09653020713241
"1990-05-02",1990-05-02,0.0157734795252452,54054400,-0.0747122758620691,1.257813,0.0217393205508292,1.230469,1.257813,2557,1.37829028677494,1.17333127948784
"1990-05-03",1990-05-03,0.0186331354501821,83414400,-0.0574712643678162,1.28125,0.0396339512195122,0,1.28125,0,1.82314581207095,1.30603119677482
"1990-05-04",1990-05-04,0.0304881951219513,76041600,-0.0287352643678163,1.320313,0.0680475008577511,0,1.320313,0,1.71689924329953,1.52187300421395
"1990-05-07",1990-05-07,0.0207094832816157,73984000,-0.00862087356321872,1.347656,0.0869561668556367,0,1.347656,0,1.27787451059243,1.66925486750709
"1990-05-08",1990-05-08,-0.00289836575505913,28297600,-0.0114942528735632,1.34375,0.0843021395348837,1.230469,1.347656,2564,-1.33330488949564,1.64837901729901
"1990-05-09",1990-05-09,0.0058143255813954,83737600,-0.00574675862068974,1.351563,0.0057807146244756,1.34375,1.351563,2564,-0.499968000000008,1.37352721484383
"1990-05-10",1990-05-10,0.00577997474035611,67737600,0,1.359375,0.0114942528735632,0,1.359375,0,1.98837922648809,1.41681034140948
"1990-05-11",1990-05-11,0.0344827586206897,109225600,0,1.40625,0.0444444444444444,0,1.40625,0,3.86666666666667,1.54125627228984
"1990-05-14",1990-05-14,-0.0111111111111111,124387200,-0.011111111111111,1.390625,0.0337078651685393,1.34375,1.40625,2568,0,1.45874214905783
"1990-05-15",1990-05-15,0,57804800,-0.011111111111111,1.390625,0.0337078651685393,1.34375,1.40625,0,-1,1.45874214905783
"1990-05-16",1990-05-16,0.00561833707865174,75526400,-0.00555519999999965,1.398438,0.0391064888110878,1.34375,1.40625,0,1.16015916806227,1.50011511867617
"1990-05-17",1990-05-17,0.00279311631977961,76249600,-0.00277759999999971,1.402344,0.0417829006292322,1.34375,1.40625,0,1.0684390723768,1.52071377214018
"1990-05-18",1990-05-18,0.00557067310160697,73347200,0,1.410156,0.0138502406825911,1.390625,1.410156,2568,0,1.425708410952
"1990-05-21",1990-05-21,0.0083104280661147,91987200,0,1.421875,0.021978021978022,0,1.421875,0,1.58683321695969,1.45640532836221
"1990-05-22",1990-05-22,0.010989010989011,98806400,0,1.4375,0.0326086956521739,0,1.4375,0,1.48369565217391,1.49655514292154
"1990-05-23",1990-05-23,0.0434782608695652,92352000,0,1.5,0.0729166666666666,0,1.5,0,2.23611111111111,1.648789856459
"1990-05-24",1990-05-24,0.00520866666666671,108499200,0,1.507813,0.0777205130874983,0,1.507813,0,1.06588132234283,1.66693297220874
"1990-05-25",1990-05-25,-0.0155443679023858,48870400,-0.0155443679023858,1.484375,0.0631578947368421,1.390625,1.507813,2577,0,1.55322522874381
"1990-05-29",1990-05-29,0.0236840421052631,43939200,0,1.519531,0.0231360860686619,1.484375,1.519531,2577,0,1.46077909242573
"1990-05-30",1990-05-30,-0.0154238380131764,62412800,-0.0154238380131761,1.496094,0.0078330639652322,1.484375,1.519531,2579,0,1.34473021598699
"1990-05-31",1990-05-31,0.00783306396523215,41929600,-0.00771158995769061,1.507813,0.0155443679023858,1.484375,1.519531,0,1.9844556320976,1.40298172208452
"1990-06-01",1990-06-01,-0.0155443679023858,61049600,-0.0231360860686618,1.484375,0,1.484375,1.507813,2581,-3.00017067759012,1.28601884791854
"1990-06-04",1990-06-04,0.0210526315789474,61216000,-0.00257052998589669,1.515625,0.020618556701031,1.484375,1.515625,2581,-0.111104790078496,1.44156256431353
"1990-06-05",1990-06-05,-0.0283506804123712,65532800,-0.0308483341241472,1.472656,0,0,1.515625,2583,-12.0007680491563,1.25689131200178
"1990-06-06",1990-06-06,0.0132631110048783,39766400,-0.0179943679990732,1.492188,0.0130895034673916,1.472656,1.492188,2583,-0.583317333333331,1.35487433030247
"1990-06-07",1990-06-07,-0.0183247687288733,38406400,-0.035989394095941,1.464844,0,0,1.492188,2585,-2.0000365724317,1.23747461172174
"1990-06-08",1990-06-08,-0.00800016930130446,47587200,-0.0437016421514267,1.453125,0,1.453125,1.464844,2586,-1.21429224495767,1.20834707580497
"1990-06-11",1990-06-11,0.021505376344086,42704000,-0.0231360860686616,1.484375,0.0210526315789473,1.453125,1.484375,2586,-0.52940999307291,1.36553020155325
"1990-06-12",1990-06-12,0.00789490526315792,47468800,-0.0154238380131761,1.496094,0.0287207889343851,0,1.496094,0,1.3642374743833,1.42361875210272
"1990-06-13",1990-06-13,0.00261079851934435,48124800,-0.0128533080272791,1.5,0.03125,0,1.5,0,1.08806203309363,1.44287939952684
"1990-06-14",1990-06-14,0,51388800,-0.0128533080272791,1.5,0.03125,0,1.5,0,-1,1.44287939952684
"1990-06-15",1990-06-15,0.00520866666666671,51769600,-0.00771158995769061,1.507813,0.0362697496307567,0,1.507813,0,1.16063198818421,1.48125712198591
"1990-06-18",1990-06-18,-0.0259070587665712,39833600,-0.0334188641100441,1.46875,0.0106382978723404,1.453125,1.507813,2592,-4.33358934971849,1.28736157141121
"1990-06-19",1990-06-19,0,25152000,-0.0334188641100441,1.46875,0.0106382978723404,1.453125,1.507813,0,-1,1.28736157141121
"1990-06-20",1990-06-20,0.0106382978723404,17302400,-0.0231360860686616,1.484375,0.0210526315789473,1.453125,1.507813,0,1.97894736842106,1.36553020155325
"1990-06-21",1990-06-21,-0.00789490526315792,20921600,-0.0308483341241472,1.472656,0.0132624319596701,1.453125,1.507813,0,-1.33334281488225,1.30698072308785
"1990-06-22",1990-06-22,-0.0238725133364479,44668800,-0.0539844201928092,1.4375,0,1.4375,1.484375,2596,-1.74999466666668,1.16951118974818
"1990-06-25",1990-06-25,-0.0108695652173913,56723200,-0.0642671982341918,1.421875,0,1.421875,1.4375,2597,-1.19047677097683,1.13067530369139
"1990-06-26",1990-06-26,0,43414400,-0.0642671982341918,1.421875,0,1.421875,1.421875,2597,-1,1.13067530369139
"1990-06-27",1990-06-27,0.00824193406593409,26713600,-0.0565549501787062,1.433594,0.0081745598823656,0,1.433594,0,-0.879997132792658,1.19067642988486
"1990-06-28",1990-06-28,0.00544924155653548,38684800,-0.0514138902069123,1.441406,0.0135499644097499,0,1.441406,0,1.65757724021085,1.23039490045446
"1990-06-29",1990-06-29,0.0189703664338847,39324800,-0.0334188641100441,1.46875,0.0319148936170213,0,1.46875,0,2.35534888889132,1.36771879051011
"1990-07-02",1990-07-02,0.0106382978723404,36518400,-0.0231360860686616,1.484375,0.0421052631578948,0,1.484375,0,1.31929824561404,1.44504155518795
"1990-07-03",1990-07-03,0,44345600,-0.0231360860686616,1.484375,0.0421052631578948,0,1.484375,0,-1,1.44504155518795
"1990-07-05",1990-07-05,-0.0105263157894737,41020800,-0.0334188641100441,1.46875,0.0319148936170213,1.421875,1.484375,2604,-1.44444760496076,1.36771879051011
"1990-07-06",1990-07-06,-0.00531880851063825,30704000,-0.0385599240818381,1.460938,0.0267383010093516,1.421875,1.484375,0,-1.15383706504401,1.32875119067114
"1990-07-09",1990-07-09,0,33276800,-0.0385599240818381,1.460938,0.0267383010093516,1.421875,1.484375,0,-1,1.32875119067114
"1990-07-10",1990-07-10,-0.0106951835053917,30601600,-0.0488427021232206,1.445313,0.0162165565521102,1.421875,1.484375,0,-1.26667008004369,1.25017689275565
"1990-07-11",1990-07-11,0.0378374788021694,73494400,-0.0128533080272792,1.5,0.036458,1.445313,1.5,2604,2.24819614958614,1.462548918189
"1990-07-12",1990-07-12,0.0156253333333334,65094400,0,1.523438,0.0512820344510246,0,1.523438,0,1.40660580533833,1.5670804090484
"1990-07-13",1990-07-13,0.0256406890204918,93756800,0,1.5625,0.0749996799999999,0,1.5625,0,1.46249423999795,1.65665695892319
"1990-07-16",1990-07-16,0.02500032,53625600,0,1.601563,0.0975609451517049,0,1.601563,0,1.30081815218018,1.74186610368956
"1990-07-17",1990-07-17,-0.0146344539677803,103091200,-0.0146344539677802,1.578125,0.0841580990099009,1.445313,1.601563,2612,0,1.63597512870073
"1990-07-18",1990-07-18,-0.0396039603960396,70755200,-0.0536588320284623,1.515625,0.0463914226804123,1.445313,1.601563,0,-3.6666097789914,1.34595149632479
"1990-07-19",1990-07-19,-0.0154635876288659,60156800,-0.0682926616061933,1.492188,0.0314136020394213,1.445313,1.601563,0,-1.27271986781167,1.23411453269301
"1990-07-20",1990-07-20,-0.05497430618662,120438400,-0.119512626103375,1.410156,0,1.410156,1.578125,2615,-1.75000685714286,0.922024962971052
"1990-07-23",1990-07-23,-0.0138502406825911,99468800,-0.131707588149826,1.390625,0,1.390625,1.410156,2616,-1.10203911037736,0.875967160828788
"1990-07-24",1990-07-24,-0.0252807191011236,224918400,-0.153658644711448,1.355469,0,1.355469,1.390625,2617,-1.1666650864235,0.793062645334781
"1990-07-25",1990-07-25,0.00288165941087547,53446400,-0.151219777180167,1.359375,0.00287337931034481,1.355469,1.359375,2617,-0.98412801612392,0.813125882352698
"1990-07-26",1990-07-26,0.00574749425287361,62960000,-0.146341417727557,1.367188,0.00857160829381187,0,1.367188,0,2.98311060532529,0.853071428363705
"1990-07-27",1990-07-27,-0.00571464933864258,39840000,-0.151219777180167,1.359375,0.00287337931034481,1.355469,1.367188,2620,-1.03333546666667,0.813125882352698
"1990-07-30",1990-07-30,-0.0028733793103448,43232000,-0.153658644711448,1.355469,0,1.355469,1.359375,2621,-1.01612796670355,0.793062645334781
"1990-07-31",1990-07-31,0.0259364102019301,35126400,-0.131707588149826,1.390625,0.0252807191011236,1.355469,1.390625,2621,-0.85714401813941,0.971447110166768
"1990-08-01",1990-08-01,-0.0449438202247191,68611200,-0.170731966210508,1.328125,0,0,1.390625,2623,-1.296295593966,0.728580307421818
"1990-08-02",1990-08-02,-0.0529407999999999,110627200,-0.214634079333751,1.257813,0,1.257813,1.328125,2624,-1.25714055837155,0.562771276433806
"1990-08-03",1990-08-03,-0.0248447106207361,173862400,-0.234146268364092,1.226563,0,1.226563,1.257813,2625,-1.09090909090909,0.489077849730321
"1990-08-06",1990-08-06,-0.0509553932411136,118345600,-0.273170646424774,1.164063,0,1.164063,1.226563,2626,-1.16666666666667,0.341690996323352
"1990-08-07",1990-08-07,0.016778301518045,91920000,-0.260975684378323,1.183594,0.0165014354584426,1.164063,1.183594,2626,-0.955357714285715,0.450071243300898
"1990-08-08",1990-08-08,-0.0198023984575793,114044800,-0.275610138346103,1.160156,0,0,1.183594,2628,-1.05607592907608,0.332477549343175
"1990-08-09",1990-08-09,0.0572397160381881,59680000,-0.234146268364092,1.226563,0.0541407167834022,1.160156,1.226563,2628,-0.849556078630379,0.693555929444889
"1990-08-10",1990-08-10,-0.0254776966205568,60249600,-0.253658457394433,1.195313,0.0294123798536451,1.160156,1.226563,2630,-1.08333333333333,0.526468784476453
"1990-08-13",1990-08-13,0,57382400,-0.253658457394433,1.195313,0.0294123798536451,1.160156,1.226563,0,-1,0.526468784476453
"1990-08-14",1990-08-14,-0.0326801431926199,97811200,-0.278049005877383,1.15625,0,1.15625,1.195313,2632,-1.09615507692308,0.323266460552653
"1990-08-15",1990-08-15,0,45283200,-0.278049005877383,1.15625,0,1.15625,1.15625,2632,-1,0.323266460552653
"1990-08-16",1990-08-16,-0.027027027027027,62569600,-0.297561194907724,1.125,0,0,1.15625,2634,-1.0701753598031,0.249573033849169
"1990-08-17",1990-08-17,-0.0486106666666666,104755200,-0.331707213515797,1.070313,0,1.070313,1.125,2635,-1.11475292878381,0.120610716212898
"1990-08-20",1990-08-20,-0.0291970666524652,74716800,-0.351219402546138,1.039063,0,1.039063,1.070313,2636,-1.05882352941176,0.0469172895094135
"1990-08-21",1990-08-21,-0.0300751734976609,75561600,-0.370731591576479,1.007813,0,1.007813,1.039063,2637,-1.05555555555556,-0.0267761371940713
"1990-08-22",1990-08-22,-0.00387671125496506,59452800,-0.373171083497808,1.003906,0,1.003906,1.007813,2638,-1.00658021052632,-0.0359895841742481
"1990-08-23",1990-08-23,0.0350202110556169,142320000,-0.351219402546138,1.039063,0.0338352919890326,1.003906,1.039063,2638,-0.941175289505519,0.174706058176401
"1990-08-24",1990-08-24,0.0827062459157914,113244800,-0.297561194907724,1.125,0.107639111111111,0,1.125,0,3.18126739222471,0.656103276702002
"1990-08-27",1990-08-27,0.00694488888888895,102236800,-0.292682835455115,1.132813,0.11379371529105,0,1.132813,0,1.05717814014263,0.697772455670756
"1990-08-28",1990-08-28,-0.0172420337690335,41062400,-0.304878421891614,1.113281,0.0982456360972657,1.003906,1.132813,2642,-1.04166826666667,0.592990476240763
"1990-08-29",1990-08-29,-0.0175436390273435,53849600,-0.317073383938065,1.09375,0.0821430857142857,1.003906,1.132813,0,-1.03999942656088,0.486116734147216
"1990-08-30",1990-08-30,-0.0535716571428572,64441600,-0.353658894467467,1.035156,0.0301886865361356,1.003906,1.132813,0,-1.11538499408247,0.151720150748977
"1990-08-31",1990-08-31,0.00754765465301855,78336000,-0.348780535014857,1.042969,0.0374536539436935,1.003906,1.132813,0,1.24065198725562,0.197582937672305
"1990-09-04",1990-09-04,0.00374507775398882,42582400,-0.346341667483577,1.046875,0.0410450149253732,1.003906,1.132813,0,1.09588813382744,0.220357840182427
"1990-09-05",1990-09-05,-0.0298507462686567,46083200,-0.365853856513918,1.015625,0.0115387076923077,1.003906,1.132813,0,-1.05633797738549,0.0352253081079744
"1990-09-06",1990-09-06,-0.0384610461538462,99753600,-0.390243780606819,0.976563,0,0.976563,1.113281,2648,-1.06666575644522,-0.100469563897555
"1990-09-07",1990-09-07,0.0159999918080042,130553600,-0.380487686091649,0.992188,0.0157480235600511,0.976563,0.992188,2648,-0.975,-0.00414588370509693
"1990-09-10",1990-09-10,0.0236215314033228,38131200,-0.365853856513918,1.015625,0.0384610461538462,0,1.015625,0,2.44227766152271,0.136905307877181
"1990-09-11",1990-09-11,-0.0153846153846154,39584000,-0.375609951029088,1,0.023437,0.976563,1.015625,2651,-1.02666664391113,0.0433159378042176
"1990-09-12",1990-09-12,0.0234380000000001,56777600,-0.360975497061308,1.023438,0.0229012407200045,1,1.023438,2651,-0.961038162253995,0.0965637370118558
"1990-09-13",1990-09-13,-0.0152671681137499,26912000,-0.370731591576478,1.007813,0.00775243026236028,1,1.023438,2653,-1.02702702702703,0.00250315845157793
"1990-09-14",1990-09-14,0.0116271570221856,24908800,-0.363414988982637,1.019531,0.0191568476093419,1,1.023438,0,2.47107641875252,0.0732085062051395
"1990-09-17",1990-09-17,0.00766332754962828,43014400,-0.358536629530027,1.027344,0.0190111588718093,1.007813,1.027344,2653,-0.986576339445254,0.0910828063111372
"1990-09-18",1990-09-18,0.0190111588718092,61129600,-0.346341667483577,1.046875,0.0373129552238806,0,1.046875,0,1.96268704477612,0.206262637043645
"1990-09-19",1990-09-19,0.0111942686567165,63808000,-0.339024440499686,1.058594,0.047970232213672,0,1.058594,0,1.28561867924551,0.274148551281984
"1990-09-20",1990-09-20,-0.0258304883647555,34108800,-0.356097761998747,1.03125,0.0227267878787878,1.007813,1.058594,2658,-1.05036014947446,0.114327042969247
"1990-09-21",1990-09-21,-0.00378763636363633,37193600,-0.358536629530028,1.027344,0.0190111588718093,1.007813,1.058594,0,-1.00684887070784,0.0910828063111368
"1990-09-24",1990-09-24,-0.0266162064508091,39385600,-0.375609951029088,1,0,1,1.03125,2660,-1.04761946226091,-0.0452006729647689
"1990-09-25",1990-09-25,0.0546880000000001,53936000,-0.341463308030967,1.054688,0.0518523013440942,1,1.054688,2660,-0.909090153483509,0.279599219635972
"1990-09-26",1990-09-26,-0.0296296155829971,38473600,-0.360975497061308,1.023438,0.0229012407200045,1,1.054688,2662,-1.05714285714286,0.0965637370118554
"1990-09-27",1990-09-27,-0.0229012407200046,133404800,-0.375609951029088,1,0,1,1.023438,2663,-1.04054140540541,-0.0452006729647693
"1990-09-28",1990-09-28,0.0390630000000001,69584000,-0.351219402546137,1.039063,0.0375944480748521,1,1.039063,2663,-0.935064157868752,0.188903598649515
"1990-10-01",1990-10-01,0.0225558989204696,74070400,-0.336585572968406,1.0625,0.0588235294117647,0,1.0625,0,1.56468660730554,0.324350256774461
"1990-10-02",1990-10-02,0.0147058823529412,70755200,-0.326829478453236,1.078125,0.072463768115942,0,1.078125,0,1.23188405797101,0.412713277681509
"1990-10-03",1990-10-03,-0.036231420289855,43171200,-0.351219402546137,1.039063,0.0375944480748521,1,1.078125,2667,-1.07462583916338,0.188903598649515
"1990-10-04",1990-10-04,-0.0300751734976609,62224000,-0.370731591576478,1.007813,0.00775243026236028,1,1.078125,0,-1.05555555555556,0.00250315845157751
"1990-10-05",1990-10-05,0.0193795872845458,41203200,-0.358536629530028,1.027344,0.0266162064508091,1,1.078125,0,3.43327260614475,0.11980546861561
"1990-10-08",1990-10-08,-0.00380203709760311,25804800,-0.360975497061308,1.023438,0.0229012407200045,1,1.078125,0,-1.00680228275275,0.096563737011855
"1990-10-09",1990-10-09,-0.0763358405687497,64092800,-0.409755969637161,0.945313,0,0.945313,1.039063,2671,-1.13513513513514,-0.174162990601041
"1990-10-10",1990-10-10,-0.0165289168772671,58214400,-0.419512064152331,0.929688,0,0.929688,0.945313,2672,-1.02380952380952,-0.211009703952783
"1990-10-11",1990-10-11,-0.0210091987849687,105171200,-0.431707650588831,0.910156,0,0.910156,0.929688,2673,-1.02907088372093,-0.257069864284702
"1990-10-12",1990-10-12,0.0300432013852571,105232000,-0.41463432908977,0.9375,0.0291669333333334,0.910156,0.9375,2673,-0.960451658719104,-0.08243016471318
"1990-10-15",1990-10-15,0.0458336,83788800,-0.387804913075539,0.980469,0.0717136390849686,0,0.980469,0,2.45873086023105,0.179588829484498
"1990-10-16",1990-10-16,-0.0119524431675046,39238400,-0.395122140059429,0.96875,0.0604841290322581,0.910156,0.980469,2676,-1.01886831944923,0.109541711538365
"1990-10-17",1990-10-17,0.032258064516129,44668800,-0.375609951029088,1,0.03125,0.96875,1,2676,-0.950617322969029,0.0728239925867441
"1990-10-18",1990-10-18,0.0625,71900800,-0.336585572968406,1.0625,0.0882352941176471,0,1.0625,0,2.82352941176471,0.43543229494059
"1990-10-19",1990-10-19,0.0220592941176471,102144000,-0.321951119000626,1.085938,0.107914079809345,0,1.085938,0,1.22302623783924,0.565026171254152
"1990-10-22",1990-10-22,0.0143884825837202,47568000,-0.312195024485455,1.101563,0.120567775061435,0,1.101563,0,1.11725712969472,0.649663225409695
"1990-10-23",1990-10-23,0.00709174146190452,46825600,-0.307317289422895,1.109375,0.126760563380282,0,1.109375,0,1.05136354482523,0.691474259635959
"1990-10-24",1990-10-24,-0.0140845070422535,43964800,-0.317073383938065,1.09375,0.114285714285714,0.96875,1.109375,2682,-1.03174599949613,0.607512669734076
"1990-10-25",1990-10-25,-0.0250002285714286,89120000,-0.334146705437126,1.066406,0.0915748786109605,0.96875,1.109375,0,-1.05384659313566,0.457256290704051
"1990-10-26",1990-10-26,-0.0256403283552417,23635200,-0.351219402546137,1.039063,0.067669621572513,0.96875,1.109375,0,-1.05109341744572,0.3024911920404
"1990-10-29",1990-10-29,-0.0263160174118413,34265600,-0.368292724045198,1.011719,0.0424712790804561,0.96875,1.109375,0,-1.04861155555556,0.142840023884957
"1990-10-30",1990-10-30,0.0270272674527216,33993600,-0.351219402546137,1.039063,0.067669621572513,0.96875,1.109375,0,1.59330312243062,0.3024911920404
"1990-10-31",1990-10-31,0.00751831217163919,44969600,-0.346341667483577,1.046875,0.0746268656716418,0.96875,1.109375,0,1.10281192560939,0.34718941467616
"1990-11-01",1990-11-01,0,30390400,-0.346341667483577,1.046875,0.0746268656716418,0.96875,1.109375,0,-1,0.34718941467616
"1990-11-02",1990-11-02,0.0447761194029851,61225600,-0.317073383938065,1.09375,0.114285714285714,0.96875,1.109375,0,1.53142857142857,0.607512669734075
"1990-11-05",1990-11-05,0.0357147428571429,47936000,-0.292682835455115,1.132813,0.10689672523179,1.011719,1.132813,2682,-0.923076014202078,0.671723977428957
"1990-11-06",1990-11-06,-0.0034489364087454,45283200,-0.295122327376444,1.128906,0.103805808455265,1.011719,1.132813,2691,-1.00833493333333,0.650836789047279
"1990-11-07",1990-11-07,-0.0449824874701702,45708800,-0.326829478453236,1.078125,0.0615939710144927,1.011719,1.132813,0,-1.10743731712426,0.371660344321145
"1990-11-08",1990-11-08,0.0217395942028986,40540800,-0.312195024485455,1.101563,0.0815604736179411,1.011719,1.132813,0,1.32416326264709,0.502340866787759
"1990-11-09",1990-11-09,0.0212761321867201,29782400,-0.297561194907724,1.125,0.100694222222222,1.011719,1.132813,0,1.23459584962577,0.62987389467309
"1990-11-12",1990-11-12,0.0347226666666667,57500800,-0.273170646424774,1.164063,0.0738259011754518,1.078125,1.164063,2691,-0.918031823704316,0.620515869772049
"1990-11-13",1990-11-13,0.016778301518045,68153600,-0.260975684378323,1.183594,0.0891091032904865,0,1.183594,0,1.20701680401724,0.724295106096174
"1990-11-14",1990-11-14,0,65993600,-0.260975684378323,1.183594,0.0891091032904865,0,1.183594,0,-1,0.724295106096174
"1990-11-15",1990-11-15,-0.0297027528020588,37875200,-0.282926740939944,1.148438,0.06122489851433,1.078125,1.183594,2698,-1.08411150109219,0.536077824430142
"1990-11-16",1990-11-16,0.00680228275274758,29750400,-0.278049005877383,1.15625,0.0675675675675675,1.078125,1.183594,0,1.10359623628862,0.578454926609979
"1990-11-19",1990-11-19,0.00675718918918925,40208000,-0.273170646424773,1.164063,0.0738259011754518,1.078125,1.183594,0,1.09262333739669,0.620515869772049
"1990-11-20",1990-11-20,-0.0134228130264427,25510400,-0.282926740939944,1.148438,0.06122489851433,1.078125,1.183594,0,-1.03571428571429,0.536077824430142
"1990-11-21",1990-11-21,-0.0136054362534155,41116800,-0.292682835455115,1.132813,0.0482762821401238,1.078125,1.183594,0,-1.03448275862069,0.450326915336943
"1990-11-23",1990-11-23,-0.0206900874195477,22204800,-0.307317289422895,1.109375,0.028169014084507,1.078125,1.183594,0,-1.05000106666667,0.3191147514171
"1990-11-26",1990-11-26,0.0140845070422535,33526400,-0.297561194907724,1.125,0.0416666666666666,1.078125,1.183594,0,1.47916666666667,0.40693925458452
"1990-11-27",1990-11-27,0.0312497777777777,53753600,-0.275610138346103,1.160156,0.0707068704553525,1.078125,1.183594,0,1.69696489092846,0.599522500949165
"1990-11-28",1990-11-28,0.0168356669275512,31270400,-0.263414551909603,1.179688,0.0860931025830559,1.078125,1.183594,0,1.21760589923746,0.703693218112128
"1990-11-29",1990-11-29,0,27820800,-0.263414551909603,1.179688,0.0860931025830559,1.078125,1.183594,0,-1,0.703693218112128
"1990-11-30",1990-11-30,-0.00662293759027817,62268800,-0.268292911362213,1.171875,0.08,1.078125,1.183594,0,-1.0185197037037,0.662256317716269
"1990-12-03",1990-12-03,0.00666709333333339,62732800,-0.263414551909603,1.179688,0.0860931025830559,1.078125,1.183594,0,1.0761637822882,0.703693218112128
"1990-12-04",1990-12-04,0.0132450274987963,39747200,-0.253658457394432,1.195313,0.0718958130631894,1.109375,1.195313,2698,-0.962962962962963,0.686919760349622
"1990-12-05",1990-12-05,0,45574400,-0.253658457394432,1.195313,0.0718958130631894,0,1.195313,0,-1,0.686919760349622
"1990-12-06",1990-12-06,0.00326776333897478,75222400,-0.251219589863152,1.199219,0.0749187596260567,0,1.199219,0,1.04204621151179,0.707547881366144
"1990-12-07",1990-12-07,-0.0162864330868673,35004800,-0.263414551909603,1.179688,0.0596030475854633,1.109375,1.199219,2713,-1.0485430377985,0.603645861903102
"1990-12-10",1990-12-10,0,34220800,-0.263414551909603,1.179688,0.0596030475854633,1.109375,1.199219,0,-1,0.603645861903102
"1990-12-11",1990-12-11,-0.0529801099951852,94134400,-0.302438929970285,1.117188,0.00699345141551833,1.109375,1.199219,0,-1.14814814814815,0.257563648727879
"1990-12-12",1990-12-12,0.027972015453084,66944000,-0.282926740939944,1.148438,0.0340140260074989,1.109375,1.199219,0,4.86369661938631,0.433308092366667
"1990-12-13",1990-12-13,-0.0136054362534155,39849600,-0.292682835455115,1.132813,0.0206900874195477,1.109375,1.199219,0,-1.03448275862069,0.346139670353426
"1990-12-14",1990-12-14,-0.00689699005925962,35913600,-0.297561194907724,1.125,0.0138888888888888,1.109375,1.199219,0,-1.01666773333333,0.302028440760953
"1990-12-17",1990-12-17,-0.00694399999999994,26201600,-0.302438929970285,1.117188,0.00699345141551833,1.109375,1.199219,0,-1.01639237624406,0.257563648727879
"1990-12-18",1990-12-18,0.041958023179626,32905600,-0.273170646424774,1.164063,0.0469802751225664,1.109375,1.199219,0,6.71775241311009,0.51912559660684
"1990-12-19",1990-12-19,0.0134228130264427,47203200,-0.263414551909603,1.179688,0.0596030475854633,1.109375,1.199219,0,1.26868238702233,0.603645861903102
"1990-12-20",1990-12-20,0.0331121449061107,63209600,-0.239024627816701,1.21875,0.083332923076923,1.117188,1.21875,2713,1.39813191527554,0.785384205978304
"1990-12-21",1990-12-21,0.0256410256410256,50902400,-0.219512438786361,1.25,0.1062496,0,1.25,0,1.27500147693035,0.945629092822532
"1990-12-24",1990-12-24,-0.0281248,10425600,-0.241463495347982,1.214844,0.0803856297598704,1.117188,1.25,2724,-1.09999914666788,0.765041811330908
"1990-12-26",1990-12-26,-0.0353699734286872,20860800,-0.268292911362213,1.171875,0.04666624,1.117188,1.25,0,-1.11111168574598,0.536361729697888
"1990-12-27",1990-12-27,-0.0133333333333333,38428800,-0.278049005877383,1.15625,0.0337833513513512,1.117188,1.25,0,-1.03636359404964,0.450859060375133
"1990-12-28",1990-12-28,0.0236488648648649,36662400,-0.260975684378323,1.183594,0.0561053874892911,1.117188,1.25,0,1.66074072716433,0.599647025475588
"1990-12-31",1990-12-31,0.0165014354584426,18518400,-0.248780722331872,1.203125,0.0714281558441557,1.117188,1.25,0,1.27310689829545,0.703575695150852
"1991-01-02",1991-01-02,0,27174400,-0.248780722331872,1.203125,0.0714281558441557,1.117188,1.25,0,-1,0.703575695150852
"1991-01-03",1991-01-03,0,37164800,-0.248780722331872,1.203125,0.0714281558441557,1.117188,1.25,0,-1,0.703575695150852
"1991-01-04",1991-01-04,0.00649392207792214,44195200,-0.243902362879262,1.210938,0.0774193228720215,1.117188,1.25,0,1.08387682640075,0.744627606432818
"1991-01-07",1991-01-07,-0.00967762181053038,38502400,-0.251219589863152,1.199219,0.068403686065681,1.117188,1.25,0,-1.03000064,0.682941821269925
"1991-01-08",1991-01-08,-0.00977219340253952,40976000,-0.258536816847042,1.1875,0.0592101052631578,1.117188,1.25,0,-1.02912681685324,0.620583979126669
"1991-01-09",1991-01-09,0.0098686315789474,86828800,-0.251219589863152,1.199219,0.068403686065681,1.117188,1.25,0,1.15527046881039,0.682941821269925
"1991-01-10",1991-01-10,0.00977219340253952,29497600,-0.243902362879262,1.210938,0.0774193228720215,1.117188,1.25,0,1.13180045294173,0.744627606432817
"1991-01-11",1991-01-11,0.0258064409573405,37833600,-0.224390173848921,1.242188,0.100628890312899,1.117188,1.25,0,1.2997903698957,0.905978679050059
"1991-01-14",1991-01-14,-0.00628970816011753,48531200,-0.229268533301531,1.234375,0.0949363037974683,1.117188,1.25,0,-1.02174052173913,0.866054443451942
"1991-01-15",1991-01-15,0.0221521012658228,65952000,-0.21219521180247,1.261719,0.0835915128487406,1.15625,1.261719,2724,-0.925531335446692,0.887689896325691
"1991-01-16",1991-01-16,0.0433432483778083,96227200,-0.178049193194398,1.316406,0.121661554262135,0,1.316406,0,1.45542950613039,1.1604347389331
"1991-01-17",1991-01-17,-0.00296716970296395,334278400,-0.180488060725679,1.3125,0.119047619047619,1.15625,1.316406,2740,-1.01369771739778,1.14135136759965
"1991-01-18",1991-01-18,0.0416670476190477,162854400,-0.146341417727557,1.367188,0.040000351085586,1.3125,1.367188,2740,-0.810809408329672,0.971771167778222
"1991-01-21",1991-01-21,0.0285710524083008,99132800,-0.121951493634656,1.40625,0.0666666666666667,0,1.40625,0,1.66665203822898,1.16459982735709
"1991-01-22",1991-01-22,-0.0277774222222222,69724800,-0.146341417727557,1.367188,0.040000351085586,1.3125,1.40625,2743,-1.19999692800786,0.971771167778222
"1991-01-23",1991-01-23,0.00285695895516927,66992000,-0.143902550196277,1.371094,0.0427352172790487,1.3125,1.40625,0,1.06837105473427,0.991311269938715
"1991-01-24",1991-01-24,-0.00284881999337753,67129600,-0.146341417727557,1.367188,0.040000351085586,1.3125,1.40625,0,-1.01694804941228,0.971771167778222
"1991-01-25",1991-01-25,0.00571391791033854,54745600,-0.141463682664997,1.375,0.0454545454545454,1.3125,1.40625,0,1.13635366242885,1.01079268827925
"1991-01-28",1991-01-28,0,46371200,-0.141463682664997,1.375,0.0454545454545454,1.3125,1.40625,0,-1,1.01079268827925
"1991-01-29",1991-01-29,0.0113636363636364,49126400,-0.131707588149826,1.390625,0.0561797752808989,1.3125,1.40625,0,1.23595505617978,1.08814633485398
"1991-01-30",1991-01-30,0.00561833707865174,124227200,-0.126829228697216,1.398438,0.0614528495364114,1.3125,1.40625,0,1.09386072174812,1.1264861610386
"1991-01-31",1991-01-31,0.0223463607253235,89472000,-0.107317039666875,1.429688,0.0437158317059386,1.367188,1.429688,2743,-0.846153846153845,1.13319060862776
"1991-02-01",1991-02-01,0.027322045089558,110697600,-0.0829271155739736,1.46875,0.0691485957446808,0,1.46875,0,1.58177468084834,1.32136040394343
"1991-02-04",1991-02-04,0,54518400,-0.0829271155739736,1.46875,0.0691485957446808,0,1.46875,0,-1,1.32136040394343
"1991-02-05",1991-02-05,0.0212765957446809,59536000,-0.0634149265436327,1.5,0.0885413333333332,0,1.5,0,1.28045020119073,1.46829611442384
"1991-02-06",1991-02-06,0.0416666666666667,104876800,-0.0243905484829505,1.5625,0.12499968,0,1.5625,0,1.41176640665,1.75337846133143
"1991-02-07",1991-02-07,-0.01499968,94841600,-0.0390243780606817,1.539063,0.111675090623321,1.367188,1.5625,2755,-1.59997952026214,1.64778540384524
"1991-02-08",1991-02-08,-0.0177666541265692,51305600,-0.0560976995597424,1.511719,0.0956070539564562,1.367188,1.5625,0,-1.43750400000001,1.52261747701464
"1991-02-11",1991-02-11,0.0232556447329166,56972800,-0.0341466429981211,1.546875,0.116161292929293,1.367188,1.5625,0,1.21498663667848,1.68315102228257
"1991-02-12",1991-02-12,-0.0277779393939394,118281600,-0.0609760590123521,1.503906,0.0909086073198723,1.367188,1.5625,0,-1.78571167349327,1.48644789827132
"1991-02-13",1991-02-13,-0.00259723679538479,58633600,-0.0634149265436327,1.5,0.0885413333333332,1.367188,1.5625,0,-1.03999713282202,1.46829611442384
"1991-02-14",1991-02-14,-0.0156246666666666,42867200,-0.0780487561213639,1.476563,0.0740740489907982,1.367188,1.5625,0,-1.23076317162746,1.35838733882013
"1991-02-15",1991-02-15,0.0317460209960564,73747200,-0.0487804725758525,1.523438,0.102564068902049,1.367188,1.5625,0,1.38461539904198,1.57652828116596
"1991-02-19",1991-02-19,0.0256406890204918,65536000,-0.0243905484829509,1.5625,0.05499968,1.476563,1.5625,2755,-0.500006400000003,1.48900321049604
"1991-02-20",1991-02-20,-0.00499967999999996,62329600,-0.0292682835455116,1.554688,0.0502512401202042,1.476563,1.5625,2763,-1.1999846401966,1.45264717599646
"1991-02-21",1991-02-21,-0.00502544561995723,40393600,-0.0341466429981212,1.546875,0.0454542222222222,1.476563,1.5625,0,-1.16667733333333,1.41610531436803
"1991-02-22",1991-02-22,0.00505082828282833,53542400,-0.0292682835455116,1.554688,0.0502512401202042,1.476563,1.5625,0,1.10553514422774,1.45264717599646
"1991-02-25",1991-02-25,0.0050248024040836,48956800,-0.0243905484829509,1.5625,0.01,1.546875,1.5625,2763,-0.833344000000002,1.31904890067444
"1991-02-26",1991-02-26,-0.01,31670400,-0.0341466429981214,1.546875,0,0,1.5625,2767,-1.39999488006554,1.24443429434621
"1991-02-27",1991-02-27,-0.00505018181818177,37612800,-0.0390243780606822,1.539063,0,1.539063,1.546875,2768,-1.14284669397308,1.22601211676517
"1991-02-28",1991-02-28,-0.0304568428972693,61635200,-0.0682926616061935,1.492188,0,1.492188,1.539063,2769,-1.74999999999999,1.11547197670994
"1991-03-01",1991-03-01,0,46179200,-0.0682926616061935,1.492188,0,1.492188,1.492188,2769,-1,1.11547197670994
"1991-03-04",1991-03-04,0.00523526526148175,44016000,-0.0634149265436328,1.5,0.00520799999999999,0,1.5,0,-0.928576000000001,1.15356367295314
"1991-03-05",1991-03-05,0.0703126666666667,93955200,0,1.605469,0.0705594440004759,0,1.605469,0,13.548280338033,1.63988712312116
"1991-03-06",1991-03-06,0.0024329339277183,90358400,0,1.609375,0.0728152233009708,0,1.609375,0,1.03196991320509,1.64840672624112
"1991-03-07",1991-03-07,0.00485467961165053,39276800,0,1.617188,0.0772946620924716,0,1.617188,0,1.06151788854627,1.66532462272833
"1991-03-08",1991-03-08,-0.00483122555942789,32966400,-0.00483122555942783,1.609375,0.0728152233009708,1.492188,1.617188,2775,0,1.63016020525375
"1991-03-11",1991-03-11,-0.111650174757282,275084800,-0.115941993138707,1.429688,0,1.429688,1.609375,2776,-23.9984640982978,0.935510491337841
"1991-03-12",1991-03-12,-0.0109289579264847,110016000,-0.125603825900266,1.414063,0,1.414063,1.429688,2777,-1.08333333333333,0.899019784768316
"1991-03-13",1991-03-13,0.0524856389001055,112934400,-0.0797105840508339,1.488281,0.0498682708440139,1.414063,1.488281,2777,-0.634619076923077,1.26069084103555
"1991-03-14",1991-03-14,-0.00262450437786948,100636800,-0.0821258876518993,1.484375,0.0473680842105263,1.414063,1.488281,2779,-1.03030091461286,1.24212607012499
"1991-03-15",1991-03-15,-0.00526282105263153,53542400,-0.0869564948540303,1.476563,0.0423280279947419,1.414063,1.488281,0,-1.0588195432676,1.20484665416752
"1991-03-18",1991-03-18,-0.00529134212356674,60633600,-0.0917877204134584,1.46875,0.0372337021276595,1.414063,1.488281,0,-1.05555911111111,1.16735993776662
"1991-03-19",1991-03-19,-0.0372337021276595,92934400,-0.125603825900266,1.414063,0,1.414063,1.484375,2782,-1.36841644322882,0.899019784768316
"1991-03-20",1991-03-20,0.0193364793506371,81187200,-0.108696082335511,1.441406,0.0189696726668266,1.414063,1.441406,2782,-0.865388307692309,1.03452122641903
"1991-03-21",1991-03-21,-0.035230184972173,71494400,-0.140096884221253,1.390625,0,0,1.441406,2784,-1.2888862340854,0.844282557211419
"1991-03-22",1991-03-22,-0.0168535730337078,66291200,-0.154589324184943,1.367188,0,1.367188,1.390625,2785,-1.10344584067125,0.789547665059742
"1991-03-25",1991-03-25,0.00857087686550781,47308800,-0.147343413381747,1.378906,0.00849804120077791,1.367188,1.378906,2785,-0.953128000000002,0.849009254491042
"1991-03-26",1991-03-26,0.0651560004815412,70512000,-0.0917877204134585,1.46875,0.0691485957446808,0,1.46875,0,8.13700405904727,1.28789576641497
"1991-03-27",1991-03-27,0.0106382978723404,77123200,-0.0821258876518995,1.484375,0.0789470315789473,0,1.484375,0,1.14170115428585,1.36139310057705
"1991-03-28",1991-03-28,-0.0157891368421052,46640000,-0.0966183276155895,1.460938,0.0641711010323505,1.367188,1.484375,2789,-1.17646615918622,1.25085263207419
"1991-04-01",1991-04-01,0.0160424330122154,42345600,-0.0821258876518995,1.484375,0.0157891368421053,1.460938,1.484375,2789,-0.850003200000001,1.12285903967294
"1991-04-02",1991-04-02,0.0210526315789474,38928000,-0.0628022221287815,1.515625,0.0360821443298969,0,1.515625,0,2.28525122625296,1.27248286630898
"1991-04-03",1991-04-03,0.0103092783505155,59107200,-0.0531403893672228,1.53125,0.0459180408163264,0,1.53125,0,1.27259733779957,1.34612168146123
"1991-04-04",1991-04-04,0.00510236734693882,59372800,-0.0483091638077948,1.539063,0.0507614048287822,0,1.539063,0,1.10547845522916,1.38266056781546
"1991-04-05",1991-04-05,-0.0203045619315129,76611200,-0.0676328293309127,1.507813,0.0310880725925562,1.460938,1.539063,2794,-1.4,1.23537712403755
"1991-04-08",1991-04-08,0.00518101382598501,54611200,-0.0628022221287817,1.515625,0.0360821443298969,1.460938,1.539063,0,1.16064269415456,1.27248286630898
"1991-04-09",1991-04-09,-0.0386599587628866,46931200,-0.099034249573952,1.457031,0,1.457031,1.515625,2796,-1.57692269822672,0.999367476280593
"1991-04-10",1991-04-10,0.0187669308340042,71875200,-0.0821258876518998,1.484375,0.0184212210526316,1.457031,1.484375,2796,-0.829267531234977,1.13279986714976
"1991-04-11",1991-04-11,0.0947368421052632,173852800,0,1.625,0.103365538461539,0,1.625,0,5.61122078532206,1.76378882957934
"1991-04-12",1991-04-12,0.0432695384615385,126444800,0,1.695313,0.140553396334482,0,1.695313,0,1.35977036860095,1.90423953319635
"1991-04-15",1991-04-15,-0.00230458918205671,71260800,-0.00230458918205678,1.691406,0.138568149811459,1.457031,1.695313,2800,0,1.88803772761673
"1991-04-16",1991-04-16,0.00692855529659942,75401600,0,1.703125,0.00688088073394499,1.691406,1.703125,2800,0,1.3993866068865
"1991-04-17",1991-04-17,0.00458744954128444,64326400,0,1.710938,0.0114159601341487,0,1.710938,0,1.65908414570116,1.41651464622917
"1991-04-18",1991-04-18,-0.0228313357935823,45715200,-0.0228313357935822,1.671875,0,0,1.710938,2803,0,1.28716982549592
"1991-04-19",1991-04-19,-0.0116820934579439,47836800,-0.0342467114530158,1.652344,0,1.652344,1.671875,2804,-1.49998720016384,1.24405635687673
"1991-04-22",1991-04-22,0.00709234880872266,53536000,-0.0273972522674696,1.664063,0.00704240163984182,1.652344,1.664063,2804,-0.799996586681228,1.29652298816648
"1991-04-23",1991-04-23,0.00704180070105513,27452800,-0.0205483775566385,1.675781,0.013985717704163,0,1.675781,0,1.98593014420534,1.3486131866772
"1991-04-24",1991-04-24,0.0256411786504323,39884800,0,1.71875,0.0386362181818182,0,1.71875,0,2.76254812224028,1.51931982550284
"1991-04-25",1991-04-25,-0.0363636363636364,76236800,-0.0363636363636364,1.65625,0.00235833962264154,1.652344,1.71875,2808,0,1.24496812937739
"1991-04-26",1991-04-26,-0.0165095849056604,73779200,-0.0522728727272729,1.628906,0,1.628906,1.65625,2809,-1.437504,1.17597534389844
"1991-04-29",1991-04-29,-0.0335728396850401,52688000,-0.0840907636363636,1.574219,0,1.574219,1.628906,2810,-1.6086883932149,1.05580587403924
"1991-04-30",1991-04-30,-0.0223323438479652,82140800,-0.104545163636364,1.539063,0,1.539063,1.574219,2811,-1.24324193425632,0.978553915029416
"1991-05-01",1991-05-01,-0.0152287463216256,81126400,-0.118181818181818,1.515625,0,1.515625,1.539063,2812,-1.1304379281751,0.927051144086415
"1991-05-02",1991-05-02,-0.00515430927835047,66665600,-0.122726981818182,1.507813,0,1.507813,1.515625,2813,-1.03845907692308,0.909885018708536
"1991-05-03",1991-05-03,0.00518101382598501,45132800,-0.118181818181818,1.515625,0.00515430927835048,1.507813,1.515625,2813,-0.962965245547251,0.946517884205658
"1991-05-06",1991-05-06,0.0206185567010309,4281600,-0.1,1.546875,0.025252202020202,0,1.546875,0,4.89924074332679,1.09109228673925
"1991-05-07",1991-05-07,0.0151518383838384,41177600,-0.0863633454545456,1.570313,0.039800982351926,0,1.570313,0,1.57613907571644,1.19754273553294
"1991-05-08",1991-05-08,0.0248752955620949,31123200,-0.0636363636363637,1.609375,0.0631064854368931,0,1.609375,0,1.58555095145383,1.37139773185932
"1991-05-09",1991-05-09,0.058252427184466,73772800,-0.00909090909090915,1.703125,0.114678605504587,0,1.703125,0,1.81722377202049,1.77218145195067
"1991-05-10",1991-05-10,-0.0275229357798165,43424000,-0.0363636363636365,1.65625,0.0896223396226414,1.507813,1.703125,2819,-3.99999999999999,1.57454587064738
"1991-05-13",1991-05-13,-0.00471667924528298,37875200,-0.0409088000000001,1.648438,0.0853080309966162,1.507813,1.703125,0,-1.124992,1.54108551062398
"1991-05-14",1991-05-14,0.00947867011073513,69516800,-0.0318178909090909,1.664063,0.0938966854019349,1.507813,1.703125,0,1.10067814606645,1.60785749682363
"1991-05-15",1991-05-15,-0.0751173483215479,210182400,-0.104545163636364,1.539063,0.0203045619315129,1.507813,1.703125,0,-3.28573518386454,1.05523996722579
"1991-05-16",1991-05-16,-0.0152287463216256,126057600,-0.118181818181818,1.515625,0.00515430927835048,1.507813,1.703125,0,-1.1304379281751,0.946517884205659
"1991-05-17",1991-05-17,0,77116800,-0.118181818181818,1.515625,0.00515430927835048,1.507813,1.703125,0,-1,0.946517884205659
"1991-05-20",1991-05-20,0,44780800,-0.118181818181818,1.515625,0.00515430927835048,1.507813,1.703125,0,-1,0.946517884205659
"1991-05-21",1991-05-21,-0.0309278350515464,95699200,-0.145454545454546,1.46875,0,1.46875,1.664063,2826,-1.23076923076923,0.824047799605094
"1991-05-22",1991-05-22,0.0319148936170213,133574400,-0.118181818181818,1.515625,0.0309278350515464,1.46875,1.515625,2826,-0.812499999999999,1.04385906050853
"1991-05-23",1991-05-23,0.0412371134020619,80844800,-0.0818181818181818,1.578125,0.0693069306930693,0,1.578125,0,2.24092409240924,1.32614661082262
"1991-05-24",1991-05-24,0.0099009900990099,34611200,-0.0727272727272728,1.59375,0.0784313725490197,0,1.59375,0,1.13165266106443,1.39494215333163
"1991-05-28",1991-05-28,0.0441179607843138,47427200,-0.0318178909090908,1.664063,0.117371157221812,0,1.664063,0,1.4964822545781,1.69651563076089
"1991-05-29",1991-05-29,-0.018779337080387,46908800,-0.0499997090909089,1.632813,0.100478744351007,1.46875,1.664063,2831,-1.57143379596613,1.56404765029809
"1991-05-30",1991-05-30,0.0191387501201913,51123200,-0.0318178909090908,1.664063,0.0187793370803869,1.632813,1.664063,2831,-0.636361520648848,1.32415509961508
"1991-05-31",1991-05-31,0.0469483427009674,130688000,0,1.742188,0.0627802510406454,0,1.742188,0,3.3430493723984,1.61050675040613
"1991-06-03",1991-06-03,0.0493270531079309,115529600,0,1.828125,0.106837333333333,0,1.828125,0,1.70176658363733,1.77690106729477
"1991-06-04",1991-06-04,-0.0128202393162393,95289600,-0.0128202393162394,1.804688,0.0952380688517904,1.632813,1.828125,2835,0,1.68467374669742
"1991-06-05",1991-06-05,-0.0692640500740294,212940800,-0.0811963076923077,1.679688,0.0279069684369955,1.632813,1.828125,0,-6.33344711353836,1.17213636399392
"1991-06-06",1991-06-06,-0.00465145908049594,106969600,-0.0854700854700855,1.671875,0.0233641869158878,1.632813,1.828125,0,-1.05263512466568,1.1388380771918
"1991-06-07",1991-06-07,-0.0233641869158878,91721600,-0.106837333333333,1.632813,0,1.632813,1.804688,2838,-1.2499968,0.969896873049507
"1991-06-10",1991-06-10,-0.0334931189303368,68563200,-0.136752136752137,1.578125,0,1.578125,1.632813,2839,-1.28000327680839,0.856914963656114
"1991-06-11",1991-06-11,0.0148518019801981,77072000,-0.12393135042735,1.601563,0.0146344539677803,1.578125,1.601563,2839,-0.906248,0.960607621357446
"1991-06-12",1991-06-12,-0.0365855105294016,130243200,-0.155982769230769,1.542969,0,0,1.601563,2841,-1.25862236385625,0.784284916723805
"1991-06-13",1991-06-13,-0.012658063771858,130371200,-0.166666393162393,1.523438,0,1.523438,1.542969,2842,-1.06849233402068,0.743935120198747
"1991-06-14",1991-06-14,-0.0102564068902049,67392000,-0.175213401709402,1.507813,0,1.507813,1.523438,2843,-1.05128213543735,0.711654869791496
"1991-06-17",1991-06-17,0.0259063955543558,68918400,-0.153846153846154,1.546875,0.025252202020202,1.507813,1.546875,2843,-0.878050151102675,0.887726709173566
"1991-06-18",1991-06-18,-0.0202020202020202,69593600,-0.170940170940171,1.515625,0.00515430927835048,1.507813,1.546875,2845,-1.11111111111111,0.747260702146353
"1991-06-19",1991-06-19,-0.0206185567010309,74569600,-0.188034188034188,1.484375,0,1.484375,1.515625,2846,-1.1,0.663233461212606
"1991-06-20",1991-06-20,-0.00789490526315792,68976000,-0.194444581196581,1.472656,0,1.472656,1.484375,2847,-1.03409163636364,0.63902275692316
"1991-06-21",1991-06-21,-0.00265235058289238,51945600,-0.196581196581197,1.46875,0,1.46875,1.472656,2848,-1.01098829996427,0.630953210805354
"1991-06-24",1991-06-24,-0.0691485957446808,100540800,-0.252136478632479,1.367188,0,1.367188,1.46875,2849,-1.28260730434783,0.421132616126233
"1991-06-25",1991-06-25,0.00571391791033854,82064000,-0.247863247863248,1.375,0.00568145454545455,1.367188,1.375,2849,-0.983051913819025,0.458729365084194
"1991-06-26",1991-06-26,0.0454545454545455,73126400,-0.213675213675214,1.4375,0.0489126956521738,0,1.4375,0,8.60918542264964,0.751125655449115
"1991-06-27",1991-06-27,-0.00815234782608698,46534400,-0.220085606837607,1.425781,0.0410953715893253,1.367188,1.4375,2852,-1.03000064,0.697390565302854
"1991-06-28",1991-06-28,0.0191782608970102,178419200,-0.205128205128205,1.453125,0.0188173763440861,1.425781,1.453125,2852,-0.932038255820889,0.669742225984269
"1991-07-01",1991-07-01,-0.021505376344086,88124800,-0.222222222222222,1.421875,0,0,1.453125,2854,-1.08333333333333,0.5341124595836
"1991-07-02",1991-07-02,-0.0576921318681318,289740800,-0.26709388034188,1.339844,0,1.339844,1.421875,2855,-1.20192246153846,0.364641661429536
"1991-07-03",1991-07-03,0,130969600,-0.26709388034188,1.339844,0,1.339844,1.339844,2855,-1,0.364641661429536
"1991-07-05",1991-07-05,0,25324800,-0.26709388034188,1.339844,0,0,1.339844,0,-1,0.364641661429536
"1991-07-08",1991-07-08,0.0291541403327551,88089600,-0.245726632478633,1.378906,0.0283282544277854,0,1.378906,0,-0.920000983040503,0.552331102623573
"1991-07-09",1991-07-09,0.0254962992401223,90956800,-0.226495452991453,1.414063,0.0524863460821759,0,1.414063,0,1.85279139651808,0.716203237503821
"1991-07-10",1991-07-10,0.0331491595494684,97328000,-0.200854427350427,1.460938,0.0828878432897221,0,1.460938,0,1.57922677947418,0.927864038011523
"1991-07-11",1991-07-11,-0.0267383010093516,45587200,-0.222222222222222,1.421875,0.0576921318681318,1.339844,1.460938,2861,-1.10638448528951,0.752003485781681
"1991-07-12",1991-07-12,0.021978021978022,56508800,-0.205128205128205,1.453125,0.077956817204301,1.339844,1.460938,0,1.35125561632024,0.893099433294041
"1991-07-15",1991-07-15,0.00537668817204306,28995200,-0.200854427350427,1.460938,0.0267383010093516,1.421875,1.460938,2861,-0.979165333333334,0.715799047659162
"1991-07-16",1991-07-16,-0.0213903670107835,65484800,-0.217948444444445,1.429688,0.00546482868989606,1.421875,1.460938,2864,-1.08510649886842,0.570893124264719
"1991-07-17",1991-07-17,-0.032786873779454,157408000,-0.24358947008547,1.382813,0,1.382813,1.429688,2865,-1.11764720645924,0.453412866533484
"1991-07-18",1991-07-18,0.0338982928277359,73888000,-0.217948444444445,1.429688,0.032786873779454,1.382813,1.429688,2865,-0.894736723914919,0.674082731748829
"1991-07-19",1991-07-19,0.032786873779454,60297600,-0.192307418803419,1.476563,0.0634920419921128,0,1.476563,0,1.93650795800789,0.886890433658647
"1991-07-22",1991-07-22,-0.0264553561209377,24281600,-0.213675213675214,1.4375,0.0380431304347826,1.382813,1.476563,2868,-1.11111269136027,0.71007359786598
"1991-07-23",1991-07-23,-0.0326086956521739,49136000,-0.23931623931624,1.390625,0.00561761797752802,1.382813,1.476563,0,-1.12,0.490768518224901
"1991-07-24",1991-07-24,0.00561833707865174,32947200,-0.235042461538462,1.398438,0.0111731803626618,1.382813,1.476563,0,1.98895339757127,0.527891864955132
"1991-07-25",1991-07-25,0.0223463607253235,37209600,-0.217948444444445,1.429688,0.032786873779454,1.382813,1.476563,0,2.93442625244109,0.674082731748829
"1991-07-26",1991-07-26,-0.0109289579264847,28748800,-0.226495452991453,1.414063,0.0220994396996457,1.382813,1.476563,0,-1.03921573548641,0.601438294689635
"1991-07-29",1991-07-29,0.00552450633387616,31968000,-0.222222222222222,1.421875,0.0274721758241758,1.382813,1.476563,0,1.24311639559877,0.637869079219462
"1991-07-30",1991-07-30,0.00824193406593409,45068800,-0.215811829059829,1.433594,0.0354221627601677,1.382813,1.476563,0,1.28938322857543,0.692105209085206
"1991-07-31",1991-07-31,0.0245229820995344,53152000,-0.196581196581197,1.46875,0.0585102978723404,1.382813,1.476563,0,1.65179913684252,0.85193427761183
"1991-08-01",1991-08-01,0.0558508936170213,100476800,-0.151709538461539,1.550781,0.103274414633659,1.390625,1.550781,2868,1.76506390138341,1.19046971286872
"1991-08-02",1991-08-02,-0.00755619265389497,77952000,-0.158119384615385,1.539063,0.0964469940476771,1.390625,1.550781,2877,-1.0422507788162,1.14047534551563
"1991-08-05",1991-08-05,-0.0101522809657564,31596800,-0.166666393162393,1.523438,0.0871797867717623,1.390625,1.550781,0,-1.05405414755312,1.07319480584961
"1991-08-06",1991-08-06,0.0410256275608197,57395200,-0.132478358974359,1.585938,0.0394088545706074,1.523438,1.585938,2877,-0.794871458250598,1.02189506200261
"1991-08-07",1991-08-07,-0.00985221364265186,50473600,-0.141025367521368,1.570313,0.0298507367639446,1.523438,1.585938,2880,-1.06451626222712,0.953515814557487
"1991-08-08",1991-08-08,-0.0298507367639445,58294400,-0.166666393162393,1.523438,0,1.523438,1.570313,2881,-1.18181853443595,0.743935120198746
"1991-08-09",1991-08-09,-0.0128210009202869,46476800,-0.177350564102564,1.503906,0,1.503906,1.523438,2882,-1.06410513083919,0.703583257737662
"1991-08-12",1991-08-12,0.0181819874380447,36547200,-0.162393162393163,1.53125,0.017857306122449,1.503906,1.53125,2882,-0.915661944549826,0.827517495082456
"1991-08-13",1991-08-13,0.0153064489795919,54048000,-0.149572376068376,1.554688,0.0326637884900379,0,1.554688,0,1.82915543173532,0.931859867803076
"1991-08-14",1991-08-14,0.0100502480240408,52918400,-0.141025367521368,1.570313,0.0422890213607097,0,1.570313,0,1.29467594898269,1.00049259470365
"1991-08-15",1991-08-15,-0.0174130889828971,43516800,-0.155982769230769,1.542969,0.0253167756448769,1.503906,1.570313,2886,-1.10606178145315,0.879901044030341
"1991-08-16",1991-08-16,-0.0329112250472952,43238400,-0.18376041025641,1.492188,0,1.492188,1.542969,2887,-1.17808147119471,0.679374619384244
"1991-08-19",1991-08-19,-0.0130895034673916,85241600,-0.194444581196581,1.472656,0,1.472656,1.492188,2888,-1.05814185397857,0.63902275692316
"1991-08-20",1991-08-20,0.0132631110048783,75385600,-0.18376041025641,1.492188,0.0130895034673916,1.472656,1.492188,2888,-0.945052873808968,0.72881091599142
"1991-08-21",1991-08-21,0.0575912686605173,63763200,-0.136752136752137,1.578125,0.0668318415841584,0,1.578125,0,5.10575834680431,1.1093247476933
"1991-08-22",1991-08-22,-0.0099009900990099,66649600,-0.145299145299145,1.5625,0.05750016,1.472656,1.578125,2891,-1.0625,1.04180070214993
"1991-08-23",1991-08-23,0.00500032000000005,49334400,-0.141025367521368,1.570313,0.0621895125366727,1.472656,1.578125,0,1.08155373022741,1.07565255679498
"1991-08-26",1991-08-26,0.00497480438613189,32748800,-0.136752136752137,1.578125,0.00990099009900991,1.5625,1.578125,2891,-0.969698850325042,0.894308917098178
"1991-08-27",1991-08-27,0.0396039603960396,84099200,-0.102564102564103,1.640625,0.0476190476190477,0,1.640625,0,4.80952380952381,1.16588307469695
"1991-08-28",1991-08-28,-0.0142854095238095,53340800,-0.115384341880342,1.617188,0.0338167238441047,1.5625,1.640625,2895,-1.12499733333333,1.0653352633382
"1991-08-29",1991-08-29,-0.00966183276155895,36227200,-0.12393135042735,1.601563,0.0243905484829507,1.5625,1.640625,0,-1.07407424965748,0.997454334709187
"1991-08-30",1991-08-30,-0.0341466429981213,79056000,-0.153846153846154,1.546875,0,1.546875,1.617188,2897,-1.24138204994659,0.792354462841611
"1991-09-03",1991-09-03,-0.0202020202020202,65075200,-0.170940170940171,1.515625,0,1.515625,1.546875,2898,-1.11111111111111,0.727793962027108
"1991-09-04",1991-09-04,-0.00515430927835047,63228800,-0.175213401709402,1.507813,0,1.507813,1.515625,2899,-1.0249984,0.711654869791495
"1991-09-05",1991-09-05,-0.0155443679023858,51664000,-0.188034188034188,1.484375,0,1.484375,1.507813,2900,-1.07317240690327,0.663233461212605
"1991-09-06",1991-09-06,0,41107200,-0.188034188034188,1.484375,0,1.484375,1.484375,2900,-1,0.663233461212605
"1991-09-09",1991-09-09,-0.0105263157894737,39747200,-0.196581196581197,1.46875,0,0,1.484375,2902,-1.04545454545455,0.630953210805353
"1991-09-10",1991-09-10,0.0159577872340426,53091200,-0.18376041025641,1.492188,0.0157071360981325,1.46875,1.492188,2902,-0.934781217391304,0.738697162896378
"1991-09-11",1991-09-11,0.0209424013596142,27872000,-0.166666393162393,1.523438,0.0358977523207378,0,1.523438,0,2.28544224080454,0.879513366973343
"1991-09-12",1991-09-12,0.0205128137804098,39779200,-0.149572376068376,1.554688,0.0552766857401614,0,1.554688,0,1.53983695821057,1.01726401612617
"1991-09-13",1991-09-13,-0.135678669932488,313900800,-0.264957264957265,1.34375,0,0,1.554688,2906,-1.77143181061817,0.372711207547342
"1991-09-16",1991-09-16,-0.0348837209302326,165600000,-0.290598290598291,1.296875,0,1.296875,1.34375,2907,-1.09677419354839,0.275870456325588
"1991-09-17",1991-09-17,-0.0120481927710843,195324800,-0.299145299145299,1.28125,0,1.28125,1.296875,2908,-1.02941176470588,0.243590205918337
"1991-09-18",1991-09-18,0.0182930731707318,119219200,-0.286324512820513,1.304688,0.0179644482052415,1.28125,1.304688,2908,-0.957141942857142,0.359859550216942
"1991-09-19",1991-09-19,-0.00898222410262073,95209600,-0.292734905982906,1.292969,0.00906363570975022,1.28125,1.304688,2910,-1.02238855869952,0.302032352554151
"1991-09-20",1991-09-20,0.0211482255181679,97318400,-0.277777504273504,1.320313,0.0207102406777787,1.292969,1.320313,2910,2.2849815836596,0.402510080248036
"1991-09-23",1991-09-23,-0.0295861663105643,55129600,-0.299145299145299,1.28125,0,0,1.320313,2912,-1.07692413727915,0.243590205918337
"1991-09-24",1991-09-24,0.0182930731707318,74118400,-0.286324512820513,1.304688,0.0179644482052415,1.28125,1.304688,2912,-0.957141942857142,0.359859550216942
"1991-09-25",1991-09-25,0.0029938192119495,41088000,-0.284187897435898,1.308594,0.0208957094408198,0,1.308594,0,1.16317012368479,0.378999852397892
"1991-09-26",1991-09-26,0.0149251792381747,43299200,-0.273504273504274,1.328125,0.0352941176470588,0,1.328125,0,1.68906051010222,0.473729402939447
"1991-09-27",1991-09-27,-0.00588197647058818,39209600,-0.277777504273504,1.320313,0.0295861663105643,1.28125,1.328125,2916,-1.015624,0.436032581184664
"1991-09-30",1991-09-30,0,36211200,-0.277777504273504,1.320313,0.0295861663105643,1.28125,1.328125,0,-1,0.436032581184664
"1991-10-01",1991-10-01,-0.0266277768983568,37068800,-0.297008683760684,1.285156,0.00303931974017158,1.28125,1.328125,0,-1.06923231432105,0.263138622302954
"1991-10-02",1991-10-02,-0.0273554338928503,66896000,-0.316239316239316,1.25,0,1.25,1.320313,2919,-1.0647477111953,0.179029705103834
"1991-10-03",1991-10-03,-0.0125,95049600,-0.324786324786325,1.234375,0,1.234375,1.25,2920,-1.02702702702703,0.146749454696582
"1991-10-04",1991-10-04,0.0126582278481013,75276800,-0.316239316239316,1.25,0.0125,1.234375,1.25,2920,-0.973684210526316,0.226239571324439
"1991-10-07",1991-10-07,0,54403200,-0.316239316239316,1.25,0.0125,0,1.25,0,-1,0.226239571324439
"1991-10-08",1991-10-08,-0.0343752,61609600,-0.339743726495727,1.207031,0,0,1.25,2923,-1.07432475675676,0.090258499999886
"1991-10-09",1991-10-09,-0.00323603950519909,57324800,-0.341880341880342,1.203125,0,1.203125,1.207031,2924,-1.00628890312899,0.0821889538820796
"1991-10-10",1991-10-10,0.0909090909090909,149203200,-0.282051282051282,1.3125,0.0833333333333334,1.203125,1.3125,2924,-0.825,0.622883148203541
"1991-10-11",1991-10-11,-0.00297599999999997,56176000,-0.284187897435898,1.308594,0.0805971905724771,1.203125,1.3125,2926,-1.00757527272727,0.604479767389694
"1991-10-14",1991-10-14,0.0208957094408197,42156800,-0.269230495726496,1.335938,0.020468015731269,1.308594,1.335938,2926,-0.947367914522906,0.433875498069686
"1991-10-15",1991-10-15,0.0350877061660047,68969600,-0.24358947008547,1.382813,0.0536724777681437,0,1.382813,0,2.62226092029762,0.656122506146482
"1991-10-16",1991-10-16,0.0254235388299068,80422400,-0.224358837606838,1.417969,0.0771349726263409,0,1.417969,0,1.4371420108375,0.817365452555361
"1991-10-17",1991-10-17,-0.0385678389301882,86243200,-0.254273641025641,1.363281,0.0401142537745336,1.308594,1.417969,2930,-1.13333463365159,0.564564088411211
"1991-10-18",1991-10-18,0.00859617349614645,46192000,-0.247863247863248,1.375,0.0482952727272727,1.308594,1.417969,0,1.2039429425441,0.61967277752522
"1991-10-21",1991-10-21,-0.0227272727272727,28460800,-0.264957264957265,1.34375,0.0261626046511627,1.308594,1.417969,0,-1.06896551724138,0.47152185279246
"1991-10-22",1991-10-22,0.00290679069767439,24771200,-0.26282064957265,1.347656,0.0289851416088378,1.308594,1.417969,0,1.10788440200466,0.49025152628423
"1991-10-23",1991-10-23,-0.00869509726517739,22211200,-0.269230495726496,1.335938,0.020468015731269,1.308594,1.417969,0,-1.02438867023679,0.433875498069686
"1991-10-24",1991-10-24,-0.00584832529653327,38243200,-0.273504273504274,1.328125,0.014705694117647,1.308594,1.417969,0,-1.01587404787205,0.395971265298111
"1991-10-25",1991-10-25,0,23248000,-0.273504273504274,1.328125,0.014705694117647,1.308594,1.417969,0,-1,0.395971265298111
"1991-10-28",1991-10-28,0.00588272941176476,33987200,-0.269230495726496,1.335938,0.020468015731269,1.308594,1.417969,0,1.39184288531523,0.433875498069686
"1991-10-29",1991-10-29,0.0233918041106698,61148800,-0.252136478632479,1.367188,0.0428573100407552,1.308594,1.417969,0,2.09386735888043,0.582995646014156
"1991-10-30",1991-10-30,0,39216000,-0.252136478632479,1.367188,0.0428573100407552,1.308594,1.417969,0,-1,0.582995646014156
"1991-10-31",1991-10-31,-0.07142909387736,143430400,-0.305555692307693,1.269531,0,1.269531,1.375,2940,-1.21186626371934,0.219379501628891
"1991-11-01",1991-11-01,0.030769630674635,120761600,-0.284187897435898,1.308594,0.029851122655308,1.269531,1.308594,2940,-0.930069066262796,0.41282256118239
"1991-11-04",1991-11-04,-0.0208957094408197,41590400,-0.2991452991453,1.28125,0.00914653658536591,1.269531,1.308594,2942,-1.05263208547709,0.278134747404495
"1991-11-05",1991-11-05,0.024390243902439,52896000,-0.282051282051282,1.3125,0.0238095238095238,1.28125,1.3125,2942,2.60311906996777,0.398074261438754
"1991-11-06",1991-11-06,-0.00595199999999995,73360000,-0.286324512820513,1.304688,0.0179644482052415,1.28125,1.3125,2944,-1.01515054545455,0.359859550216942
"1991-11-07",1991-11-07,0.0299397250530394,67500800,-0.264957264957265,1.34375,0.0290693953488371,1.304688,1.34375,2944,1.61816244043363,0.48250018878994
"1991-11-08",1991-11-08,0.0058143255813954,48902400,-0.260683487179487,1.351563,0.034682068094495,0,1.351563,0,1.19307841385433,0.519839229318583
"1991-11-11",1991-11-11,-0.00578071462447557,36681600,-0.264957264957265,1.34375,0.0290693953488371,1.304688,1.351563,2947,-1.01639450900408,0.48250018878994
"1991-11-12",1991-11-12,0.0058143255813954,54441600,-0.260683487179488,1.351563,0.0057807146244756,1.34375,1.351563,2947,-0.983869935483871,0.410684906845459
"1991-11-13",1991-11-13,0,42076800,-0.260683487179488,1.351563,0.0057807146244756,0,1.351563,0,-1,0.410684906845459
"1991-11-14",1991-11-14,0,52400000,-0.260683487179488,1.351563,0.0057807146244756,0,1.351563,0,-1,0.410684906845459
"1991-11-15",1991-11-15,-0.0520234720838023,66672000,-0.2991452991453,1.28125,0,0,1.351563,2951,-1.14754218758525,0.243590205918336
"1991-11-18",1991-11-18,0.0182930731707318,40732800,-0.286324512820513,1.304688,0.0179644482052415,1.28125,1.304688,2951,-0.957141942857142,0.359859550216942
"1991-11-19",1991-11-19,0,49120000,-0.286324512820513,1.304688,0.0179644482052415,0,1.304688,0,-1,0.359859550216942
"1991-11-20",1991-11-20,-0.0119760433145702,67475200,-0.294871521367522,1.289063,0.00606099158846396,1.28125,1.304688,2954,-1.02985077478283,0.282622452254422
"1991-11-21",1991-11-21,0,59110400,-0.294871521367522,1.289063,0.00606099158846396,1.28125,1.304688,0,-1,0.282622452254422
"1991-11-22",1991-11-22,-0.00606099158846392,51536000,-0.2991452991453,1.28125,0,1.28125,1.289063,2956,-1.01449369460285,0.243590205918336
"1991-11-25",1991-11-25,-0.0182922926829268,68899200,-0.311965538461539,1.257813,0,1.257813,1.28125,2957,-1.04285622857143,0.195170863275472
"1991-11-26",1991-11-26,0.0186331354501821,62051200,-0.2991452991453,1.28125,0.0182922926829268,1.257813,1.28125,2957,-0.958904950272834,0.312676341152666
"1991-11-27",1991-11-27,0.00304858536585363,33692800,-0.297008683760684,1.285156,0.0212760162968542,0,1.285156,0,1.16311370398705,0.332014782682694
"1991-11-29",1991-11-29,-0.00303931974017159,10179200,-0.299145299145299,1.28125,0.0182922926829268,1.257813,1.285156,2960,-1.00719378086042,0.312676341152666
"1991-12-02",1991-12-02,0.0213416585365854,37974400,-0.284187897435898,1.308594,0.0208957094408198,1.28125,1.308594,2960,1.1423231523254,0.378999852397891
"1991-12-03",1991-12-03,-0.00895541321448825,32979200,-0.290598290598291,1.296875,0.0120481927710844,1.28125,1.308594,2962,-1.02255688303489,0.321373941839424
"1991-12-04",1991-12-04,-0.00301185542168672,26633600,-0.292734905982906,1.292969,0.00906363570975022,1.28125,1.308594,0,-1.00735247058824,0.30203235255415
"1991-12-05",1991-12-05,-0.00302095409866746,43993600,-0.294871521367522,1.289063,0.00606099158846396,1.28125,1.308594,0,-1.00729880632937,0.282622452254423
"1991-12-06",1991-12-06,0.0121212074196529,30636800,-0.286324512820513,1.304688,0.0179644482052415,1.28125,1.308594,0,2.96394541108317,0.359859550216942
"1991-12-09",1991-12-09,0.0119760433145702,56086400,-0.277777504273505,1.320313,0.0236686300899862,1.289063,1.320313,2962,1.31752613938236,0.413683293718336
"1991-12-10",1991-12-10,0.0177510938694082,31161600,-0.264957264957265,1.34375,0.0406973023255813,0,1.34375,0,1.71946167441265,0.526416343413759
"1991-12-11",1991-12-11,-0.00872111627906979,54566400,-0.271367658119659,1.332031,0.0322575075204705,1.289063,1.34375,2968,-1.02419406451613,0.470330312430022
"1991-12-12",1991-12-12,0.0205280507735931,47056000,-0.256410256410257,1.359375,0.0201151264367816,1.332031,1.359375,2968,-0.944881413603067,0.480962052201874
"1991-12-13",1991-12-13,0.0172417471264368,65571200,-0.24358947008547,1.382813,0.0367236929360659,0,1.382813,0,1.82567547121726,0.592110516984543
"1991-12-16",1991-12-16,0.0169487848320777,39577600,-0.230769230769231,1.40625,0.0527779555555555,0,1.40625,0,1.43716362206381,0.701163426870333
"1991-12-17",1991-12-17,-0.0111111111111111,54486400,-0.23931623931624,1.390625,0.0421350112359551,1.332031,1.40625,2972,-1.03703703703704,0.628687018261346
"1991-12-18",1991-12-18,0.00842714606741576,25043200,-0.232905846153847,1.402344,0.0501396233734377,1.332031,1.40625,0,1.18997531750157,0.683129456003462
"1991-12-19",1991-12-19,-0.0529249599242411,87110400,-0.273504273504274,1.328125,0,1.328125,1.402344,2974,-1.17431261611016,0.34043095714009
"1991-12-20",1991-12-20,0,69408000,-0.273504273504274,1.328125,0,1.328125,1.328125,2974,-1,0.34043095714009
"1991-12-23",1991-12-23,0.0352941176470588,41968000,-0.247863247863248,1.375,0.0340909090909091,0,1.375,0,-0.90625,0.566025888963495
"1991-12-24",1991-12-24,0.0284094545454546,51660800,-0.226495452991454,1.414063,0.0607738127650608,0,1.414063,0,1.78269850777512,0.747503252976355
"1991-12-26",1991-12-26,0.0497233857331674,69004800,-0.188034188034189,1.484375,0.105263157894737,0,1.484375,0,1.73204795133823,1.06079022938612
"1991-12-27",1991-12-27,0,58012800,-0.188034188034189,1.484375,0.105263157894737,0,1.484375,0,-1,1.06079022938612
"1991-12-30",1991-12-30,0.0263161263157895,61763200,-0.166666393162394,1.523438,0.128205414332582,0,1.523438,0,1.21795143615953,1.22813995695062
"1991-12-31",1991-12-31,0.00512787524008193,58342400,-0.162393162393163,1.53125,0.13265306122449,0,1.53125,0,1.03469156833244,1.26107687436731
"1992-01-02",1992-01-02,0.0255105306122449,76608000,-0.141025367521368,1.570313,0.154229125021572,0,1.570313,0,1.1626503270857,1.42326678018765
"1992-01-03",1992-01-03,-0.00497544120184961,61977600,-0.145299145299146,1.5625,0.15,1.328125,1.570313,2983,-1.03030502847036,1.39115310789612
"1992-01-06",1992-01-06,-0.01499968,52128000,-0.158119384615385,1.539063,0.137056117910703,1.328125,1.570313,0,-1.08823341176471,1.29384744990838
"1992-01-07",1992-01-07,0.045684939472913,110368000,-0.11965811965812,1.609375,0.0436890097087378,1.539063,1.609375,2983,-0.756758065743681,1.08647964876343
"1992-01-08",1992-01-08,0.0145634174757282,148579200,-0.106837333333334,1.632813,0.0574162503605741,0,1.632813,0,1.31420352036706,1.18674595292242
"1992-01-09",1992-01-09,0.0239231314302372,111849600,-0.0854700854700862,1.671875,0.079438953271028,0,1.671875,0,1.38356219314482,1.35062065463003
"1992-01-10",1992-01-10,-0.0140183925233644,91292800,-0.0982903247863254,1.648438,0.0663506907751459,1.539063,1.671875,2988,-1.1499968,1.25276970226791
"1992-01-13",1992-01-13,0.0142177018486591,43852800,-0.0854700854700862,1.671875,0.0140183925233645,1.648438,1.671875,2988,-0.869567637057775,1.1035409809521
"1992-01-14",1992-01-14,0.0186915887850467,109574400,-0.068376068376069,1.703125,0.0321097981651376,0,1.703125,0,2.29054780079957,1.23642890897387
"1992-01-15",1992-01-15,0.0275229357798165,147100800,-0.0427350427350434,1.75,0.0580354285714285,0,1.75,0,1.80740558607556,1.43118530364889
"1992-01-16",1992-01-16,0.0892857142857143,385171200,0,1.90625,0.135245639344262,0,1.90625,0,2.33039787373682,1.88419325340116
"1992-01-17",1992-01-17,0.0245901639344262,174681600,0,1.953125,0.155999744,0,1.953125,0,1.15345488960948,1.96257713374723
"1992-01-20",1992-01-20,-0.016,103680000,-0.0160000000000001,1.921875,0.142276162601626,1.648438,1.953125,2994,0,1.85031742963407
"1992-01-21",1992-01-21,-0.032520325203252,113436800,-0.0479999999999999,1.859375,0.113445109243697,1.648438,1.953125,0,-2.99999999999997,1.62057135834717
"1992-01-22",1992-01-22,0.0294120336134454,73692800,-0.019999744,1.914063,0.138775473952529,1.648438,1.953125,0,1.22328300336349,1.82198987587723
"1992-01-23",1992-01-23,0.0102039483548869,91251200,-0.00999987199999985,1.933594,0.147474599114395,1.648438,1.953125,0,1.06268488886474,1.89261204823492
"1992-01-24",1992-01-24,0.00808080703601687,80752000,-0.00199987199999996,1.949219,0.15430846918689,1.648438,1.953125,0,1.0463393025886,1.94863644996743
"1992-01-27",1992-01-27,-0.0160320620720401,56505600,-0.0179998720000001,1.917969,0.14052938290452,1.648438,1.953125,0,-9.00051203277033,1.83616711560242
"1992-01-28",1992-01-28,0.0203663354308646,65718400,0,1.957031,0.0499000782307485,1.859375,1.957031,2994,0,1.56186105158585
"1992-01-29",1992-01-29,-0.0339320123186602,76416000,-0.0339320123186603,1.890625,0.0165289256198347,1.859375,1.957031,3001,0,1.30767117858196
"1992-01-30",1992-01-30,0.00206598347107436,102387200,-0.0319361318241765,1.894531,0.0185565715208672,1.859375,1.957031,0,1.12267257701247,1.32286719001136
"1992-01-31",1992-01-31,-0.0123708717355377,82953600,-0.043911925769188,1.871094,0.0062631807915583,1.859375,1.957031,0,-1.374992,1.23120759307073
"1992-02-03",1992-02-03,-0.00208754878162186,37724800,-0.0459078062636719,1.867188,0.00418436708033687,1.859375,1.957031,0,-1.04545190081106,1.21581833160343
"1992-02-04",1992-02-04,0.0481167402532578,64294400,0,1.957031,0.0459078062636719,1.867188,1.957031,3001,10.9712664740628,1.54678308154729
"1992-02-05",1992-02-05,0.00199639147259298,81238400,0,1.960938,0.0478087527499594,0,1.960938,0,1.04140791383865,1.5539625558921
"1992-02-06",1992-02-06,-0.00597622158375228,46931200,-0.00597622158375233,1.949219,0.0420840346826088,1.867188,1.960938,3007,0,1.50977057224539
"1992-02-07",1992-02-07,0.0340680036465887,124537600,0,2.015625,0.0329456124031008,1.949219,2.015625,3007,0,1.49782760650064
"1992-02-10",1992-02-10,0.0116281550387597,79942400,0,2.039063,0.0440614144830248,0,2.039063,0,1.33739855686755,1.53980964883088
"1992-02-11",1992-02-11,0.00383117147434872,76816000,0,2.046875,0.0477098015267176,0,2.046875,0,1.08280231323709,1.55358883797117
"1992-02-12",1992-02-12,0.0381679389312977,115001600,0,2.125,0.0827204705882353,0,2.125,0,1.7338255021227,1.68581675818622
"1992-02-13",1992-02-13,0.00735294117647059,88336000,0,2.140625,0.0894159416058394,0,2.140625,0,1.08094092030657,1.71110414146823
"1992-02-14",1992-02-14,-0.020073109489051,53257600,-0.0200731094890511,2.097656,0.0707632710034439,1.949219,2.140625,3013,0,1.56484502967577
"1992-02-18",1992-02-18,-0.0391060307314451,59036800,-0.0583941605839418,2.015625,0.0329456124031008,1.949219,2.140625,0,-2.90907398356956,1.27728516576205
"1992-02-19",1992-02-19,-0.0116276589147286,82963200,-0.0693428321167885,1.992188,0.0215687475278438,1.949219,2.140625,0,-1.187496,1.19296631879166
"1992-02-20",1992-02-20,0.0352938578086004,75974400,-0.0364963503649636,2.0625,0.0549241212121212,1.949219,2.140625,0,2.54646780677543,1.4429967778872
"1992-02-21",1992-02-21,0.026515393939394,68163200,-0.0109486715328467,2.117188,0.0793358927029626,1.949219,2.140625,0,1.44446357906322,1.63168309518335
"1992-02-24",1992-02-24,-0.0350554603559062,66176000,-0.0456203211678833,2.042969,0.0458890957229404,1.949219,2.140625,0,-4.16674489055767,1.37441407503516
"1992-02-25",1992-02-25,-0.0248564711456707,86969600,-0.0693428321167882,1.992188,0.0215687475278438,1.949219,2.140625,0,-1.51999877119685,1.19296631879166
"1992-02-26",1992-02-26,0.0274507225221716,75641600,-0.0437956204379562,2.046875,0.0477098015267176,1.949219,2.140625,0,2.21198757438871,1.38818200741723
"1992-02-27",1992-02-27,-0.0152671755725191,47635200,-0.0583941605839415,2.015625,0.0329456124031008,1.949219,2.140625,0,-1.33333333333333,1.27728516576205
"1992-02-28",1992-02-28,-0.0155038759689922,30563200,-0.0729927007299269,1.984375,0.0177164094488189,1.949219,2.140625,0,-1.25,1.16463206484795
"1992-03-02",1992-03-02,0.0354333228346457,49091200,-0.0401457518248174,2.054688,0.0513309076609199,1.949219,2.140625,0,2.89736516923534,1.41564294702646
"1992-03-03",1992-03-03,-0.0133081032254047,38406400,-0.0529195912408759,2.027344,0.038535640720075,1.949219,2.140625,0,-1.3181865785401,1.31907381978727
"1992-03-04",1992-03-04,-0.0173409150099834,44956800,-0.0693428321167882,1.992188,0.0215687475278438,1.949219,2.140625,0,-1.31034330558522,1.19296631879166
"1992-03-05",1992-03-05,-0.0039218186235436,40368000,-0.0729927007299268,1.984375,0.0177164094488189,1.949219,2.140625,0,-1.05263512466568,1.16463206484795
"1992-03-06",1992-03-06,-0.0196847874015748,46873600,-0.0912406423357662,1.945313,0,1.945313,2.117188,3027,-1.2499968,1.02880228868785
"1992-03-09",1992-03-09,0,32665600,-0.0912406423357662,1.945313,0,1.945313,1.945313,3027,-1,1.02880228868785
"1992-03-10",1992-03-10,0.0361443119950362,53712000,-0.0583941605839415,2.015625,0.034883472868217,0,2.015625,0,-0.640001638404195,1.28460405642703
"1992-03-11",1992-03-11,-0.0310077519379845,43280000,-0.0875912408759123,1.953125,0.00399974399999992,1.945313,2.015625,3030,-1.5,1.05769149939678
"1992-03-12",1992-03-12,0.024,73939200,-0.0656934306569342,2,0.0273435,1.945313,2.015625,0,6.83631252400167,1.22855936250147
"1992-03-13",1992-03-13,0,36742400,-0.0656934306569342,2,0.0273435,1.945313,2.015625,0,-1,1.22855936250147
"1992-03-16",1992-03-16,0.0214844999999999,27312000,-0.0456203211678833,2.042969,0.0439771724387398,1.953125,2.042969,3030,1.60832272528169,1.36719314363746
"1992-03-17",1992-03-17,0.00573625933628961,40310400,-0.0401457518248175,2.054688,0.0494298891121183,0,2.054688,0,1.12398970581781,1.40846320051671
"1992-03-18",1992-03-18,0.0133076165335078,42275200,-0.0273723795620439,2.082031,0.0619135834192671,0,2.082031,0,1.25255355679299,1.50385381922799
"1992-03-19",1992-03-19,-0.0150093826652917,22611200,-0.0419709197080291,2.050781,0.0476189315192603,1.953125,2.082031,3036,-1.53333105778748,1.39473032073379
"1992-03-20",1992-03-20,-0.00952368878003072,33148800,-0.0510948905109491,2.03125,0.0384615384615384,1.953125,2.082031,0,-1.21738791683363,1.3256854613585
"1992-03-23",1992-03-23,-0.0269228307692307,70236800,-0.0766421021897811,1.976563,0.0118579574746669,1.953125,2.082031,0,-1.49999542857142,1.12872290575479
"1992-03-24",1992-03-24,-0.0316205453608107,119420800,-0.105839182481752,1.914063,0,1.914063,2.050781,3039,-1.38095354195365,0.973666678503199
"1992-03-25",1992-03-25,-0.0163265263473564,87724800,-0.120437722627737,1.882813,0,1.882813,1.914063,3040,-1.13793133888296,0.91853106831855
"1992-03-26",1992-03-26,-0.0248962589487113,125628800,-0.142335532846715,1.835938,0,1.835938,1.882813,3041,-1.18181853443595,0.835827653041578
"1992-03-27",1992-03-27,-0.0595744518605748,375180800,-0.193430423357664,1.726563,0,1.726563,1.835938,3042,-1.35897494806145,0.642853017395308
"1992-03-30",1992-03-30,-0.0361990845396316,184208000,-0.222627503649635,1.664063,0,1.664063,1.726563,3043,-1.15094357849791,0.532581797026011
"1992-03-31",1992-03-31,0.037558674160774,110288000,-0.193430423357664,1.726563,0.0361990845396316,1.664063,1.726563,3043,-0.86885232141883,0.779569332469258
"1992-04-01",1992-04-01,0.00904977113490791,116704000,-0.186131153284672,1.742188,0.0448430364576039,0,1.742188,0,1.2387892408856,0.839783522654768
"1992-04-02",1992-04-02,-0.00896860729152078,55993600,-0.193430423357664,1.726563,0.0361990845396316,1.664063,1.742188,3046,-1.03921573548641,0.779569332469258
"1992-04-03",1992-04-03,-0.00904977113490791,49840000,-0.200729693430657,1.710938,0.0273972522674697,1.664063,1.742188,0,-1.03773589462448,0.718758861451737
"1992-04-06",1992-04-06,0.057077462771883,62393600,-0.155109372262774,1.808594,0.0539955346528851,1.710938,1.808594,3046,1.97083759078267,0.991513310442949
"1992-04-07",1992-04-07,-0.0280776116696174,109404800,-0.178831883211679,1.757813,0.0266666590814837,1.710938,1.808594,3049,-1.15294053868464,0.798702980202943
"1992-04-08",1992-04-08,0.0222219314568728,91190400,-0.16058394160584,1.796875,0.0478258086956521,1.710938,1.808594,0,1.79346833622891,0.947535260574123
"1992-04-09",1992-04-09,-0.00434754782608692,115696000,-0.164233343065694,1.789063,0.0436681100665544,1.710938,1.808594,0,-1.02272581818182,0.9180494885125
"1992-04-10",1992-04-10,-0.106987288876915,272249600,-0.253649751824818,1.597656,0,1.597656,1.796875,3052,-1.5444473521029,0.415417302128988
"1992-04-13",1992-04-13,-0.0244495686180254,122464000,-0.271897693430657,1.558594,0,1.558594,1.597656,3053,-1.07194149205572,0.346498671567941
"1992-04-14",1992-04-14,0.0476192003818827,128256000,-0.237226043795621,1.632813,0.0454546846454554,1.558594,1.632813,3053,-0.872482737173793,0.649118953338302
"1992-04-15",1992-04-15,0.0239231314302372,83011200,-0.218978102189781,1.671875,0.0677568598130841,0,1.671875,0,1.49064635123056,0.80226820038673
"1992-04-16",1992-04-16,-0.0233641869158878,57302400,-0.237226043795621,1.632813,0.0454546846454554,1.558594,1.671875,3056,-1.08333226666667,0.649118953338302
"1992-04-20",1992-04-20,-0.0239237438702412,74470400,-0.255474452554745,1.59375,0.0220586666666667,1.558594,1.671875,0,-1.07692413727915,0.49183672812785
"1992-04-21",1992-04-21,-0.00980392156862745,68006400,-0.262773722627737,1.578125,0.0123760792079207,1.558594,1.671875,0,-1.02857142857143,0.427699830347789
"1992-04-22",1992-04-22,0.0346537821782179,61084800,-0.237226043795621,1.632813,0.0454546846454554,1.558594,1.671875,0,3.67278553100762,0.649118953338302
"1992-04-23",1992-04-23,-0.0047849937500498,56556800,-0.240875912408759,1.625,0.0408652307692308,1.558594,1.671875,0,-1.01538561514891,0.618000768340601
"1992-04-24",1992-04-24,-0.00480738461538457,35404800,-0.244525313868613,1.617188,0.0362320274451703,1.558594,1.671875,0,-1.01515054545455,0.586719115236062
"1992-04-27",1992-04-27,-0.0144930583209868,33968000,-0.255474452554745,1.59375,0.0220586666666667,1.558594,1.671875,0,-1.04477711739904,0.49183672812785
"1992-04-28",1992-04-28,-0.00490164705882349,77270400,-0.259123854014599,1.585938,0.017241531510059,1.558594,1.671875,0,-1.0142848,0.459860403246649
"1992-04-29",1992-04-29,0.0270931146110377,55740800,-0.239051211678832,1.628906,0.0431651672963326,1.558594,1.671875,0,2.50355760282369,0.633578654189629
"1992-04-30",1992-04-30,0.0263790544082961,45036800,-0.218978102189781,1.671875,0.0560747663551402,1.578125,1.671875,3056,1.29907445904662,0.758147394840639
"1992-05-01",1992-05-01,-0.0163552897196262,31638400,-0.23175194160584,1.644531,0.0403799016254482,1.578125,1.671875,3066,-1.05833386666667,0.65062709770505
"1992-05-04",1992-05-04,-0.00237514525417883,41372800,-0.233576642335766,1.640625,0.0380952380952381,1.578125,1.671875,0,-1.00787350784327,0.635106894747225
"1992-05-05",1992-05-05,0.0357144380952381,60560000,-0.206204262773723,1.699219,0.0344829006737801,1.640625,1.699219,3066,-0.882812,0.724843567615465
"1992-05-06",1992-05-06,-0.0114941040560398,33420800,-0.215328233576642,1.679688,0.0232561047051596,1.640625,1.699219,3069,-1.04424724629932,0.647983009473774
"1992-05-07",1992-05-07,0,31174400,-0.215328233576642,1.679688,0.0232561047051596,1.640625,1.699219,0,-1,0.647983009473774
"1992-05-08",1992-05-08,-0.00697689094641388,22963200,-0.220802802919708,1.667969,0.016393590048736,1.640625,1.699219,0,-1.02542429876534,0.601388442660313
"1992-05-11",1992-05-11,-0.00468413981315005,28163200,-0.224452671532847,1.660156,0.0117645570657215,1.640625,1.699219,0,-1.01652999221421,0.570120775715677
"1992-05-12",1992-05-12,-0.0282352983695508,55120000,-0.246350481751825,1.613281,0,1.613281,1.679688,3073,-1.09756092484635,0.442985107221313
"1992-05-13",1992-05-13,-0.00726345875269088,58432000,-0.251824583941606,1.601563,0,1.601563,1.613281,3074,-1.0222207894657,0.422310576656715
"1992-05-14",1992-05-14,-0.0439027375132917,196044800,-0.284671532846715,1.53125,0,1.53125,1.601563,3075,-1.13043583112889,0.298254571571492
"1992-05-15",1992-05-15,-0.0153057959183673,72089600,-0.295620204379562,1.507813,0,1.507813,1.53125,3076,-1.03846071794872,0.256903746102769
"1992-05-18",1992-05-18,-0.0207253817283708,81084800,-0.310218744525547,1.476563,0,1.476563,1.507813,3077,-1.04938275506786,0.201768135918121
"1992-05-19",1992-05-19,-0.00529134212356674,99683200,-0.313868613138686,1.46875,0,1.46875,1.476563,3078,-1.01176546768223,0.187983351202196
"1992-05-20",1992-05-20,0.0186171914893617,58889600,-0.301094773722628,1.496094,0.0182769264498086,1.46875,1.496094,3078,-0.959301953488372,0.305255551408189
"1992-05-21",1992-05-21,-0.00783306396523215,78374400,-0.306569343065694,1.484375,0.0105263157894737,1.46875,1.496094,3080,-1.0181822131131,0.255306833111872
"1992-05-22",1992-05-22,0.0210526315789474,45286400,-0.291970802919708,1.515625,0.020618556701031,1.484375,1.515625,3080,1.95876288659794,0.348558710760579
"1992-05-26",1992-05-26,-0.0154635876288659,41830400,-0.302919474452555,1.492188,0.00523593541832534,1.484375,1.515625,3082,-1.0374992,0.249110965861555
"1992-05-27",1992-05-27,0.0366488673009031,54323200,-0.277372262773723,1.546875,0.0353532121212121,1.492188,1.546875,3082,6.75203364760359,0.459344009840706
"1992-05-28",1992-05-28,0.0202020202020202,54521600,-0.262773722627737,1.578125,0.0544551287128713,0,1.578125,0,1.54031629505591,0.586623534173305
"1992-05-29",1992-05-29,-0.0099009900990099,55043200,-0.27007299270073,1.5625,0.04499968,1.492188,1.578125,3085,-1.02777777777778,0.523344491577745
"1992-06-01",1992-06-01,0.02,41945600,-0.255474452554744,1.59375,0.0196078431372549,1.5625,1.59375,3085,-0.945945945945946,0.482580484051543
"1992-06-02",1992-06-02,0.00245082352941174,32326400,-0.253649751824818,1.597656,0.0220047369396165,0,1.597656,0,1.12224158392044,0.498524557100101
"1992-06-03",1992-06-03,0.00733512095219499,61388800,-0.248175182481752,1.609375,0.029126213592233,0,1.609375,0,1.32363380085655,0.546097168809282
"1992-06-04",1992-06-04,-0.0242715339805825,31622400,-0.266423124087591,1.570313,0.00497544120184956,1.5625,1.609375,3089,-1.07352847058824,0.385966159554291
"1992-06-05",1992-06-05,-0.00497544120184961,42348800,-0.27007299270073,1.5625,0,1.5625,1.570313,3090,-1.01369951885985,0.353390181756142
"1992-06-08",1992-06-08,0.01249984,20777600,-0.26094902189781,1.582031,0.0123455229385517,1.5625,1.582031,3090,-0.966216648648649,0.434475935944861
"1992-06-09",1992-06-09,0.00493858843473995,52070400,-0.257299153284671,1.589844,0.0171991717426364,0,1.589844,0,1.39315052333085,0.466591929518597
"1992-06-10",1992-06-10,-0.0147423269201255,25292800,-0.268248291970803,1.566406,0.00249360638301943,1.5625,1.589844,3093,-1.04255411860613,0.369699517844277
"1992-06-11",1992-06-11,-0.00249360638301945,22080000,-0.27007299270073,1.5625,0,1.5625,1.566406,3094,-1.00680228275275,0.353390181756142
"1992-06-12",1992-06-12,-0.01,42780800,-0.277372262773722,1.546875,0,1.546875,1.5625,3095,-1.02702702702703,0.325822376663818
"1992-06-15",1992-06-15,-0.0202020202020202,37779200,-0.291970802919708,1.515625,0,1.515625,1.546875,3096,-1.05263157894737,0.270686766479169
"1992-06-16",1992-06-16,0,37974400,-0.291970802919708,1.515625,0,1.515625,1.515625,3096,-1,0.270686766479169
"1992-06-17",1992-06-17,-0.0154635876288659,48400000,-0.302919474452555,1.492188,0,0,1.515625,3098,-1.0374992,0.229335941010446
"1992-06-18",1992-06-18,0.0680624693403244,257920000,-0.255474452554744,1.59375,0.0637251764705882,1.492188,1.59375,3098,-0.843374144288497,0.649202356425664
"1992-06-19",1992-06-19,0.0343140392156863,107964800,-0.229926773722627,1.648438,0.0947867011073513,0,1.648438,0,1.48742940164472,0.863003390235333
"1992-06-22",1992-06-22,0.0236963719593942,97388800,-0.211678832116788,1.6875,0.115740444444444,0,1.6875,0,1.22106205925831,1.01105989437759
"1992-06-23",1992-06-23,0.0185185185185185,86236800,-0.197080291970802,1.71875,0.131817890909091,0,1.71875,0,1.13890949306285,1.12691663230343
"1992-06-24",1992-06-24,-0.0045451636363636,63081600,-0.200729693430656,1.710938,0.127853843914858,1.492188,1.71875,3103,-1.01851733333333,1.09816224166383
"1992-06-25",1992-06-25,-0.00684945918554619,100275200,-0.206204262773722,1.699219,0.121838915407608,1.492188,1.71875,0,-1.02727334082716,1.05476882914741
"1992-06-26",1992-06-26,0.0160920987818522,49772800,-0.193430423357664,1.726563,0.0158372442824271,1.699219,1.726563,3103,-0.938052495888139,0.702666952105425
"1992-06-29",1992-06-29,0.0452488556745395,80857600,-0.1569340729927,1.804688,0.0584416807780624,0,1.804688,0,3.6901420307641,1.0014139573561
"1992-06-30",1992-06-30,-0.0129872864450808,47635200,-0.167883211678831,1.78125,0.0460524912280702,1.699219,1.804688,3107,-1.06976903407484,0.913270009048906
"1992-07-01",1992-07-01,0.0175438596491228,45616000,-0.153284671532846,1.8125,0.0172413793103449,1.78125,1.8125,3107,-0.913043478260869,0.859592120089339
"1992-07-02",1992-07-02,-0.0366377931034483,67465600,-0.184306452554744,1.746094,0,0,1.8125,3109,-1.20238019047619,0.677312332675835
"1992-07-06",1992-07-06,0.0201340821284535,40646400,-0.167883211678831,1.78125,0.0197367017543859,1.746094,1.78125,3109,-0.91089166630759,0.813880817005526
"1992-07-07",1992-07-07,-0.0153510175438597,44755200,-0.18065705109489,1.753906,0.00445405854133574,1.746094,1.78125,3111,-1.07608765217391,0.70791739368225
"1992-07-08",1992-07-08,0.0155903452066417,60480000,-0.167883211678831,1.78125,0.0153510175438597,1.753906,1.78125,3111,3.44652352486953,0.797317011816345
"1992-07-09",1992-07-09,0.0087719298245614,56300800,-0.160583941605839,1.796875,0.0239131826086957,0,1.796875,0,1.55775879614318,0.857222310290241
"1992-07-10",1992-07-10,-0.0173913043478261,41760000,-0.175182481751824,1.765625,0.00663730973451326,1.753906,1.796875,3114,-1.09090909090909,0.736839368326846
"1992-07-13",1992-07-13,0.00442506194690269,52627200,-0.171532613138686,1.773438,0.0110136356613538,1.753906,1.796875,0,1.65935237346001,0.767152613966283
"1992-07-14",1992-07-14,0.0264317106095618,48620800,-0.149634802919708,1.820313,0.030043184880842,1.765625,1.820313,3114,2.7278172081052,0.921726627074492
"1992-07-15",1992-07-15,0,55488000,-0.149634802919708,1.820313,0.030043184880842,0,1.820313,0,-1,0.921726627074492
"1992-07-16",1992-07-16,-0.00429211899272272,46323200,-0.153284671532846,1.8125,0.0258620689655172,1.765625,1.820313,3118,-1.02439184295312,0.892150648517342
"1992-07-17",1992-07-17,-0.0344827586206897,62150400,-0.182481751824817,1.75,0,1.75,1.8125,3119,-1.19047619047619,0.684203842864034
"1992-07-20",1992-07-20,-0.00446399999999996,49804800,-0.186131153284671,1.742188,0,1.742188,1.75,3120,-1.01999872,0.670420822487635
"1992-07-21",1992-07-21,0.0134526239418478,42684800,-0.175182481751824,1.765625,0.0132740530973451,1.742188,1.765625,3120,-0.941177651673916,0.761904949630828
"1992-07-22",1992-07-22,-0.022123610619469,79040000,-0.193430423357664,1.726563,0,0,1.765625,3122,-1.10416533333333,0.64285301739531
"1992-07-23",1992-07-23,0.0407236805144092,43952000,-0.160583941605839,1.796875,0.0391301565217391,1.726563,1.796875,3122,-0.830189681738484,0.914693614507618
"1992-07-24",1992-07-24,0.0130437565217392,53273600,-0.149634802919708,1.820313,0.0515021317762385,0,1.820313,0,1.31617494930351,1.00277254804783
"1992-07-27",1992-07-27,-0.0257510658881192,46646400,-0.171532613138686,1.773438,0.0264317106095617,1.726563,1.820313,3125,-1.14634169185045,0.825383434421015
"1992-07-28",1992-07-28,0.0440528510159363,71257600,-0.135036262773722,1.851563,0.0421940814328219,1.773438,1.851563,3125,1.59634319761197,1.02275361331349
"1992-07-29",1992-07-29,-0.00843881628656438,83977600,-0.142335532846715,1.835938,0.0340425439203285,1.773438,1.851563,3127,-1.05405414755312,0.964399168584603
"1992-07-30",1992-07-30,0.00425504564968966,30352000,-0.138686131386861,1.84375,0.0381353220338982,1.773438,1.851563,0,1.12022538982834,0.993639749537982
"1992-07-31",1992-07-31,0.0127121355932204,42960000,-0.127736992700729,1.867188,0.0167363971919271,1.835938,1.867188,3127,-0.92105094736842,0.954173109021892
"1992-08-03",1992-08-03,0.0188283129497404,44464000,-0.111313751824817,1.902344,0.0349074615316682,0,1.902344,0,2.08572138503656,1.08482851071996
"1992-08-04",1992-08-04,-0.00410703847463974,25936000,-0.114963620437956,1.894531,0.0309274432564048,1.835938,1.902344,3131,-1.03278901800815,1.05601203557757
"1992-08-05",1992-08-05,-0.0206182955042699,25440000,-0.133211562043795,1.855469,0.0105261796343673,1.835938,1.902344,0,-1.15872796573667,0.910042130910307
"1992-08-06",1992-08-06,-0.0147369748564918,33312000,-0.145985401459853,1.828125,0,1.828125,1.894531,3133,-1.09589137174038,0.822042868325655
"1992-08-07",1992-08-07,0.00213661538461537,53241600,-0.144160700729926,1.832031,0.0021320599924346,1.828125,1.832031,3133,-0.9875008,0.836986719875226
"1992-08-10",1992-08-10,0.00852878581203047,27929600,-0.136861430656934,1.847656,0.0105706906480427,0,1.847656,0,4.95797054752294,0.896425454914459
"1992-08-11",1992-08-11,-0.00211402988435075,30524800,-0.138686131386861,1.84375,0.00847457627118642,1.828125,1.847656,3136,-1.01333246862296,0.881617362381101
"1992-08-12",1992-08-12,-0.0211861694915254,39523200,-0.1569340729927,1.804688,0,1.804688,1.84375,3137,-1.1315772631579,0.780692042856932
"1992-08-13",1992-08-13,0.0129867323326802,33561600,-0.145985401459853,1.828125,0.0128202393162393,1.804688,1.828125,3137,-0.930233942673775,0.870462210968519
"1992-08-14",1992-08-14,0.0192306324786325,29382400,-0.129562160583941,1.863281,0.0314461425839687,0,1.863281,0,2.45285144904714,1.00283544346196
"1992-08-17",1992-08-17,-0.0188677928879219,40051200,-0.145985401459853,1.828125,0.0128202393162393,1.804688,1.863281,3140,-1.1267595477097,0.870462210968519
"1992-08-18",1992-08-18,-0.0128202393162393,36672000,-0.1569340729927,1.804688,0,1.804688,1.828125,3141,-1.0749984,0.780692042856932
"1992-08-19",1992-08-19,-0.0303032989635882,38768000,-0.182481751824817,1.75,0,1.75,1.804688,3142,-1.16279242834222,0.684203842864034
"1992-08-20",1992-08-20,0.0200891428571428,61270400,-0.166058510948904,1.785156,0.019693516981149,1.75,1.785156,3142,-0.910000639999999,0.820609227404343
"1992-08-21",1992-08-21,-0.0109407805256235,54940800,-0.175182481751824,1.765625,0.00884955752212391,1.75,1.785156,3144,-1.0549443130062,0.74519456209484
"1992-08-24",1992-08-24,-0.0243364247787611,34681600,-0.195255591240875,1.722656,0,1.722656,1.765625,3145,-1.114584,0.635959742867585
"1992-08-25",1992-08-25,0.0204086016012484,46585600,-0.178831883211678,1.757813,0.0200004209776581,1.722656,1.757813,3145,-0.91588610638588,0.773526003476841
"1992-08-26",1992-08-26,0.0133330450963782,31376000,-0.167883211678832,1.78125,0.0328948771929825,0,1.78125,0,1.64470924035691,0.863576473178597
"1992-08-27",1992-08-27,0.0131581754385965,52048000,-0.1569340729927,1.804688,0.0454549484453823,0,1.804688,0,1.38182453695493,0.952365805670612
"1992-08-28",1992-08-28,0,13731200,-0.1569340729927,1.804688,0.0454549484453823,0,1.804688,0,-1,0.952365805670612
"1992-08-31",1992-08-31,0.0043287260734265,35846400,-0.153284671532846,1.8125,0.0495691034482759,0,1.8125,0,1.09051060761486,0.981687122630807
"1992-09-01",1992-09-01,0.0193964137931034,68992000,-0.136861430656934,1.847656,0.0676532861095356,0,1.847656,0,1.36482771329786,1.11201439053542
"1992-09-02",1992-09-02,0.0274845534017155,65782400,-0.113138452554744,1.898438,0.0925929632676969,0,1.898438,0,1.36863955311472,1.29580298611787
"1992-09-03",1992-09-03,0.0246913515216194,119360000,-0.0912406423357655,1.945313,0.114458187448498,0,1.945313,0,1.23614347580157,1.46108674607157
"1992-09-04",1992-09-04,-0.0160642528991478,41904000,-0.105839182481751,1.914063,0.10000036571419,1.722656,1.945313,3154,-1.16000040960105,1.35134698949348
"1992-09-08",1992-09-08,-0.00408189281126069,40576000,-0.10948905109489,1.90625,0.096311606557377,1.722656,1.945313,0,-1.03448504162216,1.3236305386725
"1992-09-09",1992-09-09,0.0327868852459016,41148800,-0.0802919708029187,1.96875,0.0317460317460317,1.90625,1.96875,3154,-0.73333333333333,1.19005118709779
"1992-09-10",1992-09-10,0.0198415238095238,75148800,-0.0620435620437947,2.007813,0.0505838940180187,0,2.007813,0,1.59339266156759,1.33011821861778
"1992-09-11",1992-09-11,-0.00389129864185563,46716800,-0.0656934306569334,2,0.046875,1.90625,2.007813,3158,-1.05882751558594,1.30232572266849
"1992-09-14",1992-09-14,0.0234375,102953600,-0.0437956204379554,2.046875,0.0229007633587787,2,2.046875,3158,-0.666666666666663,1.29448349757961
"1992-09-15",1992-09-15,-0.0267173129770992,47408000,-0.0693428321167875,1.992188,0,0,2.046875,3160,-1.58332800000001,1.11150570396482
"1992-09-16",1992-09-16,0,78720000,-0.0693428321167875,1.992188,0,1.992188,1.992188,3160,-1,1.11150570396482
"1992-09-17",1992-09-17,0.011764451949314,47664000,-0.0583941605839406,2.015625,0.0116276589147286,0,2.015625,0,-0.842108099732543,1.1967717471794
"1992-09-18",1992-09-18,0.0116281550387597,51510400,-0.0474450218978092,2.039063,0.0229885001100996,0,2.039063,0,1.97705318660322,1.28103184042661
"1992-09-21",1992-09-21,-0.00574724763285894,32902400,-0.052919591240875,2.027344,0.0173409150099834,1.992188,2.039063,3164,-1.11538764498533,1.23902580655881
"1992-09-22",1992-09-22,-0.00963378686596835,28374400,-0.0620435620437947,2.007813,0.00778209922936046,1.992188,2.039063,0,-1.17241196670227,1.16846485813983
"1992-09-23",1992-09-23,0.0369645977986994,93046400,-0.0273723795620427,2.082031,0.035646923604884,2.007813,2.082031,3164,4.58063082392917,1.40465017955606
"1992-09-24",1992-09-24,-0.0093807440907461,52227200,-0.0364963503649625,2.0625,0.026514909090909,2.007813,2.082031,3167,-1.33332764446873,1.33570116959319
"1992-09-25",1992-09-25,-0.0189391515151515,50502400,-0.0547442919708019,2.023438,0.00772200581386728,2.007813,2.082031,0,-1.49999360000001,1.19580570306367
"1992-09-28",1992-09-28,0.00772200581386729,27369600,-0.0474450218978091,2.039063,0.0153256667400664,2.007813,2.082031,0,1.98467433325994,1.25209093336501
"1992-09-29",1992-09-29,0.00383117147434872,54953600,-0.0437956204379553,2.046875,0.0190837251908397,2.007813,2.082031,0,1.24521337404189,1.28006734867822
"1992-09-30",1992-09-30,0.00381703816793897,37331200,-0.0401457518248164,2.054688,0.0228136826613091,2.007813,2.082031,0,1.1954522732417,1.3079393968493
"1992-10-01",1992-10-01,-0.0304182435484122,40304000,-0.0693428321167873,1.992188,0,1.992188,2.0625,3172,-1.72727695870233,1.11150570396482
"1992-10-02",1992-10-02,-0.0196080891964012,54534400,-0.0875912408759114,1.953125,0,1.953125,1.992188,3173,-1.26316214959882,1.04258530906425
"1992-10-05",1992-10-05,0.017999872,71792000,-0.0711679999999989,1.988281,0.0176816053666459,1.953125,1.988281,3173,-0.81250133333333,1.17139212735109
"1992-10-06",1992-10-06,0.0294696775757552,72070400,-0.0437956204379549,2.046875,0.0458015267175572,0,2.046875,0,2.59034888336305,1.38097485554102
"1992-10-07",1992-10-07,0.00381703816793897,71756800,-0.0401457518248162,2.054688,0.0494298891121183,0,2.054688,0,1.07921924561458,1.40846320051672
"1992-10-08",1992-10-08,0.00760456088710305,82960000,-0.0328464817518235,2.070313,0.0566040014239393,0,2.070313,0,1.14513713141351,1.46312611620846
"1992-10-09",1992-10-09,0.00377334248492857,83558400,-0.0291970802919693,2.078125,0.0601503759398496,0,2.078125,0,1.06265236426219,1.490303045902
"1992-10-12",1992-10-12,-0.00939837593984971,127747200,-0.0383210510948891,2.058594,0.0512335118046588,1.953125,2.078125,3179,-1.31249600000002,1.4221666135871
"1992-10-13",1992-10-13,-0.0189755726481276,102732800,-0.0565694598540132,2.019531,0.0328818918847991,1.953125,2.078125,0,-1.47619802269875,1.28393601697869
"1992-10-14",1992-10-14,-0.0232108345947649,66595200,-0.0784672700729914,1.972656,0.00990086462109963,1.953125,2.078125,0,-1.38709597502768,1.11443810388321
"1992-10-15",1992-10-15,0.013861514627994,43696000,-0.065693430656933,2,0.0234375,1.953125,2.078125,0,2.36721750038402,1.21380722350486
"1992-10-16",1992-10-16,-0.0117185,44601600,-0.0766421021897797,1.976563,0.0118579574746669,1.953125,2.078125,0,-1.16666311111111,1.12872290575479
"1992-10-19",1992-10-19,0.0415018393038824,60547200,-0.0383210510948891,2.058594,0.0512335118046588,1.953125,2.078125,0,4.32060174900383,1.4221666135871
"1992-10-20",1992-10-20,0.0132828522768454,125366400,-0.0255472116788307,2.085938,0.0543074626379116,1.972656,2.085938,3179,1.05999883133081,1.48202037819208
"1992-10-21",1992-10-21,0.0337076173884362,129488000,0,2.15625,0.0851450434782609,0,2.15625,0,1.56783321006829,1.69497385912864
"1992-10-22",1992-10-22,-0.0181157101449275,41475200,-0.0181157101449274,2.117188,0.0682660207785044,1.972656,2.15625,3187,0,1.56280612664677
"1992-10-23",1992-10-23,-0.00922544431576217,57705600,-0.0271740289855071,2.097656,0.0595903236755694,1.972656,2.15625,0,-1.50002560032769,1.49582848502698
"1992-10-26",1992-10-26,0.0204842929441242,30038400,-0.00724637681159424,2.140625,0.0784672700729927,1.972656,2.15625,0,1.31677871897787,1.64238527761075
"1992-10-27",1992-10-27,-0.0182479416058394,41779200,-0.0253620869565218,2.101563,0.0613386322465708,1.972656,2.15625,0,-3.49996799999999,1.50927480138996
"1992-10-28",1992-10-28,0,69376000,-0.0253620869565218,2.101563,0.0613386322465708,1.972656,2.15625,0,-1,1.50927480138996
"1992-10-29",1992-10-29,-0.011152651621674,50518400,-0.0362318840579711,2.078125,0.050752,1.972656,2.15625,0,-1.42858448991534,1.42823838866261
"1992-10-30",1992-10-30,0.0150375939849624,88067200,-0.0217391304347826,2.109375,0.0648149333333333,1.972656,2.15625,0,1.27709121479613,1.536087201547
"1992-11-02",1992-11-02,0.00370394074074077,30457600,-0.0181157101449273,2.117188,0.0682660207785044,1.972656,2.15625,0,1.05324525179132,1.56280612664677
"1992-11-03",1992-11-03,-0.00738007205784276,32563200,-0.0253620869565215,2.101563,0.0613386322465708,1.972656,2.15625,0,-1.40000512006554,1.50927480138996
"1992-11-04",1992-11-04,0.00557584997451902,22099200,-0.0199276521739128,2.113281,0.0665434459496869,1.972656,2.15625,0,1.08485376201728,1.54945700120587
"1992-11-05",1992-11-05,0.0351202703284607,98960000,0,2.1875,0.05,2.078125,2.1875,3187,0,1.56223843505456
"1992-11-06",1992-11-06,-0.0142857142857143,28150400,-0.0142857142857142,2.15625,0.0362318840579711,2.078125,2.1875,3198,0,1.45628502929237
"1992-11-09",1992-11-09,0.0036234202898551,47984000,-0.0107140571428571,2.164063,0.0397114132074714,2.078125,2.1875,0,1.09603500452621,1.48291587421707
"1992-11-10",1992-11-10,0.00902515314942298,87190400,-0.00178560000000005,2.183594,0.048300645632842,2.078125,2.1875,0,1.21629128080878,1.54907649669788
"1992-11-11",1992-11-11,0.00715563424336209,85155200,0,2.199219,0.0195382997327687,2.15625,2.199219,3198,0,1.4471910114971
"1992-11-12",1992-11-12,-0.0159856749145946,46230400,-0.0159856749145946,2.164063,0.00361033851602288,2.15625,2.199219,3202,0,1.32665993210721
"1992-11-13",1992-11-13,0.0144404298765794,57190400,-0.00177608505564919,2.195313,0.0177938180113725,2.15625,2.199219,0,4.92857329926336,1.4338945725719
"1992-11-16",1992-11-16,-0.0213523083041006,5e+07,-0.0230904698440672,2.148438,0,2.148438,2.195313,3204,-13.0007680491558,1.28619113078739
"1992-11-17",1992-11-17,-0.0145454511603314,65488000,-0.0373000597030125,2.117188,0,2.117188,2.148438,3205,-1.61538764498534,1.23252450388415
"1992-11-18",1992-11-18,0.0258300160401438,61968000,-0.012433504803296,2.171875,0.0251796258992806,2.117188,2.171875,3205,-0.33333739683778,1.42153838391398
"1992-11-19",1992-11-19,0.00359735251798564,49763200,-0.00888087998512199,2.179688,0.028673828547939,0,2.179688,0,1.13877103109615,1.44815276647309
"1992-11-20",1992-11-20,0.0107524563148487,65715200,0,2.203125,0.0390068652482269,0,2.203125,0,1.36036473758684,1.52071968137645
"1992-11-23",1992-11-23,-0.0106380709219858,34083200,-0.0106380709219858,2.179688,0.028673828547939,2.117188,2.203125,3209,0,1.44151622654882
"1992-11-24",1992-11-24,0.00716845713698474,38572800,-0.00354587234042547,2.195313,0.0355871805068343,2.117188,2.203125,0,1.24110320487329,1.49441223993768
"1992-11-25",1992-11-25,0.00355849029272816,56268800,0,2.203125,0.0106380709219858,2.179688,2.203125,3209,0,1.41357672257792
"1992-11-27",1992-11-27,0.00709219858156028,20764800,0,2.21875,0.0176054084507042,0,2.21875,0,1.6549436998318,1.43989088838949
"1992-11-30",1992-11-30,0.00704225352112676,67798400,0,2.234375,0.0244753006993007,0,2.234375,0,1.39021487447067,1.46583702390998
"1992-12-01",1992-12-01,0.020979020979021,64393600,0,2.28125,0.0445203287671233,0,2.28125,0,1.81899006325162,1.5415428713876
"1992-12-02",1992-12-02,0.0034248767123288,53292800,0,2.289063,0.0477815595289426,0,2.289063,0,1.07325262081684,1.553859852826
"1992-12-03",1992-12-03,0.0546074966045059,190009600,0,2.414063,0.0970873585320682,0,2.414063,0,2.03190016167764,1.74007746681301
"1992-12-04",1992-12-04,0.0194174717064136,123107200,0,2.460938,0.114285691065764,0,2.460938,0,1.17714286178685,1.80503194506367
"1992-12-07",1992-12-07,0.00317439935504264,74800000,0,2.46875,0.117088405063291,0,2.46875,0,1.02452375246096,1.8156172052939
"1992-12-08",1992-12-08,-0.00949346835443035,62512000,-0.00949346835443032,2.445313,0.108626175871964,2.179688,2.46875,3219,0,1.74780231897127
"1992-12-09",1992-12-09,0.0159742331554283,97632000,0,2.484375,0.0157230691823899,2.445313,2.484375,3219,0,1.43278168958637
"1992-12-10",1992-12-10,0.0125786163522013,89577600,0,2.515625,0.0279501118012422,0,2.515625,0,1.77764986447728,1.47896065329115
"1992-12-11",1992-12-11,-0.0201862360248448,53078400,-0.0201862360248449,2.464844,0.00792382803942149,2.445313,2.515625,3222,0,1.32708643892939
"1992-12-14",1992-12-14,-0.0110936026783033,4e+07,-0.0310559006211181,2.4375,0,2.4375,2.464844,3223,-1.53846911246331,1.25610737707747
"1992-12-15",1992-12-15,-0.00801271794871803,70790400,-0.0388197763975157,2.417969,0,2.417969,2.4375,3224,-1.2499968,1.2267848541369
"1992-12-16",1992-12-16,0.0791598238025385,201126400,0,2.609375,0.0733531976047905,2.417969,2.609375,3224,0,1.6504385418342
"1992-12-17",1992-12-17,0.0359281437125748,211177600,0,2.703125,0.10549123699422,0,2.703125,0,1.43812731331197,1.7718171450476
"1992-12-18",1992-12-18,-0.0115606936416185,102729600,-0.0115606936416185,2.671875,0.0950291461988305,2.417969,2.703125,3227,0,1.68864172848149
"1992-12-21",1992-12-21,0.0526315789473684,85929600,0,2.8125,0.05,2.671875,2.8125,3227,0,1.56223843505456
"1992-12-22",1992-12-22,-0.0138887111111111,106176000,-0.0138887111111111,2.773438,0.0366198919896533,2.671875,2.8125,3229,0,1.45924985083713
"1992-12-23",1992-12-23,0.0140843242214176,82617600,0,2.8125,0.0138887111111111,2.773438,2.8125,3229,0,1.42585370565471
"1992-12-24",1992-12-24,0,20544000,0,2.8125,0.0138887111111111,0,2.8125,0,0,1.42585370565471
"1992-12-28",1992-12-28,0.00416675555555549,28563200,0,2.824219,0.0179805461262033,0,2.824219,0,1.29461589217005,1.44130770434746
"1992-12-29",1992-12-29,-0.0152144716822597,68384000,-0.0152144716822599,2.78125,0.00280880898876401,2.773438,2.824219,3233,0,1.32654539608111
"1992-12-30",1992-12-30,-0.0112359550561798,61283200,-0.0262794776184143,2.75,0,2.75,2.78125,3234,-1.72726849589239,1.27414692035512
"1992-12-31",1992-12-31,-0.0113636363636364,36086400,-0.0373444835545687,2.71875,0,2.71875,2.75,3235,-1.42105121330117,1.23235672435703
"1993-01-04",1993-01-04,-0.00574712643678161,59820800,-0.0428769865226459,2.703125,0,2.703125,2.71875,3236,-1.148147796983,1.21146162635799
"1993-01-05",1993-01-05,0.0520231213872832,117472000,0,2.84375,0.0494505494505495,2.703125,2.84375,3236,0,1.56016327609981
"1993-01-06",1993-01-06,0.0837911208791209,268435200,0,3.082031,0.122940359782235,0,3.082031,0,2.4861272755963,1.83771880524673
"1993-01-07",1993-01-07,0.0101394178059857,266057600,0,3.113281,0.131743970428625,0,3.113281,0,1.07160879195396,1.87096818771668
"1993-01-08",1993-01-08,-0.00878269581191037,121020800,-0.00878269581191049,3.085938,0.124050774837343,2.703125,3.113281,3240,0,1.80874221739588
"1993-01-11",1993-01-11,0.0367087737990847,105164800,0,3.199219,0.0354089544979571,3.085938,3.199219,3240,0,1.50713113056094
"1993-01-12",1993-01-12,-0.00366308152083362,151785600,-0.00366308152083372,3.1875,0.0318625882352941,3.085938,3.199219,3242,0,1.47990256533028
"1993-01-13",1993-01-13,0.0796567843137256,343283200,0,3.441406,0.0737797284017057,3.1875,3.441406,3242,2.31555979874793,1.65204945878311
"1993-01-14",1993-01-14,0.0238367690414906,235817600,0,3.523438,0.0953438090864661,0,3.523438,0,1.29227649859798,1.73349244792694
"1993-01-15",1993-01-15,-0.00886917834228955,212144000,-0.00886917834228962,3.492188,0.0872484528324363,3.1875,3.523438,3245,0,1.66942097522397
"1993-01-18",1993-01-18,0.0436239400627916,147065600,0,3.644531,0.0418004401663753,3.492188,3.644531,3245,0,1.5312704252295
"1993-01-19",1993-01-19,-0.0160769657330395,130131200,-0.0160769657330396,3.585938,0.0261437872043521,3.492188,3.644531,3247,0,1.41141923376633
"1993-01-20",1993-01-20,-0.0185187250867137,93238400,-0.0342979659111147,3.519531,0.00776893284929159,3.492188,3.644531,0,-2.13336064034952,1.27320440202728
"1993-01-21",1993-01-21,-0.00554931892914146,97369600,-0.0396569544887945,3.5,0.00223200000000001,3.492188,3.644531,0,-1.156248,1.23205280259388
"1993-01-22",1993-01-22,-0.00446428571428571,91292800,-0.0439442002276837,3.484375,0,3.484375,3.585938,3250,-1.10810829510624,1.2074309850585
"1993-01-25",1993-01-25,0.0112109058295964,68403200,-0.033225948688597,3.523438,0.0110866148347154,3.484375,3.523438,3250,-0.756094058293168,1.28978337101573
"1993-01-26",1993-01-26,0.0144123438527937,121520000,-0.0192924686331385,3.574219,0.025136680209019,0,3.574219,0,2.26729985516488,1.39547132590512
"1993-01-27",1993-01-27,-0.0153006852685858,95401600,-0.0342979659111147,3.519531,0.00998883089820779,3.484375,3.574219,3253,-1.77779041984297,1.2815884892203
"1993-01-28",1993-01-28,-0.0321863907435395,144377600,-0.0653804289221304,3.40625,0,3.40625,3.519531,3254,-1.906248,1.12647086594337
"1993-01-29",1993-01-29,-0.0206420550458715,110473600,-0.0846728975552686,3.335938,0,3.335938,3.40625,3255,-1.29508017844478,1.05360727688452
"1993-02-01",1993-02-01,0.0421545604264827,102080000,-0.0460876859052647,3.476563,0.0404494323848007,3.335938,3.476563,3255,-0.544302689950841,1.35210447461862
"1993-02-02",1993-02-02,0,64544000,-0.0460876859052647,3.476563,0.0404494323848007,0,3.476563,0,-1,1.35210447461862
"1993-02-03",1993-02-03,-0.0213483834465247,100979200,-0.0664521717609209,3.402344,0.0195177207243006,3.335938,3.476563,3258,-1.44186392646219,1.19613743780603
"1993-02-04",1993-02-04,0.00344439010282331,171360000,-0.0632366688608219,3.414063,0.0228832918431793,3.335938,3.476563,0,1.17243668799341,1.22099276772793
"1993-02-05",1993-02-05,-0.0217392004775542,141500800,-0.0836011547164782,3.339844,0.00116951570193091,3.335938,3.476563,0,-1.32203603103251,1.06207203815438
"1993-02-08",1993-02-08,-0.00701769304195035,119747200,-0.0900321605166755,3.316406,0,3.316406,3.414063,3261,-1.07692484418436,1.03336646988859
"1993-02-09",1993-02-09,0.0412250490440555,166931200,-0.0525186917054623,3.453125,0.0395928325791854,3.316406,3.453125,3261,-0.583332571428572,1.3245807237611
"1993-02-10",1993-02-10,0.0361990950226244,146563200,-0.0182207257943477,3.578125,0.073144174672489,0,3.578125,0,1.84740949075066,1.58083326408504
"1993-02-11",1993-02-11,-0.0185588820960699,91852800,-0.0364414515886956,3.511719,0.0556174910350172,3.316406,3.578125,3264,-2.00000000000001,1.44582283072429
"1993-02-12",1993-02-12,-0.0122358878942193,61459200,-0.0482314459665729,3.46875,0.0439189909909909,3.316406,3.578125,0,-1.32353251212239,1.35711173637377
"1993-02-16",1993-02-16,-0.0461710990990992,194908800,-0.0921756461942566,3.308594,0,3.308594,3.511719,3266,-1.91111098469118,1.02527097612184
"1993-02-17",1993-02-17,0.0247933109955468,156316800,-0.0696676746610194,3.390625,0.0241934746543779,3.308594,3.390625,3266,-0.755814334235287,1.20165249826793
"1993-02-18",1993-02-18,0.0138248847926267,167945600,-0.0568059374443515,3.4375,0.0374999272727273,0,3.4375,0,1.55000171775415,1.30048423757566
"1993-02-19",1993-02-19,0.048863709090909,131974400,-0.0107179771553596,3.605469,0.0823401893068558,0,3.605469,0,2.19574263992612,1.64390097449981
"1993-02-22",1993-02-22,-0.00758403414368555,106172800,-0.0182207257943477,3.578125,0.075327441048035,3.308594,3.605469,3270,-1.70001536019662,1.58907900116612
"1993-02-23",1993-02-23,-0.0109168908296943,83292800,-0.0289387029497075,3.539063,0.0651214742433238,3.308594,3.605469,0,-1.58822997921875,1.51005367355313
"1993-02-24",1993-02-24,0.0397350937239603,133068800,0,3.679688,0.0382165553166464,3.539063,3.679688,3270,0,1.51773484728504
"1993-02-25",1993-02-25,0.00212300608095032,136691200,0,3.6875,0.0402541016949153,0,3.6875,0,1.05331580414265,1.52543023063994
"1993-02-26",1993-02-26,-0.0127118644067797,127846400,-0.0127118644067795,3.640625,0.0278968583690987,3.539063,3.6875,3274,0,1.43074949285388
"1993-03-01",1993-03-01,-0.0107294763948498,97376000,-0.0233049491525422,3.601563,0.0173535767665316,3.539063,3.6875,0,-1.83332266666668,1.35092189063833
"1993-03-02",1993-03-02,0.0368762118002656,94083200,0,3.734375,0.035564719665272,3.601563,3.734375,3274,2.04941725522906,1.5077194227778
"1993-03-03",1993-03-03,0.00313814225941418,137084800,0,3.746094,0.0385817867891195,0,3.746094,0,1.08483314791298,1.51911424960144
"1993-03-04",1993-03-04,-0.0104276614521685,63977600,-0.0104276614521686,3.707031,0.0284508006542163,3.601563,3.746094,3278,0,1.44146856942046
"1993-03-05",1993-03-05,-0.0242358372508889,109628800,-0.0344107755971953,3.617188,0.00431965383054456,3.601563,3.746094,0,-3.29995136062258,1.25975114352962
"1993-03-08",1993-03-08,0.0280776116696174,89987200,-0.00729933632204638,3.71875,0.0315124705882353,3.601563,3.746094,0,7.29513794957561,1.4648468765312
"1993-03-09",1993-03-09,-0.00840336134453781,102092800,-0.0156413587058948,3.6875,0.0233049491525423,3.601563,3.746094,0,-2.14284669397309,1.4023427365526
"1993-03-10",1993-03-10,-0.00741532203389825,86713600,-0.022940695027941,3.660156,0.0160083340710069,3.601563,3.746094,0,-1.4666689422125,1.34721690350255
"1993-03-11",1993-03-11,-0.00213433525784157,62915200,-0.0250260671515451,3.652344,0.0139036739146148,3.601563,3.746094,0,-1.09090274383859,1.33139203443066
"1993-03-12",1993-03-12,0.00641697496183283,64838400,-0.0187696838360168,3.675781,0.0201910832010939,3.601563,3.746094,0,1.45221207898656,1.37876729608184
"1993-03-15",1993-03-15,0.00850159462710102,36416000,-0.0104276614521687,3.707031,0.0284508006542163,3.601563,3.746094,0,1.40907748092856,1.44146856942046
"1993-03-16",1993-03-16,0.00948386997572987,100659200,-0.00104268606180213,3.742188,0.0375782830793108,3.601563,3.746094,0,1.32081636422213,1.51138622197106
"1993-03-17",1993-03-17,-0.0417536478659009,164188800,-0.0427527979810438,3.585938,0,3.585938,3.742188,3287,-41.0025601638442,1.21193066031281
"1993-03-18",1993-03-18,0.00871459573478404,117177600,-0.0344107755971955,3.617188,0.00863930766108922,3.585938,3.617188,3287,-0.804877744199407,1.27606556588636
"1993-03-19",1993-03-19,-0.0172786153221784,94777600,-0.0510948203648921,3.554688,0,0,3.617188,3289,-1.48484942516252,1.18042459945274
"1993-03-22",1993-03-22,-0.00659354632530339,129923200,-0.0573514706251366,3.53125,0,3.53125,3.554688,3290,-1.12245175177372,1.15679454971072
"1993-03-23",1993-03-23,-0.00442477876106195,116403200,-0.0615224818170608,3.515625,0,3.515625,3.53125,3291,-1.07272718809927,1.14104151928069
"1993-03-24",1993-03-24,0.0155556977777778,84268800,-0.046923809172968,3.570313,0.0153174245507327,3.515625,3.570313,3291,-0.762709952314628,1.25402831499352
"1993-03-25",1993-03-25,0.00984675573262057,69315200,-0.0375391007273179,3.605469,0.0249188108398657,0,3.605469,0,1.62682771880693,1.32573479439199
"1993-03-26",1993-03-26,-0.0108343741133261,48230400,-0.0479667621794864,3.566406,0.0142387041744547,3.515625,3.605469,3294,-1.27778133333333,1.24601520166827
"1993-03-29",1993-03-29,0.00109550062443813,46579200,-0.046923809172968,3.570313,0.0153174245507327,3.515625,3.605469,0,1.07575972947126,1.25402831499352
"1993-03-30",1993-03-30,0.0109407774612478,52864000,-0.0364964146655158,3.609375,0.0119048311688311,3.566406,3.609375,3294,-0.777780306176437,1.28052174080963
"1993-03-31",1993-03-31,-0.00432900432900433,56995200,-0.04066742585744,3.59375,0.00760876521739129,3.566406,3.609375,3297,-1.1142855053065,1.24854337447221
"1993-04-01",1993-04-01,-0.0304347826086957,104662400,-0.0698645042009092,3.484375,0,3.484375,3.59375,3298,-1.71794753977839,1.10953545842063
"1993-04-02",1993-04-02,-0.0358744394618834,185769600,-0.103232593736303,3.359375,0,3.359375,3.484375,3299,-1.47761148407261,0.983511214980383
"1993-04-05",1993-04-05,0.0244185302325582,78742400,-0.0813348517148798,3.441406,0.023836478462582,3.359375,3.441406,3299,-0.787879571471793,1.15623972944066
"1993-04-06",1993-04-06,0.0124858851295081,83731200,-0.0698645042009093,3.484375,0.0358744394618834,0,3.484375,0,1.50502262816206,1.24502565743941
"1993-04-07",1993-04-07,0.0224215246636771,88096000,-0.0490094482412884,3.5625,0.0570175438596491,0,3.5625,0,1.58936403508772,1.40364385999811
"1993-04-08",1993-04-08,-0.0087719298245614,70963200,-0.0573514706251367,3.53125,0.0486725663716814,3.359375,3.5625,3303,-1.17021253417867,1.34062057747237
"1993-04-12",1993-04-12,0.0398230088495575,187472000,-0.0198123698978192,3.671875,0.0382978723404256,3.53125,3.671875,3303,-0.345455307106556,1.44321481795903
"1993-04-13",1993-04-13,-0.041489429787234,184787200,-0.060479795755259,3.519531,0,0,3.671875,3305,-3.05262803325291,1.14497952483971
"1993-04-14",1993-04-14,0.00111009108884107,127923200,-0.0594368427487408,3.523438,0.00110886015306633,3.519531,3.523438,3305,-0.982755348401992,1.15310646975137
"1993-04-15",1993-04-15,-0.00997803849535592,123148800,-0.0688218181391074,3.488281,0,0,3.523438,3307,-1.15789828255246,1.11347346397965
"1993-04-16",1993-04-16,-0.0145576001474652,159964800,-0.0823775377766819,3.4375,0,3.4375,3.488281,3308,-1.19696834527351,1.06227636713054
"1993-04-19",1993-04-19,-0.111363490909091,567708800,-0.184567178506466,3.054688,0,3.054688,3.4375,3309,-2.24050370389573,0.676327625691752
"1993-04-20",1993-04-20,0.0332479127164542,246729600,-0.157455739231317,3.15625,0.0321780594059405,3.054688,3.15625,3309,-0.853108014683125,0.90025156977343
"1993-04-21",1993-04-21,0.0173268910891089,94544000,-0.142857066587224,3.210938,0.0486617929091125,0,3.210938,0,1.51226624002468,1.01764326865558
"1993-04-22",1993-04-22,-0.0656935761450393,221980800,-0.199165851150559,3,0,0,3.210938,3312,-1.39416170238211,0.621191515089669
"1993-04-23",1993-04-23,-0.033854,310691200,-0.226277290425708,2.898438,0,2.898438,3,3313,-1.13612493868065,0.518797321391442
"1993-04-26",1993-04-26,-0.0579515587361193,371200000,-0.271115727475072,2.730469,0,2.730469,2.898438,3314,-1.19815703540115,0.349451992220122
"1993-04-27",1993-04-27,0.0529326646814156,268764800,-0.232533940685952,2.875,0.0502716521739132,2.730469,2.875,3314,-0.857692553846154,0.685032709554961
"1993-04-28",1993-04-28,0.0271739130434783,123785600,-0.211678884726331,2.953125,0.0753967407407408,0,2.953125,0,1.49978641004095,0.858690027306779
"1993-04-29",1993-04-29,0.0132276825396826,94774400,-0.201251223274162,2.992188,0.0874674318592282,0,2.992188,0,1.16009566195963,0.943661564510354
"1993-04-30",1993-04-30,-0.00652766470555991,92723200,-0.206465187472605,2.972656,0.0814715863524068,2.730469,2.992188,3318,-1.02590773916112,0.901324475186838
"1993-05-03",1993-05-03,0.0197109924592687,69446400,-0.19082382876671,3.03125,0.0193299793814432,2.972656,3.03125,3318,-0.924242149984873,0.725702835201331
"1993-05-04",1993-05-04,0.0451031752577319,138217600,-0.154327414101195,3.167969,0.0616524340989447,0,3.167969,0,3.18947231563688,1.02338509753986
"1993-05-05",1993-05-05,0.00123296661046879,107324800,-0.153284728039393,3.171875,0.0628079605911329,0,3.171875,0,1.01874259320133,1.03168728318773
"1993-05-06",1993-05-06,-0.00246289655172412,94188800,-0.155370100162997,3.164063,0.0604940546379765,2.972656,3.171875,3322,-1.0136045655055,1.01507213683004
"1993-05-07",1993-05-07,0.00740724821218791,71398400,-0.149113716847469,3.1875,0.00735278431372544,3.164063,3.1875,3322,-0.959732385388409,0.837997797354036
"1993-05-10",1993-05-10,0.00490196078431373,79980800,-0.144942705655544,3.203125,0.0121949658536585,0,3.203125,0,1.65855073851333,0.872038727201357
"1993-05-11",1993-05-11,-0.0292682926829268,117996800,-0.169968772807089,3.109375,0,0,3.203125,3325,-1.17266179100464,0.731462728099886
"1993-05-12",1993-05-12,-0.0150753768844221,51830400,-0.182481806382862,3.0625,0,3.0625,3.109375,3326,-1.07361960299598,0.684203636809793
"1993-05-13",1993-05-13,-0.00127542857142863,75910400,-0.183524492444664,3.058594,0,3.058594,3.0625,3327,-1.00571391791034,0.680265631250772
"1993-05-14",1993-05-14,-0.00383149904825544,54035200,-0.186652817574786,3.046875,0,3.046875,3.058594,3328,-1.01704581818182,0.668450606379763
"1993-05-17",1993-05-17,0.0153846153846154,39030400,-0.174139783999014,3.09375,0.0151515151515151,3.046875,3.09375,3328,-0.93296091782403,0.772933777937255
"1993-05-18",1993-05-18,0.0227274343434344,78041600,-0.155370100162997,3.164063,0.0370371892089381,0,3.164063,0,2.44445448778991,0.926480498521265
"1993-05-19",1993-05-19,0.0320986023350357,111481600,-0.128258660887848,3.265625,0.0669856459330144,0,3.265625,0,1.8086050092821,1.14198370305607
"1993-05-20",1993-05-20,-0.00239219138755979,53545600,-0.130344033011452,3.257813,0.0647483449786713,3.046875,3.265625,3332,-1.01625911349119,1.12565787763805
"1993-05-21",1993-05-21,-0.00719439697735876,63763200,-0.136600683271696,3.234375,0.0579710144927537,3.046875,3.265625,0,-1.04800104857654,1.07643127865019
"1993-05-24",1993-05-24,0.00483091787439614,51654400,-0.132429672079772,3.25,0.0625,3.046875,3.265625,0,1.078125,1.10928933307319
"1993-05-25",1993-05-25,-0.00240369230769229,52137600,-0.134515044203376,3.242188,0.0602411087820941,3.046875,3.265625,0,-1.01574701568654,1.09288196577881
"1993-05-26",1993-05-26,0.0650600767136267,167446400,-0.0782065265847578,3.453125,0.0633484162895928,3.234375,3.453125,3332,1.05158118053136,1.31728301822608
"1993-05-27",1993-05-27,0.0203621357466064,144156800,-0.0594368427487408,3.523438,0.0820400415730318,0,3.523438,0,1.29506065626,1.45876648958434
"1993-05-28",1993-05-28,-0.0166297803452197,67561600,-0.0750782014546356,3.464844,0.0665164145918258,3.234375,3.523438,3338,-1.26315931302098,1.34106290517993
"1993-06-01",1993-06-01,0.041713566325064,134483200,-0.0364964146655159,3.609375,0.0400432207792208,3.464844,3.609375,3338,-0.486112000000001,1.38679450954321
"1993-06-02",1993-06-02,-0.00649336796536795,80611200,-0.042752797981044,3.585938,0.0337691281890541,3.464844,3.609375,3340,-1.17142460082359,1.33946954224814
"1993-06-03",1993-06-03,-0.00762534098470198,50803200,-0.0500521343030904,3.558594,0.0263446743292435,3.464844,3.609375,0,-1.17073353480357,1.28386088906848
"1993-06-04",1993-06-04,-0.00987918262100137,53248000,-0.0594368427487408,3.523438,0.0166297803452197,3.464844,3.609375,0,-1.18749866666667,1.21172571502275
"1993-06-07",1993-06-07,0.0310421241980134,172667200,-0.0302397644052717,3.632813,0.0301075227378893,3.523438,3.632813,3340,1.81045823293414,1.37289952125806
"1993-06-08",1993-06-08,-0.025806448061048,75200000,-0.0552658315568166,3.539063,0.00441501041377335,3.523438,3.632813,3344,-1.82758803329771,1.18134613310246
"1993-06-09",1993-06-09,-0.0132450312413201,81284800,-0.067778865132589,3.492188,0,3.492188,3.539063,3345,-1.22641536774686,1.11741247773262
"1993-06-10",1993-06-10,-0.0223713614501854,75241600,-0.0886339210922099,3.414063,0,3.414063,3.492188,3346,-1.30769261065119,1.03864732558246
"1993-06-11",1993-06-11,0.034324791311701,45609600,-0.0573514706251367,3.53125,0.0331856991150442,3.414063,3.53125,3346,-0.647060063668754,1.2821299429634
"1993-06-14",1993-06-14,0.0110620884955752,32750400,-0.0469238091729682,3.570313,0.0437636700199674,0,3.570313,0,1.31875088327212,1.36146379044
"1993-06-15",1993-06-15,0.0109407774612478,47724800,-0.0364964146655159,3.609375,0.0541124155844156,0,3.609375,0,1.23646886926363,1.43993089391
"1993-06-16",1993-06-16,-0.0216450216450216,42097600,-0.0573514706251369,3.53125,0.0331856991150442,3.414063,3.609375,3350,-1.57142752653252,1.2821299429634
"1993-06-17",1993-06-17,-0.00663702654867255,53537600,-0.0636078539406649,3.507813,0.0267260540969544,3.414063,3.609375,0,-1.10908845487889,1.2341041832444
"1993-06-18",1993-06-18,-0.0133630270484772,61915200,-0.0761208875164375,3.460938,0.0135440161019932,3.414063,3.609375,0,-1.19672151787176,1.13705931193374
"1993-06-21",1993-06-21,0.0248305517174824,40246400,-0.0531804594332128,3.546875,0.0374447929515418,3.414063,3.609375,0,2.76467427899996,1.3139686734128
"1993-06-22",1993-06-22,-0.0220264317180617,44508800,-0.0740355153928336,3.46875,0.0157656216216217,3.414063,3.609375,0,-1.39215637062729,1.15332585900191
"1993-06-23",1993-06-23,-0.00900900900900901,53142400,-0.082377537776682,3.4375,0.00681803636363632,3.414063,3.609375,0,-1.11267595477097,1.0880266538997
"1993-06-24",1993-06-24,-0.0227272727272727,94376000,-0.103232593736303,3.359375,0,3.359375,3.546875,3356,-1.25316435186685,0.983511214980382
"1993-06-25",1993-06-25,0.0162792186046512,45769600,-0.0886339210922099,3.414063,0.0160184507432932,3.359375,3.414063,3356,-0.858584657076585,1.09914563891464
"1993-06-28",1993-06-28,0.0251714745744293,45544000,-0.0656934930089853,3.5,0.0401785714285714,0,3.5,0,2.50826825093518,1.27703448741689
"1993-06-29",1993-06-29,0.00892857142857143,57700800,-0.0573514706251369,3.53125,0.0486725663716814,0,3.53125,0,1.21140609636185,1.34062057747237
"1993-06-30",1993-06-30,-0.0265486725663717,42961600,-0.082377537776682,3.4375,0.0227272727272727,3.359375,3.53125,3360,-1.43636312859563,1.14811248753164
"1993-07-01",1993-07-01,-0.0181818181818182,75560000,-0.0990615825443786,3.375,0.00462962962962965,3.359375,3.53125,0,-1.20253148149348,1.01674938104767
"1993-07-02",1993-07-02,-0.00231466666666665,41417600,-0.101146954667983,3.367188,0.00232033376217788,3.359375,3.53125,0,-1.02105127002862,1.00015164601234
"1993-07-06",1993-07-06,-0.0116010748434599,44809600,-0.111574616120151,3.328125,0,3.328125,3.4375,3363,-1.10309417111368,0.952005154120319
"1993-07-07",1993-07-07,-0.0117369389671361,59035200,-0.122002010627604,3.289063,0,3.289063,3.328125,3364,-1.09345669176422,0.912623082142216
"1993-07-08",1993-07-08,0.0403798893484254,43812800,-0.0865485489686062,3.421875,0.0388126392694064,3.289063,3.421875,3364,-0.709402644459568,1.19311049730669
"1993-07-09",1993-07-09,0.0228310502283105,64132800,-0.0656934930089854,3.5,0.0602677142857143,0,3.5,0,1.55278577855487,1.35290694715868
"1993-07-12",1993-07-12,-0.00669628571428569,135345600,-0.0719498763245136,3.476563,0.0539325765130676,3.289063,3.5,3367,-1.09523596674441,1.30535142507175
"1993-07-13",1993-07-13,-0.0202248600126044,81499200,-0.0907195601605304,3.40625,0.0344035229357798,3.289063,3.5,0,-1.26087166225777,1.16070516349573
"1993-07-14",1993-07-14,-0.0206420550458715,59040000,-0.109488977051831,3.335938,0.0140515201421609,3.289063,3.5,0,-1.2068949282612,1.01295180432091
"1993-07-15",1993-07-15,-0.011709750001349,47083200,-0.119916638504,3.296875,0.0023695165876777,3.289063,3.5,0,-1.09523937233638,0.929448258149198
"1993-07-16",1993-07-16,-0.042654028436019,99308800,-0.157455739231317,3.15625,0,3.15625,3.476563,3371,-1.31304330404546,0.778721819389978
"1993-07-19",1993-07-19,0.00742590099009903,95104000,-0.151199088971073,3.179688,0.00737116346006272,3.15625,3.179688,3371,-0.960264069821851,0.83019120039918
"1993-07-20",1993-07-20,0.0221128613876581,48841600,-0.132429672079772,3.25,0.0288461538461539,0,3.25,0,3.91337866843457,0.982185847094638
"1993-07-21",1993-07-21,-0.0168267692307692,33388800,-0.147028077779149,3.195313,0.0122250934415502,3.15625,3.25,3374,-1.11023515704685,0.864276501634828
"1993-07-22",1993-07-22,-0.0220050430114358,43457600,-0.165797761615166,3.125,0,3.125,3.195313,3375,-1.12766054021471,0.747215758529916
"1993-07-23",1993-07-23,0.035,44576000,-0.136600683271696,3.234375,0.033816425120773,3.125,3.234375,3375,-0.823899441952427,0.985204484020997
"1993-07-26",1993-07-26,0.0217392850241546,52528000,-0.117830999435679,3.304688,0.0543736655321169,0,3.304688,0,1.60790696644974,1.13373399062786
"1993-07-27",1993-07-27,0.00236391453595617,72420800,-0.115745627312075,3.3125,0.0566037735849056,0,3.3125,0,1.04101448800562,1.15003264997227
"1993-07-28",1993-07-28,0.0117926037735849,25102400,-0.105317965859907,3.351563,0.0675992066984866,0,3.351563,0,1.19425265167326,1.23094316425071
"1993-07-29",1993-07-29,-0.0116551591003959,25841600,-0.115745627312075,3.3125,0.0566037735849056,3.125,3.351563,3380,-1.09901123105662,1.15003264997227
"1993-07-30",1993-07-30,-0.0141509433962264,39956800,-0.128258660887848,3.265625,0.0430622009569378,3.125,3.351563,0,-1.10810804577554,1.05162989210754
"1993-08-02",1993-08-02,0.00717718660287084,31742400,-0.122002010627604,3.289063,0.0498813795904791,3.125,3.351563,0,1.15835648160113,1.10101454273148
"1993-08-03",1993-08-03,0.00712573763409212,34998400,-0.115745627312075,3.3125,0.0566037735849056,3.125,3.351563,0,1.13476760365525,1.15003264997227
"1993-08-04",1993-08-04,0.0377358490566038,59088000,-0.082377537776682,3.4375,0.05,3.265625,3.4375,3380,-0.711711877931892,1.25111583201296
"1993-08-05",1993-08-05,0.0136363636363636,61473600,-0.0698645042009096,3.484375,0.0627802690582959,0,3.484375,0,1.25560538116592,1.34664330670349
"1993-08-06",1993-08-06,0.0269058295964126,82009600,-0.0448384370493644,3.578125,0.0873362445414847,0,3.578125,0,1.39114160948222,1.5339042346819
"1993-08-09",1993-08-09,0.00873362445414847,107350400,-0.0364964146655161,3.609375,0.0952380952380952,0,3.609375,0,1.09047619047619,1.59525392068454
"1993-08-10",1993-08-10,-0.0151513766233766,48619200,-0.0510948203648925,3.554688,0.0813188105397717,3.265625,3.609375,3388,-1.39999561143659,1.48754861279685
"1993-08-11",1993-08-11,0.0329668876705916,71593600,-0.0198123698978194,3.671875,0.0319147574468085,3.554688,3.671875,3388,-0.387756914621283,1.41910713794315
"1993-08-12",1993-08-12,0.00212779574468087,79372800,-0.0177267308294994,3.679688,0.0339702713925746,0,3.679688,0,1.06440637843455,1.43474740032668
"1993-08-13",1993-08-13,0.0148618578531658,68516800,-0.00312832513012284,3.734375,0.0481170209205021,0,3.734375,0,1.41644499581536,1.5433117949484
"1993-08-16",1993-08-16,0.0774059916317991,175865600,0,4.023438,0.116504839890661,0,4.023438,0,2.42128123607543,1.81341320259543
"1993-08-17",1993-08-17,0.00970861238572593,97726400,0,4.0625,0.124999876923077,0,4.0625,0,1.07291574358961,1.84549716754258
"1993-08-18",1993-08-18,0.00769230769230769,99955200,0,4.09375,0.131679267175573,0,4.09375,0,1.05343517463306,1.87072381716303
"1993-08-19",1993-08-19,-0.0229007633587786,64408000,-0.0229007633587788,4,0.111328,3.554688,4.09375,3395,0,1.70737001113933
"1993-08-20",1993-08-20,-0.00390625,72768000,-0.0267175572519085,3.984375,0.107843011764706,3.554688,4.09375,0,-1.16666666666666,1.67979271854293
"1993-08-23",1993-08-23,0.00784313725490196,71700800,-0.0190839694656489,4.015625,0.11478586770428,3.554688,4.09375,0,1.06437928453558,1.73484487520444
"1993-08-24",1993-08-24,-0.0116731517509728,65600000,-0.0305343511450383,3.96875,0.104330582677165,3.554688,4.09375,0,-1.6,1.65211178762946
"1993-08-25",1993-08-25,-0.015748031496063,56712000,-0.0458015267175573,3.90625,0.089999872,3.554688,4.09375,0,-1.49999999999999,1.54032680760864
"1993-08-26",1993-08-26,0.014000128,54320000,-0.0324426259541986,3.960938,0.102564089617156,3.554688,4.09375,0,1.13960261651435,1.63823296366984
"1993-08-27",1993-08-27,0.00394477267758294,27264000,-0.0286258320610688,3.976563,0.106090359941487,3.554688,4.09375,0,1.03438114000225,1.66596617001829
"1993-08-30",1993-08-30,0.00589378314891526,29600000,-0.0229007633587788,4,0.111328,3.554688,4.09375,0,1.04936961342578,1.70737001113933
"1993-08-31",1993-08-31,0.00390625,31971200,-0.0190839694656489,4.015625,0.11478586770428,3.554688,4.09375,0,1.03106017986742,1.73484487520444
"1993-09-01",1993-09-01,-0.0116731517509728,45500800,-0.0305343511450383,3.96875,0.104330582677165,3.554688,4.09375,0,-1.6,1.65211178762946
"1993-09-02",1993-09-02,-0.0078740157480315,30043200,-0.0381679389312978,3.9375,0.0972220952380952,3.554688,4.09375,0,-1.25,1.59643407569331
"1993-09-03",1993-09-03,-0.00396825396825397,27585600,-0.0419847328244275,3.921875,0.0936253705179283,3.554688,4.09375,0,-1.1,1.56843477793669
"1993-09-07",1993-09-07,-0.0119521912350598,35488000,-0.0534351145038169,3.875,0.0826611612903225,3.554688,4.09375,0,-1.27272727272727,1.48377959088798
"1993-09-08",1993-09-08,0.0161290322580645,86782400,-0.0381679389312978,3.9375,0.0972220952380952,3.554688,4.09375,0,1.17615206126408,1.59643407569331
"1993-09-09",1993-09-09,0.0277777777777778,82708800,-0.0114503816793895,4.046875,0.121621498069498,3.554688,4.09375,0,1.25096561405768,1.78949206346428
"1993-09-10",1993-09-10,0.0115830115830116,74587200,-1.11022302462516e-16,4.09375,0.0534351145038168,3.875,4.09375,3395,-9.69594774839288e-15,1.57521213874877
"1993-09-13",1993-09-13,-0.0114503816793893,30587200,-0.0114503816793895,4.046875,0.0424710424710425,3.875,4.09375,3411,-103135869329097,1.49055746985603
"1993-09-14",1993-09-14,-0.0231660231660232,98814400,-0.0343511450381681,3.953125,0.0197628458498024,3.875,4.09375,0,-2.99999999999996,1.31830203792662
"1993-09-15",1993-09-15,0.0256918260869564,90660800,-0.00954186259542,4.054688,0.0443161101421367,3.875,4.09375,0,2.24239517319212,1.50473397614035
"1993-09-16",1993-09-16,-0.0134875975660765,33553600,-0.0229007633587788,4,0.03125,3.875,4.09375,0,-2.4000307203932,1.40493227776224
"1993-09-17",1993-09-17,0.00390625,47414400,-0.0190839694656489,4.015625,0.0350194552529183,3.875,4.09375,0,1.12062256809338,1.43358394234632
"1993-09-20",1993-09-20,0.0136188015564201,54420800,-0.00572506870229039,4.070313,0.0479847618598372,3.875,4.09375,0,1.37023153310869,1.53300492701147
"1993-09-21",1993-09-21,0.00191926272009066,60798400,-0.00381679389312994,4.078125,0.0498084291187739,3.875,4.09375,0,1.03800513305169,1.5470996858737
"1993-09-22",1993-09-22,0.0306513409961686,75945600,0,4.203125,0.0594795539033457,3.953125,4.203125,3411,1.19416642836717,1.5980407127832
"1993-09-23",1993-09-23,0.0167287434944237,56939200,0,4.273438,0.0749544043929032,0,4.273438,0,1.26017092385569,1.65648596249487
"1993-09-24",1993-09-24,0.00548434305119213,44264000,0,4.296875,0.08,0,4.296875,0,1.06731553199527,1.67554211398401
"1993-09-27",1993-09-27,0.0236364799999999,62544000,0,4.398438,0.101243441421705,0,4.398438,0,1.26554301777131,1.75577411619073
"1993-09-28",1993-09-28,0.0337476622382765,68897600,0,4.546875,0.130584192439863,0,4.546875,0,1.28980396760662,1.86658795062107
"1993-09-29",1993-09-29,0.00687285223367698,106225600,0,4.578125,0.136518771331058,0,4.578125,0,1.04544638045626,1.88900160466339
"1993-09-30",1993-09-30,-0.0341296928327645,68577600,-0.0341296928327645,4.421875,0.106007067137809,3.953125,4.578125,3424,0,1.6448646681905
"1993-10-01",1993-10-01,0.0318021201413428,81172800,-0.00341296928327639,4.5625,0.133561643835616,3.953125,4.578125,0,1.25993150684932,1.86494309132454
"1993-10-04",1993-10-04,-0.00342465753424658,56750400,-0.00682593856655278,4.546875,0.130584192439863,3.953125,4.578125,0,-2,1.84080781889651
"1993-10-05",1993-10-05,-0.0378006872852234,142361600,-0.0443686006825939,4.375,0.0964285714285714,3.953125,4.578125,0,-6.50000000000011,1.57001851052143
"1993-10-06",1993-10-06,-0.0107142857142857,86118400,-0.0546075085324231,4.328125,0.0866425992779783,3.953125,4.578125,0,-1.23076923076923,1.49438875804915
"1993-10-07",1993-10-07,-0.0072202166064982,105950400,-0.061433447098976,4.296875,0.08,3.953125,4.578125,0,-1.125,1.44352092846295
"1993-10-08",1993-10-08,0.0218181818181818,82057600,-0.0409556313993173,4.390625,0.099644128113879,3.953125,4.578125,0,1.24555160142349,1.59505305645877
"1993-10-11",1993-10-11,-0.0676156583629893,322280000,-0.10580204778157,4.09375,0.0343511450381679,3.953125,4.578125,0,-2.58333333333334,1.10354396538354
"1993-10-12",1993-10-12,-0.00763358778625954,212414400,-0.112627986348123,4.0625,0.0269230769230769,3.953125,4.578125,0,-1.06451612903226,1.0497095854997
"1993-10-13",1993-10-13,-0.0230769230769231,200088000,-0.133105802047782,3.96875,0.00393700787401574,3.953125,4.578125,0,-1.18181818181818,0.885555650746507
"1993-10-14",1993-10-14,0.0196850393700787,71899200,-0.116040955631399,4.046875,0.0231660231660231,3.953125,4.578125,0,5.88416988416988,1.02262991921708
"1993-10-15",1993-10-15,0,89185600,-0.116040955631399,4.046875,0.0231660231660231,3.953125,4.578125,0,-1,1.02262991921708
"1993-10-18",1993-10-18,-0.027027027027027,77270400,-0.139931740614334,3.9375,0,3.9375,4.5625,3436,-1.20588235294118,0.844906269818604
"1993-10-19",1993-10-19,-0.0119047619047619,83560000,-0.150170648464164,3.890625,0,3.890625,3.9375,3437,-1.07317073170732,0.806236072231761
"1993-10-20",1993-10-20,0.00803212851405622,64544000,-0.143344709897611,3.921875,0.00796812749003983,3.890625,3.921875,3437,-0.954545454545454,0.862110142583004
"1993-10-21",1993-10-21,0.0278884462151394,61107200,-0.119453924914676,4.03125,0.0348837209302325,0,4.03125,0,4.37790697674418,1.05399512886375
"1993-10-22",1993-10-22,-0.00387596899224806,56268800,-0.122866894197952,4.015625,0.0311284046692607,3.890625,4.03125,3440,-1.02857142857143,1.02692202473774
"1993-10-25",1993-10-25,-0.0116731517509728,37923200,-0.133105802047781,3.96875,0.0196850393700787,3.890625,4.03125,0,-1.08333333333333,0.945032647559868
"1993-10-26",1993-10-26,0.00393700787401575,51344000,-0.129692832764505,3.984375,0.0235294117647059,3.890625,4.03125,0,1.19529411764706,0.972442097938353
"1993-10-27",1993-10-27,0.0117647058823529,37292800,-0.119453924914676,4.03125,0.0155038759689923,3.96875,4.03125,3440,-0.921052631578948,0.980801537824051
"1993-10-28",1993-10-28,-0.0155038759689922,60920000,-0.133105802047781,3.96875,0,0,4.03125,3444,-1.11428571428571,0.870686401543167
"1993-10-29",1993-10-29,-0.00393700787401575,40308800,-0.136518771331058,3.953125,0,3.953125,3.96875,3445,-1.02564102564103,0.857796335680886
"1993-11-01",1993-11-01,0,28537600,-0.136518771331058,3.953125,0,3.953125,3.953125,3445,-1,0.857796335680886
"1993-11-02",1993-11-02,-0.00790513833992095,55489600,-0.143344709897611,3.921875,0,0,3.953125,3447,-1.05,0.832016203956323
"1993-11-03",1993-11-03,-0.0298803505976095,124995200,-0.168941870307167,3.804688,0,3.804688,3.921875,3448,-1.17857066666667,0.735341122471321
"1993-11-04",1993-11-04,-0.0308009487243107,128688000,-0.194539249146757,3.6875,0,3.6875,3.804688,3449,-1.15151589592947,0.638665216022104
"1993-11-05",1993-11-05,0.0296610169491525,83112000,-0.170648464163822,3.796875,0.0288065843621399,3.6875,3.796875,3449,-0.877192982456141,0.837692076578809
"1993-11-08",1993-11-08,-0.0123456790123457,42608000,-0.180887372013652,3.75,0.0166666666666667,3.6875,3.796875,3451,-1.06,0.75317196776537
"1993-11-09",1993-11-09,0.0166666666666667,71232000,-0.167235494880546,3.8125,0.0163934426229508,3.75,3.8125,3451,-0.924528301886792,0.803700321570328
"1993-11-10",1993-11-10,0.040983606557377,95024000,-0.133105802047782,3.96875,0.0551181102362205,0,3.96875,0,3.36220472440945,1.07885589038993
"1993-11-11",1993-11-11,0.00393700787401575,51193600,-0.129692832764505,3.984375,0.0588235294117647,0,3.984375,0,1.0672268907563,1.10574054373771
"1993-11-12",1993-11-12,-0.0156862745098039,47713600,-0.143344709897611,3.921875,0.0438247011952191,3.75,3.984375,3455,-1.10526315789474,0.997532866403066
"1993-11-15",1993-11-15,-0.0438247011952191,88811200,-0.180887372013652,3.75,0,3.75,3.921875,3456,-1.26190476190476,0.690225479471229
"1993-11-16",1993-11-16,0.00833333333333333,85782400,-0.174061433447099,3.78125,0.00826446280991733,3.75,3.78125,3456,-0.962264150943396,0.747218745887101
"1993-11-17",1993-11-17,-0.0268593719008264,90747200,-0.196245624573379,3.679688,0,0,3.78125,3458,-1.12745035294118,0.632220595573071
"1993-11-18",1993-11-18,-0.0169851356962873,140396800,-0.209897501706485,3.617188,0,3.617188,3.679688,3459,-1.06956525610588,0.580660332123946
"1993-11-19",1993-11-19,-0.0172786153221784,97624000,-0.22354937883959,3.554688,0,3.554688,3.617188,3460,-1.06504068424881,0.52910006867482
"1993-11-22",1993-11-22,0.0109888687839833,76011200,-0.215017064846416,3.59375,0.0108694260869565,3.554688,3.59375,3460,-0.961832530971618,0.602376352965214
"1993-11-23",1993-11-23,0.0239131826086957,62088000,-0.196245624573379,3.679688,0.0339702713925746,0,3.679688,0,3.12530497202051,0.760519153006758
"1993-11-24",1993-11-24,0.0191081417772376,55235200,-0.180887372013652,3.75,0.0520832,0,3.75,0,1.5331994083328,0.88693275181851
"1993-11-26",1993-11-26,0.00416666666666667,14734400,-0.177474402730376,3.765625,0.0560164647302904,0,3.765625,0,1.0755188761499,0.91467792981897
"1993-11-29",1993-11-29,-0.00622393360995849,58473600,-0.182593747440273,3.742188,0.0501043774390811,3.554688,3.765625,3465,-1.02884553846154,0.873014535499454
"1993-11-30",1993-11-30,0.0271397375011624,63641600,-0.160409556313993,3.84375,0.0264226341463415,3.742188,3.84375,3465,-0.87850519835825,0.867358596504498
"1993-12-01",1993-12-01,0.0203252032520325,85136000,-0.143344709897611,3.921875,0.0458166055776892,0,3.921875,0,1.73399083997206,1.00505586955672
"1993-12-02",1993-12-02,0.00398406374501992,47347200,-0.139931740614335,3.9375,0.0496030476190475,0,3.9375,0,1.08264344321488,1.03224652919697
"1993-12-03",1993-12-03,0.00793650793650794,45374400,-0.133105802047782,3.96875,0.0570864881889763,0,3.96875,0,1.15086654810813,1.08629003917562
"1993-12-06",1993-12-06,-0.062992125984252,269475200,-0.187713310580205,3.71875,0,0,3.96875,3470,-1.41025641025641,0.664445347746665
"1993-12-07",1993-12-07,-0.00210070588235292,98324800,-0.189419686006826,3.710938,0,3.710938,3.71875,3471,-1.00909032727273,0.658000727297632
"1993-12-08",1993-12-08,0.0021051281374143,53771200,-0.187713310580205,3.71875,0.00210070588235289,3.710938,3.71875,3471,-0.990991562373514,0.672379271240643
"1993-12-09",1993-12-09,-0.0252100840336134,77976000,-0.208191126279864,3.625,0,0,3.71875,3473,-1.10909090909091,0.587104952572977
"1993-12-10",1993-12-10,-0.0301724137931034,68502400,-0.232081911262799,3.515625,0,3.515625,3.625,3474,-1.11475409836066,0.496874491537009
"1993-12-13",1993-12-13,0.0222222222222222,55952000,-0.215017064846417,3.59375,0.0217391304347826,3.515625,3.59375,3474,-0.926470588235295,0.643428936014684
"1993-12-14",1993-12-14,0,50587200,-0.215017064846417,3.59375,0.0217391304347826,0,3.59375,0,-1,0.643428936014684
"1993-12-15",1993-12-15,0.0217391304347826,59876800,-0.197952218430034,3.671875,0.0425531914893617,0,3.671875,0,1.95744680851064,0.786489588357626
"1993-12-16",1993-12-16,0,46481600,-0.197952218430034,3.671875,0.0425531914893617,0,3.671875,0,-1,0.786489588357626
"1993-12-17",1993-12-17,-0.0127659574468085,58496000,-0.208191126279864,3.625,0.0301724137931034,3.515625,3.671875,3479,-1.05172413793103,0.70105980207099
"1993-12-20",1993-12-20,0.00862068965517241,37140800,-0.201365187713311,3.65625,0.0384615384615384,3.515625,3.671875,0,1.27472527472527,0.758146211130171
"1993-12-21",1993-12-21,0.0170940170940171,54096000,-0.187713310580205,3.71875,0.0252100840336135,3.625,3.71875,3479,-0.932203389830509,0.759658523317634
"1993-12-22",1993-12-22,0.0378151260504202,95432000,-0.156996587030717,3.859375,0.0607287449392713,0,3.859375,0,2.40890688259109,1.00981561445346
"1993-12-23",1993-12-23,0.00607300404858301,66342400,-0.151877023890785,3.882813,0.066398510564377,0,3.882813,0,1.09336214062674,1.05056463586206
"1993-12-27",1993-12-27,0.0100602321049198,29566400,-0.143344709897611,3.921875,0.0756972111553785,0,3.921875,0,1.14004381291032,1.11790862090979
"1993-12-28",1993-12-28,0.0199203187250996,79996800,-0.126279863481229,4,0.09375,0,4,0,1.23848684210526,1.25054052992227
"1993-12-29",1993-12-29,-0.01367175,53526400,-0.138225146757679,3.945313,0.0811882352553523,3.625,4,3486,-1.09459372972973,1.15798257323923
"1993-12-30",1993-12-30,-0.00198032450150345,31067200,-0.139931740614335,3.9375,0.0793650793650794,3.625,4,0,-1.01234647889105,1.14465145217165
"1993-12-31",1993-12-31,-0.0158730158730159,27342400,-0.153583617747441,3.875,0.0645161290322581,3.625,4,0,-1.09756097560975,1.03700983202421
"1994-01-03",1994-01-03,-0.0120967741935484,45019200,-0.16382252559727,3.828125,0.0530612244897959,3.625,4,0,-1.06666666666667,0.955076873555816
"1994-01-04",1994-01-04,0.0408163265306122,59249600,-0.129692832764505,3.984375,0.0901960784313726,3.625,4,0,1.69984917043741,1.22422805111491
"1994-01-05",1994-01-05,0.00784313725490196,74617600,-0.122866894197952,4.015625,0.046692607003891,3.828125,4.015625,3486,-0.947368421052631,1.08570473754161
"1994-01-06",1994-01-06,-0.00389105058365759,50016000,-0.126279863481229,4,0.04296875,3.828125,4.015625,3492,-1.02777777777778,1.05875044840106
"1994-01-07",1994-01-07,0.0292969999999999,99614400,-0.100682484641639,4.117188,0.0284631160879706,4,4.117188,3492,-0.797296432432434,1.10064163193572
"1994-01-10",1994-01-10,0.0170776753454057,71112000,-0.0853242320819115,4.1875,0.0447761194029851,0,4.1875,0,1.57312780739102,1.22025729216653
"1994-01-11",1994-01-11,-0.00373134328358209,47896000,-0.0887372013651879,4.171875,0.0411985018726592,4,4.1875,3495,-1.04,1.19385531870463
"1994-01-12",1994-01-12,0.0243446891385767,100625600,-0.0665527918088739,4.273438,0.0237661105648426,4.171875,4.273438,3495,-0.749998769230769,1.21180269036779
"1994-01-13",1994-01-13,-0.00548457705482088,52372800,-0.0716723549488055,4.25,0.0183823529411765,4.171875,4.273438,3497,-1.07692484418436,1.17213386091806
"1994-01-14",1994-01-14,0.00735294117647059,65032000,-0.0648464163822527,4.28125,0.00729927007299269,4.25,4.28125,3497,-0.904761904761907,1.15605552388112
"1994-01-17",1994-01-17,-0.0328467153284672,79582400,-0.0955631399317408,4.140625,0,0,4.28125,3499,-1.47368421052631,1.01247712602826
"1994-01-18",1994-01-18,0.0150943396226415,111531200,-0.0819112627986349,4.203125,0.0148698884758365,4.140625,4.203125,3499,-0.857142857142856,1.12019782513015
"1994-01-19",1994-01-19,-0.0706319702602231,378345600,-0.146757679180888,3.90625,0,0,4.203125,3501,-1.79166666666667,0.819126138094041
"1994-01-20",1994-01-20,0.02,122884800,-0.129692832764505,3.984375,0.0196078431372549,3.90625,3.984375,3501,-0.883720930232558,0.957631159516201
"1994-01-21",1994-01-21,0.0215687529411764,146251200,-0.110921392491468,4.070313,0.0403072196167714,0,4.070313,0,2.05566820045534,1.10670411779669
"1994-01-24",1994-01-24,0.00575803384162357,82800000,-0.10580204778157,4.09375,0.0458015267175572,0,4.09375,0,1.13631074415512,1.14678964436424
"1994-01-25",1994-01-25,-0.00572506870229017,65334400,-0.110921392491468,4.070313,0.0403072196167714,3.90625,4.09375,3505,-1.04838606451613,1.10670411779669
"1994-01-26",1994-01-26,-0.0230326267291974,115091200,-0.131399208191126,3.976563,0.0176818523936374,3.90625,4.09375,0,-1.18461556639071,0.943912477839303
"1994-01-27",1994-01-27,0.00982305573934071,86779200,-0.122866894197952,4.015625,0.0272373540856031,3.90625,4.09375,0,1.540412931815,1.01222634653678
"1994-01-28",1994-01-28,0.0136188015564201,64619200,-0.110921392491468,4.070313,0.0403072196167714,3.90625,4.09375,0,1.47985077735861,1.10670411779669
"1994-01-31",1994-01-31,0.00191926272009066,55323200,-0.109215017064847,4.078125,0.0421455938697318,3.90625,4.09375,0,1.04560905640327,1.12009189044937
"1994-02-01",1994-02-01,-0.00957842145593879,79480000,-0.117747331058021,4.039063,0.032882131326003,3.90625,4.09375,0,-1.078124,1.05288099208146
"1994-02-02",1994-02-02,0.00967105489565287,50043200,-0.109215017064847,4.078125,0.0421455938697318,3.90625,4.09375,0,1.28171721753338,1.12009189044937
"1994-02-03",1994-02-03,-0.0306513409961686,79310400,-0.136518771331058,3.953125,0.0118577075098815,3.90625,4.09375,0,-1.25,0.90258039849885
"1994-02-04",1994-02-04,-0.0237154150197628,107251200,-0.156996587030717,3.859375,0,3.859375,4.078125,3513,-1.15,0.780455940507197
"1994-02-07",1994-02-07,0.00404858299595142,122084800,-0.153583617747441,3.875,0.00403225806451613,3.859375,3.875,3513,-0.978260869565217,0.808574995472899
"1994-02-08",1994-02-08,0.0241935483870968,80348800,-0.133105802047782,3.96875,0.0275590551181102,0,3.96875,0,6.83464566929133,0.974771145966547
"1994-02-09",1994-02-09,0.00590563779527561,65460800,-0.12798623890785,3.992188,0.0332682228392049,0,3.992188,0,1.20716122873687,1.01566898078959
"1994-02-10",1994-02-10,-0.0117416815039773,61980800,-0.13822514675768,3.945313,0.0217823021899657,3.859375,3.992188,3517,-1.08000006826673,0.933618881021057
"1994-02-11",1994-02-11,0.00990086211157389,44897600,-0.129692832764506,3.984375,0.0313725490196078,3.859375,3.992188,0,1.44027700772878,1.00206397478265
"1994-02-14",1994-02-14,0.00196090980392159,34208000,-0.12798623890785,3.992188,0.0117416815039773,3.945313,3.992188,3517,-0.986841263157894,0.934367769859313
"1994-02-15",1994-02-15,0.0176123970113632,74606400,-0.112627986348124,4.0625,0.0288460307692308,0,4.0625,0,2.45672059487048,1.05697217700572
"1994-02-16",1994-02-16,0.0307692307692308,131868800,-0.0853242320819121,4.1875,0.0578357014925373,0,4.1875,0,2.00497953965399,1.26958058203411
"1994-02-17",1994-02-17,-0.00746268656716418,85875200,-0.0921501706484649,4.15625,0.0507517593984962,3.945313,4.1875,3522,-1.08,1.21704589362361
"1994-02-18",1994-02-18,0.0037593984962406,70128000,-0.0887372013651885,4.171875,0.0543069962546816,3.945313,4.1875,0,1.07005149965876,1.24336333999493
"1994-02-22",1994-02-22,0.0299625468164794,84729600,-0.0614334470989769,4.296875,0.0327272727272727,4.15625,4.296875,3522,-0.692307692307695,1.26498179802866
"1994-02-23",1994-02-23,-0.00181806545454554,70916800,-0.0631398225255981,4.289063,0.0309655045868992,4.15625,4.296875,3525,-1.027776,1.25188335052212
"1994-02-24",1994-02-24,-0.0127505704625928,68147200,-0.0750853242320827,4.234375,0.018450184501845,4.15625,4.296875,0,-1.18919124616864,1.15949998056815
"1994-02-25",1994-02-25,0.00738007380073801,37526400,-0.0682593856655298,4.265625,0.0256410256410257,4.15625,4.296875,0,1.38974358974359,1.21243840414826
"1994-02-28",1994-02-28,0.00732600732600733,40136000,-0.061433447098977,4.296875,0.0145454545454545,4.234375,4.296875,3525,-0.900000000000003,1.19631290170777
"1994-03-01",1994-03-01,-0.0290909090909091,70532800,-0.0887372013651885,4.171875,0,0,4.296875,3529,-1.44444444444444,1.03825725775282
"1994-03-02",1994-03-02,-0.00187253932584279,98539200,-0.0904435767918098,4.164063,0,4.164063,4.171875,3530,-1.01922953846154,1.03181263730379
"1994-03-03",1994-03-03,0.0206377761335504,67772800,-0.0716723549488063,4.25,0.0202204705882354,4.164063,4.25,3530,-0.792453787114008,1.17907604397529
"1994-03-04",1994-03-04,0.0238971764705881,115670400,-0.0494879453924925,4.351563,0.0430879663238244,0,4.351563,0,2.13090818711676,1.34922759772042
"1994-03-07",1994-03-07,0.0233392001908281,115785600,-0.0273037542662123,4.453125,0.0649121684210527,0,4.453125,0,1.50650341520438,1.51543802625367
"1994-03-08",1994-03-08,-0.00701754385964912,80302400,-0.0341296928327653,4.421875,0.0583037738515902,4.164063,4.453125,3534,-1.25,1.46469938064452
"1994-03-09",1994-03-09,0.0123676042402826,93449600,-0.0221841911262808,4.476563,0.0122165152149092,4.421875,4.476563,3534,-0.649996800000011,1.33575315846764
"1994-03-10",1994-03-10,-0.0209424060378464,121915200,-0.0426620068259396,4.382813,0,0,4.476563,3536,-1.92308146747796,1.21227355937572
"1994-03-11",1994-03-11,-0.0213903718912945,130089600,-0.0631398225255982,4.289063,0,4.289063,4.382813,3537,-1.48000122880313,1.13493316420204
"1994-03-14",1994-03-14,0.0200363109611587,49107200,-0.0443686006825947,4.375,0.019642742857143,4.289063,4.375,3537,-0.702703918190564,1.28001461496179
"1994-03-15",1994-03-15,0.0178571428571429,82566400,-0.0273037542662126,4.453125,0.0368419929824563,0,4.453125,0,1.87560328261686,1.40942288807406
"1994-03-16",1994-03-16,0.00877204210526307,55592000,-0.0187712218430045,4.492188,0.0452173862714561,0,4.492188,0,1.22733279638233,1.47328056094936
"1994-03-17",1994-03-17,0.0052172794192942,66323200,-0.0136518771331069,4.515625,0.0501728996539793,0,4.515625,0,1.10959309661937,1.51133117716814
"1994-03-18",1994-03-18,-0.00346020761245675,46584000,-0.0170648464163834,4.5,0.046874888888889,4.289063,4.515625,3542,-1.24999999999998,1.48598521954474
"1994-03-21",1994-03-21,0.00347222222222222,48179200,-0.0136518771331068,4.515625,0.0034602076124568,4.5,4.515625,3542,-0.800000000000004,1.33490718180138
"1994-03-22",1994-03-22,-0.00346020761245675,40993600,-0.0170648464163832,4.5,0,0,4.515625,3544,-1.24999999999998,1.30894864086073
"1994-03-23",1994-03-23,-0.00694444444444444,32636800,-0.0238907849829362,4.46875,0,4.46875,4.5,3545,-1.39999999999998,1.28316850913616
"1994-03-24",1994-03-24,-0.0174825174825175,46440000,-0.0409556313993183,4.390625,0,4.390625,4.46875,3546,-1.71428571428568,1.21871817982476
"1994-03-25",1994-03-25,-0.00711743772241993,37299200,-0.0477815699658712,4.359375,0,4.359375,4.390625,3547,-1.16666666666666,1.1929380481002
"1994-03-28",1994-03-28,-0.0161289175627241,62891200,-0.0631398225255982,4.289063,0,4.289063,4.359375,3548,-1.32142628571428,1.13493316420204
"1994-03-29",1994-03-29,-0.0346084914117605,49953600,-0.0955631399317415,4.140625,0,4.140625,4.289063,3549,-1.51351613148735,1.01247712602826
"1994-03-30",1994-03-30,0,83126400,-0.0955631399317415,4.140625,0,4.140625,4.140625,3549,-1,1.01247712602826
"1994-03-31",1994-03-31,0.0188679245283019,66886400,-0.0784982935153592,4.21875,0.0185185185185185,0,4.21875,0,-0.821428571428573,1.14686799788871
"1994-04-04",1994-04-04,-0.0037037037037037,67182400,-0.0819112627986357,4.203125,0.0148698884758365,4.140625,4.21875,3552,-1.04347826086957,1.12019782513015
"1994-04-05",1994-04-05,0.0223048327137546,80224000,-0.0614334470989769,4.296875,0.0218181818181818,4.203125,4.296875,3552,1.46727272727272,1.22378046023613
"1994-04-06",1994-04-06,0.012727389090909,53240000,-0.0494879453924925,4.351563,0.0341114215742711,0,4.351563,0,1.56344015548742,1.31532507958044
"1994-04-07",1994-04-07,0.0143626554412748,42585600,-0.0358360682593866,4.414063,0.0477877184806831,0,4.414063,0,1.40093013645399,1.41853783481717
"1994-04-08",1994-04-08,-0.0176991130393925,51513600,-0.0529009146757689,4.335938,0.0306307424137522,4.203125,4.414063,3556,-1.47619192744205,1.28928922191617
"1994-04-11",1994-04-11,-0.00270276004869059,38897600,-0.0554606962457347,4.324219,0.0280036695643768,4.203125,4.414063,0,-1.04838822893054,1.26969956565674
"1994-04-12",1994-04-12,-0.0496838851131268,109715200,-0.102389078498294,4.109375,0,4.109375,4.335938,3558,-1.8461556639071,0.986696994303695
"1994-04-13",1994-04-13,-0.0304182509505703,132027200,-0.129692832764506,3.984375,0,3.984375,4.109375,3559,-1.26666666666666,0.883576467405445
"1994-04-14",1994-04-14,-0.0607841882352941,194646400,-0.182593747440274,3.742188,0,3.742188,3.984375,3560,-1.40789389473684,0.683780859022193
"1994-04-15",1994-04-15,-0.00208781600496824,117724800,-0.184300341296929,3.734375,0,3.734375,3.742188,3561,-1.00934639811373,0.677335413608945
"1994-04-18",1994-04-18,-0.0209205020920502,111616000,-0.201365187713311,3.65625,0,3.65625,3.734375,3562,-1.09259259259259,0.612885084297539
"1994-04-19",1994-04-19,-0.0170940170940171,174624000,-0.215017064846417,3.59375,0,3.59375,3.65625,3563,-1.06779661016949,0.561324820848413
"1994-04-20",1994-04-20,0,123905600,-0.215017064846417,3.59375,0,3.59375,3.59375,3563,-1,0.561324820848413
"1994-04-21",1994-04-21,0.0478260869565217,98814400,-0.177474402730376,3.765625,0.0456431535269709,0,3.765625,0,-0.825396825396826,0.875500119085094
"1994-04-22",1994-04-22,0.0020748215767635,108148800,-0.175767808873721,3.773438,0.0476191738144366,0,3.773438,0,1.04329280811629,0.889408576771979
"1994-04-25",1994-04-25,0.041407862008068,63505600,-0.141638116040957,3.929688,0.0854871938942735,0,3.929688,0,1.7952263142448,1.16132876835545
"1994-04-26",1994-04-26,0.00596408671629909,62323200,-0.136518771331059,3.953125,0.0909090909090909,0,3.953125,0,1.06342349968257,1.20114081728528
"1994-04-28",1994-04-28,-0.0247034940711463,112075200,-0.157849774744028,3.855469,0.0678825325790454,3.59375,3.953125,3569,-1.1562496,1.03361165282449
"1994-04-29",1994-04-29,-0.0111449476055961,114179200,-0.167235494880547,3.8125,0.0573770491803278,3.59375,3.953125,0,-1.05945982597529,0.95848676819526
"1994-05-02",1994-05-02,-0.00819672131147541,69673600,-0.1740614334471,3.78125,0.0495867768595041,3.59375,3.953125,0,-1.04081632653061,0.903284419343644
"1994-05-03",1994-05-03,-0.0185949090909091,73451200,-0.189419686006827,3.710938,0.0315790778503979,3.59375,3.953125,0,-1.08823466666667,0.777268250552619
"1994-05-04",1994-05-04,-0.0136844107877846,92884800,-0.200512000000001,3.660156,0.0181429425412469,3.59375,3.953125,0,-1.05855945718743,0.684629465739687
"1994-05-05",1994-05-05,0.00853788745616307,88276800,-0.193686061433448,3.691406,0.0264549605218175,3.59375,3.953125,0,1.45814056687187,0.741802338015129
"1994-05-06",1994-05-06,0.0105821467484204,9.5e+07,-0.18515352901024,3.730469,0.0366492792193153,3.59375,3.953125,0,1.38534620715425,0.812529708906466
"1994-05-09",1994-05-09,-0.0178009789117668,39670400,-0.199658593856656,3.664063,0.0191898993003122,3.59375,3.953125,0,-1.07834074199911,0.691806736011156
"1994-05-10",1994-05-10,0.0149252346370682,43139200,-0.187713310580206,3.71875,0.0336134453781513,3.59375,3.953125,0,1.75162176998002,0.791396248507954
"1994-05-11",1994-05-11,0,77270400,-0.187713310580206,3.71875,0.0336134453781513,3.59375,3.953125,0,-1,0.791396248507954
"1994-05-12",1994-05-12,-0.0157563697478991,64660800,-0.200512000000001,3.660156,0.0181429425412469,3.59375,3.953125,0,-1.06818210909091,0.684629465739686
"1994-05-13",1994-05-13,-0.00320150288676224,103390400,-0.203071563139933,3.648438,0.0149894283526265,3.59375,3.953125,0,-1.01276513694907,0.663052376428572
"1994-05-16",1994-05-16,-0.0149894283526265,60310400,-0.215017064846417,3.59375,0,3.59375,3.855469,3581,-1.05882409886338,0.561324820848413
"1994-05-17",1994-05-17,0.0130434782608696,77771200,-0.204778156996588,3.640625,0.0128755364806867,3.59375,3.640625,3581,-0.952380952380953,0.648623206816996
"1994-05-18",1994-05-18,0.011802643776824,43412800,-0.195392436860069,3.683594,0.0243903101156099,0,3.683594,0,1.8943140856457,0.727559968008545
"1994-05-19",1994-05-19,0.0201485288552431,65323200,-0.179180778156998,3.757813,0.0436591709060563,0,3.757813,0,1.79002114770629,0.86156241430667
"1994-05-20",1994-05-20,-0.00623713846324979,29838400,-0.184300341296929,3.734375,0.0376569037656904,3.59375,3.757813,3585,-1.02857205551059,0.819557604733779
"1994-05-23",1994-05-23,-0.00418410041841004,37553600,-0.187713310580206,3.71875,0.0336134453781513,3.59375,3.757813,0,-1.01851851851852,0.791396248507954
"1994-05-24",1994-05-24,0.0336134453781513,50296000,-0.160409556313994,3.84375,0.032520325203252,3.71875,3.84375,3585,-0.854545454545455,0.890388290828601
"1994-05-25",1994-05-25,-0.0040650406504065,47451200,-0.163822525597271,3.828125,0.0285714285714286,3.71875,3.84375,3588,-1.02127659574468,0.86258407442973
"1994-05-26",1994-05-26,-0.0122448979591837,37595200,-0.1740614334471,3.78125,0.0165289256198347,3.71875,3.84375,0,-1.0625,0.778431880578406
"1994-05-27",1994-05-27,0.0144629421487603,34795200,-0.162115931740615,3.835938,0.0305500245311577,3.71875,3.84375,0,1.84827648413505,0.876502259888053
"1994-05-31",1994-05-31,0.0183298061647503,43118400,-0.146757679180888,3.90625,0.032,3.78125,3.90625,3588,1.04746233402737,0.939983395618788
"1994-06-01",1994-06-01,0.033750016,85726400,-0.117960737201366,4.038086,0.06360340022476,0,4.038086,0,1.98760625702375,1.16810276163022
"1994-06-02",1994-06-02,-0.00169288123135561,56038400,-0.119453924914677,4.03125,0.062015503875969,3.78125,4.038086,3593,-1.01265834504545,1.15646615631932
"1994-06-03",1994-06-03,-0.0232558139534884,41028800,-0.139931740614336,3.9375,0.0396825396825397,3.78125,4.038086,0,-1.17142857142857,0.994778860995125
"1994-06-06",1994-06-06,-0.0208332698412699,43531200,-0.157849774744028,3.855469,0.0192503168875174,3.78125,4.038086,0,-1.1280483902439,0.849938021079794
"1994-06-07",1994-06-07,-0.00303957832367471,35750400,-0.160409556313994,3.84375,0.016260162601626,3.78125,4.038086,0,-1.01621656777222,0.828977082736757
"1994-06-08",1994-06-08,-0.0284552845528455,91712000,-0.184300341296929,3.734375,0,3.734375,4.03125,3597,-1.14893617021276,0.677335413608944
"1994-06-09",1994-06-09,-0.0125523012552301,97617600,-0.194539249146759,3.6875,0,3.6875,3.734375,3598,-1.05555555555555,0.6386652160221
"1994-06-10",1994-06-10,0.0166842033898306,42788800,-0.181100778156997,3.749023,0.0164104087918373,3.6875,3.749023,3598,-0.930921543859649,0.751398145728036
"1994-06-13",1994-06-13,-0.00807490378159862,30892800,-0.187713310580206,3.71875,0.00840336134453779,3.6875,3.749023,3600,-1.03651299840068,0.696183072936986
"1994-06-14",1994-06-14,0.0294117647058824,54793600,-0.163822525597271,3.828125,0.0285714285714286,3.71875,3.828125,3600,3.40000000000001,0.862584074429729
"1994-06-15",1994-06-15,-0.00510197551020413,39379200,-0.168088682593858,3.808594,0.02358980768231,3.71875,3.828125,3602,-1.02604133333333,0.827657165883967
"1994-06-16",1994-06-16,-0.00717955234923959,32246400,-0.1740614334471,3.78125,0.0165289256198347,3.71875,3.828125,0,-1.03553333134078,0.778431880578406
"1994-06-17",1994-06-17,-0.00826446280991736,44625600,-0.180887372013653,3.75,0.0083333333333333,3.71875,3.828125,0,-1.03921568627451,0.721698723618296
"1994-06-20",1994-06-20,-0.0187498666666666,38841600,-0.19624562457338,3.679688,0,3.679688,3.808594,3605,-1.08490505660377,0.632220595573067
"1994-06-21",1994-06-21,-0.014862129615337,91321600,-0.208191126279864,3.625,0,3.625,3.679688,3606,-1.0608701556147,0.587104952572975
"1994-06-22",1994-06-22,0.0280173793103448,63084800,-0.18600671672355,3.726563,0.0272537992783163,3.625,3.726563,3606,-0.893442098360656,0.773822650594515
"1994-06-23",1994-06-23,-0.0209643577741742,51368000,-0.203071563139933,3.648438,0.00642411903395368,3.625,3.726563,3608,-1.09174317313361,0.63070300786276
"1994-06-24",1994-06-24,0,56321600,-0.203071563139933,3.648438,0.00642411903395368,3.625,3.726563,0,-1,0.63070300786276
"1994-06-27",1994-06-27,0.0235544635814011,37275200,-0.184300341296929,3.734375,0.0230124184100419,3.648438,3.734375,3608,3.58219053669668,0.764248469172998
"1994-06-28",1994-06-28,0.00836820083682008,62940800,-0.177474402730376,3.765625,0.0311201991701244,0,3.765625,0,1.35232197744782,0.82064998049992
"1994-06-29",1994-06-29,-0.0145226887966805,44896000,-0.189419686006827,3.710938,0.0168421029939061,3.648438,3.765625,3612,-1.06730707692308,0.721609801634907
"1994-06-30",1994-06-30,-0.0147369748564918,39889600,-0.201365187713311,3.65625,0.0021366153846154,3.648438,3.765625,0,-1.06306367600068,0.620954630415344
"1994-07-01",1994-07-01,0.00854700854700855,58856000,-0.194539249146759,3.6875,0.0105930847457627,3.648438,3.765625,0,4.95788096539869,0.678673065118979
"1994-07-05",1994-07-05,-0.0211864406779661,25808000,-0.211604095563141,3.609375,0,3.609375,3.710938,3615,-1.08771929824561,0.574214886710693
"1994-07-06",1994-07-06,-0.0162338354978354,62280000,-0.224402784982936,3.550781,0,3.550781,3.609375,3616,-1.06048412903226,0.525876933486085
"1994-07-07",1994-07-07,0.0187020827248991,60748800,-0.209897501706485,3.617188,0.0183587361231984,3.550781,3.617188,3616,-0.935360502421779,0.649997410232389
"1994-07-08",1994-07-08,0.0215982691527231,73552000,-0.192832655290103,3.695313,0.039112248407645,0,3.695313,0,2.13044341098308,0.792829382628309
"1994-07-11",1994-07-11,0.016648927979849,67032000,-0.179394184300342,3.756836,0.0548480157238697,0,3.756836,0,1.40232326079083,0.903014333629399
"1994-07-12",1994-07-12,0.000260059262634895,58731200,-0.179180778156998,3.757813,0.0550937473471936,0,3.757813,0,1.00448022813735,0.9047484002327
"1994-07-13",1994-07-13,0.0270268903748004,77588800,-0.156996587030718,3.859375,0.0799595789473684,0,3.859375,0,1.45133672689704,1.08244642252009
"1994-07-14",1994-07-14,-0.00404858299595142,84035200,-0.160409556313994,3.84375,0.0762195772357723,3.550781,3.859375,3622,-1.02173913043478,1.05543115822026
"1994-07-15",1994-07-15,-0.032520325203252,79921600,-0.187713310580206,3.71875,0.0451681344537814,3.550781,3.859375,0,-1.17021276595744,0.835035874546449
"1994-07-18",1994-07-18,-0.0147057478991596,62756800,-0.199658593856656,3.664063,0.0309170448215547,3.550781,3.859375,0,-1.06363578181818,0.73609769370775
"1994-07-19",1994-07-19,-0.0277186827846574,165569600,-0.22184300341297,3.5625,0.00328954385964908,3.550781,3.859375,0,-1.11111171889872,0.547968603167117
"1994-07-20",1994-07-20,-0.0087719298245614,77054400,-0.228668941979523,3.53125,0,3.53125,3.84375,3626,-1.03076923076923,0.509764557399287
"1994-07-21",1994-07-21,0.035121557522124,60912000,-0.201578593856656,3.655273,0.0339298870426368,3.53125,3.655273,3626,-0.881530268656717,0.740225128512351
"1994-07-22",1994-07-22,-0.0104191944076407,52710400,-0.209897501706486,3.617188,0.0237582342969179,3.53125,3.655273,3628,-1.04126880583235,0.670390177147565
"1994-07-25",1994-07-25,-0.00108012080101999,18638400,-0.21075090784983,3.613281,0.0227026350842905,3.53125,3.655273,0,-1.00406582325376,0.663180266149976
"1994-07-26",1994-07-26,-0.00864864924704168,33662400,-0.217576846416383,3.582031,0.0141765942282466,3.53125,3.655273,0,-1.03238865557541,0.605199074568994
"1994-07-27",1994-07-27,-0.00872410093603322,4.8e+07,-0.224402784982936,3.550781,0.0055004800352374,3.53125,3.655273,0,-1.03137254114572,0.546651087615099
"1994-07-28",1994-07-28,0.0187020827248991,41201600,-0.209897501706486,3.617188,0.0237582342969179,3.53125,3.655273,0,4.31930197813954,0.670390177147565
"1994-07-29",1994-07-29,0.0237579578390728,77681600,-0.191126279863482,3.703125,0.0411393080168776,3.550781,3.703125,3628,1.73158103850396,0.806929780115186
"1994-08-01",1994-08-01,0.0063292489451477,61104000,-0.186006716723551,3.726563,0.0471700062497266,0,3.726563,0,1.14659211648321,0.849041967933886
"1994-08-02",1994-08-02,-0.0020965699493072,49555200,-0.187713310580206,3.71875,0.0451681344537814,3.550781,3.726563,3635,-1.00917490446967,0.835035874546449
"1994-08-03",1994-08-03,-0.00840336134453781,32430400,-0.194539249146759,3.6875,0.0370763389830508,3.550781,3.726563,0,-1.03636363636364,0.778694736289271
"1994-08-04",1994-08-04,-0.0296610169491525,124724800,-0.218430034129694,3.578125,0.00764199126637555,3.550781,3.726563,0,-1.12280701754386,0.577296945813701
"1994-08-05",1994-08-05,0.0152839825327511,50766400,-0.206484532423209,3.632813,0.0225808485050014,3.550781,3.726563,0,2.95483830298999,0.678833504951732
"1994-08-08",1994-08-08,-0.00215067497281035,54396800,-0.208191126279864,3.625,0.0204742068965517,3.550781,3.726563,0,-1.0082649961071,0.664431718057711
"1994-08-09",1994-08-09,0.021551724137931,65491200,-0.191126279863482,3.703125,0.0411393080168776,3.550781,3.726563,0,2.00932364436575,0.806929780115186
"1994-08-10",1994-08-10,0.00843881856540084,73267200,-0.184300341296929,3.734375,0.0418410041841004,3.578125,3.734375,3635,1.01705658653604,0.835360070414317
"1994-08-11",1994-08-11,0.0104603849372385,84382400,-0.175767808873721,3.773438,0.0517599600152434,0,3.773438,0,1.23706304436432,0.905047453779035
"1994-08-12",1994-08-12,-0.00310565590318438,44281600,-0.178327590443687,3.761719,0.0488058783763486,3.578125,3.773438,3643,-1.01456342652485,0.884222754223113
"1994-08-15",1994-08-15,0.00934572731243354,43536000,-0.170648464163824,3.796875,0.00925919341563786,3.761719,3.796875,3643,-0.956938092076737,0.763865699655106
"1994-08-16",1994-08-16,0.0133744197530865,55131200,-0.159556368600684,3.847656,0.0223348968826736,0,3.847656,0,2.41218601665154,0.855142384379992
"1994-08-17",1994-08-17,0.0355330622072243,152499200,-0.129692832764506,3.984375,0.0558822901960785,0,3.984375,0,2.50201693294717,1.09463210294608
"1994-08-18",1994-08-18,-0.00612743529411769,89766400,-0.135025583617749,3.959961,0.050061604142061,3.761719,3.984375,3647,-1.04111831578947,1.05250792180274
"1994-08-19",1994-08-19,0.00123309295217806,45601600,-0.133958989761093,3.964844,0.0512315238632339,3.761719,3.984375,0,1.02336960113889,1.06095476234753
"1994-08-22",1994-08-22,0.00492604500958933,45420800,-0.129692832764506,3.984375,0.00612743529411763,3.959961,3.984375,3647,-0.968153260903239,0.9067184994463
"1994-08-23",1994-08-23,0.00784313725490196,73496000,-0.122866894197953,4.015625,0.0138618521400778,0,4.015625,0,2.26226006064646,0.961709893938237
"1994-08-24",1994-08-24,-0.000972700389104994,52176000,-0.123720081911264,4.011719,0.0129017012407899,3.959961,4.015625,3651,-1.006944,0.954861296073163
"1994-08-25",1994-08-25,0.0146057089242789,88718400,-0.110921392491469,4.070313,0.0143954531260863,4.011719,4.070313,3651,1.11577945089704,1.0088408354315
"1994-08-26",1994-08-26,0.0134355760846894,75104000,-0.0989761092150182,4.125,0.0274620606060605,0,4.125,0,1.90768990496701,1.10330547675432
"1994-08-29",1994-08-29,0.00189406060606052,52913600,-0.097269515358363,4.132813,0.0293006240543667,0,4.132813,0,1.06694921676418,1.11669478892218
"1994-08-30",1994-08-30,0.0132323915938128,60563200,-0.0853242320819124,4.1875,0.0419775522388059,0,4.1875,0,1.43265045006951,1.2096876936521
"1994-08-31",1994-08-31,-0.0186567164179104,80036800,-0.102389078498295,4.109375,0.0237641977186311,4.011719,4.1875,3656,-1.2,1.07644936191462
"1994-09-01",1994-09-01,-0.0228136882129278,79297600,-0.122866894197953,4.015625,0.000972700389105019,4.011719,4.1875,0,-1.2,0.913030283549397
"1994-09-02",1994-09-02,-0.000243299610894888,49622400,-0.123080300341298,4.014648,0.000729578284322852,4.011719,4.1875,0,-1.00173688888889,0.911306072547797
"1994-09-06",1994-09-06,0.0158113488405459,42683200,-0.109215017064848,4.078125,0.0162834636015325,4.011719,4.1875,0,22.3190080508575,1.02241607363805
"1994-09-07",1994-09-07,0.0172415019157087,68608000,-0.0938565460750868,4.148438,0.0329567417905244,4.011719,4.1875,0,2.02393929184837,1.14339324112132
"1994-09-08",1994-09-08,0.00753295577757219,46990400,-0.0870306075085336,4.179688,0.0401869708935211,4.011719,4.1875,0,1.2193854340624,1.19648042474163
"1994-09-09",1994-09-09,-0.0168225475202933,50217600,-0.102389078498295,4.109375,0.0237641977186311,4.011719,4.1875,0,-1.17647206459239,1.07644936191462
"1994-09-12",1994-09-12,-0.0190114068441065,56166400,-0.119453924914677,4.03125,0.00484489922480613,4.011719,4.1875,0,-1.16666666666666,0.94054482853272
"1994-09-13",1994-09-13,0.0116279069767442,47352000,-0.109215017064848,4.078125,0.0162834636015325,4.011719,4.1875,0,3.36094990751518,1.02241607363805
"1994-09-14",1994-09-14,0.00191583141762443,45987200,-0.107508423208192,4.085938,0.0181644949091248,4.011719,4.1875,0,1.11551788695712,1.03596577796235
"1994-09-15",1994-09-15,0.0248564711456709,49217600,-0.0853242320819125,4.1875,0.0412780895522388,4.014648,4.1875,3656,2.27246007988381,1.20704597046337
"1994-09-16",1994-09-16,-0.00186555223880606,85193600,-0.0870306075085338,4.179688,0.0394862008838935,4.014648,4.1875,3667,-1.01999872,1.19383376406915
"1994-09-19",1994-09-19,0.00560735633855933,74740800,-0.0819112627986363,4.203125,0.00557608921933095,4.179688,4.203125,3667,-0.941177651673918,1.08509710356368
"1994-09-20",1994-09-20,-0.0185873605947955,59296000,-0.0989761092150183,4.125,0,0,4.203125,3669,-1.20833333333333,0.999587060165975
"1994-09-21",1994-09-21,-0.00946957575757585,59592000,-0.107508423208192,4.085938,0,4.085938,4.125,3670,-1.08620579310345,0.967362307992379
"1994-09-22",1994-09-22,-0.0133844419567795,50720000,-0.119453924914677,4.03125,0,4.03125,4.085938,3671,-1.11111223986005,0.922246664992287
"1994-09-23",1994-09-23,-0.0193798449612403,79188800,-0.136518771331059,3.953125,0,3.953125,4.03125,3672,-1.14285714285714,0.857796335680881
"1994-09-26",1994-09-26,-0.00988129644268773,50444800,-0.145051085324233,3.914063,0,3.914063,3.953125,3673,-1.0624992,0.825571583507285
"1994-09-27",1994-09-27,-0.00199613547354758,45953600,-0.146757679180889,3.90625,0,3.90625,3.914063,3674,-1.01176546768223,0.819126138094037
"1994-09-28",1994-09-28,-0.016,76886400,-0.160409556313994,3.84375,0,3.84375,3.90625,3675,-1.09302325581395,0.767565874644912
"1994-09-29",1994-09-29,0.00203265040650408,120750400,-0.158702962457339,3.851563,0.00202852712002899,3.84375,3.851563,3675,-0.989361021276596,0.781672639575075
"1994-09-30",1994-09-30,-0.00202852712002895,62713600,-0.160409556313995,3.84375,0,0,3.851563,3677,-1.01075338374426,0.767565874644911
"1994-10-03",1994-10-03,-0.0203252032520325,74857600,-0.177474402730377,3.765625,0,3.765625,3.84375,3678,-1.1063829787234,0.703115545333505
"1994-10-04",1994-10-04,-0.037344398340249,131020800,-0.208191126279865,3.625,0,3.625,3.765625,3679,-1.17307692307692,0.587104952572974
"1994-10-05",1994-10-05,0.0129310344827586,137651200,-0.197952218430035,3.671875,0.0127659574468085,3.625,3.671875,3679,-0.950819672131148,0.67398948161916
"1994-10-06",1994-10-06,0.00319155744680846,51171200,-0.19539243686007,3.683594,0.0159067475948761,0,3.683594,0,1.24602856159863,0.695519339874305
"1994-10-07",1994-10-07,0.00848356252073383,48296000,-0.188566498293517,3.714844,0.0241851340190866,0,3.714844,0,1.52043237467835,0.752565192847624
"1994-10-10",1994-10-10,0.0168243942410502,51798400,-0.174914621160411,3.777344,0.040330983887091,0,3.777344,0,1.66759397964313,0.865104929279666
"1994-10-11",1994-10-11,0.00103405991087923,90243200,-0.1740614334471,3.78125,0.0413223140495868,0,3.78125,0,1.02457986557608,0.872071284652332
"1994-10-12",1994-10-12,-0.012396694214876,70923200,-0.18430034129693,3.734375,0.0292887029288703,3.625,3.78125,3685,-1.05882352941176,0.787952673372703
"1994-10-13",1994-10-13,-0.0146442175732217,85880000,-0.19624562457338,3.679688,0.0148621296153369,3.625,3.78125,0,-1.06481422222222,0.688351727644534
"1994-10-14",1994-10-14,-0.00636956176719332,80108800,-0.201365187713312,3.65625,0.00854700854700852,3.625,3.78125,0,-1.02608752756175,0.645165334704787
"1994-10-17",1994-10-17,-0.00534181196581202,115003200,-0.205631344709899,3.636719,0.00322241008997393,3.625,3.78125,0,-1.02118616949153,0.608943072151186
"1994-10-18",1994-10-18,0.00107404503894862,158881600,-0.204778156996588,3.640625,0.00429184549356221,3.625,3.78125,0,1.33187439640773,0.616204414562501
"1994-10-19",1994-10-19,0.0300429184549356,114928000,-0.180887372013653,3.75,0.0333333333333333,3.625,3.78125,0,7.76666666666671,0.816118456059504
"1994-10-20",1994-10-20,0.0114584,63633600,-0.171501651877135,3.792969,0.0411946419809917,3.636719,3.792969,3685,1.23583925942975,0.881256849787818
"1994-10-21",1994-10-21,-0.0030896640600015,66188800,-0.1740614334471,3.78125,0.0382230743801654,3.636719,3.792969,3692,-1.01492569629475,0.860366109438014
"1994-10-24",1994-10-24,-0.0165289256198347,39640000,-0.187713310580206,3.71875,0.0220587563025211,3.636719,3.792969,0,-1.07843137254902,0.747756622469457
"1994-10-25",1994-10-25,-0.00945371428571434,57174400,-0.19539243686007,3.683594,0.0127253437811008,3.636719,3.792969,0,-1.0409088,0.68350384799894
"1994-10-26",1994-10-26,0.0180275024880593,42401600,-0.180887372013653,3.75,0.0302082666666668,3.636719,3.792969,0,2.37386644999964,0.8043157377184
"1994-10-27",1994-10-27,0.00833333333333333,51136000,-0.1740614334471,3.78125,0.0382230743801654,3.636719,3.792969,0,1.26531835811495,0.860366109438014
"1994-10-28",1994-10-28,0.0289256198347107,94200000,-0.150170648464165,3.890625,0.0532127871485945,3.683594,3.890625,3692,1.39216397454956,1.00720955723261
"1994-10-31",1994-10-31,-0.00200790361445781,54417600,-0.151877023890787,3.882813,0.0513079048617588,3.683594,3.890625,3698,-1.01136290909091,0.993570597749376
"1994-11-01",1994-11-01,-0.0120724330530469,27600000,-0.162115931740616,3.835938,0.0397149276135329,3.683594,3.890625,0,-1.06741577881584,0.911116167763551
"1994-11-02",1994-11-02,0.0183298061647503,95214400,-0.146757679180889,3.90625,0.017999872,3.835938,3.90625,3698,-0.905263767756644,0.887107862022678
"1994-11-03",1994-11-03,-0.00999987199999998,80884800,-0.155289993174063,3.867188,0.00808080703601688,3.835938,3.90625,3701,-1.05813879069767,0.817420891450431
"1994-11-04",1994-11-04,-0.0242424211080506,38507200,-0.175767808873722,3.773438,0,3.773438,3.867188,3702,-1.13186822461062,0.709560990746753
"1994-11-07",1994-11-07,-0.0041407862008068,48134400,-0.179180778156998,3.757813,0,3.757813,3.773438,3703,-1.01941748779339,0.696670924884471
"1994-11-08",1994-11-08,0.0114343103289068,64792000,-0.169795276450513,3.800781,0.0113050449368169,3.757813,3.800781,3703,-0.947619929977862,0.774814760009388
"1994-11-09",1994-11-09,0.0071943108534798,49923200,-0.163822525597271,3.828125,0.0183672163265306,0,3.828125,0,1.62469202282553,0.824044914832263
"1994-11-10",1994-11-10,-0.0020406857142857,54604800,-0.165528901023892,3.820313,0.0163599160592339,3.757813,3.828125,3706,-1.010416,0.810019144216538
"1994-11-11",1994-11-11,-0.00817995802961695,28195200,-0.172354839590445,3.789063,0.0082474215920928,3.757813,3.828125,0,-1.04123714061007,0.753599830211245
"1994-11-14",1994-11-14,0.0268039882155562,38176000,-0.150170648464165,3.890625,0.0261042891566264,3.789063,3.890625,3706,3.16514547790959,0.904826472141221
"1994-11-15",1994-11-15,-0.0110442409638554,63422400,-0.159556368600684,3.847656,0.0152282324615298,3.789063,3.890625,3709,-1.06250036363636,0.828302010252235
"1994-11-16",1994-11-16,-0.00710640452264966,41945600,-0.165528901023892,3.820313,0.00817995802961691,3.789063,3.890625,0,-1.03743211553125,0.779125166275067
"1994-11-17",1994-11-17,0.0163599160592339,61496000,-0.151877023890787,3.882813,0.0241448661060937,3.789063,3.890625,0,2.95171026778782,0.89098152368537
"1994-11-18",1994-11-18,0.0291749821585535,105520000,-0.127133051194541,3.996094,0.0439882044816763,3.820313,3.996094,3709,1.82184503688652,1.05937840295237
"1994-11-21",1994-11-21,0.0342131591499098,231756800,-0.0972695153583636,4.132813,0.0756143575816277,0,4.132813,0,1.71896894798526,1.29161200204207
"1994-11-22",1994-11-22,-0.0207940693179197,123280000,-0.116040955631401,4.046875,0.0559844324324325,3.820313,4.132813,3714,-1.19298379563092,1.1465781361003
"1994-11-23",1994-11-23,0.00579162934362925,116569600,-0.110921392491469,4.070313,0.0614203379445265,3.820313,4.132813,0,1.09709673342951,1.18644391713693
"1994-11-25",1994-11-25,-0.0191938556076645,37636800,-0.127986238907852,3.992188,0.04305283218125,3.820313,4.132813,0,-1.15384630532559,1.05262338863429
"1994-11-28",1994-11-28,0.0215262908460223,85587200,-0.109215017064848,4.078125,0.0632182681992337,3.820313,4.132813,0,1.46838814071716,1.19967894132986
"1994-11-29",1994-11-29,0.00383141762452107,91569600,-0.105802047781572,4.09375,0.0667937709923664,3.820313,4.132813,0,1.05655806296155,1.22607292787496
"1994-11-30",1994-11-30,-0.0362594198473282,176784000,-0.138225146757681,3.945313,0.0316831643015396,3.820313,4.132813,0,-1.30645058064516,0.971012351081537
"1994-12-01",1994-12-01,-0.00792079107538489,199961600,-0.145051085324234,3.914063,0.0239520927486349,3.820313,4.132813,0,-1.04938275506786,0.91603359105661
"1994-12-02",1994-12-02,0.00399201545810581,117006400,-0.141638116040957,3.929688,0.0278329984466961,3.820313,4.132813,0,1.16202783359222,0.943581020024512
"1994-12-05",1994-12-05,0.0198807131762113,72166400,-0.124573269624575,4.007813,0.0467836198944411,3.820313,4.132813,0,1.68086884293254,1.07960385360355
"1994-12-06",1994-12-06,0.00584782773048552,78563200,-0.119453924914677,4.03125,0.052325457364341,3.820313,4.132813,0,1.11845679069734,1.11986889236049
"1994-12-07",1994-12-07,0.00387596899224806,58872000,-0.116040955631401,4.046875,0.0559844324324325,3.820313,4.132813,0,1.06992724483255,1.1465781361003
"1994-12-08",1994-12-08,-0.0308880308880309,93361600,-0.143344709897613,3.921875,0.0258962868525896,3.820313,4.132813,0,-1.23529411764706,0.92982102299001
"1994-12-09",1994-12-09,0,107153600,-0.143344709897613,3.921875,0.0258962868525896,3.820313,4.132813,0,-1,0.92982102299001
"1994-12-12",1994-12-12,-0.0378484780876494,259116800,-0.175767808873722,3.773438,0,3.773438,4.09375,3727,-1.22618971428571,0.709560990746753
"1994-12-13",1994-12-13,0.00207026059524495,132368000,-0.174061433447101,3.78125,0.00206598347107434,3.773438,3.78125,3727,-0.990291877462914,0.723808395458458
"1994-12-14",1994-12-14,-0.00206598347107436,73492800,-0.175767808873722,3.773438,0,0,3.78125,3729,-1.00980329411765,0.709560990746753
"1994-12-15",1994-12-15,-0.0289855034056476,101755200,-0.199658593856657,3.664063,0,3.664063,3.773438,3730,-1.13592241455373,0.619330529710784
"1994-12-16",1994-12-16,0.0149252346370682,171419200,-0.187713310580206,3.71875,0.0147057478991597,3.664063,3.71875,3730,-0.940171454452763,0.719985859026122
"1994-12-19",1994-12-19,-0.0283614117647058,140550400,-0.210750907849831,3.613281,0,0,3.71875,3732,-1.12272756363636,0.577437196935208
"1994-12-20",1994-12-20,0.0594595327626055,168734400,-0.163822525597271,3.828125,0.0561225142857142,3.613281,3.828125,3732,-0.77732773380982,0.966638720094035
"1994-12-21",1994-12-21,0.0224491102040817,109256000,-0.145051085324234,3.914063,0.0768464891852788,0,3.914063,0,1.36926312306788,1.1158045814241
"1994-12-22",1994-12-22,0.00798403091621162,70628800,-0.138225146757681,3.945313,0.0841585952749503,0,3.945313,0,1.09515211647525,1.1692009971714
"1994-12-23",1994-12-23,-0.002970360019598,23969600,-0.140784928327647,3.933594,0.0814301120044416,3.613281,3.945313,3736,-1.01851892821249,1.14922833511877
"1994-12-27",1994-12-27,0.00670303035849659,27324800,-0.135025583617749,3.959961,0.00665839890847408,3.933594,3.959961,3736,-0.95909118413234,0.888583160792888
"1994-12-28",1994-12-28,-0.0135635174184796,34699200,-0.146757679180889,3.90625,0,0,3.959961,3738,-1.08688794559372,0.819126138094035
"1994-12-29",1994-12-29,0.0300001279999999,58680000,-0.121160300341299,4.023438,0.0291263342444943,3.90625,4.023438,3738,-0.825580651162794,1.02580607199759
"1994-12-30",1994-12-30,-0.00776698932604394,27716800,-0.127986238907852,3.992188,0.0215265413352277,3.90625,4.023438,3740,-1.05633807895263,0.971323123748964
"1995-01-03",1995-01-03,-0.00195707216193227,41721600,-0.129692832764507,3.984375,0.0196078431372549,3.90625,4.023438,0,-1.01333419804518,0.957631159516195
"1995-01-04",1995-01-04,-0.00196065882352939,41865600,-0.131399208191128,3.976563,0.0176818523936374,3.90625,4.023438,0,-1.01315705263158,0.943912477839297
"1995-01-05",1995-01-05,0.00785854518085079,60480000,-0.124573269624575,4.007813,0.025341252199142,3.90625,4.023438,0,1.43317858530822,0.998620548775699
"1995-01-06",1995-01-06,0.0136450977128924,56316800,-0.112627986348125,4.0625,0.0211537230769231,3.976563,4.0625,3740,-0.904110381685816,1.02791995163919
"1995-01-09",1995-01-09,0.0153846153846154,75056000,-0.0989761092150191,4.125,0.0359847272727273,0,4.125,0,1.70110609569166,1.13549379300841
"1995-01-10",1995-01-10,0.00946981818181809,109320000,-0.090443576791811,4.164063,0.0450281371823624,0,4.164063,0,1.25131244822548,1.20187442390717
"1995-01-11",1995-01-11,-0.00562863722282771,58468800,-0.0955631399317426,4.140625,0.039622520754717,3.976563,4.164063,3747,-1.05660504948534,1.16212303836052
"1995-01-12",1995-01-12,0.0132076679245282,85384000,-0.0836176382252579,4.195313,0.0130354993775196,4.140625,4.195313,3747,-0.874998857142859,1.10682510356686
"1995-01-13",1995-01-13,0.0148975773678865,126689600,-0.0699657610921521,4.257813,0.0275230499789445,0,4.257813,0,2.11139206729659,1.21310179307659
"1995-01-16",1995-01-16,0,59564800,-0.0699657610921521,4.257813,0.0275230499789445,0,4.257813,0,-1,1.21310179307659
"1995-01-17",1995-01-17,-0.0165138769598382,118696000,-0.0853242320819132,4.1875,0.0111940298507462,4.140625,4.257813,3751,-1.21951409875371,1.09342481575295
"1995-01-18",1995-01-18,0.0354478805970148,189520000,-0.0529009146757699,4.335938,0.0342343456018052,4.1875,4.335938,3751,3.0582682070946,1.30289927186977
"1995-01-19",1995-01-19,0.0189188590796272,146992000,-0.034982880546077,4.417969,0.0521662782151708,0,4.417969,0,1.52379948552077,1.43829704258601
"1995-01-20",1995-01-20,-0.0265253106121841,146233600,-0.0605802593856675,4.300781,0.0263396345919497,4.1875,4.417969,3754,-1.73171158120828,1.24407934490643
"1995-01-23",1995-01-23,0.0227068060429024,105260800,-0.0392490375426642,4.398438,0.0479574794506594,4.1875,4.417969,0,1.82073442527244,1.40628892036945
"1995-01-24",1995-01-24,0.0159856749145948,110656000,-0.0238907849829372,4.46875,0.0375874685314685,4.300781,4.46875,3754,-0.60869734594046,1.42512845801151
"1995-01-25",1995-01-25,-0.00874114685314694,152656000,-0.0324230989761114,4.429688,0.0291006951279639,4.300781,4.46875,3757,-1.35713828571426,1.36085095087599
"1995-01-26",1995-01-26,-0.00617289524679828,78633600,-0.0383958498293535,4.402344,0.0230702098700148,4.300781,4.46875,0,-1.18421283103268,1.31551725719409
"1995-01-27",1995-01-27,0.0079857457754323,80027200,-0.0307167235494902,4.4375,0.0308099154929578,4.300781,4.46875,0,1.33548483808994,1.37375093650685
"1995-01-30",1995-01-30,-0.0140845070422535,65137600,-0.044368600682596,4.375,0.0169643428571429,4.300781,4.46875,0,-1.44444444444441,1.26989886250697
"1995-01-31",1995-01-31,-0.00892845714285723,84265600,-0.0529009146757702,4.335938,0.00810828014607212,4.300781,4.46875,0,-1.19230523076923,1.2042266274669
"1995-02-01",1995-02-01,0.0180180159402648,75233600,-0.0358360682593879,4.414063,0.0256638838186043,4.300781,4.46875,0,3.16514517952819,1.33498077284248
"1995-02-02",1995-02-02,0.022123834662079,88065600,-0.0145050648464186,4.511719,0.0389609813909068,4.335938,4.511719,3757,1.51812491306024,1.46576381404154
"1995-02-03",1995-02-03,0.0181817617630885,142459200,0,4.59375,0.0561223401360545,0,4.59375,0,1.44047552532014,1.58536122375697
"1995-02-06",1995-02-06,0.00170078911564618,56099200,0,4.601563,0.0577249512828576,0,4.601563,0,1.02855567217828,1.59141394838451
"1995-02-07",1995-02-07,-0.00848907208268139,44675200,-0.00848907208268135,4.5625,0.0496574246575343,4.335938,4.601563,3766,0,1.52888316357866
"1995-02-08",1995-02-08,0.0496576438356164,135900800,0,4.789063,0.0473084192043411,4.5625,4.789063,3766,0,1.55207290151176
"1995-02-09",1995-02-09,0.0114191439953912,126497600,0,4.84375,0.0580645161290323,0,4.84375,0,1.22736115696937,1.5926964132614
"1995-02-10",1995-02-10,-0.00161280000000008,88566400,-0.00161279999999997,4.835938,0.0565429085319125,4.5625,4.84375,3769,0,1.58085841619413
"1995-02-13",1995-02-13,-0.00323101743653455,53864000,-0.00483860645161294,4.820313,0.0534847010972108,4.5625,4.84375,0,-3.0001280081926,1.55712501980202
"1995-02-14",1995-02-14,0.0178280953954651,68824000,0,4.90625,0.017515821656051,4.820313,4.90625,3769,0,1.43955253794223
"1995-02-15",1995-02-15,0.0159235668789809,113956800,0,4.984375,0.0329152601880879,0,4.984375,0,1.87917306047227,1.49771297257982
"1995-02-16",1995-02-16,0.00156749843260181,94993600,0,4.992188,0.0344287915439082,0,4.992188,0,1.0459826641859,1.50342926160614
"1995-02-17",1995-02-17,-0.0133021833312367,80916800,-0.0133021833312368,4.925781,0.0214114269392002,4.820313,4.992188,3774,0,1.40402587464272
"1995-02-21",1995-02-21,0.00237911510885284,67569600,-0.010954715647728,4.9375,0.0237340759493672,4.820313,4.992188,0,1.10847707706555,1.42166392139016
"1995-02-22",1995-02-22,0.007911493670886,44088000,-0.00312989014035536,4.976563,0.0313971710998132,4.820313,4.992188,0,1.32287311993077,1.48015853437344
"1995-02-23",1995-02-23,-0.0196233826438045,87577600,-0.0226918537523026,4.878906,0.012009454578547,4.820313,4.992188,0,-7.25004799999985,1.33305379929949
"1995-02-24",1995-02-24,0.00560453511504429,78345600,-0.0172144959284387,4.90625,0.017515821656051,4.820313,4.992188,0,1.45850267732727,1.37453701395529
"1995-02-27",1995-02-27,-0.0023885859872612,51545600,-0.0195619636119475,4.894531,0.0151634548846458,4.820313,4.992188,0,-1.13636575205381,1.35678672948525
"1995-02-28",1995-02-28,0.0183559977452386,54179200,-0.00156504522666234,4.984375,0.0329152601880879,4.820313,4.992188,0,2.17069661488671,1.49180212651743
"1995-03-01",1995-03-01,-0.0125391849529781,65336000,-0.0140846057880835,4.921875,0.0206348190476191,4.820313,4.992188,0,-8.99948803276482,1.39813774550807
"1995-03-02",1995-03-02,0.00297610158730163,39121600,-0.0111504214184243,4.936523,0.0235408606421971,4.820313,4.992188,0,1.14083193983294,1.42019504842565
"1995-03-03",1995-03-03,0.0365976214432708,140860800,0,5.117188,0.0465650275112034,4.878906,5.117188,3774,1.9780511944298,1.54926526772115
"1995-03-06",1995-03-06,0.00458005451431536,80664000,0,5.140625,0.0509119027355623,0,5.140625,0,1.09335064224569,1.56568249954673
"1995-03-07",1995-03-07,-0.022796255319149,85563200,-0.022796255319149,5.023438,0.0287715305732846,4.878906,5.140625,3785,0,1.39596632580246
"1995-03-08",1995-03-08,-0.00777614852616866,85804800,-0.0303951367781155,4.984375,0.0211599247648904,4.878906,5.140625,0,-1.33333902224649,1.33851952027907
"1995-03-09",1995-03-09,0.00548594357366776,84761600,-0.0250759392097264,5.011719,0.0265004881558604,4.878906,5.140625,0,1.25239047162546,1.37877919138587
"1995-03-10",1995-03-10,0.00389706605657654,57476800,-0.0212765957446809,5.03125,0.0302795527950311,4.878906,5.140625,0,1.14260358590168,1.40740124200709
"1995-03-13",1995-03-13,0.0108696645962732,73267200,-0.0106382006079029,5.085938,0.0407067486862797,4.878906,5.140625,0,1.34436426329783,1.48696154075038
"1995-03-14",1995-03-14,0.0122887852742208,66921600,0,5.148438,0.0318665583619731,4.984375,5.148438,3785,0,1.49375224674653
"1995-03-15",1995-03-15,-0.0060698021419312,34435200,-0.00606980214193109,5.117188,0.025954293647214,4.984375,5.148438,3791,0,1.44849850487847
"1995-03-16",1995-03-16,-0.00534355978322457,34500800,-0.0113809275745379,5.089844,0.0207214602255,4.984375,5.148438,0,-1.875008,1.40867619392263
"1995-03-17",1995-03-17,-0.00671533351513329,38120000,-0.0180198343652967,5.055664,0.0141008184088184,4.984375,5.148438,0,-1.58333617776567,1.3585976726504
"1995-03-20",1995-03-20,0.0307128796533946,66764800,0,5.210938,0.029797706286277,5.055664,5.210938,3791,2.11318984631715,1.48593862836862
"1995-03-21",1995-03-21,-0.00149934618297121,83536000,-0.00149934618297132,5.203125,0.0283408528528528,5.055664,5.210938,3795,0,1.4747736852957
"1995-03-22",1995-03-22,0.0135136096096095,69624000,0,5.273438,0.0133334268839417,5.203125,5.273438,3795,0,1.42375651412839
"1995-03-23",1995-03-23,0.0118518507281208,110006400,0,5.335938,0.0248902817086705,0,5.335938,0,1.86675803042408,1.4674043197449
"1995-03-24",1995-03-24,0.00878477223685882,98563200,0,5.382813,0.0333818024144624,0,5.382813,0,1.34115807949389,1.49947500426729
"1995-03-27",1995-03-27,0.0159650725373518,67161600,0,5.46875,0.0485714285714286,0,5.46875,0,1.45502714228473,1.5568430217722
"1995-03-28",1995-03-28,0.0114285714285714,94750400,0,5.53125,0.059322033898305,0,5.53125,0,1.22133599202393,1.59744579291399
"1995-03-29",1995-03-29,-0.0162429830508475,160102400,-0.0162429830508476,5.441406,0.0437903365416953,5.203125,5.53125,3801,0,1.47743952001491
"1995-03-30",1995-03-30,-0.0193824904813205,164172800,-0.0353106440677968,5.335938,0.0248902817086705,5.203125,5.53125,0,-2.17390142914384,1.33404345713657
"1995-03-31",1995-03-31,-0.00585651482457255,150662400,-0.040960361581921,5.304688,0.019145895102596,5.203125,5.53125,0,-1.16000040960104,1.29101032663911
"1995-04-03",1995-04-03,0.0427097691702133,94400000,0,5.53125,0.040960361581921,5.304688,5.53125,3801,2.13938086270864,1.52809762542255
"1995-04-04",1995-04-04,-0.0218927005649718,100321600,-0.0218927005649719,5.410156,0.0194944471102128,5.304688,5.53125,3805,0,1.36434127219115
"1995-04-05",1995-04-05,0.000722160322179228,119211200,-0.0211863502824862,5.414063,0.0202020183363215,5.304688,5.53125,0,1.03629603969317,1.36968135581253
"1995-04-06",1995-04-06,-0.012987104139719,79091200,-0.033898305084746,5.34375,0.00730984795321643,5.304688,5.53125,0,-1.60000682669578,1.27297996983679
"1995-04-07",1995-04-07,0.0190059415204678,85091200,-0.0155366327683619,5.445313,0.0258249617606922,5.304688,5.53125,0,3.53289998998253,1.41225582100106
"1995-04-10",1995-04-10,0.0157818292538924,79411200,-2.22044604925031e-16,5.53125,0.0338983050847458,5.34375,5.53125,3805,1.31261782297552,1.50142572602462
"1995-04-11",1995-04-11,0.0310734463276836,173561600,0,5.703125,0.0630136986301369,0,5.703125,0,1.85890410958904,1.61138843276368
"1995-04-12",1995-04-12,0.00547945205479452,83680000,0,5.734375,0.0681198910081744,0,5.734375,0,1.08103305295581,1.63067344548879
"1995-04-13",1995-04-13,0.0354223433242507,115472000,0,5.9375,0.1,0,5.9375,0,1.468,1.75107789993698
"1995-04-17",1995-04-17,-0.0105263157894737,156675200,-0.0105263157894737,5.875,0.0904255319148937,5.34375,5.9375,3813,0,1.67516147452512
"1995-04-18",1995-04-18,0.00332442553191485,168217600,-0.00723688421052637,5.894531,0.0934393253678706,5.34375,5.9375,0,1.03332900995057,1.69896742736636
"1995-04-19",1995-04-19,-0.0106030488261068,95795200,-0.0177632,5.832031,0.0837240062681422,5.34375,5.9375,0,-2.45453699178475,1.62251903734992
"1995-04-20",1995-04-20,-0.00334891909868102,79468800,-0.0210526315789473,5.8125,0.0806451612903226,5.34375,5.9375,0,-1.185182375864,1.59846739860585
"1995-04-21",1995-04-21,-0.00134400000000006,87787200,-0.0223683368421052,5.804688,0.0794078854884189,5.34375,5.9375,0,-1.062496,1.58882532704223
"1995-04-24",1995-04-24,0.0390308660861704,96052800,0,6.03125,0.0375646839378239,5.804688,6.03125,3813,0,1.51527286643806
"1995-04-25",1995-04-25,0.0181347150259067,128708800,0,6.140625,0.0547072977099238,0,6.140625,0,1.45634920822105,1.58001690666624
"1995-04-26",1995-04-26,0.0139949923664122,96080000,0,6.226563,0.0677540723509904,0,6.226563,0,1.23848325885597,1.62929182549945
"1995-04-27",1995-04-27,0.0100376403482949,91153600,0,6.289063,0.0770186274171526,0,6.289063,0,1.13673798112339,1.66428209792081
"1995-04-28",1995-04-28,0.0173913029651635,132334400,0,6.398438,0.0927960855446283,0,6.398438,0,1.2048524968125,1.72387023292076
"1995-05-01",1995-05-01,0.017094015758221,115844800,0,6.507813,0.108043208985876,0,6.507813,0,1.16430782992365,1.78145540555358
"1995-05-02",1995-05-02,-0.0012005569305694,115572800,-0.00120055693056953,6.5,0.106971076923077,5.804688,6.507813,3824,0,1.77287193808655
"1995-05-03",1995-05-03,0.0324519999999999,89808000,0,6.710938,0.031431969718689,6.5,6.710938,3824,0,1.49211089700969
"1995-05-04",1995-05-04,0.0232828853433007,176945600,0,6.867188,0.0534699210215301,0,6.867188,0,1.70113172989403,1.57534359563236
"1995-05-05",1995-05-05,-0.0113765634492605,143638400,-0.0113765634492604,6.789063,0.0425777460011786,6.5,6.867188,3827,0,1.4912392625082
"1995-05-08",1995-05-08,0.0276179496345814,117291200,0,6.976563,0.0268756979618761,6.789063,6.976563,3827,0,1.47490281860138
"1995-05-09",1995-05-09,-0.00335953391376235,138131200,-0.00335953391376231,6.953125,0.0235954337078652,6.789063,6.976563,3829,0,1.44982569994279
"1995-05-10",1995-05-10,-0.0224719101123595,141251200,-0.0257559488819923,6.796875,0.00114935172413799,6.789063,6.976563,0,-7.66652444747861,1.28046503737481
"1995-05-11",1995-05-11,0.00459770114942529,115512000,-0.0212766658883463,6.828125,0.00572075057208243,6.789063,6.976563,0,4.97737154949062,1.31464755569055
"1995-05-12",1995-05-12,-0.00514870480549195,78270400,-0.0263158234219339,6.792969,0.000575006304312731,6.789063,6.976563,0,-1.23683962327705,1.27618132756958
"1995-05-15",1995-05-15,-0.00287517873259846,72540800,-0.0291153394586989,6.773438,0,6.773438,6.953125,3833,-1.10638147216141,1.26343646770712
"1995-05-16",1995-05-16,0.00461360980937598,83606400,-0.0246360564650527,6.804688,0.00459242216542477,6.773438,6.804688,3833,-0.846153846153839,1.29769838666332
"1995-05-17",1995-05-17,0.0172215096415883,103816000,-0.00783881690740795,6.921875,0.0214446230248307,0,6.921875,0,4.66956700677087,1.4247852331023
"1995-05-18",1995-05-18,0,170598400,-0.00783881690740795,6.921875,0.0214446230248307,0,6.921875,0,-1,1.4247852331023
"1995-05-19",1995-05-19,0.00564341309255074,146268800,-0.00223964149682265,6.960938,0.0269360250012283,0,6.960938,0,1.25607360735785,1.4666720070822
"1995-05-22",1995-05-22,0.0235689500466748,103174400,0,7.125,0.0493420350877194,0,7.125,0,1.83182318421034,1.55975344021563
"1995-05-23",1995-05-23,0.0219298245614035,122224000,0,7.28125,0.0697424206008584,0,7.28125,0,1.41344840108179,1.63680139788955
"1995-05-24",1995-05-24,-0.00214592274678112,139008000,-0.00214592274678116,7.265625,0.0677418666666667,6.773438,7.28125,3840,0,1.62114102913791
"1995-05-25",1995-05-25,0.010752688172043,85121600,0,7.34375,0.0106382978723404,7.265625,7.34375,3840,0,1.41357757972159
"1995-05-26",1995-05-26,-0.0138297191489362,57699200,-0.0138297191489363,7.242188,0,0,7.34375,3842,0,1.32116703490095
"1995-05-30",1995-05-30,-0.0463862578546704,242369600,-0.0595744680851065,6.90625,0,6.90625,7.242188,3843,-4.30771351489728,1.14839875669521
"1995-05-31",1995-05-31,0.0158371040723982,163680000,-0.0446808510638299,7.015625,0.0155902004454342,6.90625,7.015625,3843,-0.750000000000001,1.26352971225495
"1995-06-01",1995-06-01,0.022271714922049,117364800,-0.0234042553191491,7.171875,0.0370370370370371,0,7.171875,0,2.37566137566139,1.42488711426143
"1995-06-02",1995-06-02,0.0152505446623094,120323200,-0.00851063829787235,7.28125,0.0515021459227468,0,7.28125,0,1.39055793991416,1.53576883605953
"1995-06-05",1995-06-05,-0.00643776824034335,77616000,-0.0148936170212767,7.234375,0.0453563714902808,6.90625,7.28125,3847,-1.75000000000001,1.48845037522756
"1995-06-06",1995-06-06,-0.0291575982721383,96516800,-0.0436169531914895,7.023438,0.0166852757865876,6.90625,7.28125,0,-2.92856685714285,1.27168369918158
"1995-06-07",1995-06-07,0.00667408183855257,117452800,-0.0372339744680851,7.070313,0.0232044889667543,6.90625,7.28125,0,1.39071653735608,1.3204125594792
"1995-06-08",1995-06-08,0.00607724155917851,44441600,-0.0313830127659573,7.113281,0.0291048533018728,6.90625,7.28125,0,1.25427684891368,1.36479484188985
"1995-06-09",1995-06-09,-0.00933549511118705,54803200,-0.0404255319148936,7.046875,0.0199556541019955,6.90625,7.28125,0,-1.28813419592223,1.29608855472421
"1995-06-12",1995-06-12,-0.0105321862527717,64686400,-0.0505319489361701,6.972656,0.0095237740109364,6.90625,7.28125,0,-1.25000084210526,1.21851973399842
"1995-06-13",1995-06-13,-0.00504198113315783,107860800,-0.0553191489361701,6.9375,0.00450450450450446,6.90625,7.28125,0,-1.09473610459883,1.18148276491881
"1995-06-14",1995-06-14,0.0135135135135135,97881600,-0.0425531914893615,7.03125,0.0177777777777778,6.90625,7.28125,0,3.94666666666671,1.27982745282142
"1995-06-15",1995-06-15,0.0233334044444444,91027200,-0.0202126978723403,7.195313,0.0401737909108332,6.90625,7.28125,0,2.25977573873437,1.44878781272928
"1995-06-16",1995-06-16,0.00868621003700604,122411200,-0.0117020595744678,7.257813,0.0484392474702778,6.90625,7.28125,0,1.2057425095329,1.51214758824273
"1995-06-19",1995-06-19,0.0635090763567483,127876000,0,7.71875,0.101214574898785,6.9375,7.71875,3847,2.08951584065979,1.7556650934159
"1995-06-20",1995-06-20,0.0526315789473684,141030400,0,8.125,0.146153846153846,0,8.125,0,1.444,1.92539125213614
"1995-06-21",1995-06-21,-0.0206731076923077,119708800,-0.0206731076923077,7.957031,0.128129574963325,6.9375,8.125,3859,0,1.77923940572442
"1995-06-22",1995-06-22,0.0270005231850926,70946400,0,8.171875,0.0262906615678776,7.957031,8.171875,3859,0,1.47269325940979
"1995-06-23",1995-06-23,0.00382409177820268,52727200,0,8.203125,0.0300000304761905,0,8.203125,0,1.14109074047969,1.48670276420374
"1995-06-26",1995-06-26,-0.00952380952380952,57357600,-0.0095238095238096,8.125,0.0206731076923077,7.957031,8.203125,3862,0,1.41550752017121
"1995-06-27",1995-06-27,-0.0365384615384615,92004800,-0.0457142857142857,7.828125,0,7.828125,8.125,3863,-4.79999999999996,1.20074574513678
"1995-06-28",1995-06-28,0.00798403193612774,112888000,-0.0380952380952381,7.890625,0.00792079207920793,7.828125,7.890625,3863,-0.833333333333333,1.25943644539632
"1995-06-29",1995-06-29,0.0108911524752475,60702400,-0.0276189866666667,7.976563,0.0186092681772838,0,7.976563,0,2.34942010738208,1.33937116180661
"1995-06-30",1995-06-30,-0.00783545494469234,41468800,-0.0352380342857144,7.914063,0.0108588976357655,7.828125,7.976563,3866,-1.27586267776591,1.2813241077867
"1995-07-03",1995-07-03,0,13020800,-0.0352380342857144,7.914063,0.0108588976357655,7.828125,7.976563,0,-1,1.2813241077867
"1995-07-05",1995-07-05,0.00691010420311291,46887200,-0.0285714285714285,7.96875,0.0176470588235295,7.828125,7.976563,0,1.62512433724451,1.33213992742472
"1995-07-06",1995-07-06,0.0264706509803922,52177600,-0.00285708190476175,8.179688,0.0324737324944424,7.914063,8.179688,3866,1.84017817468506,1.48525481915144
"1995-07-07",1995-07-07,0.0429798789391477,78961600,0,8.53125,0.0723442637362638,0,8.53125,0,2.22777790476179,1.64662801119751
"1995-07-10",1995-07-10,0.0295329523809524,83404000,0,8.783203,0.0989547890444978,0,8.783203,0,1.36783186301052,1.74713035838645
"1995-07-11",1995-07-11,-0.0197909578088996,51932800,-0.0197909578088996,8.609375,0.0807621923774955,7.914063,8.783203,3872,0,1.60367447635522
"1995-07-12",1995-07-12,0.0490018148820327,84791200,0,9.03125,0.0467128027681661,8.609375,9.03125,3872,0,1.54982338373011
"1995-07-13",1995-07-13,0.0190311418685121,117482400,0,9.203125,0.0645161290322581,0,9.203125,0,1.38112305854241,1.61706279582687
"1995-07-14",1995-07-14,0.0254668930390492,87835200,0,9.4375,0.0877483443708609,0,9.4375,0,1.36009933774834,1.70480597807837
"1995-07-17",1995-07-17,0.0124172715231789,139681600,0,9.554688,0.0989370872183373,0,9.554688,0,1.12750944679011,1.74706350231886
"1995-07-18",1995-07-18,-0.0417007860434585,137435200,-0.0417007860434585,9.15625,0.0597269624573379,8.609375,9.554688,3877,0,1.4414800403296
"1995-07-19",1995-07-19,-0.109215017064846,447652000,-0.146361451048951,8.15625,0,8.15625,9.15625,3878,-3.50980077201471,0.820622608262166
"1995-07-20",1995-07-20,-0.0114942528735632,199928000,-0.156173388393216,8.0625,0,8.0625,8.15625,3879,-1.06703908217597,0.78356498831115
"1995-07-21",1995-07-21,-0.0242247441860466,152450400,-0.176614872196769,7.867188,0,7.867188,8.0625,3880,-1.13088967341917,0.706361811053837
"1995-07-24",1995-07-24,0.0685202895875884,122608000,-0.120196284797578,8.40625,0.0641263345724907,7.867188,8.40625,3880,-0.680555851851851,1.16163458224235
"1995-07-25",1995-07-25,0.0260223048327138,140957600,-0.0973017643276264,8.625,0.0878622608695653,0,8.625,0,1.37014319398285,1.33774795453662
"1995-07-26",1995-07-26,-0.0126811594202899,89991200,-0.108749024562602,8.515625,0.0761467302752294,7.867188,8.625,3883,-1.11764699555119,1.2502669740288
"1995-07-27",1995-07-27,0.00917431192660551,52663200,-0.100572410109048,8.59375,0.0845453963636364,7.867188,8.625,0,1.11029582042525,1.3128683161852
"1995-07-28",1995-07-28,-0.0236363636363636,68643200,-0.121831607688289,8.390625,0.0623835530726258,7.867188,8.625,0,-1.21138200383375,1.14887619373368
"1995-07-31",1995-07-31,-0.031657355679702,64880800,-0.149632096830373,8.125,0.0317307076923078,7.867188,8.625,0,-1.22818782144953,0.928110265497612
"1995-08-01",1995-08-01,-0.0269230769230769,94556800,-0.172526617300324,7.90625,0.00494064822134388,7.867188,8.625,0,-1.15300541097079,0.740462075718605
"1995-08-02",1995-08-02,-0.0276679841897233,135620800,-0.195421137770276,7.6875,0,7.6875,8.59375,3888,-1.13270138155029,0.635334508507083
"1995-08-03",1995-08-03,0.0101626016260163,117961600,-0.187244523316721,7.765625,0.0100603621730382,7.6875,7.765625,3888,-0.958159007020182,0.704211726651861
"1995-08-04",1995-08-04,-0.00201207243460765,68723200,-0.188879846207432,7.75,0.00806451612903225,7.6875,7.765625,3890,-1.00873362201331,0.69049756668127
"1995-08-07",1995-08-07,0.0241935483870968,51580000,-0.169255971518902,7.9375,0.0236220472440944,7.75,7.9375,3890,2.92913385826771,0.823370323596502
"1995-08-08",1995-08-08,0.0196850393700787,58122400,-0.152902742611794,8.09375,0.0424710424710425,0,8.09375,0,1.7979407979408,0.956321706959426
"1995-08-09",1995-08-09,0.0212355212355212,70807200,-0.134914190813975,8.265625,0.0623818525519849,0,8.265625,0,1.46880907372401,1.09945961129084
"1995-08-10",1995-08-10,-0.0283553875236295,60408000,-0.159444034174638,8.03125,0.0350194552529183,7.75,8.265625,3894,-1.18181811129479,0.903473552136177
"1995-08-11",1995-08-11,0.0291828793774319,68375200,-0.134914190813975,8.265625,0.0283553875236295,8.03125,8.265625,3894,-0.846153896646927,0.970948822334936
"1995-08-14",1995-08-14,0.00378071833648393,50202400,-0.131643545032554,8.296875,0.032015065913371,0,8.296875,0,1.12906465787822,0.997123196493819
"1995-08-15",1995-08-15,-0.0131826741996234,67754400,-0.143090805267529,8.1875,0.0190839694656488,8.03125,8.296875,3897,-1.08695648717258,0.90505127988035
"1995-08-16",1995-08-16,0.0190839694656489,67332800,-0.126737576360421,8.34375,0.0187265917602997,8.1875,8.34375,3897,-0.885714327510189,0.96546423950593
"1995-08-17",1995-08-17,-0.0168539325842697,66123200,-0.141455482376819,8.203125,0.00190476190476185,8.1875,8.34375,3899,-1.11612898430803,0.846345302614147
"1995-08-18",1995-08-18,-0.0114285714285714,73496800,-0.151267419721084,8.109375,0,8.109375,8.203125,3900,-1.06936413618899,0.802093798286657
"1995-08-21",1995-08-21,-0.0712909441233141,175418400,-0.211774366677384,7.53125,0,7.53125,8.109375,3901,-1.39999986162167,0.573571808588721
"1995-08-22",1995-08-22,0.033195020746888,129546400,-0.185609200426011,7.78125,0.0321285140562249,7.53125,7.78125,3901,-0.876447906978123,0.793734756494996
"1995-08-23",1995-08-23,0.00200803212851406,65648000,-0.1839738775353,7.796875,0.0340681362725451,0,7.796875,0,1.06037074148297,0.807236570914912
"1995-08-24",1995-08-24,-0.021543118236473,100023200,-0.201553624775608,7.628906,0.0128007869018179,7.53125,7.796875,3904,-1.0955556705975,0.660519272189641
"1995-08-25",1995-08-25,-0.0107526557543113,91089600,-0.210139043786673,7.546875,0.00207039337474124,7.53125,7.796875,0,-1.04259620247775,0.587567518120203
"1995-08-28",1995-08-28,-0.0289855072463768,77804000,-0.233033564256625,7.328125,0,7.328125,7.628906,3906,-1.10894938921105,0.493280298694853
"1995-08-29",1995-08-29,0.00426439232409382,142798400,-0.229762918475203,7.359375,0.00424628450106157,7.328125,7.359375,3906,-0.98596491543244,0.521670160536905
"1995-08-30",1995-08-30,0.0254777070063694,88683200,-0.210139043786673,7.546875,0.0289855072463768,0,7.546875,0,6.82608695652174,0.689220232135585
"1995-08-31",1995-08-31,0.0165631469979296,50941600,-0.197056460660986,7.671875,0.044806517311609,0,7.671875,0,1.54582484725051,0.798383013562631
"1995-09-01",1995-09-01,-0.00814663951120163,34721600,-0.20359775222383,7.609375,0.0369609856262834,7.328125,7.671875,3910,-1.03319501193162,0.744047013491787
"1995-09-05",1995-09-05,0.0462012977412731,59574400,-0.166802934852504,7.960938,0.0441610021331656,7.609375,7.960938,3910,1.19480044660287,0.910206231234824
"1995-09-06",1995-09-06,-0.0186457927445233,72960000,-0.182338554644589,7.8125,0.026,7.609375,7.960938,3912,-1.09313756862745,0.782941190180631
"1995-09-07",1995-09-07,0.04,125828000,-0.149632096830372,8.125,0.0384615384615384,7.8125,8.125,3912,1.4792899408284,0.953531195111126
"1995-09-08",1995-09-08,0.00961538461538462,63664000,-0.141455482376818,8.203125,0.0476190476190477,0,8.203125,0,1.23809523809524,1.0189985276495
"1995-09-11",1995-09-11,0,53804800,-0.141455482376818,8.203125,0.0476190476190477,0,8.203125,0,-1,1.0189985276495
"1995-09-12",1995-09-12,-0.0114285714285714,52924000,-0.151267419721083,8.109375,0.0366088631984586,7.8125,8.203125,3916,-1.06936413618899,0.940357761013672
"1995-09-13",1995-09-13,0,52886400,-0.151267419721083,8.109375,0.0366088631984586,7.8125,8.203125,0,-1,0.940357761013672
"1995-09-14",1995-09-14,-0.0183043699421966,53280800,-0.166802934852504,7.960938,0.0186457927445233,7.8125,8.203125,0,-1.1027023212273,0.813840661488541
"1995-09-15",1995-09-15,-0.0245339179880561,99998400,-0.187244523316721,7.765625,0,7.765625,8.109375,3919,-1.12254933333333,0.666215858466264
"1995-09-18",1995-09-18,0.0120724346076459,63196800,-0.177432585972456,7.859375,0.0119284294234593,7.765625,7.859375,3919,-0.947598267920134,0.748324643001557
"1995-09-19",1995-09-19,-0.0029820437375746,69693600,-0.17988551797819,7.835938,0.0089731439937375,7.765625,7.859375,3921,-1.01382458578445,0.727898945271973
"1995-09-20",1995-09-20,0,63268000,-0.17988551797819,7.835938,0.0089731439937375,7.765625,7.859375,0,-1,0.727898945271973
"1995-09-21",1995-09-21,-0.0246760502699229,71136800,-0.200122704163652,7.642578,0,7.642578,7.835938,3923,-1.11250036363636,0.617577682870395
"1995-09-22",1995-09-22,-0.0104778780144606,68509600,-0.208503720895962,7.5625,0,7.5625,7.642578,3924,-1.04187938978406,0.585924348572395
"1995-09-25",1995-09-25,-0.00826446280991736,75903200,-0.215045012458805,7.5,0,7.5,7.5625,3925,-1.03137254114572,0.56121926860505
"1995-09-26",1995-09-26,-0.00416666666666667,70076000,-0.218315658240227,7.46875,0,7.46875,7.5,3926,-1.01520912177421,0.548866728621378
"1995-09-27",1995-09-27,-0.00732210878661093,133321600,-0.224039236027382,7.414063,0,7.414063,7.46875,3927,-1.02621698247982,0.527249981290592
"1995-09-28",1995-09-28,0.0432033016174802,83437600,-0.190515169098143,7.734375,0.0414140767676768,7.414063,7.734375,3927,-0.850365197080291,0.810275560390744
"1995-09-29",1995-09-29,-0.0282828282828283,76591200,-0.213409689568094,7.515625,0.013513446985447,7.414063,7.734375,3929,-1.12017164081122,0.618432980545862
"1995-10-02",1995-10-02,-0.0166320166320166,59953600,-0.226492272693781,7.390625,0,7.390625,7.515625,3930,-1.06130266696027,0.517985378662198
"1995-10-03",1995-10-03,0.0116279746300211,80306400,-0.217497944464539,7.476563,0.0114943189805261,7.390625,7.476563,3930,-0.960288586792528,0.595366682167345
"1995-10-04",1995-10-04,-0.0188087761716179,71613600,-0.232215850480936,7.335938,0,0,7.476563,3932,-1.06766917293233,0.496368631331411
"1995-10-05",1995-10-05,0.0372736247225645,79205600,-0.203597752223829,7.609375,0.03593422587269,7.335938,7.609375,3932,-0.876760788732394,0.74016915824316
"1995-10-06",1995-10-06,0.0184804928131417,116396800,-0.188879846207432,7.75,0.0534273548387098,0,7.75,0,1.48680967910636,0.861823450430932
"1995-10-09",1995-10-09,-0.030241935483871,79104000,-0.213409689568094,7.515625,0.0239084573804574,7.335938,7.75,3935,-1.12987009388881,0.657692744554682
"1995-10-10",1995-10-10,0.0249480249480249,118409600,-0.193785814879565,7.703125,0.0476672778904665,7.335938,7.75,0,1.9937412578291,0.821540043483667
"1995-10-11",1995-10-11,0.0202839756592292,78585600,-0.177432585972456,7.859375,0.0437375745526839,7.515625,7.859375,3935,-0.915611837134355,0.868461081892958
"1995-10-12",1995-10-12,0.0139165009940358,90520000,-0.16598532573748,7.96875,0.0568627450980392,0,7.96875,0,1.30008912655972,0.961265975481319
"1995-10-13",1995-10-13,-0.0156862745098039,79935200,-0.179067908863167,7.84375,0.0418326693227091,7.515625,7.96875,3939,-1.07881770914121,0.855090386215519
"1995-10-16",1995-10-16,0.00597609561752988,55199200,-0.174161940191035,7.890625,0.0475247524752476,7.515625,7.96875,0,1.13606789250354,0.895116994922859
"1995-10-17",1995-10-17,0.0376237623762376,133656800,-0.143090805267529,8.1875,0.0419847328244275,7.84375,8.1875,3939,-0.821596297736323,0.991542637841766
"1995-10-18",1995-10-18,0.0343511450381679,142411200,-0.113654993234734,8.46875,0.0738007380073801,0,8.46875,0,1.75779939617578,1.22287784556372
"1995-10-19",1995-10-19,0.003690036900369,66150400,-0.110384347453312,8.5,0.0772058823529411,0,8.5,0,1.04613970588235,1.24809089826865
"1995-10-20",1995-10-20,-0.0128676470588235,52790400,-0.121831607688288,8.390625,0.0651769087523277,7.84375,8.5,3944,-1.10370365454049,1.15942610956931
"1995-10-23",1995-10-23,0.00558659217877095,54128800,-0.116925639016156,8.4375,0.0703703703703704,7.84375,8.5,0,1.07968253968254,1.19756952980159
"1995-10-24",1995-10-24,0.00555555555555556,56356800,-0.112019670344023,8.484375,0.0755064456721916,7.84375,8.5,0,1.07298633323641,1.23549621400893
"1995-10-25",1995-10-25,-0.0202578268876611,47943200,-0.130008222141842,8.3125,0.056390977443609,7.84375,8.5,0,-1.16058386658856,1.09536214827348
"1995-10-26",1995-10-26,-0.000939789473684149,47912800,-0.130825831256865,8.304688,0.0555033494334767,7.84375,8.5,0,-1.00628890312899,1.08892182694925
"1995-10-27",1995-10-27,0.0216368152542274,61734400,-0.112019670344023,8.484375,0.0755064456721916,7.84375,8.5,0,1.36039439858831,1.23549621400893
"1995-10-30",1995-10-30,0.0276243093922652,98684000,-0.0874898269833607,8.71875,0.0474909820788529,8.304688,8.71875,3944,-0.781022000106508,1.22233176081849
"1995-10-31",1995-10-31,0.0017921146953405,74370400,-0.0858545040926499,8.734375,0.0491949338103757,0,8.734375,0,1.03587947978615,1.23494349747365
"1995-11-01",1995-11-01,0.0134168729874777,76340800,-0.0735895300819861,8.851563,0.0617828738269162,0,8.851563,0,1.25587878754063,1.32880771718698
"1995-11-02",1995-11-02,0.0291261554597758,80272000,-0.0466067547155902,9.109375,0.0883361372212692,0,9.109375,0,1.42978355893158,1.53100205541706
"1995-11-03",1995-11-03,-0.00514579759862779,47605600,-0.0515127233877226,9.0625,0.0836206344827586,8.304688,9.109375,3954,-1.10526303970466,1.49466378516572
"1995-11-06",1995-11-06,-0.0232758068965517,37800000,-0.0735895300819861,8.851563,0.0617828738269162,8.304688,9.109375,0,-1.42856997732574,1.32880771718698
"1995-11-07",1995-11-07,-0.0626655427973569,225472000,-0.131643545032553,8.296875,0,8.296875,9.0625,3956,-1.78888960000001,0.876209038188694
"1995-11-08",1995-11-08,-0.00659127683615813,101253600,-0.137367122819708,8.242188,0,8.242188,8.296875,3957,-1.04347784607092,0.854592290857907
"1995-11-09",1995-11-09,0.0464454341492817,77737600,-0.0973017643276256,8.625,0.044384,8.242188,8.625,3957,-0.708333714285713,1.17353972420408
"1995-11-10",1995-11-10,-0.0108695652173913,50086400,-0.10711370167189,8.53125,0.0338827252747252,8.242188,8.625,3959,-1.10084028190103,1.09682100225898
"1995-11-13",1995-11-13,-0.0164835164835165,36456000,-0.121831607688288,8.390625,0.017690815642458,8.242188,8.625,0,-1.13740451302375,0.980081141324817
"1995-11-14",1995-11-14,-0.0297951582867784,53100800,-0.147996773939661,8.140625,0,8.140625,8.53125,3961,-1.21476500842309,0.814446338270333
"1995-11-15",1995-11-15,-0.00575815738963532,103201600,-0.152902742611794,8.09375,0,8.09375,8.140625,3962,-1.03314915954947,0.795917528294824
"1995-11-16",1995-11-16,-0.028957528957529,82568800,-0.177432585972456,7.859375,0,7.859375,8.09375,3963,-1.16042775258088,0.703273478417282
"1995-11-17",1995-11-17,-0.00198807157057654,93374400,-0.179067908863167,7.84375,0,7.84375,7.859375,3964,-1.0092165871435,0.697097208425446
"1995-11-20",1995-11-20,-0.0099601593625498,71694400,-0.187244523316721,7.765625,0,7.765625,7.84375,3965,-1.04566208711245,0.666215858466266
"1995-11-21",1995-11-21,0.0140845070422535,70495200,-0.175797263081745,7.875,0.0138888888888888,7.765625,7.875,3965,-0.938864645906824,0.761905155320902
"1995-11-22",1995-11-22,-0.0178571428571429,48664800,-0.190515169098143,7.734375,0,0,7.875,3967,-1.08372090531099,0.653863318482593
"1995-11-24",1995-11-24,0.0181818181818182,18368000,-0.175797263081745,7.875,0.0178571428571429,7.734375,7.875,3967,-0.922746802335642,0.776892414438554
"1995-11-27",1995-11-27,-0.0476190476190476,121008000,-0.215045012458805,7.5,0,0,7.875,3969,-1.22325574749596,0.561219268605051
"1995-11-28",1995-11-28,0.0625,99812000,-0.16598532573748,7.96875,0.0588235294117647,7.5,7.96875,3969,-0.771863173386908,0.968671444692394
"1995-11-29",1995-11-29,-0.0117647058823529,72459200,-0.175797263081745,7.875,0.0476190476190477,7.5,7.96875,3971,-1.05911328185591,0.889296857820947
"1995-11-30",1995-11-30,-0.0337301587301587,68048000,-0.203597752223829,7.609375,0.0143737166324436,7.5,7.96875,0,-1.15813948780964,0.658739657692748
"1995-12-01",1995-12-01,0.00205338809034908,58219200,-0.201962429333118,7.625,0.0163934426229508,7.5,7.96875,0,1.14051522248243,0.672544007189715
"1995-12-04",1995-12-04,0.0122950819672131,56004000,-0.192150491988854,7.71875,0.02834008097166,7.5,7.96875,0,1.72874493927126,0.754721562999012
"1995-12-05",1995-12-05,-0.00607287449392713,52358400,-0.197056460660986,7.671875,0.0224032586558045,7.5,7.96875,0,-1.02553190794025,0.71377062603894
"1995-12-06",1995-12-06,-0.00509158452138498,66432000,-0.201144715557431,7.632813,0.0174002690751103,7.5,7.96875,0,-1.02074661689716,0.679434911195377
"1995-12-07",1995-12-07,0.00716472419801197,45921600,-0.195421137770275,7.6875,0.024390243902439,7.5,7.96875,0,1.40171647904729,0.727451320644851
"1995-12-08",1995-12-08,0.0284552845528455,61020000,-0.172526617300324,7.90625,0.0513833992094862,7.5,7.96875,0,2.10671936758893,0.915866560603974
"1995-12-11",1995-12-11,0.00395256916996047,38281600,-0.169255971518902,7.9375,0.0551181102362205,7.5,7.96875,0,1.07268322228952,0.942324317223226
"1995-12-12",1995-12-12,-0.0196850393700787,38964000,-0.18560920042601,7.78125,0.036144578313253,7.5,7.96875,0,-1.09661832761559,0.808902584999611
"1995-12-13",1995-12-13,0.00602409638554217,50386400,-0.180703231753878,7.828125,0.0419161676646707,7.5,7.96875,0,1.15968063872255,0.849229471867975
"1995-12-14",1995-12-14,-0.0419161676646707,76008800,-0.215045012458805,7.5,0,7.5,7.9375,3982,-1.19004519383307,0.561219268605052
"1995-12-15",1995-12-15,-0.0291666666666667,131205600,-0.237939532928756,7.28125,0,7.28125,7.5,3983,-1.10646385241944,0.474751488719347
"1995-12-18",1995-12-18,-0.0171673819742489,126525600,-0.251022116054443,7.15625,0,7.15625,7.28125,3984,-1.05498280577698,0.425341328784657
"1995-12-19",1995-12-19,0.0545851528384279,93095200,-0.210139043786672,7.546875,0.05175983436853,7.15625,7.546875,3984,-0.837133584441206,0.775234067071679
"1995-12-20",1995-12-20,-0.0124223602484472,71931200,-0.219950981130937,7.453125,0.039832285115304,7.15625,7.546875,3986,-1.04669259537616,0.693128606753904
"1995-12-21",1995-12-21,-0.00209643605870021,59761600,-0.221586304021648,7.4375,0.0378151260504201,7.15625,7.546875,0,-1.00743494246901,0.67933395199416
"1995-12-22",1995-12-22,-0.00840336134453781,41667200,-0.228127595584492,7.375,0.0296610169491526,7.15625,7.546875,0,-1.02952028823137,0.623832520041291
"1995-12-26",1995-12-26,0.00635593220338983,22500000,-0.223221626912359,7.421875,0.0357894736842105,7.15625,7.546875,0,1.20661654135338,0.665507219824867
"1995-12-27",1995-12-27,-0.00842105263157895,32307200,-0.229762918475202,7.359375,0.0276008492569002,7.15625,7.546875,0,-1.02930402243422,0.609875430757995
"1995-12-28",1995-12-28,-0.029723991507431,63944800,-0.252657438945154,7.140625,0,7.140625,7.453125,3991,-1.09964410541914,0.419165058792821
"1995-12-29",1995-12-29,-0.00656455142231947,55903200,-0.257563407617286,7.09375,0,7.09375,7.140625,3992,-1.01941747170641,0.400636248817313
"1996-01-02",1996-01-02,0.0330396475770925,62854400,-0.233033564256624,7.328125,0.0319829424307037,7.09375,7.328125,3992,-0.904761924111863,0.614073133374441
"1996-01-03",1996-01-03,-0.0149253731343284,72678400,-0.2444808244916,7.21875,0.0173160173160173,7.09375,7.328125,3994,-1.04912279598646,0.515445357629031
"1996-01-04",1996-01-04,-0.00432900432900433,100259200,-0.247751470273021,7.1875,0.0130434782608696,7.09375,7.328125,0,-1.0133779235579,0.486956337868092
"1996-01-05",1996-01-05,0,65434400,-0.247751470273021,7.1875,0.0130434782608696,7.09375,7.328125,0,-1,0.486956337868092
"1996-01-08",1996-01-08,0.00217391304347826,17544000,-0.246116147382311,7.203125,0.0151843817787418,7.09375,7.328125,0,1.1641359363702,0.501218349353526
"1996-01-09",1996-01-09,-0.0455531453362256,110116800,-0.280457928087238,6.875,0,6.875,7.21875,3998,-1.13953485405239,0.314168468931608
"1996-01-10",1996-01-10,-0.0159090909090909,137448000,-0.291905188322214,6.765625,0,6.765625,6.875,3999,-1.04081631891474,0.270934578988755
"1996-01-11",1996-01-11,0.0508083140877598,83769600,-0.255928084726575,7.109375,0.0483516483516484,6.765625,7.109375,3999,-0.87675072237522,0.589426506827315
"1996-01-12",1996-01-12,-0.0043956043956044,70219200,-0.259198730507997,7.078125,0.0441501103752759,6.765625,7.109375,4001,-1.01277955010258,0.561205643180816
"1996-01-15",1996-01-15,-0.0573951434878587,106633600,-0.301717125666478,6.671875,0,6.671875,7.078125,4002,-1.16403782177154,0.233876959037739
"1996-01-16",1996-01-16,0.0444964871194379,150692800,-0.270645990742973,6.96875,0.0426008968609866,6.671875,6.96875,4002,-0.897018988050907,0.512120700217423
"1996-01-17",1996-01-17,-0.103139013452915,546630400,-0.345870843715671,6.25,0,0,6.96875,4004,-1.27794556559361,0.0671176692581639
"1996-01-18",1996-01-18,0.02,132712000,-0.332788260589984,6.375,0.0196078431372549,6.25,6.375,4004,-0.962174946621284,0.190582521303606
"1996-01-19",1996-01-19,0.00735294117647059,128462400,-0.327882291917852,6.421875,0.0267639902676399,0,6.421875,0,1.36496350364963,0.236138591173549
"1996-01-22",1996-01-22,0.0121654501216545,106812800,-0.319705677464297,6.5,0.0384615384615384,0,6.5,0,1.43706293706294,0.311199115960174
"1996-01-23",1996-01-23,0.0132212307692307,69244800,-0.310711349235055,6.585938,0.0510083757241565,0,6.585938,0,1.32621776882807,0.392555559248704
"1996-01-24",1996-01-24,0.0391458285820487,94037600,-0.283728573868659,6.84375,0.08675799086758,0,6.84375,0,1.70085774416246,0.629482580342092
"1996-01-25",1996-01-25,-0.00228310502283105,115267200,-0.28536389675937,6.828125,0.0846681922196796,6.25,6.84375,4010,-1.00576368769776,0.615413581182625
"1996-01-26",1996-01-26,0.0068649885583524,66812800,-0.280457928087238,6.875,0.00681818181818183,6.828125,6.875,4010,-0.982808026075319,0.339919305051939
"1996-01-29",1996-01-29,-0.0102272000000001,39158400,-0.287816828765104,6.804688,0,0,6.875,4012,-1.02623887557059,0.286375451608986
"1996-01-30",1996-01-30,-0.00574060118553556,43040000,-0.291905188322213,6.765625,0,6.765625,6.804688,4013,-1.01420472727273,0.270934578988756
"1996-01-31",1996-01-31,0.0204965542725173,72689600,-0.277391684584572,6.904297,0.0200848833704576,6.765625,6.904297,4013,-0.950280076140267,0.401605397134522
"1996-02-01",1996-02-01,0.0183875346034506,66874400,-0.264104699180129,7.03125,0.0377777777777778,0,7.03125,0,1.88090600682025,0.518609875650021
"1996-02-02",1996-02-02,0.00888888888888889,51456000,-0.257563407617286,7.09375,0.0462555066079295,0,7.09375,0,1.22441046903343,0.575333551131448
"1996-02-05",1996-02-05,0.0308370044052863,67600800,-0.234668887147334,7.3125,0.0747863247863247,0,7.3125,0,1.61680911680911,0.76955621976647
"1996-02-06",1996-02-06,0.0170940170940171,85640000,-0.221586304021648,7.4375,0.0903361344537815,0,7.4375,0,1.20792316926771,0.877694734433679
"1996-02-07",1996-02-07,-0.0210084033613445,70611200,-0.237939532928756,7.28125,0.0708154506437768,6.765625,7.4375,4019,-1.07380072057843,0.742206524818914
"1996-02-08",1996-02-08,-0.00643776824034335,48796800,-0.242845501600889,7.234375,0.0647948164146869,6.765625,7.4375,0,-1.02061855216637,0.700939047921923
"1996-02-09",1996-02-09,0.00215982721382289,50028800,-0.241210178710178,7.25,0.0668103448275862,6.765625,7.4375,0,1.03110632183908,0.714727544052703
"1996-02-12",1996-02-12,0.00404096551724134,46727200,-0.238143935207512,7.279297,0.0705661549460064,6.765625,7.4375,0,1.05621599661119,0.740493003156805
"1996-02-13",1996-02-13,-0.0190501912478636,77997600,-0.252657438945154,7.140625,0.0525164113785558,6.765625,7.4375,0,-1.06094425090017,0.617508479238254
"1996-02-14",1996-02-14,0.0153172866520788,49426400,-0.241210178710178,7.25,0.0668103448275862,6.765625,7.4375,0,1.27218031609195,0.714727544052703
"1996-02-15",1996-02-15,-0.00862068965517241,48066400,-0.247751470273021,7.1875,0.058695652173913,6.765625,7.4375,0,-1.02711863818443,0.65937497971726
"1996-02-16",1996-02-16,0.00108702608695647,48668000,-0.246933756497333,7.195313,0.0597177634940967,6.765625,7.4375,0,1.01741374841794,0.666323611448892
"1996-02-20",1996-02-20,0.00542881178344853,41164800,-0.242845501600889,7.234375,0.0647948164146869,6.765625,7.4375,0,1.08501746588504,0.700939047921923
"1996-02-21",1996-02-21,0.0237580993520518,48394400,-0.22485694980307,7.40625,0.0864978902953587,6.765625,7.4375,0,1.33495077355837,0.850845954990714
"1996-02-22",1996-02-22,0.029535864978903,89480800,-0.201962429333118,7.625,0.0635245901639344,7.140625,7.625,4019,-0.898181841877679,0.850548420808392
"1996-02-23",1996-02-23,-0.00307370491803284,57186400,-0.204415361338852,7.601563,0.0606372663095734,7.140625,7.625,4030,-1.01214548673153,0.830379399629281
"1996-02-26",1996-02-26,-0.00719430990705459,35695200,-0.210139043786672,7.546875,0.0538302277432712,7.140625,7.625,0,-1.028000256,0.783053506611325
"1996-02-27",1996-02-27,-0.0020703933747412,36168000,-0.211774366677383,7.53125,0.0518672199170125,7.140625,7.625,0,-1.00778209922936,0.769463369670075
"1996-02-28",1996-02-28,0.00829875518672199,42570400,-0.20523307511454,7.59375,0.0596707818930041,7.140625,7.625,0,1.15045267489712,0.82364085899188
"1996-02-29",1996-02-29,-0.031892938271605,73402400,-0.230580527590225,7.351563,0.0286929459762502,7.140625,7.625,0,-1.12350568962405,0.610912112604355
"1996-03-01",1996-03-01,-0.0467587640886707,145034400,-0.266557631185863,7.007813,0,7.007813,7.601563,4035,-1.15602836879433,0.366666961502855
"1996-03-04",1996-03-04,-0.0211817866715336,70285600,-0.282093250977948,6.859375,0,6.859375,7.007813,4036,-1.05828240490798,0.307992198939772
"1996-03-05",1996-03-05,0.00911161731207289,59856800,-0.275551959415105,6.921875,0.00902934537246047,6.859375,6.921875,4036,-0.976811598504515,0.366799213874597
"1996-03-06",1996-03-06,-0.0383747178329571,67897600,-0.303352448557189,6.65625,0,0,6.921875,4038,-1.10089018855498,0.227700689045903
"1996-03-07",1996-03-07,-0.00234741784037559,74715200,-0.3049877714479,6.640625,0,6.640625,6.65625,4039,-1.00539083464956,0.221524419054067
"1996-03-08",1996-03-08,0.00705882352941176,111921600,-0.300081802775768,6.6875,0.0070093457943925,6.640625,6.6875,4039,-0.983914211875309,0.266526051209354
"1996-03-11",1996-03-11,0.0327102803738318,75256000,-0.277187282305816,6.90625,0.0384615384615384,0,6.90625,0,5.4871794871795,0.471782135747912
"1996-03-12",1996-03-12,-0.00678733031674208,48633600,-0.282093250977948,6.859375,0.0318906605922551,6.640625,6.90625,4042,-1.01769911170282,0.42843650455954
"1996-03-13",1996-03-13,0.0227790432801822,69127200,-0.26574002207084,7.015625,0.022271714922049,6.859375,7.015625,4042,-0.942028996261287,0.453870473416005
"1996-03-14",1996-03-14,0,57525600,-0.26574002207084,7.015625,0.022271714922049,0,7.015625,0,-1,0.453870473416005
"1996-03-15",1996-03-15,0.0489977728285078,87536800,-0.229762918475202,7.359375,0.0679405520169851,0,7.359375,0,3.05053078556263,0.762229988412602
"1996-03-18",1996-03-18,0.0106157112526539,62223200,-0.221586304021648,7.4375,0.0777310924369747,0,7.4375,0,1.14410451680672,0.830088146648194
"1996-03-19",1996-03-19,-0.0126050420168067,44320000,-0.231398241365913,7.34375,0.0659574468085107,6.859375,7.4375,4047,-1.04428043234706,0.748563947893289
"1996-03-20",1996-03-20,-0.0553191489361702,118391200,-0.273916636524394,6.9375,0.0112612612612613,6.859375,7.4375,0,-1.18374554148511,0.381404959908507
"1996-03-21",1996-03-21,0.00675675675675676,47616800,-0.269010667852262,6.984375,0.0178970917225951,6.859375,7.4375,0,1.58926174496645,0.424995903351391
"1996-03-22",1996-03-22,0.00447427293064877,30303200,-0.26574002207084,7.015625,0.022271714922049,6.859375,7.4375,0,1.24443207126949,0.453870473416005
"1996-03-25",1996-03-25,-0.0219933363028953,45829600,-0.281888848699193,6.861328,0.000284638775467472,6.859375,7.4375,0,-1.06076926803313,0.309839203959474
"1996-03-26",1996-03-26,0.0224879207057292,49976800,-0.26574002207084,7.015625,0.022271714922049,6.859375,7.4375,0,78.2455408103533,0.453870473416005
"1996-03-27",1996-03-27,0.0089086859688196,51588800,-0.259198730507997,7.078125,0.0309050772626932,6.859375,7.4375,0,1.38763796909492,0.511181943874216
"1996-03-28",1996-03-28,-0.00441501103752759,32305600,-0.262469376289418,7.046875,0.0266075388026608,6.859375,7.4375,0,-1.01261829398243,0.48259850662846
"1996-03-29",1996-03-29,0.00886917960088692,36318400,-0.255928084726575,7.109375,0.0351648351648352,6.859375,7.4375,0,1.32161172161172,0.539622691913271
"1996-04-01",1996-04-01,0.0043956043956044,28519200,-0.252657438945154,7.140625,0.0393873085339168,6.859375,7.4375,0,1.12007658643326,0.567922624126896
"1996-04-02",1996-04-02,-0.00437636761487965,17644800,-0.255928084726575,7.109375,0.0351648351648352,6.859375,7.4375,0,-1.01294498113761,0.539622691913271
"1996-04-03",1996-04-03,0.0131868131868132,33368800,-0.24611614738231,7.203125,0.0477223427331888,6.859375,7.4375,0,1.35710412147506,0.624107372053584
"1996-04-04",1996-04-04,0.0281995661605206,72766400,-0.22485694980307,7.40625,0.0738396624472574,6.859375,7.4375,0,1.54727656309935,0.803038495526809
"1996-04-08",1996-04-08,0.0232067510548523,115408800,-0.206868398005251,7.578125,0.0945876453608246,6.861328,7.578125,4047,1.28098696860088,0.949338225252759
"1996-04-09",1996-04-09,0.0206185567010309,115986400,-0.190515169098142,7.734375,0.112878804040404,0,7.734375,0,1.19337788365282,1.08018277751374
"1996-04-10",1996-04-10,-0.00202020202020202,131409600,-0.192150491988853,7.71875,0.111083012145749,6.861328,7.734375,4062,-1.00858368862937,1.06722417991337
"1996-04-11",1996-04-11,-0.0212549959514171,105884000,-0.209321330010985,7.554688,0.091778773656834,6.861328,7.734375,0,-1.08936140545051,0.929465501315545
"1996-04-12",1996-04-12,-0.0134437054184103,48440800,-0.219950981130937,7.453125,0.0794025324947588,6.861328,7.734375,0,-1.0507815,0.84257709356193
"1996-04-15",1996-04-15,0.0167714884696017,42540800,-0.206868398005251,7.578125,0.0945876453608246,6.861328,7.734375,0,1.19124217312676,0.949338225252759
"1996-04-16",1996-04-16,0.0701030927835052,191147200,-0.151267419721083,8.109375,0.0809248554913294,7.453125,8.109375,4062,-0.731225364433108,1.10772992642006
"1996-04-17",1996-04-17,-0.0105972408477841,70596000,-0.16026164328966,8.023438,0.0710808758041129,7.453125,8.109375,4067,-1.05945909294388,1.03658200197665
"1996-04-18",1996-04-18,0.0243426820273304,73107200,-0.139820159486107,8.21875,0.0237641977186311,8.023438,8.21875,4067,-0.872449306122448,0.935080055840441
"1996-04-19",1996-04-19,-0.00760456273764259,62551200,-0.14636145104895,8.15625,0.0162834636015325,8.023438,8.21875,4069,-1.04678360822134,0.882121819321085
"1996-04-22",1996-04-22,0.0383141762452107,83480800,-0.113654993234733,8.46875,0.0369003690036901,8.15625,8.46875,4069,2.26612531011014,1.08351292683131
"1996-04-23",1996-04-23,0.00530444280442801,63572000,-0.108953426841357,8.513672,0.0419821200534857,0,8.513672,0,1.13771545344946,1.12046245544618
"1996-04-24",1996-04-24,0.0314292117431821,163722400,-0.0809485354205171,8.78125,0.0711743772241993,0,8.78125,0,1.69534976160142,1.33648403410276
"1996-04-25",1996-04-25,-0.00889679715302491,77232800,-0.0891251498740712,8.703125,0.0628366247755835,8.15625,8.78125,4073,-1.10101003571069,1.27411274992921
"1996-04-26",1996-04-26,-0.00538599640933573,73344800,-0.0940311185462036,8.65625,0.0577617328519856,8.15625,8.78125,0,-1.05504583923914,1.23641714244993
"1996-04-29",1996-04-29,-0.0162454873646209,35319200,-0.108749024562601,8.515625,0.0422018348623853,8.15625,8.78125,0,-1.15652165202274,1.12206425632378
"1996-04-30",1996-04-30,-0.0055045871559633,46836800,-0.113654993234734,8.46875,0.0369003690036901,8.15625,8.78125,0,-1.04511276024649,1.08351292683131
"1996-05-01",1996-05-01,0.0018450184501845,52056800,-0.112019670344023,8.484375,0.0386740331491713,8.15625,8.78125,0,1.04806629834254,1.09638795258542
"1996-05-02",1996-05-02,0.00184162062615101,63019200,-0.110384347453312,8.5,0.0404411764705882,8.15625,8.78125,0,1.04569327731092,1.10923835056099
"1996-05-03",1996-05-03,0.0101103529411765,61840800,-0.10139001922407,8.585938,0.0500455512257368,8.15625,8.78125,0,1.23748999394549,1.17948173294258
"1996-05-06",1996-05-06,0.000909859819625938,40720800,-0.100572410109047,8.59375,0.0509090909090909,8.15625,8.78125,0,1.01725507387178,1.18583107773205
"1996-05-07",1996-05-07,-0.0127272727272727,42147200,-0.112019670344022,8.484375,0.0386740331491713,8.15625,8.78125,0,-1.11382107898741,1.09638795258542
"1996-05-08",1996-05-08,0.0128913443830571,64528800,-0.100572410109047,8.59375,0.0509090909090909,8.15625,8.78125,0,1.31636363636364,1.18583107773205
"1996-05-09",1996-05-09,-0.00181818181818182,50893600,-0.102207732999757,8.578125,0.0491803278688525,8.15625,8.78125,0,-1.01626015414106,1.17312563399167
"1996-05-10",1996-05-10,0.00728597449908925,48227200,-0.0956664414369142,8.640625,0.0560578661844484,8.15625,8.78125,0,1.13984327908378,1.22380572706352
"1996-05-13",1996-05-13,0.0379746835443038,76656800,-0.0613246607319869,8.96875,0.0557491289198606,8.46875,8.96875,4073,-0.641025837387571,1.3523413612954
"1996-05-14",1996-05-14,0.0156794425087108,114499200,-0.0466067547155895,9.109375,0.0703259005145798,0,9.109375,0,1.26147084048027,1.46298118617513
"1996-05-15",1996-05-15,-0.00686106346483705,60852000,-0.0531480462784328,9.046875,0.0639032815198618,8.46875,9.109375,4087,-1.14035071960621,1.41401922752566
"1996-05-16",1996-05-16,-0.00690846286701209,40033600,-0.0596893378412761,8.984375,0.0573913043478261,8.46875,9.109375,0,-1.12307680189361,1.36471978186844
"1996-05-17",1996-05-17,-0.0104347826086957,40084000,-0.0695012751855411,8.890625,0.0474516695957821,8.46875,9.109375,0,-1.16438341752687,1.29012225576337
"1996-05-20",1996-05-20,-0.00175746924428822,33077600,-0.0711365980762519,8.875,0.045774647887324,8.46875,9.109375,0,-1.02352939404846,1.2776122281311
"1996-05-21",1996-05-21,-0.0105633802816901,39953600,-0.0809485354205168,8.78125,0.0355871886120996,8.46875,9.109375,0,-1.13793093301633,1.20207872101919
"1996-05-22",1996-05-22,-0.00533807829181495,45796800,-0.0858545040926493,8.734375,0.0304114490161002,8.46875,9.109375,0,-1.06060602142641,1.16400223313009
"1996-05-23",1996-05-23,0.0143112701252236,45295200,-0.0727719209669626,8.859375,0.0440917107583775,8.46875,9.109375,0,1.44983919493724,1.26507985920205
"1996-05-24",1996-05-24,0.0017636684303351,33536800,-0.0711365980762519,8.875,0.045774647887324,8.46875,9.109375,0,1.03816901408451,1.2776122281311
"1996-05-28",1996-05-28,0.0211267605633803,53196800,-0.0515127233877221,9.0625,0.0655172413793104,8.46875,9.109375,0,1.43129973474801,1.42629108384149
"1996-05-29",1996-05-29,-0.0155172413793103,59422400,-0.0662306294041194,8.921875,0.0507880910683012,8.46875,9.109375,0,-1.28571399546515,1.31507575665689
"1996-05-30",1996-05-30,0.00175131348511384,61696800,-0.0645953065134085,8.9375,0.0524475524475524,8.46875,9.109375,0,1.03267422232939,1.32751946262575
"1996-05-31",1996-05-31,0.0559440559440559,145089600,-0.0122649740106621,9.4375,0.0745033112582781,8.734375,9.4375,4087,1.4205298013245,1.60846005619237
"1996-06-03",1996-06-03,0.0149006622516556,69614400,0,9.578125,0.0880913539967374,0,9.578125,0,1.18238172920065,1.70610145316237
"1996-06-04",1996-06-04,-0.00407825122349097,56274400,-0.00407825122349093,9.539063,0.0843571323514689,8.734375,9.578125,4100,0,1.67659538924347
"1996-06-05",1996-06-05,0.00737095456859856,35413600,0,9.609375,0.00731702113821131,9.539063,9.609375,4100,0,1.4010338172976
"1996-06-06",1996-06-06,-0.0211382113821138,51574400,-0.0211382113821138,9.40625,0,0,9.609375,4102,0,1.29356439965274
"1996-06-07",1996-06-07,0,70562400,-0.0211382113821138,9.40625,0,9.40625,9.40625,4102,-1,1.29356439965274
"1996-06-10",1996-06-10,-0.0149501661129568,36408000,-0.0357723577235772,9.265625,0,0,9.40625,4104,-1.69230769230769,1.23829431237008
"1996-06-11",1996-06-11,0.015177065767285,42351200,-0.0211382113821138,9.40625,0.0149501661129569,9.265625,9.40625,4104,-0.59090909090909,1.35002802702622
"1996-06-12",1996-06-12,0.0199335548172757,66422400,-0.00162601626016268,9.59375,0.0342019543973942,0,9.59375,0,2.28773072747014,1.49643142468969
"1996-06-13",1996-06-13,-0.0228013029315961,62036000,-0.0243902439024392,9.375,0.0116666666666667,9.265625,9.59375,4107,-14.9999999999994,1.32534469984027
"1996-06-14",1996-06-14,-0.0266666666666667,61307200,-0.0504065040650407,9.125,0,9.125,9.375,4108,-2.06666666666666,1.18302422508742
"1996-06-17",1996-06-17,-0.0136986301369863,70758400,-0.0634146341463415,9,0,9,9.125,4109,-1.25806451612903,1.13389525861394
"1996-06-18",1996-06-18,-0.0225694444444444,60051200,-0.0845528455284553,8.796875,0,8.796875,9,4110,-1.33333333333333,1.05406068809455
"1996-06-19",1996-06-19,0.0142095914742451,71435200,-0.0715447154471546,8.921875,0.0140105078809106,8.796875,8.921875,4110,-0.846153846153847,1.15610439078726
"1996-06-20",1996-06-20,-0.00350262697022767,73817600,-0.0747967479674798,8.890625,0.0105448154657294,8.796875,8.921875,4112,-1.04545454545455,1.1307329591463
"1996-06-21",1996-06-21,0.00351493848857645,54253600,-0.0715447154471546,8.921875,0.00350262697022763,8.890625,8.921875,4112,-0.956521739130434,1.11641833862283
"1996-06-24",1996-06-24,0.0313047425569177,57836800,-0.0424796617886181,9.201172,0.0337508091360536,0,9.201172,0,9.6358560083434,1.34043193289318
"1996-06-25",1996-06-25,-0.00997666384238874,34814400,-0.0520325203252032,9.109375,0.0240137221269296,8.890625,9.201172,4115,-1.22488075785822,1.26757787300393
"1996-06-26",1996-06-26,-0.00514579759862779,59177600,-0.0569105691056911,9.0625,0.0189655172413793,8.890625,9.201172,0,-1.09375,1.23008850439229
"1996-06-27",1996-06-27,0.0189655172413793,46257600,-0.0390243902439024,9.234375,0.0186125211505922,9.0625,9.234375,4115,-0.685714285714283,1.29630764143552
"1996-06-28",1996-06-28,-0.00592211167512685,32252800,-0.0447153951219511,9.179688,0.0127660112195535,9.0625,9.234375,4118,-1.145832,1.2527328789831
"1996-07-01",1996-07-01,0.0229786676845661,35018400,-0.0227642276422764,9.390625,0.0224625091514142,9.179688,9.390625,4118,1.75955580526272,1.37225944300495
"1996-07-02",1996-07-02,-0.00499168053244592,51651200,-0.0276422764227643,9.34375,0.017558474916388,9.179688,9.390625,4120,-1.21428571428572,1.33531457656324
"1996-07-03",1996-07-03,0.00167224080267559,60736000,-0.0260162601626015,9.359375,0.0191986110183638,9.179688,9.390625,0,1.0934099407714,1.34765014584906
"1996-07-05",1996-07-05,-0.0367278797996661,39507200,-0.0617886178861787,9.015625,0,9.015625,9.359375,4122,-2.37500000000001,1.14003637942313
"1996-07-08",1996-07-08,0.0121317157712305,65053600,-0.0504065040650405,9.125,0.011986301369863,9.015625,9.125,4122,-0.815789473684211,1.22829395981951
"1996-07-09",1996-07-09,0.00513698630136986,35956800,-0.0455284552845527,9.171875,0.0170357751277683,0,9.171875,0,1.4212703820881,1.26578812069467
"1996-07-10",1996-07-10,-0.00681431005110733,91695200,-0.0520325203252031,9.109375,0.0102915951972555,9.015625,9.171875,4125,-1.14285714285714,1.21575229087496
"1996-07-11",1996-07-11,-0.0463121783876501,145704000,-0.0959349593495934,8.6875,0,8.6875,9.109375,4126,-1.84375,1.01107284243026
"1996-07-12",1996-07-12,0.0251798561151079,141623200,-0.0731707317073169,8.90625,0.0245614035087719,8.6875,8.90625,4126,-0.762711864406779,1.18981177966599
"1996-07-15",1996-07-15,-0.0298245614035088,97682400,-0.100813008130081,8.640625,0,0,8.90625,4128,-1.37777777777778,0.992649480002704
"1996-07-16",1996-07-16,0.0126582278481013,200755200,-0.0894308943089428,8.75,0.0125,8.640625,8.75,4128,-0.887096774193547,1.0828471918876
"1996-07-17",1996-07-17,0.0232142857142857,199531200,-0.0682926829268291,8.953125,0.0349040139616056,0,8.953125,0,2.79232111692846,1.24729700256155
"1996-07-18",1996-07-18,0.012216404886562,80169600,-0.0569105691056907,9.0625,0.0465517241379311,0,9.0625,0,1.33370689655173,1.3342757953619
"1996-07-19",1996-07-19,0.00344827586206897,76216000,-0.0536585365853657,9.09375,0.0498281786941581,0,9.09375,0,1.07038309787451,1.35893251548246
"1996-07-22",1996-07-22,-0.00687285223367698,52232000,-0.0601626016260161,9.03125,0.0432525951557093,8.640625,9.09375,4133,-1.12121212121212,1.30953343871192
"1996-07-23",1996-07-23,-0.0380622837370242,105624000,-0.0959349593495934,8.6875,0.00539568345323738,8.640625,9.09375,0,-1.5945945945946,1.03145120194994
"1996-07-24",1996-07-24,-0.00719424460431655,133832000,-0.102439024390244,8.625,0,8.625,9.03125,4135,-1.06779661016949,0.98650835919352
"1996-07-25",1996-07-25,0.0452898550724638,74887200,-0.0617886178861786,9.015625,0.0433275563258232,8.625,9.015625,4135,-0.603174603174602,1.30367543044776
"1996-07-26",1996-07-26,0.0294627383015598,82870400,-0.0341463414634143,9.28125,0.0707070707070707,0,9.28125,0,1.63191919191919,1.5114811410938
"1996-07-29",1996-07-29,-0.0185185185185185,70988800,-0.0520325203252029,9.109375,0.0531732418524872,8.625,9.28125,4138,-1.52380952380953,1.37770723502798
"1996-07-30",1996-07-30,0.0205831903945112,58967200,-0.0325203252032519,9.296875,0.0201680672268908,9.109375,9.296875,4138,-0.625000000000001,1.32674709444522
"1996-07-31",1996-07-31,0.0100840336134454,64205600,-0.0227642276422761,9.390625,0.0299500831946755,0,9.390625,0,1.48502495840266,1.40053843251689
"1996-08-01",1996-08-01,0.0249584026622296,81130400,0,9.625,0.0535714285714286,0,9.625,0,1.78869047619048,1.57572696826045
"1996-08-02",1996-08-02,0.0227272727272727,107475200,0,9.84375,0.0746031746031746,0,9.84375,0,1.39259259259259,1.655159441584
"1996-08-05",1996-08-05,-0.00793650793650794,60604800,-0.00793650793650791,9.765625,0.0672,9.109375,9.84375,4143,0,1.59722469273881
"1996-08-06",1996-08-06,0.0224,64801600,0,9.984375,0.0219092331768388,9.765625,9.984375,4143,0,1.45614552755411
"1996-08-07",1996-08-07,0.0311032989045383,109771200,0,10.294922,0.0514134055605278,0,10.294922,0,2.34665472522695,1.5675765700488
"1996-08-08",1996-08-08,-0.0195408959873615,86504800,-0.0195408959873615,10.09375,0.0325077399380805,9.765625,10.294922,4146,0,1.42237200762949
"1996-08-09",1996-08-09,0.0201238390092879,121416800,0,10.296875,0.0197268588770865,10.09375,10.296875,4146,0,1.44790315965534
"1996-08-12",1996-08-12,-0.00303490136570561,53275200,-0.00303490136570561,10.265625,0.0167427701674278,10.09375,10.296875,4148,0,1.42517070235605
"1996-08-13",1996-08-13,-0.0228310502283105,60300000,-0.0257966616084977,10.03125,0,10.03125,10.265625,4149,-8.5,1.27597041469411
"1996-08-14",1996-08-14,0.0186915887850467,50572800,-0.00758725341426403,10.21875,0.018348623853211,10.03125,10.21875,4149,-0.294117647058824,1.41404239887398
"1996-08-15",1996-08-15,0,30832000,-0.00758725341426403,10.21875,0.018348623853211,0,10.21875,0,-1,1.41404239887398
"1996-08-16",1996-08-16,-0.00917431192660551,44319200,-0.0166919575113809,10.125,0.0092592592592593,10.03125,10.21875,4152,-2.2,1.34532723496087
"1996-08-19",1996-08-19,-0.00308641975308642,30192000,-0.0197268588770865,10.09375,0.00619195046439625,10.03125,10.21875,0,-1.18181818181818,1.32228047293444
"1996-08-20",1996-08-20,-0.0154798761609907,33337600,-0.0349013657056145,9.9375,0,9.9375,10.125,4154,-1.76923076923077,1.24158386570186
"1996-08-21",1996-08-21,0.00943396226415094,45863200,-0.0257966616084975,10.03125,0.00934579439252337,9.9375,10.03125,4154,-0.739130434782602,1.31126751093381
"1996-08-22",1996-08-22,0.0342679127725857,58090400,0,10.375,0.0421686746987951,0,10.375,0,4.51204819277108,1.53266116947056
"1996-08-23",1996-08-23,-0.016566265060241,32100800,-0.0165662650602411,10.203125,0.0260336906584993,9.9375,10.375,4157,0,1.40915544184792
"1996-08-26",1996-08-26,-0.00459418070444104,32749600,-0.0210843373493977,10.15625,0.0215384615384615,9.9375,10.375,0,-1.27272727272727,1.3751141015492
"1996-08-27",1996-08-27,0.00307692307692308,41030400,-0.0180722891566267,10.1875,0.0245398773006135,9.9375,10.375,0,1.13935144609991,1.39782568785594
"1996-08-28",1996-08-28,-0.00306748466257669,32015200,-0.0210843373493977,10.15625,0.0215384615384615,9.9375,10.375,0,-1.16666666666666,1.3751141015492
"1996-08-29",1996-08-29,0.00153846153846154,37079200,-0.0195783132530123,10.171875,0.0230414746543779,9.9375,10.375,0,1.0697827518104,1.38647860108884
"1996-08-30",1996-08-30,-0.0192011797235023,26062400,-0.0384035662650603,9.976563,0.00391547670274828,9.9375,10.375,0,-1.96153599999998,1.24314472261686
"1996-09-03",1996-09-03,0.0227094240772097,50458400,-0.0165662650602412,10.203125,0.0260336906584993,9.9375,10.375,0,6.64891982123816,1.40915544184792
"1996-09-04",1996-09-04,0.00765696784073507,39469600,-0.00903614457831348,10.28125,0.0334346504559271,9.9375,10.375,0,1.28428392633649,1.46554698604932
"1996-09-05",1996-09-05,-0.0197568389057751,54436000,-0.0286144578313255,10.078125,0.013953488372093,9.9375,10.375,0,-3.16666666666662,1.31802757762536
"1996-09-06",1996-09-06,0.00775193798449612,39244000,-0.0210843373493979,10.15625,0.0215384615384615,9.9375,10.375,0,1.54358974358975,1.3751141015492
"1996-09-09",1996-09-09,0.0276923076923077,56342400,0,10.4375,0.0441616287425149,9.976563,10.4375,4157,2.05036133447391,1.54018813697359
"1996-09-10",1996-09-10,0.00973058682634735,77851200,0,10.539063,0.0533728662595526,0,10.539063,0,1.20858011308287,1.57497704024604
"1996-09-11",1996-09-11,0.00815414045821716,46831200,0,10.625,0.0610293647058823,0,10.625,0,1.14345301241826,1.6038940216356
"1996-09-12",1996-09-12,0.00441176470588235,49197600,0,10.671875,0.0651536866764275,0,10.671875,0,1.0675793036749,1.61947071671401
"1996-09-13",1996-09-13,0.0322108345534407,82940000,0,11.015625,0.0943261957446808,0,11.015625,0,1.4477491690245,1.72964913674854
"1996-09-16",1996-09-16,0.00567375886524823,70357600,0,11.078125,0.0994357799717912,0,11.078125,0,1.05416930245911,1.74894695977292
"1996-09-17",1996-09-17,0.0634696755994358,152990400,0,11.78125,0.153182981432361,0,11.78125,0,1.54052174655659,1.95193881502775
"1996-09-18",1996-09-18,0.0145888594164456,103812000,0,11.953125,0.165359435294118,0,11.953125,0,1.07948959961413,1.99792671565615
"1996-09-19",1996-09-19,0.0143790849673203,66176000,0,12.125,0.177190680412371,0,12.125,0,1.07154865458515,2.04261083559662
"1996-09-20",1996-09-20,0.0038659793814433,81262400,0,12.171875,0.180359394094994,0,12.171875,0,1.01788307192708,2.05457839952046
"1996-09-23",1996-09-23,-0.0166880616174583,48962400,-0.0166880616174582,11.96875,0.166449044386423,9.976563,12.171875,4177,0,1.93901464709927
"1996-09-24",1996-09-24,0.00783289817232376,63469600,-0.00898587933247763,12.0625,0.172927419689119,9.976563,12.171875,0,1.03892107237129,1.9925716252311
"1996-09-25",1996-09-25,0.0077720207253886,46242400,-0.00128369704749676,12.15625,0.179305871465296,9.976563,12.171875,0,1.03688513821373,2.04575121325738
"1996-09-26",1996-09-26,0.0012853470437018,82620800,0,12.171875,0.0166880616174583,11.96875,12.171875,4177,0,1.43642626268745
"1996-09-27",1996-09-27,-0.00513478818998716,33680000,-0.00513478818998714,12.109375,0.0116129032258064,11.96875,12.171875,4181,0,1.39786544570835
"1996-09-30",1996-09-30,-0.0148386683870967,42668000,-0.0198972631578946,11.929688,0,11.929688,12.109375,4182,-3.874992,1.29825119962491
"1996-10-01",1996-10-01,0.00327435218758441,55946400,-0.0166880616174582,11.96875,0.00326366579634463,11.929688,11.96875,4182,-0.838711408952585,1.32269785570756
"1996-10-02",1996-10-02,0.0339425587467363,71916800,0,12.375,0.0359848080808081,0,12.375,0,11.0258863273046,1.50930600820967
"1996-10-03",1996-10-03,0.00505050505050505,71356000,0,12.4375,0.0408291055276382,0,12.4375,0,1.13462062757016,1.52760189896148
"1996-10-04",1996-10-04,0.0219849648241206,44334400,0,12.710938,0.0614628125792133,0,12.710938,0,1.50536759953283,1.60553106292468
"1996-10-07",1996-10-07,0.0264289700728616,52123200,0,13.046875,0.0856287041916167,0,13.046875,0,1.39317907199997,1.69680054373454
"1996-10-08",1996-10-08,-0.0263473053892216,112148800,-0.0263473053892215,12.703125,0.0608855694956949,11.929688,13.046875,4188,0,1.50384271640882
"1996-10-09",1996-10-09,-0.00738007380073801,105073600,-0.0335329341317365,12.609375,0.0539033060718711,11.929688,13.046875,0,-1.27272727272728,1.45033357290475
"1996-10-10",1996-10-10,-0.00991325898389095,67277600,-0.0431137724550898,12.484375,0.0444304981226533,11.929688,13.046875,0,-1.28571428571429,1.37837196558133
"1996-10-11",1996-10-11,0.0550688360450563,88411200,0,13.171875,0.0521945432977462,12.484375,13.171875,4188,1.17474585033145,1.57052676269471
"1996-10-14",1996-10-14,0.0213523131672598,89480800,0,13.453125,0.0720092915214866,0,13.453125,0,1.37963256255939,1.64536289172173
"1996-10-15",1996-10-15,0.032520325203252,160209600,0,13.890625,0.101237345331833,0,13.890625,0,1.40589281178562,1.75575109254374
"1996-10-16",1996-10-16,0.0134983127109111,87092000,0,14.078125,0.113207547169811,0,14.078125,0,1.11823899371069,1.80096002273611
"1996-10-17",1996-10-17,-0.0166481687014428,67586400,-0.0166481687014429,13.84375,0.0981941309255079,12.484375,14.078125,4195,0,1.68138088756643
"1996-10-18",1996-10-18,-0.00677200902934537,62257600,-0.0233074361820199,13.75,0.0920454545454545,12.484375,14.078125,0,-1.39999999999999,1.63300798226872
"1996-10-21",1996-10-21,-0.0204545454545455,66499200,-0.0432852386237514,13.46875,0.0730858468677494,12.484375,14.078125,0,-1.85714285714286,1.48594958845148
"1996-10-22",1996-10-22,-0.0208816705336427,97193600,-0.0632630410654828,13.1875,0.0533175355450237,12.484375,14.078125,0,-1.46153846153846,1.33583689136276
"1996-10-23",1996-10-23,0.0367298578199052,83144800,-0.0288568257491677,13.671875,0.0868571428571429,12.484375,14.078125,0,1.62905396825397,1.59245394708575
"1996-10-24",1996-10-24,-0.0171428571428571,69354400,-0.0455049944506105,13.4375,0.0709302325581396,12.484375,14.078125,0,-1.57692307692307,1.46942473734682
"1996-10-25",1996-10-25,-0.0197674418604651,56904800,-0.0643729189789123,13.171875,0.0521945432977462,12.484375,14.078125,0,-1.41463414634146,1.32740381123677
"1996-10-28",1996-10-28,0.00593119810201661,61611200,-0.0588235294117647,13.25,0.0577830188679245,12.484375,14.078125,0,1.10707011149228,1.36946918108607
"1996-10-29",1996-10-29,-0.0153301886792453,77648000,-0.0732519422863486,13.046875,0.0431137724550898,12.484375,14.078125,0,-1.24528301886793,1.25957345290273
"1996-10-30",1996-10-30,0.0227544910179641,69940000,-0.0521642619311877,13.34375,0.0644028103044496,12.484375,14.078125,0,1.49378740567265,1.41962138868702
"1996-10-31",1996-10-31,0.0292740046838408,66129600,-0.0244173140954497,13.734375,0.0910125142207053,12.484375,14.078125,0,1.41317612989968,1.62491500927996
"1996-11-01",1996-11-01,-0.0102389078498294,61486400,-0.0344062153163154,13.59375,0.0816091954022988,12.484375,14.078125,0,-1.40909090909091,1.55167468017799
"1996-11-04",1996-11-04,0.0149425287356322,46838400,-0.0199778024417315,13.796875,0.0951302378255946,12.484375,14.078125,0,1.16568037898968,1.65723388382213
"1996-11-05",1996-11-05,0.0328425821064553,82406400,0,14.25,0.0844298245614035,13.046875,14.25,4195,0,1.69227262797798
"1996-11-06",1996-11-06,0.0427631578947368,111770400,0,14.859375,0.121976866456362,0,14.859375,0,1.44471301569093,1.83407989396521
"1996-11-07",1996-11-07,0.0273396424815983,129250400,0,15.265625,0.145342886386899,0,15.265625,0,1.19156107718914,1.92232842796751
"1996-11-08",1996-11-08,0.00102354145342886,69125600,0,15.28125,0.146216768916155,0,15.28125,0,1.00601255796538,1.9256288981514
"1996-11-11",1996-11-11,0.0132924335378323,49158400,0,15.484375,0.157416750756811,0,15.484375,0,1.07659847720393,1.96792886970105
"1996-11-12",1996-11-12,-0.0232088799192735,98851200,-0.0232088799192735,15.125,0.137396694214876,13.046875,15.484375,4213,0,1.80466228512563
"1996-11-13",1996-11-13,-0.012396694214876,72973600,-0.0353178607467205,14.9375,0.126569037656904,13.046875,15.484375,0,-1.52173913043478,1.71803543852434
"1996-11-14",1996-11-14,0.00313807531380753,77549600,-0.0322906155398588,14.984375,0.129301355578728,13.046875,15.484375,0,1.02158756969639,1.73978809490789
"1996-11-15",1996-11-15,-0.0333680917622523,121340000,-0.0645812310797175,14.484375,0.0992448759439051,13.046875,15.484375,0,-2,1.50431625311269
"1996-11-18",1996-11-18,-0.00431499460625674,98204800,-0.0686175580221997,14.421875,0.0953412784398699,13.046875,15.484375,0,-1.0625,1.47432883143894
"1996-11-19",1996-11-19,0.0465872156013001,89967200,-0.0252270433905146,15.09375,0.135610766045549,13.046875,15.484375,0,1.42237201204593,1.79029503253026
"1996-11-20",1996-11-20,0.0010351966873706,99407200,-0.0242179616548942,15.109375,0.136504653567735,13.046875,15.484375,0,1.00659156753002,1.7974821464569
"1996-11-21",1996-11-21,-0.0165460186142709,95869600,-0.0403632694248235,14.859375,0.121976866456362,13.046875,15.484375,0,-1.66666666666666,1.68163632998344
"1996-11-22",1996-11-22,0.0304942166140904,76026400,-0.0110998990918265,15.3125,0.147959183673469,13.046875,15.484375,0,1.21301020408163,1.8902876514639
"1996-11-25",1996-11-25,-0.00816326530612245,62263200,-0.0191725529767912,15.1875,0.140946502057613,13.046875,15.484375,0,-1.72727272727272,1.83331351779297
"1996-11-26",1996-11-26,0.0185185185185185,124950400,-0.00100908173562064,15.46875,0.156565656565657,13.046875,15.484375,0,1.11081619110816,1.96090337716906
"1996-11-27",1996-11-27,0.0232323232323232,85092800,0,15.828125,0.0888450148075025,14.421875,15.828125,4213,0,1.70894787124653
"1996-11-29",1996-11-29,0.00197433366238894,19584800,0,15.859375,0.09064039408867,0,15.859375,0,1.02020799124247,1.71572864050086
"1996-12-02",1996-12-02,0.00197044334975369,62268000,0,15.890625,0.0924287118977385,0,15.890625,0,1.01972981061092,1.72248274006294
"1996-12-03",1996-12-03,-0.00983284169124877,75824000,-0.00983284169124887,15.734375,0.083416087388282,14.421875,15.890625,4227,0,1.65130738500693
"1996-12-04",1996-12-04,0.028798411122145,97301600,0,16.1875,0.027992277992278,15.734375,16.1875,4227,0,1.47911990611017
"1996-12-05",1996-12-05,-0.00965250965250965,82200800,-0.00965250965250974,16.03125,0.0185185185185185,15.734375,16.1875,4229,0,1.40688401757013
"1996-12-06",1996-12-06,-0.0199804756335282,104533600,-0.0294401235521236,15.710938,0,15.710938,16.03125,4230,-3.04999679999997,1.26220982661903
"1996-12-09",1996-12-09,0.0353057850524265,59799200,0,16.265625,0.0341017944284342,15.710938,16.265625,4230,0,1.50219426240005
"1996-12-10",1996-12-10,-0.00768491834774256,86302400,-0.00768491834774254,16.140625,0.0266214598257503,15.710938,16.265625,4232,0,1.44491829736075
"1996-12-11",1996-12-11,0.0600193610842207,168052000,0,17.109375,0.05662100456621,16.140625,17.109375,4232,2.12689330099929,1.5872445742399
"1996-12-12",1996-12-12,0,151984800,0,17.109375,0.05662100456621,0,17.109375,0,0,1.5872445742399
"1996-12-13",1996-12-13,-0.0328767123287671,125048800,-0.0328767123287672,16.546875,0.0245514636449481,16.140625,17.109375,4235,0,1.34195626004283
"1996-12-16",1996-12-16,-0.0387157695939566,118759200,-0.0703196347031965,15.90625,0,15.90625,16.546875,4236,-2.13888888888889,1.10781652641056
"1996-12-17",1996-12-17,0.0216110019646365,119589600,-0.0502283105022833,16.25,0.0211538461538462,15.90625,16.25,4236,-0.714285714285715,1.2635908443861
"1996-12-18",1996-12-18,0.0442307692307692,85812000,-0.00821917808219186,16.96875,0.0626151012891344,0,16.96875,0,2.95998660639544,1.57884091077582
"1996-12-19",1996-12-19,0.0128913443830571,89845600,0,17.1875,0.0745454545454546,0,17.1875,0,1.19053475935829,1.65494144508775
"1996-12-20",1996-12-20,-0.0209090909090909,107156000,-0.0209090909090909,16.828125,0.0547818012999072,15.90625,17.1875,4240,0,1.50132906025852
"1996-12-23",1996-12-23,-0.0176415970287837,57603200,-0.0381818181818181,16.53125,0.0378071833648393,15.90625,17.1875,0,-1.82608695652174,1.37198405340485
"1996-12-24",1996-12-24,0.0245746691871456,34854400,-0.0145454545454545,16.9375,0.0608856088560885,15.90625,17.1875,0,1.61042435424354,1.54841596902392
"1996-12-26",1996-12-26,0.00830258302583026,49676800,-0.00636363636363624,17.078125,0.0686184812442818,15.90625,17.1875,0,1.12700657073942,1.60852240204412
"1996-12-27",1996-12-27,-0.00914913083257091,33370400,-0.0154545454545453,16.921875,0.0600184672206833,15.90625,17.1875,0,-2.42857142857145,1.54170751295973
"1996-12-30",1996-12-30,-0.0156971375807941,45784000,-0.0309090909090908,16.65625,0.0450281425891182,15.90625,17.1875,0,-2.00000000000001,1.42672365345021
"1996-12-31",1996-12-31,-0.0173545666041277,51322400,-0.0477272436363636,16.367188,0.0281623208580484,15.90625,17.1875,0,-1.54411670588236,1.29950637921368
"1997-01-02",1997-01-02,-0.0042959731384523,97639200,-0.0518181818181817,16.296875,0.0239693192713327,15.90625,17.1875,0,-1.08571494748339,1.26821968415352
"1997-01-03",1997-01-03,0.0613614573346117,95648000,0,17.296875,0.0578139114724481,16.296875,17.296875,4240,2.41199638663053,1.59174993227647
"1997-01-06",1997-01-06,0.003613369467028,120549600,0,17.359375,0.0612061206120612,0,17.359375,0,1.05867461746175,1.60456159145035
"1997-01-07",1997-01-07,0.0324032403240324,96153600,0,17.921875,0.090671316477768,0,17.921875,0,1.48140930304118,1.71584542784906
"1997-01-08",1997-01-08,-0.00784655623365301,125510400,-0.00784655623365305,17.78125,0.0834797891036907,16.296875,17.921875,4251,0,1.65904975462225
"1997-01-09",1997-01-09,0.00527240773286467,77420000,-0.0026155187445509,17.875,0.0882867132867133,16.296875,17.921875,0,1.05758189179242,1.69696102083573
"1997-01-10",1997-01-10,0.0104895104895105,111907200,0,18.0625,0.0155709342560554,17.78125,18.0625,4251,0,1.43220710802479
"1997-01-13",1997-01-13,0.0164359861591695,116600000,0,18.359375,0.0314893617021277,0,18.359375,0,2.02231678486998,1.49232765443851
"1997-01-14",1997-01-14,0.00170212765957447,113872800,0,18.390625,0.0331350892098555,0,18.390625,0,1.05226296815082,1.49854322047654
"1997-01-15",1997-01-15,-0.0348343245539507,227419200,-0.0348343245539507,17.75,0,0,18.390625,4256,0,1.24183706600596
"1997-01-16",1997-01-16,0.00264084507042254,133381600,-0.032285471537808,17.796875,0.00263388937664621,17.75,17.796875,4256,-0.926829268292684,1.26141119200752
"1997-01-17",1997-01-17,0.0118525302897278,97962400,-0.0208156057774004,18.007813,0.0143167301881688,0,18.007813,0,5.43558522810802,1.34885408639998
"1997-01-20",1997-01-20,0.00824292211386254,58668800,-0.0127442650807139,18.15625,0.0223752151462995,0,18.15625,0,1.56287188849798,1.40977303930603
"1997-01-21",1997-01-21,0.0193631944922547,64573600,0,18.507813,0.040945572553602,0,18.507813,0,1.82995212720329,1.52804177037867
"1997-01-22",1997-01-22,0.0274377096850936,88490400,0,19.015625,0.0665571076417419,0,19.015625,0,1.62550194052389,1.6247711419959
"1997-01-23",1997-01-23,-0.00246507806080526,99123200,-0.0024650780608052,18.96875,0.0642504118616145,17.75,19.015625,4262,0,1.60674915762267
"1997-01-24",1997-01-24,-0.00823723228995058,114352000,-0.010682004930156,18.8125,0.0564784053156147,17.75,19.015625,0,-4.33333333333339,1.54636232501876
"1997-01-27",1997-01-27,-0.00249169435215947,69532000,-0.0131470829909613,18.765625,0.0541215653621981,17.75,19.015625,0,-1.23076923076924,1.52815095666851
"1997-01-28",1997-01-28,0.00582847626977519,58843200,-0.00739523418241572,18.875,0.0596026490066225,17.75,19.015625,0,1.10127356087621,1.57057537573809
"1997-01-29",1997-01-29,0.0248344370860927,74363200,0,19.34375,0.029886914378029,18.765625,19.34375,4262,0,1.48627554853481
"1997-01-30",1997-01-30,0.0347334410339257,88168000,0,20.015625,0.0624512099921936,0,20.015625,0,2.08958372892799,1.60926403169585
"1997-01-31",1997-01-31,0.0132708821233411,100647200,0,20.28125,0.0747303543913713,0,20.28125,0,1.19661979969183,1.65563977284694
"1997-02-03",1997-02-03,0.0100154083204931,77328000,0,20.484375,0.083905415713196,0,20.484375,0,1.12277556284256,1.69029204625248
"1997-02-04",1997-02-04,0.0053394355453852,89346400,0,20.59375,0.0887708649468892,0,20.59375,0,1.05798730859429,1.70866782284654
"1997-02-05",1997-02-05,-0.0455235204855842,187991200,-0.0455235204855842,19.65625,0.0453100158982512,18.765625,20.59375,4271,0,1.3725926083317
"1997-02-06",1997-02-06,-0.0262321144674086,180376800,-0.0705614567526556,19.140625,0.0195918367346939,18.765625,20.59375,0,-1.55,1.18089745478309
"1997-02-07",1997-02-07,0.0212244897959184,117951200,-0.050834597875569,19.546875,0.0399680255795364,18.765625,20.59375,0,2.0400346389555,1.33235821622236
"1997-02-10",1997-02-10,-0.0303756994404476,126322400,-0.0796661608497723,18.953125,0.00989282769991751,18.765625,20.59375,0,-1.56716417910448,1.10987979227051
"1997-02-11",1997-02-11,0.000824402308326463,151842400,-0.0789074355083459,18.96875,0.0107084019769358,18.765625,20.59375,0,1.08244096650193,1.11582559022074
"1997-02-12",1997-02-12,0.0329489291598023,112742400,-0.0485584218512898,19.59375,0.0422647527910686,18.765625,20.59375,0,3.94687768371977,1.34962910822255
"1997-02-13",1997-02-13,0.00159489633173844,96499200,-0.047040971168437,19.625,0.0437898089171974,18.765625,20.59375,0,1.03608340343709,1.36112001537674
"1997-02-14",1997-02-14,-0.0159235668789809,69313600,-0.0622154779969649,19.3125,0.0283171521035599,18.765625,20.59375,0,-1.32258064516129,1.24537213572973
"1997-02-18",1997-02-18,0.000809061488673139,60033600,-0.0614567526555385,19.328125,0.0291026677445433,18.765625,20.59375,0,1.02773992377873,1.25120440854508
"1997-02-19",1997-02-19,-0.00485044462409054,55190400,-0.066009104704097,19.234375,0.0243704305442729,18.765625,20.59375,0,-1.07407407407408,1.21613847123704
"1997-02-20",1997-02-20,-0.0259951259138911,128985600,-0.090288315629742,18.734375,0,18.734375,19.65625,4281,-1.36781609195402,1.03239902599902
"1997-02-21",1997-02-21,-0.0233527939949958,127490400,-0.111532625189681,18.296875,0,18.296875,18.734375,4282,-1.23529411764706,0.952163745017117
"1997-02-24",1997-02-24,0.0187873612297182,131964800,-0.0948406676783003,18.640625,0.0184409052808047,18.296875,18.640625,4282,-0.850340136054422,1.08485316520639
"1997-02-25",1997-02-25,-0.00167644593461861,99163200,-0.096358118361153,18.609375,0.0167926112510496,18.296875,18.640625,4284,-1.016,1.07289681445673
"1997-02-26",1997-02-26,-0.0167926112510495,94690400,-0.111532625189681,18.296875,0,18.296875,18.609375,4285,-1.15748031496063,0.952163745017117
"1997-02-27",1997-02-27,-0.0453672006831768,101312000,-0.151839902883156,17.466797,0,17.466797,18.296875,4286,-1.36139450340136,0.799931650007058
"1997-02-28",1997-02-28,0.0153192368354656,149775200,-0.138846737481032,17.734375,0.0150880986784141,17.466797,17.734375,4286,-0.91442851875292,0.905988667650875
"1997-03-03",1997-03-03,0.0281938325991189,82524000,-0.114567526555387,18.234375,0.0420951088260497,0,18.234375,0,2.78995450144248,1.09968591851727
"1997-03-04",1997-03-04,0.00342759211653813,120270400,-0.111532625189681,18.296875,0.0453672006831768,0,18.296875,0,1.07773092761557,1.12350610302161
"1997-03-05",1997-03-05,0.0213492741246798,99617600,-0.0925644916540214,18.6875,0.0653218996655519,0,18.6875,0,1.43984858404047,1.27050944030988
"1997-03-06",1997-03-06,-0.0275919732441472,115592000,-0.117602427921093,18.171875,0.038800509028375,17.466797,18.6875,4291,-1.27049180327869,1.07578072626396
"1997-03-07",1997-03-07,-0.0128976784178848,86213600,-0.128983308042489,17.9375,0.0262412822299651,17.466797,18.6875,0,-1.09677419354839,0.98536398666468
"1997-03-10",1997-03-10,0.00871080139372822,82115200,-0.121396054628225,18.09375,0.0346502521588946,17.466797,18.6875,0,1.32044813417415,1.04577835179005
"1997-03-11",1997-03-11,-0.00604490500863558,80986400,-0.126707132018209,17.984375,0.0287793153779322,17.466797,18.6875,0,-1.04375,1.00354624034306
"1997-03-12",1997-03-12,-0.00781928757602085,98388000,-0.133535660091047,17.84375,0.0211252119089317,17.466797,18.6875,0,-1.05389221556886,0.948848392534062
"1997-03-13",1997-03-13,-0.010507880910683,90898400,-0.142640364188164,17.65625,0.0107300814159292,17.466797,18.6875,0,-1.06818181818182,0.875201625948185
"1997-03-14",1997-03-14,-0.0238938053097345,81598400,-0.163125948406677,17.234375,0,17.234375,18.171875,4297,-1.1436170212766,0.757306634061052
"1997-03-17",1997-03-17,-0.0108794197642792,161466400,-0.172230652503794,17.046875,0,17.046875,17.234375,4298,-1.05581395348837,0.722920085068806
"1997-03-18",1997-03-18,0.00274977085242896,95223200,-0.169954476479514,17.09375,0.00274223034734922,17.046875,17.09375,4298,-0.986784140969163,0.741873548544422
"1997-03-19",1997-03-19,-0.0246800731261426,134926400,-0.190440060698027,16.671875,0,0,17.09375,4300,-1.12053571428571,0.654146987084312
"1997-03-20",1997-03-20,-0.000937207122774133,107778400,-0.191198786039454,16.65625,0,16.65625,16.671875,4301,-1.00398406374502,0.651281441334958
"1997-03-21",1997-03-21,-0.0206378986866792,82396800,-0.207890743550835,16.3125,0,16.3125,16.65625,4302,-1.08730158730159,0.588239434849173
"1997-03-24",1997-03-24,0.000957854406130268,169920800,-0.207132018209408,16.328125,0.000956937799043045,16.3125,16.328125,4302,-0.996350364963504,0.594719133036467
"1997-03-25",1997-03-25,0.0200956937799043,115583200,-0.191198786039454,16.65625,0.0206378986866792,0,16.65625,0,21.5666041275802,0.729226436220761
"1997-03-26",1997-03-26,0.0553470919324578,127732800,-0.146433990895296,17.578125,0.072,0,17.578125,0,3.48872727272727,1.09227746997752
"1997-03-27",1997-03-27,-0.0106666666666667,140616000,-0.155538694992413,17.390625,0.0619946091644205,16.3125,17.578125,4306,-1.06217616580311,1.02010266795867
"1997-03-31",1997-03-31,0,107790400,-0.155538694992413,17.390625,0.0619946091644205,16.3125,17.578125,0,-1,1.02010266795867
"1997-04-01",1997-04-01,0.00134773764600172,90782400,-0.154400582701062,17.414063,0.0632570928450183,16.3125,17.578125,0,1.02036441067399,1.0291692131335
"1997-04-02",1997-04-02,-0.0165994001514752,102557600,-0.168437025796662,17.125,0.0474452554744526,16.3125,17.578125,0,-1.09090926245256,0.916438546915682
"1997-04-03",1997-04-03,0.0264598540145985,102904800,-0.146433990895296,17.578125,0.0257777777777778,17.125,17.578125,4306,-0.86936936936937,0.917705875775107
"1997-04-04",1997-04-04,0.0311111111111111,125324800,-0.119878603945372,18.125,0.0551724137931034,0,18.125,0,2.14030915576694,1.12901732371345
"1997-04-07",1997-04-07,0.000862068965517241,98964000,-0.119119878603945,18.140625,0.0559862187769165,0,18.140625,0,1.01475021533161,1.13495643941604
"1997-04-08",1997-04-08,0.0102282583979328,84747200,-0.110110009104704,18.326172,0.065544075434848,0,18.326172,0,1.17071802430552,1.20508282884811
"1997-04-09",1997-04-09,-0.029734633070125,81705600,-0.136570561456753,17.78125,0.0369068541300527,17.125,18.326172,4314,-1.24031014589134,0.996990146976692
"1997-04-10",1997-04-10,-0.0351493848857645,123181600,-0.166919575113809,17.15625,0.00182149362477235,17.125,18.326172,0,-1.22222222222222,0.749858302942057
"1997-04-11",1997-04-11,-0.0491803278688525,192564000,-0.207890743550835,16.3125,0,16.3125,17.78125,4316,-1.24545454545455,0.588239434849173
"1997-04-14",1997-04-14,0.024904214559387,154790400,-0.188163884673748,16.71875,0.0242990654205607,16.3125,16.71875,4316,-0.905109489051095,0.754516074555606
"1997-04-15",1997-04-15,-0.0205607476635514,199704800,-0.204855842185129,16.375,0.00381679389312972,16.3125,16.71875,4318,-1.08870967741935,0.61411684417349
"1997-04-16",1997-04-16,0.0229007633587786,100414400,-0.186646433990896,16.75,0.0223880597014925,16.375,16.75,4318,5.86567164179111,0.753029700106791
"1997-04-17",1997-04-17,0.0298507462686567,130948000,-0.162367223065251,17.25,0.0507246376811594,0,17.25,0,2.26570048309179,0.951748448531702
"1997-04-18",1997-04-18,-0.00634057971014493,106872000,-0.167678300455235,17.140625,0.0446672743846855,16.375,17.25,4321,-1.03271028037383,0.908812243416134
"1997-04-21",1997-04-21,0.00911577028258888,89620000,-0.160091047040972,17.296875,0.00903342366756998,17.140625,17.296875,4321,-0.95475113122172,0.802886154887269
"1997-04-22",1997-04-22,0.01806684733514,81165600,-0.144916540212443,17.609375,0.0266193433895298,0,17.609375,0,2.94676131322095,0.926615383269548
"1997-04-23",1997-04-23,0.0381543921916593,121205600,-0.112291350531108,18.28125,0.0623931623931624,0,18.28125,0,2.34390313390313,1.1849440272407
"1997-04-24",1997-04-24,-0.000854700854700855,118114400,-0.113050075872535,18.265625,0.0615911035072711,17.140625,18.28125,4325,-1.00675675675676,1.17904927407502
"1997-04-25",1997-04-25,-0.0153977758768178,79637600,-0.12670713201821,17.984375,0.0469157254561251,17.140625,18.28125,0,-1.12080536912752,1.07204363982414
"1997-04-28",1997-04-28,0.0173761946133797,80194400,-0.111532625189682,18.296875,0.0170794192997438,17.984375,18.296875,4325,-0.880239520958084,1.01666911303844
"1997-04-29",1997-04-29,0.0247651579846285,84341600,-0.0895295902883162,18.75,0.0408333333333334,0,18.75,0,2.39079166666668,1.18948346806902
"1997-04-30",1997-04-30,0.0208333333333333,122580000,-0.0705614567526561,19.140625,0.0604081632653061,0,19.140625,0,1.47938359017076,1.33505211999323
"1997-05-01",1997-05-01,0.00408163265306122,96868000,-0.0667678300455241,19.21875,0.0642276422764227,0,19.21875,0,1.06322786200835,1.36380521619178
"1997-05-02",1997-05-02,0.0252032520325203,77264000,-0.0432473444613056,19.703125,0.0872323552735924,0,19.703125,0,1.35817464539897,1.53952108826493
"1997-05-05",1997-05-05,0.0309278350515464,104702400,-0.013657056145676,20.3125,0.114615384615385,0,20.3125,0,1.31390909090909,1.75469730464501
"1997-05-06",1997-05-06,-0.0276923076923077,103409600,-0.0409711684370265,19.75,0.0893987341772152,17.984375,20.3125,4333,-2.99999999999989,1.55629968217085
"1997-05-07",1997-05-07,-0.0134493670886076,81708000,-0.0538694992412754,19.484375,0.0769847634322374,17.984375,20.3125,0,-1.31481481481481,1.46070045258088
"1997-05-08",1997-05-08,0.0184442662389735,99770400,-0.0364188163884681,19.84375,0.0937007874015748,17.984375,20.3125,0,1.21713418635171,1.58974090524265
"1997-05-09",1997-05-09,0.0047244094488189,93159200,-0.0318664643399098,19.9375,0.0979623824451411,17.984375,20.3125,0,1.04548088828008,1.62302932629022
"1997-05-12",1997-05-12,-0.00235109717868339,68047200,-0.0341426403641891,19.890625,0.0958366064414768,17.984375,20.3125,0,-1.07142857142857,1.60640408098232
"1997-05-13",1997-05-13,-0.0424194815396701,153694400,-0.0751138088012149,19.046875,0.0557834290401968,17.984375,20.3125,0,-2.19999999999997,1.30039219877124
"1997-05-14",1997-05-14,0.00246103363412633,192022400,-0.0728376327769356,19.09375,0.0581014729950901,17.984375,20.3125,0,1.04155434677963,1.31774359961963
"1997-05-15",1997-05-15,0.0351882160392799,92104800,-0.0402124430956003,19.765625,0.0901185770750988,17.984375,20.3125,0,1.55105494627846,1.56188392287291
"1997-05-16",1997-05-16,-0.0189723320158103,85354400,-0.058421851289834,19.390625,0.072522159548751,17.984375,20.3125,0,-1.45283018867923,1.42665286349796
"1997-05-19",1997-05-19,-0.0024174053182917,53624000,-0.0606980273141132,19.34375,0.0702746365105008,17.984375,20.3125,0,-1.03896103896104,1.40956780529282
"1997-05-20",1997-05-20,0.0403877221324717,94090400,-0.022761760242793,20.125,0.106366459627329,17.984375,20.3125,0,1.51358249446705,1.68915630404077
"1997-05-21",1997-05-21,0.0093167701863354,105252800,-0.0136570561456761,20.3125,0.0623076923076923,19.046875,20.3125,4333,-0.600000000000016,1.55714217215263
"1997-05-22",1997-05-22,-0.00692307692307692,71460000,-0.0204855842185138,20.171875,0.0557707203718047,19.046875,20.3125,4345,-1.49999999999997,1.50666349476195
"1997-05-23",1997-05-23,0.0112316281951975,43351200,-0.00948404248862,20.398438,0.01110687985031,20.171875,20.398438,4345,-0.462961777777801,1.37952808495159
"1997-05-27",1997-05-27,0.0375335111443337,106044800,0,21.164063,0.0468807903283976,0,21.164063,0,4.22087849695152,1.55045783734973
"1997-05-28",1997-05-28,-0.0129199199605482,110245600,-0.0129199199605482,20.890625,0.0344053851907256,20.171875,21.164063,4348,0,1.45454504530847
"1997-05-29",1997-05-29,-0.0201009783096485,93404800,-0.0327611952393072,20.470703,0.0145978377000536,20.171875,21.164063,0,-2.53571193469817,1.30479979580852
"1997-05-30",1997-05-30,-0.0748974278020643,459014400,-0.105204893786226,18.9375,0,18.9375,20.890625,4350,-3.21126543209877,0.97606225326008
"1997-06-02",1997-06-02,-0.0115511551155116,186443200,-0.115540810854702,18.71875,0,18.71875,18.9375,4351,-1.09824559197292,0.937025672294479
"1997-06-03",1997-06-03,-0.0317195325542571,178820800,-0.143595442897708,18.125,0,18.125,18.71875,4352,-1.2428114519491,0.831069238244989
"1997-06-04",1997-06-04,-0.0172413793103448,173323200,-0.158361038709817,17.8125,0,17.8125,18.125,4353,-1.10282774657847,0.775302694008415
"1997-06-05",1997-06-05,0.00449560701754388,112872000,-0.154577360689202,17.892578,0.00447548698683897,17.8125,17.892578,4353,-0.97610726696768,0.806495820016078
"1997-06-06",1997-06-06,0.019975992280151,85673600,-0.137689204572865,18.25,0.023972602739726,0,18.25,0,5.35642329208465,0.943915325403792
"1997-06-09",1997-06-09,0.0222602739726027,95966400,-0.118493930017124,18.65625,0.0452261306532663,0,18.65625,0,1.88657573582197,1.09668192967247
"1997-06-10",1997-06-10,-0.0272194036850922,109618400,-0.142487999586847,18.148438,0.0185105737474486,17.8125,18.65625,4357,-1.20249197208883,0.905162355111898
"1997-06-11",1997-06-11,0.0159276517350971,104075200,-0.1288298470856,18.4375,0.0338983050847458,17.8125,18.65625,0,1.83129413205888,1.01486253833405
"1997-06-12",1997-06-12,-0.0260593355932203,147144800,-0.151531962459193,17.957031,0.00804871362086534,17.8125,18.65625,0,-1.17621782441851,0.831492971567717
"1997-06-13",1997-06-13,0.00761367511143682,120024800,-0.145072002478919,18.09375,0.0155440414507773,17.8125,18.65625,0,1.93124543659761,0.884199153214831
"1997-06-16",1997-06-16,0.0172711571675302,54288800,-0.13030640666681,18.40625,0.032258064516129,17.8125,18.65625,0,2.07526881720429,1.00309104088527
"1997-06-17",1997-06-17,0.0165535076400678,84719200,-0.115909927125051,18.710938,0.0402923145809151,17.957031,18.710938,4357,1.24906175200837,1.08780718040172
"1997-06-18",1997-06-18,-0.0208768261644606,77522400,-0.134366921890187,18.320313,0.0198294647040145,17.957031,18.710938,4363,-1.15923566878981,0.940815127691537
"1997-06-19",1997-06-19,-0.00085287844154191,67169600,-0.135105201680793,18.304688,0.0189927847991727,17.957031,18.710938,0,-1.00549450549451,0.934866836769544
"1997-06-20",1997-06-20,0.00213398884482496,70870400,-0.133259525829232,18.34375,0.0210817853492333,17.957031,18.710938,0,1.10998916547255,0.949727280492895
"1997-06-23",1997-06-23,-0.0106473321976151,55217600,-0.142487999586847,18.148438,0.0105467478799001,17.957031,18.710938,0,-1.06925188799967,0.875084662807004
"1997-06-24",1997-06-24,0.0193714742833516,59868800,-0.125876727923178,18.5,0.0293496756756756,17.957031,18.710938,0,2.78281760499936,1.00883663231022
"1997-06-25",1997-06-25,-0.00886821621621628,71621600,-0.133628642099582,18.335938,0.0206647186525172,17.957031,18.710938,0,-1.06158337847116,0.946758033076889
"1997-06-26",1997-06-26,-0.020451639834297,89320800,-0.151347357074112,17.960938,0.000217527614648994,17.957031,18.710938,0,-1.13259668508287,0.802613447714207
"1997-06-27",1997-06-27,-0.0100043772769551,83198400,-0.159837598291027,17.78125,0,17.78125,18.5,4370,-1.05609771707317,0.769726039584758
"1997-06-30",1997-06-30,-0.00307554305799656,73996800,-0.162421553933193,17.726563,0,17.726563,17.78125,4371,-1.01616613155974,0.759966983569828
"1997-07-01",1997-07-01,-0.019391802009222,120094400,-0.178663709326512,17.382813,0,17.382813,17.726563,4372,-1.1,0.698623784909597
"1997-07-02",1997-07-02,0.0283145771630864,126900000,-0.155407919547395,17.875,0.0275349370629371,17.382813,17.875,4372,-0.869834842975206,0.890449658466453
"1997-07-03",1997-07-03,0.013548979020979,69645600,-0.143964559168058,18.117188,0.0405347121197838,0,18.117188,0,1.47211929437619,0.982766230782804
"1997-07-07",1997-07-07,0.0168175657281914,81052800,-0.129568126876205,18.421875,0.0564037048346057,0,18.421875,0,1.3914914374605,1.09707236403679
"1997-07-08",1997-07-08,0.0152671755725191,88640800,-0.116279090645307,18.703125,0.0705931228070176,0,18.703125,0,1.25156889984479,1.20085269578777
"1997-07-09",1997-07-09,0.0200501253132832,134427200,-0.0985603756707772,19.078125,0.0888615626535627,0,19.078125,0,1.2587849796146,1.33676859696883
"1997-07-10",1997-07-10,-0.0163800163800164,104671200,-0.113325971482886,18.765625,0.0736885661948377,17.382813,19.078125,4378,-1.14981269817224,1.22369684209368
"1997-07-11",1997-07-11,0.0245628909242297,88641600,-0.0915466940350724,19.226563,0.0239740196934833,18.765625,19.226563,4378,-0.807817421171612,1.11819121690534
"1997-07-14",1997-07-14,0.0239739676821074,91014800,-0.0697674638371657,19.6875,0.0468253968253968,0,19.6875,0,1.95317253527263,1.28675161701616
"1997-07-15",1997-07-15,0.0273809777777777,137650400,-0.0442967874363253,20.226563,0.0722286826486536,0,20.226563,0,1.54251084978481,1.4788918530731
"1997-07-16",1997-07-16,0.0923136076059982,188827600,0,22.09375,0.150636492220651,0,22.09375,0,2.08554948943761,1.94232126182639
"1997-07-17",1997-07-17,-0.00636492220650637,102946400,-0.00636492220650631,21.953125,0.145195729537367,18.765625,22.09375,4383,0,1.89773367748322
"1997-07-18",1997-07-18,-0.0156583629893238,89768400,-0.021923620933522,21.609375,0.131597975415763,18.765625,22.09375,0,-3.44444444444448,1.78761589840716
"1997-07-21",1997-07-21,-0.00867678958785249,57112400,-0.0304101838755305,21.421875,0.12399708242159,18.765625,22.09375,0,-1.38709677419355,1.726856967001
"1997-07-22",1997-07-22,0.0357403355215171,63344000,0,22.1875,0.0345070422535211,21.421875,22.1875,4383,0,1.50372479804874
"1997-07-23",1997-07-23,0.00633802816901408,66578000,0,22.328125,0.0405878236529041,0,22.328125,0,1.17621856300253,1.52669062815927
"1997-07-24",1997-07-24,0.00489853044086774,48846000,0,22.4375,0.0452646239554317,0,22.4375,0,1.11522668331572,1.54435391748909
"1997-07-25",1997-07-25,-0.00626740947075209,49560000,-0.00626740947075199,22.296875,0.0392431674842326,21.421875,22.4375,4389,0,1.49794146011929
"1997-07-28",1997-07-28,-0.00700770847932726,31066400,-0.0132311977715878,22.140625,0.0324629498941426,21.421875,22.4375,0,-2.11111111111115,1.44603324576363
"1997-07-29",1997-07-29,-0.00494001411432604,38321200,-0.0181058495821728,22.03125,0.0276595744680851,21.421875,22.4375,0,-1.36842105263158,1.40948137607393
"1997-07-30",1997-07-30,0.0141843971631206,42040800,-0.00417827298050144,22.34375,0.0412587412587413,21.421875,22.4375,0,1.49166218396988,1.51344408591718
"1997-07-31",1997-07-31,0.0272727272727273,71150800,0,22.953125,0.0401633764465623,22.03125,22.953125,4389,0,1.52508758049294
"1997-08-01",1997-08-01,0.0197413206262764,87386800,0,23.40625,0.0587449933244326,0,23.40625,0,1.46265076599308,1.59526643225028
"1997-08-04",1997-08-04,0.0333778371161549,69578400,0,24.1875,0.0891472868217055,0,24.1875,0,1.51752995066949,1.71008948895475
"1997-08-05",1997-08-05,0.0303617571059432,86284400,0,24.921875,0.115987460815047,0,24.921875,0,1.30107673436009,1.81145917083982
"1997-08-06",1997-08-06,0.00376175548589342,74238000,0,25.015625,0.119300437226733,0,25.015625,0,1.02856322906292,1.82397158469484
"1997-08-07",1997-08-07,0,62813600,0,25.015625,0.119300437226733,0,25.015625,0,0,1.82397158469484
"1997-08-08",1997-08-08,-0.0224859462835728,83373600,-0.0224859462835729,24.453125,0.0990415335463258,22.03125,25.015625,4399,0,1.66253329282129
"1997-08-11",1997-08-11,-0.0172523961661342,73399600,-0.0393504059962525,24.03125,0.0832249674902471,22.03125,25.015625,0,-1.75,1.53910394446167
"1997-08-12",1997-08-12,-0.00845253576072822,47946800,-0.0474703310430982,23.828125,0.0754098360655737,22.03125,25.015625,0,-1.2063492063492,1.47892059372262
"1997-08-13",1997-08-13,0.0111475409836066,63879200,-0.0368519675203,24.09375,0.085603112840467,22.03125,25.015625,0,1.13517171375402,1.55752177406545
"1997-08-14",1997-08-14,-0.00518806744487678,48156400,-0.0418488444722048,23.96875,0.0808344198174706,22.03125,25.015625,0,-1.13559322033898,1.5206392738988
"1997-08-15",1997-08-15,-0.0391134289439374,66631600,-0.0793254216114928,23.03125,0.0434192672998643,22.03125,25.015625,0,-1.8955223880597,1.23778899084827
"1997-08-18",1997-08-18,0.0264586160108548,80085600,-0.0549656464709556,23.640625,0.0680766688697951,22.03125,25.015625,0,1.56789077990747,1.4229165392493
"1997-08-19",1997-08-19,0.0353602326503635,68073600,-0.0215490118675827,24.476563,0.0999042635193511,22.03125,25.015625,0,1.46752573499785,1.66933024602508
"1997-08-20",1997-08-20,0.0264921590502719,62654800,0,25.125,0.0833333333333334,23.03125,25.125,4399,0,1.68813141164284
"1997-08-21",1997-08-21,-0.0211442786069652,62813200,-0.0211442786069653,24.59375,0.0635324015247777,23.03125,25.125,4408,0,1.53348997915554
"1997-08-22",1997-08-22,-0.0222363405336722,120192400,-0.0429104477611941,24.046875,0.0422352176738142,23.03125,25.125,0,-2.02941176470587,1.37084876840467
"1997-08-25",1997-08-25,-0.0207927225471085,65676400,-0.0628109452736318,23.546875,0.0218978102189781,23.03125,25.125,0,-1.46376811594203,1.21887867956448
"1997-08-26",1997-08-26,-0.0159256801592568,46042800,-0.0777363184079601,23.171875,0.00606877950101148,23.03125,25.125,0,-1.23762376237624,1.10272577623957
"1997-08-27",1997-08-27,0.0148347943358058,44534400,-0.0640547263681592,23.515625,0.0205980066445183,23.03125,25.125,0,3.39409376153561,1.20927209620898
"1997-08-28",1997-08-28,-0.0179401993355482,58621600,-0.0808457711442787,23.09375,0.00270635994587276,23.03125,25.125,0,-1.2621359223301,1.07828287823345
"1997-08-29",1997-08-29,-0.0027063599458728,38895600,-0.0833333333333333,23.03125,0,23.03125,24.59375,4414,-1.03076923076923,1.05866652870144
"1997-09-02",1997-09-02,0.0318860244233379,50916400,-0.0541044776119401,23.765625,0.0309007232084155,23.03125,23.765625,4414,-0.649253731343282,1.28576327887564
"1997-09-03",1997-09-03,-0.0131492439184747,46066400,-0.0665422885572138,23.453125,0.0179880079946703,23.03125,23.765625,4416,-1.22988505747126,1.1900196829885
"1997-09-04",1997-09-04,0.00866089273817455,46934400,-0.058457711442786,23.65625,0.0264200792602378,23.03125,23.765625,0,1.4687607025784,1.25239958382309
"1997-09-05",1997-09-05,-0.000660501981505945,39409200,-0.0590796019900496,23.640625,0.0257766027759418,23.03125,23.765625,0,-1.01063829787234,1.2476205591607
"1997-09-08",1997-09-08,0.0145406477197621,40360400,-0.0453980099502487,23.984375,0.0221498371335505,23.453125,23.984375,4416,-0.76842105263158,1.28559551988815
"1997-09-09",1997-09-09,0.0188925081433225,56717600,-0.0273631840796019,24.4375,0.0402813299232737,0,24.4375,0,1.81858357153604,1.42218808513998
"1997-09-10",1997-09-10,-0.0230179028132992,55259200,-0.0497512437810944,23.875,0.0176701570680629,23.453125,24.4375,4421,-1.81818181818182,1.25223546521743
"1997-09-11",1997-09-11,-0.00261780104712042,51296000,-0.0522388059701492,23.8125,0.0150918635170604,23.453125,24.4375,0,-1.05,1.23310279547495
"1997-09-12",1997-09-12,-0.010498687664042,42529600,-0.0621890547263682,23.5625,0.00464190981432355,23.453125,24.4375,0,-1.19047619047619,1.1560555291581
"1997-09-15",1997-09-15,-0.023209549071618,33224000,-0.0839552238805968,23.015625,0,23.015625,23.875,4424,-1.35,1.05631777913822
"1997-09-16",1997-09-16,0.0407331975560081,59700400,-0.0466417910447759,23.953125,0.0391389432485323,23.015625,23.953125,4424,-0.555555555555555,1.3450622949134
"1997-09-17",1997-09-17,-0.00163076842791917,70784000,-0.0481964975124377,23.914063,0.037569441880286,23.015625,23.953125,4426,-1.03333290666667,1.33326282019511
"1997-09-18",1997-09-18,-0.00686052386831961,37023200,-0.054726368159204,23.75,0.030921052631579,23.015625,23.953125,0,-1.13548433981289,1.28349130926026
"1997-09-19",1997-09-19,0.00460526315789474,45282400,-0.050373134328358,23.859375,0.0353634577603144,23.015625,23.953125,0,1.14366927224846,1.31671058434879
"1997-09-22",1997-09-22,0.00982318271119843,43994000,-0.0410447761194026,24.09375,0.0142671854734111,23.75,24.09375,4426,-0.814814814814811,1.27226565240355
"1997-09-23",1997-09-23,0.0285343709468223,57432000,-0.0136815920398009,24.78125,0.0416141235813366,0,24.78125,0,2.91677175283733,1.47889425635444
"1997-09-24",1997-09-24,-0.0353089533417402,60664800,-0.048507462686567,23.90625,0.00653594771241828,23.75,24.78125,4431,-3.54545454545456,1.21488140161168
"1997-09-25",1997-09-25,-0.0261437908496732,54458400,-0.0733830845771143,23.28125,0,23.28125,23.90625,4432,-1.51282051282051,1.09624652171286
"1997-09-26",1997-09-26,-0.000671140939597315,52354800,-0.0740049751243781,23.265625,0,23.265625,23.28125,4433,-1.00847457627119,1.09389777214965
"1997-09-29",1997-09-29,0.0248488918737408,27963200,-0.0509950248756216,23.84375,0.0242463958060288,23.265625,23.84375,4433,-0.689075630252097,1.27237503417533
"1997-09-30",1997-09-30,-0.0321100917431193,62021200,-0.0814676616915421,23.078125,0,0,23.84375,4435,-1.59756097560976,1.06571277739108
"1997-10-01",1997-10-01,0.010155721056195,74075600,-0.0721393034825869,23.3125,0.010053619302949,23.078125,23.3125,4435,-0.885496183206107,1.1389144226253
"1997-10-02",1997-10-02,-0.00134048257372654,28330400,-0.0733830845771143,23.28125,0.00872483221476505,23.078125,23.3125,4437,-1.01724137931035,1.12919837464537
"1997-10-03",1997-10-03,0.00201342281879195,43604000,-0.0715174129353233,23.328125,0.00200937709310112,23.28125,23.328125,4437,-0.974576271186442,1.11088176430267
"1997-10-06",1997-10-06,0.00200937709310114,39713600,-0.0696517412935321,23.375,0.00401069518716579,0,23.375,0,1.99598930481286,1.12548656975117
"1997-10-07",1997-10-07,0.018716577540107,42537600,-0.052238805970149,23.8125,0.0223097112860893,0,23.8125,0,5.5625546806649,1.26036308568107
"1997-10-08",1997-10-08,-0.00721784776902887,48621600,-0.0590796019900496,23.640625,0.0152015862524785,23.28125,23.8125,4441,-1.13095238095238,1.20768094993243
"1997-10-09",1997-10-09,0.00132187706543291,42205600,-0.0578358208955222,23.671875,0.0165016501650165,23.28125,23.8125,0,1.08552159563783,1.21728851652999
"1997-10-10",1997-10-10,-0.0178217821782178,39668000,-0.0746268656716417,23.25,0,23.25,23.671875,4443,-1.29032258064516,1.09154902258643
"1997-10-13",1997-10-13,-0.00470430107526882,46409600,-0.0789800995024875,23.140625,0,23.140625,23.25,4444,-1.05833333333333,1.07510777564394
"1997-10-14",1997-10-14,-0.00810263335584065,87709200,-0.0864427860696516,22.953125,0,22.953125,23.140625,4445,-1.09448818897638,1.04692278088537
"1997-10-15",1997-10-15,-0.0558202859087815,265154400,-0.137437810945274,21.671875,0,21.671875,22.953125,4446,-1.58992805755396,0.854325316701802
"1997-10-16",1997-10-16,-0.0151405912040375,90182000,-0.150497512437811,21.34375,0,21.34375,21.671875,4447,-1.09502262443439,0.805001575874304
"1997-10-17",1997-10-17,-0.0278184480234261,98338400,-0.174129353233831,20.75,0,20.75,21.34375,4448,-1.15702479338843,0.715749092472164
"1997-10-20",1997-10-20,0.0128012048192771,74026800,-0.163557213930348,21.015625,0.0126394052044609,20.75,21.015625,4448,-0.939285714285714,0.803414205351655
"1997-10-21",1997-10-21,0.012639405204461,60264800,-0.152985074626866,21.28125,0.0249632892804699,0,21.28125,0,1.97503671071953,0.889887661410027
"1997-10-22",1997-10-22,-0.0139500734214391,50656400,-0.164800995024875,20.984375,0.0111690245718541,20.75,21.28125,4451,-1.07723577235772,0.793163388388528
"1997-10-23",1997-10-23,-0.0245718540580789,93489600,-0.185323383084577,20.46875,0,20.46875,20.984375,4452,-1.12452830188679,0.673471600334309
"1997-10-24",1997-10-24,-0.0229007633587786,122778800,-0.203980099502487,20,0,20,20.46875,4453,-1.1006711409396,0.603009113437883
"1997-10-27",1997-10-27,-0.065625,105164000,-0.256218905472637,18.6875,0,18.6875,20,4454,-1.25609756097561,0.405714150127891
"1997-10-28",1997-10-28,0.137123745819398,207800400,-0.154228855721393,21.25,0.120588235294118,18.6875,21.25,4454,-0.601941747572815,1.24634543497615
"1997-10-29",1997-10-29,-0.0558823529411765,131943200,-0.201492537313433,20.0625,0.0685358255451713,18.6875,21.25,4456,-1.30645161290323,0.871249484115242
"1997-10-30",1997-10-30,-0.0560747663551402,106263200,-0.246268656716418,18.9375,0.0132013201320133,18.6875,21.25,0,-1.22222222222222,0.493152747728736
"1997-10-31",1997-10-31,0.0165016501650165,87862000,-0.233830845771144,19.25,0.0292207792207793,18.6875,21.25,0,2.21347402597402,0.600629860633588
"1997-11-03",1997-11-03,0.0194805194805195,66579600,-0.218905472636816,19.625,0.0477707006369427,18.6875,21.25,0,1.6348195329087,0.727058994827514
"1997-11-04",1997-11-04,-0.0326433121019108,99530800,-0.244402985074627,18.984375,0.0156378600823045,18.6875,21.25,0,-1.11647727272727,0.509401294425932
"1997-11-05",1997-11-05,-0.0172839506172839,101704800,-0.257462686567164,18.65625,0,18.65625,20.0625,4461,-1.05343511450382,0.401016651001462
"1997-11-06",1997-11-06,-0.0150753768844221,91430800,-0.26865671641791,18.375,0,18.375,18.65625,4462,-1.04347826086957,0.358739158863607
"1997-11-07",1997-11-07,0.0535714285714286,159223600,-0.229477611940298,19.359375,0.0508474576271186,18.375,19.359375,4462,-0.854166666666667,0.698750515124834
"1997-11-10",1997-11-10,-0.029862792574657,79038800,-0.252487562189055,18.78125,0.021630615640599,18.375,19.359375,4464,-1.10027100271003,0.501500925160137
"1997-11-11",1997-11-11,0.0149750415973378,41917600,-0.241293532338308,19.0625,0.0360655737704918,18.375,19.359375,0,1.66733921815889,0.598296212674975
"1997-11-12",1997-11-12,-0.0172131147540984,80271200,-0.254353233830846,18.734375,0.0191826522101751,18.375,19.359375,0,-1.05412371134021,0.485209234385435
"1997-11-13",1997-11-13,0.0400333611342786,71534400,-0.224502487562189,19.484375,0.0384923817161187,18.734375,19.484375,4464,2.00662459467941,0.670877993158249
"1997-11-14",1997-11-14,0.0104250200481155,51246800,-0.216417910447761,19.6875,0.0484126984126985,0,19.6875,0,1.25772156084656,0.738878683408959
"1997-11-17",1997-11-17,0.0214285714285714,56116800,-0.199626865671642,20.109375,0.0683760683760684,0,20.109375,0,1.41235813366961,0.877692363638393
"1997-11-18",1997-11-18,-0.020979020979021,44351600,-0.216417910447761,19.6875,0.0484126984126985,18.734375,20.109375,4470,-1.08411214953271,0.738878683408959
"1997-11-19",1997-11-19,0.00396825396825397,43050000,-0.213308457711443,19.765625,0.0521739130434783,18.734375,20.109375,0,1.07769066286529,0.764827746388718
"1997-11-20",1997-11-20,0.0229249011857708,53910800,-0.195273631840796,20.21875,0.0262751159196291,19.6875,20.21875,4470,-0.915451895043731,0.735127183922608
"1997-11-21",1997-11-21,-0.00772797527047913,57960800,-0.201492537313433,20.0625,0.0186915887850467,19.6875,20.21875,4473,-1.03184713375796,0.68299830417015
"1997-11-24",1997-11-24,-0.0264797507788162,56716000,-0.222636815920398,19.53125,0,19.53125,20.0625,4474,-1.10493827160494,0.532546626541458
"1997-11-25",1997-11-25,-0.0216,70640800,-0.239427860696517,19.109375,0,19.109375,19.53125,4475,-1.07541899441341,0.469130388334675
"1997-11-26",1997-11-26,0.00245298446443173,33229600,-0.237562189054726,19.15625,0.0024469820554649,19.109375,19.15625,4475,-0.992207792207793,0.485418372662935
"1997-11-28",1997-11-28,0.0130505709624796,13943200,-0.227611940298507,19.40625,0.0152979066022544,0,19.40625,0,6.25174449812137,0.571533599967563
"1997-12-01",1997-12-01,0.0499194847020934,69122000,-0.189054726368159,20.375,0.0621165644171779,0,20.375,0,4.06046173716501,0.89398027865251
"1997-12-02",1997-12-02,-0.0421779141104294,68329600,-0.223258706467662,19.515625,0.0208166533226581,19.109375,20.375,4479,-1.18092105263158,0.608817990460116
"1997-12-03",1997-12-03,0.0056044835868695,55119600,-0.218905472636816,19.625,0.0262738853503185,19.109375,20.375,0,1.26215703086722,0.645870052919467
"1997-12-04",1997-12-04,-0.0230891719745223,82224000,-0.236940298507463,19.171875,0.00325998370008151,19.109375,20.375,0,-1.08238636363636,0.490837658136507
"1997-12-05",1997-12-05,0.0114099429502852,53776400,-0.228233830845771,19.390625,0.0145044319097501,19.109375,20.375,0,4.44923448831584,0.566188063677744
"1997-12-08",1997-12-08,0.0112812248186946,40209600,-0.21952736318408,19.609375,0.0254980079681275,19.109375,20.375,0,1.75794599380258,0.640590977962907
"1997-12-09",1997-12-09,-0.0358565737051793,64254800,-0.247512437810945,18.90625,0,18.90625,19.625,4484,-1.12747875354108,0.43859664401289
"1997-12-10",1997-12-10,-0.012396694214876,81685200,-0.2568407960199,18.671875,0,18.671875,18.90625,4485,-1.03768844221106,0.403365400564677
"1997-12-11",1997-12-11,-0.0384937238493724,90031600,-0.28544776119403,17.953125,0,17.953125,18.671875,4486,-1.11138014527845,0.295322920656825
"1997-12-12",1997-12-12,-0.0182767624020888,78581200,-0.298507462686567,17.625,0,17.625,17.953125,4487,-1.04575163398693,0.245999179829327
"1997-12-15",1997-12-15,0.0230496453900709,108536400,-0.282338308457711,18.03125,0.0225303292894281,17.625,18.03125,4487,-0.945833333333333,0.392158975005702
"1997-12-16",1997-12-16,-0.012998266897747,61343200,-0.291666666666667,17.796875,0.00965759438103597,17.625,18.03125,4489,-1.03303964757709,0.308310124124009
"1997-12-17",1997-12-17,-0.0237050043898156,77272800,-0.308457711442786,17.375,0,17.375,17.796875,4490,-1.05756929637527,0.208419186817899
"1997-12-18",1997-12-18,-0.00539568345323741,93845600,-0.312189054726368,17.28125,0,17.28125,17.375,4491,-1.01209677419355,0.194326689438615
"1997-12-19",1997-12-19,0.0126582278481013,109067600,-0.303482587064676,17.5,0.0125,17.28125,17.5,4491,-0.97211155378486,0.274419049544219
"1997-12-22",1997-12-22,0.0205357142857143,75592000,-0.289179104477612,17.859375,0.0323709536307961,0,17.859375,0,2.5896762904637,0.403488694505004
"1997-12-23",1997-12-23,-0.0174978127734033,44389200,-0.301616915422885,17.546875,0.0151380231522708,17.28125,17.859375,4494,-1.04301075268817,0.291428555842306
"1997-12-24",1997-12-24,0.000890471950133571,22021600,-0.300995024875622,17.5625,0.0160142348754448,17.28125,17.859375,0,1.05788151559556,0.297086572464078
"1997-12-26",1997-12-26,0.00889679715302491,14815600,-0.294776119402985,17.71875,0.0246913580246914,17.28125,17.859375,0,1.54183813443073,0.353345733940672
"1997-12-29",1997-12-29,-0.000881834215167548,40644000,-0.295398009950249,17.703125,0.0238305383936452,17.28125,17.859375,0,-1.00210970464135,0.347745850007717
"1997-12-30",1997-12-30,0.0123565754633716,41157200,-0.286691542288557,17.921875,0.020924149956408,17.546875,17.921875,4494,-0.970526315789474,0.369651527148149
"1997-12-31",1997-12-31,-0.020052310374891,42123600,-0.300995024875622,17.5625,0.000889679715302516,17.546875,17.921875,4499,-1.04989154013015,0.23996431440356
"1998-01-02",1998-01-02,0.0338078291814947,40927200,-0.277363184079602,18.15625,0.0327022375215146,17.5625,18.15625,4499,36.7573149741814,0.449366125659023
"1998-01-05",1998-01-05,0.0258175559380379,78368400,-0.258706467661691,18.625,0.0570469798657718,0,18.625,0,1.74443659484281,0.611773574895247
"1998-01-06",1998-01-06,-0.0184563758389262,48313600,-0.272388059701492,18.28125,0.0393162393162393,17.5625,18.625,4502,-1.05288461538462,0.493135813357679
"1998-01-07",1998-01-07,-0.00512820512820513,55380800,-0.276119402985074,18.1875,0.0343642611683849,17.5625,18.625,0,-1.01369863013699,0.460340737907389
"1998-01-08",1998-01-08,0.0214776632302405,75730400,-0.260572139303482,18.578125,0.054667788057191,17.5625,18.625,0,1.59083263246426,0.595741620045903
"1998-01-09",1998-01-09,-0.0328006728343146,88028800,-0.284825870646766,17.96875,0.0226086956521739,17.5625,18.625,0,-1.09307875894988,0.38305994999296
"1998-01-12",1998-01-12,0.0521739130434783,123747600,-0.247512437810945,18.90625,0.0495867768595041,17.96875,18.90625,4502,2.19326128417037,0.625875452160745
"1998-01-13",1998-01-13,0.0173553719008264,97348000,-0.234452736318408,19.234375,0.065800162469537,0,19.234375,0,1.32696994313566,0.736433734238863
"1998-01-14",1998-01-14,-0.0194963444354184,123962000,-0.249378109452736,18.859375,0.0472245236122618,17.96875,19.234375,4508,-1.06366047745358,0.609907470688583
"1998-01-15",1998-01-15,-0.00165700082850041,53458400,-0.250621890547264,18.828125,0.0456431535269709,17.96875,19.234375,0,-1.00498753117207,0.599237469948406
"1998-01-16",1998-01-16,-0.00663900414937759,59281200,-0.255597014925373,18.703125,0.039264828738513,17.96875,19.234375,0,-1.01985111662531,0.556357884644719
"1998-01-20",1998-01-20,0.0192147034252297,49972000,-0.241293532338308,19.0625,0.0573770491803278,17.96875,19.234375,0,1.46128357167771,0.678785164919941
"1998-01-21",1998-01-21,0.00573770491803279,69415200,-0.236940298507463,19.171875,0.0627546862265689,17.96875,19.234375,0,1.09372453137734,0.715536613905321
"1998-01-22",1998-01-22,-0.00244498777506112,49898000,-0.238805970149254,19.125,0.0604575163398693,17.96875,19.234375,0,-1.00787401574803,0.699814438572711
"1998-01-23",1998-01-23,0.00898692810457516,56184800,-0.231965174129353,19.296875,0.0307692307692308,18.703125,19.296875,4508,-0.971354166666667,0.61352428455935
"1998-01-26",1998-01-26,0.00647773279352227,44695200,-0.226990049751244,19.421875,0.0370072405470635,0,19.421875,0,1.20273531777956,0.655873929632608
"1998-01-27",1998-01-27,0.0193081255028158,58713200,-0.212064676616915,19.796875,0.0552486187845304,0,19.796875,0,1.49291376411242,0.78113776125137
"1998-01-28",1998-01-28,0.021310181531176,67063600,-0.195273631840796,20.21875,0.0749613601236476,0,20.21875,0,1.35680061823802,0.919004869975043
"1998-01-29",1998-01-29,0.0139103554868624,72366400,-0.18407960199005,20.5,0.0876524390243902,0,20.5,0,1.16930160925321,1.00921389308083
"1998-01-30",1998-01-30,-0.0121951219512195,45384000,-0.194029850746269,20.25,0.0763888888888888,18.703125,20.5,4519,-1.05405405405405,0.92909384446412
"1998-02-02",1998-02-02,0.025462962962963,62426000,-0.173507462686567,20.765625,0.0248306997742663,20.25,20.765625,4519,-0.894230769230768,0.811878163195949
"1998-02-03",1998-02-03,0.0391271632806622,99884400,-0.141169154228855,21.578125,0.0615496017378712,0,21.578125,0,2.47877032453427,1.07269269644063
"1998-02-04",1998-02-04,0.0144822592324403,75391600,-0.128731343283582,21.890625,0.0749464668094219,0,21.890625,0,1.21765965486837,1.17026482432919
"1998-02-05",1998-02-05,-0.0121341898643826,97320800,-0.139303482587064,21.625,0.0635838150289018,20.25,21.890625,4523,-1.08212560386473,1.08742174011697
"1998-02-06",1998-02-06,0.012102612716763,52042800,-0.128886805970149,21.886719,0.0747813776930201,20.25,21.890625,0,1.17610712189932,1.16905416771039
"1998-02-09",1998-02-09,-0.0198108268306455,45804400,-0.146144278606965,21.453125,0.0560815731973781,20.25,21.890625,0,-1.13389634809333,1.03325110826395
"1998-02-10",1998-02-10,0.00509832483612527,59575200,-0.141791044776119,21.5625,0.0608695652173913,20.25,21.890625,0,1.08537549407114,1.06777559222486
"1998-02-11",1998-02-11,-0.013768115942029,64918000,-0.153606965174129,21.265625,0.0477590007347538,20.25,21.890625,0,-1.08333333333333,0.973633510899635
"1998-02-12",1998-02-12,-0.000734753857457752,70388800,-0.154228855721393,21.25,0.0470588235294118,20.25,21.890625,0,-1.00404858299595,0.968640339560827
"1998-02-13",1998-02-13,-0.0139705882352941,39093600,-0.166044776119403,20.953125,0.0335570469798657,20.25,21.890625,0,-1.07661290322581,0.873020732688191
"1998-02-17",1998-02-17,0.00969425801640567,41481600,-0.157960199004975,21.15625,0.0428360413589365,20.25,21.890625,0,1.27651403249631,0.938599283673791
"1998-02-18",1998-02-18,0.0273264401772526,65802800,-0.134950248756218,21.734375,0.0682961897915169,20.25,21.890625,0,1.59436277547782,1.12166063362943
"1998-02-19",1998-02-19,0.0416966211358735,136295200,-0.0988805970149249,22.640625,0.0745341614906833,20.953125,22.640625,4523,1.09133703824779,1.28144761304829
"1998-02-20",1998-02-20,0.0138026224982747,98482000,-0.0864427860696514,22.953125,0.0871341048332199,0,22.953125,0,1.1690492398457,1.37600993547965
"1998-02-23",1998-02-23,0.0258679373723622,68921200,-0.0628109452736314,23.546875,0.110152621101526,0,23.546875,0,1.26417344061048,1.55219850477167
"1998-02-24",1998-02-24,-0.0192435301924353,75785200,-0.0808457711442782,23.09375,0.0926928281461434,20.953125,23.546875,4535,-1.28712871287129,1.41814280826541
"1998-02-25",1998-02-25,0.0175913396481732,49980000,-0.0646766169154223,23.5,0.108377659574468,20.953125,23.546875,0,1.16921299891287,1.5384486003829
"1998-02-26",1998-02-26,-0.0179521276595745,55918800,-0.0814676616915417,23.078125,0.0920785375761679,20.953125,23.546875,0,-1.25961538461539,1.41347401265187
"1998-02-27",1998-02-27,-0.028436018957346,73563600,-0.107587064676616,22.421875,0.0655052264808362,20.953125,23.546875,0,-1.3206106870229,1.21446473404894
"1998-03-02",1998-03-02,-0.0229965156794425,71733600,-0.128109452736318,21.90625,0.043509272467903,20.953125,23.546875,0,-1.19075144508671,1.05388191475526
"1998-03-03",1998-03-03,-0.0263908701854494,116639200,-0.151119402985074,21.328125,0.0175824175824176,20.953125,23.546875,0,-1.17961165048544,0.869057912863151
"1998-03-04",1998-03-04,0.0131868131868132,54200000,-0.139925373134328,21.609375,0.0303687635574837,20.953125,23.546875,0,1.72722342733188,0.959626739635667
"1998-03-05",1998-03-05,-0.125813449023861,369330400,-0.248134328358208,18.890625,0,18.890625,23.5,4542,-1.77333333333334,0.436247894449677
"1998-03-06",1998-03-06,0.0339123242349049,128355600,-0.222636815920397,19.53125,0.0328000000000001,18.890625,19.53125,4542,-0.897243107769423,0.656425315504328
"1998-03-09",1998-03-09,-0.0392,107076800,-0.253109452736318,18.765625,0,0,19.53125,4544,-1.13687150837989,0.417457897943964
"1998-03-10",1998-03-10,0.00582847626977519,68406000,-0.248756218905472,18.875,0.00579470198675491,18.765625,18.875,4544,-0.982800982800983,0.455784513333101
"1998-03-11",1998-03-11,0.00496688741721854,56479200,-0.24502487562189,18.96875,0.0107084019769358,0,18.96875,0,1.84796422687694,0.488435020247157
"1998-03-12",1998-03-12,0.00658978583196046,39483600,-0.240049751243781,19.09375,0.0171849427168577,0,19.09375,0,1.60480926602039,0.531685546505191
"1998-03-13",1998-03-13,0.00327332242225859,33584400,-0.237562189054726,19.15625,0.0203915171288744,0,19.15625,0,1.18659209197545,0.553191100679466
"1998-03-16",1998-03-16,0.0138662316476346,36159600,-0.226990049751243,19.421875,0.0337892196299276,0,19.421875,0,1.65702333065165,0.643720142673162
"1998-03-17",1998-03-17,-0.0120675784392599,55440400,-0.236318407960199,19.1875,0.0219869706840391,18.765625,19.421875,4550,-1.04109589041096,0.563914291717935
"1998-03-18",1998-03-18,0.00325732899022801,32528000,-0.233830845771144,19.25,0.0251623376623377,18.765625,19.421875,0,1.14442039442039,0.585301981990536
"1998-03-19",1998-03-19,0.00405844155844156,34558000,-0.230721393034825,19.328125,0.0291026677445433,18.765625,19.421875,0,1.15659634391217,0.611927526290283
"1998-03-20",1998-03-20,-0.0202101859337106,64090800,-0.246268656716418,18.9375,0.00907590759075905,18.765625,19.421875,0,-1.06738544474394,0.477571933794544
"1998-03-23",1998-03-23,-0.00907590759075908,73635600,-0.253109452736318,18.765625,0,18.765625,19.328125,4554,-1.02777777777778,0.417457897943964
"1998-03-24",1998-03-24,-0.00832639467110741,62888800,-0.259328358208955,18.609375,0,18.609375,18.765625,4555,-1.02457002457002,0.393970402311822
"1998-03-25",1998-03-25,0.0218303946263644,66587600,-0.243159203980099,19.015625,0.0213640098603123,18.609375,19.015625,4555,-0.937649880095923,0.535725254750674
"1998-03-26",1998-03-26,0.0279375513557929,55606400,-0.222014925373134,19.546875,0.0479616306954437,0,19.546875,0,2.24497325216749,0.716036349612991
"1998-03-27",1998-03-27,0.008792965627498,72785200,-0.215174129353233,19.71875,0.0562599049128367,0,19.71875,0,1.17301901743264,0.773213428061549
"1998-03-30",1998-03-30,-0.0190174326465927,44500400,-0.230099502487562,19.34375,0.0379644588045234,18.609375,19.71875,4559,-1.06936416184971,0.647745393486827
"1998-03-31",1998-03-31,0.00888529886914378,57452000,-0.223258706467661,19.515625,0.0464371497197759,18.609375,19.71875,0,1.22317428410814,0.705581207053192
"1998-04-01",1998-04-01,-0.00720576461168935,60100800,-0.228855721393034,19.375,0.0395161290322581,18.609375,19.71875,0,-1.02506963788301,0.658303224122843
"1998-04-02",1998-04-02,-0.0145161290322581,44330800,-0.240049751243781,19.09375,0.0253682487725041,18.609375,19.71875,0,-1.04891304347826,0.562592169235538
"1998-04-03",1998-04-03,0.00490998363338789,74411200,-0.236318407960198,19.1875,0.0301302931596091,18.609375,19.71875,0,1.18771671745298,0.594669904890968
"1998-04-06",1998-04-06,-0.0374592833876222,71554000,-0.264925373134328,18.46875,0,18.46875,19.515625,4564,-1.12105263157895,0.372831656242894
"1998-04-07",1998-04-07,-0.0169204737732657,73555200,-0.277363184079602,18.15625,0,18.15625,18.46875,4565,-1.04694835680751,0.32585666497861
"1998-04-08",1998-04-08,-0.000860585197934596,80134000,-0.277985074626865,18.140625,0,18.140625,18.15625,4566,-1.00224215246637,0.323507915415396
"1998-04-09",1998-04-09,0.016365202411714,58564000,-0.266169154228855,18.4375,0.0161016949152543,18.140625,18.4375,4566,-0.957494407158837,0.428946866146398
"1998-04-13",1998-04-13,0.0338983050847458,63446000,-0.241293532338308,19.0625,0.0483606557377049,0,19.0625,0,3.00345125107851,0.644732146662456
"1998-04-14",1998-04-14,-0.00327868852459016,69982000,-0.243781094527363,19,0.0452302631578947,18.140625,19.0625,4569,-1.01030927835052,0.623514315216735
"1998-04-15",1998-04-15,-0.0148026315789474,142813200,-0.254975124378109,18.71875,0.0308848080133556,18.140625,19.0625,0,-1.04591836734694,0.527057061619088
"1998-04-16",1998-04-16,-0.00667779632721202,72342800,-0.259950248756218,18.59375,0.0243697478991597,18.140625,19.0625,0,-1.01951219512195,0.483661055800544
"1998-04-17",1998-04-17,0.0109243697478992,45112800,-0.251865671641791,18.796875,0.0349127182044888,18.140625,19.0625,0,1.43262533321868,0.55401337753692
"1998-04-20",1998-04-20,0.0174563591022444,40400400,-0.238805970149253,19.125,0.0277777777777778,18.59375,19.125,4569,-0.948148148148148,0.576389951721457
"1998-04-21",1998-04-21,0.0318627450980392,93195600,-0.21455223880597,19.734375,0.0577988915281077,0,19.734375,0,2.08076009501188,0.781374605802542
"1998-04-22",1998-04-22,0.0649247822644497,151875200,-0.163557213930348,21.015625,0.115241635687732,0,21.015625,0,1.99383816265214,1.19092121135573
"1998-04-23",1998-04-23,-0.00966542750929368,98472000,-0.171641791044776,20.8125,0.106606606606607,18.59375,21.015625,4576,-1.04942965779468,1.12777478161547
"1998-04-24",1998-04-24,-0.0142642642642643,68476800,-0.183457711442786,20.515625,0.0936785986290937,18.59375,21.015625,0,-1.06884057971015,1.03432217774501
"1998-04-27",1998-04-27,-0.0251332825590251,83156000,-0.203980099502487,20,0.0703125,18.59375,21.015625,0,-1.11186440677966,0.868564610928788
"1998-04-28",1998-04-28,-0.00859375,61831600,-0.210820895522388,19.828125,0.0622537431048069,18.59375,21.015625,0,-1.03353658536585,0.812292138939316
"1998-04-29",1998-04-29,0.0102442868400315,41810400,-0.20273631840796,20.03125,0.0717628705148206,18.59375,21.015625,0,1.15274788206718,0.878739853893215
"1998-04-30",1998-04-30,0.00858034321372855,50554000,-0.195895522388059,20.203125,0.0796597061098221,18.59375,21.015625,0,1.11004068731296,0.934400783249063
"1998-05-01",1998-05-01,0.0162412993039443,45786400,-0.182835820895522,20.53125,0.0943683409436834,18.59375,21.015625,0,1.18464334796294,1.03927593870011
"1998-05-04",1998-05-04,-0.0015220700152207,36578000,-0.18407960199005,20.5,0.0929878048780488,18.59375,21.015625,0,-1.00680272108843,1.02936444573597
"1998-05-05",1998-05-05,-0.00152439024390244,34794800,-0.185323383084577,20.46875,0.0916030534351145,18.59375,21.015625,0,-1.00675675675676,1.01943703217997
"1998-05-06",1998-05-06,-0.00610687022900763,32992800,-0.190298507462687,20.34375,0.0860215053763441,18.59375,21.015625,0,-1.02684563758389,0.979566704701577
"1998-05-07",1998-05-07,-0.00460829493087558,39124400,-0.194029850746269,20.25,0.0817901234567902,18.59375,21.015625,0,-1.01960784313725,0.949493169374258
"1998-05-08",1998-05-08,0.0378086419753086,68384800,-0.163557213930348,21.015625,0.0565055762081784,19.828125,21.015625,4576,-0.842948717948719,0.96908749052731
"1998-05-11",1998-05-11,-0.0185873605947955,47877600,-0.17910447761194,20.625,0.0386363636363637,19.828125,21.015625,4588,-1.09505703422053,0.842880500648321
"1998-05-12",1998-05-12,0.025,48472800,-0.158582089552239,21.140625,0.024390243902439,20.625,21.140625,4588,-0.885416666666667,0.866584643690285
"1998-05-13",1998-05-13,0.00295639320029564,52413200,-0.156094527363184,21.203125,0.0272660280029476,0,21.203125,0,1.11790714812085,0.88684087255629
"1998-05-14",1998-05-14,-0.00294767870302137,56047600,-0.158582089552239,21.140625,0.024390243902439,20.625,21.203125,4591,-1.01593625498008,0.866584643690285
"1998-05-15",1998-05-15,-0.0502586844050259,98584000,-0.200870646766169,20.078125,0,20.078125,21.140625,4592,-1.26666666666667,0.614752861253954
"1998-05-18",1998-05-18,-0.0116731517509728,44609200,-0.210199004975124,19.84375,0,19.84375,20.078125,4593,-1.04643962848297,0.579521617805741
"1998-05-19",1998-05-19,0.00236220472440945,36790800,-0.208333333333333,19.890625,0.00235663786331497,19.84375,19.890625,4593,-0.991124260355029,0.595468391155984
"1998-05-20",1998-05-20,-0.0322073841319717,69038000,-0.233830845771144,19.25,0,0,19.890625,4595,-1.12238805970149,0.490269134403602
"1998-05-21",1998-05-21,-0.0373376623376623,95151600,-0.262437810945274,18.53125,0,18.53125,19.25,4596,-1.12234042553192,0.382226654495749
"1998-05-22",1998-05-22,0.00252951096121417,41110800,-0.260572139303483,18.578125,0.00252312867956261,18.53125,18.578125,4596,-0.992890995260663,0.398802228578954
"1998-05-26",1998-05-26,0.00504625735912532,51538000,-0.256840796019901,18.671875,0.00753138075313808,0,18.671875,0,2.98493723849378,0.431809838789644
"1998-05-27",1998-05-27,-0.00502092050209205,65520000,-0.260572139303483,18.578125,0.00252312867956261,18.53125,18.671875,4599,-1.01452784503632,0.398802228578954
"1998-05-28",1998-05-28,-0.0109335576114382,45670800,-0.26865671641791,18.375,0,18.375,18.578125,4600,-1.03102625298329,0.358739158863607
"1998-05-29",1998-05-29,-0.0280612244897959,77225200,-0.289179104477612,17.859375,0,17.859375,18.375,4601,-1.07638888888889,0.281230423277539
"1998-06-01",1998-06-01,-0.0481189851268591,108380000,-0.323383084577114,17,0,17,17.859375,4602,-1.11827956989247,0.152049197300759
"1998-06-02",1998-06-02,0.0183823529411765,72040400,-0.310945273631841,17.3125,0.0180505415162455,17,17.3125,4602,-0.961538461538462,0.267197280580357
"1998-06-03",1998-06-03,-0.0478339350180505,104560000,-0.343905472636816,16.484375,0,0,17.3125,4604,-1.106,0.0745404617146898
"1998-06-04",1998-06-04,0.0341232227488152,82716000,-0.321517412935324,17.046875,0.0329972502291476,16.484375,17.046875,4604,-0.934900542495479,0.283719107507672
"1998-06-05",1998-06-05,0.0238313473877177,59046000,-0.305348258706468,17.453125,0.0555058191584602,0,17.453125,0,1.68213468616334,0.42979671838885
"1998-06-08",1998-06-08,-0.00716204118173679,70268800,-0.310323383084577,17.328125,0.048692515779982,16.484375,17.453125,4607,-1.0162932790224,0.385274310601668
"1998-06-09",1998-06-09,0.0126239855725879,51892800,-0.301616915422886,17.546875,0.01246660730187,17.328125,17.546875,4607,-0.971943887775551,0.281339181048942
"1998-06-10",1998-06-10,-0.0231522707034728,48955600,-0.317786069651741,17.140625,0,0,17.546875,4609,-1.05360824742268,0.173187943369685
"1998-06-11",1998-06-11,0,43135600,-0.317786069651741,17.140625,0,17.140625,17.140625,4609,-1,0.173187943369685
"1998-06-12",1998-06-12,-0.00182315405651778,72079600,-0.319029850746269,17.109375,0,0,17.140625,4611,-1.00391389432485,0.168490444243257
"1998-06-15",1998-06-15,-0.0228310502283105,53234000,-0.334577114427861,16.71875,0,16.71875,17.109375,4612,-1.04873294346979,0.109771705162902
"1998-06-16",1998-06-16,0.0439252336448598,68256000,-0.305348258706468,17.453125,0.0420769919427036,16.71875,17.453125,4612,-0.912639405204461,0.379078867480411
"1998-06-17",1998-06-17,-0.00805729632945389,69139200,-0.310945273631841,17.3125,0.0342960288808665,16.71875,17.453125,4614,-1.0183299389002,0.328553063394139
"1998-06-18",1998-06-18,0.00631768953068592,41916400,-0.306592039800995,17.421875,0.0403587443946188,16.71875,17.453125,0,1.17677602076941,0.367891909403666
"1998-06-19",1998-06-19,0.00448430493273543,68891600,-0.303482587064677,17.5,0.0107142857142857,17.3125,17.5,4614,-0.989858012170386,0.267674782941274
"1998-06-22",1998-06-22,0.0553571428571429,80072000,-0.264925373134328,18.46875,0.0626057529610829,0,18.46875,0,5.8432036097011,0.609280393997531
"1998-06-23",1998-06-23,0.0186125211505922,75155200,-0.251243781094527,18.8125,0.079734219269103,0,18.8125,0,1.27359252940648,0.725643492625505
"1998-06-24",1998-06-24,0.0282392026578073,76740400,-0.230099502487562,19.34375,0.105008077544427,0,19.34375,0,1.31697630586968,0.900955015219312
"1998-06-25",1998-06-25,-0.0226171243941842,55333600,-0.247512437810945,18.90625,0.084297520661157,17.3125,19.34375,4620,-1.07567567567568,0.756970617864244
"1998-06-26",1998-06-26,0.00991735537190083,42892800,-0.240049751243781,19.09375,0.0932896890343698,17.3125,19.34375,0,1.10667180129007,0.819117137897417
"1998-06-29",1998-06-29,-0.00736497545008183,44950000,-0.245646766169154,18.953125,0.0865622423742787,17.3125,19.34375,0,-1.02331606217617,0.772570243282156
"1998-06-30",1998-06-30,-0.0222588623248145,50669200,-0.262437810945274,18.53125,0.0657672849915683,17.3125,19.34375,0,-1.06835443037975,0.630615832587297
"1998-07-01",1998-07-01,0.0143338954468803,69999600,-0.251865671641791,18.796875,0.0789692435577722,17.3125,19.34375,0,1.20073747255792,0.720405590982776
"1998-07-02",1998-07-02,-0.0257689110556941,40194000,-0.271144278606965,18.3125,0.0546075085324232,17.3125,19.34375,0,-1.07654320987654,0.555585214407251
"1998-07-06",1998-07-06,0.00319967235494877,35581600,-0.268812179104478,18.371094,0.0576228067854859,17.3125,19.34375,0,1.05521764925921,0.575781209020682
"1998-07-07",1998-07-07,0.0223261608698971,54239600,-0.252487562189055,18.78125,0.0782029950083195,17.3125,19.34375,0,1.35715351908226,0.71516288209865
"1998-07-08",1998-07-08,0.0424292845257903,87268000,-0.220771144278607,19.578125,0.0646448523543496,18.3125,19.578125,4620,-0.874384236453202,0.783742861751069
"1998-07-09",1998-07-09,0.0183559457302474,96395200,-0.206467661691542,19.9375,0.0815047021943573,0,19.9375,0,1.26080730678432,0.901440202140696
"1998-07-10",1998-07-10,0,57320000,-0.206467661691542,19.9375,0.0815047021943573,0,19.9375,0,-1,0.901440202140696
"1998-07-13",1998-07-13,0.0329153605015674,77118400,-0.180348258706468,20.59375,0.110773899848255,0,20.59375,0,1.3591105404459,1.11063127624569
"1998-07-14",1998-07-14,-0.0204855842185129,88694000,-0.197139303482587,20.171875,0.0921766072811774,18.3125,20.59375,4632,-1.09310344827586,0.97697698250633
"1998-07-15",1998-07-15,0.0441518202943455,168073200,-0.161691542288557,21.0625,0.0422848664688428,20.171875,21.0625,4632,-0.820189274447949,0.922425114868465
"1998-07-16",1998-07-16,0,67307200,-0.161691542288557,21.0625,0.0422848664688428,0,21.0625,0,-1,0.922425114868465
"1998-07-17",1998-07-17,-0.013353115727003,50119200,-0.172885572139304,20.78125,0.0293233082706766,20.171875,21.0625,4635,-1.06923076923077,0.831194548446928
"1998-07-20",1998-07-20,-0.0165413533834586,37541600,-0.186567164179105,20.4375,0.0129969418960245,20.171875,21.0625,0,-1.07913669064748,0.717860812262943
"1998-07-21",1998-07-21,-0.00152905198776758,79948000,-0.187810945273632,20.40625,0.0114854517611026,20.171875,21.0625,0,-1.00666666666667,0.707454733371441
"1998-07-22",1998-07-22,0.00918836140888208,65818400,-0.180348258706468,20.59375,0.0204855842185129,20.171875,21.0625,0,1.78361153262519,0.769631332072576
"1998-07-23",1998-07-23,0.00227617602427921,85404000,-0.178482587064677,20.640625,0.0227100681302044,20.171875,21.0625,0,1.10858777020776,0.785078987792687
"1998-07-24",1998-07-24,0.0060560181680545,58984800,-0.173507462686567,20.765625,0.0285929270127916,20.171875,21.0625,0,1.25904188612992,0.826087302765732
"1998-07-27",1998-07-27,0.036117381489842,84463600,-0.143656716417911,21.515625,0.0515613652868555,20.40625,21.515625,4635,1.80329090700608,1.0255742336572
"1998-07-28",1998-07-28,-0.00508351488743646,118007600,-0.148009950248756,21.40625,0.0467153284671533,20.40625,21.515625,4642,-1.03030303030303,0.990830526718035
"1998-07-29",1998-07-29,-0.0116788321167883,57039600,-0.157960199004975,21.15625,0.0354505169867061,20.40625,21.515625,0,-1.0672268907563,0.910705714267227
"1998-07-30",1998-07-30,0.0354505169867061,58014400,-0.128109452736319,21.90625,0.0342368045649073,21.15625,21.90625,4642,-0.811023622047244,1.01886175721644
"1998-07-31",1998-07-31,-0.036376604850214,48032800,-0.159825870646766,21.109375,0,0,21.90625,4645,-1.24757281553398,0.76977033242609
"1998-08-03",1998-08-03,0.00444115470022206,55863600,-0.156094527363184,21.203125,0.00442151805453206,21.109375,21.203125,4645,-0.976653696498054,0.800561971873091
"1998-08-04",1998-08-04,-0.0338983050847458,77434000,-0.184701492537313,20.484375,0,0,21.203125,4647,-1.18326693227092,0.675820349897522
"1998-08-05",1998-08-05,0.026697177726926,91450400,-0.162935323383084,21.03125,0.0260029717682021,20.484375,21.03125,4647,-0.882154882154881,0.856234330091219
"1998-08-06",1998-08-06,0.0341753343239227,94552800,-0.134328358208955,21.75,0.0581896551724138,0,21.75,0,2.2378078817734,1.0858391314069
"1998-08-07",1998-08-07,-0.00359195402298851,81810000,-0.137437810945274,21.671875,0.0547945205479452,20.484375,21.75,4650,-1.02314814814815,1.06127267547706
"1998-08-10",1998-08-10,-0.000720980533525595,49170800,-0.138059701492537,21.65625,0.0541125541125541,20.484375,21.75,0,-1.00452488687783,1.0563482823793
"1998-08-11",1998-08-11,-0.0238095238095238,72920000,-0.158582089552239,21.140625,0.0310421286031042,20.484375,21.75,0,-1.14864864864865,0.891707410636949
"1998-08-12",1998-08-12,0.0125646711012565,55206000,-0.148009950248756,21.40625,0.0430656934306569,20.484375,21.75,0,1.38733055265902,0.977046624171872
"1998-08-13",1998-08-13,-0.00437956204379562,65314000,-0.151741293532338,21.3125,0.0388563049853372,20.484375,21.75,0,-1.02521008403361,0.947056153562659
"1998-08-14",1998-08-14,0.0109970674486804,62301600,-0.142412935323383,21.546875,0.0493110949963742,20.484375,21.75,0,1.26906289764254,1.02177293603372
"1998-08-17",1998-08-17,0.0391588107324148,95816400,-0.108830845771144,22.390625,0.0558269364968598,21.140625,22.390625,4650,1.13213743278191,1.17321437289149
"1998-08-18",1998-08-18,0.0209351011863224,119604800,-0.0901741293532339,22.859375,0.075187969924812,0,22.859375,0,1.34680451127819,1.31679940363002
"1998-08-19",1998-08-19,-0.0205058099794942,67748800,-0.108830845771144,22.390625,0.0558269364968598,21.140625,22.859375,4658,-1.20689655172414,1.17321437289149
"1998-08-20",1998-08-20,-0.0397766922540126,134286800,-0.144278606965174,21.5,0.0167151162790697,21.140625,22.859375,0,-1.32571428571429,0.891618543778184
"1998-08-21",1998-08-21,-0.0123546511627907,116136000,-0.154850746268657,21.234375,0.00441501103752762,21.140625,22.859375,0,-1.07327586206897,0.805234895367338
"1998-08-24",1998-08-24,-0.00367917586460633,84328800,-0.157960199004975,21.15625,0.000738552437223094,21.140625,22.859375,0,-1.02008032128514,0.779605938056389
"1998-08-25",1998-08-25,-0.00240028360413592,52442400,-0.159981333333333,21.105469,0,21.105469,22.390625,4662,-1.01279521259843,0.769183182615279
"1998-08-26",1998-08-26,-0.0168425065560021,52515200,-0.174129353233831,20.75,0,20.75,21.105469,4663,-1.08843544184632,0.715749092472164
"1998-08-27",1998-08-27,-0.0391566265060241,133454800,-0.206467661691542,19.9375,0,19.9375,20.75,4664,-1.18571428571429,0.593614115185026
"1998-08-28",1998-08-28,-0.0344827586206897,94445200,-0.233830845771144,19.25,0,19.25,19.9375,4665,-1.13253012048193,0.490269134403602
"1998-08-31",1998-08-31,-0.075487012987013,104269200,-0.291666666666667,17.796875,0,17.796875,19.25,4666,-1.24734042553192,0.271835425024682
"1998-09-01",1998-09-01,0.067603160667252,109021200,-0.243781094527363,19,0.0633223684210527,17.796875,19,4666,-0.835820895522388,0.691844384746557
"1998-09-02",1998-09-02,-0.0148026315789474,84881200,-0.254975124378109,18.71875,0.0492487479131887,17.796875,19,4668,-1.04591836734694,0.596413793295436
"1998-09-03",1998-09-03,0.0250417362270451,107758800,-0.236318407960199,19.1875,0.0244299674267101,18.71875,19.1875,4668,-0.926829268292683,0.573140975669843
"1998-09-04",1998-09-04,0.0195439739413681,64649200,-0.221393034825871,19.5625,0.0431309904153354,0,19.5625,0,1.76549520766773,0.700140788665501
"1998-09-08",1998-09-08,0.0467252651757188,83092800,-0.185012417910448,20.476563,0.0858451196130913,0,20.476563,0,1.9903349954739,0.998864979285973
"1998-09-09",1998-09-09,-0.00801223330302057,94456000,-0.191542288557214,20.3125,0.0784615384615385,18.71875,20.476563,4672,-1.03529422900644,0.946316803440735
"1998-09-10",1998-09-10,-0.0269230769230769,76448800,-0.213308457711443,19.765625,0.0529644268774704,18.71875,20.476563,0,-1.11363636363636,0.767813350576583
"1998-09-11",1998-09-11,0.0743083003952569,150086000,-0.154850746268657,21.234375,0.0691685062545989,19.765625,21.234375,4672,1.30594269271743,1.0497952030885
"1998-09-14",1998-09-14,0.0103016924208977,67960000,-0.146144278606965,21.453125,0.0786598689002185,0,21.453125,0,1.13722087058933,1.11852457383358
"1998-09-15",1998-09-15,0.00145666423889294,47313200,-0.144900497512438,21.484375,0.08,0,21.484375,0,1.01703703703704,1.1282834657551
"1998-09-16",1998-09-16,-0.0101818181818182,45172000,-0.153606965174129,21.265625,0.0705363703159442,19.765625,21.484375,4677,-1.06008583690987,1.05965883656246
"1998-09-17",1998-09-17,-0.0242468772961058,56430800,-0.174129353233831,20.75,0.0474397590361446,19.765625,21.484375,0,-1.1336032388664,0.894919066682895
"1998-09-18",1998-09-18,0,50604800,-0.174129353233831,20.75,0.0474397590361446,19.765625,21.484375,0,-1,0.894919066682895
"1998-09-21",1998-09-21,0.019578313253012,39437600,-0.157960199004975,21.15625,0.0657311669128509,19.765625,21.484375,0,1.38557126444866,1.02506934883413
"1998-09-22",1998-09-22,-0.0125553914327917,40890800,-0.168532338308458,20.890625,0.0538519072550486,19.765625,21.484375,0,-1.06692913385827,0.940275145519915
"1998-09-23",1998-09-23,0.0418848167539267,67808400,-0.133706467661691,21.765625,0.0466618808327351,20.75,21.765625,4677,-0.793357933579336,1.04464990621831
"1998-09-24",1998-09-24,-0.0201005025125628,62723200,-0.151119402985075,21.328125,0.0271062271062271,20.75,21.765625,4683,-1.13023255813954,0.905027334745515
"1998-09-25",1998-09-25,0.0351648351648352,69451200,-0.121268656716418,22.078125,0.0339702760084926,21.328125,22.078125,4683,1.25322775004304,1.04369138021241
"1998-09-28",1998-09-28,-0.0148619957537155,60137200,-0.134328358208955,21.75,0.0193965517241379,21.328125,22.078125,4685,-1.10769230769231,0.939325753480881
"1998-09-29",1998-09-29,0.0172413793103448,52740000,-0.119402985074627,22.125,0.0169491525423728,21.75,22.125,4685,-0.888888888888889,0.986452431961257
"1998-09-30",1998-09-30,-0.0310734463276836,45350000,-0.146766169154229,21.4375,0,0,22.125,4687,-1.22916666666667,0.819094073253589
"1998-10-01",1998-10-01,-0.0269679300291545,61390000,-0.169776119402985,20.859375,0,20.859375,21.4375,4688,-1.15677966101695,0.732190339414664
"1998-10-02",1998-10-02,0.0052434456928839,59275600,-0.165422885572139,20.96875,0.00521609538002976,20.859375,20.96875,4688,-0.974358974358975,0.768331679563973
"1998-10-05",1998-10-05,-0.0394932935916542,78511200,-0.198383084577114,20.140625,0,0,20.96875,4690,-1.19924812030075,0.624147859506811
"1998-10-06",1998-10-06,-0.0116369278510473,82609600,-0.20771144278607,19.90625,0,19.90625,20.140625,4691,-1.04702194357367,0.588916616058598
"1998-10-07",1998-10-07,-0.00706436420722135,82892800,-0.213308457711443,19.765625,0,19.765625,19.90625,4692,-1.02694610778443,0.56777786998967
"1998-10-08",1998-10-08,-0.00790513833992095,120596800,-0.21952736318408,19.609375,0,19.609375,19.765625,4693,-1.02915451895044,0.544290374357528
"1998-10-09",1998-10-09,0.0685258964143426,87274400,-0.166044776119403,20.953125,0.064131245339299,19.609375,20.953125,4693,-0.756373937677053,0.988493037836279
"1998-10-12",1998-10-12,0.0193885160328113,62548400,-0.149875621890547,21.359375,0.0819312362838333,0,21.359375,0,1.2775556727514,1.1167873417774
"1998-10-13",1998-10-13,-0.021945866861741,100670000,-0.168532338308458,20.890625,0.0613313388182498,19.609375,21.359375,4696,-1.12448132780083,0.968523382600307
"1998-10-14",1998-10-14,-0.0119670905011219,110875600,-0.178482587064676,20.640625,0.0499621498864496,19.609375,21.359375,0,-1.0590405904059,0.888004358508314
"1998-10-15",1998-10-15,0.024224072672218,73935600,-0.158582089552239,21.140625,0.0724316334072431,19.609375,21.359375,0,1.44973011713588,1.04802684941619
"1998-10-16",1998-10-16,-0.00960827790096083,76712800,-0.166666666666666,20.9375,0.0634328358208955,19.609375,21.359375,0,-1.05098039215686,0.983506542678583
"1998-10-19",1998-10-19,0.0149253731343284,59394800,-0.154228855721393,21.25,0.0772058823529411,19.609375,21.359375,0,1.21712802768166,1.08249942868111
"1998-10-20",1998-10-20,-0.00514705882352941,83388000,-0.158582089552239,21.140625,0.0724316334072431,19.609375,21.359375,0,-1.02822580645161,1.04802684941619
"1998-10-21",1998-10-21,0.0295639320029564,57402000,-0.133706467661691,21.765625,0.0516870064608758,20.640625,21.765625,4696,-0.84313725490196,1.06362874691001
"1998-10-22",1998-10-22,0.00358937544867193,48283600,-0.130597014925373,21.84375,0.0550786838340487,0,21.84375,0,1.06561953584486,1.08818214553015
"1998-10-23",1998-10-23,-0.00143061516452074,56905200,-0.1318407960199,21.8125,0.0537249283667621,20.640625,21.84375,4704,-1.00952380952381,1.07837179724325
"1998-10-26",1998-10-26,0.0193409742120344,49700400,-0.115049751243781,22.234375,0.0189739985945186,21.8125,22.234375,4704,-0.872641509433964,1.01054109580289
"1998-10-27",1998-10-27,-0.0182712579058327,52743200,-0.131218905472636,21.828125,0.000715819613457458,21.8125,22.234375,4706,-1.14054054054054,0.880516312189097
"1998-10-28",1998-10-28,0.0218325211166785,48941600,-0.112251223880597,22.304688,0.0213660464562427,21.828125,22.304688,4706,29.8483668993691,1.03014480476096
"1998-10-29",1998-10-29,0.00595444329909485,73024000,-0.106965174129353,22.4375,0.0271587743732591,0,22.4375,0,1.27111838069246,1.07198701368947
"1998-10-30",1998-10-30,-0.00626740947075209,47807600,-0.112562189054726,22.296875,0.0210231254379818,21.828125,22.4375,4709,-1.05232558139535,1.02767521438766
"1998-11-02",1998-11-02,0.0294323756131745,52581200,-0.0864427860696516,22.953125,0.0285908781484002,22.296875,22.953125,4709,1.35997277059224,1.15490450348661
"1998-11-03",1998-11-03,-0.0149761742682097,51115600,-0.100124378109452,22.609375,0.0138217000691085,22.296875,22.953125,4711,-1.15827338129496,1.04745193939097
"1998-11-04",1998-11-04,0.0483759502418798,109783600,-0.0565920398009949,23.703125,0.0461437046802901,22.609375,23.703125,4711,3.33849703361897,1.33393780991001
"1998-11-05",1998-11-05,-0.00856954515491101,58649600,-0.0646766169154227,23.5,0.0378989361702128,22.609375,23.703125,4713,-1.14285714285714,1.27226531211778
"1998-11-06",1998-11-06,0.0152925531914894,65113200,-0.050373134328358,23.859375,0.0150622134905043,23.5,23.859375,4713,-0.778846153846153,1.24003706226162
"1998-11-09",1998-11-09,0.00589390962671906,47542000,-0.044776119402985,24,0.0208333333333334,0,24,0,1.38315217391304,1.28297211198839
"1998-11-10",1998-11-10,0.0162760416666667,85904400,-0.0292288557213929,24.390625,0.0365150544522742,0,24.390625,0,1.75272261370916,1.40091740755947
"1998-11-11",1998-11-11,0.062780269058296,126148400,0,25.921875,0.0934297769740807,0,25.921875,0,2.55866459397438,1.72626355192952
"1998-11-12",1998-11-12,-0.00964436407474382,72308800,-0.00964436407474367,25.671875,0.0846013390139988,23.5,25.921875,4718,0,1.65649567090682
"1998-11-13",1998-11-13,0.0103469263542301,59891600,0,25.9375,0.0102409638554217,25.671875,25.9375,4718,0,1.4120769328589
"1998-11-16",1998-11-16,0.0301204819277108,49532000,0,26.71875,0.0391812865497077,0,26.71875,0,3.82593739250085,1.52137843388117
"1998-11-17",1998-11-17,0.0152046783625731,58458400,0,27.125,0.0535714285714286,0,27.125,0,1.36727078891258,1.57572696826045
"1998-11-18",1998-11-18,0.0126728110599078,51899200,0,27.46875,0.065415244596132,0,27.46875,0,1.22108456579446,1.62045856586586
"1998-11-19",1998-11-19,0.0273037542662116,94157600,0,28.21875,0.0902547065337763,0,28.21875,0,1.37971977466416,1.7142719798713
"1998-11-20",1998-11-20,-0.00719822812846069,67536400,-0.0071982281284606,28.015625,0.0836586726157278,25.671875,28.21875,4724,0,1.66217395860509
"1998-11-23",1998-11-23,0.0133853876185165,57492000,0,28.390625,0.0132085855806274,28.015625,28.390625,4724,0,1.42328501483012
"1998-11-24",1998-11-24,-0.0275178866263071,46309600,-0.0275178866263071,27.609375,0,0,28.390625,4726,0,1.269469710468
"1998-11-25",1998-11-25,-0.00622524052065648,58885200,-0.0335718216840946,27.4375,0,27.4375,27.609375,4727,-1.22,1.24660527333309
"1998-11-27",1998-11-27,0.00227790432801822,17278400,-0.0313703907539901,27.5,0.00227272727272732,27.4375,27.5,4727,-0.934426229508199,1.26350322614953
"1998-11-30",1998-11-30,-0.0215909090909091,63109600,-0.0522839845899834,26.90625,0,0,27.5,4729,-1.66666666666667,1.17593337673427
"1998-12-01",1998-12-01,0.0685249709639954,76924400,0,28.75,0.0641304347826087,26.90625,28.75,4729,0,1.61560610991263
"1998-12-02",1998-12-02,-0.0125,64597200,-0.0124999999999998,28.390625,0.0522839845899835,26.90625,28.75,4731,0,1.5236546973894
"1998-12-03",1998-12-03,-0.0357732526141992,78229200,-0.0478260869565217,27.375,0.0171232876712328,26.90625,28.75,0,-3.82608695652178,1.25744096642361
"1998-12-04",1998-12-04,0.0622146118721461,70552400,0,29.078125,0.0585706609349812,27.375,29.078125,4731,3.42052659860291,1.59460801554757
"1998-12-07",1998-12-07,0.0225685115529285,51056000,0,29.734375,0.0793483972674724,0,29.734375,0,1.3547464891263,1.67308114775748
"1998-12-08",1998-12-08,0.00945874934314241,99456000,0,30.015625,0.0879750130140552,0,30.015625,0,1.10871821036919,1.7056620577841
"1998-12-09",1998-12-09,-0.00728787090057262,50258800,-0.00728787090057248,29.796875,0.081279496591505,27.375,30.015625,4736,0,1.65284975019726
"1998-12-10",1998-12-10,-0.038280020975354,61700800,-0.045288912024987,28.65625,0.044711014176663,27.375,30.015625,0,-6.21428571428583,1.37121637176345
"1998-12-11",1998-12-11,0.0158124318429662,54904800,-0.0301926080166578,29.109375,0.0595813204508857,27.375,30.015625,0,1.33258709398688,1.4843939447654
"1998-12-14",1998-12-14,-0.0418679549114332,61902800,-0.070796460176991,27.890625,0.0184873949579832,27.375,30.015625,0,-2.34482758620691,1.175838652483
"1998-12-15",1998-12-15,0.0392156862745098,70154000,-0.034357105674128,28.984375,0.0555256064690027,27.375,30.015625,0,3.00343053173241,1.45334793742148
"1998-12-16",1998-12-16,-0.015633423180593,44630800,-0.0494534096824569,28.53125,0.0405257393209201,27.375,30.015625,0,-1.43939393939394,1.33968104029775
"1998-12-17",1998-12-17,0.0240963855421687,39876800,-0.0265486725663714,29.21875,0.0631016042780749,27.375,30.015625,0,1.5570747217806,1.51145169145857
"1998-12-18",1998-12-18,0.0267379679144385,63221600,-0.000520562207183328,30,0.0875,27.375,30.015625,0,1.38665254237288,1.70190197994352
"1998-12-21",1998-12-21,0.0223958333333333,38856400,0,30.671875,0.0906775343861437,27.890625,30.671875,4736,1.03631467869878,1.71586891157887
"1998-12-22",1998-12-22,-0.0295466123280693,46193200,-0.0295466123280693,29.765625,0.062992125984252,27.890625,30.671875,4745,0,1.49971562820316
"1998-12-23",1998-12-23,0.0498687664041995,79884400,0,31.25,0.0475,29.765625,31.25,4745,0,1.55279646181044
"1998-12-24",1998-12-24,0,17430800,0,31.25,0.0475,0,31.25,0,0,1.55279646181044
"1998-12-28",1998-12-28,-0.023,27864400,-0.0230000000000001,30.53125,0.0250767656090072,29.765625,31.25,4748,0,1.38124247629796
"1998-12-29",1998-12-29,-0.00870010235414534,40452000,-0.0315000000000001,30.265625,0.0165203923593186,29.765625,31.25,0,-1.3695652173913,1.31682414835184
"1998-12-30",1998-12-30,-0.0154878678368611,41480400,-0.0465000000000002,29.796875,0.00104876769795492,29.765625,31.25,0,-1.47619047619048,1.20173924244884
"1998-12-31",1998-12-31,-0.00524383848977452,29049600,-0.0515,29.640625,0,29.640625,30.53125,4751,-1.10752688172042,1.17889432134324
"1999-01-04",1999-01-04,0.0189773326304692,65404800,-0.0335000000000001,30.203125,0.0186239006725297,29.640625,30.203125,4751,-0.650485436893206,1.31721507744139
"1999-01-05",1999-01-05,0.0201758923952406,65518800,-0.0139999999999999,30.8125,0.0380324543610547,0,30.8125,0,2.04213150777552,1.46416448659919
"1999-01-06",1999-01-06,0.050709939148073,107730400,0,32.375,0.0844594594594594,0,32.375,0,2.22072072072072,1.69238455274379
"1999-01-07",1999-01-07,-0.00193050193050193,54466400,-0.00193050193050193,32.3125,0.0826885880077369,29.640625,32.375,4755,0,1.67840524536721
"1999-01-08",1999-01-08,0.00338491295938104,43911200,0,32.421875,0.00337349397590359,32.3125,32.421875,4755,0,1.38613994611601
"1999-01-11",1999-01-11,0.0775903614457831,105812800,0,34.9375,0.075134168157424,0,34.9375,0,22.2719141323795,1.65716489235681
"1999-01-12",1999-01-12,-0.0299642218246869,103578000,-0.0299642218246871,33.890625,0.0465652374366067,32.3125,34.9375,4758,0,1.43609750826533
"1999-01-13",1999-01-13,0.0253573075149839,118809200,-0.005366726296959,34.75,0.0701438848920863,32.3125,34.9375,0,1.5063572904053,1.61804864948629
"1999-01-14",1999-01-14,-0.0377697841726619,82390800,-0.0429338103756709,33.4375,0.0336448598130841,32.3125,34.9375,0,-7.99999999999979,1.33831656110097
"1999-01-15",1999-01-15,0.0121495327102804,63951200,-0.0313059033989268,33.84375,0.0452446906740536,32.3125,34.9375,0,1.34477275058993,1.42604283277503
"1999-01-19",1999-01-19,0.0295475530932595,43302400,-0.00268336314847972,34.84375,0.0726457399103139,32.3125,34.9375,0,1.60561910863,1.63763212596428
"1999-01-20",1999-01-20,-0.00807174887892377,61501200,-0.010733452593918,34.5625,0.0650994575045208,32.3125,34.9375,0,-3.99999999999967,1.5787279156744
"1999-01-21",1999-01-21,-0.0343580470162749,63926400,-0.044722719141324,33.375,0.0318352059925093,32.3125,34.9375,0,-4.16666666666657,1.32472554843839
"1999-01-22",1999-01-22,-0.0346441947565543,87440800,-0.0778175313059036,32.21875,0,32.21875,34.84375,4765,-1.74,1.07949855076658
"1999-01-25",1999-01-25,0.0135790494665373,59519200,-0.0652951699463331,32.65625,0.0133971291866029,32.21875,32.65625,4765,-0.839080459770117,1.17739100526187
"1999-01-26",1999-01-26,0.0483253588516746,68130000,-0.0201252236135961,34.234375,0.0588772250114104,0,34.234375,0,4.39476429549456,1.51975711431386
"1999-01-27",1999-01-27,-0.0305796439981743,57336000,-0.050089445438283,33.1875,0.0291902071563088,32.21875,34.234375,4768,-2.48888888888885,1.29446695069977
"1999-01-28",1999-01-28,0.0334274952919021,83802000,-0.0183363148479432,34.296875,0.0323462414578588,33.1875,34.296875,4768,1.10811962671762,1.42631151105331
"1999-01-29",1999-01-29,0.0273348519362187,57248400,0,35.234375,0.0580931263858093,0,35.234375,0,1.79597763967396,1.592804468173
"1999-02-01",1999-02-01,-0.0217294900221729,52246000,-0.0217294900221728,34.46875,0.0371713508612874,33.1875,35.234375,4771,0,1.43171962492508
"1999-02-02",1999-02-02,-0.0235720761559383,59669200,-0.0447893569844789,33.65625,0.0139275766016713,33.1875,35.234375,0,-2.06122448979593,1.25684052831597
"1999-02-03",1999-02-03,0.0301764159702878,57020000,-0.0159645232815966,34.671875,0.042812077512393,33.1875,35.234375,0,3.07390716538982,1.47479652565904
"1999-02-04",1999-02-04,-0.0617395223073457,86413200,-0.0767184035476719,32.53125,0,32.53125,34.671875,4774,-4.80555555555552,1.08364972472062
"1999-02-05",1999-02-05,-0.0196926032660903,135059600,-0.0949002217294902,31.890625,0,31.890625,32.53125,4775,-1.23699421965318,1.01498082839974
"1999-02-08",1999-02-08,0.0347868691817736,69630800,-0.0634146341463416,33,0.0336174242424242,31.890625,33,4775,-0.668224299065421,1.26086118670724
"1999-02-09",1999-02-09,-0.0506628787878788,80440000,-0.110864745011087,31.328125,0,0,33,4777,-1.74825174825175,0.954686187727745
"1999-02-10",1999-02-10,0.027930174563591,67522400,-0.0860310421286034,32.203125,0.027171276079573,31.328125,32.203125,4777,-0.776000000000002,1.15109803569607
"1999-02-11",1999-02-11,0.0344492964580301,54106800,-0.0545454545454548,33.3125,0.0595684803001876,0,33.3125,0,2.1923328196194,1.39236988008442
"1999-02-12",1999-02-12,-0.050656660412758,73194800,-0.102439024390244,31.625,0.00938735177865613,31.328125,33.3125,4780,-1.8780487804878,1.02196240892441
"1999-02-16",1999-02-16,-0.000988142292490119,59492800,-0.103325942350333,31.59375,0.00840751730959444,31.328125,33.3125,0,-1.00865800865801,1.01491207832863
"1999-02-17",1999-02-17,-0.0138476755687438,81443200,-0.115742793791574,31.15625,0,31.15625,31.625,4782,-1.12017167381974,0.936262825300191
"1999-02-18",1999-02-18,0.0280842527582748,71698800,-0.0909090909090912,32.03125,0.0273170731707317,31.15625,32.03125,4782,-0.785440613026821,1.13322531816203
"1999-02-19",1999-02-19,-0.00048780487804878,50430400,-0.0913525498891354,32.015625,0.0268423621278673,31.15625,32.03125,4784,-1.00487804878049,1.12975758344609
"1999-02-22",1999-02-22,0.0370912640312347,60588800,-0.0576496674057652,33.203125,0.0357647058823529,32.015625,33.203125,4784,1.33239786096256,1.29074408171107
"1999-02-23",1999-02-23,0.0108235294117647,73702800,-0.0474501108647452,33.5625,0.0460893854748603,0,33.5625,0,1.2886834754484,1.36825979708258
"1999-02-24",1999-02-24,-0.0288640595903166,65650400,-0.0749445676274947,32.59375,0.0177372962607862,32.015625,33.5625,4787,-1.57943925233645,1.15733915992668
"1999-02-25",1999-02-25,-0.0201342281879195,79470000,-0.0935698447893571,31.9375,0,31.9375,32.59375,4788,-1.24852071005917,1.02000538178907
"1999-02-26",1999-02-26,-0.0611545988258317,167201200,-0.1490022172949,29.984375,0,29.984375,31.9375,4789,-1.59241706161137,0.810648990566873
"1999-03-01",1999-03-01,-0.023970818134445,128595600,-0.16940133037694,29.265625,0,29.265625,29.984375,4790,-1.13690476190476,0.733605838597105
"1999-03-02",1999-03-02,-0.0619327282434597,134460000,-0.220842572062084,27.453125,0,27.453125,29.265625,4791,-1.30366492146597,0.539323107542907
"1999-03-03",1999-03-03,0.0443938531587934,136544000,-0.186252771618626,28.671875,0.0425068119891008,27.453125,28.671875,4791,-0.843373493975904,0.830500768263147
"1999-03-04",1999-03-04,-0.0114441416893733,105008400,-0.195565410199557,28.34375,0.0314222712238148,27.453125,28.671875,4793,-1.05,0.753464919606138
"1999-03-05",1999-03-05,0.0110253583241455,87876400,-0.18669623059867,28.65625,0.0419847328244275,27.453125,28.671875,0,1.3361457077809,0.826854134131706
"1999-03-08",1999-03-08,0.0436205016357688,73882400,-0.151219512195122,29.90625,0.0522466039707419,28.34375,29.90625,4793,1.24441911275767,0.999599149633159
"1999-03-09",1999-03-09,-0.0360501567398119,90112800,-0.181818181818182,28.828125,0.0168021680216802,28.34375,29.90625,4796,-1.20234604105572,0.750168255324906
"1999-03-10",1999-03-10,0.013550135501355,80239200,-0.170731707317073,29.21875,0.0299465240641711,28.34375,29.90625,0,1.78230119027083,0.841682996795105
"1999-03-11",1999-03-11,0.0106951871657754,60116000,-0.161862527716186,29.53125,0.0402116402116403,28.34375,29.90625,0,1.34278155706727,0.913949200195536
"1999-03-12",1999-03-12,0.00105820105820106,68498000,-0.160975609756098,29.5625,0.0412262156448203,28.34375,29.90625,0,1.02523088906198,0.921130740092782
"1999-03-15",1999-03-15,-0.00317124735729387,44557200,-0.163636363636364,29.46875,0.0381760339342524,28.34375,29.90625,0,-1.01652892561983,0.899561739673761
"1999-03-16",1999-03-16,0.0212089077412513,84968800,-0.14589800443459,30.09375,0.0420560747663551,28.828125,30.09375,4796,1.10163551401869,0.981209881553988
"1999-03-17",1999-03-17,0.00103842159916926,58679200,-0.145011086474501,30.125,0.0430497925311203,0,30.125,0,1.02362840018442,0.988312646432391
"1999-03-18",1999-03-18,0.0108921161825726,54057600,-0.13569844789357,30.453125,0.0533606977937404,0,30.453125,0,1.23951114875098,1.06242663680265
"1999-03-19",1999-03-19,-0.0230887634684454,71022800,-0.155654101995566,29.75,0.0309873949579832,28.828125,30.453125,4804,-1.14705882352941,0.902559085259526
"1999-03-22",1999-03-22,-0.032563025210084,49174000,-0.183148558758315,28.78125,0,28.78125,29.75,4805,-1.17663817663818,0.681685453574001
"1999-03-23",1999-03-23,-0.00488599348534202,66840000,-0.187139689578714,28.640625,0,28.640625,28.78125,4806,-1.02179176755448,0.666611793406003
"1999-03-24",1999-03-24,0.0409165302782324,64180000,-0.153880266075388,29.8125,0.039308176100629,28.640625,29.8125,4806,-0.822274881516589,0.940684326946255
"1999-03-25",1999-03-25,-0.0110062893081761,60403200,-0.16319290465632,29.484375,0.0286168521462639,28.640625,29.8125,4808,-1.06051873198847,0.865133575332387
"1999-03-26",1999-03-26,-0.0105988341282459,53682400,-0.172062084257206,29.171875,0.0182110337439743,28.640625,29.8125,0,-1.05434782608696,0.792335969161796
"1999-03-29",1999-03-29,0.0417782538832351,44410400,-0.137472283813747,30.390625,0.0401028277634962,29.171875,30.390625,4808,2.20211704218963,1.0056550506437
"1999-03-30",1999-03-30,0,50729200,-0.137472283813747,30.390625,0.0401028277634962,0,30.390625,0,-1,1.0056550506437
"1999-03-31",1999-03-31,-0.022107969151671,38569200,-0.156541019955654,29.71875,0.0184016824395373,29.171875,30.390625,4812,-1.13870967741935,0.851675798657024
"1999-04-01",1999-04-01,0.0168243953732913,32888800,-0.142350332594235,30.21875,0.0346432264736298,29.171875,30.390625,0,1.88261190722411,0.966611924495152
"1999-04-05",1999-04-05,0.0548086866597725,56909600,-0.0953436807095346,31.875,0.0676470588235294,29.71875,31.875,4812,1.95267778753292,1.26879466505206
"1999-04-06",1999-04-06,0.0230392156862745,70669200,-0.0745011086474504,32.609375,0.0886439865836128,0,32.609375,0,1.31038936688819,1.42681364019938
"1999-04-07",1999-04-07,0.0129372304743651,65404400,-0.0625277161862531,33.03125,0.100283822138127,0,33.03125,0,1.13130992866092,1.51599582705205
"1999-04-08",1999-04-08,-0.00804162724692526,54526400,-0.0700665188470069,32.765625,0.0929899856938483,29.71875,33.03125,4817,-1.12056737588652,1.45997607442429
"1999-04-09",1999-04-09,-0.00190748688602766,44679200,-0.0718403547671843,32.703125,0.0912565695174391,29.71875,33.03125,0,-1.0253164556962,1.44672992224174
"1999-04-12",1999-04-12,-0.0635451505016722,83342600,-0.130820399113082,30.625,0.0295918367346939,29.71875,33.03125,0,-1.82098765432098,0.991080019165105
"1999-04-13",1999-04-13,-0.0122448979591837,71036800,-0.141463414634147,30.25,0.0175619834710744,29.71875,33.03125,0,-1.08135593220339,0.905449370992124
"1999-04-14",1999-04-14,-0.0578512396694215,104478400,-0.191130820399113,28.5,0,28.5,32.765625,4821,-1.35109717868338,0.651538133238004
"1999-04-15",1999-04-15,0.025219298245614,63876800,-0.170731707317073,29.21875,0.0245989304812835,28.5,29.21875,4821,-0.893271461716937,0.821486262583081
"1999-04-16",1999-04-16,-0.0203208556149733,34904400,-0.187583148558758,28.625,0.00436681222707425,28.5,29.21875,4823,-1.0987012987013,0.681429471960279
"1999-04-19",1999-04-19,-0.0305676855895196,64349400,-0.212416851441242,27.75,0,27.75,28.625,4824,-1.13238770685579,0.571145279008681
"1999-04-20",1999-04-20,0.0191441441441441,39453400,-0.197339246119734,28.28125,0.0187845303867403,27.75,28.28125,4824,-0.929018789144049,0.699035430747111
"1999-04-21",1999-04-21,0.0331491712707182,43047400,-0.170731707317073,29.21875,0.0502673796791444,0,29.21875,0,2.67599874174269,0.918430586800794
"1999-04-22",1999-04-22,0.0524064171122995,56996800,-0.127272727272727,30.75,0.0975609756097561,0,30.75,0,1.94084068500259,1.26118394447704
"1999-04-23",1999-04-23,0.0040650406504065,44717000,-0.123725055432373,30.875,0.101214574898785,0,30.875,0,1.03744939271255,1.28838162820796
"1999-04-26",1999-04-26,0.0435222672064777,37821600,-0.0855875831485589,32.21875,0.138700290979631,0,32.21875,0,1.37035887487876,1.57399447667766
"1999-04-27",1999-04-27,-0.0339476236663434,36775400,-0.116629711751663,31.125,0.108433734939759,27.75,32.21875,4830,-1.36269430051814,1.34244449266516
"1999-04-28",1999-04-28,-0.0170682730923695,29094000,-0.131707317073171,30.59375,0.0929519918283963,27.75,32.21875,0,-1.12927756653992,1.22702827256079
"1999-04-29",1999-04-29,-0.00612870275791624,29336200,-0.137028824833703,30.40625,0.0873586844809866,27.75,32.21875,0,-1.04040404040404,1.1858053156753
"1999-04-30",1999-04-30,0.00616649537512847,28045000,-0.131707317073171,30.59375,0.0929519918283963,27.75,32.21875,0,1.06402691822388,1.22702827256079
"1999-05-03",1999-05-03,0.0316649642492339,29665000,-0.104212860310422,31.5625,0.120792079207921,27.75,32.21875,0,1.2995103905995,1.43601518666758
"1999-05-04",1999-05-04,-0.0227722772277228,29221200,-0.124611973392461,30.84375,0.100303951367781,27.75,32.21875,0,-1.19574468085106,1.28159269274232
"1999-05-05",1999-05-05,0.0374873353596758,35256800,-0.0917960088691798,32,0.1328125,27.75,32.21875,0,1.32410037878788,1.52830961490211
"1999-05-06",1999-05-06,-0.0673828125,58030600,-0.152993348115299,29.84375,0.0701570680628272,27.75,32.21875,0,-1.66666666666666,1.06054379421295
"1999-05-07",1999-05-07,0.0209424083769634,38797800,-0.135254988913526,30.46875,0.0892307692307692,27.75,32.21875,0,1.27187141216992,1.19957518984168
"1999-05-10",1999-05-10,-0.00512820512820513,21220200,-0.139689578713969,30.3125,0.0845360824742268,27.75,32.21875,0,-1.0327868852459,1.16509583584599
"1999-05-11",1999-05-11,0.0278350515463918,28584200,-0.115742793791574,31.15625,0.109327983951856,27.75,32.21875,0,1.29327005406463,1.34917158502304
"1999-05-12",1999-05-12,0.00300902708124373,23681000,-0.113082039911308,31.25,0.112,27.75,32.21875,0,1.02444036697248,1.36931233341548
"1999-05-13",1999-05-13,-0.039,27664200,-0.147671840354767,30.03125,0.0759625390218522,27.75,32.21875,0,-1.30588235294118,1.10256804835614
"1999-05-14",1999-05-14,-0.0343392299687825,45267200,-0.176940133037694,29,0.0431034482758621,27.75,32.21875,0,-1.1981981981982,0.867926011530904
"1999-05-17",1999-05-17,0.0247844827586207,30004600,-0.156541019955654,29.71875,0.0662460567823344,27.75,32.21875,0,1.53690851735016,1.03237391962758
"1999-05-18",1999-05-18,-0.00841219768664564,32767400,-0.163636363636364,29.46875,0.0583244962884412,27.75,32.21875,0,-1.04532577903683,0.975658236657133
"1999-05-19",1999-05-19,0.0127253446447508,34605800,-0.152993348115299,29.84375,0.0701570680628272,27.75,32.21875,0,1.20287482151356,1.06054379421295
"1999-05-20",1999-05-20,-0.0335078534031414,42619000,-0.181374722838137,28.84375,0.037919826652221,27.75,32.21875,0,-1.18550724637681,0.831600053561903
"1999-05-21",1999-05-21,-0.0119176598049837,39350400,-0.191130820399113,28.5,0.0263157894736842,27.75,32.21875,0,-1.05378973105134,0.750927325281385
"1999-05-24",1999-05-24,-0.018640350877193,35671000,-0.206208425720621,27.96875,0.00782122905027938,27.75,32.21875,0,-1.07888631090487,0.62413232899712
"1999-05-25",1999-05-25,-0.0547486033519553,66201200,-0.249667405764967,26.4375,0,26.4375,32,4850,-1.21075268817204,0.430457784107366
"1999-05-26",1999-05-26,-0.0224586288416076,73240000,-0.266518847006652,25.84375,0,25.84375,26.4375,4851,-1.06749555950266,0.366813441175819
"1999-05-27",1999-05-27,0.0278113663845224,55010800,-0.246119733924612,26.5625,0.0270588235294118,25.84375,26.5625,4851,-0.923460898502496,0.546052068258426
"1999-05-28",1999-05-28,0.0176470588235294,34955400,-0.232815964523282,27.03125,0.0439306358381503,0,27.03125,0,1.62352349836642,0.66001888231133
"1999-06-01",1999-06-01,-0.0624277456647399,57058600,-0.280709534368071,25.34375,0,0,27.03125,4854,-1.20571428571429,0.313218205022936
"1999-06-02",1999-06-02,0.0246609124537608,57670600,-0.262971175166297,25.96875,0.0240673886883274,25.34375,25.96875,4854,-0.936808846761453,0.471109706234458
"1999-06-03",1999-06-03,-0.0276774969915764,49020400,-0.283370288248337,25.25,0,0,25.96875,4856,-1.07757166947723,0.303169098244271
"1999-06-04",1999-06-04,0.0532178217821782,50203800,-0.245232815964523,26.59375,0.0505287896592245,25.25,26.59375,4856,-0.865414710485134,0.638042887413229
"1999-06-07",1999-06-07,0.00470035252643948,37754200,-0.241685144124168,26.71875,0.0549707602339181,0,26.71875,0,1.08790969672243,0.668218083378422
"1999-06-08",1999-06-08,-0.0327485380116959,32770200,-0.266518847006652,25.84375,0.0229746070133011,25.25,26.71875,4859,-1.10275229357798,0.453583691061332
"1999-06-09",1999-06-09,0.0278113663845224,44114800,-0.246119733924612,26.5625,0.0494117647058824,25.25,26.71875,0,2.1507120743034,0.630474417264685
"1999-06-10",1999-06-10,0.0423529411764706,61884400,-0.214190687361419,27.6875,0.0665914221218962,25.84375,27.6875,4859,1.34768354294314,0.815947644874737
"1999-06-11",1999-06-11,-0.0169300225733634,45783200,-0.227494456762749,27.21875,0.0505166475315729,25.84375,27.6875,4862,-1.06211180124224,0.704991074346566
"1999-06-14",1999-06-14,-0.00114810562571757,24989400,-0.228381374722838,27.1875,0.0494252873563218,25.84375,27.6875,0,-1.00389863547758,0.697519534657243
"1999-06-15",1999-06-15,0.0241379310344828,27586800,-0.209756097560976,27.84375,0.0235690235690236,27.1875,27.84375,4862,-0.918446601941748,0.670209621758858
"1999-06-16",1999-06-16,0.0718294051627385,61416000,-0.152993348115299,29.84375,0.0890052356020943,0,29.84375,0,3.77636499626029,1.13172935165554
"1999-06-17",1999-06-17,-0.0282722513089005,46763200,-0.176940133037694,29,0.0625,27.1875,29.84375,4866,-1.15652173913043,0.941182700493914
"1999-06-18",1999-06-18,-0.052801724137931,80073000,-0.22039911308204,27.46875,0.0102389078498294,27.1875,29.84375,0,-1.24561403508772,0.57966815625953
"1999-06-21",1999-06-21,0.0341296928327645,31147400,-0.193791574279379,28.40625,0.0429042904290429,27.1875,29.84375,0,4.19031903190317,0.803529491374948
"1999-06-22",1999-06-22,-0.0198019801980198,32863600,-0.209756097560975,27.84375,0.0235690235690236,27.1875,29.84375,0,-1.08237986270023,0.670209621758859
"1999-06-23",1999-06-23,0.015712682379349,22939200,-0.197339246119734,28.28125,0.0386740331491713,27.1875,29.84375,0,1.64088397790055,0.77415389191581
"1999-06-24",1999-06-24,-0.0265193370165746,26697400,-0.218625277161863,27.53125,0.0124858115777525,27.1875,29.84375,0,-1.10786516853933,0.594853642731106
"1999-06-25",1999-06-25,0.00454029511918275,23760600,-0.215077605321508,27.65625,0.0169491525423728,27.1875,29.84375,0,1.35747303543914,0.625109550156261
"1999-06-28",1999-06-28,0.0305084745762712,23692000,-0.191130820399113,28.5,0.0460526315789473,27.1875,29.84375,0,2.7171052631579,0.825469219313919
"1999-06-29",1999-06-29,0.0394736842105263,43264600,-0.15920177383592,29.625,0.0822784810126582,27.1875,29.84375,0,1.78661844484629,1.08287590109737
"1999-06-30",1999-06-30,0.00421940928270042,38437200,-0.155654101995565,29.75,0.0861344537815126,27.1875,29.84375,0,1.04686489980608,1.11083790682102
"1999-07-01",1999-07-01,0.0567226890756303,61648600,-0.107760532150776,31.4375,0.12624254473161,27.46875,31.4375,4866,1.46564515346943,1.44320163748644
"1999-07-02",1999-07-02,0.0099403578528827,37455600,-0.0988913525498891,31.75,0.134842519685039,0,31.75,0,1.06812263624527,1.50917895344614
"1999-07-06",1999-07-06,0.00590551181102362,57441400,-0.0935698447893569,31.9375,0.139921722113503,0,31.9375,0,1.03766766180525,1.54846024437588
"1999-07-07",1999-07-07,0.00782778864970646,34634200,-0.0864745011086475,32.1875,0.146601941747573,0,32.1875,0,1.04774254871342,1.60048764447222
"1999-07-08",1999-07-08,0.0213592233009709,37003000,-0.0669623059866962,32.875,0.164448669201521,0,32.875,0,1.12173595548057,1.74158442342855
"1999-07-09",1999-07-09,0.00760456273764259,35534000,-0.0598669623059865,33.125,0.170754716981132,0,33.125,0,1.03834660268295,1.79219865526949
"1999-07-12",1999-07-12,-0.0122641509433962,41699000,-0.0713968957871396,32.71875,0.160458452722063,27.46875,33.125,4882,-1.19259259259259,1.70976570523586
"1999-07-13",1999-07-13,-0.000955109837631328,46768600,-0.0722838137472284,32.6875,0.159655831739962,27.46875,33.125,0,-1.01242236024845,1.70338467264104
"1999-07-14",1999-07-14,0.0401529636711281,89826200,-0.0350332594235032,34,0.0386029411764706,32.6875,34,4882,-0.484662576687115,1.38688090601275
"1999-07-15",1999-07-15,-0.00459558823529412,47663000,-0.0394678492239466,33.84375,0.0341643582640813,32.6875,34,4885,-1.12658227848101,1.35336880227474
"1999-07-16",1999-07-16,-0.00831024930747922,32286600,-0.0474501108647449,33.5625,0.0260707635009311,32.6875,34,0,-1.20224719101124,1.29265367985778
"1999-07-19",1999-07-19,0.00651769087523277,33173000,-0.0412416851441242,33.78125,0.032377428307123,32.6875,34,0,1.24190564292322,1.33992053981854
"1999-07-20",1999-07-20,-0.0388529139685476,42724000,-0.0784922394678492,32.46875,0,32.46875,33.84375,4888,-1.90322580645161,1.07695032020151
"1999-07-21",1999-07-21,0.00962463907603465,28579200,-0.0696230598669624,32.78125,0.00953288846520495,32.46875,32.78125,4888,-0.887005649717515,1.14645105392812
"1999-07-22",1999-07-22,-0.0257387988560534,29924600,-0.0935698447893569,31.9375,0,0,32.78125,4890,-1.34394904458598,1.02000538178907
"1999-07-23",1999-07-23,0.00489236790606654,27393200,-0.0891352549889134,32.09375,0.00486854917234669,31.9375,32.09375,4890,-0.952606635071089,1.05514137749604
"1999-07-26",1999-07-26,-0.0204479065238559,35694200,-0.107760532150776,31.4375,0,0,32.09375,4892,-1.2089552238806,0.966410145636188
"1999-07-27",1999-07-27,0.0745526838966203,77952200,-0.0412416851441241,33.78125,0.0693802035152636,31.4375,33.78125,4892,-0.382716049382715,1.47967222520794
"1999-07-28",1999-07-28,0.0407030527289547,83384400,-0.00221729490022171,35.15625,0.105777777777778,0,35.15625,0,1.52461037037037,1.76452509356339
"1999-07-29",1999-07-29,-0.0115555555555556,72512000,-0.0137472283813747,34.75,0.0953237410071942,31.4375,35.15625,4895,-6.20000000000002,1.68149626999681
"1999-07-30",1999-07-30,-0.00719424460431655,58118000,-0.0208425720620842,34.5,0.0887681159420289,31.4375,35.15625,0,-1.51612903225807,1.62993943733486
"1999-08-02",1999-08-02,0.0335144927536232,77483200,0,35.65625,0.0324276950043821,34.5,35.65625,4895,0,1.49587154161209
"1999-08-03",1999-08-03,0.0227870289219982,75450600,0,36.46875,0.0539845758354756,0,36.46875,0,1.66476759535885,1.57728733842565
"1999-08-04",1999-08-04,-0.00171379605826907,53272800,-0.00171379605826905,36.40625,0.0523605150214592,34.5,36.46875,4899,0,1.56468095631332
"1999-08-05",1999-08-05,-0.0188841201716738,59293200,-0.0205655526992288,35.71875,0.0341207349081365,34.5,36.46875,0,-12.0000000000001,1.42459403726641
"1999-08-06",1999-08-06,0.00174978127734033,42893200,-0.0188517566409597,35.78125,0.0358078602620088,34.5,36.46875,0,1.0494457507558,1.43743860085793
"1999-08-09",1999-08-09,0.0262008733624454,54494600,0,36.71875,0.0272340425531915,35.71875,36.71875,4899,0,1.47625621061873
"1999-08-10",1999-08-10,-0.0229787234042553,67205200,-0.0229787234042553,35.875,0.00435540069686413,35.71875,36.71875,4903,0,1.30306260428421
"1999-08-11",1999-08-11,0.0592334494773519,80989400,0,38,0.055921052631579,35.875,38,4903,12.8394736842105,1.58460100326432
"1999-08-12",1999-08-12,-0.000822368421052632,48030000,-0.000822368421052655,37.96875,0.0551440329218107,35.875,38,4905,0,1.57856045128905
"1999-08-13",1999-08-13,0.0502057613168724,46873400,0,39.875,0.0478056426332288,37.96875,39.875,4905,0,1.55395080963652
"1999-08-16",1999-08-16,-0.0148902821316614,35343600,-0.0148902821316615,39.28125,0.0334128878281623,37.96875,39.875,4907,0,1.44335494913124
"1999-08-17",1999-08-17,0.00556881463802705,32726200,-0.00940438871473359,39.5,0.0387658227848101,37.96875,39.875,0,1.16020569620253,1.48429092013161
"1999-08-18",1999-08-18,-0.00632911392405063,32524600,-0.0156739811912227,39.25,0.0326433121019108,37.96875,39.875,0,-1.66666666666667,1.43748855754388
"1999-08-19",1999-08-19,-0.0151273885350318,32120600,-0.0305642633228841,38.65625,0.0177849636216654,37.96875,39.875,0,-1.94999999999999,1.32513424782913
"1999-08-20",1999-08-20,0.0339531123686338,35718000,0,39.96875,0.0328381548084441,38.65625,39.96875,4907,1.84639988627478,1.49742176180719
"1999-08-23",1999-08-23,0.037529319781079,49839000,0,41.46875,0.0678221552373776,0,41.46875,0,2.06534610830014,1.62954896021611
"1999-08-24",1999-08-24,0.00226073850791258,61735000,0,41.5625,0.0699248120300752,0,41.5625,0,1.03100250626566,1.6374902518874
"1999-08-25",1999-08-25,0.00676691729323308,48070800,0,41.84375,0.0761762509335325,0,41.84375,0,1.08940229829676,1.66110061943288
"1999-08-26",1999-08-26,-0.0313666915608663,43461800,-0.0313666915608662,40.53125,0.0462606013878181,38.65625,41.84375,4915,0,1.42965012940671
"1999-08-27",1999-08-27,0.0239013107170393,40881200,-0.00821508588498876,41.5,0.0685240963855421,38.65625,41.84375,0,1.4812625502008,1.60117339558239
"1999-08-30",1999-08-30,-0.00903614457831325,34043600,-0.0171769977595219,41.125,0.0600303951367781,38.65625,41.84375,0,-2.09090909090908,1.53524722275443
"1999-08-31",1999-08-31,-0.000759878419452888,43185000,-0.0179238237490663,41.09375,0.0593155893536121,38.65625,41.84375,0,-1.04347826086957,1.52972694751816
"1999-09-01",1999-09-01,0.0152091254752852,53947000,-0.00298730395817781,41.71875,0.0734082397003746,38.65625,41.84375,0,1.23758763084606,1.63936400661365
"1999-09-02",1999-09-02,0.0224719101123595,50979600,0,42.65625,0.0498168498168499,40.53125,42.65625,4915,0,1.56154671540297
"1999-09-03",1999-09-03,0.0468864468864469,48828400,0,44.65625,0.092372288313506,0,44.65625,0,1.85423784629317,1.72226964007388
"1999-09-07",1999-09-07,-0.0188943317004899,39605600,-0.0188943317004898,43.8125,0.0748930099857347,40.53125,44.65625,4922,0,1.58489417900231
"1999-09-08",1999-09-08,-0.0192582025677603,44545800,-0.0377886634009797,42.96875,0.0567272727272727,40.53125,44.65625,0,-2.00000000000001,1.44492610718802
"1999-09-09",1999-09-09,0.0210909090909091,39662000,-0.0174947515745276,43.875,0.0762108262108262,40.53125,44.65625,0,1.34346007743444,1.59515721245844
"1999-09-10",1999-09-10,-0.00427350427350427,32576600,-0.0216934919524143,43.6875,0.0722460658082976,40.53125,44.65625,0,-1.24,1.56432539007962
"1999-09-13",1999-09-13,-0.0343347639484979,36046600,-0.0552834149755074,42.1875,0.0392592592592592,40.53125,44.65625,0,-2.54838709677419,1.31287911035916
"1999-09-14",1999-09-14,0.017037037037037,36912800,-0.0391882435269422,42.90625,0.0553532410779315,40.53125,44.65625,0,1.40994104632467,1.43445075991923
"1999-09-15",1999-09-15,-0.032774945375091,46949000,-0.0706787963610919,41.5,0.0233433734939759,40.53125,44.65625,0,-1.80357142857142,1.19462305168795
"1999-09-16",1999-09-16,-0.00451807228915663,56585200,-0.0748775367389783,41.3125,0.018910741301059,40.53125,44.65625,0,-1.05940594059406,1.16202417613852
"1999-09-17",1999-09-17,0.0242057488653555,51575200,-0.0524842547235831,42.3125,0.0420974889217134,40.53125,44.65625,0,2.22611521418021,1.33417034425445
"1999-09-20",1999-09-20,-0.00664697193500739,20707200,-0.058782365290413,42.03125,0.0356877323420074,40.53125,44.65625,0,-1.12,1.28617540761948
"1999-09-21",1999-09-21,-0.0245353159851301,38608600,-0.0818754373687894,41,0.0114329268292683,40.53125,44.65625,0,-1.39285714285714,1.10735245026699
"1999-09-22",1999-09-22,0.00990853658536585,42055400,-0.0727781665500351,41.40625,0.0211320754716982,40.53125,44.65625,0,1.84835220125786,1.1783425661221
"1999-09-23",1999-09-23,-0.0641509433962264,73686000,-0.132260321903429,38.75,0,38.75,43.875,4934,-1.81730769230769,0.873879601903732
"1999-09-24",1999-09-24,-0.0235886967741936,124564000,-0.152729170048985,37.835938,0,37.835938,38.75,4935,-1.15476182010582,0.796573075292404
"1999-09-27",1999-09-27,0.0332438434590944,71235400,-0.124562631210637,39.09375,0.0321742478017586,37.835938,39.09375,4935,-0.815578524853408,1.02446751248645
"1999-09-28",1999-09-28,-0.008792965627498,50034400,-0.132260321903429,38.75,0.0235886967741936,37.835938,39.09375,4937,-1.06179775280899,0.96296913942598
"1999-09-29",1999-09-29,-0.0298387096774194,46331800,-0.15815255423373,37.59375,0,37.59375,38.75,4938,-1.19576719576719,0.776090095946426
"1999-09-30",1999-09-30,-0.0116375727348296,46111600,-0.167949615115465,37.15625,0,37.15625,37.59375,4939,-1.06194690265487,0.739088661259877
"1999-10-01",1999-10-01,0.00841042893187553,37753600,-0.160951714485654,37.46875,0.00834028356964134,37.15625,37.46875,4939,-0.958333333333332,0.797017751189729
"1999-10-04",1999-10-04,0.0275229357798165,41334800,-0.137858642407278,38.5,0.0349025974025974,0,38.5,0,4.18482142857144,0.984555681270252
"1999-10-05",1999-10-05,-0.0105519480519481,39542200,-0.146955913226032,38.09375,0.0246103363412633,37.15625,38.5,4942,-1.06598984771574,0.911325504779121
"1999-10-06",1999-10-06,0.00984413453650533,36667600,-0.138558432470259,38.46875,0.0341186027619821,37.15625,38.5,0,1.38635255889521,0.978951739081694
"1999-10-07",1999-10-07,-0.0170593013809911,35291000,-0.153254023792862,37.8125,0.0173553719008265,37.15625,38.5,0,-1.10606060606061,0.860138396141449
"1999-10-08",1999-10-08,0.000826446280991736,36361800,-0.152554233729881,37.84375,0.0181668042939719,37.15625,38.5,0,1.04675396170028,0.865845964940114
"1999-10-11",1999-10-11,0.0107349298100743,24459000,-0.143456962911127,38.25,0.0285947712418301,37.15625,38.5,0,1.57401218062983,0.939588673971097
"1999-10-12",1999-10-12,0.00245098039215686,88521800,-0.141357592722183,38.34375,0.0309698451507743,37.15625,38.5,0,1.08305972755851,0.956487706552924
"1999-10-13",1999-10-13,-0.0594947025264874,120722000,-0.192442267319804,36.0625,0,36.0625,38.46875,4948,-1.36138613861386,0.646585074543505
"1999-10-14",1999-10-14,0.0168977469670711,51861200,-0.178796361091672,36.671875,0.0166169578184917,36.0625,36.671875,4948,-0.929090909090909,0.760881535590981
"1999-10-15",1999-10-15,-0.0336599914784832,48653200,-0.206438068579426,35.4375,0,0,36.671875,4950,-1.1545988258317,0.59372588213415
"1999-10-18",1999-10-18,-0.0211640211640212,58185800,-0.223233030090973,34.6875,0,34.6875,35.4375,4951,-1.08135593220339,0.530294851242924
"1999-10-19",1999-10-19,-0.0612612612612613,84401400,-0.270818754373688,32.5625,0,32.5625,34.6875,4952,-1.21316614420063,0.350573597051117
"1999-10-20",1999-10-20,0.0738963531669866,65099000,-0.216934919524143,34.96875,0.0688114387846291,32.5625,34.96875,4952,-0.801033591731266,0.81396779338471
"1999-10-21",1999-10-21,0.0250223413762288,53021200,-0.197340797760672,35.84375,0.0915431560592851,0,35.84375,0,1.33034794325117,0.973823569277897
"1999-10-22",1999-10-22,0.024411508282476,61746200,-0.177746675997201,36.71875,0.113191489361702,0,36.71875,0,1.23648226950355,1.12958763217949
"1999-10-25",1999-10-25,-0.0297872340425532,35013800,-0.20223932820154,35.625,0.0859649122807018,32.5625,36.71875,4956,-1.13779527559055,0.934255000531996
"1999-10-26",1999-10-26,0.00263157894736842,56708600,-0.200139958012596,35.71875,0.0883639545056868,32.5625,36.71875,0,1.02790722588248,0.951244556393329
"1999-10-27",1999-10-27,-0.0279965004374453,72186600,-0.222533240027992,34.71875,0.0621062106210621,32.5625,36.71875,0,-1.11188811188811,0.767499882454517
"1999-10-28",1999-10-28,0.0396039603960396,73409000,-0.191742477256823,36.09375,0.0978354978354978,32.5625,36.71875,0,1.57529330572809,1.01873209531919
"1999-10-29",1999-10-29,0.0727272727272727,84593000,-0.13296011196641,38.71875,0.103309120258273,34.71875,38.71875,4956,1.05594720263987,1.26141342202418
"1999-11-01",1999-11-01,-0.0185633575464084,45868200,-0.149055283414976,38,0.0863486842105263,34.71875,38.71875,4961,-1.12105263157895,1.13656935740484
"1999-11-02",1999-11-02,0.0197368421052632,40676400,-0.132260321903429,38.75,0.0193548387096775,38,38.75,4961,-0.887323943661972,0.946978749600152
"1999-11-03",1999-11-03,0.0290322580645161,50480200,-0.107067879636109,39.875,0.0470219435736677,0,39.875,0,2.42946708463949,1.14661812148423
"1999-11-04",1999-11-04,0.0227272727272727,43687000,-0.0867739678096574,40.78125,0.0681992337164751,0,40.78125,0,1.45037037037037,1.30324611324234
"1999-11-05",1999-11-05,0.00996168582375479,39674400,-0.077676696990903,41.1875,0.0773899848254932,0,41.1875,0,1.13476326064347,1.37231611873431
"1999-11-08",1999-11-08,-0.00303490136570561,26942400,-0.0804758572428274,41.0625,0.0745814307458144,38,41.1875,4966,-1.03603603603604,1.35113696326244
"1999-11-09",1999-11-09,-0.0251141552511416,33702800,-0.103568929321204,40.03125,0.0507416081186572,38,41.1875,0,-1.28695652173913,1.17388130883092
"1999-11-10",1999-11-10,-0.0132708821233411,34175200,-0.115465360391883,39.5,0.0379746835443038,38,41.1875,0,-1.11486486486486,1.08073301118667
"1999-11-11",1999-11-11,0.0055379746835443,32186200,-0.110566829951015,39.71875,0.043273013375295,38,41.1875,0,1.13952268554944,1.11924440393104
"1999-11-12",1999-11-12,-0.040912667191188,87515200,-0.146955913226032,38.09375,0.00246103363412631,38,41.1875,0,-1.32911392405063,0.827672255364429
"1999-11-15",1999-11-15,-0.0278917145200984,39333800,-0.17074877536739,37.03125,0,37.03125,41.0625,4971,-1.16190476190476,0.728516822778005
"1999-11-16",1999-11-16,0.0337552742616034,55737400,-0.142757172848146,38.28125,0.0326530612244897,37.03125,38.28125,4971,-0.836065573770492,0.957558939764826
"1999-11-17",1999-11-17,-0.0236734693877551,47086400,-0.163051084674598,37.375,0.00919732441471577,37.03125,38.28125,4973,-1.1421568627451,0.792325735019649
"1999-11-18",1999-11-18,0.0501672240802676,37706400,-0.121063680895731,39.25,0.0477707006369427,37.375,39.25,4973,5.19397799652574,1.09658682673799
"1999-11-19",1999-11-19,0.017515923566879,46497200,-0.105668299510147,39.9375,0.0641627543035994,0,39.9375,0,1.34314032342201,1.21664127124298
"1999-11-22",1999-11-22,0.00782472613458529,36870800,-0.0986703988803364,40.25,0.0714285714285714,0,40.25,0,1.11324041811847,1.27051232780393
"1999-11-23",1999-11-23,-0.0186335403726708,41043600,-0.115465360391883,39.5,0.0537974683544303,37.375,40.25,4977,-1.17021276595745,1.14049233551655
"1999-11-24",1999-11-24,0.0403481012658228,33626800,-0.0797760671798463,41.09375,0.0387832699619772,39.5,41.09375,4977,-0.690909090909091,1.21857781235902
"1999-11-26",1999-11-26,-0.023574144486692,14182200,-0.101469559132261,40.125,0.0155763239875389,39.5,41.09375,4979,-1.2719298245614,1.04899831893715
"1999-11-29",1999-11-29,-0.0163551401869159,32651200,-0.116165150454864,39.46875,0,39.46875,40.125,4980,-1.1448275862069,0.934667673174489
"1999-11-30",1999-11-30,-0.0285035629453682,34865800,-0.141357592722184,38.34375,0,38.34375,39.46875,4981,-1.21686746987952,0.83952112683765
"1999-12-01",1999-12-01,-0.00488997555012225,45556600,-0.14555633310007,38.15625,0,38.15625,38.34375,4982,-1.02970297029703,0.823663369114843
"1999-12-02",1999-12-02,0.0163800163800164,31118400,-0.131560531840448,38.78125,0.016116035455278,38.15625,38.78125,4982,-0.903846153846154,0.937389431752214
"1999-12-03",1999-12-03,0.0145044319097502,36542200,-0.118964310706788,39.34375,0.0301826846703733,0,39.34375,0,1.87283558379667,1.03808947512998
"1999-12-06",1999-12-06,-0.0103256552819698,28640000,-0.128061581525543,38.9375,0.0200642054574639,38.15625,39.34375,4985,-1.07647058823529,0.965515636064106
"1999-12-07",1999-12-07,-0.00882825040128411,33654200,-0.135759272218335,38.59375,0.011336032388664,38.15625,39.34375,0,-1.06010928961749,0.903478609604694
"1999-12-08",1999-12-08,-0.0348178137651822,52680200,-0.165850244926522,37.25,0,37.25,38.9375,4987,-1.22164948453608,0.747017540121278
"1999-12-09",1999-12-09,-0.0167785234899329,53826600,-0.179846046186145,36.625,0,36.625,37.25,4988,-1.08438818565401,0.694158347711923
"1999-12-10",1999-12-10,-0.0136518771331058,56234800,-0.191042687193842,36.125,0,36.125,36.625,4989,-1.06225680933852,0.651870993784439
"1999-12-13",1999-12-13,0.0250865051903114,47804800,-0.17074877536739,37.03125,0.0244725738396624,36.125,37.03125,4989,-0.893772893772894,0.820944577741552
"1999-12-14",1999-12-14,-0.0219409282700422,41743400,-0.188943317004899,36.21875,0.002588438308887,36.125,37.03125,4991,-1.10655737704918,0.66957585874847
"1999-12-15",1999-12-15,0.089732528041415,82046800,-0.116165150454864,39.46875,0.0823436262866192,36.21875,39.46875,4991,31.8120876220636,1.24566219966335
"1999-12-16",1999-12-16,0.0166270783847981,50160200,-0.101469559132261,40.125,0.0973520249221184,0,40.125,0,1.18226545650611,1.35784791103457
"1999-12-17",1999-12-17,0.0225856697819315,69469600,-0.0811756473058086,41.03125,0.117288651942117,0,41.03125,0,1.20478903274943,1.50979017958847
"1999-12-20",1999-12-20,-0.0121858339680122,36251400,-0.0923722883135062,40.53125,0.106399383191982,36.21875,41.03125,4995,-1.13793103448276,1.42637635198626
"1999-12-21",1999-12-21,0.0223592906707787,34670400,-0.0720783764870542,41.4375,0.021870286576169,40.53125,41.4375,4995,-0.780303030303031,1.18377359354134
"1999-12-22",1999-12-22,-0.00452488687782805,24926600,-0.0762771168649408,41.25,0.0174242424242425,40.53125,41.4375,4997,-1.05825242718447,1.15112406384866
"1999-12-23",1999-12-23,0.00757575757575758,21641600,-0.0692792162351297,41.5625,0.00751879699248126,41.25,41.5625,4997,-0.908256880733945,1.14014287975822
"1999-12-27",1999-12-27,0.0233082706766917,28611000,-0.0475857242827155,42.53125,0.0301249081557678,0,42.53125,0,4.00661278471709,1.30745314669567
"1999-12-28",1999-12-28,-0.0242468772961058,23457400,-0.0706787963610918,41.5,0.00602409638554213,41.25,42.53125,5000,-1.48529411764705,1.12921179126181
"1999-12-29",1999-12-29,0.0105421686746988,16024200,-0.0608817354793564,41.9375,0.0163934426229508,41.25,42.53125,0,2.72131147540986,1.20537606184142
"1999-12-30",1999-12-30,-0.0022354694485842,14885400,-0.0629811056682996,41.84375,0.0141896938013443,41.25,42.53125,0,-1.03448275862069,1.18912408801586
"1999-12-31",1999-12-31,-0.0164301717699776,11572000,-0.078376487053884,41.15625,0,41.15625,41.9375,5003,-1.24444444444444,1.07738749267975
"2000-01-03",2000-01-03,0.0569476082004556,57710200,-0.0258922323303011,43.5,0.0538793103448276,41.15625,43.5,5003,-0.330357142857145,1.47910026688985
"2000-01-04",2000-01-04,-0.0466954022988506,51019600,-0.0713785864240729,41.46875,0.00753579502637525,41.15625,43.5,5005,-2.75675675675674,1.13227819888931
"2000-01-05",2000-01-05,0.00828937452901281,52389000,-0.0636808957312807,41.8125,0.015695067264574,41.15625,43.5,0,2.08273542600898,1.19216660678029
"2000-01-06",2000-01-06,-0.0582959641255605,55171200,-0.118264520643807,39.375,0,39.375,41.8125,5007,-1.85714285714286,0.926738794313086
"2000-01-07",2000-01-07,0.0412698412698413,41096400,-0.0818754373687893,41,0.0396341463414634,39.375,41,5007,-0.692307692307691,1.21386251430128
"2000-01-10",2000-01-10,0.0457317073170732,53619800,-0.0398880335899231,42.875,0.0816326530612245,0,42.875,0,2.0596546310832,1.53105960222575
"2000-01-11",2000-01-11,0.0459183673469388,105481800,0,44.84375,0.121951219512195,0,44.84375,0,1.49390243902439,1.83398303086097
"2000-01-12",2000-01-12,0.0174216027874564,97326600,0,45.625,0.136986301369863,0,45.625,0,1.12328767123288,1.89076736711028
"2000-01-13",2000-01-13,-0.00205479452054795,76104200,-0.00205479452054791,45.53125,0.135209334248456,39.375,45.625,5012,0,1.8762956107498
"2000-01-14",2000-01-14,0.131777625257378,184405200,0,51.53125,0.116434202546998,45.53125,51.53125,5012,0,1.81314642023187
"2000-01-18",2000-01-18,-0.00909642207398423,102100600,-0.0090964220739842,51.0625,0.108323133414933,45.53125,51.53125,5014,0,1.74815735160548
"2000-01-19",2000-01-19,-0.0201958384332925,45568000,-0.0291085506367496,50.03125,0.089943785134291,45.53125,51.53125,0,-3.20000000000001,1.60316083274238
"2000-01-20",2000-01-20,-0.0443472829481574,70002000,-0.0721649484536082,47.8125,0.0477124183006536,45.53125,51.53125,0,-2.47916666666666,1.28104691599003
"2000-01-21",2000-01-21,0.0241830065359477,55558200,-0.0497271073377805,48.96875,0.0701978302488833,45.53125,51.53125,0,1.47126959288755,1.45071257737792
"2000-01-24",2000-01-24,0.00893426930440332,74832600,-0.0412371134020619,49.40625,0.0784313725490197,45.53125,51.53125,0,1.11729055258467,1.51387385005233
"2000-01-25",2000-01-25,0.0278304870335231,51382600,-0.0145542753183748,50.78125,0.103384615384615,45.53125,51.53125,0,1.31815384615385,1.70889244784078
"2000-01-26",2000-01-26,-0.0498461538461538,49306200,-0.0636749545178897,48.25,0.0563471502590673,45.53125,51.53125,0,-4.37499999999999,1.34572339747215
"2000-01-27",2000-01-27,0.016839378238342,61482000,-0.0479078229229836,49.0625,0.0719745222929936,45.53125,51.53125,0,1.27734094736071,1.46429382278251
"2000-01-28",2000-01-28,-0.0420382165605096,53922800,-0.0879320800485143,47,0.03125,45.53125,51.53125,0,-1.83544303797469,1.15932269687646
"2000-01-31",2000-01-31,0.0525265957446809,68453200,-0.0400242571255308,49.46875,0.0795957043588124,45.53125,51.53125,0,2.547062539482,1.52285198857525
"2000-02-01",2000-02-01,0.0252684775742262,48051400,-0.0157671315949061,50.71875,0.102279728897104,45.53125,51.53125,0,1.28499056225489,1.70013882177485
"2000-02-02",2000-02-02,-0.0135551447935921,52080600,-0.0291085506367496,50.03125,0.089943785134291,45.53125,51.53125,0,-1.84615384615384,1.60316083274238
"2000-02-03",2000-02-03,0.0412242348532167,56126000,0,52.09375,0.0977804439112178,47,52.09375,5014,1.0871284076518,1.74269510425534
"2000-02-04",2000-02-04,0.00539892021595681,55953800,0,52.375,0.102625298329356,0,52.375,0,1.04954829641126,1.76099309857042
"2000-02-07",2000-02-07,0.0304295942720764,42810000,0,53.96875,0.129125651418645,0,53.96875,0,1.25822437080029,1.86107934850196
"2000-02-08",2000-02-08,0.00810654313839027,38026000,0,54.40625,0.136128661688685,0,54.40625,0,1.05423407505093,1.88752824274116
"2000-02-09",2000-02-09,-0.038483630097645,38615200,-0.038483630097645,52.3125,0.101553166069295,47,54.40625,5030,0,1.61159931863752
"2000-02-10",2000-02-10,0.028673835125448,43539200,-0.0109132682366454,53.8125,0.126596980255517,47,54.40625,0,1.24660791145727,1.81031197563725
"2000-02-11",2000-02-11,-0.016260162601626,37756000,-0.0269959793222285,52.9375,0.112160566706021,47,54.40625,0,-2.47368421052636,1.69504767234189
"2000-02-14",2000-02-14,0.0377804014167651,34374200,0,54.9375,0.0477815699658704,52.3125,54.9375,5030,0,1.55385989224408
"2000-02-15",2000-02-15,0.0193401592718999,62771400,0,56,0.0658482142857143,0,56,0,1.37810905612245,1.62209380115568
"2000-02-16",2000-02-16,-0.04296875,46050000,-0.04296875,53.59375,0.0239067055393586,52.3125,56,5035,0,1.30140564466189
"2000-02-17",2000-02-17,0.0262390670553936,48669600,-0.0178571428571428,55,0.0488636363636363,52.3125,56,0,2.04393015521064,1.49050396300507
"2000-02-18",2000-02-18,-0.0420454545454545,50370000,-0.0591517857142855,52.6875,0.00711743772241991,52.3125,56,0,-3.3125,1.17687620156635
"2000-02-22",2000-02-22,0.0130486358244365,45793600,-0.0468749999999998,53.375,0.0199063231850117,52.3125,56,0,2.79683840749416,1.27154396020555
"2000-02-23",2000-02-23,0.0216627634660422,40842000,-0.0262276785714283,54.53125,0.0406876790830946,52.3125,56,0,2.04395752570369,1.42801134534859
"2000-02-24",2000-02-24,0.0475644699140401,85347800,0,57.125,0.0776805251641138,52.6875,57.125,5035,1.90919037199125,1.66678194624767
"2000-02-25",2000-02-25,-0.0087527352297593,46299000,-0.00875273522975939,56.625,0.0695364238410596,52.6875,57.125,5041,0,1.60296615479089
"2000-02-28",2000-02-28,-0.00772626931567329,47422200,-0.0164113785557988,56.1875,0.0622914349276974,52.6875,57.125,0,-1.87499999999999,1.54667827605303
"2000-02-29",2000-02-29,0.00556173526140156,44414200,-0.0109409190371993,56.5,0.0674778761061947,52.6875,57.125,0,1.08326090391909,1.58692714455193
"2000-03-01",2000-03-01,0.0254424778761062,40813000,0,57.9375,0.0302049622437972,56.1875,57.9375,5041,0,1.48747674831038
"2000-03-02",2000-03-02,-0.00107874865156419,36469800,-0.00107874865156421,57.875,0.0291576673866091,56.1875,57.9375,5045,0,1.47944712994019
"2000-03-03",2000-03-03,0.0302375809935205,34285000,0,59.625,0.0293501048218029,57.875,59.625,5045,1.00659989129591,1.48424813194798
"2000-03-06",2000-03-06,-0.0157232704402516,28032000,-0.0157232704402515,58.6875,0.0138445154419595,57.875,59.625,5047,0,1.36630330840168
"2000-03-07",2000-03-07,-0.0138445154419595,39924200,-0.0293501048218029,57.875,0,57.875,58.6875,5048,-1.86666666666668,1.26254980839629
"2000-03-08",2000-03-08,-0.00701943844492441,46391200,-0.0361635220125786,57.46875,0,57.46875,57.875,5049,-1.23214285714286,1.23681696726976
"2000-03-09",2000-03-09,0.0299075584556824,38375800,-0.00733752620545058,59.1875,0.029039070749736,57.46875,59.1875,5049,-0.202898550724634,1.45536113134943
"2000-03-10",2000-03-10,0.015311510031679,43497600,0,60.09375,0.0436817472698908,0,60.09375,0,1.5042405332577,1.53837572576364
"2000-03-13",2000-03-13,0.016120644825793,67439200,0,61.0625,0.0588536335721597,0,61.0625,0,1.34732782570551,1.59567674357519
"2000-03-14",2000-03-14,-0.0348004094165814,56785000,-0.0348004094165814,58.9375,0.0249204665959704,57.46875,61.0625,5053,0,1.33608450786587
"2000-03-15",2000-03-15,0.0196182396606575,48895600,-0.0158648925281474,60.09375,0.0436817472698908,57.46875,61.0625,0,1.75284628406413,1.47845736945499
"2000-03-16",2000-03-16,0.0405616224648986,54972800,0,62.53125,0.0574712643678161,58.9375,62.53125,5053,1.31568144499179,1.59045582635883
"2000-03-17",2000-03-17,0.0384807596201899,60851000,0,64.9375,0.0923965351299326,0,64.9375,0,1.60769971126083,1.72236121519066
"2000-03-20",2000-03-20,0.0394610202117421,65163600,0,67.5,0.126851851851852,0,67.5,0,1.37290702160494,1.85249168663309
"2000-03-21",2000-03-21,0.025462962962963,51231000,0,69.21875,0.148532731376975,0,69.21875,0,1.1709149626798,1.93437580038718
"2000-03-22",2000-03-22,0.0406320541760722,53693200,0,72.03125,0.18177874186551,0,72.03125,0,1.22382952350184,2.05993897698979
"2000-03-23",2000-03-23,-0.00997830802603037,45593800,-0.00997830802603039,71.3125,0.17353198948291,58.9375,72.03125,5060,0,1.99110676388948
"2000-03-24",2000-03-24,-0.0249780893952673,46898000,-0.03470715835141,69.53125,0.152359550561798,58.9375,72.03125,0,-3.47826086956521,1.81774726591506
"2000-03-27",2000-03-27,0.0260674157303371,35766200,-0.00954446854663782,71.34375,0.17389399912396,58.9375,72.03125,0,1.1413396697664,1.99411251833011
"2000-03-28",2000-03-28,-0.0490582566798073,44857800,-0.0581344902386117,67.84375,0.131275909719023,58.9375,72.03125,0,-6.09090909090904,1.64963870048057
"2000-03-29",2000-03-29,-0.0280976508521419,61325400,-0.0845986984815619,65.9375,0.106161137440758,58.9375,72.03125,0,-1.45522388059702,1.45483575886443
"2000-03-30",2000-03-30,-0.0369668246445498,71646800,-0.118438177874187,63.5,0.0718503937007874,58.9375,72.03125,0,-1.4,1.19744672550489
"2000-03-31",2000-03-31,0.0388779527559055,58442200,-0.0841648590021692,65.96875,0.106584557081952,58.9375,72.03125,0,1.48342342459264,1.45807344593637
"2000-04-03",2000-04-03,-0.00994789199431549,50071600,-0.0932754880694143,65.3125,0.0976076555023924,58.9375,72.03125,0,-1.10824742268041,1.38976065376863
"2000-04-04",2000-04-04,0.0162679425837321,87341800,-0.0785249457700652,66.375,0.112052730696798,58.9375,72.03125,0,1.14799121155053,1.50002634945728
"2000-04-05",2000-04-05,-0.0216572504708098,62101800,-0.0984815618221259,64.9375,0.0923965351299326,58.9375,72.03125,0,-1.25414364640884,1.35041710648516
"2000-04-06",2000-04-06,-0.000481231953801732,55134000,-0.0989154013015185,64.90625,0.0919595570534425,58.9375,72.03125,0,-1.00440528634361,1.34712821205989
"2000-04-07",2000-04-07,0.0539239287433799,51357200,-0.0503253796095446,68.40625,0.138419369575148,58.9375,72.03125,0,1.50522005553708,1.70611140866138
"2000-04-10",2000-04-10,-0.0415714938328004,44849000,-0.0898047722342734,65.5625,0.101048617731173,58.9375,72.03125,0,-1.78448275862069,1.41586460550924
"2000-04-11",2000-04-11,-0.00285986653956149,53071200,-0.0924078091106292,65.375,0.0984703632887189,58.9375,72.03125,0,-1.02898550724638,1.39629595990836
"2000-04-12",2000-04-12,-0.0678776290630975,60169600,-0.154013015184382,60.9375,0.0328205128205128,58.9375,72.03125,0,-1.66666666666666,0.915680424289046
"2000-04-13",2000-04-13,-0.00615384615384615,69414600,-0.159219088937093,60.5625,0.0268317853457173,58.9375,72.03125,0,-1.03380281690141,0.873400018823696
"2000-04-14",2000-04-14,-0.087719298245614,92800400,-0.23297180043384,55.25,0,55.25,71.34375,5076,-1.46321525885559,0.493513567639729
"2000-04-17",2000-04-17,0.113122171945701,88873400,-0.146203904555315,61.5,0.101626016260163,55.25,61.5,5076,-0.62756052141527,1.20503767874724
"2000-04-18",2000-04-18,0.0487804878048781,98558000,-0.104555314533623,64.5,0.143410852713178,0,64.5,0,1.41116279069767,1.52014815092305
"2000-04-19",2000-04-19,-0.0770348837209302,87377800,-0.17353579175705,59.53125,0.0719160104986877,55.25,64.5,5079,-1.6597510373444,0.989602467886181
"2000-04-20",2000-04-20,-0.0309711286089239,45799000,-0.199132321041215,57.6875,0.0422535211267606,55.25,64.5,0,-1.1475,0.780900797627299
"2000-04-24",2000-04-24,0.00650054171180932,58320200,-0.193926247288503,58.0625,0.0484391819160388,55.25,64.5,0,1.14639397201292,0.823924978727138
"2000-04-25",2000-04-25,0.0764262648008611,51342400,-0.132321041214751,62.5,0.116,55.25,64.5,0,2.39475555555555,1.31175783638579
"2000-04-26",2000-04-26,-0.0335,47572000,-0.161388286334056,60.40625,0.0853595447490947,55.25,64.5,0,-1.21967213114754,1.08625443264038
"2000-04-27",2000-04-27,0.0372478013450595,61088400,-0.130151843817788,62.65625,0.118204488778055,55.25,64.5,0,1.38478349580594,1.32827632752287
"2000-04-28",2000-04-28,0.0119700748129676,44336400,-0.119739696312364,63.40625,0.128634795465747,55.25,64.5,0,1.08823951438321,1.40699388545615
"2000-05-01",2000-05-01,0.00246426811237063,42389800,-0.117570498915401,63.5625,0.130776794493609,55.25,64.5,0,1.0166517855461,1.42327636597349
"2000-05-02",2000-05-02,-0.0467059980334317,43871400,-0.158785249457701,60.59375,0.0881897885507994,55.25,64.5,0,-1.35055350553506,1.10677478895639
"2000-05-03",2000-05-03,-0.0175348117586385,58988600,-0.17353579175705,59.53125,0.0719160104986877,55.25,64.5,0,-1.09289617486339,0.989602467886181
"2000-05-04",2000-05-04,0.0041994750656168,40984800,-0.170065075921909,59.78125,0.0757971772085729,55.25,64.5,0,1.05396804804621,1.0173689791998
"2000-05-05",2000-05-05,0.0318870883429169,34217400,-0.143600867678959,61.6875,0.10435663627153,55.25,64.5,0,1.37678789784439,1.22518177699812
"2000-05-08",2000-05-08,-0.0466058763931104,40937800,-0.18351409978308,58.8125,0.0605738575982997,55.25,64.5,0,-1.27794561933535,0.909079579238354
"2000-05-09",2000-05-09,-0.00584484590860786,43054000,-0.188286334056399,58.46875,0.0550507749866381,55.25,64.5,0,-1.02600472813239,0.870196336611261
"2000-05-10",2000-05-10,-0.0929983965793693,97225600,-0.263774403470716,53.03125,0,53.03125,63.5625,5093,-1.40092165898618,0.377178626150342
"2000-05-11",2000-05-11,0.0895698291101945,70267600,-0.197830802603037,57.78125,0.0822065981611682,53.03125,57.78125,5093,-0.75,0.936710712286975
"2000-05-12",2000-05-12,-0.00486749594375338,38429400,-0.20173535791757,57.5,0.0777173913043478,53.03125,57.78125,5095,-1.01973684210526,0.9050092411512
"2000-05-15",2000-05-15,0.0271739130434783,41105400,-0.180043383947939,59.0625,0.0264550264550265,57.5,59.0625,5095,-0.89247311827957,0.793328105349505
"2000-05-16",2000-05-16,0.0317460317460317,44468400,-0.154013015184382,60.9375,0.0564102564102564,0,60.9375,0,2.13230769230769,1.00477391541306
"2000-05-17",2000-05-17,0.0107692307692308,65543200,-0.144902386117137,61.59375,0.0664637239979706,0,61.59375,0,1.17822056178221,1.07715267055861
"2000-05-18",2000-05-18,0.0060882800608828,50141400,-0.139696312364425,61.96875,0.0721129601613717,0,61.96875,0,1.08499728609209,1.11815088887244
"2000-05-19",2000-05-19,-0.0489157841654059,71968000,-0.18177874186551,58.9375,0.024390243902439,57.5,61.96875,5100,-1.30124223602485,0.778975775492252
"2000-05-22",2000-05-22,0.00424178154825027,59249600,-0.178308026030369,59.1875,0.0285110876451954,57.5,61.96875,0,1.16895459345301,0.807647496458515
"2000-05-23",2000-05-23,-0.071805702217529,50385800,-0.237310195227766,54.9375,0,54.9375,59.1875,5102,-1.330900243309,0.477128364613055
"2000-05-24",2000-05-24,0.068259385665529,75482200,-0.185249457700651,58.6875,0.0638977635782748,54.9375,58.6875,5102,-0.780621572212066,0.915079190559243
"2000-05-25",2000-05-25,-0.0186368477103301,50488800,-0.200433839479393,57.59375,0.0461204557786218,54.9375,58.6875,5104,-1.08196721311475,0.790589834127152
"2000-05-26",2000-05-26,0.0206185567010309,30851000,-0.183947939262473,58.78125,0.0202020202020202,57.59375,58.78125,5104,-0.917748917748918,0.754965135531016
"2000-05-30",2000-05-30,0.0696438064859117,41768000,-0.127114967462039,62.875,0.0839960238568589,0,62.875,0,4.15780318091451,1.21054780543819
"2000-05-31",2000-05-31,-0.0084493041749503,54089600,-0.134490238611714,62.34375,0.0761904761904761,57.59375,62.875,5107,-1.0580204778157,1.15321305140416
"2000-06-01",2000-06-01,0.0401002506265664,45978400,-0.0997830802603038,64.84375,0.0385542168674698,62.34375,64.84375,5107,-0.741935483870968,1.1421504542029
"2000-06-02",2000-06-02,0.0346987951807229,42657400,-0.0685466377440348,67.09375,0.0707964601769911,0,67.09375,0,1.83628318584071,1.38189607545854
"2000-06-05",2000-06-05,-0.0121099208197485,39176000,-0.0798264642082429,66.28125,0.0594059405940595,62.34375,67.09375,5110,-1.16455696202531,1.29627495513371
"2000-06-06",2000-06-06,-0.0226308345120226,47425200,-0.100650759219089,64.78125,0.0376266280752533,62.34375,67.09375,0,-1.26086956521739,1.13537010617451
"2000-06-07",2000-06-07,-0.00482392667631452,39753400,-0.104989154013015,64.46875,0.0329617062530295,62.34375,67.09375,0,-1.04310344827586,1.10136647633529
"2000-06-08",2000-06-08,-0.0213281628696074,34394000,-0.124078091106291,63.09375,0.0118870728083209,62.34375,67.09375,0,-1.18181818181818,0.949677132972087
"2000-06-09",2000-06-09,0.00693412580485389,27519200,-0.118004338394794,63.53125,0.0186915887850467,62.34375,67.09375,0,1.57242990654206,0.998315640326007
"2000-06-12",2000-06-12,-0.0157402852926709,25947000,-0.131887201735358,62.53125,0.00299850074962515,62.34375,67.09375,0,-1.11764705882353,0.886613503701414
"2000-06-13",2000-06-13,0.0514742628685657,39126600,-0.0872017353579174,65.75,0.0518060836501901,62.34375,67.09375,0,17.2773288973386,1.2397170516191
"2000-06-14",2000-06-14,-0.0384980988593156,37008800,-0.12234273318872,63.21875,0.013840830449827,62.34375,67.09375,0,-1.40298507462687,0.963610145133396
"2000-06-15",2000-06-15,0.0143351458230351,33411000,-0.109761388286334,64.125,0.0277777777777778,62.34375,67.09375,0,2.00694444444445,1.06376414742085
"2000-06-16",2000-06-16,-0.017056530214425,44086200,-0.124945770065076,63.03125,0.0109072880515617,62.34375,67.09375,0,-1.13833992094862,0.942699651783426
"2000-06-19",2000-06-19,0.082796232027764,61221200,-0.0524945770065074,68.25,0.0837912087912088,62.53125,68.25,5110,7.68213036963038,1.49159975414904
"2000-06-20",2000-06-20,0.0132783882783883,58579400,-0.0399132321041215,69.15625,0.0957975598734749,0,69.15625,0,1.14328891127688,1.58446230119771
"2000-06-21",2000-06-21,0.00497062810664257,32891400,-0.0351409978308025,69.5,0.100269784172662,0,69.5,0,1.04668411497217,1.6193766733969
"2000-06-22",2000-06-22,-0.035521582733813,29696200,-0.0694143167028198,67.03125,0.0671328671328671,62.53125,69.5,5123,-1.97530864197531,1.36478241585322
"2000-06-23",2000-06-23,0.00233100233100233,30321600,-0.0672451193058566,67.1875,0.0693023255813954,62.53125,69.5,0,1.03231589147287,1.38116860481665
"2000-06-26",2000-06-26,-0.0013953488372093,29904800,-0.0685466377440344,67.09375,0.0680018630647415,62.53125,69.5,0,-1.01935483870968,1.37134147099375
"2000-06-27",2000-06-27,-0.0209594783418724,33370400,-0.0880694143167026,65.6875,0.0480494766888677,62.53125,69.5,0,-1.28481012658228,1.22225209804677
"2000-06-28",2000-06-28,0.00761179828734539,30631800,-0.0811279826464205,66.1875,0.0552407932011332,62.53125,69.5,0,1.14966482483943,1.27562851012898
"2000-06-29",2000-06-29,-0.00472143531633617,47136200,-0.0854663774403468,65.875,0.0507590132827325,62.53125,69.5,0,-1.05347593582888,1.24231656867207
"2000-06-30",2000-06-30,0.0147058823529412,41431200,-0.0720173535791756,66.84375,0.0645161290322581,62.53125,69.5,0,1.27102803738318,1.34506842558408
"2000-07-03",2000-07-03,0.0238429172510519,15083800,-0.0498915401301516,68.4375,0.0863013698630137,62.53125,69.5,0,1.33767123287671,1.51091122543641
"2000-07-05",2000-07-05,-0.0383561643835616,42005200,-0.0863340563991321,65.8125,0.0498575498575499,62.53125,69.5,0,-1.7304347826087,1.23563489065029
"2000-07-06",2000-07-06,0.0379867046533713,44906200,-0.0516268980477221,68.3125,0.0846294602012809,62.53125,69.5,0,1.69742517317998,1.49804269370867
"2000-07-07",2000-07-07,0.0196706312900274,37286800,-0.0329718004338393,69.65625,0.05697622252131,65.6875,69.65625,5123,-0.638655462184873,1.46405861460833
"2000-07-10",2000-07-10,-0.0107671601615074,31349400,-0.0433839479392621,68.90625,0.0467120181405896,65.6875,69.65625,5134,-1.31578947368421,1.38596839009033
"2000-07-11",2000-07-11,0.0072562358276644,42782000,-0.0364425162689801,69.40625,0.0535794687077893,65.6875,69.65625,0,1.14701678155996,1.43812162873734
"2000-07-12",2000-07-12,0.0171094101755966,29824200,-0.0199566160520603,70.59375,0.0239043824701195,68.90625,70.59375,5134,-0.547619047619042,1.38830885212948
"2000-07-13",2000-07-13,0.0141655599822931,45176000,-0.00607375271149635,71.59375,0.0375381929288521,0,71.59375,0,1.57034773752365,1.49223353124154
"2000-07-14",2000-07-14,0.024443474465299,37471800,0,73.34375,0.0605027694929697,0,73.34375,0,1.61176563846969,1.60190518247127
"2000-07-17",2000-07-17,-0.00255645504899872,46580000,-0.00255645504899871,73.15625,0.0580948312686886,68.90625,73.34375,5139,0,1.58315571508743
"2000-07-18",2000-07-18,-0.0226398974797095,50683600,-0.0251384746484874,71.5,0.0362762237762237,68.90625,73.34375,0,-9.83333333333338,1.41546390187766
"2000-07-19",2000-07-19,-0.0340909090909091,72188400,-0.0583723902854708,69.0625,0.00226244343891402,68.90625,73.34375,0,-2.32203389830509,1.16148352343044
"2000-07-20",2000-07-20,0.0330316742081448,60488400,-0.0272688538559862,71.34375,0.0341655716162943,68.90625,73.34375,0,15.1011826544021,1.39944641999817
"2000-07-21",2000-07-21,-0.0315374507227332,32086600,-0.0579463144439709,69.09375,0.00271370420624151,68.90625,73.34375,0,-2.12500000000001,1.16479703894509
"2000-07-24",2000-07-24,-0.00135685210312076,39835400,-0.0592245419684703,69,0.00135869565217395,68.90625,73.34375,0,-1.02205882352941,1.15485186110538
"2000-07-25",2000-07-25,0.0208333333333333,29623200,-0.0396250532594802,70.4375,0.0217391304347826,68.90625,73.34375,0,15.9999999999996,1.30584760826925
"2000-07-26",2000-07-26,-0.0133096716947649,46639800,-0.0524073285044737,69.5,0.0085431654676259,68.90625,73.34375,0,-1.32258064516129,1.20773326866426
"2000-07-27",2000-07-27,-0.0143884892086331,39223800,-0.0660417554324669,68.5,0,68.5,73.15625,5147,-1.26016260162602,1.12397317505688
"2000-07-28",2000-07-28,-0.0574817518248175,55433800,-0.11972731146144,64.5625,0,64.5625,68.5,5148,-1.81290322580645,0.921214141608351
"2000-07-31",2000-07-31,0.0338818973862536,30470700,-0.089902002556455,66.75,0.0327715355805244,64.5625,66.75,5148,-0.750889679715302,1.15762923392779
"2000-08-01",2000-08-01,-0.0318352059925094,25001100,-0.118875159778441,64.625,0.00096711798839455,64.5625,66.75,5150,-1.32227488151659,0.928085139832809
"2000-08-02",2000-08-02,-0.0203094777562863,33226800,-0.136770345121432,63.3125,0,63.3125,64.625,5151,-1.1505376344086,0.856846194481834
"2000-08-03",2000-08-03,0.0276406712734452,34941100,-0.112910097997443,65.0625,0.0268972142170989,63.3125,65.0625,5151,-0.825545171339563,1.04854643125065
"2000-08-04",2000-08-04,-0.0384245917387128,34939700,-0.146996165317426,62.5625,0,0,65.0625,5153,-1.30188679245283,0.818225426205923
"2000-08-07",2000-08-07,0.00599400599400599,30634400,-0.141883255219429,62.9375,0.00595829195630582,62.5625,62.9375,5153,-0.965217391304348,0.860039023636719
"2000-08-08",2000-08-08,-0.0208540218470705,24900100,-0.15977844056242,61.625,0,0,62.9375,5155,-1.12612612612613,0.769949465861035
"2000-08-09",2000-08-09,0.0314401622718053,30071900,-0.133361738389433,63.5625,0.0304818092428711,61.625,63.5625,5155,-0.834666666666666,0.984843154828574
"2000-08-10",2000-08-10,-0.0245821042281219,16678400,-0.154665530464423,62,0.00604838709677424,61.625,63.5625,5157,-1.15974440894569,0.812103333654122
"2000-08-11",2000-08-11,0.0292338709677419,22509600,-0.129953131657435,63.8125,0.0284035259549461,62,63.8125,5157,4.69604962455105,0.989867506174561
"2000-08-14",2000-08-14,0.0489715964740451,25665000,-0.0873455475074562,66.9375,0.0737628384687208,0,66.9375,0,2.59696062332979,1.32209994004157
"2000-08-15",2000-08-15,0.0140056022408964,34464300,-0.0745632722624626,67.875,0.0865561694290976,0,67.875,0,1.17343870200713,1.41869361583888
"2000-08-16",2000-08-16,0.00276243093922652,24609500,-0.072006817213464,68.0625,0.0890725436179982,0,68.0625,0,1.02907215286326,1.43785262301338
"2000-08-17",2000-08-17,0.0293847566574839,40495900,-0.0447379633574776,70.0625,0.115075825156111,0,70.0625,0,1.29193374840211,1.63905025383269
"2000-08-18",2000-08-18,0.00713648528099911,35795600,-0.037920749893481,70.5625,0.121346324180691,0,70.5625,0,1.05449015043841,1.68847978629024
"2000-08-21",2000-08-21,0.0212577502214349,46024300,-0.0174691095014913,72.0625,0.139635732870772,0,72.0625,0,1.15072074752629,1.83479656584308
"2000-08-22",2000-08-22,0.000867302688638335,31693500,-0.0166169578184917,72.125,0.140381282495667,0,72.125,0,1.00533924669257,1.84083074704358
"2000-08-23",2000-08-23,0.0346620450606586,36177000,0,74.625,0.169179229480737,0,74.625,0,1.20514093099241,2.01235327345939
"2000-08-24",2000-08-24,-0.0050251256281407,23352900,-0.00502512562814073,74.25,0.164983164983165,62,74.625,5167,0,1.97752678128102
"2000-08-25",2000-08-25,-0.0176767676767677,20844200,-0.0226130653266331,72.9375,0.149957155098543,62,74.625,0,-4.49999999999997,1.85435076554147
"2000-08-28",2000-08-28,0.012853470437018,42760500,-0.0100502512562813,73.875,0.160744500846024,62,74.625,0,1.07193618564177,1.94253939923983
"2000-08-29",2000-08-29,0.00253807106598985,23023100,-0.00753768844221092,74.0625,0.162869198312236,62,74.625,0,1.01321785476349,1.96005335423682
"2000-08-30",2000-08-30,-0.00759493670886076,21770400,-0.0150753768844221,73.5,0.156462585034014,62,74.625,0,-2.00000000000003,1.9073886647359
"2000-08-31",2000-08-31,0.0187074829931973,28530700,0,74.875,0.0258764607679466,72.9375,74.875,5167,0,1.47112891026154
"2000-09-01",2000-09-01,-0.0125208681135225,18322000,-0.0125208681135225,73.9375,0.0135249366018597,72.9375,74.875,5173,0,1.377191125293
"2000-09-05",2000-09-05,-0.0633981403212172,58396000,-0.0751252086811353,69.25,0,69.25,73.9375,5174,-6.00000000000003,1.08966688604162
"2000-09-06",2000-09-06,-0.0512184115523466,62344900,-0.122495826377295,65.703125,0,65.703125,69.25,5175,-1.63055555555555,0.910758044103769
"2000-09-07",2000-09-07,0.026397146254459,34716000,-0.0993322203672786,67.4375,0.0257182576459685,65.703125,67.4375,5175,-0.810902896081771,1.0953745436088
"2000-09-08",2000-09-08,-0.0305838739573679,29681800,-0.126878130217028,65.375,0,0,67.4375,5177,-1.27731092436975,0.894207005862823
"2000-09-11",2000-09-11,-0.0105162523900574,30507800,-0.136060100166945,64.6875,0,64.6875,65.375,5178,-1.07236842105263,0.859528640024648
"2000-09-12",2000-09-12,0.00386473429951691,28997300,-0.132721202003339,64.9375,0.00384985563041385,64.6875,64.9375,5178,-0.975460122699387,0.886679048417331
"2000-09-13",2000-09-13,-0.0567853705486044,70068400,-0.181969949916527,61.25,0,0,64.9375,5180,-1.37106918238994,0.686136810833778
"2000-09-14",2000-09-14,-0.026530612244898,50489200,-0.203672787979967,59.625,0,59.625,61.25,5181,-1.11926605504587,0.604169764307184
"2000-09-15",2000-09-15,-0.035377358490566,75675900,-0.231844741235392,57.515625,0,57.515625,59.625,5182,-1.13831967213115,0.497770232758241
"2000-09-18",2000-09-18,-0.0296115186090736,50767100,-0.254590984974958,55.8125,0,55.8125,57.515625,5183,-1.0981098109811,0.411862462840946
"2000-09-19",2000-09-19,0.0817469204927212,58855100,-0.193656093489148,60.375,0.0755693581780539,55.8125,60.375,5183,-0.760655737704918,0.927410252054954
"2000-09-20",2000-09-20,0.0445134575569358,70335900,-0.157762938230384,63.0625,0.114965312190287,0,63.0625,0,1.52132180240846,1.21176135417914
"2000-09-21",2000-09-21,-0.0250247770069376,57112300,-0.178839732888147,61.484375,0.0922490470139772,55.8125,63.0625,5186,-1.13359788359788,1.04636419448654
"2000-09-22",2000-09-22,-0.220330368487929,308734400,-0.359766277128548,47.9375,0,47.9375,61.484375,5187,-2.01166861143524,0.0146375450582241
"2000-09-25",2000-09-25,-0.0534550195567145,130214700,-0.393989983305509,45.375,0,45.375,47.9375,5188,-1.09512761020882,-0.114618182156788
"2000-09-26",2000-09-26,-0.0454545454545455,112681600,-0.421535893155259,43.3125,0,43.3125,45.375,5189,-1.06991525423729,-0.21865327967131
"2000-09-27",2000-09-27,0.012987012987013,80365100,-0.414023372287145,43.875,0.0128205128205128,43.3125,43.875,5189,-0.982178217821782,-0.141859695647382
"2000-09-28",2000-09-28,0.0128205128205128,66739000,-0.406510851419032,44.4375,0.0253164556962026,0,44.4375,0,1.97468354430381,-0.0662919439173993
"2000-09-29",2000-09-29,-0.0646976090014065,72985600,-0.444908180300501,41.5625,0,0,44.4375,5192,-1.09445585215606,-0.306925483623027
"2000-10-02",2000-10-02,-0.0345864661654135,66785700,-0.464106844741235,40.125,0,40.125,41.5625,5193,-1.04315196998124,-0.379434794011936
"2000-10-03",2000-10-03,0.00467289719626168,81206500,-0.461602671118531,40.3125,0.00465116279069766,40.125,40.3125,5193,-0.994604316546763,-0.352410596024725
"2000-10-04",2000-10-04,0.0418604651162791,63726000,-0.43906510851419,42,0.0446428571428571,0,42,0,9.5982142857143,-0.116250767561508
"2000-10-05",2000-10-05,-0.0238095238095238,52072400,-0.452420701168614,41,0.0213414634146342,40.125,42,5196,-1.03041825095057,-0.254696481415533
"2000-10-06",2000-10-06,-0.0259146341463415,69734600,-0.46661101836394,39.9375,0,39.9375,41,5197,-1.03136531365314,-0.38889253014962
"2000-10-09",2000-10-09,-0.0219092331768388,56544700,-0.478297161936561,39.0625,0,39.0625,39.9375,5198,-1.02504472271914,-0.433028632125477
"2000-10-10",2000-10-10,-0.0384,68882800,-0.498330550918197,37.5625,0,37.5625,39.0625,5199,-1.04188481675393,-0.508690521226948
"2000-10-11",2000-10-11,-0.0582362728785358,122056600,-0.527545909849749,35.375,0,35.375,37.5625,5200,-1.05862646566164,-0.619030776166593
"2000-10-12",2000-10-12,0.049469964664311,100212800,-0.504173622704507,37.125,0.0471380471380471,35.375,37.125,5200,-0.955696202531646,-0.352728100271854
"2000-10-13",2000-10-13,0.0875420875420875,80908800,-0.460767946577629,40.375,0.123839009287926,0,40.375,0,2.62715612560814,0.10088936574833
"2000-10-16",2000-10-16,-0.11609907120743,92057900,-0.523372287145242,35.6875,0.00875656742556918,35.375,40.375,5203,-1.13586956521739,-0.57019617246676
"2000-10-17",2000-10-17,0.0140105078809107,78642100,-0.51669449081803,36.1875,0.0224525043177893,35.375,40.375,0,2.56407599309154,-0.493248874890465
"2000-10-18",2000-10-18,0.0552677029360967,16790000,-0.489983305509182,38.1875,0.0736497545008183,35.375,40.375,0,3.28024675815183,-0.199005129528212
"2000-10-19",2000-10-19,0.0981996726677578,64250700,-0.439899833055092,41.9375,0.14903129657228,35.6875,41.9375,5203,2.02351382679252,0.274849794561197
"2000-10-20",2000-10-20,0.0268256333830104,59899600,-0.424874791318865,43.0625,0.171262699564586,0,43.0625,0,1.14917271407837,0.415559536280351
"2000-10-23",2000-10-23,0.0058055152394775,43746200,-0.421535893155259,43.3125,0.176046176046176,0,43.3125,0,1.02793063810013,0.446236033911816
"2000-10-24",2000-10-24,-0.0303030303030303,46937000,-0.43906510851419,42,0.150297619047619,35.6875,43.3125,5209,-1.04158415841584,0.28278500644599
"2000-10-25",2000-10-25,-0.0163690476190476,53225900,-0.448247078464107,41.3125,0.136157337367625,35.6875,43.3125,0,-1.02091254752852,0.194701776093079
"2000-10-26",2000-10-26,0.0816944024205749,50811900,-0.403171953255426,44.6875,0.0755244755244755,41.3125,44.6875,5209,-0.899441340782123,0.135943482876387
"2000-10-27",2000-10-27,0.0377622377622378,50197800,-0.380634390651085,46.375,0.109164420485175,0,46.375,0,1.44541778975741,0.348114092216594
"2000-10-30",2000-10-30,-0.0296495956873315,49111200,-0.398998330550918,45,0.0819444444444445,41.3125,46.375,5213,-1.04824561403509,0.175953246347368
"2000-10-31",2000-10-31,0,55793900,-0.398998330550918,45,0.0819444444444445,41.3125,46.375,0,-1,0.175953246347368
"2000-11-01",2000-11-01,-0.00277777777777778,47654600,-0.400667779632721,44.875,0.0793871866295265,41.3125,46.375,0,-1.00418410041841,0.159989864975535
"2000-11-02",2000-11-02,0.0403899721448468,65511800,-0.376460767946578,46.6875,0.0388219544846051,44.875,46.6875,5213,-0.939583333333333,0.0982083130182493
"2000-11-03",2000-11-03,-0.0160642570281124,31103600,-0.386477462437395,45.9375,0.0231292517006803,44.875,46.6875,5217,-1.02660753880266,0.00110933654200953
"2000-11-06",2000-11-06,0.0136054421768707,24583500,-0.37813021702838,46.5625,0.036241610738255,44.875,46.6875,0,1.56691669956573,0.0821577409476582
"2000-11-07",2000-11-07,-0.00805369127516779,21043200,-0.383138564273789,46.1875,0.0284167794316644,44.875,46.6875,0,-1.01324503311258,0.0336895295376549
"2000-11-08",2000-11-08,-0.0757780784844384,38074100,-0.429883138564274,42.6875,0,42.6875,46.5625,5220,-1.12200435729848,-0.250179066796923
"2000-11-09",2000-11-09,-0.0307467057101025,48864700,-0.447412353923205,41.375,0,41.375,42.6875,5221,-1.04077669902913,-0.31638321976071
"2000-11-10",2000-11-10,-0.105740181268882,94080100,-0.50584307178631,37,0,37,41.375,5222,-1.13059701492537,-0.53706372964
"2000-11-13",2000-11-13,0.0320945945945946,81393300,-0.489983305509182,38.1875,0.0310965630114566,37,38.1875,5222,-0.968646864686469,-0.359719567726017
"2000-11-14",2000-11-14,0.072013093289689,48677100,-0.453255425709516,40.9375,0.0961832061068703,0,40.9375,0,3.09304941743673,0.0248124326893005
"2000-11-15",2000-11-15,0.0137404580152672,41961500,-0.445742904841402,41.5,0.108433734939759,0,41.5,0,1.12736660929432,0.0994533072889396
"2000-11-16",2000-11-16,-0.036144578313253,39523700,-0.465776293823038,40,0.075,37,41.5,5226,-1.04494382022472,-0.102480754113427
"2000-11-17",2000-11-17,0.0375,40986100,-0.445742904841402,41.5,0.036144578313253,40,41.5,5226,-0.956989247311828,-0.173567605794078
"2000-11-20",2000-11-20,-0.00903614457831325,37495900,-0.450751252086811,41.125,0.0273556231003039,40,41.5,5228,-1.01123595505618,-0.225677110055223
"2000-11-21",2000-11-21,0.0364741641337386,36760300,-0.430717863105175,42.625,0.0351906158357771,41.125,42.625,5228,1.28641251221896,-0.120424104243265
"2000-11-22",2000-11-22,-0.0337243401759531,36702700,-0.44991652754591,41.1875,0.00151745068285281,41.125,42.625,5230,-1.04457364341085,-0.320109864399687
"2000-11-24",2000-11-24,0.0667678300455235,20684000,-0.413188647746244,43.9375,0.0625889046941679,41.1875,43.9375,5230,41.2460881934567,0.049257612854772
"2000-11-27",2000-11-27,0,52923300,-0.413188647746244,43.9375,0.0625889046941679,0,43.9375,0,-1,0.049257612854772
"2000-11-28",2000-11-28,-0.0433854907539118,49700800,-0.43864774624374,42.03125,0.0200743494423792,41.1875,43.9375,5233,-1.06161616161616,-0.207464555147585
"2000-11-29",2000-11-29,0.0171003717472119,61411300,-0.429048414023372,42.75,0.0365497076023392,41.1875,43.9375,0,1.82071691574616,-0.108985943579669
"2000-11-30",2000-11-30,-0.109649122807018,78955300,-0.491652754590985,38.0625,0,38.0625,42.75,5235,-1.14591439688716,-0.483469891526459
"2000-12-01",2000-12-01,-0.103448275862069,1155400,-0.54424040066778,34.125,0,34.125,38.0625,5236,-1.10696095076401,-0.68208235041782
"2000-12-04",2000-12-04,-0.0347985347985348,82755800,-0.560100166944908,32.9375,0,32.9375,34.125,5237,-1.02914110429448,-0.741981345956484
"2000-12-05",2000-12-05,0.0929791271347249,75071400,-0.519198664440735,36,0.0850694444444444,32.9375,36,5237,-0.926974664679583,-0.266215621706307
"2000-12-06",2000-12-06,-0.118055555555556,102012000,-0.575959933222037,31.75,0,0,36,5239,-1.10932475884244,-0.801880341495148
"2000-12-07",2000-12-07,0.0177165354330709,68263600,-0.568447412353923,32.3125,0.0174081237911026,31.75,32.3125,5239,-0.986956521739131,-0.707760317455722
"2000-12-08",2000-12-08,0.0522243713733075,88021400,-0.545909849749583,34,0.0661764705882353,0,34,0,3.80147058823528,-0.43845292196915
"2000-12-11",2000-12-11,0.101102941176471,73069600,-0.5,37.4375,0.151919866444073,0,37.4375,0,2.29567798182155,0.0587736470340815
"2000-12-12",2000-12-12,-0.0250417362270451,48167200,-0.512520868113523,36.5,0.13013698630137,31.75,37.4375,5243,-1.02504173622705,-0.0707843822492591
"2000-12-13",2000-12-13,-0.0273972602739726,48719800,-0.525876460767947,35.5,0.105633802816901,31.75,37.4375,0,-1.02605863192182,-0.213769002792695
"2000-12-14",2000-12-14,-0.0105633802816901,33708000,-0.530884808013356,35.125,0.0960854092526691,31.75,37.4375,0,-1.00952380952381,-0.268746745691191
"2000-12-15",2000-12-15,-0.0765124555160142,80843900,-0.56677796327212,32.4375,0.0211946050096339,31.75,37.4375,0,-1.06761006289308,-0.687154418288703
"2000-12-18",2000-12-18,0.0250481695568401,38556100,-0.555926544240401,33.25,0.0451127819548872,31.75,37.4375,0,2.1285030758715,-0.555836980319313
"2000-12-19",2000-12-19,0.0056390977443609,54732300,-0.553422370617696,33.4375,0.0504672897196262,31.75,37.4375,0,1.11869158878505,-0.526156396561587
"2000-12-20",2000-12-20,-0.0448598130841121,63150800,-0.573455759599332,31.9375,0.0058708414872799,31.75,37.4375,0,-1.03619909502262,-0.770249674060115
"2000-12-21",2000-12-21,0.0371819960861057,51590000,-0.557595993322204,33.125,0.0415094339622641,31.75,37.4375,0,7.07044025157226,-0.575751223878677
"2000-12-22",2000-12-22,-0.00566037735849057,45424100,-0.560100166944908,32.9375,0.0360531309297912,31.75,37.4375,0,-1.00449101796407,-0.605816266914131
"2000-12-26",2000-12-26,-0.00189753320683112,28436200,-0.56093489148581,32.875,0.0342205323193916,31.75,37.4375,0,-1.00149031296572,-0.615890184445335
"2000-12-27",2000-12-27,-0.00950570342205323,33621500,-0.565108514190317,32.5625,0.0249520153550864,31.75,37.4375,0,-1.00744047619048,-0.666658313684002
"2000-12-28",2000-12-28,-0.0499040307101727,49339500,-0.586811352253756,30.9375,0,30.9375,36.5,5254,-1.0384047267356,-0.842863864758445
"2000-12-29",2000-12-29,-0.0282828282828283,54053600,-0.598497495826377,30.0625,0,30.0625,30.9375,5255,-1.0199146514936,-0.886999966734303
"2001-01-02",2001-01-02,0.0332640332640333,50342900,-0.585141903171953,31.0625,0.0321931589537223,30.0625,31.0625,5255,-0.97768479776848,-0.71497192913941
"2001-01-03",2001-01-03,0.102112676056338,78291900,-0.542779632721202,34.234375,0.12186216339571,0,34.234375,0,3.78534345047924,-0.216317623169638
"2001-01-04",2001-01-04,-0.012779552715655,68769000,-0.548622704507513,33.796875,0.110494683310217,30.0625,34.234375,5258,-1.01076509034987,-0.281318251285687
"2001-01-05",2001-01-05,-0.0513176144244105,44974700,-0.571786310517529,32.0625,0.0623781676413255,30.0625,34.234375,0,-1.04222137694941,-0.550528251977665
"2001-01-08",2001-01-08,-0.00389863547758285,45070800,-0.573455759599332,31.9375,0.0587084148727984,30.0625,34.234375,0,-1.0029197080292,-0.570693292383976
"2001-01-09",2001-01-09,0.00978473581213307,40814400,-0.569282136894825,32.25,0.0678294573643411,30.0625,34.234375,0,1.15536175710594,-0.520482143155715
"2001-01-10",2001-01-10,0.0232558139534884,51494300,-0.559265442404007,33,0.0890151515151515,30.0625,34.234375,0,1.31233766233766,-0.402637295672946
"2001-01-11",2001-01-11,0.0113636363636364,64954600,-0.554257095158598,33.375,0.099250936329588,30.0625,34.234375,0,1.11498924217069,-0.345063420857382
"2001-01-12",2001-01-12,-0.0374531835205993,51374500,-0.570951585976628,32.125,0.0642023346303502,30.0625,34.234375,0,-1.03012048192771,-0.540486178903831
"2001-01-16",2001-01-16,-0.0233463035019455,60301100,-0.580968280467446,31.375,0.0418326693227091,30.0625,34.234375,0,-1.01754385964912,-0.662802635980443
"2001-01-17",2001-01-17,-0.0278884462151394,7427400,-0.592654424040067,30.5,0.014344262295082,30.0625,34.234375,0,-1.02011494252874,-0.810756659427647
"2001-01-18",2001-01-18,0.055327868852459,86633300,-0.570116861435726,32.1875,0.0660194174757281,30.0625,34.234375,0,4.60249653259361,-0.530470861147906
"2001-01-19",2001-01-19,0.0427184466019417,81348900,-0.551752921535893,33.5625,0.104283054003724,30.0625,34.234375,0,1.57958155329171,-0.316600436543513
"2001-01-22",2001-01-22,-0.00558659217877095,45756600,-0.554257095158598,33.375,0.099250936329588,30.0625,34.234375,0,-1.00453857791225,-0.345063420857382
"2001-01-23",2001-01-23,0.0599250936329588,84553900,-0.52754590984975,35.375,0.137809187279152,30.5,35.375,5258,1.38849256617108,-0.0985545125330668
"2001-01-24",2001-01-24,0.0247349823321555,73579100,-0.515859766277129,36.25,0.158620689655172,0,36.25,0,1.15101679929266,0.0241822488845297
"2001-01-25",2001-01-25,-0.0482758620689655,45890400,-0.539232053422371,34.5,0.115942028985507,30.5,36.25,5272,-1.0453074433657,-0.225278263922346
"2001-01-26",2001-01-26,0.0398550724637681,48063700,-0.520868113522538,35.875,0.149825783972125,30.5,36.25,0,1.29224738675958,-0.0279497290483969
"2001-01-29",2001-01-29,0.0331010452961672,49092800,-0.505008347245409,37.0625,0.0691399662731872,34.5,37.0625,5272,-0.969551282051282,-0.272784066267094
"2001-01-30",2001-01-30,-0.00168634064080944,60806400,-0.505843071786311,37,0.0675675675675675,34.5,37.0625,5275,-1.00165289256198,-0.281875263582675
"2001-01-31",2001-01-31,0,71894200,-0.505843071786311,37,0.0675675675675675,34.5,37.0625,0,-1,-0.281875263582675
"2001-02-01",2001-02-01,0.0219594594594595,50297000,-0.494991652754591,37.8125,0.0214876033057851,37,37.8125,5275,-0.978547854785479,-0.4149260561793
"2001-02-02",2001-02-02,-0.056198347107438,47151200,-0.523372287145242,35.6875,0,0,37.8125,5278,-1.05733558178752,-0.603267882603788
"2001-02-05",2001-02-05,-0.0280210157618214,39185100,-0.536727879799666,34.6875,0,34.6875,35.6875,5279,-1.02551834130781,-0.653709142004768
"2001-02-06",2001-02-06,0.0216216216216216,40329200,-0.526711185308848,35.4375,0.0211640211640212,34.6875,35.4375,5279,-0.981337480559876,-0.535946148826553
"2001-02-07",2001-02-07,-0.0141093474426808,53148000,-0.53338898163606,34.9375,0.00715563506261185,34.6875,35.4375,5281,-1.01267828843106,-0.614073501232173
"2001-02-08",2001-02-08,-0.00894454382826476,42899000,-0.537562604340568,34.625,0,34.625,34.9375,5282,-1.00782472613459,-0.656861720717329
"2001-02-09",2001-02-09,-0.0324909747292419,40892100,-0.552587646076795,33.5,0,33.5,34.625,5283,-1.02795031055901,-0.713608137543432
"2001-02-12",2001-02-12,0.0317164179104478,30482000,-0.538397328881469,34.5625,0.030741410488246,33.5,34.5625,5283,-0.974320241691843,-0.543910469303266
"2001-02-13",2001-02-13,-0.0614828209764919,41910800,-0.56677796327212,32.4375,0,0,34.5625,5285,-1.05271317829457,-0.767201975656974
"2001-02-14",2001-02-14,0.0520231213872832,47442300,-0.54424040066778,34.125,0.0494505494505495,32.4375,34.125,5285,-0.960235640648012,-0.49531804449015
"2001-02-15",2001-02-15,0.0494505494505494,58334500,-0.521702838063439,35.8125,0.0942408376963351,0,35.8125,0,1.90575916230366,-0.241034937965725
"2001-02-16",2001-02-16,-0.0401396160558464,41543900,-0.540901502504174,34.375,0.0563636363636364,32.4375,35.8125,5288,-1.0368,-0.456598456972845
"2001-02-20",2001-02-20,-0.0854545454545454,52397300,-0.580133555926544,31.4375,0,31.4375,34.375,5289,-1.07253086419753,-0.817643235057955
"2001-02-21",2001-02-21,-0.0218687872763419,51582200,-0.589315525876461,30.75,0,30.75,31.4375,5290,-1.0158273381295,-0.852321600896129
"2001-02-22",2001-02-22,-0.024390243902439,58517400,-0.599332220367279,30,0,30,30.75,5291,-1.01699716713881,-0.890152545446864
"2001-02-23",2001-02-23,-0.00208333333333333,63558300,-0.60016694490818,29.9375,0,29.9375,30,5292,-1.00139275766017,-0.893305124159425
"2001-02-26",2001-02-26,-0.0146137787056367,60349600,-0.606010016694491,29.5,0,29.5,29.9375,5293,-1.00973574408901,-0.915373175147354
"2001-02-27",2001-02-27,-0.0169491525423729,40787300,-0.612687813021703,29,0,29,29.5,5294,-1.01101928374656,-0.940593804847844
"2001-02-28",2001-02-28,-0.0150862068965517,48601400,-0.618530884808013,28.5625,0,28.5625,29,5295,-1.00953678474114,-0.962661855835773
"2001-03-01",2001-03-01,0.0196936542669584,56268300,-0.6110183639399,29.125,0.01931330472103,28.5625,29.125,5295,-0.987854251012146,-0.861346364850113
"2001-03-02",2001-03-02,0.00643776824034335,54626200,-0.608514190317195,29.3125,0.0255863539445629,0,29.3125,0,1.32480454868515,-0.828196643541369
"2001-03-05",2001-03-05,0.0362473347547974,33275700,-0.59432387312187,30.375,0.0596707818930041,0,30.375,0,2.33213305898491,-0.645873102735686
"2001-03-06",2001-03-06,0.037037037037037,59734200,-0.579298831385643,31.5,0.0932539682539683,0,31.5,0,1.5628078817734,-0.462290067080561
"2001-03-07",2001-03-07,0.0456349206349206,77832700,-0.560100166944908,32.9375,0.132827324478178,0,32.9375,0,1.42436109653196,-0.240320528432026
"2001-03-08",2001-03-08,0.0094876660341556,64903100,-0.555926544240401,33.25,0.140977443609023,0,33.25,0,1.06135875402793,-0.193776352161288
"2001-03-09",2001-03-09,-0.114661654135338,95273400,-0.606844741235392,29.4375,0.029723991507431,28.5625,33.25,5302,-1.09159159159159,-0.806264500851258
"2001-03-12",2001-03-12,-0.0573248407643312,59597600,-0.629382303839733,27.75,0,27.75,29.4375,5303,-1.03713892709766,-1.00364537909907
"2001-03-13",2001-03-13,0.0585585585585586,52027200,-0.607679465776294,29.375,0.0553191489361702,27.75,29.375,5303,-0.96551724137931,-0.712749562915331
"2001-03-14",2001-03-14,-0.0106382978723404,57451000,-0.611853088480801,29.0625,0.0451612903225806,27.75,29.375,5305,-1.00686813186813,-0.766876548176968
"2001-03-15",2001-03-15,-0.0193548387096774,40752100,-0.619365609348915,28.5,0.0263157894736842,27.75,29.375,0,-1.01227830832196,-0.866425242504955
"2001-03-16",2001-03-16,-0.0219298245614035,59068600,-0.62771285475793,27.875,0.00448430493273544,27.75,29.375,0,-1.01347708894879,-0.9804039467966
"2001-03-19",2001-03-19,-0.0291479820627803,76656300,-0.638564273789649,27.0625,0,27.0625,29.0625,5308,-1.01728723404255,-1.03832374493724
"2001-03-20",2001-03-20,-0.0900692840646651,64431100,-0.671118530884808,24.625,0,24.625,27.0625,5309,-1.05098039215686,-1.16127431472713
"2001-03-21",2001-03-21,0.0380710659898477,68549500,-0.658597662771285,25.5625,0.0366748166259169,24.625,25.5625,5309,-0.981343283582089,-0.975472579112734
"2001-03-22",2001-03-22,0.122249388753056,94022700,-0.61686143572621,28.6875,0.14161220043573,0,28.6875,0,3.86129266521423,-0.421517255388544
"2001-03-23",2001-03-23,0.00435729847494553,84795800,-0.615191986644407,28.8125,0.145336225596529,0,28.8125,0,1.02629734690472,-0.401147239591941
"2001-03-26",2001-03-26,-0.017353579175705,64433900,-0.621869782971619,28.3125,0.130242825607064,24.625,28.8125,5313,-1.01085481682497,-0.48337246083777
"2001-03-27",2001-03-27,0.0375275938189845,72645800,-0.607679465776294,29.375,0.0361702127659574,28.3125,29.375,5313,-0.977181208053691,-0.785071060104343
"2001-03-28",2001-03-28,-0.0829787234042553,7.3e+07,-0.640233722871452,26.9375,0,0,29.375,5315,-1.05357142857143,-1.04462890236237
"2001-03-29",2001-03-29,-0.0139211136890951,64852600,-0.645242070116861,26.5625,0,26.5625,26.9375,5316,-1.00782268578879,-1.06354437463773
"2001-03-30",2001-03-30,-0.00941176470588235,47297100,-0.648580968280467,26.3125,0,26.3125,26.5625,5317,-1.00517464424321,-1.07615468948798
"2001-04-02",2001-04-02,-0.0195961995249406,44925500,-0.655467445742905,25.796875,0,25.796875,26.3125,5318,-1.01061776061776,-1.10216346386661
"2001-04-03",2001-04-03,-0.0308903694730466,57239500,-0.666110183639399,25,0,25,25.796875,5319,-1.01623686723973,-1.14235884245177
"2001-04-04",2001-04-04,-0.095,84555800,-0.697829716193656,22.625,0,22.625,25,5320,-1.04761904761905,-1.26215683352909
"2001-04-05",2001-04-05,0.132596685082873,67714900,-0.657762938230384,25.625,0.117073170731707,22.625,25.625,5320,-0.942583732057416,-0.668672357064875
"2001-04-06",2001-04-06,-0.0780487804878049,73965900,-0.684474123539232,23.625,0.0423280423280423,22.625,25.625,5322,-1.04060913705584,-1.05185147687316
"2001-04-09",2001-04-09,-0.0179893756613756,60543900,-0.690150237061769,23.200001,0.0247845247937705,22.625,25.625,0,-1.00829266341463,-1.13954713094386
"2001-04-10",2001-04-10,0.0676723677727427,55847600,-0.669181969949916,24.77,0.086596689543803,22.625,25.625,0,3.49398224353161,-0.826902881833174
"2001-04-11",2001-04-11,0.111021396851029,91360800,-0.63245409015025,27.52,0.156976707848837,23.200001,27.52,5322,1.81273335823576,-0.422378918577725
"2001-04-12",2001-04-12,0.0218023619186046,54027200,-0.624440721202003,28.120001,0.174964431900269,0,28.120001,0,1.11458849085275,-0.324178268809376
"2001-04-16",2001-04-16,-0.0647226861762913,59342200,-0.64874792654424,26.299999,0.117870650869606,23.200001,28.120001,5327,-1.03892636164959,-0.631612642960568
"2001-04-17",2001-04-17,-0.00988585588919602,74191900,-0.652220353923205,26.040001,0.109062975842436,23.200001,28.120001,0,-1.00535250632316,-0.677992002302088
"2001-04-18",2001-04-18,0.20122887092055,49959200,-0.582237048414023,31.280001,0.167519176230205,26.040001,31.280001,5327,1.5359857452654,-0.192903051035231
"2001-04-19",2001-04-19,0.0386828951827718,85981400,-0.566076767946577,32.490002,0.1985226409035,0,32.490002,0,1.18507412327941,-0.0147755231506644
"2001-04-20",2001-04-20,-0.00184678351204771,62659300,-0.566878130217028,32.43,0.197039747147703,26.040001,32.490002,5331,-1.00141564239309,-0.0234026768636869
"2001-04-23",2001-04-23,-0.0650632130743139,58508800,-0.595058430717863,30.32,0.141160916886544,26.040001,32.490002,0,-1.04971139121216,-0.340876302295215
"2001-04-24",2001-04-24,-0.0389182387862797,50134100,-0.610818043405676,29.139999,0.106382913739976,26.040001,32.490002,0,-1.02648414319381,-0.531746228907168
"2001-04-25",2001-04-25,-0.00377481138554606,64640600,-0.612287131886477,29.030001,0.102996896210923,26.040001,32.490002,0,-1.00240511637903,-0.550082941324135
"2001-04-26",2001-04-26,-0.0134344466608871,53730100,-0.617495839732888,28.639999,0.0907820562423902,26.040001,32.490002,0,-1.00850696932069,-0.61588801023868
"2001-04-27",2001-04-27,0.0537709865143501,42007500,-0.596928213689482,30.18,0.137176905235255,26.040001,32.490002,0,1.51105748110606,-0.362984851177644
"2001-04-30",2001-04-30,0.0241882041086813,41266300,-0.587178631051753,30.91,0.15755415723067,26.040001,32.490002,0,1.14854724970262,-0.249202144563162
"2001-05-01",2001-05-01,0.00873503720478808,37209500,-0.583572621035058,31.18,0.164849230275818,26.040001,32.490002,0,1.04630200290093,-0.208031050722418
"2001-05-02",2001-05-02,0.0243746311738293,45022200,-0.573422357262103,31.940001,0.184721346752619,26.040001,32.490002,0,1.12054722029064,-0.0946428463052078
"2001-05-03",2001-05-03,-0.0482154336814204,37080900,-0.593989983305509,30.4,0.143421019736842,26.040001,32.490002,0,-1.03586819694581,-0.328305069286544
"2001-05-04",2001-05-04,0.0157894407894738,35393400,-0.587579312186978,30.879999,0.156735691604135,26.040001,32.490002,0,1.09283626550504,-0.253806605005239
"2001-05-07",2001-05-07,0.00906739019000611,33647800,-0.583839732888147,31.16,0.164313189987163,26.040001,32.490002,0,1.04834571057476,-0.211064387135738
"2001-05-08",2001-05-08,0.0102695763799743,41514400,-0.579565943238731,31.48,0.172808100381194,26.040001,32.490002,0,1.05169950382373,-0.162839697466764
"2001-05-09",2001-05-09,-0.0492376111817027,61622800,-0.600267111853088,29.93,0.129969896424992,26.040001,32.490002,0,-1.03571840073741,-0.402814519770551
"2001-05-10",2001-05-10,-0.0307383895756765,49116200,-0.612554257095159,29.01,0.102378455704929,26.040001,32.490002,0,-1.0204694626766,-0.553427536437684
"2001-05-11",2001-05-11,-0.036883798690107,47531600,-0.6268447278798,27.940001,0.0680028608445647,26.040001,32.490002,0,-1.02332931429194,-0.737229012324397
"2001-05-14",2001-05-14,-0.0189692548686737,41994500,-0.633923205342237,27.41,0.0499817219992703,26.040001,32.490002,0,-1.01129223418115,-0.832024974570521
"2001-05-15",2001-05-15,-0.00766140094855891,47310800,-0.636727866444073,27.200001,0.0426470572556229,26.040001,32.490002,0,-1.00442429158327,-0.870319071909114
"2001-05-16",2001-05-16,0.0426470572556229,59906400,-0.621235378964941,28.360001,0.081805356776962,26.040001,32.490002,0,1.91819464322304,-0.663914564457672
"2001-05-17",2001-05-17,0.00846258785392853,56376100,-0.618030050083472,28.6,0.0895104545454546,26.040001,32.490002,0,1.09418818121532,-0.622708181853318
"2001-05-18",2001-05-18,0.0055944055944056,34775000,-0.615893155258765,28.76,0.0945757649513214,26.040001,32.490002,0,1.05658903679564,-0.595506970219017
"2001-05-21",2001-05-21,0.0396383866481223,44417800,-0.600667779632721,29.9,0.129096956521739,26.040001,32.490002,0,1.36501096859418,-0.407624667636674
"2001-05-22",2001-05-22,-0.0123745484949833,39665300,-0.605609335559265,29.530001,0.118184892713007,26.040001,32.490002,0,-1.00822677042802,-0.467500448981852
"2001-05-23",2001-05-23,-0.0247206899857538,53488500,-0.61535894490818,28.799999,0.0958332672164329,26.040001,32.490002,0,-1.01609884256476,-0.588740049187595
"2001-05-24",2001-05-24,0.0142361116054205,47217900,-0.609883151919866,29.209999,0.108524413164136,26.040001,32.490002,0,1.13242944038463,-0.520127348643014
"2001-05-25",2001-05-25,-0.00376579951269421,29592100,-0.61135225375626,29.1,0.105154604810997,26.040001,32.490002,0,-1.00240882508685,-0.538402892859125
"2001-05-29",2001-05-29,-0.0429553264604811,37797600,-0.62804674457429,27.85,0.0649909874326751,26.040001,32.490002,0,-1.02730748225014,-0.753143987379642
"2001-05-30",2001-05-30,-0.0448833034111311,47272800,-0.64474123539232,26.6,0.0210525939849624,26.040001,32.490002,0,-1.02658160552897,-0.982141615760053
"2001-05-31",2001-05-31,0.0154135338345865,38761100,-0.639265442404007,27.01,0.0359125879303962,26.040001,32.490002,0,1.70585097285627,-0.905337633309417
"2001-06-01",2001-06-01,0.0640503517215845,60601900,-0.616160267111853,28.74,0.0939456854558106,26.040001,32.490002,0,2.61595420630479,-0.598895472902349
"2001-06-04",2001-06-04,-0.00835073068893523,37894700,-0.619365609348915,28.5,0.0863157543859649,26.040001,32.490002,0,-1.00520212420072,-0.639818017164972
"2001-06-05",2001-06-05,0.0431578947368421,51625800,-0.602938230383973,29.73,0.124117019845274,26.040001,32.490002,0,1.43794166810243,-0.435007853277481
"2001-06-06",2001-06-06,0.00302724520686175,72646300,-0.601736227045075,29.82,0.126760529845741,26.040001,32.490002,0,1.02129852943426,-0.420484159653402
"2001-06-07",2001-06-07,0.0442655600268276,75686000,-0.584106858096828,31.139999,0.163776434289545,26.040001,32.490002,0,1.29201443453139,-0.214100475939232
"2001-06-08",2001-06-08,-0.015093096181538,68334700,-0.590383973288815,30.67,0.15096181936746,26.040001,32.490002,0,-1.01074651856073,-0.28620591790765
"2001-06-11",2001-06-11,-0.0110857515487448,41072800,-0.594924874791319,30.33,0.141444081767227,26.040001,32.490002,0,-1.00769143762018,-0.339302435610369
"2001-06-12",2001-06-12,-0.00659416419386735,54088900,-0.597596006677796,30.129999,0.135745042673251,26.040001,32.490002,0,-1.00448986418229,-0.370914807788835
"2001-06-13",2001-06-13,-0.0355127791408158,41032400,-0.61188649081803,29.059999,0.103922852853505,26.040001,32.490002,0,-1.02391328586628,-0.545072661286836
"2001-06-14",2001-06-14,-0.049896698207044,41913100,-0.631252073455759,27.610001,0.0568634532103059,26.040001,32.490002,0,-1.03164897890104,-0.795945823461932
"2001-06-15",2001-06-15,0.00253527698169947,54910400,-0.630317195325542,27.68,0.0592485187861271,26.040001,32.490002,0,1.04194373435254,-0.783407095604172
"2001-06-18",2001-06-18,-0.00469656791907515,27854300,-0.63205343572621,27.549999,0.0548093667807392,26.040001,32.490002,0,-1.00275455027016,-0.806730251552143
"2001-06-19",2001-06-19,-0.0319418886367291,60427600,-0.643806343906511,26.67,0.0236220097487815,26.040001,32.490002,0,-1.01859480150883,-0.968906585643984
"2001-06-20",2001-06-20,0.0307461567304086,43070200,-0.632854757929883,27.49,0.0527464168788649,26.040001,32.490002,0,2.23293519221352,-0.817548003785926
"2001-06-21",2001-06-21,-0.0080029101491451,45895500,-0.635792988313856,27.27,0.0451044737807114,26.040001,32.490002,0,-1.00464281945763,-0.857507089760486
"2001-06-22",2001-06-22,0.00880088008800887,30366800,-0.632587646076795,27.51,0.0534350781533988,26.040001,32.490002,0,1.1846957446658,-0.813938250066542
"2001-06-25",2001-06-25,0.0388949472918937,28358600,-0.618297161936561,28.58,0.0888733030090972,26.040001,32.490002,0,1.66320151631414,-0.626123394144833
"2001-06-26",2001-06-26,0.0136458712386285,34780200,-0.613088494156928,28.969999,0.101139043877772,26.040001,32.490002,0,1.13801378426791,-0.560126234579171
"2001-06-27",2001-06-27,-0.0110458754244349,33729600,-0.617362270450751,28.65,0.0910994415357765,26.040001,32.490002,0,-1.00697089626466,-0.614184849824119
"2001-06-28",2001-06-28,0.0345549389179756,54522800,-0.604140247078464,29.639999,0.121457426499913,26.040001,32.490002,0,1.33324007757187,-0.449592340747685
"2001-06-29",2001-06-29,-0.0131578614425729,49436600,-0.609348914858097,29.25,0.109743555555556,26.040001,32.490002,0,-1.00862162023606,-0.513505203889492
"2001-07-02",2001-07-02,0.0276922735042735,38578300,-0.598530898163606,30.059999,0.133732472845392,26.040001,32.490002,0,1.21859066956959,-0.382046748133531
"2001-07-03",2001-07-03,0.0133067203362182,22120800,-0.593188661101836,30.459999,0.145108277909004,26.040001,32.490002,0,1.08506389526472,-0.318906225556751
"2001-07-05",2001-07-05,-0.0203545312000831,35630900,-0.601469115191986,29.84,0.127345810991957,26.040001,32.490002,0,-1.01395922517259,-0.417264850896238
"2001-07-06",2001-07-06,-0.0472520107238606,37375700,-0.620300500834724,28.43,0.084066092156173,26.040001,32.490002,0,-1.03130898190296,-0.651845405555843
"2001-07-09",2001-07-09,0.0165318325712275,30139400,-0.614023372287145,28.9,0.0989619031141868,26.040001,32.490002,0,1.17719166641339,-0.571879674231362
"2001-07-10",2001-07-10,-0.0384082698961937,41241500,-0.628848066777963,27.790001,0.0629722899254304,26.040001,32.490002,0,-1.02414353452964,-0.763794607642992
"2001-07-11",2001-07-11,0.00971565276302081,50333800,-0.625242083472454,28.059999,0.0719885271556853,26.040001,32.490002,0,1.14317785236858,-0.71612314021096
"2001-07-12",2001-07-12,0.0727013924697574,49223400,-0.597996661101836,30.1,0.134883687707641,26.040001,32.490002,0,1.87368311364304,-0.375681151345194
"2001-07-13",2001-07-13,0.00299006644518264,42796300,-0.596794644407345,30.190001,0.137462731452046,26.040001,32.490002,0,1.01912050143524,-0.361400882745812
"2001-07-16",2001-07-16,-0.0351110289794292,65739200,-0.61095159933222,29.129999,0.106076145076421,26.040001,32.490002,0,-1.02372165209179,-0.533409242106548
"2001-07-17",2001-07-17,0.0264332655830162,104487600,-0.600667779632721,29.9,0.129096956521739,26.040001,32.490002,0,1.2170215690694,-0.407624667636673
"2001-07-18",2001-07-18,-0.0337792976588628,71663500,-0.614156941569282,28.889999,0.0986499861076492,26.040001,32.490002,0,-1.02245694274597,-0.573562182078676
"2001-07-19",2001-07-19,0.0370370383190391,54602300,-0.599866457429048,29.959999,0.130841059106844,26.040001,32.490002,0,1.32631604189044,-0.398011134536448
"2001-07-20",2001-07-20,-0.00100130176906882,50444200,-0.600267111853088,29.93,0.129969896424992,26.040001,32.490002,0,-1.00066790602988,-0.40281451977055
"2001-07-23",2001-07-23,-0.031072502505847,35057400,-0.612687813021703,29,0.102068931034483,26.040001,32.490002,0,-1.02069195683613,-0.555100958494395
"2001-07-24",2001-07-24,-0.00413796551724133,38032700,-0.614290497495826,28.879999,0.0983378842914781,26.040001,32.490002,0,-1.00261582561308,-0.575245337471778
"2001-07-25",2001-07-25,0.018698096215308,35538100,-0.607078464106845,29.42,0.114887797416723,26.040001,32.490002,0,1.16829641235915,-0.485501472185552
"2001-07-26",2001-07-26,0.0122366077498299,46221000,-0.602270437395659,29.780001,0.12558763849605,26.040001,32.490002,0,1.09313296381265,-0.426931523085001
"2001-07-27",2001-07-27,-0.0188046333510868,35482900,-0.609749595993322,29.219999,0.108829504066718,26.040001,32.490002,0,-1.01241827281114,-0.518470671993321
"2001-07-30",2001-07-30,-0.00616009603559539,30514600,-0.612153575959933,29.040001,0.103305781566605,26.040001,32.490002,0,-1.00394256918317,-0.548411933824585
"2001-07-31",2001-07-31,0.0265150817315744,50354000,-0.601869796327212,29.809999,0.126467565463521,26.040001,32.490002,0,1.22420607584274,-0.422095087432031
"2001-08-01",2001-08-01,0.0315330772067453,45023900,-0.589315525876461,30.75,0.153170699186992,26.040001,32.490002,0,1.21114610394847,-0.273828143493372
"2001-08-02",2001-08-02,0.0442276747967479,74140400,-0.571151906510851,32.110001,0.189037677077618,26.040001,32.490002,0,1.23416344040344,-0.0697659620304691
"2001-08-03",2001-08-03,-0.0133914975586577,35671500,-0.576894824707846,31.68,0.178030271464646,26.040001,32.490002,0,-1.01005497509774,-0.133028405728097
"2001-08-06",2001-08-06,-0.0441918876262627,54176800,-0.595592641068447,30.280001,0.140026415454874,26.040001,32.490002,0,-1.0324111355481,-0.34717867509529
"2001-08-07",2001-08-07,0.0112285333147776,44101300,-0.591051739565943,30.620001,0.149575436003415,26.040001,32.490002,0,1.06819442258463,-0.293964008288203
"2001-08-08",2001-08-08,-0.0329849760618884,49096000,-0.604540888146911,29.610001,0.120567371814678,26.040001,32.490002,0,-1.02282228048406,-0.454467026656711
"2001-08-09",2001-08-09,0.00135086114992019,35734300,-0.604006677796327,29.65,0.121753760539629,26.040001,32.490002,0,1.00984004799221,-0.447968686482687
"2001-08-10",2001-08-10,0.0101180775716695,33800700,-0.599999986644407,29.950001,0.130550913838033,26.040001,32.490002,0,1.07225364752114,-0.399611263793949
"2001-08-13",2001-08-13,0.020367211339993,30830500,-0.591853101836394,30.559999,0.147905698557124,26.040001,32.490002,0,1.13293499224848,-0.303296831251816
"2001-08-14",2001-08-14,-0.00687169525103714,27561900,-0.59465776293823,30.35,0.142009851729819,26.040001,32.490002,0,-1.00473877908747,-0.336156816482702
"2001-08-15",2001-08-15,-0.0187808566721582,33348300,-0.602270437395659,29.780001,0.12558763849605,26.040001,32.490002,0,-1.01280177428411,-0.426931523085
"2001-08-16",2001-08-16,0.012760207764936,38692500,-0.597195325542571,30.16,0.13660474137931,26.040001,32.490002,0,1.08772442109107,-0.366154618693297
"2001-08-17",2001-08-17,-0.0692970822281167,60330900,-0.625108514190317,28.07,0.0723191663697899,26.040001,32.490002,0,-1.04674046740467,-0.714369922530478
"2001-08-20",2001-08-20,0.00463131457071607,36548500,-0.623372273789649,28.200001,0.07659574196469,26.040001,32.490002,0,1.05913474683921,-0.691660783429688
"2001-08-21",2001-08-21,-0.0400709560258526,35088800,-0.638464106844741,27.07,0.0380494643516809,26.040001,32.490002,0,-1.02420998445013,-0.894240625747053
"2001-08-22",2001-08-22,0.0328776874769117,42316100,-0.626577642737896,27.959999,0.0686694588222267,26.040001,32.490002,0,1.80474180102862,-0.733702687911028
"2001-08-23",2001-08-23,-0.010371924548352,32548500,-0.630450751252086,27.67,0.0589085290928805,26.040001,32.490002,0,-1.00618137043203,-0.785195577632946
"2001-08-24",2001-08-24,0.0509577159378387,38858200,-0.611619365609349,29.08,0.10453916781293,26.040001,32.490002,0,1.77460156318118,-0.54173609391482
"2001-08-27",2001-08-27,0.00240715268225586,27995600,-0.610684474123539,29.15,0.106689502572899,26.040001,32.490002,0,1.02056965637814,-0.53008384444894
"2001-08-28",2001-08-28,-0.0219554030874785,54856600,-0.61923205342237,28.51,0.0866362329007366,26.040001,32.490002,0,-1.01399671951886,-0.638103224746246
"2001-08-29",2001-08-29,-0.014380918975798,37922200,-0.624707846410684,28.1,0.0733095729537367,26.040001,32.490002,0,-1.00884287717028,-0.709116127761877
"2001-08-30",2001-08-30,-0.0345196085409253,44788800,-0.637662784641068,27.129999,0.0401768536740456,26.040001,32.490002,0,-1.02073759486905,-0.883179499399615
"2001-08-31",2001-08-31,0.0305934401250807,38127600,-0.626577642737896,27.959999,0.0686694588222267,26.040001,32.490002,0,1.70917960324473,-0.733702687911028
"2001-09-04",2001-09-04,-0.0396995364699404,54390700,-0.641402337228714,26.85,0.0301675605214153,26.040001,32.490002,0,-1.02365978847576,-0.93510599284651
"2001-09-05",2001-09-05,0.0230912104283054,71243200,-0.633121883138564,27.469999,0.0520567183129493,26.040001,32.490002,0,1.72558594109707,-0.821161725577558
"2001-09-06",2001-09-06,-0.0498725536903005,81642600,-0.651419031719532,26.1,0.00229881226053641,26.040001,32.490002,0,-1.02889988336885,-1.07819132756779
"2001-09-07",2001-09-07,-0.00804601532567057,72749200,-0.654223719532554,25.889999,0,25.889999,32.43,5428,-1.0043055048693,-1.09746617202615
"2001-09-10",2001-09-10,0.00695253020287875,51654400,-0.651819699499165,26.07,0.00690452627541238,25.889999,26.07,5428,-0.996325385397052,-1.06230975395041
"2001-09-17",2001-09-17,-0.0951285001917914,81412400,-0.684941569282137,23.59,0,0,26.07,5430,-1.05081446573097,-1.21348101820715
"2001-09-18",2001-09-18,-0.00508694362017798,56115100,-0.68654425375626,23.469999,0,23.469999,23.59,5431,-1.00233988495661,-1.21953401977653
"2001-09-19",2001-09-19,-0.0507029420836363,86255200,-0.70243738230384,22.280001,0,22.280001,23.469999,5432,-1.02314945971891,-1.27955901758117
"2001-09-20",2001-09-20,-0.0722621601318598,70338800,-0.723939899833055,20.67,0,20.67,22.280001,5433,-1.03061129443124,-1.36076949565801
"2001-09-21",2001-09-21,-0.0662796806966619,116397800,-0.742237075125209,19.299999,0,19.299999,20.67,5434,-1.02527443962734,-1.42987407147861
"2001-09-24",2001-09-24,0.104145083116326,79136200,-0.715392333889816,21.309999,0.0943219190202684,19.299999,21.309999,5434,-0.963832659220285,-0.972253125793233
"2001-09-25",2001-09-25,0.0173627882385165,65914600,-0.710450751252087,21.68,0.109778643911439,0,21.68,0,1.16387203580802,-0.895213016227941
"2001-09-26",2001-09-26,-0.0359778597785978,48082100,-0.720868113522537,20.9,0.0765550717703348,19.299999,21.68,5437,-1.01466303223987,-1.06003563025288
"2001-09-27",2001-09-27,-0.0167464593301435,58791700,-0.725542584307178,20.549999,0.0608272535682362,19.299999,21.68,0,-1.0064845020843,-1.13709077694553
"2001-09-28",2001-09-28,-0.00535270099039912,72640600,-0.72701167278798,20.440001,0.0557730892478919,19.299999,21.68,0,-1.00202481358445,-1.16172772831075
"2001-10-01",2001-10-01,-0.0210372298905463,44631700,-0.732754590984975,20.01,0.0354823088455773,19.299999,21.68,0,-1.00789934799117,-1.26005152255883
"2001-10-02",2001-10-02,-0.0234882058970515,52207600,-0.739031706176961,19.540001,0.0122825991667043,19.299999,21.68,0,-1.00856646313679,-1.37137927925975
"2001-10-03",2001-10-03,0.0864891972114024,75582600,-0.716460767946577,21.23,0.0909091380122469,19.299999,21.68,0,7.4014576864711,-0.989177730890366
"2001-10-04",2001-10-04,0.0150729627885068,67181500,-0.712186991652754,21.549999,0.104408357513149,19.299999,21.68,0,1.1484913375714,-0.922052870585698
"2001-10-05",2001-10-05,0.0190255229246182,49112300,-0.706711198664441,21.959999,0.110200278242271,19.540001,21.959999,5437,1.05547372707585,-0.879497090008718
"2001-10-08",2001-10-08,0.0127505014913707,36853400,-0.702971619365609,22.24,0.121402832733813,0,22.24,0,1.10165631766295,-0.823063799025207
"2001-10-09",2001-10-09,-0.0355215377697841,42528700,-0.713522524207011,21.450001,0.0890442848930403,19.540001,22.24,5446,-1.01500900541465,-0.985123760683196
"2001-10-10",2001-10-10,0.0750581783189661,52538600,-0.692020046744574,23.059999,0.0698177827327746,21.450001,23.059999,5446,-0.969864332613277,-0.976527881520242
"2001-10-11",2001-10-11,0.0628794910181913,76342800,-0.672654424040066,24.51,0.124846960424317,0,24.51,0,1.78818283161705,-0.695554395583751
"2001-10-12",2001-10-12,0.0208078335373316,64736500,-0.66584307178631,25.02,0.142685811350919,0,25.02,0,1.14288574480287,-0.602455772027313
"2001-10-15",2001-10-15,-0.0255795763389288,44391600,-0.674390664440734,24.379999,0.120180398694848,21.450001,25.02,5450,-1.01283724801926,-0.71973643014381
"2001-10-16",2001-10-16,0.023789992772354,53540600,-0.666644420701168,24.959999,0.140624925505806,21.450001,25.02,0,1.17011531857927,-0.613265829636129
"2001-10-17",2001-10-17,-0.0156249605618974,91448800,-0.671853088480801,24.57,0.126984086284086,21.450001,25.02,0,-1.0078132623898,-0.684456445944787
"2001-10-18",2001-10-18,-0.0211640618640619,49862900,-0.678798010016694,24.049999,0.108108029443161,21.450001,25.02,0,-1.01033696451645,-0.781976840733165
"2001-10-19",2001-10-19,0.00415804591093741,42197000,-0.677462437395659,24.15,0.111801200828157,21.450001,25.02,0,1.03416186016912,-0.762984334190574
"2001-10-22",2001-10-22,0.0476190062111802,46022200,-0.662103519198664,25.299999,0.0494071165773564,24.049999,25.299999,5450,-0.977328753080335,-0.940626245955703
"2001-10-23",2001-10-23,-0.0118576684528723,41881700,-0.666110183639399,25,0.03800004,24.049999,25.299999,5456,-1.00605141692282,-0.998840698069554
"2001-10-24",2001-10-24,0.0192,41092700,-0.659699499165275,25.48,0.0188383045525903,25,25.48,5456,-0.990375939849624,-1.04699873091923
"2001-10-25",2001-10-25,0.0243328100470958,56318500,-0.651419031719532,26.1,0.0421455938697318,0,26.1,0,2.23722860791826,-0.927698429240447
"2001-10-26",2001-10-26,-0.00919536398467437,45505200,-0.654624360601001,25.860001,0.0332560311965959,25,26.1,5459,-1.00492053305997,-0.973378286220097
"2001-10-29",2001-10-29,-0.0649652333733475,46369900,-0.677061769616026,24.18,0,24.18,25.860001,5460,-1.03427524297205,-1.18372067516057
"2001-10-30",2001-10-30,-0.0264681141439206,52532700,-0.685609335559265,23.540001,0,23.540001,24.18,5461,-1.01262449945754,-1.21600303073594
"2001-10-31",2001-10-31,0.0373831335011414,64549300,-0.673856427378965,24.42,0.0360359950859952,23.540001,24.42,5461,-0.982857718571301,-1.03551441233344
"2001-11-01",2001-11-01,0.0622441031941031,54534000,-0.653555913188647,25.940001,0.0925211992088975,0,25.940001,0,2.56746619562212,-0.745510933195823
"2001-11-02",2001-11-02,0.0138781027803353,49877700,-0.64874792654424,26.299999,0.104942893724064,0,26.299999,0,1.13425782006047,-0.680438057790448
"2001-11-05",2001-11-05,0.0250950579884053,42474800,-0.63993323539232,26.959999,0.126854529927839,0,26.959999,0,1.20879580718813,-0.564391193477421
"2001-11-06",2001-11-06,0.047848703555219,63152300,-0.622704507512521,28.25,0.166725628318584,0,28.25,0,1.31430567291074,-0.348737180721243
"2001-11-07",2001-11-07,0.00141596460176992,59713700,-0.622170270450751,28.290001,0.167903847016478,0,28.290001,0,1.00706681216185,-0.34226959613545
"2001-11-08",2001-11-08,-0.00035348178319264,64845900,-0.622303826377295,28.280001,0.167609612177878,23.540001,28.290001,5468,-1.00021466137629,-0.343885271718879
"2001-11-09",2001-11-09,-0.0141443417912184,40852500,-0.62764609015025,27.879999,0.155667078754199,23.540001,28.290001,0,-1.00858465519014,-0.409166308783147
"2001-11-12",2001-11-12,0.0179340035126974,47878400,-0.620968293823038,28.379999,0.0176180414946456,27.879999,28.379999,5468,-0.989360570499829,-0.905327805555207
"2001-11-13",2001-11-13,0.0588442585921162,68022300,-0.59866445409015,30.049999,0.0722129807724785,0,30.049999,0,4.09880864421991,-0.614897319985285
"2001-11-14",2001-11-14,0.0422629298589993,78499200,-0.581702838063439,31.32,0.109834003831418,0,31.32,0,1.52097313608299,-0.408750192849195
"2001-11-15",2001-11-15,-0.0172413473818647,58207300,-0.588914844741235,30.780001,0.0942170859578594,27.879999,31.32,5473,-1.01239809436345,-0.494970230771574
"2001-11-16",2001-11-16,-0.00487335916590767,39647000,-0.590918210350584,30.629999,0.0897812631335705,27.879999,31.32,0,-1.00340179166349,-0.519289688733279
"2001-11-19",2001-11-19,0.0117532161852175,47857300,-0.586110183639399,30.99,0.100354985479187,27.879999,31.32,0,1.11777203813546,-0.461196063516437
"2001-11-20",2001-11-20,-0.0335591803807679,41297200,-0.599999986644407,29.950001,0.0691152564569196,27.879999,31.32,0,-1.02369827959439,-0.631640797084932
"2001-11-21",2001-11-21,0.028714456470302,55275700,-0.588514203672788,30.809999,0.0950989969197986,27.879999,31.32,0,1.37594797147392,-0.490126301989532
"2001-11-23",2001-11-23,0.00811424888394187,17574100,-0.585175305509182,31.059999,0.102382488808193,27.879999,31.32,0,1.07658852484572,-0.450007772925688
"2001-11-26",2001-11-26,0.0260786228615138,53246100,-0.574357248747913,31.870001,0.0602447423832838,29.950001,31.870001,5473,-0.981513135193127,-0.568295641652997
"2001-11-27",2001-11-27,0.0138060867961693,80781000,-0.568480787979966,32.310001,0.0730423994725348,0,32.310001,0,1.21242778345421,-0.497767433186909
"2001-11-28",2001-11-28,-0.017022624047582,61282400,-0.575826377295492,31.76,0.0569898929471033,29.950001,32.310001,5481,-1.01292143810458,-0.586137111144388
"2001-11-29",2001-11-29,0.017632241813602,45961000,-0.568347245409015,32.32,0.0173267326732673,31.76,32.32,5481,-0.987011480923113,-0.707689405112977
"2001-11-30",2001-11-30,0.0105198019801979,42399600,-0.56380634390651,32.66,0.0275566442131046,0,32.66,0,1.59041203744203,-0.651903156497096
"2001-12-03",2001-12-03,-0.0189834353949786,43008300,-0.572086797996661,32.040001,0.00873910709303649,31.76,32.66,5484,-1.01468669904063,-0.75424655968762
"2001-12-04",2001-12-04,0.0255930079402931,44357600,-0.561135212020033,32.860001,0.0249543510360818,32.040001,32.860001,5484,2.85548063096354,-0.651643167195963
"2001-12-05",2001-12-05,0.0532562369672478,75429600,-0.537762924874791,34.610001,0.0742559932315517,0,34.610001,0,2.97567318517657,-0.377169048643905
"2001-12-06",2001-12-06,-0.0130020510545492,58338000,-0.543772954924874,34.16,0.0620608606557377,32.040001,34.610001,5487,-1.01117598438286,-0.445926112011344
"2001-12-07",2001-12-07,-0.0269320257611241,59279300,-0.556060073455759,33.240002,0.0361011109445781,32.040001,34.610001,0,-1.02259604568341,-0.590376474656466
"2001-12-10",2001-12-10,-0.00872445795881711,41557600,-0.559933208681135,32.950001,0.0276176015897542,32.040001,34.610001,0,-1.006965317976,-0.637044917661809
"2001-12-11",2001-12-11,0.00728370235861298,46751600,-0.556727893155258,33.189999,0.0346489314446802,32.040001,34.610001,0,1.25459596236389,-0.598383264943772
"2001-12-12",2001-12-12,0.0268153970116118,50047800,-0.544841375626043,34.080002,0.0598591807594379,32.040001,34.610001,0,1.72759096063346,-0.458276592950096
"2001-12-13",2001-12-13,-0.0443075678223258,51006500,-0.565008347245409,32.57,0.0162726128338964,32.040001,34.610001,0,-1.03701439083292,-0.699060278790506
"2001-12-14",2001-12-14,0.0214921707092417,46155500,-0.555659432387312,33.27,0.0369702134054706,32.040001,34.610001,0,2.27192853310321,-0.585580920884097
"2001-12-17",2001-12-17,0.0210400060114217,39108700,-0.546310504173622,33.970001,0.0568148349480474,32.040001,34.610001,0,1.53677324836974,-0.475323034604264
"2001-12-18",2001-12-18,-0.00471003813040817,39780800,-0.54844739899833,33.810001,0.0523513737843427,32.040001,34.610001,0,-1.00391150235696,-0.50025118846197
"2001-12-19",2001-12-19,-0.0224786151292927,39961400,-0.558597676126878,33.049999,0.0305596983527897,32.040001,34.610001,0,-1.01850729376616,-0.620889213036952
"2001-12-20",2001-12-20,-0.0323751598298081,49423400,-0.572888146911519,31.98,0,31.98,34.16,5497,-1.02558276089461,-0.790278851832921
"2001-12-21",2001-12-21,0.013445903689806,57817500,-0.567145242070117,32.41,0.013267510027769,31.98,32.41,5497,-0.989975521622567,-0.718480520411178
"2001-12-24",2001-12-24,-0.0120333230484416,8673800,-0.572353923205342,32.02,0.00124921923797638,31.98,32.41,5499,-1.00918403391028,-0.783543163608476
"2001-12-26",2001-12-26,0.00843226108682053,23231600,-0.568747899833055,32.290001,0.0096005261814639,31.98,32.41,0,7.68522120826111,-0.738382846443411
"2001-12-27",2001-12-27,0.0117682560616831,22443900,-0.563672814691151,32.669998,0.0198958689865851,32.02,32.669998,5499,2.07237276483854,-0.680331978672813
"2001-12-28",2001-12-28,-0.0131618006220877,27584200,-0.569415666110183,32.240002,0.00682388295137182,32.02,32.669998,5502,-1.01018827104901,-0.751391655407001
"2001-12-31",2001-12-31,-0.024503751581653,27975400,-0.579966597662771,31.450001,0,31.450001,32.240002,5503,-1.01852940159631,-0.817012668874181
"2002-01-02",2002-01-02,0.0492845453327648,42357300,-0.559265442404006,33,0.0469696666666667,31.450001,33,5503,-0.964306297393352,-0.56143423286314
"2002-01-03",2002-01-03,0.0763636363636365,91464500,-0.525609348914858,35.52,0.11458330518018,0,35.52,0,2.43951710352455,-0.178959792859762
"2002-01-04",2002-01-04,0.00760137950450432,65032900,-0.522003325542571,35.790001,0.1212629192159,0,35.790001,0,1.0582948277257,-0.140113107577709
"2002-01-07",2002-01-07,-0.0145292256348356,48808800,-0.528948247078464,35.27,0.108307314998582,31.450001,35.790001,5507,-1.01330436262772,-0.215273200260013
"2002-01-08",2002-01-08,0.00878939608732626,35636600,-0.524807986644407,35.580002,0.116076469023245,31.450001,35.790001,0,1.07173249585925,-0.170293851191062
"2002-01-09",2002-01-09,-0.00618327677440837,59083800,-0.527746230383973,35.360001,0.110576919949748,31.450001,35.790001,0,-1.00559870240991,-0.202161616783215
"2002-01-10",2002-01-10,-0.0200791566719694,51679400,-0.537228687813021,34.650002,0.0923521158815518,31.450001,35.790001,0,-1.01796783545408,-0.306806105473153
"2002-01-11",2002-01-11,-0.00288608929950425,39583200,-0.538564287145242,34.549999,0.0897249808892903,31.450001,35.790001,0,-1.0024860908632,-0.32177251805928
"2002-01-14",2002-01-14,0.00839366160328988,58696400,-0.534691151919866,34.84,0.0973019230769232,31.450001,35.790001,0,1.08444629480592,-0.278527988228584
"2002-01-15",2002-01-15,-0.00459242250287037,57115500,-0.536828046744574,34.68,0.0931372260668973,31.450001,35.790001,0,-1.00399650305982,-0.302327772828155
"2002-01-16",2002-01-16,-0.0279700403690887,76428600,-0.549782984974958,33.709999,0.0670423633059142,31.450001,35.790001,0,-1.02413237964921,-0.44981064328765
"2002-01-17",2002-01-17,0.0243251267969481,50498800,-0.53883139899833,34.529999,0.0891977436778958,31.450001,35.790001,0,1.33046836775259,-0.324772607104617
"2002-01-18",2002-01-18,-0.0304083124937247,51643600,-0.552854757929883,33.48,0.0606331839904419,31.450001,35.790001,0,-1.02602550437414,-0.485618202354002
"2002-01-22",2002-01-22,-0.0531660394265232,52957100,-0.576627699499165,31.700001,0.0078864350824468,31.450001,35.790001,0,-1.0430003382051,-0.774616950407953
"2002-01-23",2002-01-23,0.0236593052473405,49429000,-0.566611005008347,32.450001,0.0308166400364672,31.450001,35.790001,0,3.90755007989063,-0.650183453193988
"2002-01-24",2002-01-24,0.0231124800273504,53902500,-0.556594310517529,33.200001,0.052710841785818,31.450001,35.790001,0,1.71046686866063,-0.529662721795749
"2002-01-25",2002-01-25,0.0144578007693433,35832800,-0.550183639398998,33.68,0.0662113717339667,31.450001,35.790001,0,1.25612434730233,-0.454462310703788
"2002-01-28",2002-01-28,0.00712583135391924,29919400,-0.546978323873121,33.919998,0.0728183120765514,31.450001,35.790001,0,1.09978558319455,-0.417403487753995
"2002-01-29",2002-01-29,-0.0365565469667775,44733000,-0.563539232053422,32.68,0.0376376682986536,31.450001,35.790001,0,-1.0302770831265,-0.612820427433439
"2002-01-30",2002-01-30,0.036107741738066,47008900,-0.547779619365609,33.860001,0.0711754261318538,31.450001,35.790001,0,1.89106895695768,-0.426634646047468
"2002-01-31",2002-01-31,0.0348493787699534,63035000,-0.532020020033389,35.040001,0.102454334975618,31.450001,35.790001,0,1.43946219283352,-0.248980111791061
"2002-02-01",2002-02-01,-0.0105594460456778,39369800,-0.536961629382303,34.669998,0.092875603857837,31.450001,35.790001,0,-1.0092883898403,-0.303820378263889
"2002-02-04",2002-02-04,-0.0199018759678037,38594200,-0.546176961602671,33.98,0.0744555326662741,31.450001,35.790001,0,-1.01716199392304,-0.408193474106264
"2002-02-05",2002-02-05,-0.00529726309593871,40974500,-0.54858098163606,33.799999,0.0695265701043364,31.450001,35.790001,0,-1.00440154053063,-0.435888604292136
"2002-02-06",2002-02-06,-0.0260355333146608,51612200,-0.560333916527546,32.919998,0.0446536175366717,31.450001,35.790001,0,-1.02142424780464,-0.574216864064731
"2002-02-07",2002-02-07,-0.0185296791330303,46596000,-0.568480787979966,32.310001,0.0266171455705,31.450001,35.790001,0,-1.01453931524065,-0.673105835264724
"2002-02-08",2002-02-08,0.00649950459611572,60722800,-0.56567612687813,32.52,0.0329027982779828,31.450001,35.790001,0,1.23615051774933,-0.638773635357421
"2002-02-11",2002-02-11,0.0322878228782287,37651700,-0.551652754590985,33.57,0.0631515936848377,31.450001,35.790001,0,1.91933808034486,-0.471566986227026
"2002-02-12",2002-02-12,-0.0178730711945188,37593400,-0.559666096828046,32.970001,0.0461025160417801,31.450001,35.790001,0,-1.01452606222007,-0.566222465403432
"2002-02-13",2002-02-13,0.0124355470902168,36786800,-0.554190303839733,33.380001,0.057819051593198,31.450001,35.790001,0,1.25414091371499,-0.501290662972917
"2002-02-14",2002-02-14,-0.00119835227087011,44874100,-0.554724540901502,33.34,0.0566886322735454,31.450001,35.790001,0,-1.00096399568536,-0.507577719378534
"2002-02-15",2002-02-15,-0.0314936712657471,47587600,-0.568747899833055,32.290001,0.0260142450909183,31.450001,35.790001,0,-1.02527986035873,-0.676391688531575
"2002-02-19",2002-02-19,-0.0294209033935922,44224000,-0.58143572621035,31.34,0,31.34,35.580002,5536,-1.02230834853372,-0.822561257849549
"2002-02-20",2002-02-20,0.00319084237396295,63430900,-0.580100153589315,31.440001,0.00318069328305681,31.34,31.440001,5536,-0.997702974618123,-0.80550427311764
"2002-02-21",2002-02-21,-0.0623409967448792,76409400,-0.606277128547579,29.48,0,0,31.440001,5538,-1.04512492333659,-0.916382000335373
"2002-02-22",2002-02-22,0.00169609905020347,56059600,-0.605609335559265,29.530001,0.00169322716920994,29.48,29.530001,5538,-0.998898535080956,-0.907464924672905
"2002-02-25",2002-02-25,0.0504571266353835,52400300,-0.585709515859766,31.02,0.0496453900709219,0,31.02,0,29.3199819691568,-0.651202282960423
"2002-02-26",2002-02-26,-0.0322372662798195,61576000,-0.59906510851419,30.02,0.0179880079946702,29.48,31.02,5541,-1.02280241705621,-0.821206804178559
"2002-02-27",2002-02-27,-0.00433047968021319,57714000,-0.600801348914858,29.889999,0.0137169291976222,29.48,31.02,0,-1.0028982499164,-0.843895183032049
"2002-02-28",2002-02-28,-0.0448310486728353,64454700,-0.618697843071786,28.549999,0,28.549999,30.02,5543,-1.02978770635128,-0.963292422019544
"2002-03-01",2002-03-01,0.0851138733840236,58489400,-0.586243739565943,30.98,0.0784377340219496,28.549999,30.98,5543,-0.947544501941835,-0.544477316848009
"2002-03-04",2002-03-04,0.0280826339573919,57664400,-0.574624373956594,31.85,0.103610706436421,0,31.85,0,1.32092936809504,-0.405520408364183
"2002-03-05",2002-03-05,0.0266876295133438,68035700,-0.563272106844741,32.700001,0.126911372265707,0,32.700001,0,1.22488666114428,-0.274643582099958
"2002-03-06",2002-03-06,0.0079510089311619,44898700,-0.559799679465776,32.959999,0.133798547748742,0,32.959999,0,1.0542675991921,-0.235517544882868
"2002-03-07",2002-03-07,0.00060682647472148,55171900,-0.559532554257095,32.98,0.134323862947241,0,32.98,0,1.00392616517396,-0.23252466443401
"2002-03-08",2002-03-08,0.0360824135839904,70218400,-0.543639425709516,34.169998,0.164471739214032,0,34.169998,0,1.22444170086616,-0.0586374901981147
"2002-03-11",2002-03-11,-0.021949079423417,40275400,-0.553656120200334,33.419998,0.145721103873196,28.549999,34.169998,5550,-1.01842525397739,-0.167285633628228
"2002-03-12",2002-03-12,-0.0128664280590323,37674800,-0.559398971619365,32.990002,0.134586321031445,28.549999,34.169998,0,-1.01037259629128,-0.231028902073978
"2002-03-13",2002-03-13,-0.0500152137001991,56552400,-0.58143572621035,31.34,0.0890236439055521,28.549999,34.169998,0,-1.03939362728393,-0.486337712309396
"2002-03-14",2002-03-14,-0.0118060306317804,39862300,-0.58637730884808,30.969999,0.0781401381382028,28.549999,34.169998,0,-1.00849893189388,-0.546105736832038
"2002-03-15",2002-03-15,0.024862803515105,49693300,-0.576093489148581,31.74,0.100504127284184,28.549999,34.169998,0,1.28620360392027,-0.422801841792756
"2002-03-18",2002-03-18,-0.00378068683049779,38894600,-0.577696146911519,31.620001,0.0970905092634248,28.549999,34.169998,0,-1.00278194041961,-0.441747258486677
"2002-03-19",2002-03-19,0.00316249199359617,33498000,-0.576360614357262,31.719999,0.0999369514482016,28.549999,34.169998,0,1.02931740915123,-0.425952821049258
"2002-03-20",2002-03-20,-0.0375157010566111,51105500,-0.592253742904841,30.530001,0.0648543051145003,28.549999,34.169998,0,-1.0275749732922,-0.618477582060214
"2002-03-21",2002-03-21,0.0284965270718465,36841700,-0.580634390651085,31.4,0.0907643630573248,28.549999,34.169998,0,1.39951176559644,-0.47673690728271
"2002-03-22",2002-03-22,-0.025796178343949,33576400,-0.591452420701168,30.59,0.0666884929715593,28.549999,34.169998,0,-1.0186313973548,-0.608523815868997
"2002-03-25",2002-03-25,-0.0192873488067996,42929400,-0.599332220367278,30,0.0483333666666667,28.549999,34.169998,0,-1.01332279552896,-0.707607603500879
"2002-03-26",2002-03-26,0.0256666666666667,37563100,-0.589048414023372,30.77,0.0721482287942802,28.549999,34.169998,0,1.49272094559135,-0.578824117353581
"2002-03-27",2002-03-27,-0.0116997075073123,38028800,-0.593856427378965,30.41,0.0611641236435383,28.549999,34.169998,0,-1.00816233987076,-0.638467621515501
"2002-03-28",2002-03-28,0,33005100,-0.593856427378965,30.41,0.0611641236435383,28.549999,34.169998,0,-1,-0.638467621515501
"2002-04-01",2002-04-01,0.0249917790200592,32592200,-0.583706176961602,31.17,0.0840552133461663,28.549999,34.169998,0,1.37425680838716,-0.51367744177036
"2002-04-02",2002-04-02,-0.0365735964068015,37849000,-0.598931539232053,30.030001,0.0492841142429532,28.549999,34.169998,0,-1.0260839492049,-0.702503542006706
"2002-04-03",2002-04-03,-0.00532800515058258,42763300,-0.601068434056761,29.870001,0.044191561962117,28.549999,34.169998,0,-1.00356784487831,-0.72980764046284
"2002-04-04",2002-04-04,0.024104418342671,43744800,-0.591452420701168,30.59,0.0666884929715593,28.549999,34.169998,0,1.50907752544994,-0.608523815868997
"2002-04-05",2002-04-05,-0.0176528604118993,32757200,-0.59866445409015,30.049999,0.0499168069855842,28.549999,34.169998,0,-1.01219376764141,-0.699105270522136
"2002-04-08",2002-04-08,-0.00399331128097542,45247300,-0.600267111853088,29.93,0.0461076177748079,28.549999,34.169998,0,-1.002677055155,-0.719544676252973
"2002-04-09",2002-04-09,-0.0491146341463415,61982800,-0.619899846410684,28.459999,0,28.459999,33.419998,5570,-1.03270666370008,-0.967832135365631
"2002-04-10",2002-04-10,0.0281096636721597,60569500,-0.609215358931552,29.26,0.027341114149009,28.459999,29.26,5570,-0.98276417143673,-0.824217450099827
"2002-04-11",2002-04-11,-0.0109363978127137,42024500,-0.613489135225375,28.940001,0.01658610861831,28.459999,29.26,5572,-1.00701521429354,-0.880977992451375
"2002-04-12",2002-04-12,-0.0190049060468242,40682600,-0.620834737896494,28.389999,0,28.389999,28.940001,5573,-1.01197348453191,-0.971363023523701
"2002-04-15",2002-04-15,-0.00986255758585969,42941400,-0.624574277128547,28.110001,0,28.110001,28.389999,5574,-1.00602340527001,-0.985486475273456
"2002-04-16",2002-04-16,0.0498043027462006,60448200,-0.605876460767946,29.51,0.0474415113520841,28.110001,29.51,5574,-0.970063102107625,-0.735692170214526
"2002-04-17",2002-04-17,0.0382920704845814,63790400,-0.59078465442404,30.639999,0.0825717389873283,0,30.639999,0,1.74049554143686,-0.546014129775934
"2002-04-18",2002-04-18,-0.00620097931465335,45465200,-0.593322190317195,30.450001,0.0768472881166736,28.110001,30.639999,5577,-1.00429519601458,-0.577217912962804
"2002-04-19",2002-04-19,-0.011494285336805,34806900,-0.597996661101836,30.1,0.0661129235880399,28.110001,30.639999,0,-1.00787846950768,-0.635413837263208
"2002-04-22",2002-04-22,-0.00132893687707642,34145800,-0.598530898163606,30.059999,0.0648701951054622,28.110001,30.639999,0,-1.00089337800112,-0.642125061713389
"2002-04-23",2002-04-23,-0.0172986699034821,42582500,-0.605475779632721,29.540001,0.0484089353957706,28.110001,30.639999,0,-1.01160321295095,-0.730525125216754
"2002-04-24",2002-04-24,-0.0213270473484412,38224600,-0.613889816360601,28.91,0.0276720511933587,28.110001,30.639999,0,-1.01389657028558,-0.840622011402875
"2002-04-25",2002-04-25,0.00622621930127982,49886000,-0.611485809682804,29.09,0.0336885183911997,28.110001,30.639999,0,1.21742035513742,-0.80881965578824
"2002-04-26",2002-04-26,-0.0333447576486766,39343600,-0.624440721202003,28.120001,0.000355618764024901,28.110001,30.639999,0,-1.02118595609916,-0.983638965537434
"2002-04-29",2002-04-29,-0.00284495011219944,40652200,-0.625509168614357,28.040001,0,28.040001,30.450001,5584,-1.00171104698345,-0.989017363431525
"2002-04-30",2002-04-30,0.0203281019854457,45052800,-0.617896480801335,28.610001,0.0199231031134882,28.040001,28.610001,5584,-0.987829614344606,-0.885020482957998
"2002-05-01",2002-05-01,0.000698986343971154,46014800,-0.617629395659432,28.629999,0.0206076849670865,0,28.629999,0,1.03436120616847,-0.881426237234462
"2002-05-02",2002-05-02,-0.0265455126282052,41815600,-0.627779619365609,27.870001,0,0,28.629999,5587,-1.0164341655004,-0.997592377529691
"2002-05-03",2002-05-03,-0.0470040169715099,50945400,-0.64527547245409,26.559999,0,26.559999,27.870001,5588,-1.02786941873991,-1.06367052822749
"2002-05-06",2002-05-06,-0.0293673956840135,44269700,-0.655692808013355,25.780001,0,25.780001,26.559999,5589,-1.01614401291226,-1.10301460967774
"2002-05-07",2002-05-07,0.0143521716698149,55914400,-0.650751252086811,26.15,0.0141491013384322,25.780001,26.15,5589,-0.992463611212213,-1.0309132196343
"2002-05-08",2002-05-08,0.108221797323136,58152400,-0.612954924874791,28.98,0.110420945479641,0,28.98,0,7.80409602267197,-0.524565984912134
"2002-05-09",2002-05-09,-0.0255348516218082,41394900,-0.622838063439065,28.24,0.0871104461756373,25.780001,28.98,5592,-1.01612376075825,-0.649931361163062
"2002-05-10",2002-05-10,-0.043555240793201,43997500,-0.639265442404006,27.01,0.0455386523509812,25.780001,28.98,0,-1.02637504020585,-0.868982016227277
"2002-05-13",2002-05-13,0.0559052202887819,40695200,-0.619098497495826,28.52,0.0960728962131837,25.780001,28.98,0,2.10970002960823,-0.601958523148274
"2002-05-14",2002-05-14,0.0571528751753155,57087400,-0.597328881469115,30.15,0.104145936981758,27.01,30.15,5592,1.08403036742704,-0.489249096350446
"2002-05-15",2002-05-15,0.00298507462686567,53419600,-0.596126878130217,30.24,0.106812169312169,0,30.24,0,1.02560092508341,-0.474639585273816
"2002-05-16",2002-05-16,0.0175264550264551,37284100,-0.589048414023372,30.77,0.122196945076373,0,30.77,0,1.14403579538995,-0.38980066133833
"2002-05-17",2002-05-17,0.0139746831329217,53195200,-0.583305495826377,31.200001,0.13429489954183,0,31.200001,0,1.09900373906971,-0.322419444406073
"2002-05-20",2002-05-20,-0.0323717938342374,37234800,-0.596794644407345,30.190001,0.105332921320539,27.01,31.200001,5599,-1.02312535828564,-0.482748405785962
"2002-05-21",2002-05-21,-0.0370984088407284,48063600,-0.611752921535893,29.07,0.0708634330925352,27.01,31.200001,0,-1.02506436220352,-0.669426660991263
"2002-05-22",2002-05-22,0.0178878568971448,41216600,-0.604808013355592,29.59,0.0871916187901317,27.01,31.200001,0,1.23041764962579,-0.581529089110054
"2002-05-23",2002-05-23,-0.00675907401149038,42332100,-0.60747914524207,29.389999,0.0809798938747837,27.01,31.200001,0,-1.00441649552832,-0.615077767611732
"2002-05-24",2002-05-24,-0.0248383472214477,26029600,-0.617228714524207,28.66,0.0575715282623865,27.01,31.200001,0,-1.01604922466639,-0.740308301253531
"2002-05-28",2002-05-28,-0.0108164689462665,42888200,-0.621368948247078,28.35,0.0472663139329806,27.01,31.200001,0,-1.00670777885968,-0.794865714857108
"2002-05-29",2002-05-29,-0.0380952380952382,35346600,-0.635792988313856,27.27,0.00953428676200951,27.01,31.200001,0,-1.02321332616873,-0.991848191408071
"2002-05-30",2002-05-30,0.00550055005500558,40982400,-0.633789649415692,27.42,0.0149525893508388,27.01,31.200001,0,1.56829658306682,-0.963818215269012
"2002-05-31",2002-05-31,0.00729398249452942,38515500,-0.631118517529215,27.620001,0.0220854807355002,27.01,31.200001,0,1.47703385796931,-0.926790485104679
"2002-06-03",2002-06-03,-0.0362056467702517,34869600,-0.644474110183639,26.620001,0,26.620001,30.190001,5608,-1.02116178226985,-1.06064395178092
"2002-06-04",2002-06-04,0.0330578124320882,49303700,-0.632721202003338,27.5,0.0319999636363637,26.620001,27.5,5608,-0.981763568164202,-0.895398573762357
"2002-06-05",2002-06-05,0.0247272727272727,41646700,-0.62363939899833,28.18,0.0553583747338539,0,28.18,0,1.72995117628654,-0.772878720326617
"2002-06-06",2002-06-06,-0.0418736692689851,53854700,-0.63939899833055,27,0.0140740370370371,26.620001,28.18,5611,-1.02527037156012,-0.988321651193615
"2002-06-07",2002-06-07,-0.185185185185185,151697500,-0.706176961602671,22,0,22,27,5612,-1.10443864229765,-1.29368262065471
"2002-06-10",2002-06-10,-0.0422727272727273,67962100,-0.718597662771285,21.07,0,21.07,22,5613,-1.01758865248227,-1.34059299189762
"2002-06-11",2002-06-11,-0.0403417655434266,69932400,-0.729949929883138,20.219999,0,20.219999,21.07,5614,-1.01579780689527,-1.38346811282971
"2002-06-12",2002-06-12,0.0672601912591587,76957400,-0.711786310517529,21.58,0.0630213623725671,20.219999,21.58,5614,-0.975116622905194,-1.07684954267118
"2002-06-13",2002-06-13,-0.0217793790546802,49372400,-0.718063425709516,21.110001,0.0421602064348552,20.219999,21.58,5616,-1.00881881977671,-1.17934507463051
"2002-06-14",2002-06-14,0.00805305504248902,50410100,-0.715792974958263,21.280001,0.049812121719355,20.219999,21.58,0,1.18149615316337,-1.14187038877933
"2002-06-17",2002-06-17,0.0601502791282765,53044600,-0.698697843071786,22.559999,0.0642729638418867,21.110001,22.559999,5616,1.29030769265371,-1.02269012386524
"2002-06-18",2002-06-18,-0.0239361269475234,51943800,-0.705909849749582,22.02,0.0413260217983651,21.110001,22.559999,5619,-1.01032206804316,-1.13659411862424
"2002-06-19",2002-06-19,-0.0876475930971844,65481800,-0.731686143572621,20.09,0,20.09,22.02,5620,-1.0365149938511,-1.39002542611058
"2002-06-20",2002-06-20,-0.0423096067695372,76656900,-0.743038397328881,19.24,0,19.24,20.09,5621,-1.01551519576526,-1.43290049660141
"2002-06-21",2002-06-21,-0.0265072765072764,80815300,-0.749849749582637,18.73,0,18.73,19.24,5622,-1.00916689134538,-1.45862553889591
"2002-06-24",2002-06-24,0.0320341697810997,70345000,-0.741836393989983,19.33,0.0310398344542161,18.73,19.33,5622,-0.989313384985306,-1.31112986868786
"2002-06-25",2002-06-25,-0.0522503879979306,68249700,-0.755325542570951,18.32,0,0,19.33,5624,-1.01818345485642,-1.47930645525032
"2002-06-26",2002-06-26,0.015829748908297,84988500,-0.751452407345576,18.610001,0.0155830727789859,18.32,18.610001,5624,-0.994872230572009,-1.40582445708662
"2002-06-27",2002-06-27,0.00214932820261526,72620200,-0.750918196994991,18.65,0.0176943699731903,0,18.65,0,1.13548657727195,-1.39583293250462
"2002-06-28",2002-06-28,-0.0203753351206434,63858200,-0.755993322203673,18.27,0,0,18.65,5627,-1.00675855935972,-1.48182851822036
"2002-07-01",2002-07-01,-0.0399561576354679,48681300,-0.765742891485809,17.540001,0,17.540001,18.27,5628,-1.01289636957866,-1.51865058714182
"2002-07-02",2002-07-02,-0.0553022203362474,77807700,-0.778697829716193,16.57,0,16.57,17.540001,5629,-1.01691813058199,-1.56757865920203
"2002-07-03",2002-07-03,0.0712130356065178,63562800,-0.762938230383973,17.75,0.0664788732394366,16.57,17.75,5629,-0.979761598490696,-1.25698127613844
"2002-07-05",2002-07-05,0.100845126760563,34149100,-0.739031706176961,19.540001,0.151995949232551,0,19.540001,0,2.28637974481168,-0.843711393992448
"2002-07-08",2002-07-08,-0.0532242040315146,57648600,-0.752921535893155,18.5,0.104324324324324,16.57,19.540001,5632,-1.01879463303144,-1.07621603696563
"2002-07-09",2002-07-09,-0.0291892432432433,53507600,-0.760133569282137,17.959999,0.0773941579840844,16.57,19.540001,0,-1.00957873170732,-1.20516393150113
"2002-07-10",2002-07-10,-0.0640311839661015,73848000,-0.775492500834724,16.809999,0.0142771573038166,16.57,19.540001,0,-1.0202055693542,-1.50155099248116
"2002-07-11",2002-07-11,0.0856633602417227,89828400,-0.756260434056761,18.25,0.0920547945205479,16.57,19.540001,0,6.4476977147222,-1.13516578066595
"2002-07-12",2002-07-12,-0.0142465753424658,74887900,-0.759732888146911,17.99,0.0789327404113396,16.57,19.540001,0,-1.00459161147903,-1.19783974163303
"2002-07-15",2002-07-15,0.0628127292940523,79892000,-0.744641055091819,19.120001,0.133368246162749,16.57,19.540001,0,1.68964418906186,-0.935249632534663
"2002-07-16",2002-07-16,-0.0397489518959752,98863000,-0.754791305509182,18.360001,0.0974946025329737,16.57,19.540001,0,-1.013631064723,-1.109072183008
"2002-07-17",2002-07-17,0.0588235262078688,96553800,-0.740367265442404,19.440001,0.147633788701966,16.57,19.540001,0,1.51427653291919,-0.865230481139086
"2002-07-18",2002-07-18,-0.0128600816429999,57109500,-0.74370616360601,19.190001,0.136529487413784,16.57,19.540001,0,-1.00450978631748,-0.9197794022524
"2002-07-19",2002-07-19,-0.028139706714971,62042100,-0.750918196994991,18.65,0.111528150134048,16.57,19.540001,0,-1.00969742317855,-1.04144251583519
"2002-07-22",2002-07-22,-0.0209115281501339,77366100,-0.756126878130217,18.26,0.0925520262869661,16.57,19.540001,0,-1.00693641618497,-1.13278342845809
"2002-07-23",2002-07-23,-0.0246440854326397,71030900,-0.7621369081803,17.809999,0.0696237546111036,16.57,19.540001,0,-1.00794844122582,-1.24207729670876
"2002-07-24",2002-07-24,0.049972040986639,83101300,-0.750250404006677,18.700001,0.113903790700332,16.57,19.540001,0,1.63599035037054,-1.02994810855808
"2002-07-25",2002-07-25,-0.0652406916983587,80606500,-0.766544240400667,17.48,0.0520594965675057,16.57,19.540001,0,-1.02171786420504,-1.32505936367002
"2002-07-26",2002-07-26,0.0188786613272312,57020100,-0.7621369081803,17.809999,0.0696237546111036,16.57,19.540001,0,1.3373881654968,-1.24207729670876
"2002-07-29",2002-07-29,0.060640093242004,55085100,-0.747712868113522,18.889999,0.122816258486832,16.57,19.540001,0,1.76399935873676,-0.986703857202727
"2002-07-30",2002-07-30,0.00423504522154828,60407100,-0.746644420701168,18.969999,0.126515504824223,16.57,19.540001,0,1.03012016798889,-0.968697282474226
"2002-07-31",2002-07-31,-0.00948856138579666,54030300,-0.749048400667779,18.790001,0.118147997969771,16.57,19.540001,0,-1.00321971195386,-1.00937891861978
"2002-08-01",2002-08-01,-0.0654604542064686,55134100,-0.765475806343906,17.559999,0.0563780783814396,16.57,19.540001,0,-1.02193103364413,-1.30471373978332
"2002-08-02",2002-08-02,-0.048405469726963,55576300,-0.776828060100167,16.709999,0.00837815729372571,16.57,19.540001,0,-1.01483032339125,-1.5288743985262
"2002-08-05",2002-08-05,-0.0496707989030998,59625800,-0.787913188647746,15.88,0,15.88,19.440001,5652,-1.01426973241176,-1.60238312818871
"2002-08-06",2002-08-06,0.0787153022670026,83272800,-0.771218711185309,17.129999,0.0729713410958168,15.88,17.129999,5652,-0.978811780659378,-1.26373422429301
"2002-08-07",2002-08-07,0.0344425005512259,71381700,-0.763338911519198,17.719999,0.103837421209787,0,17.719999,0,1.42298907558024,-1.11739920021163
"2002-08-08",2002-08-08,0.0372460517633212,60914400,-0.754524220367278,18.379999,0.136017363221837,0,18.379999,0,1.30990698379379,-0.962571108416924
"2002-08-09",2002-08-09,-0.0282915140528572,45576200,-0.761469101836394,17.860001,0.110862311821819,15.88,18.379999,5656,-1.00920431880336,-1.0838057913323
"2002-08-12",2002-08-12,-0.0184770426384636,35477300,-0.765876447412354,17.530001,0.0941244099187444,15.88,18.379999,0,-1.00578795064085,-1.16366693570724
"2002-08-13",2002-08-13,-0.0473474017485794,48730600,-0.776961589315526,16.700001,0.0491018533471944,15.88,18.379999,0,-1.01447379918866,-1.37557389082226
"2002-08-14",2002-08-14,0.0952095751371512,55038600,-0.755726196994991,18.290001,0.131766039815963,15.88,18.379999,0,2.68352477215591,-0.983167073620642
"2002-08-15",2002-08-15,0.0174958984419957,51558800,-0.751452407345576,18.610001,0.102632987499571,16.700001,18.610001,5656,-0.994344790922414,-1.07705527080871
"2002-08-16",2002-08-16,0.0075227830455248,54921500,-0.749582637729549,18.75,0.10933328,0,18.75,0,1.06528400530538,-1.0446879519271
"2002-08-19",2002-08-19,0.0378666133333333,51720400,-0.740100180300501,19.459999,0.141829298141279,0,19.459999,0,1.29721982310674,-0.886144094661486
"2002-08-20",2002-08-20,-0.0251798574090368,45347100,-0.746644420701168,18.969999,0.119662526076043,16.700001,19.459999,5663,-1.00884237103957,-0.994579539267365
"2002-08-21",2002-08-21,0.0326832384124005,57883400,-0.738363939899833,19.59,0.0316488514548238,18.969999,19.59,5663,-0.988909739935431,-1.29571501235363
"2002-08-22",2002-08-22,-0.0224604389994896,55744000,-0.744240400667779,19.15,0.00939953002610949,18.969999,19.59,5665,-1.0079587591571,-1.40194016554197
"2002-08-23",2002-08-23,-0.0621410443864229,48371600,-0.760133569282137,17.959999,0,17.959999,19.15,5666,-1.02135488559892,-1.49746535907593
"2002-08-26",2002-08-26,0.00946547936890206,46069000,-0.757863118530885,18.129999,0.00937672417963187,17.959999,18.129999,5666,-0.99701308974764,-1.45347643344913
"2002-08-27",2002-08-27,-0.0523992858466237,60623500,-0.770550918196995,17.18,0,0,18.129999,5668,-1.01674154521559,-1.53680949096743
"2002-08-28",2002-08-28,-0.019790454016298,55663700,-0.775091819699499,16.84,0,16.84,17.18,5669,-1.00589305832394,-1.55395951916377
"2002-08-29",2002-08-29,0.0178146674584323,50516700,-0.771085155258764,17.139999,0.017502859830972,16.84,17.139999,5669,-0.994830722839666,-1.47272257809688
"2002-08-30",2002-08-30,-0.0274211801295903,32857100,-0.777362270450751,16.67,0,0,17.139999,5671,-1.00814062512963,-1.56253453326193
"2002-09-03",2002-09-03,-0.0485902819436114,58140400,-0.788180300500834,15.86,0,15.86,16.67,5672,-1.01391633021218,-1.60339195337673
"2002-09-04",2002-09-04,0.0157629886506936,66790200,-0.784841388981636,16.110001,0.0155183727176678,15.86,16.110001,5672,-0.995763771922393,-1.53217196408822
"2002-09-05",2002-09-05,-0.0620733046509433,86969600,-0.798196994991653,15.11,0,0,16.110001,5674,-1.0170169491537,-1.64122289792746
"2002-09-06",2002-09-06,0.0734612177365984,77957400,-0.783372300500834,16.219999,0.0684339746260159,15.11,16.219999,5674,-0.981427273487827,-1.32677244747055
"2002-09-09",2002-09-09,-0.00863125823867209,51444400,-0.785242070116861,16.08,0.0603233830845771,15.11,16.219999,5676,-1.00238682120217,-1.36446616867674
"2002-09-10",2002-09-10,0.0242536691542291,57279400,-0.780033402337228,16.469999,0.0236793578433128,16.08,16.469999,5676,-0.99336679989795,-1.48319089030558
"2002-09-11",2002-09-11,0.00910759010975028,45864800,-0.778030036727879,16.620001,0.0324910329427778,0,16.620001,0,1.372124749234,-1.4423447603029
"2002-09-12",2002-09-12,-0.0553550508209957,48750200,-0.790317195325542,15.7,0,0,16.620001,5679,-1.01579265326225,-1.61146255488088
"2002-09-13",2002-09-13,0.0210191719745223,44670900,-0.78590983639399,16.030001,0.0205864615978502,15.7,16.030001,5679,-0.994423303760034,-1.51706616099809
"2002-09-16",2002-09-16,-0.0205864615978501,41224000,-0.790317195325542,15.7,0,0,16.030001,5681,-1.00560797018622,-1.61146255488088
"2002-09-17",2002-09-17,-0.00828025477707,55756400,-0.792053422370617,15.57,0,15.57,15.7,5682,-1.00219687367976,-1.61801991860301
"2002-09-18",2002-09-18,-0.0186255619781632,51894800,-0.7959265442404,15.28,0,15.28,15.57,5683,-1.00488997555012,-1.6326478838293
"2002-09-19",2002-09-19,-0.0196335078534031,56278400,-0.799933222036728,14.98,0,14.98,15.28,5684,-1.00503397936068,-1.64778026164959
"2002-09-20",2002-09-20,-0.00534045393858478,76653900,-0.801001669449081,14.9,0,14.9,14.98,5685,-1.00133567075716,-1.65181556240167
"2002-09-23",2002-09-23,-0.0516778523489933,62986100,-0.811285475792988,14.13,0,14.13,14.9,5686,-1.01283868278449,-1.69065533214042
"2002-09-24",2002-09-24,0.0148619957537154,84156500,-0.808480801335559,14.34,0.0146443514644351,14.13,14.34,5686,-0.99654292534365,-1.62475403778434
"2002-09-25",2002-09-25,0.0599721059972106,72720800,-0.796994991652754,15.2,0.0703947368421052,0,15.2,0,4.80695488721805,-1.37081709586534
"2002-09-26",2002-09-26,-0.00328947368421046,72311200,-0.797662771285475,15.15,0.0673267326732673,14.13,15.2,5689,-1.00083787180561,-1.38492636414539
"2002-09-27",2002-09-27,-0.0349834983498351,65195700,-0.80474123539232,14.62,0.0335157318741449,14.13,15.2,0,-1.00887400586019,-1.53935725758882
"2002-09-30",2002-09-30,-0.0499316005471955,76123100,-0.81449081803005,13.89,0,13.89,15.15,5691,-1.01211517716372,-1.70276123439666
"2002-10-01",2002-10-01,0.0561555075593952,68218600,-0.804073455759599,14.67,0.0531697341513292,13.89,14.67,5691,-0.987209969664672,-1.46260616916234
"2002-10-02",2002-10-02,-0.0252215405589638,78381500,-0.809015025041736,14.3,0.0286713286713287,13.89,14.67,5693,-1.00614566896437,-1.57379475076702
"2002-10-03",2002-10-03,-0.0321678321678322,61416800,-0.815158597662771,13.84,0,13.84,14.3,5694,-1.00759389186958,-1.70528329736671
"2002-10-04",2002-10-04,-0.00939306358381496,65440500,-0.816894824707846,13.71,0,13.71,13.84,5695,-1.00212992545261,-1.71184066108884
"2002-10-07",2002-10-07,0.00802334062727932,56912400,-0.815425709515859,13.82,0.00795947901591887,13.71,13.82,5695,-0.998201585874274,-1.67623084739255
"2002-10-08",2002-10-08,-0.0434153400868307,85399200,-0.823439065108514,13.22,0,0,13.82,5697,-1.00982720497912,-1.73655687819532
"2002-10-09",2002-10-09,0.0181543116490167,81753200,-0.820233722871452,13.46,0.0178306092124815,13.22,13.46,5697,-0.996107371664909,-1.65710852189483
"2002-10-10",2002-10-10,0.0534918276374442,83505000,-0.810617696160267,14.18,0.0677009873060648,0,14.18,0,3.79689703808179,-1.4324409048726
"2002-10-11",2002-10-11,0.073342736248237,77757500,-0.796727879799666,15.22,0.131406044678055,0,15.22,0,1.94097678493211,-1.13938141620697
"2002-10-14",2002-10-14,-0.00788436268068338,48236600,-0.798330550918197,15.1,0.124503311258278,13.22,15.22,5701,-1.00201156650742,-1.17150453703942
"2002-10-15",2002-10-15,0.0940397350993377,109131100,-0.779365609348915,16.52,0.0859564164648911,15.1,16.52,5701,-0.976244249268089,-1.24546144840327
"2002-10-16",2002-10-16,-0.180387409200969,155210300,-0.819165275459098,13.54,0,0,16.52,5703,-1.05106674663696,-1.720415675187
"2002-10-17",2002-10-17,0.0509601181683901,103266700,-0.809949916527546,14.23,0.0484891075193254,13.54,14.23,5703,-0.988750305698215,-1.50247806386881
"2002-10-18",2002-10-18,0.0161630358397752,73323700,-0.806878130217028,14.46,0.0636237897648687,0,14.46,0,1.31212540341171,-1.43371606827831
"2002-10-21",2002-10-21,0.0684647302904563,87945600,-0.793656093489148,15.45,0.123624595469256,0,15.45,0,1.94305614183199,-1.15716882063673
"2002-10-22",2002-10-22,-0.0213592233009709,74188700,-0.798063439065108,15.12,0.104497354497355,13.54,15.45,5707,-1.00555321834245,-1.24605399523527
"2002-10-23",2002-10-23,0.0687830687830688,91799700,-0.784173622704507,16.16,0.0643564356435644,15.12,16.16,5707,-0.98259559869467,-1.34519887818302
"2002-10-24",2002-10-24,-0.0327970297029703,86356300,-0.791252086811352,15.63,0.0326295585412669,15.12,16.16,5709,-1.00902665417696,-1.4917584755533
"2002-10-25",2002-10-25,0.0614203454894433,69819200,-0.778430717863105,16.59,0.0578661844484629,15.63,16.59,5709,1.77342835868524,-1.34802144789331
"2002-10-28",2002-10-28,0.0132609403254974,85986500,-0.775492500834724,16.809999,0.0701962564066779,0,16.809999,0,1.2130790560279,-1.29035633745533
"2002-10-29",2002-10-29,-0.0243901858649725,79050400,-0.780968280467445,16.4,0.0469512195121949,15.63,16.809999,5712,-1.00706103492532,-1.398828809935
"2002-10-30",2002-10-30,0.0359756097560976,80766700,-0.773088480801335,16.99,0.0347263095938788,16.4,16.99,5712,-0.989910218041898,-1.41523937583263
"2002-10-31",2002-10-31,0.0182459682165981,77160500,-0.768948260434057,17.299999,0.0520230665909288,0,17.299999,0,1.49808796844047,-1.3342764291491
"2002-11-01",2002-11-01,0.0578034715493336,85017800,-0.755592667779632,18.299999,0.103825087640715,0,18.299999,0,1.99575100901143,-1.08818985105073
"2002-11-04",2002-11-04,0.0256831161575473,80962600,-0.74931552587646,18.77,0.126265316995205,0,18.77,0,1.21613494256941,-0.979730390628198
"2002-11-05",2002-11-05,-0.0223761321257325,71532500,-0.754924874791319,18.35,0.106267029972752,16.4,18.77,5717,-1.00748596381784,-1.07644503597431
"2002-11-06",2002-11-06,0.0435967302452314,81286600,-0.744240400667779,19.15,0.0417754569190599,18.35,19.15,5717,-0.985846970367094,-1.27966311135122
"2002-11-07",2002-11-07,-0.0370756657963446,66486000,-0.753722858096828,18.440001,0.00488074810841921,18.35,19.15,5719,-1.01274112157918,-1.45481989646054
"2002-11-08",2002-11-08,-0.0157267345050578,49747500,-0.757595993322203,18.15,0,18.15,18.440001,5720,-1.00513867290048,-1.48788146934848
"2002-11-11",2002-11-11,-0.0446280991735537,40879200,-0.768414023372287,17.34,0,17.34,18.15,5721,-1.01427941824592,-1.52873888946328
"2002-11-12",2002-11-12,0.0259516147635525,54639500,-0.762403993322203,17.790001,0.0252951644016209,17.34,17.790001,5721,-0.992178656469975,-1.41050576609728
"2002-11-13",2002-11-13,0.0185497460061974,65938300,-0.757996647746243,18.120001,0.0430464104279022,0,18.120001,0,1.70176440620974,-1.32681743448297
"2002-11-14",2002-11-14,0.0601544116912577,64924500,-0.743439078464107,19.209999,0.0973450857545594,0,19.209999,0,2.26139844848622,-1.06676190676821
"2002-11-15",2002-11-15,-0.0213430516055727,73472600,-0.74891487145242,18.799999,0.0776595254074216,17.34,19.209999,5725,-1.00736548985241,-1.1617910367599
"2002-11-18",2002-11-18,-0.0132978730477592,52772600,-0.752253769616026,18.549999,0.0652290601201649,17.34,19.209999,0,-1.00445831467752,-1.22134859987185
"2002-11-19",2002-11-19,-0.021563289572145,51321400,-0.757595993322203,18.15,0.0446280991735537,17.34,19.209999,0,-1.00710162437458,-1.31933054201541
"2002-11-20",2002-11-20,0.0550964187327824,64934300,-0.744240400667779,19.15,0.0945169712793733,17.34,19.209999,0,2.11788028237114,-1.08046952437342
"2002-11-21",2002-11-21,0.0553524281984335,90938900,-0.730083485809682,20.209999,0.10192969331666,18.15,20.209999,5725,1.0784274182398,-0.999005550592775
"2002-11-22",2002-11-22,-0.00791687322696058,59559700,-0.73222038063439,20.049999,0.0947630471203516,18.15,20.209999,5730,-1.00292691845007,-1.03414306475118
"2002-11-25",2002-11-25,0.0214464349848596,53680200,-0.726477462437395,20.48,0.020996142578125,20.049999,20.48,5730,-0.992156844648302,-1.29105532836323
"2002-11-26",2002-11-26,-0.013671826171875,70854100,-0.730217015025041,20.200001,0.00742584121654255,20.049999,20.48,5732,-1.00514751355823,-1.35643099950254
"2002-11-27",2002-11-27,0.0346534141260685,50910900,-0.720868113522537,20.9,0.0334927751196171,20.200001,20.9,5732,4.51030046872067,-1.22267285137547
"2002-11-29",2002-11-29,-0.000956985645932873,20667400,-0.721135238731218,20.879999,0.0325669555827086,20.200001,20.9,5734,-1.00037056044465,-1.2271783523233
"2002-12-02",2002-12-02,0.00814176284203836,83017000,-0.718864787979966,21.049999,0.00807600988484602,20.879999,21.049999,5734,-0.99685156038797,-1.31110047982611
"2002-12-03",2002-12-03,-0.0351543959693299,53659700,-0.72874792654424,20.309999,0,0,21.049999,5736,-1.01374825798889,-1.37892839948362
"2002-12-04",2002-12-04,-0.0315115229695481,75039800,-0.737295492487479,19.67,0,19.67,20.309999,5737,-1.01172911185322,-1.41121075505899
"2002-12-05",2002-12-05,-0.0360956278596849,87944700,-0.746777976627713,18.959999,0,18.959999,19.67,5738,-1.01286117199529,-1.44702409967495
"2002-12-06",2002-12-06,-0.0131856547038847,71640400,-0.750116874791318,18.709999,0,18.709999,18.959999,5739,-1.00447107208314,-1.45963441452519
"2002-12-09",2002-12-09,-0.0550507244815994,71922900,-0.763873121869783,17.68,0,17.68,18.709999,5740,-1.01833880497928,-1.51158886126694
"2002-12-10",2002-12-10,0.0254524321266969,58576400,-0.757863118530885,18.129999,0.024820685318295,17.68,18.129999,5740,-0.992132196870356,-1.39514784630733
"2002-12-11",2002-12-11,0.00165477118890071,55585900,-0.757462437395659,18.16,0.026431718061674,0,18.16,0,1.06490685985175,-1.38755002686068
"2002-12-12",2002-12-12,0.00165203744493384,54295800,-0.757061756260434,18.190001,0.0280374366114657,0,18.190001,0,1.06074968513379,-1.3799722780035
"2002-12-13",2002-12-13,-0.033534962422487,53468200,-0.765208681135225,17.58,0,0,18.190001,5744,-1.01076124214098,-1.51663298720704
"2002-12-16",2002-12-16,0.0364049488054609,51245600,-0.756661115191986,18.219999,0.0351261819498455,17.58,18.219999,5744,-0.98882975826861,-1.35168644357625
"2002-12-17",2002-12-17,-0.0181119658678358,52191400,-0.761068460767946,17.889999,0.0173280613375105,17.58,18.219999,5746,-1.00582472851779,-1.43555181062549
"2002-12-18",2002-12-18,-0.0424818358011087,54053300,-0.771218711185309,17.129999,0,17.129999,17.889999,5747,-1.01333684279483,-1.53933160437874
"2002-12-19",2002-12-19,-0.00758896716806589,59466800,-0.772954924874791,17,0,17,17.129999,5748,-1.00225125981035,-1.54588891765961
"2002-12-20",2002-12-20,0.000588235294117739,69088400,-0.772821368948247,17.01,0.000587889476778458,17,17.01,5748,-0.999827213822894,-1.5431641703815
"2002-12-23",2002-12-23,0.0117577307466195,35447500,-0.770150263772955,17.209999,0.0122021506218565,0,17.209999,0,20.7558582077746,-1.48921135174974
"2002-12-24",2002-12-24,-0.0249853588021708,21515900,-0.775893141903172,16.780001,0,0,17.209999,5751,-1.00745682810272,-1.55698594428657
"2002-12-26",2002-12-26,-0.00536352768989703,29989200,-0.77709514524207,16.690001,0,16.690001,16.780001,5752,-1.00154918670366,-1.56152565763265
"2002-12-27",2002-12-27,-0.0173757329313521,31252300,-0.780968280467445,16.4,0,16.4,16.690001,5753,-1.00498411970412,-1.5761536733002
"2002-12-30",2002-12-30,-0.0390243902439024,56796600,-0.789515859766277,15.76,0,15.76,16.4,5754,-1.01094484822574,-1.60843607931683
"2002-12-31",2002-12-31,-0.0120558375634517,49986600,-0.792053422370617,15.57,0,15.57,15.76,5755,-1.00321407426203,-1.61801991860301
"2003-01-02",2003-01-02,0.0719332691072574,57135100,-0.77709514524207,16.690001,0.067106107423241,15.57,16.690001,5755,-0.98111456032375,-1.30808002930971
"2003-01-03",2003-01-03,-0.0089874170768473,50271500,-0.779098484140233,16.540001,0.058645764289857,15.57,16.690001,5757,-1.00257798406081,-1.34759915162046
"2003-01-06",2003-01-06,0.0386940121708578,57114300,-0.770550918196995,17.18,0.0372525611175786,16.540001,17.18,5757,-0.9890289018433,-1.39611441682857
"2003-01-07",2003-01-07,0.0104773573923167,63853500,-0.768146898163606,17.360001,0.0472350203205634,0,17.360001,0,1.26796705792865,-1.34933329461309
"2003-01-08",2003-01-08,-0.0391705622597603,55719700,-0.777228714524207,16.68,0.00839322541966425,16.540001,17.360001,5760,-1.01182302028728,-1.53033067673018
"2003-01-09",2003-01-09,0.0227817146282975,58692700,-0.772153602671118,17.059999,0.0304805410598208,16.540001,17.360001,0,3.631564688875,-1.42774391127555
"2003-01-10",2003-01-10,0.0211020528195811,54995200,-0.767345575959933,17.42,0.04247990815155,16.68,17.42,5760,1.39367303448385,-1.36426592623934
"2003-01-13",2003-01-13,-0.00229626865671643,66865000,-0.767879813021703,17.379999,0.04027612429667,16.68,17.42,5763,-1.00069621442868,-1.37460685433408
"2003-01-14",2003-01-14,0.0235904501490477,80562500,-0.762403993322203,17.790001,0.0230467665516151,17.379999,17.790001,5763,-0.992868910464059,-1.41899749103403
"2003-01-15",2003-01-15,-0.0247330508862815,99754800,-0.768280467445743,17.35,0,0,17.790001,5765,-1.00770782180446,-1.52823447686927
"2003-01-16",2003-01-16,-0.00864547550432283,54420100,-0.770283792988314,17.200001,0,17.200001,17.35,5766,-1.00260754454585,-1.53580061533815
"2003-01-17",2003-01-17,-0.050000055232555,67963800,-0.781769616026711,16.34,0,16.34,17.200001,5767,-1.01491115760574,-1.57918014886426
"2003-01-21",2003-01-21,-0.00305991432068542,57401500,-0.78243738230384,16.290001,0,16.290001,16.34,5768,-1.00085417271718,-1.58170216139305
"2003-01-22",2003-01-22,-0.00245555540481552,60169100,-0.782971619365609,16.25,0,16.25,16.290001,5769,-1.00068278570765,-1.58371986221035
"2003-01-23",2003-01-23,0.025846153846154,51948900,-0.777362270450751,16.67,0.0251949610077985,16.25,16.67,5769,-0.992835820895522,-1.46737847417301
"2003-01-24",2003-01-24,-0.0491901619676066,60831600,-0.788313856427379,15.85,0,0,16.67,5771,-1.01408813675801,-1.60389636597074
"2003-01-27",2003-01-27,0.00189274447949534,56559500,-0.787913188647746,15.88,0.00188916876574319,15.85,15.88,5771,-0.999491740787802,-1.5952481358128
"2003-01-28",2003-01-28,0.00944590680100742,58387000,-0.78590983639399,16.030001,0.0112290074092946,0,16.030001,0,5.94388792198622,-1.55240729383066
"2003-01-29",2003-01-29,0.0393012452089056,63040400,-0.777495826377295,16.66,0.0486194477791116,0,16.66,0,4.32980814839146,-1.37941353582622
"2003-01-30",2003-01-30,-0.0528211284513806,55537500,-0.789248747913188,15.78,0,0,16.66,5775,-1.01511637894014,-1.60742725412881
"2003-01-31",2003-01-31,-0.00760456273764254,65637900,-0.790851419031719,15.66,0,15.66,15.78,5776,-1.00203062864879,-1.61348020525692
"2003-02-03",2003-02-03,0.0076628352490421,43773800,-0.789248747913188,15.78,0.00760456273764254,15.66,15.78,5776,-0.997973486447691,-1.57870642296798
"2003-02-04",2003-02-04,-0.00887198986058294,41066900,-0.791118530884808,15.64,0,0,15.78,5778,-1.00236906675692,-1.61448903044494
"2003-02-05",2003-02-05,-0.0038363171355499,50881700,-0.791919866444073,15.58,0,15.58,15.64,5779,-1.00101291466194,-1.617515506009
"2003-02-06",2003-02-06,-0.0109114249037227,47355000,-0.794190317195325,15.41,0,15.41,15.58,5780,-1.00286702082806,-1.62609052010717
"2003-02-07",2003-02-07,-0.0233614536015574,49537900,-0.798998330550918,15.05,0,15.05,15.41,5781,-1.00605398133356,-1.64424937349152
"2003-02-10",2003-02-10,0.0146179401993355,52977000,-0.796060100166945,15.27,0.014407334643091,15.05,15.27,5781,-0.996322607605516,-1.57873882913564
"2003-02-11",2003-02-11,0.00458415193189262,47251200,-0.795125208681135,15.34,0.0189048239895697,0,15.34,0,1.31216664691241,-1.5582218713475
"2003-02-12",2003-02-12,-0.0123859191655802,38401800,-0.797662771285476,15.15,0.00660066006600657,15.05,15.34,5784,-1.0031914000168,-1.61427594525672
"2003-02-13",2003-02-13,0.025082508250825,54625400,-0.792587646076795,15.53,0.0244687701223438,15.15,15.53,5784,3.70701867353511,-1.52762417985436
"2003-02-14",2003-02-14,0.0399227301996136,54749800,-0.784307178631052,16.15,0.0619195046439628,0,16.15,0,2.53055238715985,-1.35490706569543
"2003-02-18",2003-02-18,0.0359133126934986,50500400,-0.776560934891486,16.73,0.0944411237298267,0,16.73,0,1.5252241482367,-1.20282383233718
"2003-02-19",2003-02-19,0.00298870292887018,51793600,-0.775893141903172,16.780001,0.0971395055339984,0,16.780001,0,1.02857210606569,-1.1901104994069
"2003-02-20",2003-02-20,0.0107269361902899,52122900,-0.773489161936561,16.959999,0.106721645443493,0,16.959999,0,1.09864307890821,-1.14484145013849
"2003-02-21",2003-02-21,-0.0100234675721384,61341900,-0.775759585976628,16.790001,0.0976772425445359,15.15,16.959999,5790,-1.00293530168462,-1.18757516742654
"2003-02-24",2003-02-24,-0.0148898144794631,49143300,-0.779098484140234,16.540001,0.0840387494535217,15.15,16.959999,0,-1.00430403726098,-1.25169519701898
"2003-02-25",2003-02-25,0.0114872423526456,58507600,-0.776560934891486,16.73,0.0944411237298267,15.15,16.959999,0,1.1237806885984,-1.20282383233718
"2003-02-26",2003-02-26,-0.0292887029288704,53413000,-0.783105175292154,16.24,0.0671182266009851,15.15,16.959999,0,-1.00842720784246,-1.33073287490061
"2003-02-27",2003-02-27,0.0283251847290642,50289500,-0.776961589315526,16.700001,0.0928144255799745,15.15,16.959999,0,1.38284979029247,-1.21048071584081
"2003-02-28",2003-02-28,0.0329340698841874,65249200,-0.769616026711185,17.25,0.0585507246376813,16.24,17.25,5790,-0.990545784109081,-1.31214485262821
"2003-03-03",2003-03-03,-0.0342028985507246,58274100,-0.777495826377295,16.66,0.0252100840336136,16.24,17.25,5796,-1.01023861171367,-1.46782577028497
"2003-03-04",2003-03-04,-0.00240090036014416,50779600,-0.77803003672788,16.620001,0.022864078046686,16.24,17.25,0,-1.00068709095594,-1.4787037405234
"2003-03-05",2003-03-05,0.0216605883477385,49337000,-0.77322203672788,16.98,0.043580683156655,16.24,17.25,0,1.90607655675719,-1.38230268511737
"2003-03-06",2003-03-06,-0.0188457008244994,56422200,-0.777495826377295,16.66,0.0252100840336136,16.24,17.25,0,-1.00552724760342,-1.46782577028497
"2003-03-07",2003-03-07,-0.0390156062424969,91034200,-0.786176961602671,16.01,0,16.01,16.98,5800,-1.01116550717169,-1.59582576446658
"2003-03-10",2003-03-10,-0.00687070580886953,57545600,-0.787646076794658,15.9,0,15.9,16.01,5801,-1.00186868257878,-1.60137430300069
"2003-03-11",2003-03-11,-0.00314465408805036,49677600,-0.788313856427379,15.85,0,15.85,15.9,5802,-1.00084781687156,-1.60389636597074
"2003-03-12",2003-03-12,0.0201892744479497,61890000,-0.784040066777963,16.17,0.0197897340754485,15.85,16.17,5802,-0.994578568403219,-1.51301350710296
"2003-03-13",2003-03-13,0.0729746444032158,78008100,-0.768280467445743,17.35,0.0864553314121038,0,17.35,0,4.36869596541784,-1.20171090646739
"2003-03-14",2003-03-14,-0.0103746397694524,73086100,-0.770684474123539,17.17,0.0768782760629005,15.85,17.35,5805,-1.00312907431552,-1.24696085330542
"2003-03-17",2003-03-17,0.05183453698311,77678200,-0.758798010016694,18.059999,0.0492801245448574,17.17,18.059999,5805,-0.984576743783034,-1.30630058616803
"2003-03-18",2003-03-18,0.0105205432181917,62210200,-0.756260434056761,18.25,0.0591780821917808,0,18.25,0,1.20085090568133,-1.25933419593111
"2003-03-19",2003-03-19,-0.0147945205479452,64608400,-0.759866444073456,17.98,0.0450500556173525,17.17,18.25,5808,-1.00476821192053,-1.32631191553257
"2003-03-20",2003-03-20,0.0161290322580645,68798500,-0.755993322203673,18.27,0.0158730158730158,17.98,18.27,5808,-0.994902891290975,-1.42187948174976
"2003-03-21",2003-03-21,0.0355774493705529,73448400,-0.747312186978297,18.92,0.0496828752642707,0,18.92,0,3.13002114164907,-1.26139994803523
"2003-03-24",2003-03-24,-0.058139534883721,64780300,-0.762003338898163,17.82,0,0,18.92,5811,-1.01965865427576,-1.50452708495081
"2003-03-25",2003-03-25,0.0123457351290685,60596500,-0.759065095158597,18.040001,0.0121951767075844,17.82,18.040001,5811,-0.996144053982999,-1.44737134456919
"2003-03-26",2003-03-26,-0.00831496627965822,44360100,-0.761068460767946,17.889999,0.00391274476873915,17.82,18.040001,5813,-1.00263925402726,-1.48621863466699
"2003-03-27",2003-03-27,-0.0173280613375105,46430300,-0.765208681135225,17.58,0,17.58,17.889999,5814,-1.00544001043362,-1.51663298720704
"2003-03-28",2003-03-28,-0.0204778725824799,37304200,-0.770016707846411,17.219999,0,17.219999,17.58,5815,-1.00628328824505,-1.53479189103265
"2003-03-31",2003-03-31,-0.054587575760022,66443100,-0.782570938230384,16.280001,0,16.280001,17.219999,5816,-1.01630384153493,-1.58220657398706
"2003-04-01",2003-04-01,0.00859944664622583,45993300,-0.780701168614357,16.42,0.00852612667478703,16.280001,16.42,5816,-0.99761073466355,-1.54294346413645
"2003-04-02",2003-04-02,0.0669914738124237,56811800,-0.766010016694491,17.52,0.0707761986301371,0,17.52,0,8.30109630430807,-1.25235267325656
"2003-04-03",2003-04-03,0.00285388127853885,55164700,-0.765342237061769,17.57,0.0734205463858851,0,17.57,0,1.03736210487323,-1.23984346598334
"2003-04-04",2003-04-04,-0.0295959590210587,56633700,-0.772287158597663,17.049999,0.0451611756692772,16.280001,17.57,5820,-1.00907426926097,-1.37280266019387
"2003-04-07",2003-04-07,0.0175953676009014,59299000,-0.768280467445743,17.35,0.0616714121037466,16.280001,17.57,0,1.36558473489212,-1.29531454766497
"2003-04-08",2003-04-08,-0.0144092219020173,48778100,-0.771619365609349,17.1,0.047953157894737,16.280001,17.57,0,-1.00434593654933,-1.35973581819422
"2003-04-09",2003-04-09,-0.024561403508772,56516400,-0.777228714524207,16.68,0.0239807553956836,16.280001,17.57,0,-1.00726958026828,-1.47145986033998
"2003-04-10",2003-04-10,0.0119903477218227,44893000,-0.774557609348915,16.879999,0.0355449073190113,16.280001,17.57,0,1.48222634076862,-1.41769629368064
"2003-04-11",2003-04-11,-0.00829378011219095,41744200,-0.776427378964941,16.74,0.0274790322580645,16.280001,17.57,0,-1.00241398392251,-1.45522113016187
"2003-04-14",2003-04-14,0.0250896057347671,41620500,-0.770818030050083,17.16,0.0512819930069931,16.280001,17.57,0,1.86622267208639,-1.34413703380456
"2003-04-15",2003-04-15,-0.00174831002330994,62708600,-0.771218711185309,17.129999,0.0496204348873577,16.280001,17.57,0,-1.0005198128736,-1.35192567695151
"2003-04-16",2003-04-16,0.060128491542819,106294400,-0.757462437395659,18.16,0.0814977973568283,16.68,18.16,5820,1.64242408479157,-1.17957704791528
"2003-04-17",2003-04-17,0.0275330396475771,68959100,-0.750784641068447,18.66,0.106109324758842,0,18.66,0,1.30199009298688,-1.06140386492409
"2003-04-21",2003-04-21,-0.000535905680600298,50354700,-0.750918196994991,18.65,0.105630026809651,16.68,18.66,5830,-1.00017788846393,-1.06371848488299
"2003-04-22",2003-04-22,0.0187667560321717,60474700,-0.746243739565943,19,0.018421052631579,18.65,19,5830,-0.993775011116052,-1.37543396442728
"2003-04-23",2003-04-23,0.0252631578947369,63125000,-0.73983305509182,19.48,0.0426078028747434,0,19.48,0,2.31299501320035,-1.25987390045153
"2003-04-24",2003-04-24,-0.027207340862423,65451700,-0.746911505843072,18.950001,0.0158311864996736,18.65,19.48,5833,-1.0095676324578,-1.38773735564539
"2003-04-25",2003-04-25,-0.0353561986619421,60849000,-0.755859752921536,18.280001,0,18.280001,18.950001,5834,-1.0119803310144,-1.4813240551851
"2003-04-28",2003-04-28,0.0257111036263073,51125000,-0.749582637729549,18.75,0.0250666133333334,18.280001,18.75,5834,-0.99169539697315,-1.36294539674227
"2003-04-29",2003-04-29,0.00906666666666676,60841900,-0.747312186978297,18.92,0.0338265856236788,0,18.92,0,1.34946772321638,-1.32128581305023
"2003-04-30",2003-04-30,-0.0274841437632137,64415500,-0.754257095158597,18.4,0.00652168478260873,18.280001,18.92,5837,-1.00929318202127,-1.45064012520864
"2003-05-01",2003-05-01,0.00706527173913044,52929100,-0.75252085475793,18.530001,0.0134916344580878,18.280001,18.92,0,2.06873452302781,-1.41775867970576
"2003-05-02",2003-05-02,0.0269832689161755,59571700,-0.745843058430718,19.030001,0.0331056735099489,18.4,19.030001,5837,2.4537926529801,-1.31845995723054
"2003-05-05",2003-05-05,-0.000525538595610113,55276200,-0.745976627712855,19.02,0.0325972660357519,18.4,19.030001,5840,-1.00017908497053,-1.3208845681732
"2003-05-06",2003-05-06,0.0268139327024185,62109200,-0.739165262103506,19.530001,0.0261137211411304,19.02,19.530001,5840,-0.990869197028019,-1.31964645840627
"2003-05-07",2003-05-07,-0.0168970805480245,53515100,-0.743572607679466,19.200001,0.00937505159504948,19.02,19.530001,5842,-1.00596259835509,-1.39951050200711
"2003-05-08",2003-05-08,-0.0171874991048179,54055600,-0.747979953255425,18.870001,0,18.870001,19.200001,5843,-1.0059272565052,-1.45156371213852
"2003-05-09",2003-05-09,0.0376258061671539,51872500,-0.738497495826377,19.58,0.0362614402451481,18.870001,19.58,5843,-0.987322578114857,-1.27879864896989
"2003-05-12",2003-05-12,0.0209397344228805,68815600,-0.733021702838063,19.99,0.0560279639819909,0,19.99,0,1.54511138011093,-1.18346373731446
"2003-05-13",2003-05-13,-0.00800400200100051,46439800,-0.735158597662771,19.83,0.0484114473020676,18.870001,19.99,5846,-1.00291518629862,-1.22030031750072
"2003-05-14",2003-05-14,-0.00857286938981332,57713200,-0.737429048414023,19.66,0.0401830620549339,18.870001,19.99,0,-1.00308838223272,-1.25995220893718
"2003-05-15",2003-05-15,0.017293997965412,71834200,-0.732888146911519,20,0.017,19.66,20,5846,-0.993842253010957,-1.33035972139665
"2003-05-16",2003-05-16,-0.025,56693900,-0.739565943238731,19.5,0,0,20,5849,-1.00911161731207,-1.41978576915716
"2003-05-19",2003-05-19,-0.0425641025641025,59059300,-0.750651085141903,18.67,0,18.67,19.5,5850,-1.01498871331828,-1.46165201445997
"2003-05-20",2003-05-20,-0.000535618639528739,56797200,-0.750784641068447,18.66,0,18.66,18.67,5851,-1.00017792011387,-1.46215642705398
"2003-05-21",2003-05-21,0.00964630225080384,49470700,-0.748380634390651,18.84,0.00955414012738853,18.66,18.84,5851,-0.996798007649204,-1.41699302618045
"2003-05-22",2003-05-22,-0.00371549893842889,60999000,-0.749315525876461,18.77,0.00586041555673944,18.66,18.84,5853,-1.00124921923798,-1.43447433376541
"2003-05-23",2003-05-23,0.00213100692594575,36898400,-0.748781315525876,18.809999,0.00797442891942746,18.66,18.84,0,1.36072755288777,-1.42447255078734
"2003-05-27",2003-05-27,0.0515684237941744,71371300,-0.7358263639399,19.780001,0.0510617264377287,18.77,19.780001,5853,6.40318284276522,-1.21281278415416
"2003-05-28",2003-05-28,-0.00202229514548559,69176900,-0.736360601001669,19.74,0.0491388044579534,18.77,19.780001,5856,-1.00072603685863,-1.22209295612489
"2003-05-29",2003-05-29,0.0552178318135765,122283700,-0.721803005008347,20.83,0.0523283725396063,19.74,20.83,5856,1.0649093545689,-1.15506565678291
"2003-05-30",2003-05-30,-0.000480076812289871,69245000,-0.721936560934891,20.82,0.0518731988472624,19.74,20.83,5858,-1.00018503099269,-1.15728916450673
"2003-06-02",2003-06-02,-0.0211335734870316,73472400,-0.72781303505843,20.379999,0.0314032890776885,19.74,20.83,0,-1.00813987605217,-1.25679390522598
"2003-06-03",2003-06-03,0.0353288044812956,67898600,-0.718196994991652,21.1,0.0341232701421801,20.379999,21.1,5858,1.08661452810763,-1.21020335264184
"2003-06-04",2003-06-04,0.0132700947867299,79271300,-0.714457442404006,21.379999,0.0467726869397889,0,21.379999,0,1.37069767184982,-1.14830566846812
"2003-06-05",2003-06-05,0.0215154827649898,88161800,-0.708313856427379,21.84,0.0668498626373626,0,21.84,0,1.42924999633695,-1.04927537640081
"2003-06-06",2003-06-06,-0.00366300366300358,105871500,-0.709382303839733,21.76,0.0634191636029412,20.379999,21.84,5863,-1.00150843782408,-1.06626770454954
"2003-06-09",2003-06-09,-0.0041360294117647,50303400,-0.710584307178631,21.67,0.0595293493308722,20.379999,21.84,0,-1.00169443659983,-1.08549842680822
"2003-06-10",2003-06-10,0.0138439778495616,52440200,-0.706577642737896,21.969999,0.0136549391740982,21.67,21.969999,5863,-0.994361450991448,-1.24362408074522
"2003-06-11",2003-06-11,-0.00364132925085713,54241500,-0.70764609015025,21.889999,0.0100502060324442,21.67,21.969999,5866,-1.00151214438121,-1.26127369904758
"2003-06-12",2003-06-12,0.0114207405856894,59508600,-0.704307191986644,22.139999,0.0112917800944797,21.889999,22.139999,5866,1.12353717506163,-1.2439742205676
"2003-06-13",2003-06-13,-0.0352302635605358,58853400,-0.71472452754591,21.360001,0,0,22.139999,5868,-1.01479089760518,-1.32596497623008
"2003-06-16",2003-06-16,0.0238764033765728,52015900,-0.707913175292153,21.870001,0.0233196148459252,21.360001,21.870001,5868,-0.990469961514902,-1.2121666621602
"2003-06-17",2003-06-17,-0.0192043886966442,50766600,-0.713522524207011,21.450001,0.00419580400019559,21.360001,21.870001,5870,-1.00792378092489,-1.30557859524102
"2003-06-18",2003-06-18,0.0139859667139409,62519500,-0.709515859766277,21.75,0.0179309885057471,21.360001,21.870001,0,4.27355245976964,-1.23857137002019
"2003-06-19",2003-06-19,-0.0289654712643679,69563700,-0.717929869782971,21.120001,0,21.120001,21.75,5872,-1.01185880470588,-1.33807087848631
"2003-06-20",2003-06-20,-0.0213068645214551,78909400,-0.723939899833055,20.67,0,20.67,21.120001,5873,-1.008371333055,-1.36076949565801
"2003-06-23",2003-06-23,-0.0149975326560233,59628100,-0.728080120200334,20.360001,0,20.360001,20.67,5874,-1.00571901116133,-1.37640623563106
"2003-06-24",2003-06-24,0.00442043200292573,63799700,-0.726878116861435,20.450001,0.00440097777990323,20.360001,20.450001,5874,-0.998349078205064,-1.35524495650664
"2003-06-25",2003-06-25,-0.020048898775115,61250600,-0.732353909849749,20.040001,0,0,20.450001,5876,-1.00753330284857,-1.39254743863937
"2003-06-26",2003-06-26,0.0294410164949593,52904900,-0.724474136894824,20.629999,0.0285990319243351,20.040001,20.629999,5876,-0.989240484895422,-1.25477467878038
"2003-06-27",2003-06-27,-0.00290833751373431,63348200,-0.725275459098497,20.57,0.0257656295576082,20.040001,20.629999,5878,-1.00110607427217,-1.26850226763776
"2003-06-30",2003-06-30,0.0116674282936315,51457500,-0.722070130217028,20.809999,0.0115328693672692,20.57,20.809999,5878,-0.995580535862259,-1.31015055218565
"2003-07-01",2003-07-01,0.0288323416065517,64496600,-0.714056761268781,21.41,0.0392340028024287,0,21.41,0,3.40192900422307,-1.17526440181316
"2003-07-02",2003-07-02,0.0373656702475479,74291500,-0.703372300500834,22.209999,0.0738405706366758,0,22.209999,0,1.88205549682289,-1.00420972970891
"2003-07-03",2003-07-03,-0.0220621351671379,40502400,-0.709916540901502,21.719999,0.0529465493990124,20.57,22.209999,5882,-1.00930409172498,-1.10783826261064
"2003-07-07",2003-07-07,0.0547882621909881,56553100,-0.694023372287145,22.91,0.0519424268878218,21.719999,22.91,5882,-0.977612623880865,-1.051605472636
"2003-07-08",2003-07-08,0.0104757747708424,64980800,-0.690818030050083,23.15,0.0617711015118789,0,23.15,0,1.18922247597872,-1.00237873724956
"2003-07-09",2003-07-09,0.0142548596112312,78521900,-0.686410684474123,23.48,0.0749574531516184,0,23.48,0,1.21347120768445,-0.935931049899241
"2003-07-10",2003-07-10,-0.0242759795570699,63261600,-0.694023372287145,22.91,0.0519424268878218,21.719999,23.48,5886,-1.01109057301294,-1.051605472636
"2003-07-11",2003-07-11,0.018769096464426,46535400,-0.688280467445743,23.34,0.0694087832047986,21.719999,23.48,0,1.33626377055308,-0.96394898348671
"2003-07-14",2003-07-14,0.0291345329905741,76909400,-0.679198664440734,24.02,0.0462114904246461,22.91,24.02,5886,-0.986805083923547,-1.01726021420054
"2003-07-15",2003-07-15,0.00333055786844304,102323700,-0.67813021702838,24.1,0.0493775933609959,0,24.1,0,1.06851332660461,-1.0012672097632
"2003-07-16",2003-07-16,0.0502074273858921,128925700,-0.66196996327212,25.309999,0.0948241444023763,0,25.309999,0,1.92038813453552,-0.768591288741158
"2003-07-17",2003-07-17,-0.0150137896093951,71736800,-0.667045075125208,24.93,0.081026875250702,22.91,25.309999,5891,-1.00766667996234,-0.83986829534109
"2003-07-18",2003-07-18,-0.0108303249097473,65296900,-0.670651085141903,24.66,0.0709651257096513,22.91,25.309999,0,-1.0054059465412,-0.891488543361613
"2003-07-21",2003-07-21,-0.0243309407948094,52851200,-0.67866445409015,24.059999,0.0477971341561569,22.91,25.309999,0,-1.01194864084437,-1.00925397199071
"2003-07-22",2003-07-22,0.0149626357008577,61074300,-0.673856427378965,24.42,0.0618345618345619,22.91,25.309999,0,1.29368764312403,-0.938078661542781
"2003-07-23",2003-07-23,0.015970475020475,49058200,-0.668647759599332,24.809999,0.0765819861580809,22.91,25.309999,0,1.23849808078168,-0.862708706464712
"2003-07-24",2003-07-24,-0.0338573169632131,58119100,-0.679866457429048,23.969999,0.044221904222858,22.91,25.309999,0,-1.01677818802001,-1.02729657548551
"2003-07-25",2003-07-25,0.0392157296293587,52627700,-0.667312186978297,24.91,0.0802890405459655,22.91,25.309999,0,1.81559437470955,-0.843663766745391
"2003-07-28",2003-07-28,-0.00602167804094735,45462200,-0.66931552587646,24.76,0.0747172859450728,22.91,25.309999,0,-1.00300210147103,-0.872273298801313
"2003-07-29",2003-07-29,0.00565428109854592,68217600,-0.667445742904841,24.9,0.0799196787148594,22.91,25.309999,0,1.06962769998914,-0.845563181150082
"2003-07-30",2003-07-30,-0.0164658634538153,40786200,-0.672921535893155,24.49,0.064516129032258,22.91,25.309999,0,-1.00820410205103,-0.924420059091529
"2003-07-31",2003-07-31,0.0163331563903635,68692100,-0.667579312186978,24.889999,0.079549983107673,22.91,25.309999,0,1.23302473816893,-0.847463906597961
"2003-08-01",2003-08-01,0.00522302150353642,48494900,-0.66584307178631,25.02,0.0843325339728217,22.91,25.309999,0,1.06012007392478,-0.822843805511621
"2003-08-04",2003-08-04,0.0043964428457235,53570000,-0.664373969949916,25.129999,0.0883405924528688,22.91,25.309999,0,1.04752683562596,-0.802157725046982
"2003-08-05",2003-08-05,-0.0342220069328296,51979800,-0.675859766277128,24.27,0.0560362587556654,22.91,25.309999,0,-1.01728814921523,-0.967543819465826
"2003-08-06",2003-08-06,-0.00535644829007005,57799000,-0.677596006677796,24.139999,0.0509527361620852,22.91,25.309999,0,-1.0025689358759,-0.993300627355001
"2003-08-07",2003-08-07,-0.00621371193925903,48517800,-0.679599332220367,23.99,0.0450187578157565,22.91,25.309999,0,-1.00295651910995,-1.02327815173478
"2003-08-08",2003-08-08,-0.0170904543559817,57453600,-0.685075125208681,23.58,0.0284139100932993,22.91,25.309999,0,-1.00805738429793,-1.10667207925644
"2003-08-11",2003-08-11,0.0135708227311281,41624600,-0.680801335559265,23.9,0.0414225941422594,22.91,25.309999,0,1.45782801473803,-1.04139981755552
"2003-08-12",2003-08-12,0.0196653138075314,48475100,-0.674524193656093,24.370001,0.0599097636475271,22.91,25.309999,0,1.44630641532919,-0.947870231264497
"2003-08-13",2003-08-13,0.0139514971706403,51882500,-0.669983318864774,24.709999,0.072844964502022,22.91,25.309999,0,1.21591139852592,-0.881866775800493
"2003-08-14",2003-08-14,0.0174018622987399,51830000,-0.664240414023372,25.139999,0.0887032254854107,22.91,25.309999,0,1.21769879485559,-0.800283723896694
"2003-08-15",2003-08-15,-0.00357995240970375,21622800,-0.66544241736227,25.049999,0.0854291052067507,22.91,25.309999,0,-1.00180959079502,-0.817189099670438
"2003-08-18",2003-08-18,0.0455090636929766,59081000,-0.650217015025041,26.190001,0.0996563917656972,23.58,26.190001,5891,1.16653910309039,-0.705952499460396
"2003-08-19",2003-08-19,0.0106910267013737,55966300,-0.646477475792988,26.469999,0.109180170350592,0,26.469999,0,1.09556615904062,-0.655859742678036
"2003-08-20",2003-08-20,-0.00415557250304395,47210300,-0.647946564273789,26.360001,0.10546285639367,23.58,26.469999,5915,-1.00227245114611,-0.675447691898127
"2003-08-21",2003-08-21,0.0011380120964335,66434900,-0.647545923205342,26.389999,0.106479693311091,23.58,26.469999,0,1.00964165917928,-0.670094176211447
"2003-08-22",2003-08-22,0.0378931427773074,120604100,-0.634190330550918,27.389999,0.037604893669401,26.360001,27.389999,5915,-0.979375064878311,-0.879778522974881
"2003-08-25",2003-08-25,-0.0054764149498509,52037500,-0.636193656093489,27.24,0.0323053964757708,26.360001,27.389999,5918,-1.00315887115597,-0.907359745727589
"2003-08-26",2003-08-26,0.0172540014684288,65213400,-0.629916540901502,27.709999,0.0169613503053537,27.24,27.709999,5918,-0.990133326335678,-0.941603633609442
"2003-08-27",2003-08-27,0.0111873334964754,58217200,-0.625776293823038,28.02,0.0278372591006424,0,28.02,0,1.64121715544403,-0.884890776813632
"2003-08-28",2003-08-28,0.00999282655246253,48631600,-0.622036741235392,28.299999,0.03745579637653,0,28.299999,0,1.34552745444919,-0.834440085980012
"2003-08-29",2003-08-29,0.010247385521109,41986600,-0.618163606010016,28.59,0.0472193074501575,0,28.59,0,1.26066756064878,-0.78293734618212
"2003-09-02",2003-09-02,0.00524658971668411,58841200,-0.616160267111853,28.74,0.0521920668058455,0,28.74,0,1.10531199257713,-0.75659009295763
"2003-09-03",2003-09-03,-0.0180932846207375,60714800,-0.623105188647746,28.219999,0.03472710966432,27.24,28.74,5924,-1.01127129077707,-0.848781061503401
"2003-09-04",2003-09-04,0.0134656631277698,63744700,-0.618030050083472,28.6,0.0475524475524477,27.24,28.74,0,1.36931774662793,-0.781174733615163
"2003-09-05",2003-09-05,0.00384611888111882,68429900,-0.616560948247078,28.709999,0.0512016388436656,27.24,28.74,0,1.0767403462712,-0.761844018908572
"2003-09-08",2003-09-08,0.0163706379787753,52154000,-0.610283806343906,29.18,0.0328992803289924,28.219999,29.18,5924,-0.989819105603398,-0.807260728308793
"2003-09-09",2003-09-09,-0.0133652844413982,49792900,-0.615492474123539,28.790001,0.0197986099409999,28.219999,29.18,5928,-1.00853482875588,-0.876411240747305
"2003-09-10",2003-09-10,-0.0392497728638495,57999300,-0.630584307178631,27.66,0,27.66,28.790001,5929,-1.02451993109515,-1.00818509244516
"2003-09-11",2003-09-11,0.0133767534345625,56654900,-0.625642724540901,28.030001,0.0132001779093764,27.66,28.030001,5929,-0.992163486180239,-0.939667485370347
"2003-09-12",2003-09-12,0.0110595429518537,51931600,-0.621502504173622,28.34,0.0239943542695836,0,28.34,0,1.81772961200317,-0.883263415643142
"2003-09-15",2003-09-15,-0.0123500352858152,36350400,-0.626176961602671,27.99,0.0117899249732046,27.66,28.34,5932,-1.00752122058666,-0.947011414383956
"2003-09-16",2003-09-16,0.0328688817434799,48748000,-0.613889816360601,28.91,0.0318228986509859,27.99,28.91,5932,2.69916040376091,-0.824945135148737
"2003-09-17",2003-09-17,-0.00103773780698715,52827300,-0.614290497495826,28.879999,0.0308171409562723,27.99,28.91,5934,-1.00065269226585,-0.830256958269448
"2003-09-18",2003-09-18,0.00969532582047522,46619000,-0.610550918196995,29.16,0.00960222908093278,28.879999,29.16,5934,-0.993912360171489,-0.896257607317251
"2003-09-19",2003-09-19,0.000342935528120767,53550300,-0.61041736227045,29.17,0.00994175522797391,0,29.17,0,1.03535909674508,-0.894470876004824
"2003-09-22",2003-09-22,-0.0222831676379843,48490600,-0.619098497495826,28.52,0,0,29.17,5937,-1.01422163877038,-0.964805609360313
"2003-09-23",2003-09-23,0.0147265427769986,43934300,-0.613489135225375,28.940001,0.0145128191253345,28.52,28.940001,5937,-0.990939467155647,-0.888808370019372
"2003-09-24",2003-09-24,-0.0400829288153791,59596400,-0.628981622704507,27.780001,0,0,28.940001,5939,-1.02525307554704,-1.00213209087578
"2003-09-25",2003-09-25,-0.0118790492484143,57560700,-0.633388968280467,27.450001,0,27.450001,27.780001,5940,-1.00700711343045,-1.0187777064781
"2003-09-26",2003-09-26,-0.00655741324016712,68682000,-0.635792988313856,27.27,0,27.27,27.450001,5941,-1.00379548769205,-1.02785718361154
"2003-09-29",2003-09-29,0.040337403740374,65800400,-0.621101823038397,28.370001,0.0387733860143324,27.27,28.370001,5941,-0.976893162482932,-0.82593283849668
"2003-09-30",2003-09-30,-0.0299612608402798,63410200,-0.63245409015025,27.52,0.00908430232558144,27.27,28.370001,5943,-1.01827762645474,-0.980937372961435
"2003-10-01",2003-10-01,0.0403342659883722,59519900,-0.617629395659432,28.629999,0.0387704868589064,27.52,28.629999,5943,4.26785519342839,-0.812829161434129
"2003-10-02",2003-10-02,-0.000349214123269898,42385100,-0.617762924874791,28.620001,0.0384346946738401,27.52,28.629999,5945,-1.00021619634088,-0.814601689476412
"2003-10-03",2003-10-03,0.0345911937599164,66635500,-0.604540888146911,29.610001,0.0334346493267597,28.620001,29.610001,5945,-0.978596907979611,-0.783548960424052
"2003-10-06",2003-10-06,-0.00168868619761273,28955800,-0.605208694490818,29.559999,0.0317996627807735,28.620001,29.610001,5947,-1.00110465041654,-0.792246123965299
"2003-10-07",2003-10-07,0.0131935728414605,47943100,-0.599999986644407,29.950001,0.0130217691812431,29.559999,29.950001,5947,-0.991393534339765,-0.843494079495485
"2003-10-08",2003-10-08,-0.00934894793492657,41147400,-0.603739565943238,29.67,0.003707482305359,29.559999,29.950001,5949,-1.00623263230345,-0.892795781557085
"2003-10-09",2003-10-09,0.00337040781934607,76072800,-0.602404006677796,29.77,0.00705411488075236,29.559999,29.950001,0,1.90266987129135,-0.87511212952308
"2003-10-10",2003-10-10,0.022169969768223,46206700,-0.593589315525876,30.43,0.0249753532697995,29.67,30.43,5949,3.54053679192927,-0.774136156970074
"2003-10-13",2003-10-13,0.0121590207032534,41697500,-0.588647759599332,30.799999,0.036688280411957,0,30.799999,0,1.46897943807349,-0.711235683558334
"2003-10-14",2003-10-14,0.00909094185360196,66909700,-0.584908180300501,31.08,0.0453667953667952,0,31.08,0,1.23654733493614,-0.664335158083886
"2003-10-15",2003-10-15,0.021879021879022,110833700,-0.575826377295492,31.76,0.0658060453400504,0,31.76,0,1.45053325472963,-0.552840361140268
"2003-10-16",2003-10-16,0.0147984886649873,55199000,-0.569549248747913,32.23,0.0794291033198882,0,32.23,0,1.20701833561706,-0.477681549642312
"2003-10-17",2003-10-17,-0.0176853862860688,52536500,-0.577161936560934,31.66,0.0628553379658875,29.67,32.23,5956,-1.0133661625044,-0.569028687111596
"2003-10-20",2003-10-20,0.0157927984838912,43090700,-0.570484140233722,32.16,0.0774253731343282,29.67,32.23,0,1.23180267006675,-0.488780104520578
"2003-10-21",2003-10-21,-0.00124381218905462,50250800,-0.571018377295492,32.119999,0.0762764345042476,29.67,32.23,0,-1.00093646260096,-0.49513710445962
"2003-10-22",2003-10-22,-0.0186799196351158,49873700,-0.579031719532554,31.52,0.0586928934010151,29.67,32.23,0,-1.01403342266323,-0.591811139512399
"2003-10-23",2003-10-23,-0.0095177982233502,48215300,-0.583038410684474,31.219999,0.0496476313147863,29.67,32.23,0,-1.00691964017991,-0.641105616815646
"2003-10-24",2003-10-24,-0.00448427304562063,55915500,-0.584908180300501,31.08,0.0453667953667952,29.67,32.23,0,-1.00320694071225,-0.664335158083886
"2003-10-27",2003-10-27,0.0109395109395111,37237300,-0.580367278797996,31.42,0.0556970082749841,29.67,32.23,0,1.22770426750817,-0.608170092333475
"2003-10-28",2003-10-28,0.0397835136855505,57041700,-0.563672814691152,32.669998,0.0486684449751115,31.08,32.669998,5956,-0.97123465654125,-0.571664021613572
"2003-10-29",2003-10-29,0.00397921665008979,47727900,-0.561936574290484,32.799999,0.0524389955011889,0,32.799999,0,1.07747423465051,-0.550866032577053
"2003-10-30",2003-10-30,0.00274390252268006,55581700,-0.560734570951586,32.889999,0.0550318958659745,0,32.889999,0,1.04944603419657,-0.536533480883374
"2003-10-31",2003-10-31,0.00182432355805171,39557700,-0.559933208681135,32.950001,0.0567526841653208,0,32.950001,0,1.03126892636113,-0.527007849604306
"2003-11-03",2003-11-03,0.0330804238822328,53324900,-0.545375612687813,34.040001,0.0869565485617935,0,34.040001,0,1.53220151329739,-0.357953245057015
"2003-11-04",2003-11-04,-0.010575822251004,42009400,-0.550183639398998,33.68,0.0771971496437055,31.08,34.040001,5968,-1.00881599139993,-0.412971342267944
"2003-11-05",2003-11-05,0.00178153206650823,45615300,-0.549382277128547,33.740002,0.0788382288774019,31.08,34.040001,0,1.02125828791957,-0.403746755334949
"2003-11-06",2003-11-06,0.0112625067419973,42140200,-0.544307191986644,34.119999,0.0128956334377384,33.68,34.119999,5968,-0.990762197192765,-0.633630516802035
"2003-11-07",2003-11-07,-0.0073270811057175,48461500,-0.54764609015025,33.869999,0.005609654727182,33.68,34.119999,5971,-1.00613421651002,-0.673758438069203
"2003-11-10",2003-11-10,-0.014171833899375,54424600,-0.554056774624374,33.389999,0,33.389999,33.869999,5972,-1.01170588924019,-0.719156726518798
"2003-11-11",2003-11-11,0.000599011698083414,41184300,-0.553789649415692,33.41,0.000598653097874657,33.389999,33.41,5972,-0.999517873941958,-0.715886864276462
"2003-11-12",2003-11-12,0.0206524393894045,49291000,-0.544574317195325,34.099998,0.0208210862651662,0,34.099998,0,34.779885611693,-0.604706627013667
"2003-11-13",2003-11-13,-0.00938413544774996,52569600,-0.548848093489148,33.779999,0.011545293414603,33.389999,34.099998,5975,-1.0078479211356,-0.655880494745932
"2003-11-14",2003-11-14,-0.0290112501187462,59409400,-0.561936574290484,32.799999,0,32.799999,33.779999,5976,-1.02384718277535,-0.748917069565376
"2003-11-17",2003-11-17,-0.0173780188225007,64927100,-0.569549248747913,32.23,0,32.23,32.799999,5977,-1.01354721298759,-0.777668536982676
"2003-11-18",2003-11-18,-0.0121005274588891,57338800,-0.574757929883138,31.84,0,31.84,32.23,5978,-1.00914526908196,-0.797340628149059
"2003-11-19",2003-11-19,0.0213567839195981,47996500,-0.56567612687813,32.52,0.0209102091020911,31.84,32.52,5978,-0.98419890786569,-0.684067117808023
"2003-11-20",2003-11-20,-0.0212177121771219,59523800,-0.574891485809682,31.83,0,0,32.52,5980,-1.01629087474914,-0.797845040743068
"2003-11-21",2003-11-21,0.0153942821237827,45646200,-0.568347245409015,32.32,0.015160891089109,31.83,32.32,5980,-0.988616564060867,-0.715869332428427
"2003-11-24",2003-11-24,0.0352722462871288,45783200,-0.553121883138564,33.459999,0.0487148550123987,0,33.459999,0,3.21319206938922,-0.531640095313407
"2003-11-25",2003-11-25,-0.0116556787703432,38861700,-0.558330550918196,33.07,0.0374962201390989,31.83,33.459999,5983,-1.00941685356956,-0.593682556162234
"2003-11-26",2003-11-26,0.00846682794073175,42781700,-0.554591011686143,33.349998,0.0455771541575505,31.83,33.459999,0,1.21551329676628,-0.549039119296587
"2003-11-28",2003-11-28,0.00569724172097393,13253800,-0.552053409015025,33.540001,0.0140131480616233,33.07,33.540001,5983,-0.995424371081307,-0.65866572910063
"2003-12-01",2003-12-01,0.0149075726026365,47063000,-0.545375612687813,34.040001,0.0284959157316123,0,34.040001,0,2.03351278430089,-0.578746737463797
"2003-12-02",2003-12-02,-0.00558175659278028,41987300,-0.547913215358931,33.849998,0.0230427783186279,33.07,34.040001,5987,-1.00465294489171,-0.608926079093727
"2003-12-03",2003-12-03,-0.0150664115253418,49743600,-0.554724540901502,33.34,0.00809838032393528,33.07,34.040001,0,-1.01243139488451,-0.691092862911862
"2003-12-04",2003-12-04,0.00599883023395301,61217300,-0.552053409015025,33.540001,0.0140131480616233,33.07,34.040001,0,1.73036428286859,-0.65866572910063
"2003-12-05",2003-12-05,-0.0429338985410286,66215400,-0.571285502504173,32.099998,0,32.099998,33.849998,5990,-1.03483737836791,-0.784226001587322
"2003-12-08",2003-12-08,-0.0143301878087344,66864300,-0.577429061769616,31.639999,0,31.639999,32.099998,5991,-1.01075392118041,-0.807428930470513
"2003-12-09",2003-12-09,-0.0439317017677529,81626300,-0.595993322203672,30.25,0,30.25,31.639999,5992,-1.03214985469759,-0.877542230596617
"2003-12-10",2003-12-10,0.00561983471074386,81153700,-0.59372287145242,30.42,0.00558842866535181,30.25,30.42,5992,-0.996190476190476,-0.847860898924477
"2003-12-11",2003-12-11,0.0161078238001314,56879100,-0.587178631051752,30.91,0.0213523131672598,0,30.91,0,3.82080803851786,-0.763607811541825
"2003-12-12",2003-12-12,-0.00161756713037851,48042500,-0.587846397328881,30.860001,0.0197667200334828,30.25,30.91,5995,-1.00113724553622,-0.772118275248689
"2003-12-15",2003-12-15,-0.020090764092976,60872700,-0.596126878130216,30.24,0,30.24,30.860001,5996,-1.01408613004853,-0.878046643190627
"2003-12-16",2003-12-16,0.000661375661375765,56367000,-0.595859766277128,30.26,0.000660938532716537,30.24,30.26,5996,-0.99955192113812,-0.874541592425839
"2003-12-17",2003-12-17,-0.00297422339722405,57924100,-0.597061769616026,30.17,0,0,30.26,5998,-1.00201725876947,-0.881577531348695
"2003-12-18",2003-12-18,0.0241962214119986,52707200,-0.587312186978297,30.9,0.0236245954692555,30.17,30.9,5998,-0.983670730343362,-0.755530292656422
"2003-12-19",2003-12-19,-0.0106796116504854,55145700,-0.591719532554257,30.57,0.0130847235852142,30.17,30.9,6000,-1.00750426378624,-0.811982783588978
"2003-12-22",2003-12-22,-0.0049067713444553,33894800,-0.59372287145242,30.42,0.00821827744904668,30.17,30.9,0,-1.00338562239025,-0.837928514183785
"2003-12-23",2003-12-23,0.0226824786324786,37282300,-0.584507499165275,31.110001,0.0221793949797687,30.42,31.110001,6000,2.69878878113826,-0.750395795482606
"2003-12-24",2003-12-24,-0.000964352267298293,15596500,-0.5849081803005,31.08,0.0212355212355211,30.42,31.110001,6003,-1.00068550212922,-0.755473895961501
"2003-12-26",2003-12-26,0.00900904118404125,11868800,-0.581168601001669,31.360001,0.00892860303161347,31.08,31.360001,6003,-0.993606553259505,-0.78783092984752
"2003-12-29",2003-12-29,0.0251913576150715,36514900,-0.570617669449081,32.150002,0.0332815531395613,0,32.150002,0,3.7275207579194,-0.656006323145622
"2003-12-30",2003-12-30,-0.00342149278870975,31563100,-0.57208679799666,32.040001,0.029962577092304,31.08,32.150002,6006,-1.0025746285582,-0.674089985335422
"2003-12-31",2003-12-31,0.000312047430959914,32092800,-0.571953268781301,32.049999,0.0302651803514877,31.08,32.150002,0,1.01009937357029,-0.672442804873212
"2004-01-02",2004-01-02,0.00343216859382732,37343200,-0.570484140233722,32.16,0.00373131218905476,32.040001,32.16,6006,-0.997431383597633,-0.767107045198936
"2004-01-05",2004-01-05,0.0233208955223881,42611900,-0.560467445742904,32.91,0.0264357034336068,0,32.91,0,7.08482756043623,-0.643526398786155
"2004-01-06",2004-01-06,-0.000303798237617622,38007600,-0.560600974958263,32.900002,0.0261398464352678,32.040001,32.91,6010,-1.00023824615751,-0.645148100042607
"2004-01-07",2004-01-07,0.0331306970741216,63665000,-0.546043378964941,33.990002,0.0320682534823034,32.900002,33.990002,6010,1.2267957871029,-0.567776783008191
"2004-01-08",2004-01-08,0.00735510400970262,50596000,-0.542704480801335,34.240002,0.0391355117327387,0,34.240002,0,1.22038176336405,-0.528474922833984
"2004-01-09",2004-01-09,-0.00788554276369474,56841100,-0.546310504173622,33.970001,0.0314983505593657,32.900002,34.240002,6013,-1.00664454320879,-0.570938061897519
"2004-01-12",2004-01-12,0.0052988223344473,50664500,-0.543906484140233,34.150002,0.0366032189397822,32.900002,34.240002,0,1.16206780005179,-0.542578572499022
"2004-01-13",2004-01-13,-0.0163983006501726,68191900,-0.551385642737896,33.59,0.0205417683834476,32.900002,34.240002,0,-1.01375081712711,-0.631486493211964
"2004-01-14",2004-01-14,-0.00595418279249778,75452000,-0.554056774624373,33.389999,0.0146749630031436,32.900002,34.240002,0,-1.00484439869202,-0.663732483305138
"2004-01-15",2004-01-15,-0.00988313896026182,82565000,-0.558464093489148,33.060001,0.00483965502602368,32.900002,34.240002,0,-1.00795463401339,-0.717523883932006
"2004-01-16",2004-01-16,-0.00514222609975108,54502900,-0.560734570951585,32.889999,0,32.889999,34.150002,6018,-1.00406557465181,-0.744377356219287
"2004-01-20",2004-01-20,-0.00851316535461148,47694300,-0.564474110183639,32.610001,0,32.610001,32.889999,6019,-1.00666900067479,-0.758500807969043
"2004-01-21",2004-01-21,-0.0125728300345651,56228700,-0.569949903171953,32.200001,0,32.200001,32.610001,6020,-1.00970069820657,-0.779181724323445
"2004-01-22",2004-01-22,-0.0177019249160893,51950200,-0.57756261769616,31.629999,0,31.629999,32.200001,6021,-1.01335681343543,-0.807933343064523
"2004-01-23",2004-01-23,0.00379389831785953,45845000,-0.575959933222036,31.75,0.00377955905511806,31.629999,31.75,6021,-0.997225089669902,-0.787605743305946
"2004-01-26",2004-01-26,0.0214173228346457,41329300,-0.566878130217028,32.43,0.0246685476410731,0,32.43,0,6.52683217309922,-0.674412378383144
"2004-01-27",2004-01-27,-0.024668547641073,51436200,-0.57756261769616,31.629999,0,0,32.43,6024,-1.01884794439863,-0.807933343064523
"2004-01-28",2004-01-28,-0.00790388896313275,61499400,-0.580901515859766,31.379999,0,31.379999,31.629999,6025,-1.00578101501258,-0.820543657914768
"2004-01-29",2004-01-29,-0.0156150419252723,84928900,-0.587445756260433,30.889999,0,30.889999,31.379999,6026,-1.01126566246084,-0.845259875021249
"2004-01-30",2004-01-30,-0.0119779544181921,64192400,-0.592387312186978,30.52,0,30.52,30.889999,6027,-1.00841193569599,-0.863923090558352
"2004-02-02",2004-02-02,-0.00655307994757534,65039500,-0.595058430717863,30.32,0,30.32,30.52,6028,-1.00450907451246,-0.874011342438548
"2004-02-03",2004-02-03,0.0356200527704485,62375400,-0.580634390651085,31.4,0.0343949044585987,30.32,31.4,6028,-0.975760296263046,-0.689632475232614
"2004-02-04",2004-02-04,-0.0439490445859872,79361900,-0.59906510851419,30.02,0,0,31.4,6030,-1.03174238067855,-0.889143720258842
"2004-02-05",2004-02-05,-0.00333111259160553,74618700,-0.600400667779632,29.92,0,29.92,30.02,6031,-1.00222940586334,-0.894187846198941
"2004-02-06",2004-02-06,0.0320855280748663,55401000,-0.587579312186978,30.879999,0.0310880515248722,29.92,30.879999,6031,-0.978645334223112,-0.728351267331379
"2004-02-09",2004-02-09,-0.0100388280452989,36540300,-0.591719532554257,30.57,0.0212626758259731,29.92,30.879999,6033,-1.00704623236626,-0.781096381089401
"2004-02-10",2004-02-10,-0.00098132155708211,36344100,-0.592120186978297,30.540001,0.0203012763490086,29.92,30.879999,0,-1.00067710190723,-0.786240571685535
"2004-02-11",2004-02-11,0.0147347408403817,52150100,-0.586110183639398,30.99,0.0145207808970635,30.540001,30.99,6033,-0.98985002796549,-0.785373768754364
"2004-02-12",2004-02-12,-0.00806711842529848,38205500,-0.589449081803005,30.74,0.00650614834092378,30.540001,30.99,6036,-1.00569670730318,-0.828253662067223
"2004-02-13",2004-02-13,-0.019518575146389,63292500,-0.597462450751252,30.139999,0,30.139999,30.74,6037,-1.01359467542767,-0.883090819571984
"2004-02-17",2004-02-17,0.0222295959598407,40220700,-0.588514203672788,30.809999,0.0217461870089642,30.139999,30.809999,6037,-0.985022913042966,-0.76716440941321
"2004-02-18",2004-02-18,-0.00681593660551563,42232600,-0.591318864774624,30.6,0.0150327124183007,30.139999,30.809999,6039,-1.00476566425132,-0.803112402430209
"2004-02-19",2004-02-19,-0.0232026470588236,60100700,-0.600801348914858,29.889999,0,29.889999,30.6,6040,-1.01603616036138,-0.895701134422229
"2004-02-20",2004-02-20,0.00368019416795566,70620300,-0.599332220367278,30,0.00366670000000002,29.889999,30,6040,-0.997554718293771,-0.876304192129175
"2004-02-23",2004-02-23,-0.0333333333333333,92175800,-0.612687813021702,29,0,0,30,6042,-1.02228412256267,-0.940593804847843
"2004-02-24",2004-02-24,0.00689658620689656,68433000,-0.610016681135225,29.200001,0.00684934908050172,29,29.200001,6042,-0.995640305177112,-0.904636954223291
"2004-02-25",2004-02-25,0.0143835611512478,54661900,-0.604407332220367,29.620001,0.0209318358902149,0,29.620001,0,3.05603286446624,-0.830265039807679
"2004-02-26",2004-02-26,-0.00405135030211506,45906300,-0.60601001669449,29.5,0.0169491525423728,29,29.620001,6045,-1.00265166285828,-0.851359797221108
"2004-02-27",2004-02-27,-0.0101694576271186,58987700,-0.610016681135225,29.200001,0.00684934908050172,29,29.620001,0,-1.00661154820937,-0.90463695422329
"2004-03-01",2004-03-01,0.0167808213431225,65372800,-0.603472440734557,29.690001,0.0165038728021598,29.200001,29.690001,6045,2.40955346386739,-0.843457635250959
"2004-03-02",2004-03-02,-0.0030313572572799,65223700,-0.604674457429048,29.6,0.0135134797297297,29.200001,29.690001,6048,-1.00199183361717,-0.859291483590022
"2004-03-03",2004-03-03,-0.0189188851351352,68249000,-0.612153575959933,29.040001,0,29.040001,29.6,6049,-1.01236883489785,-0.938576104030544
"2004-03-04",2004-03-04,0.0210054744832825,60135800,-0.604006677796327,29.65,0.0205733220910623,29.040001,29.65,6049,-0.986691414567283,-0.830105883546607
"2004-03-05",2004-03-05,-0.0236087352445193,118682400,-0.613355579298831,28.950001,0,0,29.65,6051,-1.01547814262023,-0.943115817376632
"2004-03-08",2004-03-08,-0.0431778914273613,105763200,-0.630050070116861,27.700001,0,27.700001,28.950001,6052,-1.02721829128401,-1.00616739162786
"2004-03-09",2004-03-09,0.0101082667830951,92538800,-0.626310517529215,27.98,0.0100071122230164,27.700001,27.98,6052,-0.994064673960036,-0.954249135092588
"2004-03-10",2004-03-10,-0.0239457112223016,88033100,-0.635258777963272,27.309999,0,0,27.98,6054,-1.01428725876959,-1.02583958367676
"2004-03-11",2004-03-11,-0.00842178719962615,97958600,-0.638330550918197,27.08,0,27.08,27.309999,6055,-1.00483546715367,-1.03744102289773
"2004-03-12",2004-03-12,0.0225258862629247,56526800,-0.630183626043405,27.690001,0.0220296488974486,27.08,27.690001,6055,-0.987237137775918,-0.923470462035032
"2004-03-15",2004-03-15,-0.0213073665111098,54857000,-0.638063439065108,27.1,0.000738007380073902,27.08,27.690001,6057,-1.01250399517864,-1.03364489933506
"2004-03-16",2004-03-16,0.00221402214022135,67306500,-0.637262103505843,27.16,0.00294550810014738,27.08,27.690001,0,3.99116347569915,-1.02228115867687
"2004-03-17",2004-03-17,0.023195913107511,55548300,-0.628848066777963,27.790001,0.024829110297621,27.1,27.790001,6057,8.42948294604205,-0.907853360239583
"2004-03-18",2004-03-18,-0.0212306577462879,70686100,-0.636727866444073,27.200001,0.00367650721777546,27.1,27.790001,6060,-1.01253053015887,-1.01750262821553
"2004-03-19",2004-03-19,-0.0261029769815083,83734500,-0.646210350584307,26.49,0,26.49,27.200001,6061,-1.01489252259869,-1.0672013659443
"2004-03-22",2004-03-22,-0.00981502453756127,73006200,-0.649682804674457,26.23,0,26.23,26.49,6062,-1.00537356618787,-1.08031609338856
"2004-03-23",2004-03-23,-0.00266869996187573,70217700,-0.650617696160267,26.16,0,26.16,26.23,6063,-1.00143899681365,-1.08384698154663
"2004-03-24",2004-03-24,0.0141437691131498,69501200,-0.645676113522537,26.530001,0.0139465128553896,26.16,26.530001,6063,-0.992404782921071,-1.01251062463525
"2004-03-25",2004-03-25,0.0474934019037542,84754400,-0.628848066777963,27.790001,0.0586542260289951,0,27.790001,0,4.20565532310309,-0.78010302515361
"2004-03-26",2004-03-26,-0.0147535798937178,65644100,-0.634323886477462,27.379999,0.0445580366894828,26.16,27.790001,6066,-1.00870769902745,-0.854022379425626
"2004-03-29",2004-03-29,0.0113222064032945,66249300,-0.630183626043405,27.690001,0.0552546386690271,26.16,27.790001,0,1.24005999308468,-0.797986676251256
"2004-03-30",2004-03-30,-0.00938970713652192,62191000,-0.633656093489148,27.43,0.0462996718920889,26.16,27.790001,0,-1.00551024701728,-0.844922476820707
"2004-03-31",2004-03-31,-0.00838494349252641,57809100,-0.636727866444073,27.200001,0.0382353294766423,26.16,27.790001,0,-1.00484769733376,-0.886981238168905
"2004-04-01",2004-04-01,0.00661757328611867,55051700,-0.634323886477462,27.379999,0.0445580366894828,26.16,27.790001,0,1.16536295879712,-0.854022379425626
"2004-04-02",2004-04-02,0.027027101060157,78672000,-0.624440721202003,28.120001,0.0327169262902942,27.200001,28.120001,6066,-0.984419370788096,-0.861417125614311
"2004-04-05",2004-04-05,0.0152915357293195,47534500,-0.618697843071786,28.549999,0.0472853957017652,0,28.549999,0,1.44528845045547,-0.784705445598046
"2004-04-06",2004-04-06,-0.00980732083388164,70147800,-0.622437395659432,28.27,0.0378492748496639,27.200001,28.549999,6073,-1.00604423084632,-0.834467188034594
"2004-04-07",2004-04-07,-0.0229925362575168,72680200,-0.631118517529215,27.620001,0.0152063716435057,27.200001,28.549999,0,-1.01394697993777,-0.95277143070068
"2004-04-08",2004-04-08,-0.00905141169256294,71791400,-0.634457415692821,27.370001,0.0062111798972897,27.200001,28.549999,0,-1.00529044556746,-0.999354689468329
"2004-04-12",2004-04-12,0.00840332450115742,51016700,-0.631385642737896,27.6,0.0144927173913044,27.200001,28.549999,0,2.33332758525131,-0.956475628071894
"2004-04-13",2004-04-13,0.00253623188405798,83164700,-0.630450751252086,27.67,0.0169858691723889,27.200001,28.549999,0,1.17202790296458,-0.943528630949612
"2004-04-14",2004-04-14,-0.0108420310805928,79211500,-0.634457415692821,27.370001,0.0062111798972897,27.200001,28.549999,0,-1.00635523779261,-0.999354689468329
"2004-04-15",2004-04-15,-0.0259408466956212,90498900,-0.643939899833055,26.66,0,26.66,28.27,6079,-1.01494581654449,-1.05862635184614
"2004-04-16",2004-04-16,-0.00787693173293323,63905000,-0.646744560934891,26.450001,0,26.450001,26.66,6080,-1.00435547028933,-1.06921896587908
"2004-04-19",2004-04-19,0.00869561403797298,51522500,-0.643672787979966,26.68,0.00862065217391306,26.450001,26.68,6080,-0.995250407749105,-1.02505913978893
"2004-04-20",2004-04-20,-0.022863568215892,50610200,-0.651819699499165,26.07,0,0,26.68,6082,-1.0126569146177,-1.08838669489272
"2004-04-21",2004-04-21,0.00805527426160331,61959800,-0.649015011686143,26.280001,0.00799090532759106,26.07,26.280001,6082,-0.995697141686303,-1.04761401425748
"2004-04-22",2004-04-22,0.00913238169207075,65165300,-0.645809682804674,26.52,0.0169683257918551,0,26.52,0,2.12345473963592,-1.00160233691258
"2004-04-23",2004-04-23,0.0380845022624434,65204700,-0.632320520868113,27.530001,0.053033089246891,0,27.530001,0,3.12541672628345,-0.814447601837133
"2004-04-26",2004-04-26,-0.0138031596874987,56761000,-0.637395659432387,27.15,0.0397790055248618,26.07,27.530001,6086,-1.00802621201872,-0.883673212402261
"2004-04-27",2004-04-27,-0.00994478821362788,53607000,-0.641001682804674,26.879999,0.0301338924901002,26.07,27.530001,0,-1.00565743321111,-0.933719962566082
"2004-04-28",2004-04-28,-0.0197172254359087,61432500,-0.648080133555926,26.35,0.0106261859582543,26.07,27.530001,0,-1.01104279589451,-1.03413027685848
"2004-04-29",2004-04-29,-0.00834918406072106,76355500,-0.651018377295492,26.129999,0.00229617306912266,26.07,27.530001,0,-1.00453376609995,-1.0766881078969
"2004-04-30",2004-04-30,-0.0153080373252215,71322000,-0.656360601001669,25.73,0,25.73,27.15,6090,-1.00820594915979,-1.10553672308905
"2004-05-03",2004-05-03,0.0120482316362223,61588700,-0.652220353923205,26.040001,0.0119047998500461,25.73,26.040001,6090,-0.993692115169397,-1.04493796156918
"2004-05-04",2004-05-04,0.0092165895078114,60991900,-0.649015011686143,26.280001,0.0209284999646688,0,26.280001,0,1.75798839361317,-0.998751445294854
"2004-05-05",2004-05-05,-0.00304413991460648,41486800,-0.650083459098497,26.200001,0.0179389687809554,25.73,26.280001,6093,-1.00164625993716,-1.01407757542657
"2004-05-06",2004-05-06,-0.00839698441232884,54138700,-0.653021702838063,25.98,0.00962278675904538,25.73,26.280001,0,-1.00451979464858,-1.05658317019369
"2004-05-07",2004-05-07,0.018860623556582,69608900,-0.646477475792988,26.469999,0.0185114853989984,25.98,26.469999,6093,1.92371356266392,-0.998296261635071
"2004-05-10",2004-05-10,0.00302228949838639,71539700,-0.645409028380634,26.549999,0.0214688896975099,0,26.549999,0,1.15976050731572,-0.983091467979555
"2004-05-11",2004-05-11,0.045951075177065,82353000,-0.629115191986644,27.77,0.064458048253511,0,27.77,0,3.00239319134362,-0.759192087119884
"2004-05-12",2004-05-12,-0.00720201656463807,81059000,-0.631786310517529,27.57,0.0576713819368879,25.98,27.77,6098,-1.00424583377561,-0.794912147711412
"2004-05-13",2004-05-13,-0.00471523394994565,59959000,-0.633522524207011,27.440001,0.053207031588665,25.98,27.77,0,-1.00274810273755,-0.818330371608402
"2004-05-14",2004-05-14,-0.0145772589439774,51872800,-0.638864761268781,27.040001,0.0392012189644519,25.98,27.77,0,-1.00843259214573,-0.891403878592791
"2004-05-17",2004-05-17,-0.00739648641285185,64859800,-0.641535893155258,26.84,0.0320417287630402,25.98,27.77,0,-1.00418105998079,-0.928532066883557
"2004-05-18",2004-05-18,0.0115499254843517,55177200,-0.637395659432387,27.15,0.0430939226519337,25.98,27.77,0,1.34493126043942,-0.871153468874145
"2004-05-19",2004-05-19,-0.00147325966850822,77032600,-0.637929869782971,27.110001,0.0416820714982636,25.98,27.77,0,-1.00083811419591,-0.878503333135978
"2004-05-20",2004-05-20,0.0110659900012545,52381300,-0.633923205342237,27.41,0.0521707406056183,25.98,27.77,0,1.25163502509206,-0.823757512525711
"2004-05-21",2004-05-21,0.0051075884713608,46798400,-0.63205343572621,27.549999,0.0569872615966338,25.98,27.77,0,1.09232226598863,-0.798504801720067
"2004-05-24",2004-05-24,0.00689658827210842,45718100,-0.629515859766277,27.74,0.0634462869502522,25.98,27.77,0,1.11334156393295,-0.764526534163836
"2004-05-25",2004-05-25,0.0129776496034608,65523400,-0.624707846410684,28.1,0.0448398576512457,26.84,28.1,6098,-0.992362363424207,-0.816640243823422
"2004-05-26",2004-05-26,0.00960857651245541,50431600,-0.621101823038397,28.370001,0.0539302413137032,0,28.370001,0,1.20272998485322,-0.768688589616011
"2004-05-27",2004-05-27,0.00281988005569693,55379500,-0.620033375626043,28.450001,0.056590542826343,0,28.450001,0,1.04932856682701,-0.754605890582476
"2004-05-28",2004-05-28,0.00351486806626121,48045200,-0.618697843071786,28.549999,0.059894888262518,0,28.549999,0,1.05839041774727,-0.737082049045818
"2004-06-01",2004-06-01,-0.00770574457813471,51164300,-0.621636060100167,28.33,0.0525944228732792,26.84,28.549999,6111,-1.00474903389641,-0.775751395222704
"2004-06-02",2004-06-02,-0.0112954465231203,49706200,-0.625909849749582,28.01,0.0417707961442343,26.84,28.549999,0,-1.00687506713933,-0.832771155823016
"2004-06-03",2004-06-03,-0.0214209210996073,56286200,-0.633923205342237,27.41,0.0207953301714703,26.84,28.549999,0,-1.01280273124933,-0.942255826862728
"2004-06-04",2004-06-04,0.0266325793506019,62251700,-0.6241736360601,28.139999,0.0461975496161176,26.84,28.549999,0,2.22153479820663,-0.809494927406211
"2004-06-07",2004-06-07,0.0216773639544195,37487500,-0.616026711185308,28.75,0.046608695652174,27.41,28.75,6111,1.0088997368794,-0.777172896781605
"2004-06-08",2004-06-08,0.00834782608695647,48237500,-0.612821368948247,28.99,0.0545015522593998,0,28.99,0,1.16934300556548,-0.735257338163326
"2004-06-09",2004-06-09,-0.0203518454639531,46163000,-0.620701168614357,28.4,0.0348591549295774,27.41,28.99,6117,-1.01285823253787,-0.839202877225335
"2004-06-10",2004-06-10,0.00845066901408454,42508600,-0.617495839732888,28.639999,0.042946893957643,27.41,28.99,0,1.23201190747178,-0.796551339206988
"2004-06-14",2004-06-14,-0.0226954966024964,37832900,-0.626176961602671,27.99,0.0207216863165416,27.41,28.99,0,-1.01405859167171,-0.913278033733291
"2004-06-15",2004-06-15,0.015719899964273,47001700,-0.620300500834724,28.43,0.0358775940907492,27.41,28.99,0,1.73140320448288,-0.833843209319087
"2004-06-16",2004-06-16,-0.0109039395005277,34035000,-0.624440721202003,28.120001,0.0252489678076468,27.41,28.99,0,-1.00667453977823,-0.889622031286857
"2004-06-17",2004-06-17,-0.0174253905609746,38966500,-0.630984988313856,27.629999,0.00796232384952322,27.41,28.99,0,-1.01048020554979,-0.979626361169156
"2004-06-18",2004-06-18,0.000361925456457599,52413700,-0.630851432387312,27.639999,0.00832123763825021,27.41,28.99,0,1.0450765122733,-0.977766406819104
"2004-06-21",2004-06-21,-0.004341497986306,43528400,-0.63245409015025,27.52,0.00399709302325579,27.41,28.99,0,-1.00254046781962,-1.00015069060936
"2004-06-22",2004-06-22,0.0188953851744186,46902000,-0.625509168614357,28.040001,0.0224679378577768,27.41,28.99,0,5.62106954405473,-0.904160696190044
"2004-06-23",2004-06-23,0.0171183660086175,51711400,-0.619098497495826,28.52,0.0389200561009817,27.41,28.99,0,1.73224869800458,-0.81781275801425
"2004-06-24",2004-06-24,-0.0199859396914446,55033300,-0.626711171953255,27.950001,0.0193202497559839,27.41,28.99,0,-1.01229638658181,-0.920588564271319
"2004-06-25",2004-06-25,-0.00608228958560687,68915000,-0.628981622704507,27.780001,0.0133189700029168,27.41,28.99,0,-1.00362280242137,-0.951829147513064
"2004-06-28",2004-06-28,-0.0143989195680733,51702300,-0.634323886477462,27.379999,0,27.379999,28.639999,6129,-1.00849351329214,-1.02230869551869
"2004-06-29",2004-06-29,0.00803509890559163,52663300,-0.631385642737896,27.6,0.00797105072463766,27.379999,27.6,6129,-0.995367912509361,-0.981106588941392
"2004-06-30",2004-06-30,0,50573400,-0.631385642737896,27.6,0.00797105072463766,0,27.6,0,-1,-0.981106588941392
"2004-07-01",2004-07-01,-0.0210144927536233,68757000,-0.639131886477462,27.02,0,0,27.6,6132,-1.01226864093072,-1.04046749846178
"2004-07-02",2004-07-02,-0.0255366395262769,46758300,-0.648347245409015,26.33,0,26.33,27.02,6133,-1.01441855605475,-1.07527196744846
"2004-07-06",2004-07-06,-0.00835545005696916,60479300,-0.651285462437395,26.110001,0,26.110001,26.33,6134,-1.00453185703986,-1.08636899407542
"2004-07-07",2004-07-07,0.00880884684761212,45902500,-0.64821368948247,26.34,0.00873192862566441,26.110001,26.34,6134,-0.99528352292184,-1.04178890027321
"2004-07-08",2004-07-08,-0.00455584662110852,47125200,-0.649816373956594,26.219999,0.00419519466800899,26.110001,26.34,6136,-1.00247246317091,-1.06497619010014
"2004-07-09",2004-07-09,0.0133486275113893,38190800,-0.645141903171953,26.57,0.013172788859616,26.219999,26.57,6136,3.13997082425444,-1.01341521720705
"2004-07-12",2004-07-12,-0.0124200225818593,59662200,-0.649549248747913,26.24,0.00076223323170721,26.219999,26.57,6138,-1.00683159093262,-1.07693288648273
"2004-07-13",2004-07-13,-0.00381101371951215,77788900,-0.650884821368948,26.139999,0,26.139999,26.24,6139,-1.00205615297625,-1.08485585717591
"2004-07-14",2004-07-14,-0.105585313909155,283538400,-0.687746257095158,23.379999,0,23.379999,26.139999,6140,-1.05663280893336,-1.22407373312261
"2004-07-15",2004-07-15,-0.00983742557046315,95308000,-0.690818030050083,23.15,0,23.15,23.379999,6141,-1.0044664335476,-1.23567517234358
"2004-07-16",2004-07-16,-0.0181425485961122,85373900,-0.696427378964941,22.73,0,22.73,23.15,6142,-1.00811986466892,-1.25686050129199
"2004-07-19",2004-07-19,0.0079190497140343,58998200,-0.694023372287145,22.91,0.00785683107813184,22.73,22.91,6142,-0.996548087064915,-1.21810747907049
"2004-07-20",2004-07-20,0.0144041903099083,60254800,-0.689616026711185,23.24,0.021944922547332,0,23.24,0,2.79310097532987,-1.148254110383
"2004-07-21",2004-07-21,-0.029259939759036,72208300,-0.698697843071786,22.559999,0,0,23.24,6145,-1.01316938123366,-1.26543556583142
"2004-07-22",2004-07-22,0.031471676926936,75064700,-0.689215358931552,23.27,0.0305114310270734,22.559999,23.27,6145,-0.986428347769696,-1.11438697505647
"2004-07-23",2004-07-23,-0.0257842715943274,75635600,-0.697228714524207,22.67,0.00485227172474634,22.559999,23.27,6147,-1.01162678035074,-1.24156096893675
"2004-07-26",2004-07-26,0.0132333039258932,81010800,-0.693222050083472,22.969999,0.0178493695189103,22.559999,23.27,0,3.67855934940316,-1.17734134170822
"2004-07-27",2004-07-27,0.013060557817177,87134700,-0.689215358931552,23.27,0.0257842715943274,22.67,23.27,6147,1.4445480310669,-1.13224046021035
"2004-07-28",2004-07-28,0.00816497636441772,78531400,-0.686677809682804,23.459999,0.0336742981105839,0,23.459999,0,1.30600152838881,-1.09285770366066
"2004-07-29",2004-07-29,0.0332481258844043,104103900,-0.676260434056761,24.24,0.0647689768976897,0,24.24,0,1.92339500841245,-0.936075420829679
"2004-07-30",2004-07-30,0.00577553630363049,83593700,-0.674390664440734,24.379999,0.0701394204322978,0,24.379999,0,1.08291691164261,-0.908730661289668
"2004-08-02",2004-08-02,0.0213290000545118,67142500,-0.667445742904841,24.9,0.0895582329317268,0,24.9,0,1.27686017905114,-0.809160392739014
"2004-08-03",2004-08-03,-0.0293172690763051,59729200,-0.677195325542571,24.17,0.0620604054613156,22.67,24.9,6154,-1.01460730365183,-0.949836012600561
"2004-08-04",2004-08-04,-0.00827476210177908,56196400,-0.679866457429048,23.969999,0.0542344202851239,22.67,24.9,0,-1.00394440390494,-0.989481411979012
"2004-08-05",2004-08-05,-0.0125156033590156,55750000,-0.683873121869783,23.67,0.042247570764681,22.67,24.9,0,-1.00589331095387,-1.04988554433938
"2004-08-06",2004-08-06,-0.038022813688213,55989300,-0.695893155258764,22.77,0.00439174352217819,22.67,24.9,0,-1.01757640855385,-1.23825616098337
"2004-08-09",2004-08-09,-0.00878348704435658,44138600,-0.698564273789649,22.57,0,22.57,24.17,6158,-1.00383840322426,-1.26493110279615
"2004-08-10",2004-08-10,-0.00132915374390785,56624800,-0.698964928213689,22.540001,0,22.540001,22.57,6159,-1.00057353981455,-1.26644429013692
"2004-08-11",2004-08-11,-0.0168589610976504,60898200,-0.704040066777963,22.16,0,22.16,22.540001,6160,-1.00726093450389,-1.28561201915055
"2004-08-12",2004-08-12,-0.0415162454873647,70257800,-0.716327212020033,21.24,0,21.24,22.16,6161,-1.0174523380442,-1.33201797779945
"2004-08-13",2004-08-13,0.015065866290019,71215300,-0.71205343572621,21.559999,0.0148422548628134,21.24,21.559999,6161,-0.994033765265218,-1.25982075591355
"2004-08-16",2004-08-16,-0.00649346041249814,59703500,-0.713923205342237,21.42,0.00840336134453801,21.24,21.559999,6163,-1.00262588384834,-1.29120082591695
"2004-08-17",2004-08-17,0.0042016806722689,57635800,-0.712721202003339,21.51,0.0125523012552303,21.24,21.559999,0,1.49372384937237,-1.27099144071958
"2004-08-18",2004-08-18,0.0330078568107857,61340100,-0.70323874457429,22.219999,0.0360035569758577,21.42,22.219999,6163,2.86828337240995,-1.14660774536406
"2004-08-19",2004-08-19,-0.00945090051534205,57308500,-0.706043405676127,22.01,0.0268059972739664,21.42,22.219999,6166,-1.00398820617248,-1.19193760444359
"2004-08-20",2004-08-20,-0.0177191731031351,58080900,-0.711252073455759,21.620001,0.00925073962762524,21.42,22.219999,0,-1.00737726283931,-1.27791215436487
"2004-08-23",2004-08-23,0.0124883435481803,50437200,-0.70764609015025,21.889999,0.0214709466181336,21.42,22.219999,0,2.32099783178585,-1.21813996823233
"2004-08-24",2004-08-24,-0.0100502060324442,52267600,-0.710584307178631,21.67,0.0115366866635902,21.42,22.219999,0,-1.00415209957248,-1.26675660153566
"2004-08-25",2004-08-25,0.0129211352099676,60583200,-0.706844727879799,21.950001,0.0241458303350418,21.42,22.219999,0,2.09296057344143,-1.20501091959128
"2004-08-26",2004-08-26,-0.00820050076535307,44164900,-0.709248747913188,21.77,0.0160771704180064,21.42,22.219999,0,-1.00340105816535,-1.24456402514574
"2004-08-27",2004-08-27,0.0114836931557189,47383800,-0.705909849749582,22.02,0.0272479564032697,21.42,22.219999,0,1.69482288828338,-1.18976400534003
"2004-08-30",2004-08-30,-0.0190735694822887,43030700,-0.71151919866444,21.6,0.0083333333333333,21.42,22.219999,0,-1.00794626809195,-1.28238588026803
"2004-08-31",2004-08-31,-0.0143518055555556,79067200,-0.715659419031719,21.290001,0,21.290001,22.02,6174,-1.00581884561239,-1.32949586438814
"2004-09-01",2004-09-01,0.00657580993068058,61731300,-0.713789649415693,21.43,0.00653285114325708,21.290001,21.43,6174,-0.997387347156617,-1.29776093623228
"2004-09-02",2004-09-02,0.00933266448903415,71285400,-0.7111185442404,21.629999,0.0157188171853361,0,21.629999,0,2.40611898857673,-1.25297927655706
"2004-09-03",2004-09-03,-0.0730466977830189,172209600,-0.732220380634391,20.049999,0,0,21.629999,6177,-1.02967414724999,-1.39204312692788
"2004-09-07",2004-09-07,-0.00798005027331922,77890100,-0.734357275459098,19.889999,0,19.889999,20.049999,6178,-1.00291837659976,-1.40011372843204
"2004-09-08",2004-09-08,-0.00854700897672233,75333400,-0.73662772621035,19.719999,0,19.719999,19.889999,6179,-1.00309175223985,-1.4086887425302
"2004-09-09",2004-09-09,0.0228195244837487,95633700,-0.730617696160267,20.17,0.022310411502231,19.719999,20.17,6179,-0.991841156888022,-1.30172840197074
"2004-09-10",2004-09-10,0.0198314328210212,67196300,-0.725275459098497,20.57,0.0413223626640739,0,20.57,0,1.85215600617414,-1.20974776453489
"2004-09-13",2004-09-13,0.0111812834224599,81674100,-0.722203686143573,20.799999,0.0519230794193787,0,20.799999,0,1.25653704367009,-1.15810965172509
"2004-09-14",2004-09-14,-0.00144225968472403,52849200,-0.722604340567613,20.77,0.0505537313432834,19.719999,20.799999,6183,-1.00055476651771,-1.16479457822441
"2004-09-15",2004-09-15,-0.0168512277323061,59712200,-0.727278797996661,20.42,0.034280166503428,19.719999,20.799999,0,-1.00646890305887,-1.2439108445365
"2004-09-16",2004-09-16,-0.0151811459353576,57764200,-0.73141901836394,20.110001,0.0193934351370743,19.719999,20.799999,0,-1.00569275548618,-1.31577163221096
"2004-09-17",2004-09-17,0.0238686711154315,93816900,-0.725008347245409,20.59,0.0422535696940262,19.719999,20.799999,0,2.1787563366353,-1.20522196660225
"2004-09-20",2004-09-20,0.0160271976687713,74890500,-0.720601001669449,20.92,0.0387188814531549,20.110001,20.92,6183,-0.993920972644377,-1.20192612371857
"2004-09-21",2004-09-21,0.00764818355640519,59345700,-0.718464106844741,21.08,0.0460151328273244,0,21.08,0,1.18844168788804,-1.1662991181115
"2004-09-22",2004-09-22,-0.0313092979127133,62599600,-0.727278797996661,20.42,0.0151811459353576,20.110001,21.08,6189,-1.01226879821545,-1.31604382101356
"2004-09-23",2004-09-23,-0.00195891283055828,68326100,-0.727813035058431,20.379999,0.0132481851446608,20.110001,21.08,0,-1.0007345698283,-1.32536190745794
"2004-09-24",2004-09-24,-0.0122669289630485,62089700,-0.731151933222037,20.129999,0.000993442672302169,20.110001,21.08,0,-1.00458757675773,-1.38425580252322
"2004-09-27",2004-09-27,-0.0104321416011993,56423800,-0.733956594323873,19.92,0,19.92,20.42,6192,-1.00383594841838,-1.39860044020875
"2004-09-28",2004-09-28,-0.0120481927710844,78060400,-0.737161936560935,19.68,0,19.68,19.92,6193,-1.00436720953507,-1.41070634246498
"2004-09-29",2004-09-29,0.0198170731707317,63569000,-0.731953255425709,20.07,0.0194319880418535,19.68,20.07,6193,-0.992934142585379,-1.3176437268301
"2004-09-30",2004-09-30,-0.000498305929247585,72528600,-0.732086824707846,20.059999,0.018943121582409,19.68,20.07,6195,-1.00018248335006,-1.31999453547737
"2004-10-01",2004-10-01,0.0393819062503443,73823500,-0.721535893155259,20.85,0.0378897362110312,20.059999,20.85,6195,2.00018439654722,-1.20858851875329
"2004-10-04",2004-10-04,0.0134292086330935,74330300,-0.717796340567612,21.129999,0.0506389044315619,0,21.129999,0,1.33648078597124,-1.14631409447306
"2004-10-05",2004-10-05,0.0089920023185992,72053700,-0.715258764607679,21.32,0.0590994840525327,0,21.32,0,1.16707667189769,-1.10477637818123
"2004-10-06",2004-10-06,-0.00891186679174478,57720900,-0.717796340567613,21.129999,0.0506389044315619,20.059999,21.32,6199,-1.00354777331715,-1.14631409447306
"2004-10-07",2004-10-07,0.00520591600595896,74716700,-0.716327212020033,21.24,0.0555556026365347,20.059999,21.32,0,1.09709329734054,-1.12219617233738
"2004-10-08",2004-10-08,-0.0324859227871939,67165500,-0.725542584307179,20.549999,0.0238442833987486,20.059999,21.32,0,-1.01286475249371,-1.2767676628769
"2004-10-11",2004-10-11,0.00291980549488108,49603700,-0.724741222036728,20.610001,0.0266861704664643,20.059999,21.32,0,1.11918525795851,-1.26300787776785
"2004-10-12",2004-10-12,-0.0160116440557185,78499600,-0.729148567612688,20.280001,0.0108482243171486,20.059999,21.32,0,-1.00608126796427,-1.33947007888364
"2004-10-13",2004-10-13,0.0350098108969521,149009700,-0.719666110183639,20.99,0.0443068604097188,20.059999,21.32,0,4.08425002234509,-1.17729061644187
"2004-10-14",2004-10-14,-0.0228680323963791,83884100,-0.726076794657763,20.51,0.0219405655777669,20.059999,21.32,0,-1.00890785933005,-1.28597520390371
"2004-10-15",2004-10-15,0.00487571916138464,69746900,-0.724741222036728,20.610001,0.0266861704664643,20.059999,21.32,0,1.21629364438564,-1.26300787776785
"2004-10-18",2004-10-18,0.00873362403039183,60292700,-0.722337215358931,20.790001,0.035113129624188,20.059999,21.32,0,1.31578000928659,-1.22210160191706
"2004-10-19",2004-10-19,0.000480904257772739,84806900,-0.722203686143573,20.799999,0.0355769247873521,20.059999,21.32,0,1.01320859655998,-1.21984563359703
"2004-10-20",2004-10-20,0.0312500976562547,81351700,-0.713522524207012,21.450001,0.0545454520025431,20.280001,21.450001,6199,1.53316938798304,-1.11541858352539
"2004-10-21",2004-10-21,0.0111888106671882,76560700,-0.71031718196995,21.690001,0.0650069126322309,0,21.690001,0,1.19179345381903,-1.06380194872518
"2004-10-22",2004-10-22,-0.0179807276173016,58136500,-0.715525889816361,21.299999,0.0478872322951753,20.280001,21.690001,6211,-1.00733293235561,-1.14813156625023
"2004-10-25",2004-10-25,0.000469483590116674,60217200,-0.715392333889816,21.309999,0.0483340238542481,20.280001,21.690001,0,1.00933007688393,-1.14593971607764
"2004-10-26",2004-10-26,0.00422341643469797,58924900,-0.714190317195325,21.4,0.0523364018691589,20.280001,21.690001,0,1.08280663796956,-1.12628381383843
"2004-10-27",2004-10-27,0.0280373831775702,63922000,-0.706176961602671,22,0.0318182272727273,21.299999,22,6211,-0.988779803646564,-1.17351188042093
"2004-10-28",2004-10-28,0.0122727272727273,66702100,-0.702570951585977,22.27,0.0435563987427032,0,22.27,0,1.36891343346577,-1.11556014000089
"2004-10-29",2004-10-29,-0.000449034575662237,62332400,-0.702704507512521,22.26,0.0431267295597485,21.299999,22.27,6216,-1.00019009599848,-1.11768732256662
"2004-11-01",2004-11-01,0.00808629829290194,49790900,-0.700300487479132,22.440001,0.00802143458014981,22.26,22.440001,6216,-0.996578903354557,-1.24119314780292
"2004-11-02",2004-11-02,0.00757575723815706,70811600,-0.69803003672788,22.610001,0.015479919704559,0,22.610001,0,1.92981935461598,-1.20444900691022
"2004-11-03",2004-11-03,0.00265364871058614,85151700,-0.697228714524207,22.67,0.0180855756506396,0,22.67,0,1.16832490063325,-1.1915815682969
"2004-11-04",2004-11-04,0.00926329951477723,61146600,-0.69442405342237,22.879999,0.0270978595759555,0,22.879999,0,1.49831335752905,-1.14695145678746
"2004-11-05",2004-11-05,0.0209791093085275,73254400,-0.688013342237062,23.360001,0.0470890818883098,0,23.360001,0,1.73774174880193,-1.04723691691626
"2004-11-08",2004-11-08,-0.00556511106313737,51251300,-0.68974958263773,23.23,0.0417563495479982,22.26,23.360001,6222,-1.00252355629474,-1.07393493750976
"2004-11-09",2004-11-09,-0.00645716745587611,47597700,-0.691752921535893,23.08,0.0355285961871749,22.26,23.360001,0,-1.00290444379901,-1.10502203866145
"2004-11-10",2004-11-10,-0.00953201906412469,88258000,-0.694691138564274,22.860001,0.0262467617564845,22.26,23.360001,0,-1.00424749493194,-1.15117459822879
"2004-11-11",2004-11-11,0.0135607605616466,67583100,-0.690550918196995,23.17,0.0392749244712991,22.26,23.360001,0,1.49637219386105,-1.08633323274641
"2004-11-12",2004-11-12,0.022442857142857,92808700,-0.683605996661102,23.690001,0.0350358786392622,22.860001,23.690001,6222,-0.989942926216034,-1.07611371034732
"2004-11-15",2004-11-15,0.00337690994609923,66704100,-0.682537562604341,23.77,0.0382835086243163,0,23.77,0,1.09269440673923,-1.05981284586622
"2004-11-16",2004-11-16,0.0029448885149348,61415500,-0.681602671118531,23.84,0.0411073406040268,0,23.84,0,1.07376105485579,-1.04561693930883
"2004-11-17",2004-11-17,0.0201342281879195,80856100,-0.675191986644407,24.32,0.060032853618421,0,24.32,0,1.46039254148541,-0.949927459791087
"2004-11-18",2004-11-18,0.0197368009868421,66373900,-0.668781315525876,24.799999,0.0782257289607149,0,24.799999,0,1.30304865162551,-0.857005048833648
"2004-11-19",2004-11-19,-0.0258064123309037,80311000,-0.677328881469115,24.16,0.0538079056291391,22.860001,24.799999,6231,-1.01278080853159,-0.981508378239582
"2004-11-22",2004-11-22,-0.00248344370860922,58668000,-0.67813021702838,24.1,0.0514522406639004,22.860001,24.799999,0,-1.00118308192842,-0.993431704033199
"2004-11-23",2004-11-23,-0.0302904149377595,92066600,-0.687879786310517,23.370001,0.0218228488736478,22.860001,24.799999,0,-1.01437713441654,-1.14215774276391
"2004-11-24",2004-11-24,0.0102695759405403,52012100,-0.684674444073456,23.610001,0.0317661994169335,22.860001,24.799999,0,1.4556394355685,-1.09249790059303
"2004-11-26",2004-11-26,-0.0169420577322297,23031100,-0.690016707846411,23.209999,0.0150796215027842,22.860001,24.799999,0,-1.0078026335278,-1.17569619411648
"2004-11-29",2004-11-29,-0.00646273185966094,66808800,-0.692020046744574,23.059999,0.00867294053221779,22.860001,24.799999,0,-1.00290331940572,-1.20745906714971
"2004-11-30",2004-11-30,-0.0294882926924671,88946000,-0.701101849749583,22.379999,0,22.379999,24.16,6237,-1.01312361260014,-1.27451499252359
"2004-12-01",2004-12-01,0.0321716278897063,84149400,-0.691485809682804,23.1,0.0311688744588745,22.379999,23.1,6237,-0.986284389250702,-1.1204789638376
"2004-12-02",2004-12-02,-0.0168831601731602,109438600,-0.696694504173623,22.709999,0.0145310442329829,22.379999,23.1,6239,-1.00753261226461,-1.20298868457849
"2004-12-03",2004-12-03,0.0528402048806783,142326300,-0.680667779632721,23.91,0.0501882475951485,22.709999,23.91,6239,3.45386379605328,-1.00778937881375
"2004-12-06",2004-12-06,0.00418235048097036,63400700,-0.679332220367279,24.01,0.0541441482715536,0,24.01,0,1.07882125529299,-0.987804649536444
"2004-12-07",2004-12-07,-0.0220741357767597,68931000,-0.686410684474123,23.48,0.0327939097103919,22.709999,24.01,6242,-1.01041973852354,-1.095173869519
"2004-12-08",2004-12-08,-0.0200170357751277,78960300,-0.692687813021703,23.01,0.0130378531073447,22.709999,24.01,0,-1.00914485844927,-1.19349572457959
"2004-12-09",2004-12-09,-0.0108648413733159,112089700,-0.696026711185309,22.76,0.00219688049209144,22.709999,24.01,0,-1.00482020630483,-1.24705010877922
"2004-12-10",2004-12-10,-0.00878739015817225,73460100,-0.698697843071786,22.559999,0,22.559999,23.48,6245,-1.00383768588698,-1.26543556583142
"2004-12-13",2004-12-13,0.00310283701696974,57206500,-0.697762951585976,22.629999,0.00309323919987803,22.559999,22.629999,6245,-0.998661951664686,-1.25022216496818
"2004-12-14",2004-12-14,0.0269554143594967,76379900,-0.689616026711185,23.24,0.0292599397590361,0,23.24,0,9.45932010695773,-1.12062683166573
"2004-12-15",2004-12-15,-0.00430296901893283,64347800,-0.69095159933222,23.139999,0.0250648239008134,22.559999,23.24,6248,-1.0019366902295,-1.14151507672282
"2004-12-16",2004-12-16,-0.0116680212475377,63974700,-0.694557582637729,22.870001,0.0135549622407098,22.559999,23.24,0,-1.00521886527073,-1.19860443821385
"2004-12-17",2004-12-17,-0.00437258398021053,93531700,-0.695893155258764,22.77,0.00922270531400959,22.559999,23.24,0,-1.00192291129551,-1.22001063619064
"2004-12-20",2004-12-20,-0.00307417654808956,50719500,-0.696828033388982,22.700001,0.00616748871508854,22.559999,23.24,0,-1.00134342193647,-1.23508038326025
"2004-12-21",2004-12-21,0.0348017165285587,67182000,-0.686277128547579,23.49,0.0336312899106002,22.700001,23.49,6248,5.45299577578835,-1.09150684834678
"2004-12-22",2004-12-22,-0.0017028097062579,55746800,-0.686811338898164,23.450001,0.0319829410668255,22.700001,23.49,6253,-1.00077841782621,-1.09974991455352
"2004-12-23",2004-12-23,0.00383795292801906,35032100,-0.685609335559265,23.540001,0.00382327936179783,23.450001,23.540001,6253,-0.99824987842975,-1.20156331016038
"2004-12-27",2004-12-27,-0.00722174990561817,38878600,-0.687879786310517,23.370001,0,0,23.540001,6255,-1.00331158085734,-1.22457804483411
"2004-12-28",2004-12-28,-0.00385109097770256,41466900,-0.689081789649416,23.280001,0,23.280001,23.370001,6256,-1.00174740319867,-1.22911775818019
"2004-12-29",2004-12-29,-0.00128870269378419,48375600,-0.689482470784641,23.25,0,23.25,23.280001,6257,-1.00058147108405,-1.23063104640348
"2004-12-30",2004-12-30,0,32584800,-0.689482470784641,23.25,0,23.25,23.25,6257,-1,-1.23063104640348
"2004-12-31",2004-12-31,0.00602146236559138,31951800,-0.687612701168614,23.389999,0.00598542137603342,0,23.389999,0,-0.997288154963681,-1.20096364513369
"2005-01-03",2005-01-03,-0.0136810181137673,64246900,-0.691886477462437,23.07,0,0,23.389999,6260,-1.00621538300058,-1.23971047309566
"2005-01-04",2005-01-04,-0.0199392717815345,93729100,-0.69803003672788,22.610001,0,22.610001,23.07,6261,-1.00887943248721,-1.26291340197885
"2005-01-05",2005-01-05,-0.00973029589870433,73848800,-0.700968293823038,22.389999,0,22.389999,22.610001,6262,-1.00420935624623,-1.27401057992959
"2005-01-06",2005-01-06,0.00312639585200519,63440900,-0.700033402337229,22.459999,0.00311665196423205,22.389999,22.459999,6262,-0.998666285630822,-1.25870875398851
"2005-01-07",2005-01-07,0.01513802382627,82523000,-0.695492500834725,22.799999,0.0179824569290551,0,22.799999,0,5.76979949491601,-1.1854137127001
"2005-01-10",2005-01-10,0.00350877208371816,65393900,-0.694424053422371,22.879999,0.0214160848521017,0,22.879999,0,1.19094320295569,-1.16841032275616
"2005-01-11",2005-01-11,-0.0148600530970304,114083400,-0.698964928213689,22.540001,0.00665492428327752,22.389999,22.879999,6266,-1.00653905170614,-1.24131004332718
"2005-01-12",2005-01-12,0.0275066092499286,143219700,-0.690684474123539,23.16,0.0267702504317789,22.540001,23.16,6266,4.02262284171244,-1.13406516442346
"2005-01-13",2005-01-13,-0.0146804835924007,73856600,-0.695225375626043,22.82,0.0122698948290972,22.540001,23.16,6268,-1.00657449482742,-1.2059799804721
"2005-01-14",2005-01-14,0.00876424189307622,65148200,-0.692554257095159,23.02,0.020851390095569,22.540001,23.16,0,1.69939436205446,-1.16348122911167
"2005-01-18",2005-01-18,-0.00347519548218944,63728200,-0.69362269115192,22.940001,0.0174367908702358,22.540001,23.16,0,-1.00154274419053,-1.18041270123249
"2005-01-19",2005-01-19,-0.0148213158316775,71776900,-0.698163606010017,22.6,0.00265482300884956,22.540001,23.16,0,-1.00654666422541,-1.25339115788715
"2005-01-20",2005-01-20,-0.000884955752212528,68547100,-0.698430717863105,22.58,0.00177143489813991,22.540001,23.16,0,-1.00038259206121,-1.25773635383736
"2005-01-21",2005-01-21,-0.00708591674047815,80971200,-0.700567612687813,22.42,0,22.42,23.02,6273,-1.00305956592408,-1.2724972917063
"2005-01-24",2005-01-24,-0.0191793041926852,83759500,-0.706310517529215,21.99,0,21.99,22.42,6274,-1.00819750262129,-1.29418703324872
"2005-01-25",2005-01-25,0.0122783083219647,94826800,-0.702704507512521,22.26,0.0121293800539085,21.99,22.26,6274,-0.994894582584854,-1.23475778043574
"2005-01-26",2005-01-26,0.00718778077268644,69891500,-0.700567612687813,22.42,0.0191793041926852,0,22.42,0,1.58122707899692,-1.20006110089502
"2005-01-27",2005-01-27,-0.00490637823371991,78986900,-0.702036741235392,22.309999,0.0143432996119813,21.99,22.42,6277,-1.00209705461824,-1.22387426021417
"2005-01-28",2005-01-28,-0.00313756177219025,76572300,-0.702971619365609,22.24,0.0112410071942446,21.99,22.42,0,-1.0013316655316,-1.23912180273246
"2005-01-31",2005-01-31,0.00944249100719433,60540400,-0.700166931552588,22.450001,0.00935416439402392,22.24,22.450001,6277,-0.996010240334378,-1.23565529551121
"2005-02-01",2005-02-01,0.0080177279279409,67031800,-0.697762951585977,22.629999,0.0172337170673319,0,22.629999,0,1.84235772875041,-1.19681655949475
"2005-02-02",2005-02-02,-0.00220941238221015,73565400,-0.698430717863105,22.58,0.0150575730735164,22.24,22.629999,6281,-1.0009570102219,-1.20755740936952
"2005-02-03",2005-02-03,-0.00885744021257736,60735900,-0.701101849749583,22.379999,0.0062555409408197,22.24,22.629999,0,-1.00382447652739,-1.25088913244731
"2005-02-04",2005-02-04,0.0277033524442963,67594800,-0.692821368948247,23,0.0269565652173912,22.379999,23,6281,4.30923008456227,-1.14143209423932
"2005-02-07",2005-02-07,-0.00391304347826086,53757300,-0.694023372287145,22.91,0.0231340462680052,22.379999,23,6284,-1.00173493975904,-1.16040865624351
"2005-02-08",2005-02-08,0.0218245307725884,85233700,-0.687345575959933,23.41,0.0213583938487826,22.91,23.41,6284,-0.990378139132108,-1.14189429159628
"2005-02-09",2005-02-09,-0.00469888936351988,69909500,-0.688814704507513,23.299999,0.0167381552248135,22.91,23.41,6286,-1.00213739434567,-1.16489254835924
"2005-02-10",2005-02-10,0.00858373427398003,74162700,-0.686143572621035,23.5,0.00851068085106388,23.299999,23.5,6286,-0.996122132891476,-1.18587768319924
"2005-02-11",2005-02-11,0.0285106382978724,101956900,-0.677195325542571,24.17,0.0359950765411668,0,24.17,0,4.22940034658535,-1.04827926790587
"2005-02-14",2005-02-14,0.00579226313611914,59197400,-0.675325555926544,24.309999,0.0415466903145493,0,24.309999,0,1.15423258697709,-1.020250266547
"2005-02-15",2005-02-15,0.00658165391121572,80599700,-0.673188661101836,24.469999,0.0478136513205416,0,24.469999,0,1.150841401771,-0.988510673786631
"2005-02-16",2005-02-16,-0.0134859016545118,85307400,-0.677596006677796,24.139999,0.0347970188399759,23.299999,24.469999,6291,-1.00654696941678,-1.05431736763298
"2005-02-17",2005-02-17,-0.0211267614385567,80239800,-0.684407358931553,23.629999,0.0139652989405544,23.299999,24.469999,0,-1.01005223198872,-1.15871942669522
"2005-02-18",2005-02-18,0.0165044865215609,58126700,-0.679198664440735,24.02,0.02997506244796,23.299999,24.469999,0,2.14639604748554,-1.07858178161493
"2005-02-22",2005-02-22,-0.0108243130724396,80059700,-0.682671118530885,23.76,0.0193603114478115,23.299999,24.469999,0,-1.00511257496805,-1.13178618703375
"2005-02-23",2005-02-23,-0.018939436026936,92071900,-0.688681148580968,23.309999,0.000429000447404682,23.299999,24.469999,0,-1.00880369754475,-1.22598437698224
"2005-02-24",2005-02-24,0.0167311032488675,78619300,-0.683472440734558,23.700001,0.0168777208068472,23.299999,24.469999,0,39.3419655129783,-1.14418883391978
"2005-02-25",2005-02-25,0.0164556533141074,73552200,-0.678263772954925,24.09,0.0327937318389373,23.299999,24.469999,0,1.94301897834647,-1.06440537306741
"2005-02-28",2005-02-28,-0.00415110004151106,78925000,-0.679599332220367,23.99,0.0287620258441017,23.299999,24.469999,0,-1.00196908535985,-1.08467640306007
"2005-03-01",2005-03-01,0.0262609837432263,84308400,-0.671185295492488,24.620001,0.0532088524285599,23.309999,24.620001,6291,1.84996886926418,-0.960567846190541
"2005-03-02",2005-03-02,-0.00406177887645085,78910100,-0.672520868113523,24.52,0.0493475122349102,23.309999,24.620001,6300,-1.00198987169416,-0.980195490889854
"2005-03-03",2005-03-03,-0.000815660685154958,85790700,-0.672787979966611,24.5,0.048571469387755,23.309999,24.620001,0,-1.00039718002184,-0.984135266397526
"2005-03-04",2005-03-04,0.00734693877551019,66040200,-0.670383973288815,24.68,0.00729335494327388,24.5,24.68,6300,-0.996426799007444,-1.13095458056637
"2005-03-07",2005-03-07,0.0174230551053485,88515000,-0.66464105509182,25.110001,0.0242931491719176,0,25.110001,0,3.3308606753496,-1.04506014767772
"2005-03-08",2005-03-08,-0.0123457581702207,55791600,-0.668781315525876,24.799999,0.0120967343587393,24.5,25.110001,6304,-1.0062293179188,-1.10676032791064
"2005-03-09",2005-03-09,0.00161294361342515,64168700,-0.668247078464107,24.84,0.0136876006441223,24.5,25.110001,0,1.1315120459956,-1.09873426033272
"2005-03-10",2005-03-10,0.000402576489533074,81906000,-0.668113522537563,24.85,0.0140845070422536,24.5,25.110001,0,1.02899751449877,-1.09673081590208
"2005-03-11",2005-03-11,-0.0261569014084507,114213100,-0.676794644407346,24.200001,0,24.200001,24.85,6307,-1.01299348325837,-1.18271179953129
"2005-03-14",2005-03-14,0.00289252054163135,45827400,-0.675859766277129,24.27,0.00288417799752783,24.200001,24.27,6307,-0.998618667954981,-1.16828802922091
"2005-03-15",2005-03-15,-0.0160692624639472,47097500,-0.681068460767947,23.879999,0,0,24.27,6309,-1.00770676810592,-1.19885310342212
"2005-03-16",2005-03-16,-0.0142377727905266,59791000,-0.685609335559265,23.540001,0,23.540001,23.879999,6310,-1.00666728097525,-1.21600303073594
"2005-03-17",2005-03-17,-0.00552255711458976,49047800,-0.687345575959933,23.41,0,23.41,23.540001,6311,-1.00253240484138,-1.22256044489933
"2005-03-18",2005-03-18,0,62777800,-0.687345575959933,23.41,0,23.41,23.41,6311,-1,-1.22256044489933
"2005-03-21",2005-03-21,0.00384451089278086,39608900,-0.686143572621035,23.5,0.00382978723404259,0,23.5,0,-0.998251238705917,-1.20355643211543
"2005-03-22",2005-03-22,-0.0204255319148936,49092300,-0.692554257095159,23.02,0,0,23.5,6314,-1.00934306569343,-1.24223253606571
"2005-03-23",2005-03-23,0.0160729365768897,54286400,-0.687612701168614,23.389999,0.015818683874249,23.02,23.389999,6314,-0.992864738212323,-1.16382548456946
"2005-03-24",2005-03-24,-0.00897815344070771,34664000,-0.690417362270451,23.18,0.00690250215703192,23.02,23.389999,6316,-1.00407883841743,-1.20809263828788
"2005-03-28",2005-03-28,0.00517683347713546,42922000,-0.688814704507513,23.299999,0.0120171249792758,23.02,23.389999,0,1.74098098137258,-1.18272288486446
"2005-03-29",2005-03-29,-0.0064377255981857,53920200,-0.690818030050083,23.15,0.00561555075593945,23.02,23.389999,0,-1.00290836640023,-1.21446642034815
"2005-03-30",2005-03-30,0.0146868250539957,62360100,-0.686277128547579,23.49,0.0144742443593018,23.15,23.49,6316,2.57752889936801,-1.16385897295949
"2005-03-31",2005-03-31,-0.0110685398041719,41543800,-0.68974958263773,23.23,0.00344382264313392,23.15,23.49,6320,-1.00505984236645,-1.21863327908991
"2005-04-01",2005-04-01,-0.00947051226861812,68253800,-0.692687813021703,23.01,0,23.01,23.23,6321,-1.00425985090522,-1.24273694865972
"2005-04-04",2005-04-04,-0.00347674923946118,60426700,-0.693756260434057,22.93,0,22.93,23.01,6322,-1.00154246601755,-1.2467722494118
"2005-04-05",2005-04-05,0.00872215438290457,48086400,-0.691085155258765,23.129999,0.00864673621473144,22.93,23.129999,6322,-0.996149793050342,-1.20402714717747
"2005-04-06",2005-04-06,-0.00345871177945152,53942200,-0.692153602671119,23.049999,0.00520603059462177,22.93,23.129999,6324,-1.00154604306607,-1.22105726809194
"2005-04-07",2005-04-07,0.0156182653196645,53264800,-0.687345575959933,23.41,0.0153780862879112,23.049999,23.41,6324,2.9538985621402,-1.16448065318883
"2005-04-08",2005-04-08,-0.00512597180692012,45961000,-0.688948233722872,23.290001,0.0103049372990581,23.049999,23.41,6326,-1.00233166229476,-1.18969376868216
"2005-04-11",2005-04-11,-0.00729926975958488,41972300,-0.691218684474124,23.120001,0.00302776803513105,23.049999,23.41,0,-1.00329553171068,-1.22575311777351
"2005-04-12",2005-04-12,0.0043251728233058,84545900,-0.689883151919866,23.219999,0.00732127507843572,23.049999,23.41,0,2.41804358639344,-1.2044934212654
"2005-04-13",2005-04-13,-0.0172264865299952,54061100,-0.695225375626043,22.82,0,22.82,23.290001,6329,-1.00774366454857,-1.2523207879459
"2005-04-14",2005-04-14,-0.0144609991235759,68014000,-0.699632721202003,22.49,0,22.49,22.82,6330,-1.00633944866007,-1.26896640354823
"2005-04-15",2005-04-15,-0.0164517118719431,92484400,-0.704574277128548,22.120001,0,22.120001,22.49,6331,-1.00706307148993,-1.28762961908533
"2005-04-18",2005-04-18,0.00406862549418517,53761600,-0.703372300500835,22.209999,0.00405213885871858,22.120001,22.209999,6331,-0.998294038447428,-1.26778593194757
"2005-04-19",2005-04-19,0.0189104015718327,83774200,-0.697762951585977,22.629999,0.0225363686494199,0,22.629999,0,5.56159831515414,-1.17678956175036
"2005-04-20",2005-04-20,0.00132571813193622,110176600,-0.697362270450751,22.66,0.0238304942630186,0,22.66,0,1.05742387488111,-1.17038863375982
"2005-04-21",2005-04-21,0.0308914827890556,87063100,-0.688013342237062,23.360001,0.053082189508468,0,23.360001,0,2.22749007731844,-1.02460221219679
"2005-04-22",2005-04-22,-0.00513702888968207,65435600,-0.689616026711185,23.24,0.0481927280550775,22.120001,23.360001,6336,-1.00232943807298,-1.0491216794546
"2005-04-25",2005-04-25,0.00731497418244414,53857700,-0.687345575959933,23.41,0.00726185390858614,23.24,23.41,6336,-0.996707659533262,-1.19513395277629
"2005-04-26",2005-04-26,-0.00384451089278086,71256500,-0.688547579298831,23.32,0.00343053173241858,23.24,23.41,6338,-1.00174876129408,-1.21414376271317
"2005-04-27",2005-04-27,0.00814751286449405,56785200,-0.686010016694491,23.51,0.00808166737558491,23.32,23.51,6338,2.35580603998296,-1.18699356410796
"2005-04-28",2005-04-28,-0.0136111867290516,57393400,-0.690283792988314,23.190001,0,0,23.51,6340,-1.00622990363088,-1.23365747152628
"2005-04-29",2005-04-29,0.0142302279331511,55078900,-0.685876460767947,23.52,0.0140305697278912,23.190001,23.52,6340,-0.993615188035507,-1.16402140077701
"2005-05-02",2005-05-02,0.00127546768707483,41187800,-0.685475806343907,23.549999,0.0152865399272416,0,23.549999,0,1.08951669274368,-1.15776467862917
"2005-05-03",2005-05-03,0.0118896395706853,67738300,-0.681736227045075,23.83,0.0268568610994544,0,23.83,0,1.75689601618701,-1.09994241038206
"2005-05-04",2005-05-04,0.0117499370541335,62027600,-0.677996647746244,24.110001,0.0381584388984473,0,24.110001,0,1.42080784337163,-1.04313512923075
"2005-05-05",2005-05-05,0.00622144312644371,64257800,-0.675993322203673,24.26,0.0441054822753505,0,24.26,0,1.15585132800454,-1.01310826098333
"2005-05-06",2005-05-06,0.0094806265457542,54715400,-0.672921535893155,24.49,0.0530828501429155,0,24.49,0,1.20354312898155,-0.967601144437829
"2005-05-09",2005-05-09,0.0126581870151083,57982700,-0.668781315525876,24.799999,0.0649192768112612,0,24.799999,0,1.22298024006771,-0.907260714901376
"2005-05-10",2005-05-10,-0.00524189537265699,59638900,-0.670517529215359,24.67,0.0599918524523714,23.190001,24.799999,6348,-1.00259608581935,-0.932427871765871
"2005-05-11",2005-05-11,0.00405350628293465,58065800,-0.669181969949917,24.77,0.0637867985466291,23.190001,24.799999,0,1.06325769148853,-0.913051034031828
"2005-05-12",2005-05-12,0.00282599919257167,82029500,-0.668247078464107,24.84,0.00684380032206111,24.67,24.84,6348,-0.998602933838938,-1.12458185214432
"2005-05-13",2005-05-13,0.0112721819645732,67874000,-0.664507499165276,25.120001,0.0179140518346316,0,25.120001,0,2.6175591033662,-1.06864824163583
"2005-05-16",2005-05-16,0.00835983246975189,45569200,-0.661702838063439,25.33,0.0260560600078956,0,25.33,0,1.45450399766757,-1.02730497827274
"2005-05-17",2005-05-17,0.0146072246348205,62302100,-0.65676125542571,25.700001,0.0400778583627291,0,25.700001,0,1.5381396247393,-0.955684283892797
"2005-05-18",2005-05-18,0.0089493770836818,68753500,-0.653689482470785,25.93,0.0485923640570767,0,25.93,0,1.21244911884478,-0.911925350690652
"2005-05-19",2005-05-19,0.00308522946394145,51994800,-0.652621035058431,26.01,0.051518646674356,0,26.01,0,1.06022103830639,-0.896838097067738
"2005-05-20",2005-05-20,0.0130718954248366,53930700,-0.648080133555927,26.35,0.0637571157495256,0,26.35,0,1.23755416466057,-0.833465949848704
"2005-05-23",2005-05-23,0.0056925996204933,65404500,-0.646076794657763,26.5,0.0690566037735848,0,26.5,0,1.08311994609164,-0.805884711286274
"2005-05-24",2005-05-24,0.0173584528301887,76674100,-0.639933235392321,26.959999,0.0849406188776193,0,26.959999,0,1.2300144263699,-0.722691204154479
"2005-05-25",2005-05-25,0.00148371667224469,81197900,-0.639398998330551,27,0.0862962962962962,0,27,0,1.01596029598784,-0.715553395371258
"2005-05-26",2005-05-26,0.0137037407407407,59779000,-0.634457415692822,27.370001,0.0986481878462481,0,27.370001,0,1.1431335072312,-0.650239587140064
"2005-05-27",2005-05-27,0.000730653974035334,49826600,-0.634190330550918,27.389999,0.099306283289751,0,27.389999,0,1.00667113565764,-0.646745375006709
"2005-05-31",2005-05-31,-0.0156991608506448,62666000,-0.639933235392321,26.959999,0.0849406188776193,24.67,27.389999,6362,-1.00905549101705,-0.722691204154479
"2005-06-01",2005-06-01,0.0122404307210842,77530200,-0.635525863105175,27.290001,0.0960058960789337,24.67,27.389999,0,1.13027073910607,-0.664254267160199
"2005-06-02",2005-06-02,0.0109930006964822,54343400,-0.631519198664441,27.59,0.0228343965204785,26.959999,27.59,6362,-0.993695513159515,-0.925475276206424
"2005-06-03",2005-06-03,-0.00942370424066697,55343100,-0.634991652754591,27.33,0.013538272960117,26.959999,27.59,6365,-1.00549857248599,-0.97369950362307
"2005-06-06",2005-06-06,-0.0058543724844492,47224400,-0.637128547579299,27.17,0.00772914979757089,26.959999,27.59,0,-1.00336523293722,-1.00370993931625
"2005-06-07",2005-06-07,-0.0114096061832904,60604200,-0.641268767946578,26.860001,0,26.860001,27.33,6367,-1.00649824965936,-1.04853804952468
"2005-06-08",2005-06-08,0.00893518209474382,42500000,-0.638063439065109,27.1,0.00885605166051662,26.860001,27.1,6367,-0.995001582734595,-1.00298475657885
"2005-06-09",2005-06-09,0.022140258302583,76005400,-0.630050070116862,27.700001,0.0303249086525303,0,27.700001,0,3.42420186952267,-0.891636601176818
"2005-06-10",2005-06-10,-0.0259928149461078,74824000,-0.63966611018364,26.98,0.00444770200148259,26.860001,27.700001,6370,-1.01526234266587,-1.0256871155195
"2005-06-13",2005-06-13,0.000741289844329117,49858500,-0.639398998330551,27,0.00518514814814808,26.860001,27.700001,0,1.16580385700743,-1.02189311161716
"2005-06-14",2005-06-14,-0.0111110740740741,37499600,-0.643405662771286,26.700001,0,26.700001,27,6372,-1.00626629765013,-1.05660865102884
"2005-06-15",2005-06-15,0.00898876370828594,60011300,-0.640200320534224,26.940001,0.00890868563813341,26.700001,26.940001,6372,-0.995018162844176,-1.01085652019839
"2005-06-16",2005-06-16,0.00668151422860006,51069500,-0.637796313856428,27.120001,0.0154867250926723,0,27.120001,0,1.7383849561805,-0.976933224494801
"2005-06-17",2005-06-17,0,58919300,-0.637796313856428,27.120001,0.0154867250926723,0,27.120001,0,-1,-0.976933224494801
"2005-06-20",2005-06-20,-0.0081121309693167,35186800,-0.640734557595994,26.9,0.00743490706319694,26.700001,27.120001,6376,-1.00460686848721,-1.01844037216461
"2005-06-21",2005-06-21,0.0104089219330855,48227300,-0.636994991652755,27.18,0.0103016924208977,26.9,27.18,6376,1.38558455853355,-0.993489575274717
"2005-06-22",2005-06-22,-0.00257538631346576,32816100,-0.637929869782972,27.110001,0.00774625570836396,26.9,27.18,6378,-1.0014676381172,-1.00667175901824
"2005-06-23",2005-06-23,-0.0125415340265019,61673000,-0.642470784641069,26.77,0,26.77,27.110001,6379,-1.00711820385467,-1.05307781331203
"2005-06-24",2005-06-24,-0.0250280164363092,63600500,-0.651419031719533,26.1,0,26.1,26.77,6380,-1.01392786612618,-1.08687345711069
"2005-06-27",2005-06-27,-0.00919536398467437,47178400,-0.654624360601002,25.860001,0,25.860001,26.1,6381,-1.00492053305997,-1.09897930892566
"2005-06-28",2005-06-28,0.0181747479437452,55753700,-0.648347245409015,26.33,0.017850322825674,25.860001,26.33,6381,-0.990411118849559,-1.00785505924089
"2005-06-29",2005-06-29,-0.0030383592859855,33784300,-0.649415692821369,26.25,0.0148571047619047,25.860001,26.33,6383,-1.0016479555052,-1.02319511394174
"2005-06-30",2005-06-30,-0.00876190476190478,45129600,-0.652487479131887,26.02,0.00614907763259032,25.860001,26.33,0,-1.00473007712082,-1.06768498726959
"2005-07-01",2005-07-01,0.0073020368946964,30414000,-0.649949929883139,26.209999,0.0133536060035714,25.860001,26.33,0,2.17164374910423,-1.03089121277854
"2005-07-05",2005-07-05,0.0179321258272463,42739100,-0.643672787979967,26.68,0.0247376311844077,26.02,26.68,6383,1.85250569604882,-0.964188705951675
"2005-07-06",2005-07-06,-0.00674662668665666,45479700,-0.646076794657763,26.5,0.0181132075471698,26.02,26.68,6387,-1.00373482726424,-0.998287184940061
"2005-07-07",2005-07-07,0.00226411320754722,45597400,-0.64527547245409,26.559999,0.0203312884160878,26.02,26.68,0,1.12245654797151,-0.986883535730213
"2005-07-08",2005-07-08,0.0271085100567962,45807100,-0.63565941903172,27.280001,0.0285924109753515,26.5,27.280001,6387,1.4063255800713,-0.9193652088106
"2005-07-11",2005-07-11,0.0153958938637869,45578400,-0.630050070116862,27.700001,0.0433213341761252,0,27.700001,0,1.51513400578465,-0.84255184035162
"2005-07-12",2005-07-12,0.0018050179853784,40837400,-0.629382303839733,27.75,0.045045045045045,0,27.75,0,1.03978896083653,-0.833519735060854
"2005-07-13",2005-07-13,-0.00576576576576577,44086700,-0.631519198664441,27.59,0.0395070677781805,26.5,27.75,6392,-1.00339522546419,-0.862506109837125
"2005-07-14",2005-07-14,0.0105110184849584,68554200,-0.627646090150251,27.879999,0.0104016861693575,27.59,27.879999,6392,-0.993866997990906,-0.957803088816276
"2005-07-15",2005-07-15,0.0150645629506657,43558000,-0.622036741235392,28.299999,0.0250883047734384,0,28.299999,0,2.41194594462447,-0.881149495905327
"2005-07-18",2005-07-18,-0.00247346298492799,36667600,-0.62297161936561,28.23,0.0226709174636911,27.59,28.299999,6395,-1.00150293072457,-0.893810296141861
"2005-07-19",2005-07-19,0.0170031526744598,90418200,-0.616560948247079,28.709999,0.0167188790219045,28.23,28.709999,6395,-0.989709529424376,-0.892078137156781
"2005-07-20",2005-07-20,-0.0442353899071888,125881500,-0.633522524207012,27.440001,0,0,28.709999,6397,-1.02750997449345,-1.01928211907212
"2005-07-21",2005-07-21,-0.0149416904175769,62008800,-0.638998317195326,27.030001,0,27.030001,27.440001,6398,-1.00864340694937,-1.03996303542652
"2005-07-22",2005-07-22,-0.0103588971380356,54527900,-0.642737896494157,26.75,0,26.75,27.030001,6399,-1.00585225218627,-1.05408663850005
"2005-07-25",2005-07-25,-0.00859813084112151,49767600,-0.645809682804675,26.52,0,26.52,26.75,6400,-1.00477922077922,-1.06568812816228
"2005-07-26",2005-07-26,0.0139516968325792,51978200,-0.64086812687813,26.889999,0.0137597253164643,26.52,26.889999,6400,-0.992348278357977,-0.995057329311369
"2005-07-27",2005-07-27,0.00632205304284324,48199200,-0.638597676126878,27.059999,0.0199556178845388,0,27.059999,0,1.45029187905814,-0.963081734472719
"2005-07-28",2005-07-28,0.0103474135383375,54438300,-0.634858096828047,27.34,0.0299926847110461,0,27.34,0,1.50296948381056,-0.911050244829051
"2005-07-29",2005-07-29,-0.00731532553035846,41287900,-0.637529228714524,27.139999,0.022844473944159,26.52,27.34,6404,-1.00420744714421,-0.948135833072221
"2005-08-01",2005-08-01,-0.00110530586239149,34737200,-0.637929869782972,27.110001,0.0217632230998442,26.52,27.34,0,-1.00062842776519,-0.953732626588613
"2005-08-02",2005-08-02,0.0165989665585037,40887400,-0.631919879799666,27.559999,0.0163279396345406,27.110001,27.559999,6404,-0.990578917420264,-0.951562081162134
"2005-08-03",2005-08-03,0.00290275772506372,32677200,-0.630851432387312,27.639999,0.0191750368731923,0,27.639999,0,1.17436965730991,-0.936773894029751
"2005-08-04",2005-08-04,-0.0227930181907748,45198700,-0.639265442404007,27.01,0,0,27.639999,6408,-1.01333754602863,-1.0409719110558
"2005-08-05",2005-08-05,-0.00888559792669389,46185700,-0.642470784641069,26.77,0,26.77,27.01,6409,-1.00501410216233,-1.05307781331203
"2005-08-08",2005-08-08,-0.00224135225999252,27948300,-0.643272133555927,26.709999,0,26.709999,26.77,6410,-1.00124729238125,-1.05610433931735
"2005-08-09",2005-08-09,0.00711347836441322,46902400,-0.640734557595994,26.9,0.0070632342007434,26.709999,26.9,6410,-0.996055206144395,-1.01984410225375
"2005-08-10",2005-08-10,-0.000743531598512902,61089200,-0.641001682804675,26.879999,0.00632440499718778,26.709999,26.9,6412,-1.00041690463783,-1.02364338011181
"2005-08-11",2005-08-11,-0.0022321057378016,58664800,-0.641803005008347,26.82,0.00410145413870244,26.709999,26.9,0,-1.00125010936035,-1.03506542224614
"2005-08-12",2005-08-12,-0.019015697240865,63074500,-0.648614370617696,26.309999,0,26.309999,26.879999,6414,-1.01061286026428,-1.07628084307774
"2005-08-15",2005-08-15,0.00836191593925934,34077200,-0.645676113522538,26.530001,0.00829257413145201,26.309999,26.530001,6414,-0.995469947586329,-1.03386435989738
"2005-08-16",2005-08-16,-0.0199774210336441,57319000,-0.652754590984975,26,0,0,26.530001,6416,-1.01096289194256,-1.09191758305079
"2005-08-17",2005-08-17,0.00346153846153846,46718500,-0.651552587646077,26.09,0.00344959754695284,26,26.09,6416,-0.998158567774936,-1.07434946660817
"2005-08-18",2005-08-18,-0.00804909927175156,37985700,-0.654357275459099,25.879999,0,0,26.09,6418,-1.00430462232244,-1.09797058462016
"2005-08-19",2005-08-19,-0.0088871332645725,38310800,-0.657429048414023,25.65,0,25.65,25.879999,6419,-1.00469433606094,-1.10957202384113
"2005-08-22",2005-08-22,0.015984366471735,39766100,-0.651953268781302,26.059999,0.0157328862522214,25.65,26.059999,6419,-0.991670919248349,-1.02947136150948
"2005-08-23",2005-08-23,-0.0130468155428555,46010000,-0.656494170283807,25.719999,0.00272157864391842,25.65,26.059999,6421,-1.00696507206873,-1.09576235702926
"2005-08-24",2005-08-24,-0.00738716980510002,47565800,-0.659031706176962,25.530001,0,25.530001,25.719999,6422,-1.00386528320893,-1.11562492452799
"2005-08-25",2005-08-25,-0.00274195053889731,31624200,-0.659966624373957,25.459999,0,25.459999,25.530001,6423,-1.00141862400281,-1.11915591356858
"2005-08-26",2005-08-26,-0.00196382568593187,37205900,-0.660634390651085,25.41,0,25.41,25.459999,6424,-1.00101181825333,-1.12167792609737
"2005-08-29",2005-08-29,0.0125934671389217,37652200,-0.65636060100167,25.73,0.0124368441507967,25.41,25.73,6424,-0.993530779338927,-1.0585653832038
"2005-08-30",2005-08-30,-0.00621842207539837,41536900,-0.658497495826378,25.57,0.00625733281188889,25.41,25.73,6426,-1.00325567199105,-1.08997469699744
"2005-08-31",2005-08-31,0.00586621040281584,41497200,-0.656494170283807,25.719999,0.0120528387267823,25.41,25.73,0,1.92619428902391,-1.06052015381473
"2005-09-01",2005-09-01,-0.0178848762785722,49495400,-0.662637729549249,25.26,0,25.26,25.719999,6428,-1.00935813224783,-1.12924411500751
"2005-09-02",2005-09-02,0.00079180522565309,33334500,-0.662370604340568,25.280001,0.00079117876617163,25.26,25.280001,6428,-0.999596875944775,-1.12524712388163
"2005-09-06",2005-09-06,0.0166139233934366,37063400,-0.65676125542571,25.700001,0.0171206608124256,0,25.700001,0,21.639434151234,-1.04238878190478
"2005-09-07",2005-09-07,-0.00155645908340627,35810100,-0.657295492487479,25.66,0.0155884645362431,25.26,25.700001,6431,-1.00081344180607,-1.05019326521987
"2005-09-08",2005-09-08,0.0167575993764614,55398500,-0.651552587646077,26.09,0.0164814105021081,25.66,26.09,6431,1.05728248371024,-1.02513105491019
"2005-09-09",2005-09-09,-0.03219624377156,99695900,-0.662771285475793,25.25,0,0,26.09,6433,-1.01721840729732,-1.12974852760152
"2005-09-12",2005-09-12,-0.0102970297029704,50565500,-0.666243739565944,24.99,0,24.99,25.25,6434,-1.00523929471033,-1.14286325504578
"2005-09-13",2005-09-13,-0.00360144057623049,57202700,-0.667445742904842,24.9,0,24.9,24.99,6435,-1.00180414954395,-1.14740296839187
"2005-09-14",2005-09-14,-0.0164658634538153,59291600,-0.672921535893156,24.49,0,24.49,24.9,6436,-1.00820410205103,-1.16808388474627
"2005-09-15",2005-09-15,0.00244993875051046,51583200,-0.672120213689483,24.549999,0.00244395121971297,24.49,24.549999,6436,-0.99880918924283,-1.15582717081288
"2005-09-16",2005-09-16,0.0105906317959525,72332800,-0.668647759599332,24.809999,0.0128979852034659,0,24.809999,0,5.27751335600743,-1.10322975970154
"2005-09-19",2005-09-19,-0.00523978255702475,37848500,-0.670383973288815,24.68,0.00769854132901138,24.49,24.809999,6439,-1.0025966043624,-1.12942427696117
"2005-09-20",2005-09-20,-0.00810372771474876,41848200,-0.6730550918197,24.48,0,24.48,24.68,6440,-1.00398446060365,-1.16858829734028
"2005-09-21",2005-09-21,0.00081699346405227,48989500,-0.672787979966611,24.5,0.000816326530612255,24.48,24.5,6440,-0.99960313523167,-1.16449637884805
"2005-09-22",2005-09-22,0.00244893877551025,42372800,-0.671986657762938,24.559999,0.0032572884062414,0,24.559999,0,3.99017829764567,-1.15225095503741
"2005-09-23",2005-09-23,-0.00732899052642468,41386700,-0.674390664440735,24.379999,0,0,24.559999,6443,-1.00357746191837,-1.17363247372163
"2005-09-26",2005-09-26,-0.00656275662685631,52193800,-0.676527559265443,24.219999,0,24.219999,24.379999,6444,-1.00316863049473,-1.18170307522579
"2005-09-27",2005-09-27,-0.0161023540917571,57300400,-0.681736227045075,23.83,0,23.83,24.219999,6445,-1.00769912135625,-1.20137511595091
"2005-09-28",2005-09-28,0.00503571128829215,68717500,-0.680133542570952,23.950001,0.0050104799578089,23.83,23.950001,6445,-0.99764911352728,-1.1763985873008
"2005-09-29",2005-09-29,0.022129393648042,55900900,-0.6730550918197,24.48,0.0265522875816995,0,24.48,0,5.29935012319875,-1.06830590177363
"2005-09-30",2005-09-30,0.00694444444444437,37520600,-0.670784641068448,24.65,0.0332657200811359,0,24.65,0,1.25283819628647,-1.03437566766111
"2005-10-03",2005-10-03,-0.00202839756592281,49168200,-0.671452420701169,24.6,0.0313008130081303,23.83,24.65,6449,-1.00099552015928,-1.04431877063536
"2005-10-04",2005-10-04,-0.00406504065040656,52847800,-0.672787979966611,24.5,0.0273469387755103,23.83,24.65,0,-1.00198906016907,-1.06429584646146
"2005-10-05",2005-10-05,-0.0175510204081633,45711500,-0.678530884808014,24.07,0.0099709181553802,23.83,24.65,0,-1.00853598014888,-1.15161115671771
"2005-10-06",2005-10-06,-0.012879102617366,61527000,-0.682671118530885,23.76,0,23.76,24.6,6452,-1.00610176163763,-1.20490600410898
"2005-10-07",2005-10-07,0.00252525252525247,30718200,-0.68186978297162,23.82,0.0025188916876574,23.76,23.82,6452,-0.998826176269197,-1.19236620537704
"2005-10-10",2005-10-10,-0.0167926112510495,38495300,-0.687212020033389,23.42,0,0,23.82,6454,-1.00783468808148,-1.22205603230532
"2005-10-11",2005-10-11,0,41646800,-0.687212020033389,23.42,0,23.42,23.42,6454,-1,-1.22205603230532
"2005-10-12",2005-10-12,-0.00768573868488485,77117900,-0.689616026711185,23.24,0,0,23.42,6456,-1.0034982023127,-1.23113545899749
"2005-10-13",2005-10-13,-0.00172112736660921,68060200,-0.69015023706177,23.200001,0,23.200001,23.24,6457,-1.00077464897841,-1.23315305893227
"2005-10-14",2005-10-14,0.00129306028909223,44232300,-0.68974958263773,23.23,0.00129139044339222,23.200001,23.23,6457,-0.999419467816535,-1.22676256198581
"2005-10-17",2005-10-17,0.00990094705122684,45289800,-0.686677809682805,23.459999,0.0110826091680566,0,23.459999,0,8.58191976312359,-1.1781817526746
"2005-10-18",2005-10-18,0.0110826944195523,78862600,-0.683205355592655,23.719999,0.0219223449377043,0,23.719999,0,1.97808517879446,-1.1241276271862
"2005-10-19",2005-10-19,-0.00126467121689181,91423500,-0.683605996661102,23.690001,0.0206838319677571,23.200001,23.719999,6461,-1.00058641382883,-1.13031836661561
"2005-10-20",2005-10-20,-0.00295483313825104,62486500,-0.684540888146912,23.620001,0.0177815403140753,23.200001,23.719999,0,-1.00136758818731,-1.14481059882996
"2005-10-21",2005-10-21,-0.019898432688466,63304300,-0.690818030050084,23.15,0,23.15,23.690001,6463,-1.00916985677826,-1.23567517234358
"2005-10-24",2005-10-24,-0.00215982721382277,53173300,-0.691485809682805,23.1,0,23.1,23.15,6464,-1.00096665055582,-1.23819723531363
"2005-10-25",2005-10-25,0.000432943722943681,54626000,-0.691352240400668,23.110001,0.000432756363792364,23.1,23.110001,6464,-0.999806837276678,-1.2360583426751
"2005-10-26",2005-10-26,-0.00173089564124208,51506100,-0.691886477462438,23.07,0,0,23.110001,6466,-1.00077274221526,-1.23971047309566
"2005-10-27",2005-10-27,-0.00996965756393587,41690800,-0.694958263772955,22.84,0,22.84,23.07,6467,-1.00443972589518,-1.25131196275789
"2005-10-28",2005-10-28,0.0214535901926444,55358800,-0.688414023372287,23.33,0.0210030004286326,22.84,23.33,6467,-0.990583261266455,-1.14727183841404
"2005-10-31",2005-10-31,0.00728675525075018,58127600,-0.686143572621035,23.5,0.0280851063829787,0,23.5,0,1.33719496309162,-1.11194920234269
"2005-11-01",2005-11-01,-0.0361702127659575,84900700,-0.697495826377296,22.65,0,0,23.5,6470,-1.01654501216545,-1.26089580204407
"2005-11-02",2005-11-02,0.031788123620309,63804900,-0.687879786310518,23.370001,0.0308087706115203,22.65,23.370001,6470,-0.986213480134035,-1.10821980971481
"2005-11-03",2005-11-03,0.0222506622913709,63945100,-0.680934904841403,23.889999,0.0519045228926129,0,23.889999,0,1.68473203774007,-1.00231624426775
"2005-11-04",2005-11-04,0.00418589385457902,37057500,-0.679599332220368,23.99,0.0558566069195499,0,23.99,0,1.0761414190265,-0.982345879230047
"2005-11-07",2005-11-07,0.0212588578574407,49974300,-0.672787979966611,24.5,0.0755102040816327,0,24.5,0,1.3518580566555,-0.8823933415135
"2005-11-08",2005-11-08,0.00204077551020407,39967500,-0.672120213689483,24.549999,0.0773930377756838,0,24.549999,0,1.02493482459689,-0.872760262839765
"2005-11-09",2005-11-09,0.0101832998038004,39819700,-0.668781315525877,24.799999,0.0866935115602223,0,24.799999,0,1.12017196962206,-0.825024018137016
"2005-11-10",2005-11-10,0.0177419765218538,82211500,-0.662904841402337,25.24,0.102614896988906,0,25.24,0,1.18365140760995,-0.742698095468535
"2005-11-11",2005-11-11,-0.00435820126782872,40317600,-0.664373969949917,25.129999,0.0986867926258176,22.65,25.24,6478,-1.0022161982472,-0.763082306962462
"2005-11-14",2005-11-14,0.00955041820733844,31035000,-0.66116860100167,25.370001,0.00946007057705667,25.129999,25.370001,6478,-0.995175354403953,-1.08796683272172
"2005-11-15",2005-11-15,-0.0114308627737145,37542700,-0.665041736227045,25.08,0,0,25.370001,6480,-1.00585801446032,-1.13832354169969
"2005-11-16",2005-11-16,-0.00677830940988828,49435300,-0.667312186978297,24.91,0,24.91,25.08,6481,-1.0034139973893,-1.14689855579786
"2005-11-17",2005-11-17,0.00802894419911683,39396500,-0.66464105509182,25.110001,0.00796499370908033,24.91,25.110001,6481,-0.995997178024617,-1.10672815048011
"2005-11-18",2005-11-18,0.00756662654055646,38919000,-0.662103519198665,25.299999,0.0154149808464419,0,25.299999,0,1.93534124563945,-1.06900738038844
"2005-11-21",2005-11-21,-0.00197624513740098,34916400,-0.662771285475793,25.25,0.0134653465346535,24.91,25.299999,6484,-1.00100855267759,-1.07889275092032
"2005-11-22",2005-11-22,0.036039603960396,86040000,-0.650617696160267,26.16,0.0347859327217126,25.25,26.16,6484,2.5833670624213,-0.952467843134548
"2005-11-23",2005-11-23,0.0183485856269113,80686900,-0.644207025041736,26.639999,0.0521771415982411,0,26.639999,0,1.49994947715383,-0.862573157505296
"2005-11-25",2005-11-25,0.0063813816209228,45653800,-0.641936574290484,26.809999,0.0581872084366732,0,26.809999,0,1.11518581996517,-0.831299387293587
"2005-11-28",2005-11-28,0.00186505042391084,78716200,-0.641268767946578,26.860001,0.0599404668674436,0,26.860001,0,1.03013133776092,-0.822155535763673
"2005-11-29",2005-11-29,-0.00297840644160817,56364700,-0.642337215358932,26.780001,0.0571322234080573,25.25,26.860001,6489,-1.00166614603074,-0.836796980358353
"2005-11-30",2005-11-30,-0.00373416714958296,50114500,-0.643672787979967,26.68,0.0535982008995503,25.25,26.860001,0,-1.00207923904937,-0.855188415127488
"2005-12-01",2005-12-01,0.0187406296851574,49840000,-0.636994991652755,27.18,0.0183958793230317,26.68,27.18,6489,-0.989625479821559,-0.962919536809572
"2005-12-02",2005-12-02,0.00919793966151582,51722600,-0.633656093489149,27.43,0.027342325920525,0,27.43,0,1.48632883703974,-0.916520378197931
"2005-12-05",2005-12-05,-0.019321910317171,47747700,-0.640734557595994,26.9,0.00817843866170997,26.68,27.43,6493,-1.01117082938139,-1.01563220998088
"2005-12-06",2005-12-06,-0.00855018587360583,50918500,-0.643806343906511,26.67,0,26.67,26.9,6494,-1.00479416362689,-1.05812193925213
"2005-12-07",2005-12-07,-0.0194975628046495,65558600,-0.650751252086812,26.15,0,26.15,26.67,6495,-1.01078726273208,-1.08435139414064
"2005-12-08",2005-12-08,-0.0172083747609942,104607200,-0.65676125542571,25.700001,0,25.700001,26.15,6496,-1.00923548486403,-1.10704991042982
"2005-12-09",2005-12-09,0.014785952732064,80102100,-0.651686143572621,26.08,0.0145705138036809,25.700001,26.08,6496,-0.992272516365481,-1.03285252170373
"2005-12-12",2005-12-12,0.0207055598159509,75565800,-0.64447411018364,26.620001,0.0345604795431825,0,26.620001,0,2.37194652219139,-0.93011630252063
"2005-12-13",2005-12-13,0.00375649873191225,46475500,-0.643138577629382,26.719999,0.0381735792729634,0,26.719999,0,1.10454425915203,-0.911426361072278
"2005-12-14",2005-12-14,-0.00336826359911166,107658500,-0.644340580968281,26.629999,0.0349229453594798,25.700001,26.719999,6500,-1.00186896476235,-0.928243033793384
"2005-12-15",2005-12-15,-0.00187754419367433,69675900,-0.645008347245409,26.58,0.0331075620767494,25.700001,26.719999,0,-1.0010363560776,-0.937621366475521
"2005-12-16",2005-12-16,-0.00752449209932268,72050600,-0.647679479131887,26.379999,0.0257770290286972,25.700001,26.719999,0,-1.00414123615281,-0.975395547558917
"2005-12-19",2005-12-19,-0.0227444284588488,45251900,-0.655692808013356,25.780001,0.00310318063990755,25.700001,26.719999,0,-1.01237236803026,-1.09129455024827
"2005-12-20",2005-12-20,0.00116361516044948,45877700,-0.655292166944908,25.809999,0.00426183666260505,25.700001,26.719999,0,1.37337691779748,-1.08540541368258
"2005-12-21",2005-12-21,0.00271212718760664,34541900,-0.654357275459099,25.879999,0.00695510073242278,25.700001,26.719999,0,1.63194915315489,-1.07170263460988
"2005-12-22",2005-12-22,0.00347758900608921,26452100,-0.653155272120201,25.969999,0.0103965348631704,25.700001,26.719999,0,1.49480723042652,-1.05416534967023
"2005-12-23",2005-12-23,0,16616900,-0.653155272120201,25.969999,0.0103965348631704,25.700001,26.719999,0,-1,-1.05416534967023
"2005-12-27",2005-12-27,-0.019638044652986,28968400,-0.659966624373957,25.459999,0,25.459999,26.629999,6508,-1.01042838134284,-1.11915591356858
"2005-12-28",2005-12-28,-0.000785467430693971,26518000,-0.66023370951586,25.440001,0,25.440001,25.459999,6509,-1.0004046949225,-1.12016463787408
"2005-12-29",2005-12-29,-0.0145440638937081,26749300,-0.66517529215359,25.07,0,25.07,25.440001,6510,-1.00748459608546,-1.1388279542937
"2005-12-30",2005-12-30,-0.00438775428799364,31681600,-0.666644420701169,24.959999,0,24.959999,25.07,6511,-1.00220863367132,-1.14437654326907
"2006-01-03",2006-01-03,0.0244391436073375,56401200,-0.658497495826378,25.57,0.0238561204536566,24.959999,25.57,6511,-0.987779204892734,-1.02350778418043
"2006-01-04",2006-01-04,0.013296832225264,46188800,-0.653956594323873,25.91,0.0366654187572366,0,25.91,0,1.53693970603744,-0.957979735240746
"2006-01-05",2006-01-05,0.0138942493245851,54876800,-0.649148580968281,26.27,0.0498668062428625,0,26.27,0,1.36005009442366,-0.889962022886571
"2006-01-06",2006-01-06,0.00152261134373817,45703200,-0.648614370617696,26.309999,0.0513112904337245,0,26.309999,0,1.02896684788328,-0.882488910519122
"2006-01-09",2006-01-09,0.00608133812547846,39457800,-0.646477475792989,26.469999,0.0570457142820444,0,26.469999,0,1.11175754497398,-0.852760598396451
"2006-01-10",2006-01-10,-0.0132224409982034,47031300,-0.651151906510852,26.120001,0.0444104883456934,24.959999,26.469999,6517,-1.00723061652245,-0.918135524394055
"2006-01-11",2006-01-11,0.000765620185083495,52999900,-0.650884821368948,26.139999,0.0451415472510156,24.959999,26.469999,0,1.01646140208213,-0.914365744638983
"2006-01-12",2006-01-12,-0.0065034432480276,54026700,-0.653155272120201,25.969999,0.0388910296068937,24.959999,26.469999,0,-1.00348825272416,-0.946547646880232
"2006-01-13",2006-01-13,-0.00693099757146703,46308900,-0.655559252086812,25.790001,0.0321830929746765,24.959999,26.469999,0,-1.00368056428421,-0.980961435971751
"2006-01-17",2006-01-17,-0.0104692124672659,88055500,-0.659165275459099,25.52,0.0219436128526646,24.959999,26.469999,0,-1.00550068260162,-1.03325298538957
"2006-01-18",2006-01-18,-0.114420062695925,282028400,-0.698163606010017,22.6,0,22.6,26.139999,6522,-1.059163205349,-1.26341786501412
"2006-01-19",2006-01-19,-0.00884955752212402,196293400,-0.700834724540902,22.4,0,22.4,22.6,6523,-1.00382592061215,-1.27350611689432
"2006-01-20",2006-01-20,-0.0285714285714284,155195000,-0.709382303839733,21.76,0,21.76,22.4,6524,-1.01219628394474,-1.30578852291094
"2006-01-23",2006-01-23,-0.0188419117647059,155081900,-0.714858096828047,21.35,0,21.35,21.76,6525,-1.00771910006589,-1.32646943926535
"2006-01-24",2006-01-24,-0.0032786416861828,105641800,-0.715792974958264,21.280001,0,21.280001,21.35,6526,-1.00130778141056,-1.33000027698216
"2006-01-25",2006-01-25,-0.00328956751458794,110311300,-0.716727893155259,21.209999,0,21.209999,21.280001,6527,-1.00130612932748,-1.33353126602274
"2006-01-26",2006-01-26,0.0132013679019975,101961600,-0.712988313856427,21.49,0.0130293624941833,21.209999,21.49,6527,-0.99478242812294,-1.270198506126
"2006-01-27",2006-01-27,0.00837598883201504,75188600,-0.710584307178631,21.67,0.0212275496077527,0,21.67,0,1.62920861379284,-1.23015625408317
"2006-01-30",2006-01-30,-0.000922934933087362,60422500,-0.71085141903172,21.65,0.0203233718244803,21.209999,21.67,6530,-1.00037590452025,-1.23457996824623
"2006-01-31",2006-01-31,-0.0180138568129329,79350800,-0.716060100166945,21.26,0.00235188146754473,21.209999,21.67,0,-1.00732738374824,-1.32212659185547
"2006-02-01",2006-02-01,0.0136405926622765,71658400,-0.712186991652755,21.549999,0.015777262913098,21.209999,21.67,0,6.70835802348868,-1.25679384011004
"2006-02-02",2006-02-02,-0.016241207250172,87473400,-0.716861422370618,21.200001,0,21.200001,21.65,6533,-1.00656348792192,-1.33403557773423
"2006-02-03",2006-02-03,-0.0216981593538605,101402300,-0.723005008347246,20.74,0,20.74,21.200001,6534,-1.00857011660121,-1.35723860749994
"2006-02-06",2006-02-06,-0.00626803278688515,66858200,-0.724741222036728,20.610001,0,20.610001,20.74,6535,-1.00240138542533,-1.36379592078081
"2006-02-07",2006-02-07,0.00291115948999717,95298200,-0.723939899833055,20.67,0.00290270924044511,20.610001,20.67,6535,-0.998894333343672,-1.34980657446451
"2006-02-08",2006-02-08,0,77601800,-0.723939899833055,20.67,0.00290270924044511,0,20.67,0,-1,-1.34980657446451
"2006-02-09",2006-02-09,0.0159651669085631,81803900,-0.719532554257095,21,0.018571380952381,0,21,0,6.39794737055137,-1.27398368723219
"2006-02-10",2006-02-10,0.0138095714285714,83023300,-0.71565941903172,21.290001,0.0319398763767085,0,21.290001,0,1.71984390706355,-1.20886568112038
"2006-02-13",2006-02-13,-0.00751535897062657,65889500,-0.717796340567613,21.129999,0.0246094663800032,20.610001,21.290001,6540,-1.00298594761568,-1.24462179752999
"2006-02-14",2006-02-14,0.0113583535900781,60125600,-0.714590971619366,21.370001,0.0112307903027238,21.129999,21.370001,6540,-0.995534431192959,-1.28304423501661
"2006-02-15",2006-02-15,-0.00093593818736822,67175700,-0.714858096828047,21.35,0.0103044964871194,21.129999,21.370001,6542,-1.00037381553825,-1.28755152721514
"2006-02-16",2006-02-16,0,70607000,-0.714858096828047,21.35,0.0103044964871194,21.129999,21.370001,0,-1,-1.28755152721514
"2006-02-17",2006-02-17,-0.03466037470726,116649100,-0.724741222036728,20.610001,0,20.610001,21.35,6544,-1.01382529659038,-1.36379592078081
"2006-02-21",2006-02-21,0.000485201335021673,67212800,-0.724607666110184,20.620001,0.000484966028857059,20.610001,20.620001,6544,-0.999815719152598,-1.36145989367929
"2006-02-22",2006-02-22,-0.0227934518528879,138566500,-0.730884808013356,20.15,0,0,20.620001,6546,-1.00866281464681,-1.38699895054652
"2006-02-23",2006-02-23,0.0069479404466502,85297300,-0.729015011686144,20.290001,0.00689999965993104,20.15,20.290001,6546,-0.99744173595249,-1.35387727891972
"2006-02-24",2006-02-24,0.00344997518728561,73154000,-0.728080120200334,20.360001,0.0103143904560713,0,20.360001,0,1.49483927020576,-1.3374509561448
"2006-02-27",2006-02-27,0.0078584966670679,87156900,-0.725943238731219,20.52,0.0180311890838207,0,20.52,0,1.74815847437762,-1.30023568261251
"2006-02-28",2006-02-28,0.00389863547758294,93248100,-0.724874791318865,20.6,0.0218446601941749,0,20.6,0,1.2114930464445,-1.28179770498396
"2006-03-01",2006-03-01,0.00970868932038826,80722800,-0.722203686143573,20.799999,0.0312499534254785,0,20.799999,0,1.43055342347746,-1.23618769272779
"2006-03-02",2006-03-02,-0.0149037987934519,86237800,-0.726343906510852,20.49,0.0165934602244997,20.15,20.799999,6552,-1.00573275994946,-1.30717891936334
"2006-03-03",2006-03-03,-0.00829673011224979,202812000,-0.728614357262104,20.32,0.00836614173228356,20.15,20.799999,0,-1.00312586191045,-1.34682678189126
"2006-03-06",2006-03-06,-0.000984301181102392,81728300,-0.728881482470785,20.299999,0.00738911366448847,20.15,20.799999,0,-1.00036662084135,-1.35152568667049
"2006-03-07",2006-03-07,-0.0118226606809192,90707500,-0.732086824707847,20.059999,0,20.059999,20.49,6555,-1.00439761787636,-1.39153871433387
"2006-03-08",2006-03-08,-0.00249247270650411,82850000,-0.732754590984975,20.01,0,20.01,20.059999,6556,-1.00091214082072,-1.39406072686266
"2006-03-09",2006-03-09,-0.0129935032483759,69718300,-0.736227045075125,19.75,0,19.75,20.01,6557,-1.00473890458398,-1.40717545430692
"2006-03-10",2006-03-10,0.00506329113924058,61506700,-0.734891485809683,19.85,0.00503778337531491,19.75,19.85,6557,-0.998185941043084,-1.38310468203106
"2006-03-13",2006-03-13,-0.00604534005037788,80524700,-0.736494156928214,19.73,0,0,19.85,6559,-1.00218082689687,-1.40818427949493
"2006-03-14",2006-03-14,0.00152052711606696,69318400,-0.736093489148581,19.76,0.00151821862348189,19.73,19.76,6559,-0.999455979689909,-1.40093704986425
"2006-03-15",2006-03-15,0.00809716599190284,69788800,-0.733956594323873,19.92,0.00953815261044189,0,19.92,0,6.28246318607726,-1.36257684751029
"2006-03-16",2006-03-16,-0.01355421686747,66058200,-0.737562604340568,19.65,0,0,19.92,6562,-1.00491311072696,-1.41221958024701
"2006-03-17",2006-03-17,-0.00559791348600501,110821300,-0.739031706176962,19.540001,0,19.540001,19.65,6563,-1.00199183340878,-1.41776806833986
"2006-03-20",2006-03-20,0.00409416560418796,58650100,-0.737963258764608,19.620001,0.00407747175955797,19.540001,19.620001,6563,-0.998554260387716,-1.39833301588482
"2006-03-21",2006-03-21,0.00815494351911604,124284600,-0.7358263639399,19.780001,0.012133467536225,0,19.780001,0,2.97573306492756,-1.35983661574945
"2006-03-22",2006-03-22,0.0101111723907396,84910700,-0.733155258764608,19.98,0.022021971971972,0,19.98,0,1.81497761511492,-1.31240161658783
"2006-03-23",2006-03-23,-0.014013963963964,84336400,-0.736894811352254,19.700001,0.00812182699889208,19.540001,19.98,6567,-1.00510062847254,-1.37902303754894
"2006-03-24",2006-03-24,-0.00507619263572621,60424100,-0.738230383973289,19.6,0.00306117346938783,19.540001,19.98,0,-1.00181243320004,-1.40318023601963
"2006-03-27",2006-03-27,0.00765306122448972,60280300,-0.736227045075125,19.75,0.0106328607594937,19.540001,19.98,0,3.47345907241904,-1.36701737958707
"2006-03-28",2006-03-28,-0.00860759493670895,72692200,-0.738497495826378,19.58,0.00204284984678238,19.540001,19.98,0,-1.00308390022676,-1.40803505496705
"2006-03-29",2006-03-29,0.0122574055158326,78986300,-0.735292153589316,19.82,0.0141270938446014,19.540001,19.98,0,6.91538532156561,-1.35028950930968
"2006-03-30",2006-03-30,-0.00605443995963673,70641700,-0.736894811352254,19.700001,0.00812182699889208,19.540001,19.98,0,-1.00217962037962,-1.37902303754894
"2006-03-31",2006-03-31,-0.0121828420211756,87499200,-0.740100180300501,19.459999,0,19.459999,19.82,6573,-1.00434983243045,-1.42180346997446
"2006-04-03",2006-04-03,-0.00565256966354409,73344300,-0.741569282136895,19.35,0,19.35,19.459999,6574,-1.00198500402445,-1.42735195806731
"2006-04-04",2006-04-04,-0.00258403100775203,67093000,-0.742237075125209,19.299999,0,19.299999,19.35,6575,-1.00090051328231,-1.42987407147862
"2006-04-05",2006-04-05,0.00932647716717502,73019400,-0.73983305509182,19.48,0.00924029774127311,19.299999,19.48,6575,-0.996761115667816,-1.38589593672886
"2006-04-06",2006-04-06,-0.00513352156057489,51707700,-0.741168627712855,19.379999,0.00412796718926567,19.299999,19.48,6577,-1.00180523512952,-1.41024830842507
"2006-04-07",2006-04-07,-0.00722389098162508,54523300,-0.743038397328882,19.24,0,19.24,19.379999,6578,-1.00252273173218,-1.43290049660142
"2006-04-10",2006-04-10,0.00623705821205832,52152400,-0.741435712854758,19.360001,0.00619839844016545,19.24,19.360001,6578,-0.997843066415027,-1.40343745014066
"2006-04-11",2006-04-11,-0.0103306296316824,60169600,-0.744106844741236,19.16,0,0,19.360001,6580,-1.00360264799789,-1.43693579735349
"2006-04-12",2006-04-12,-0.0020876304801671,44072500,-0.74464105509182,19.120001,0,19.120001,19.16,6581,-1.00071792156511,-1.43895339728827
"2006-04-13",2006-04-13,0.0172594133232525,77378500,-0.74023370951586,19.450001,0.0169665801045461,19.120001,19.450001,6581,-0.99408124821238,-1.35822858352941
"2006-04-17",2006-04-17,-0.0133676085672181,76273800,-0.74370616360601,19.190001,0.003647733004287,19.120001,19.450001,6583,-1.00469102399082,-1.42164579015893
"2006-04-18",2006-04-18,0.0104219900770198,78082100,-0.741035071786311,19.389999,0.013924601027571,19.120001,19.450001,0,3.81733010919551,-1.37274407399757
"2006-04-19",2006-04-19,0.00876740633148056,103771800,-0.738764621035059,19.559999,0.0189160541368127,19.190001,19.559999,6583,1.35846291749104,-1.34531739321671
"2006-04-20",2006-04-20,-0.00562361991940802,127052000,-0.74023370951586,19.450001,0.0133676085672182,19.190001,19.559999,6586,-1.00198857449176,-1.37182114071413
"2006-04-21",2006-04-21,-0.0200515156785853,92182400,-0.745442417362271,19.059999,0,19.059999,19.450001,6587,-1.00703657207103,-1.44197997373485
"2006-04-24",2006-04-24,-0.00786983252202695,67594200,-0.747445742904842,18.91,0,18.91,19.059999,6588,-1.00268743164584,-1.44954611220374
"2006-04-25",2006-04-25,0.0126916975145425,90281100,-0.74424040066778,19.15,0.0125326370757179,18.91,19.15,6588,-0.995711605467703,-1.39010708036862
"2006-04-26",2006-04-26,0.0177545691906005,85359800,-0.739699499165276,19.49,0.0297588506926628,0,19.49,0,2.37450829485207,-1.3078972729448
"2006-04-27",2006-04-27,0.030271934325295,134460200,-0.731819699499165,20.08,0.0582669322709163,0,20.08,0,1.9579698447589,-1.17046791249699
"2006-04-28",2006-04-28,-0.00498007968127479,89978400,-0.733155258764608,19.98,0.0535535535535535,18.91,20.08,6592,-1.00182498403139,-1.19331347673259
"2006-05-01",2006-05-01,-0.0245245245245246,75869800,-0.739699499165276,19.49,0.0297588506926628,18.91,20.08,0,-1.00892613170598,-1.3078972729448
"2006-05-02",2006-05-02,0.00513083632632126,52909500,-0.738363939899833,19.59,0.0347115875446656,18.91,20.08,0,1.16642903663023,-1.28414770346799
"2006-05-03",2006-05-03,-0.0219499744767739,68692200,-0.744106844741236,19.16,0.0130480167014614,18.91,20.08,0,-1.00777787826716,-1.38765618751988
"2006-05-04",2006-05-04,0.00939457202505218,42441200,-0.741702838063439,19.34,0.0222337125129266,18.91,20.08,0,1.70399172699069,-1.3438843231955
"2006-05-05",2006-05-05,0.00879007238883153,51087200,-0.739432387312187,19.51,0.0307534597642235,18.91,20.08,0,1.38319049265135,-1.30313201885997
"2006-05-08",2006-05-08,0.0307535110199897,102795400,-0.73141901836394,20.110001,0.0472402263928281,19.16,20.110001,6592,1.53609469487346,-1.21060016902238
"2006-05-09",2006-05-09,-0.0104426150948477,66287600,-0.734223706176962,19.9,0.0371859296482411,19.16,20.110001,6599,-1.00383458420222,-1.25916584427818
"2006-05-10",2006-05-10,-0.0160804020100503,60520500,-0.738497495826377,19.58,0.0214504596527068,19.16,20.110001,0,-1.00582082764893,-1.3347366019591
"2006-05-11",2006-05-11,-0.0112359039836567,56976700,-0.741435712854758,19.360001,0.0103306296316824,19.16,20.110001,0,-1.00397864183018,-1.38783088360113
"2006-05-12",2006-05-12,-0.0165289247660679,66530900,-0.745709502504174,19.040001,0,19.040001,19.9,6602,-1.00576420797558,-1.44298869804035
"2006-05-15",2006-05-15,0.0147058290595678,62462200,-0.741969949916528,19.32,0.0144927018633541,19.040001,19.32,6602,-0.994985242141761,-1.37412931455781
"2006-05-16",2006-05-16,-0.0134576086956521,67068600,-0.745442417362271,19.059999,0.00104921306659045,19.040001,19.32,6604,-1.00468006480065,-1.438017317054
"2006-05-17",2006-05-17,-0.020986307501905,83390900,-0.750784641068448,18.66,0,18.66,19.059999,6605,-1.00716651424946,-1.46215642705398
"2006-05-18",2006-05-18,-0.000535905680600298,76112600,-0.750918196994992,18.65,0,18.65,18.66,6606,-1.00017788846393,-1.46266083964799
"2006-05-19",2006-05-19,-0.0155495442359248,189166200,-0.754791305509182,18.360001,0,18.360001,18.65,6607,-1.00515783014673,-1.47728875443302
"2006-05-22",2006-05-22,-0.0190632342558151,84566300,-0.759465776293823,18.01,0,18.01,18.360001,6608,-1.00619306389796,-1.49494324566462
"2006-05-23",2006-05-23,-0.0033314269850084,89346200,-0.760267098497496,17.950001,0,17.950001,18.01,6609,-1.0010551129869,-1.49796967078742
"2006-05-24",2006-05-24,-0.00334272961878948,108894700,-0.761068460767947,17.889999,0,17.889999,17.950001,6610,-1.00105405359779,-1.500996247234
"2006-05-25",2006-05-25,0.0089435443791808,68212600,-0.758931565943239,18.049999,0.0088642664190729,17.889999,18.049999,6610,-0.997192243622142,-1.45944717918678
"2006-05-26",2006-05-26,0.00941828307026508,61157600,-0.756661115191987,18.219999,0.0181119658678358,0,18.219999,0,2.04325603626545,-1.41594555278266
"2006-05-30",2006-05-30,-0.0225027454721595,65587400,-0.762136908180301,17.809999,0,0,18.219999,6613,-1.00723678391604,-1.50503154798608
"2006-05-31",2006-05-31,0.0117911853897352,76030000,-0.759332220367279,18.02,0.0116537735849056,17.809999,18.02,6613,-0.996319968521511,-1.45042498571792
"2006-06-01",2006-06-01,0.00110993340732523,76997200,-0.759065095158598,18.040001,0.0127495558342817,0,18.040001,0,1.09402810526501,-1.44527757141665
"2006-06-02",2006-06-02,0.0105320947598617,71258300,-0.75652754590985,18.23,0.023039001645639,0,18.23,0,1.80704347234516,-1.39683271375265
"2006-06-05",2006-06-05,-0.013713658804169,63914200,-0.759866444073456,17.98,0.00945500556173517,17.809999,18.23,6617,-1.00441345220231,-1.46074691963188
"2006-06-06",2006-06-06,-0.0105672413793104,82277100,-0.762403993322204,17.790001,0,17.790001,17.98,6618,-1.00333946744002,-1.50604027229158
"2006-06-07",2006-06-07,-0.0224846530362759,108997200,-0.767746257095159,17.389999,0,17.389999,17.790001,6619,-1.00700712984159,-1.52621687693449
"2006-06-08",2006-06-08,-0.0161010935078259,114389700,-0.771485796327212,17.110001,0,17.110001,17.389999,6620,-1.00487080099381,-1.54034032868424
"2006-06-09",2006-06-09,0.00292220906357631,83418800,-0.770818030050084,17.16,0.00291369463869462,17.110001,17.16,6620,-0.999134441255682,-1.52681390542742
"2006-06-12",2006-06-12,-0.0174824592074592,64666000,-0.774824694490818,16.860001,0,0,17.16,6622,-1.00519793814433,-1.55295064353449
"2006-06-13",2006-06-13,0.0154211141505862,116064700,-0.771352240400668,17.120001,0.0151869150007642,16.860001,17.120001,6622,-0.995518400336437,-1.48247813805105
"2006-06-14",2006-06-14,0.0356307806290433,117591300,-0.763205342237062,17.73,0.0490693175408912,0,17.73,0,3.23102602065147,-1.32374232496555
"2006-06-15",2006-06-15,0.0219966723068245,71506000,-0.757996647746244,18.120001,0.0695364200035087,0,18.120001,0,1.41710591237715,-1.22677024982322
"2006-06-16",2006-06-16,0.00993366391094577,83664700,-0.755592667779633,18.299999,0.07868841960046,0,18.299999,0,1.13161447765774,-1.18312574988371
"2006-06-19",2006-06-19,-0.00327863405894182,61509400,-0.756393989983306,18.24,0.0756578399122806,16.860001,18.299999,6627,-1.00106052141298,-1.1975980359385
"2006-06-20",2006-06-20,-0.00493421052631578,50887900,-0.757595993322204,18.15,0.0710743250688705,16.860001,18.299999,0,-1.00158912333363,-1.21944871909079
"2006-06-21",2006-06-21,0.0137741046831956,53899700,-0.754257095158598,18.4,0.0135869565217391,18.15,18.4,6627,-0.99559277214632,-1.42395608251932
"2006-06-22",2006-06-22,-0.0081521739130434,45409300,-0.756260434056761,18.25,0.00547945205479461,18.15,18.4,6630,-1.00265604249668,-1.46214260753086
"2006-06-23",2006-06-23,-0.0136986301369863,48909400,-0.759599332220367,18,0,18,18.25,6631,-1.00441501103753,-1.49544765825863
"2006-06-26",2006-06-26,0.015555611111111,36205800,-0.755859752921536,18.280001,0.015317340518745,18,18.280001,6631,-0.995076905494506,-1.42347368744546
"2006-06-27",2006-06-27,-0.012582165613667,61133200,-0.758931565943239,18.049999,0.00277002785429514,18,18.280001,6633,-1.00406399865826,-1.48246383417555
"2006-06-28",2006-06-28,0.0337950711243807,65687300,-0.750784641068448,18.66,0.0326903001071812,18.049999,18.66,6633,11.8014337135608,-1.33869205147227
"2006-06-29",2006-06-29,0.0353697749196142,76666000,-0.741969949916528,19.32,0.0657350414078676,0,19.32,0,2.01084239644002,-1.18059779497963
"2006-06-30",2006-06-30,-0.0165631469979296,54002100,-0.746243739565943,19,0.0500000526315789,18.049999,19.32,6636,-1.00576005760058,-1.25616673519685
"2006-07-03",2006-07-03,0.0189474210526316,25048100,-0.741435712854758,19.360001,0.0185950920147163,19,19.360001,6636,-0.993557029082774,-1.35661775052207
"2006-07-05",2006-07-05,-0.0315083144882069,51632300,-0.749582637729549,18.75,0,0,19.360001,6638,-1.0109880394666,-1.4576167137079
"2006-07-06",2006-07-06,0.00533333333333341,35026000,-0.748247078464107,18.85,0.0053050397877985,18.75,18.85,6638,-0.998218262806236,-1.43253657027364
"2006-07-07",2006-07-07,-0.0153846684350133,57542500,-0.752120213689483,18.559999,0,0,18.85,6640,-1.00517627844712,-1.46720060343534
"2006-07-10",2006-07-10,-0.0204740851548538,43060600,-0.757195325542571,18.18,0,18.18,18.559999,6641,-1.00674774026906,-1.48636823156645
"2006-07-11",2006-07-11,0.0269526952695271,76813100,-0.750651085141903,18.67,0.0262453133369043,18.18,18.67,6641,-0.991357262545198,-1.36252899593572
"2006-07-12",2006-07-12,-0.0423139260846278,76732200,-0.761202016694491,17.879999,0,0,18.67,6643,-1.01405570678765,-1.50150065982801
"2006-07-13",2006-07-13,-0.00894854636177553,78659200,-0.763338911519199,17.719999,0,17.719999,17.879999,6644,-1.00280726374582,-1.50957126133216
"2006-07-14",2006-07-14,0.00902934588201727,65420500,-0.761202016694491,17.879999,0.00894854636177556,17.719999,17.879999,6644,-0.997200594922568,-1.46770388569934
"2006-07-17",2006-07-17,-0.00223708066202921,63855500,-0.761736227045075,17.84,0.00672651345291475,17.719999,17.879999,6646,-1.00070179839106,-1.47811363574333
"2006-07-18",2006-07-18,0.0207398542600897,69040900,-0.756794671118531,18.209999,0.0203184525161149,17.84,18.209999,6646,3.02065143530047,-1.40811653021804
"2006-07-19",2006-07-19,0.0153762227005064,84949400,-0.7530550918197,18.49,0.0351541373715522,0,18.49,0,1.73015820686496,-1.33796167135921
"2006-07-20",2006-07-20,-0.0751757706868576,136083600,-0.771619365609349,17.1,0,0,18.49,6649,-1.02465194643966,-1.54084479171951
"2006-07-21",2006-07-21,0.00292397660818697,82603200,-0.770951585976628,17.15,0.00291545189504361,17.1,17.15,6649,-0.999134573777585,-1.52731168123445
"2006-07-24",2006-07-24,0.0192419825072887,54838700,-0.766544240400668,17.48,0.0217391304347826,0,17.48,0,7.45652173913075,-1.43957299798087
"2006-07-25",2006-07-25,0.00343255148741417,47364300,-0.76574289148581,17.540001,0.0250855743964894,0,17.540001,0,1.15393642223851,-1.4239076582358
"2006-07-26",2006-07-26,-0.00228055859289861,58194900,-0.766277128547579,17.5,0.0228571428571428,17.1,17.540001,6653,-1.00069767159148,-1.43434167544144
"2006-07-27",2006-07-27,-0.00171434285714278,54399100,-0.766677809682805,17.469999,0.0211791082529541,17.1,17.540001,0,-1.00052289324619,-1.44219254679892
"2006-07-28",2006-07-28,0.0406411585942276,67306400,-0.757195325542571,18.18,0.0390539603960395,17.469999,18.18,6653,1.84398511635126,-1.33886965191191
"2006-07-31",2006-07-31,-0.00990099009900989,42813200,-0.759599332220367,18,0.0294444999999999,17.469999,18.18,6656,-1.00317488314666,-1.38424198578402
"2006-08-01",2006-08-01,-0.0188888888888889,39658000,-0.764140233722872,17.66,0.0107588335220837,17.469999,18.18,0,-1.00597802197802,-1.47196383915358
"2006-08-02",2006-08-02,-0.00396375990939979,41676800,-0.765075125208681,17.59,0.00682211483797601,17.469999,18.18,0,-1.00122345538757,-1.49036288430564
"2006-08-03",2006-08-03,-0.014781125639568,58432000,-0.768547579298831,17.33,0,17.33,18,6659,-1.00453870995898,-1.52924330205729
"2006-08-04",2006-08-04,0.0092325447201385,52987200,-0.766410684474124,17.49,0.00914808461978278,17.33,17.49,6659,-0.99721956729516,-1.48662231246715
"2006-08-07",2006-08-07,-0.00971983990851905,32853500,-0.768681135225376,17.32,0,0,17.49,6661,-1.0029624466324,-1.5297477146513
"2006-08-08",2006-08-08,0.00230952655889146,45404900,-0.768146898163606,17.360001,0.00230420493639372,17.32,17.360001,6661,-0.999304995221962,-1.51902751729064
"2006-08-09",2006-08-09,0.00230408972902698,56902300,-0.767612687813022,17.4,0.00459770114942515,0,17.4,0,1.9953525299798,-1.50834786540428
"2006-08-10",2006-08-10,0.0201149425287357,56529900,-0.762938230383973,17.75,0.0242253521126761,0,17.75,0,5.2690140845072,-1.41656392251796
"2006-08-11",2006-08-11,-0.0191549295774648,41429700,-0.767479131886478,17.41,0.00516944284893739,17.32,17.75,6665,-1.00595185995624,-1.50568410487854
"2006-08-14",2006-08-14,0.0264216542217116,61408800,-0.76133554590985,17.870001,0.0257415206635969,17.41,17.870001,6665,4.9795541639247,-1.40478467179203
"2006-08-15",2006-08-15,0.0145494116088747,49983300,-0.757863118530885,18.129999,0.0397131296035924,0,18.129999,0,1.54276548470401,-1.33890222211479
"2006-08-16",2006-08-16,0.0264755668215977,68487700,-0.751452407345576,18.610001,0.064481511849462,0,18.610001,0,1.62368245698846,-1.22114535573354
"2006-08-17",2006-08-17,-0.00268683489055155,63929800,-0.752120213689483,18.559999,0.0619611563556658,17.41,18.610001,6669,-1.00088868747692,-1.23318637124134
"2006-08-18",2006-08-18,-0.00862063624033615,61895700,-0.754257095158598,18.4,0.0538043478260869,17.41,18.610001,0,-1.00284114351698,-1.27206346946172
"2006-08-21",2006-08-21,-0.0081521739130434,55186800,-0.756260434056761,18.25,0.0460273972602739,17.41,18.610001,0,-1.00265604249668,-1.30900156203717
"2006-08-22",2006-08-22,0.00493150684931506,67402200,-0.755058430717863,18.34,0.0507088331515813,17.41,18.610001,0,1.10170976787662,-1.28678105171917
"2006-08-23",2006-08-23,0.00218097055616149,58397100,-0.754524220367279,18.379999,0.052774703633009,17.41,18.610001,0,1.0407398544402,-1.2769610942598
"2006-08-24",2006-08-24,0.00979325406927387,48177800,-0.752120213689483,18.559999,0.0619611563556658,17.41,18.610001,0,1.17406924322188,-1.23318637124134
"2006-08-25",2006-08-25,0.0183190203835678,67059700,-0.747579298831386,18.9,0.0343915343915343,18.25,18.9,6669,-0.993962514534982,-1.32016094577809
"2006-08-28",2006-08-28,0.0253967724867726,68405300,-0.741168627712855,19.379999,0.0583074849487867,0,19.379999,0,1.69540225466472,-1.20562368559916
"2006-08-29",2006-08-29,0.0154799285593357,74624700,-0.737161936560935,19.68,0.0726626016260162,0,19.68,0,1.24619680800566,-1.13627500630456
"2006-08-30",2006-08-30,0.00813008130081302,70874700,-0.735025041736227,19.84,0.080141129032258,0,19.84,0,1.10292127227611,-1.09995958253033
"2006-08-31",2006-08-31,-0.0136088709677419,46176100,-0.738631051752922,19.57,0.0674501788451712,18.25,19.84,6679,-1.00490596892886,-1.16150976741218
"2006-09-01",2006-09-01,0.0158405212059275,68302800,-0.734490831385643,19.879999,0.0155935118507803,19.57,19.879999,6679,-0.994394738269596,-1.34172473235527
"2006-09-05",2006-09-05,0.00553324977531422,80198200,-0.733021702838064,19.99,0.0210105052526263,0,19.99,0,1.34738764773985,-1.31571730067438
"2006-09-06",2006-09-06,-0.0340170585292645,76688700,-0.742103519198665,19.309999,0,0,19.99,6682,-1.01238955998907,-1.42936965888461
"2006-09-07",2006-09-07,-0.00466079775560837,76842800,-0.743305522537563,19.219999,0,19.219999,19.309999,6683,-1.00161972461766,-1.43390937223069
"2006-09-08",2006-09-08,0.0119668060336527,49942000,-0.74023370951586,19.450001,0.0118252950218357,19.219999,19.450001,6683,-0.995867361497307,-1.37764613400595
"2006-09-11",2006-09-11,-0.00257074536911344,57210500,-0.740901502504174,19.4,0.00927840206185548,19.219999,19.450001,6685,-1.00090213804063,-1.38978732549076
"2006-09-12",2006-09-12,0.0180412371134021,58584500,-0.736227045075125,19.75,0.0177215189873419,19.4,19.75,6685,1.90997532432842,-1.34024501105745
"2006-09-13",2006-09-13,0.00405063291139232,63946600,-0.735158597662771,19.83,0.021684316691881,0,19.83,0,1.22361501332756,-1.32124305834612
"2006-09-14",2006-09-14,-0.00252138174483105,53450900,-0.7358263639399,19.780001,0.0192113741551379,19.4,19.83,6688,-1.00090832954855,-1.33310485378138
"2006-09-15",2006-09-15,-0.0136502015343678,71462900,-0.739432387312187,19.51,0.00563813429010784,19.4,19.83,0,-1.00490064443054,-1.39798731131757
"2006-09-18",2006-09-18,0.00717580727831866,54073800,-0.737562604340568,19.65,0.0127226463104325,19.4,19.83,0,2.25653481378663,-1.36416882582401
"2006-09-19",2006-09-19,-0.0117048346055978,62041700,-0.740634390651085,19.42,0.00102986611740485,19.4,19.83,0,-1.00416478044364,-1.41993148257901
"2006-09-20",2006-09-20,0.00360453141091641,60897400,-0.739699499165276,19.49,0.00461775269368903,19.4,19.83,0,4.48383786557154,-1.40284990279846
"2006-09-21",2006-09-21,-0.0153924576706003,59113600,-0.74370616360601,19.190001,0,19.190001,19.780001,6693,-1.00541661099576,-1.43542250913021
"2006-09-22",2006-09-22,-0.00625330868924908,48765500,-0.745308848080134,19.07,0,19.07,19.190001,6694,-1.00215499689602,-1.44147551069958
"2006-09-25",2006-09-25,0.0178290508652333,55961500,-0.74076794657763,19.41,0.0175167439464193,19.07,19.41,6694,-0.993907355971687,-1.35816843143676
"2006-09-26",2006-09-26,0.028335857805255,95999900,-0.733422383973289,19.959999,0.0445891304904373,0,19.959999,0,2.54551477299821,-1.22817908944624
"2006-09-27",2006-09-27,0.0215430872516577,131829700,-0.727679479131887,20.389999,0.0647375706099839,0,20.389999,0,1.45186887247931,-1.130392934896
"2006-09-28",2006-09-28,0.0186366365196977,98036700,-0.722604340567613,20.77,0.0818488204140587,0,20.77,0,1.26431714447802,-1.04659962075295
"2006-09-29",2006-09-29,-0.00962927298988923,73305600,-0.725275459098498,20.57,0.0729217306757414,19.07,20.77,6699,-1.00369651603364,-1.09040360961597
"2006-10-02",2006-10-02,-0.00631983471074388,51710400,-0.72701167278798,20.440001,0.0670254859576572,19.07,20.77,0,-1.00239386796796,-1.11922979684442
"2006-10-03",2006-10-03,0.00636002904305149,80567600,-0.725275459098498,20.57,0.0729217306757414,19.07,20.77,0,1.08797018975452,-1.09040360961597
"2006-10-04",2006-10-04,0.0121536217792902,78890600,-0.721936560934892,20.82,0.018251633045149,20.440001,20.82,6699,-0.995396372341405,-1.28427073439834
"2006-10-05",2006-10-05,-0.00192118155619605,53715500,-0.722470771285476,20.780001,0.0163618856418727,20.440001,20.82,6703,-1.00073996855055,-1.29342551210107
"2006-10-06",2006-10-06,-0.0072185752060357,63556800,-0.724474136894825,20.629999,0.00920979201210836,20.440001,20.82,0,-1.00277293655186,-1.32800375257041
"2006-10-09",2006-10-09,-0.000484634051606258,46476300,-0.724607666110184,20.620001,0.00872938851942828,20.440001,20.82,0,-1.00018431191475,-1.33032244705161
"2006-10-10",2006-10-10,0.0130939857859367,73980400,-0.721001682804675,20.889999,0.0129247493022858,20.620001,20.889999,6703,1.4806019085438,-1.3008584141914
"2006-10-11",2006-10-11,0,106865400,-0.721001682804675,20.889999,0.0129247493022858,0,20.889999,0,-1,-1.3008584141914
"2006-10-12",2006-10-12,0.0287219257406378,81941100,-0.712988313856428,21.49,0.040483899488134,0,21.49,0,3.13227734954783,-1.16650850463535
"2006-10-13",2006-10-13,0.00511865984178702,78944400,-0.711519198664441,21.6,0.0453703240740742,0,21.6,0,1.12070044258885,-1.1425049700213
"2006-10-16",2006-10-16,0.000463009259259215,93626600,-0.711385629382304,21.610001,0.0458121218967089,0,21.610001,0,1.00973759459847,-1.14033192969778
"2006-10-17",2006-10-17,-0.0328552044028134,117951400,-0.720868113522538,20.9,0.013397081339713,20.620001,21.610001,6711,-1.01332959754679,-1.29857005257223
"2006-10-18",2006-10-18,0.0100478947368422,115013500,-0.718063425709516,21.110001,0.0232117468871745,20.620001,21.610001,0,1.732597294783,-1.25090941385712
"2006-10-19",2006-10-19,-0.00378967296117143,73635800,-0.71913187312187,21.030001,0.019495957227962,20.620001,21.610001,0,-1.00148795687693,-1.26897846922642
"2006-10-20",2006-10-20,0.0142652870059302,61151200,-0.715125208681135,21.33,0.0332864041256447,20.620001,21.610001,0,1.70734905377735,-1.20176252959443
"2006-10-23",2006-10-23,0.00562592592592602,53105200,-0.713522524207012,21.450001,0.038694636890693,20.620001,21.610001,0,1.1624757286679,-1.17528377239883
"2006-10-24",2006-10-24,0.00792540755592497,62841600,-0.71125207345576,21.620001,0.0333025424004374,20.9,21.620001,6711,-0.996817969056022,-1.18707356306337
"2006-10-25",2006-10-25,0.00462525418014564,53309500,-0.709916540901503,21.719999,0.037753178533756,0,21.719999,0,1.13364253334785,-1.16522042308974
"2006-10-26",2006-10-26,0.00230207192919292,44042700,-0.709248747913189,21.77,0.0399632521819018,0,21.77,0,1.05854006825332,-1.1543513271771
"2006-10-27",2006-10-27,-0.0307762976573265,99919800,-0.718196994991653,21.1,0.00947867298578209,20.9,21.77,6719,-1.0126165144525,-1.30328080342698
"2006-10-30",2006-10-30,0.0075829383886256,41171900,-0.716060100166945,21.26,0.0169332079021638,20.9,21.77,0,1.78645343367826,-1.26705599423169
"2006-10-31",2006-10-31,0.00376293508936963,55491300,-0.714991652754591,21.34,0.020618556701031,20.9,21.77,0,1.2176403207331,-1.24910190757795
"2006-11-01",2006-11-01,-0.0149953139643861,57883600,-0.719265442404007,21.02,0.00570884871550914,20.9,21.77,0,-1.00597739796395,-1.32155393613704
"2006-11-02",2006-11-02,-0.0161750713606089,68204800,-0.723806343906511,20.68,0,20.68,21.34,6723,-1.00631324853774,-1.360265083064
"2006-11-03",2006-11-03,-0.00822050290135388,47924400,-0.726076794657763,20.51,0,20.51,20.68,6724,-1.00313682073992,-1.36884009716217
"2006-11-06",2006-11-06,0.0151145782545099,47833000,-0.721936560934892,20.82,0.0148895292987511,20.51,20.82,6724,-0.994297801894601,-1.29696869184532
"2006-11-07",2006-11-07,-0.000960662824207522,48489800,-0.722203686143573,20.799999,0.0139422602856855,20.51,20.82,6726,-1.00037001202479,-1.30155520294514
"2006-11-08",2006-11-08,-0.00432692328494823,52943400,-0.723405689482471,20.709999,0.00965712262950846,20.51,20.82,0,-1.00166435503163,-1.32227897833003
"2006-11-09",2006-11-09,-0.0140028495414219,52833700,-0.727278797996661,20.42,0,20.42,20.799999,6728,-1.00535399233169,-1.37337981050826
"2006-11-10",2006-11-10,0.00783545543584704,31864200,-0.725141903171954,20.58,0.0077745383867831,20.42,20.58,6728,-0.997061794141952,-1.33594641563074
"2006-11-13",2006-11-13,0.0204081632653062,45829100,-0.719532554257096,21,0.0276190476190475,0,21,0,3.55250000000007,-1.23981255659683
"2006-11-14",2006-11-14,0.0419047142857144,74391100,-0.707779646076795,21.879999,0.0667275624646966,0,21.879999,0,2.41599795130799,-1.04771967844925
"2006-11-15",2006-11-15,0.0201097358368252,104300100,-0.701903171953256,22.32,0.0851254480286737,0,22.32,0,1.27571643387559,-0.956040536574174
"2006-11-16",2006-11-16,0.000448028673835036,65568900,-0.701769616026712,22.33,0.0855351545006716,0,22.33,0,1.00481297287105,-0.953988748961545
"2006-11-17",2006-11-17,-0.0103000447828033,56835000,-0.704841402337229,22.1,0.0760180995475113,20.42,22.33,6734,-1.00437720049481,-1.001534149916
"2006-11-20",2006-11-20,0.00769230769230761,65794500,-0.702570951585977,22.27,0.0830713964975303,20.42,22.33,0,1.09278444202108,-0.966320319383864
"2006-11-21",2006-11-21,-0.0314324202963628,87522600,-0.711919866444074,21.57,0.053314789058878,20.42,22.33,0,-1.01330671989355,-1.11401363747318
"2006-11-22",2006-11-22,0.00741770978210478,41640800,-0.709782971619366,21.73,0.0602853198343304,20.42,22.33,0,1.13074291202305,-1.07961680993736
"2006-11-24",2006-11-24,-0.00644270593649335,23076000,-0.711652754590985,21.59,0.0541917554423343,20.42,22.33,0,-1.00263430238028,-1.10969269503372
"2006-11-27",2006-11-27,-0.0264011116257527,52691900,-0.719265442404007,21.02,0.0285442435775451,20.42,22.33,0,-1.01069719433236,-1.23530946121453
"2006-11-28",2006-11-28,-0.00190294957183631,53901800,-0.719799666110184,20.98,0.0266920877025738,20.42,22.33,0,-1.00074273512209,-1.24432231407674
"2006-11-29",2006-11-29,0.0123927550047663,55212100,-0.716327212020034,21.24,0.0386064030131825,20.42,22.33,0,1.44636131288673,-1.18620972807857
"2006-11-30",2006-11-30,0.00753295668549907,47485000,-0.714190317195326,21.4,0.0457943925233644,20.42,22.33,0,1.18618645999544,-1.15099160472074
"2006-12-01",2006-12-01,-0.0219626168224299,65117600,-0.720467445742905,20.93,0.0243669374104156,20.42,22.33,0,-1.00878915381019,-1.25562597978563
"2006-12-04",2006-12-04,0.0138556617295749,62659300,-0.716594337228715,21.219999,0.0377002374034042,20.42,22.33,0,1.54718817422206,-1.19064100028475
"2006-12-05",2006-12-05,-0.0047124413153838,33748700,-0.717929869782972,21.120001,0.0331439851731066,20.42,22.33,0,-1.00186372189239,-1.21289303000311
"2006-12-06",2006-12-06,-0.0104167135219359,46963900,-0.720868113522538,20.9,0.0229665071770333,20.42,22.33,0,-1.00409266122394,-1.2624283474852
"2006-12-07",2006-12-07,-0.0119617224880383,55815100,-0.724207011686144,20.65,0.0111380145278449,20.42,22.33,0,-1.00463177396943,-1.31971238678022
"2006-12-08",2006-12-08,0.00145278450363202,41723600,-0.723806343906511,20.68,0.0125725338491295,20.42,22.33,0,1.12879488688925,-1.31278127177829
"2006-12-11",2006-12-11,0.000967166344294033,37802100,-0.72353921869783,20.700001,0.0135266177040281,20.42,22.33,0,1.07588636199732,-1.30816902245677
"2006-12-12",2006-12-12,0.00144922698312914,45888000,-0.72313856427379,20.73,0.014954172696575,20.42,22.33,0,1.10553672941624,-1.30126426069834
"2006-12-13",2006-12-13,-0.0014471297636276,47987600,-0.72353921869783,20.700001,0.0135266177040281,20.42,22.33,0,-1.00055404931203,-1.30816902245677
"2006-12-14",2006-12-14,0.00338159403953648,49471000,-0.722604340567613,20.77,0.0168512277323061,20.42,22.33,0,1.24578280402557,-1.2920818331663
"2006-12-15",2006-12-15,0.00914776119402986,81300400,-0.720066791318865,20.959999,0.0257633122978679,20.42,22.33,0,1.5288685612192,-1.24883897871443
"2006-12-18",2006-12-18,-0.00572514340291715,48970900,-0.721669449081803,20.84,0.0201535508637235,20.42,22.33,0,-1.00222570709031,-1.27607876634812
"2006-12-19",2006-12-19,-0.00863723608445296,47440100,-0.7240734557596,20.66,0.0116166505324298,20.42,22.33,0,-1.00333117423892,-1.31740026684662
"2006-12-20",2006-12-20,-0.00290416263310739,30772600,-0.724874791318865,20.6,0.00873786407766985,20.42,22.33,0,-1.0011067047865,-1.33129931228323
"2006-12-21",2006-12-21,-0.0111650000000001,48988800,-0.72794656427379,20.370001,0,20.370001,22.27,6757,-1.00423766006449,-1.37590182303705
"2006-12-22",2006-12-22,-0.014236670876943,35337100,-0.731819699499165,20.08,0,20.08,20.370001,6758,-1.00532063123238,-1.39052983870459
"2006-12-26",2006-12-26,0.00348605577689244,30535300,-0.730884808013356,20.15,0.00347394540942925,20.08,20.15,6758,-0.998722511178027,-1.37387859070358
"2006-12-27",2006-12-27,0.0124069478908189,31892600,-0.72754590984975,20.4,0.015686274509804,0,20.4,0,4.51540616246505,-1.31514488200767
"2006-12-28",2006-12-28,0.000980392156862898,29665000,-0.727278797996661,20.42,0.0166503428011755,0,20.42,0,1.06145935357493,-1.3104949740146
"2006-12-29",2006-12-29,-0.00832517140058774,37099300,-0.729549248747913,20.25,0.0083950617283951,20.08,20.42,6762,-1.00312184372418,-1.35024844531752
"2007-01-03",2007-01-03,0.00493827160493834,69001200,-0.728213689482471,20.35,0.0132678132678135,20.08,20.42,0,1.58043069807777,-1.32680096351325
"2007-01-04",2007-01-04,0.0402948402948403,88902300,-0.717262103505843,21.17,0.043457723193198,20.25,21.17,6762,3.27542469252432,-1.17141820210129
"2007-01-05",2007-01-05,-0.00330656589513464,64550800,-0.718196994991653,21.1,0.0402843601895735,20.25,21.17,6765,-1.00130341681408,-1.186934213689
"2007-01-08",2007-01-08,-0.00426540284360189,52839100,-0.719398998330551,21.01,0.0361732508329368,20.25,21.17,0,-1.00167364016736,-1.20700072085469
"2007-01-09",2007-01-09,0.000951975249880868,54381000,-0.71913187312187,21.030001,0.0370899173994332,20.25,21.17,0,1.02534100600275,-1.20252978874756
"2007-01-10",2007-01-10,0.0232999988920591,76346900,-0.712587646076795,21.52,0.0236988847583642,21.01,21.52,6765,-0.990899823398641,-1.22838873084559
"2007-01-11",2007-01-11,0.0185873605947956,99263900,-0.707245409015025,21.92,0.0415145985401459,0,21.92,0,1.75175325604695,-1.14092602994419
"2007-01-12",2007-01-12,0.00958024635036495,90707700,-0.704440747913189,22.129999,0.0506099887306818,0,22.129999,0,1.21908895931489,-1.0959820435817
"2007-01-16",2007-01-16,0.00768188014829997,132197800,-0.702170297161937,22.299999,0.0578474913832955,0,22.299999,0,1.14300541916987,-1.06007250692343
"2007-01-17",2007-01-17,-0.0565021550000966,192479200,-0.718998317195326,21.040001,0.00142590297405398,21.01,22.299999,6772,-1.0239657246987,-1.3367208441465
"2007-01-18",2007-01-18,-0.0185361683205244,101259500,-0.724207011686144,20.65,0,20.65,21.040001,6773,-1.00724437646966,-1.36177832084603
"2007-01-19",2007-01-19,0.0082324455205812,64459100,-0.721936560934892,20.82,0.00816522574447653,20.65,20.82,6773,-0.996864914707238,-1.32236496954324
"2007-01-22",2007-01-22,-0.00144087415946206,77064300,-0.722337215358932,20.790001,0.00673405451014653,20.65,20.82,6775,-1.00055497178799,-1.32928338908493
"2007-01-23",2007-01-23,-0.0115441071888357,66796000,-0.725542584307179,20.549999,0,20.549999,20.790001,6776,-1.00443749661528,-1.36682249722739
"2007-01-24",2007-01-24,0.0141119714896337,55953800,-0.721669449081803,20.84,0.0139155950095969,20.549999,20.84,6776,-0.994661739628868,-1.29963821125719
"2007-01-25",2007-01-25,-0.0115163147792706,57199100,-0.724874791318865,20.6,0.00242723300970882,20.549999,20.84,6778,-1.00444156565189,-1.35513323616211
"2007-01-26",2007-01-26,-0.003398009708738,62234300,-0.725809669449082,20.530001,0,20.530001,20.6,6779,-1.00128970981115,-1.36783122153289
"2007-01-29",2007-01-29,0.0175352159018405,99681400,-0.721001682804675,20.889999,0.017233030982912,20.530001,20.889999,6779,-0.993375692214108,-1.28458694204875
"2007-01-30",2007-01-30,0.00191483972785256,61693700,-0.720467445742905,20.93,0.0191112756808409,0,20.93,0,1.10899096623173,-1.27547550675795
"2007-01-31",2007-01-31,0.00143330148112757,47840000,-0.720066791318865,20.959999,0.0205151727345025,0,20.959999,0,1.07345909698059,-1.26866009604991
"2007-02-01",2007-02-01,0.00715658431090577,50473200,-0.718063425709516,21.110001,0.0274751289684924,0,21.110001,0,1.3392589633079,-1.23480751804061
"2007-02-02",2007-02-02,0.005684462070845,55291300,-0.716460767946578,21.23,0.0329721620348564,0,21.23,0,1.20007305780686,-1.20799348169989
"2007-02-05",2007-02-05,0.00235520489872813,63384700,-0.715792974958264,21.280001,0.0352443592460358,0,21.280001,0,1.06891259386562,-1.19688975817925
"2007-02-06",2007-02-06,0.00140968038488356,56861600,-0.715392333889817,21.309999,0.036602441886553,0,21.309999,0,1.03853333326439,-1.19024742929771
"2007-02-07",2007-02-07,0.00938531250048394,57645400,-0.712721202003339,21.51,0.045560158066016,0,21.51,0,1.24473001575214,-1.14632772037829
"2007-02-08",2007-02-08,-0.00697345420734547,40270500,-0.71472452754591,21.360001,0.0388576760834423,20.530001,21.51,6788,-1.00281081233018,-1.17920772106664
"2007-02-09",2007-02-09,-0.015449437478959,80404400,-0.71913187312187,21.030001,0.0237755575950758,20.530001,21.51,0,-1.00616649549036,-1.2528153203617
"2007-02-12",2007-02-12,-0.0109368515959652,48013400,-0.722203686143573,20.799999,0.012980673700994,20.530001,21.51,0,-1.00427155732699,-1.30518691286696
"2007-02-13",2007-02-13,0.00336548093103268,55316100,-0.721268767946578,20.870001,0.0162913264834055,20.530001,21.51,0,1.25504475797416,-1.28915228582954
"2007-02-14",2007-02-14,0.0129371340231369,56559400,-0.717662784641069,21.139999,0.0288551574671314,20.530001,21.51,0,1.7711975446888,-1.22808230427699
"2007-02-15",2007-02-15,0.008041627627324,44728000,-0.715392333889817,21.309999,0.036602441886553,20.530001,21.51,0,1.26848872435531,-1.19024742929771
"2007-02-16",2007-02-16,-0.00375405930333459,47511800,-0.716460767946578,21.23,0.0329721620348564,20.530001,21.51,0,-1.00149349385805,-1.20799348169989
"2007-02-20",2007-02-20,-0.00235515779557234,47945200,-0.717128547579299,21.18,0.030689282341832,20.530001,21.51,0,-1.00093205331345,-1.21913750026237
"2007-02-21",2007-02-21,-0.0141643531633616,69355500,-0.721135238731219,20.879999,0.0167623571246341,20.530001,21.51,0,-1.00558713101779,-1.28686899063339
"2007-02-22",2007-02-22,0.00431034503402035,52430400,-0.719933235392321,20.969999,0.0209822613725448,20.530001,21.51,0,1.25174885706909,-1.26639158808669
"2007-02-23",2007-02-23,-0.0100142589420247,75768100,-0.722737896494157,20.76,0.011078949903661,20.530001,21.51,0,-1.00389572388655,-1.31438692288659
"2007-02-26",2007-02-26,0.00433526011560693,72228200,-0.721535893155259,20.85,0.0153476738609114,20.530001,21.51,0,1.38530041153448,-1.29372513858415
"2007-02-27",2007-02-27,-0.0393284892086332,99034300,-0.732487465776294,20.030001,0,20.030001,21.360001,6800,-1.01517813975012,-1.39305185123338
"2007-02-28",2007-02-28,-0.00848726867262753,102774400,-0.734757916527546,19.860001,0,19.860001,20.030001,6801,-1.00309964450906,-1.40162686533155
"2007-03-01",2007-03-01,-0.0135952158310566,108287900,-0.738363939899833,19.59,0,19.59,19.860001,6802,-1.00490777069722,-1.41524605581107
"2007-03-02",2007-03-02,-0.018887238386932,95602100,-0.743305522537563,19.219999,0,19.219999,19.59,6803,-1.00669261101565,-1.43390937223069
"2007-03-05",2007-03-05,-0.00572310123429252,88237400,-0.744774611018364,19.110001,0,19.110001,19.219999,6804,-1.0019764261616,-1.43945780988228
"2007-03-06",2007-03-06,0.0151752477668629,66882600,-0.740901502504174,19.4,0.0149484020618555,19.110001,19.4,6804,-0.994799623326453,-1.3683729301731
"2007-03-07",2007-03-07,-0.0144329381443299,68343100,-0.74464105509182,19.120001,0.000523012524946909,19.110001,19.4,6806,-1.00504730058585,-1.43697808918152
"2007-03-08",2007-03-08,0.00575308547316509,46507200,-0.743171953255426,19.23,0.00624019760790429,19.110001,19.4,0,11.9312584503358,-1.40983699765468
"2007-03-09",2007-03-09,-0.00676027041081638,51056700,-0.744908180300501,19.1,0,19.1,19.23,6808,-1.00233623865576,-1.43996227291755
"2007-03-12",2007-03-12,0.0198952879581151,68184600,-0.73983305509182,19.48,0.0195071868583162,19.1,19.48,6808,-0.99318691169879,-1.34712005979146
"2007-03-13",2007-03-13,-0.0184804414784395,66226600,-0.74464105509182,19.120001,0.00104607735114648,19.1,19.48,6810,-1.0064987634263,-1.43500258354395
"2007-03-14",2007-03-14,0.00575308547316509,70074300,-0.743171953255426,19.23,0.00676027041081639,19.1,19.48,0,6.46249572596833,-1.40787279225864
"2007-03-15",2007-03-15,-0.00468023920956843,52048300,-0.744373969949917,19.139999,0.00208981202141123,19.1,19.48,0,-1.00161741396352,-1.43005189330621
"2007-03-16",2007-03-16,0.000522518313611147,56509100,-0.74424040066778,19.15,0.00261096605744116,19.1,19.48,0,1.24937842767217,-1.42757914128524
"2007-03-19",2007-03-19,-0.00208872062663176,59139800,-0.744774611018364,19.110001,0.000523338538810036,19.1,19.48,0,-1.00071779273217,-1.43748127048986
"2007-03-20",2007-03-20,-0.00627948685089038,62861900,-0.746377295492488,18.99,0,18.99,19.23,6815,-1.00215190535554,-1.44551081145166
"2007-03-21",2007-03-21,0.0184307530279095,61537800,-0.741702838063439,19.34,0.0180972078593589,18.99,19.34,6815,-0.993737138767111,-1.35950702970077
"2007-03-22",2007-03-22,-0.00930713547052739,50898400,-0.744106844741236,19.16,0.00887265135699378,18.99,19.34,6817,-1.00324119924372,-1.40342566266663
"2007-03-23",2007-03-23,0.00574112734864298,37566600,-0.742637729549249,19.27,0.0145303580695382,18.99,19.34,0,1.63765682713147,-1.37650915797135
"2007-03-26",2007-03-26,0.00103793461338872,39226400,-0.742370604340568,19.290001,0.0155521505675402,18.99,19.34,0,1.07032121941607,-1.3716411873712
"2007-03-27",2007-03-27,-0.0119233793715199,50285100,-0.745442417362271,19.059999,0.0036725605284661,18.99,19.34,0,-1.00413784301768,-1.42810948643597
"2007-03-28",2007-03-28,-0.0104930750521026,50042600,-0.74811350918197,18.860001,0,18.860001,19.290001,6821,-1.00358323025023,-1.45206812473253
"2007-03-29",2007-03-29,0.0121950682823399,71000900,-0.745041736227045,19.09,0.0120481403876375,18.860001,19.09,6821,-0.995893974754869,-1.39496339783897
"2007-03-30",2007-03-30,0.00209528548978532,60162400,-0.744507525876461,19.129999,0.0141138533253452,0,19.129999,0,1.17145491928591,-1.38514403538904
"2007-04-02",2007-04-02,0,54240600,-0.744507525876461,19.129999,0.0141138533253452,0,19.129999,0,-1,-1.38514403538904
"2007-04-03",2007-04-03,0.0094093052487875,53274700,-0.742103519198665,19.309999,0.0233038852047585,0,19.309999,0,1.65113556642325,-1.34135579464965
"2007-04-04",2007-04-04,0.00362506492102875,49475500,-0.741168627712855,19.379999,0.0268316835310467,0,19.379999,0,1.15138241092811,-1.32450115552859
"2007-04-05",2007-04-05,0.0103199695727537,36683100,-0.738497495826377,19.58,0.0367721654749743,0,19.58,0,1.37047552131515,-1.27686974738784
"2007-04-09",2007-04-09,0.0265577119509705,117593100,-0.731552587646077,20.1,0.0616914925373134,0,20.1,0,1.67766819659555,-1.15652524474569
"2007-04-10",2007-04-10,0.0288557213930347,94796500,-0.723806343906511,20.68,0.0880076885880077,0,20.68,0,1.42657739290028,-1.02787858669404
"2007-04-11",2007-04-11,-0.0101547872340425,90710100,-0.726611031719533,20.469999,0.0786515915315873,18.860001,20.68,6830,-1.00387491466002,-1.07380730883995
"2007-04-12",2007-04-12,0.00146560827873019,63681100,-0.726210350584307,20.5,0.0799999512195122,18.860001,20.68,0,1.01714345077662,-1.06720155017793
"2007-04-13",2007-04-13,-0.00195126829268294,44046400,-0.726744587646077,20.459999,0.0782012745943926,18.860001,20.68,0,-1.00073565057471,-1.07601247362291
"2007-04-16",2007-04-16,0.0112415450264684,56647300,-0.723672774624374,20.690001,0.01111657751974,20.459999,20.690001,6830,-0.995773187617878,-1.3177756490257
"2007-04-17",2007-04-17,0.014016384049474,104587400,-0.719799666110184,20.98,0.0247855576739753,0,20.98,0,2.22960327762414,-1.25152287628439
"2007-04-18",2007-04-18,0.0176358436606292,112621700,-0.714858096828047,21.35,0.0416862295081968,0,21.35,0,1.68187579462725,-1.16902933379947
"2007-04-19",2007-04-19,0.0215456206088993,97553200,-0.708714537562605,21.809999,0.0618982146675019,0,21.809999,0,1.48485999807996,-1.06948999568239
"2007-04-20",2007-04-20,0.0160477311346965,120196700,-0.704040066777963,22.16,0.0767148465703972,0,22.16,0,1.23937090887816,-0.995876207652736
"2007-04-23",2007-04-23,-0.0112815884476534,55767600,-0.70737896494157,21.91,0.0661798722044729,20.459999,22.16,6838,-1.00474248316418,-1.0482749009392
"2007-04-24",2007-04-24,0.00136928343222267,85220200,-0.706978283806344,21.940001,0.0674567881742576,20.459999,22.16,0,1.01929462731266,-1.04193897014724
"2007-04-25",2007-04-25,0.0145851862085149,68950800,-0.702704507512521,22.26,0.0157232704402517,21.91,22.26,6838,-0.993954869064983,-1.22118441368768
"2007-04-26",2007-04-26,-0.00763701707097941,62587700,-0.704974958263773,22.09,0.00814848347668629,21.91,22.26,6841,-1.0032310177706,-1.25836780212181
"2007-04-27",2007-04-27,-0.00995921231326398,48819400,-0.707913175292154,21.870001,0,21.870001,22.09,6842,-1.00416783177039,-1.30023993393558
"2007-04-30",2007-04-30,-0.0169181976717787,60430900,-0.712854757929883,21.5,0,21.5,21.870001,6843,-1.00698049253807,-1.3189032503552
"2007-05-01",2007-05-01,0.0139534418604651,60719800,-0.708848093489149,21.799999,0.0137614226496066,21.5,21.799999,6843,-0.994379409836066,-1.25179692919271
"2007-05-02",2007-05-02,0.00596334889740133,68653800,-0.707111853088481,21.93,0.0196078431372549,0,21.93,0,1.42484128541867,-1.22315881670202
"2007-05-03",2007-05-03,-0.00866393068855455,71127400,-0.709649415692822,21.74,0.0110395584176632,21.5,21.93,6846,-1.00358862971008,-1.26510326201637
"2007-05-04",2007-05-04,0.00735970561177554,53037600,-0.707512520868114,21.9,0.0182648401826483,21.5,21.93,0,1.6544901065449,-1.22974429366972
"2007-05-07",2007-05-07,0.00273968036529686,36978500,-0.706711198664441,21.959999,0.010018169855108,21.74,21.959999,6846,-0.998867409155262,-1.25786380478121
"2007-05-08",2007-05-08,0.00865214064900453,49529000,-0.704173622704508,22.15,0.0185101580135441,0,22.15,0,1.84765863239046,-1.21620746506123
"2007-05-09",2007-05-09,0.0144469074492101,72643900,-0.699899846410685,22.469999,0.0324877184017678,0,22.469999,0,1.75512917707111,-1.1472760120127
"2007-05-10",2007-05-10,-0.011570984048553,65528600,-0.703372300500835,22.209999,0.021161594829428,21.74,22.469999,6851,-1.00496135855431,-1.20316712174881
"2007-05-11",2007-05-11,0.00315182364483667,46752400,-0.70243738230384,22.280001,0.0242370276374764,21.74,22.469999,0,1.14533086153656,-1.18802087099315
"2007-05-14",2007-05-14,-0.00718132822345924,50199300,-0.704574277128548,22.120001,0.0171790679394634,21.74,22.469999,0,-1.00304211432726,-1.22274789914799
"2007-05-15",2007-05-15,-0.00497292020918068,57409000,-0.706043405676127,22.01,0.0122671512948661,21.74,22.469999,0,-1.00208512941115,-1.24684776233762
"2007-05-16",2007-05-16,0.00772376192639701,60776000,-0.703772954924875,22.18,0.0198376916140668,21.74,22.469999,0,1.61713923120594,-1.20968041258448
"2007-05-17",2007-05-17,0.00225428313796216,58022700,-0.703105175292154,22.23,0.02204228520018,21.74,22.469999,0,1.11113155849998,-1.19883206415273
"2007-05-18",2007-05-18,0.021142645074224,68319300,-0.696828033388982,22.700001,0.0303965184847348,22.01,22.700001,6851,1.37900939982786,-1.14357244293384
"2007-05-21",2007-05-21,-0.00308378841040574,51141900,-0.697762951585977,22.629999,0.0273972172955023,22.01,22.700001,6858,-1.00134167707411,-1.15843116060635
"2007-05-22",2007-05-22,0.0159081315027896,66447600,-0.692954924874792,22.99,0.0156590256633318,22.629999,22.99,6858,-0.993109369449529,-1.18460493331087
"2007-05-23",2007-05-23,-0.013919095258808,63578800,-0.697228714524207,22.67,0.00176449051610061,22.629999,22.99,6860,-1.00616748578587,-1.25322286795904
"2007-05-24",2007-05-24,-0.030877856197618,86970900,-0.706577642737897,21.969999,0,21.969999,22.67,6861,-1.01340869648501,-1.295195908878
"2007-05-25",2007-05-25,0.00864820248740106,38037600,-0.704040066777963,22.16,0.00857405234657038,21.969999,22.16,6861,-0.996408638192824,-1.25322963001055
"2007-05-29",2007-05-29,0.00631764440433211,48537900,-0.702170297161937,22.299999,0.0147982069416236,0,22.299999,0,1.7259291573538,-1.22266058367416
"2007-05-30",2007-05-30,-0.00986542645136448,58288200,-0.705108514190318,22.08,0.00498192934782593,21.969999,22.299999,6864,-1.00418447923567,-1.27083162246012
"2007-05-31",2007-05-31,0.00452898550724644,49304200,-0.703772954924875,22.18,0.00946803426510368,21.969999,22.299999,0,1.90047541907342,-1.24884442348032
"2007-06-01",2007-06-01,0.00811546438232645,48706100,-0.701368934891486,22.360001,0.0125224055222539,22.08,22.360001,6864,1.32259824707307,-1.22822922967183
"2007-06-04",2007-06-04,-0.00894458815095761,48184200,-0.704040066777964,22.16,0.00361010830324915,22.08,22.360001,6867,-1.00380845479974,-1.27197740074749
"2007-06-05",2007-06-05,-0.00902531588447655,55921800,-0.706711198664441,21.959999,0,21.959999,22.16,6868,-1.00379400550128,-1.29570032147201
"2007-06-06",2007-06-06,-0.0214025055283473,69039300,-0.712988313856428,21.49,0,21.49,21.959999,6869,-1.00888215045106,-1.31940766294921
"2007-06-07",2007-06-07,-0.00837603536528605,65427200,-0.715392333889817,21.309999,0,21.309999,21.49,6870,-1.0033717523649,-1.32848714008265
"2007-06-08",2007-06-08,0.0244017374191335,60978800,-0.708447412353924,21.83,0.0238204764086118,21.309999,21.83,6870,-0.990292149905868,-1.21229271438794
"2007-06-11",2007-06-11,0.00458085203847922,42220000,-0.707111853088481,21.93,0.0282718194254445,0,21.93,0,1.18687044459041,-1.19043680378171
"2007-06-12",2007-06-12,0.0123119471044232,59703700,-0.703505829716194,22.200001,0.0400901783743163,0,22.200001,0,1.41802611890748,-1.13218216170832
"2007-06-13",2007-06-13,0.0211711251724719,75402700,-0.697228714524207,22.67,0.0599912218791354,0,22.67,0,1.49640695830799,-1.03331277211008
"2007-06-14",2007-06-14,0.0247022496691662,85675800,-0.68974958263773,23.23,0.0826517864829961,0,23.23,0,1.3777313395869,-0.919481488971001
"2007-06-15",2007-06-15,0.0434782608695651,159229100,-0.676260434056762,24.24,0.120874628712871,0,24.24,0,1.46245633465816,-0.724176195516515
"2007-06-18",2007-06-18,-0.00288778877887775,56919200,-0.677195325542571,24.17,0.118328547786512,21.309999,24.24,6877,-1.00138244297423,-0.737323094868203
"2007-06-19",2007-06-19,-0.00289615225486141,67154400,-0.678130217028381,24.1,0.115767676348548,21.309999,24.24,0,-1.00138053446406,-0.75052585486583
"2007-06-20",2007-06-20,-0.00663896265560177,62999600,-0.680267098497496,23.940001,0.109858057232328,21.309999,24.24,0,-1.00315113737075,-0.780915792160043
"2007-06-21",2007-06-21,0.0146198824302472,56127800,-0.675592641068448,24.290001,0.0144092213088012,23.940001,24.290001,6877,-0.993128496969245,-1.12375149335868
"2007-06-22",2007-06-22,-0.0242898302062647,70452900,-0.683472440734558,23.700001,0,0,24.290001,6881,-1.0116635368521,-1.20793242923178
"2007-06-25",2007-06-25,-0.00928274222435686,50088600,-0.686410684474124,23.48,0,23.48,23.700001,6882,-1.00429899373325,-1.21902955674126
"2007-06-26",2007-06-26,-0.00425898637137985,49305100,-0.687746257095159,23.379999,0,23.379999,23.48,6883,-1.00194573402082,-1.22407373312262
"2007-06-27",2007-06-27,0.0175364421529701,50784400,-0.68227043739566,23.790001,0.0172342153327357,23.379999,23.790001,6883,-0.992038023263656,-1.13830271586365
"2007-06-28",2007-06-28,0.00546443861015397,47660000,-0.680534223706177,23.92,0.0225752926421404,0,23.92,0,1.30991125538855,-1.11157327896271
"2007-06-29",2007-06-29,-0.00752508361204027,50633200,-0.682938230383974,23.74,0.0151643218197134,23.379999,23.92,6886,-1.0035325287018,-1.14864238094221
"2007-07-02",2007-07-02,0.0223251895534963,48790600,-0.675859766277129,24.27,0.0218376596621344,23.74,24.27,6886,1.4400683341965,-1.09670472251685
"2007-07-03",2007-07-03,0.0131850020601566,29204400,-0.671585976627713,24.59,0.0345668971126475,0,24.59,0,1.58290300551689,-1.03248787173821
"2007-07-05",2007-07-05,0.000406669377795916,36687300,-0.671452420701169,24.6,0.034959349593496,0,24.6,0,1.01135341941655,-1.03050124881469
"2007-07-06",2007-07-06,0.00325203252032513,51408200,-0.670383973288815,24.68,0.0380875202593194,0,24.68,0,1.08948023067355,-1.01465150657072
"2007-07-09",2007-07-09,0.0113451782820097,76331300,-0.666644420701169,24.959999,0.0488781670223625,0,24.959999,0,1.28331187458713,-0.959774005170336
"2007-07-10",2007-07-10,0.000400641041692412,64931900,-0.666510864774625,24.969999,0.0492590728577924,0,24.969999,0,1.00779296480688,-0.957830991493663
"2007-07-11",2007-07-11,-0.0160191836611608,56054600,-0.671853088480802,24.57,0.0337810337810338,23.74,24.969999,6893,-1.00801520873629,-1.03646473714648
"2007-07-12",2007-07-12,0.0582010582010582,134702600,-0.652754590984975,26,0.0549999999999999,24.57,26,6893,1.62813253012048,-0.884194171680125
"2007-07-13",2007-07-13,-0.00115388461538456,64189600,-0.653155272120201,25.969999,0.0539083193649719,24.57,26,6895,-1.00061383120205,-0.889830507642238
"2007-07-16",2007-07-16,-0.000770042386216537,50045600,-0.653422357262104,25.950001,0.0531792272377947,24.57,26,0,-1.00040891523548,-0.893592859290661
"2007-07-17",2007-07-17,0.0146435061794409,122061900,-0.648347245409016,26.33,0.0144321686289403,25.950001,26.33,6895,-0.992233029989434,-1.02076470742883
"2007-07-18",2007-07-18,-0.0482339916445119,134435700,-0.665308861435727,25.059999,0,0,26.33,6898,-1.02616131424452,-1.13933241732897
"2007-07-19",2007-07-19,0.00798088619237376,62612300,-0.662637729549249,25.26,0.00791769596199521,25.059999,25.26,6898,-0.995985125042956,-1.09934064563622
"2007-07-20",2007-07-20,-0.0281077197149644,95624900,-0.672120213689483,24.549999,0,0,25.26,6900,-1.01431020860627,-1.16505745962347
"2007-07-23",2007-07-23,0.00692464386658434,56431300,-0.669849762938231,24.719999,0.0068770229319185,24.549999,24.719999,6900,-0.99662195734482,-1.13050937891635
"2007-07-24",2007-07-24,-0.00768600354716854,68543100,-0.672387298831386,24.530001,0,0,24.719999,6902,-1.00378821645323,-1.16606618392897
"2007-07-25",2007-07-25,-0.00122303297093215,50743000,-0.672787979966611,24.5,0,24.5,24.530001,6903,-1.00059590824503,-1.16757947215226
"2007-07-26",2007-07-26,-0.0204081632653061,86328700,-0.679465776293823,24,0,24,24.5,6904,-1.00992555831265,-1.19280010185275
"2007-07-27",2007-07-27,-0.019166625,79410500,-0.685609335559266,23.540001,0,23.540001,24,6905,-1.00904174938575,-1.21600303073594
"2007-07-30",2007-07-30,0.0131690308764218,69472300,-0.681469115191987,23.85,0.0129978616352202,23.540001,23.85,6905,-0.99396125438709,-1.15127610604668
"2007-07-31",2007-07-31,-0.00964356394129991,61619000,-0.684540888146912,23.620001,0.00338696005982375,23.540001,23.85,6907,-1.00450757471828,-1.19917589547836
"2007-08-01",2007-08-01,0.00762057546060228,92766600,-0.682136908180301,23.799999,0.0109242861732893,23.540001,23.85,0,3.22539562921737,-1.16162967707048
"2007-08-02",2007-08-02,0.0210084042440506,74873100,-0.675459111853089,24.299999,0.0279834579417061,23.620001,24.299999,6907,2.56158228536045,-1.07198015000828
"2007-08-03",2007-08-03,-0.0160493422242527,77219000,-0.680667779632722,23.91,0.0121287745713091,23.620001,24.299999,6910,-1.00771129989696,-1.15153198920433
"2007-08-06",2007-08-06,0.00920112923462992,64096700,-0.677729562604341,24.129999,0.0211354339467649,23.620001,24.299999,0,1.74258609742498,-1.10641870784058
"2007-08-07",2007-08-07,0,59835600,-0.677729562604341,24.129999,0.0211354339467649,23.620001,24.299999,0,-1,-1.10641870784058
"2007-08-08",2007-08-08,0.0227932458679339,75754600,-0.670383973288815,24.68,0.0311993517017828,23.91,24.68,6910,1.47616328959067,-1.04066666785922
"2007-08-09",2007-08-09,-0.0307941653160453,71677400,-0.680534223706177,23.92,0.000418060200668924,23.91,24.68,6914,-1.01514095029385,-1.19525647731317
"2007-08-10",2007-08-10,0.00250836120401332,68821100,-0.679732888146912,23.98,0.0029190992493745,23.91,24.68,0,6.98248540450335,-1.18278410423696
"2007-08-13",2007-08-13,0.00166805671392824,50460400,-0.679198664440735,24.02,0.00457951706910908,23.91,24.68,0,1.56881170453193,-1.17449540560972
"2007-08-14",2007-08-14,-0.0091590757701915,55469500,-0.682136908180301,23.799999,0,23.799999,24.02,6917,-1.00432604463671,-1.2028884041742
"2007-08-15",2007-08-15,-0.0243697489230986,63242900,-0.689883151919867,23.219999,0,23.219999,23.799999,6918,-1.01135584901898,-1.23214433462677
"2007-08-16",2007-08-16,-0.00516791581257174,118374800,-0.691485809682805,23.1,0,23.1,23.219999,6919,-1.00232308581312,-1.23819723531363
"2007-08-17",2007-08-17,0.0259740692640692,94355000,-0.683472440734558,23.700001,0.0253164968220887,23.1,23.700001,6919,-0.988411376146789,-1.11231735498017
"2007-08-20",2007-08-20,0.0172995773291318,57345400,-0.677996647746244,24.110001,0.0418913711368157,0,24.110001,0,1.65470647187906,-1.02903663070404
"2007-08-21",2007-08-21,-0.00912492703753936,58065500,-0.680934904841403,23.889999,0.0330681889103469,23.1,24.110001,6922,-1.00433373395713,-1.0734571088589
"2007-08-22",2007-08-22,0.0108832570482736,51215500,-0.67746243739566,24.15,0.0107660869565217,23.889999,24.15,6922,-0.994900441406287,-1.14457267094766
"2007-08-23",2007-08-23,0.003312629399586,38610600,-0.676393989983306,24.23,0.0140322327692943,0,24.23,0,1.30337353078819,-1.12820182564534
"2007-08-24",2007-08-24,0.0231118860916219,51695900,-0.668914844741236,24.790001,0.0363050408912852,0,24.790001,0,2.58726045157466,-1.01583496659582
"2007-08-27",2007-08-27,-0.0137152071918028,45799500,-0.67345574624374,24.450001,0.0229039663433961,23.889999,24.790001,6926,-1.00678845975419,-1.08359802972161
"2007-08-28",2007-08-28,-0.02004098077542,56189600,-0.680000013355593,23.959999,0.00292153601508915,23.889999,24.790001,0,-1.00971744193788,-1.18378377671556
"2007-08-29",2007-08-29,0.0471619802655251,82168400,-0.664908180300501,25.09,0.0450379035472299,23.959999,25.09,6926,15.415830342196,-0.96772045699998
"2007-08-30",2007-08-30,0.00757277799920282,68903300,-0.662370604340568,25.280001,0.0522152669218644,0,25.280001,0,1.15936273248394,-0.931029178093881
"2007-08-31",2007-08-31,0.0185917318595043,56843900,-0.656093489148581,25.75,0.0695146019417476,0,25.75,0,1.33130798786819,-0.84198589325715
"2007-09-04",2007-09-04,0.0166990291262136,77887400,-0.650350584307179,26.18,0.0847975935828877,0,26.18,0,1.21985296922145,-0.762575512448421
"2007-09-05",2007-09-05,-0.00725744843391907,59594700,-0.65288814691152,25.99,0.0781070026933436,23.959999,26.18,6932,-1.00390183797104,-0.797428303801181
"2007-09-06",2007-09-06,0.00615621392843402,49595300,-0.650751252086812,26.15,0.0837476481835564,23.959999,26.18,0,1.07221689855849,-0.76805417277776
"2007-09-07",2007-09-07,-0.0260038623326959,65685000,-0.659833068447413,25.469999,0.0592854361713953,23.959999,26.18,0,-1.01395589533094,-0.894742900136022
"2007-09-10",2007-09-10,-0.004711386129226,107382200,-0.661435726210351,25.35,0.0548323865877712,23.959999,26.18,0,-1.00242888366706,-0.91761403083221
"2007-09-11",2007-09-11,0.0122287968441814,61962300,-0.657295492487479,25.66,0.0662510132501949,23.959999,26.18,0,1.20824602708375,-0.858851493445421
"2007-09-12",2007-09-12,-0.00779427123928294,60821100,-0.659966624373957,25.459999,0.0589159488969344,23.959999,26.18,0,-1.00406382200549,-0.896642788313833
"2007-09-13",2007-09-13,-0.00432046364180919,65045000,-0.661435726210351,25.35,0.0548323865877712,23.959999,26.18,0,-1.00222602444144,-0.917614030832209
"2007-09-14",2007-09-14,-0.0165680473372782,66854900,-0.667045075125209,24.93,0.0389089851584437,23.959999,26.18,0,-1.00848056537102,-0.998938691881065
"2007-09-17",2007-09-17,-0.00320898515844357,46370300,-0.668113522537563,24.85,0.0358149295774649,23.959999,26.18,0,-1.00160176193813,-1.01465958863771
"2007-09-18",2007-09-18,0.0225352112676056,72076600,-0.660634390651085,25.41,0.0570641873278237,23.959999,26.18,0,1.59330726043725,-0.906158514118637
"2007-09-19",2007-09-19,0.0106257378984652,69117900,-0.657028380634391,25.68,0.0669782320872274,23.959999,26.18,0,1.17373496800102,-0.855096115936649
"2007-09-20",2007-09-20,0.00506226635514025,51971400,-0.655292166944908,25.809999,0.0716776471010325,23.959999,26.18,0,1.0701633182507,-0.830790102326433
"2007-09-21",2007-09-21,0.00232475793586808,70411400,-0.654490804674458,25.870001,0.0738307663768547,23.959999,26.18,0,1.03003892235451,-0.81963164804237
"2007-09-24",2007-09-24,0.00425199055848517,50334900,-0.653021702838064,25.98,0.0777521555042341,23.959999,26.18,0,1.05311321173836,-0.79927289946132
"2007-09-25",2007-09-25,-0.00346424172440342,50665900,-0.654223719532554,25.889999,0.0745461596966458,23.959999,26.18,0,-1.00184069945802,-0.815921033903072
"2007-09-26",2007-09-26,0.00077253768916718,68642200,-0.653956594323873,25.91,0.075260555769973,23.959999,26.18,0,1.0095832713078,-0.81221403482977
"2007-09-27",2007-09-27,-0.0057892705519104,47541400,-0.655959933222037,25.76,0.0698758152173914,23.959999,26.18,0,-1.00306341264168,-0.84011725422952
"2007-09-28",2007-09-28,0.00388202639751548,44063300,-0.654624360601002,25.860001,0.0734726189685763,23.959999,26.18,0,1.05147422953127,-0.821488707934946
"2007-10-01",2007-10-01,0.0197215769635894,54672800,-0.647813008347246,26.370001,0.0576412947424613,24.85,26.370001,6932,-0.98959502171978,-0.855555241545239
"2007-10-02",2007-10-02,0.000379142951113391,45948000,-0.647679479131887,26.379999,0.0579984479908434,0,26.379999,0,1.00619613507951,-0.853702037267638
"2007-10-03",2007-10-03,-0.0216072790601698,76290500,-0.655292166944908,25.809999,0.0371948483996454,24.85,26.379999,6952,-1.01175378880805,-0.961024367414797
"2007-10-04",2007-10-04,-0.00813634281814578,44415700,-0.658096828046745,25.6,0.029296875,24.85,26.379999,0,-1.00428001621767,-1.00144596285664
"2007-10-05",2007-10-05,-0.00234371093750005,72211600,-0.658898150250418,25.540001,0.0270164828889395,24.85,26.379999,0,-1.00121763571791,-1.01308494849893
"2007-10-08",2007-10-08,0.00469847279958994,34606900,-0.657295492487479,25.66,0.0315666406858924,24.85,26.379999,0,1.16842154530839,-0.989847060541929
"2007-10-09",2007-10-09,0.00701480904130942,43878600,-0.654891485809683,25.84,0.0383126934984519,24.85,26.379999,0,1.21370829033367,-0.955289213785907
"2007-10-10",2007-10-10,0.00154794891640873,38317200,-0.654357275459099,25.879999,0.039799035540921,24.85,26.379999,0,1.03879502866404,-0.947658013132485
"2007-10-11",2007-10-11,-0.0173879063905683,91274900,-0.660367278797997,25.43,0.0228077074321666,24.85,26.379999,0,-1.00918459007685,-1.03452919557564
"2007-10-12",2007-10-12,0.00471879669681478,48670300,-0.658764621035059,25.549999,0.0273972222073277,24.85,26.379999,0,1.20122648402128,-1.01114266460456
"2007-10-15",2007-10-15,0.00782782809502264,74615900,-0.656093489148581,25.75,0.0349514563106795,24.85,26.379999,0,1.27572992788048,-0.972523611769632
"2007-10-16",2007-10-16,-0.0104854368932039,107955700,-0.659699499165276,25.48,0.0247252747252746,24.85,26.379999,0,-1.00549618320611,-1.02476488497546
"2007-10-17",2007-10-17,0.0486655808477237,187866100,-0.643138577629383,26.719999,0.0482784074954494,25.43,26.719999,6952,1.95259336981596,-0.873262553987018
"2007-10-18",2007-10-18,0.00935628777531017,66200000,-0.639799679465777,26.969999,0.0571004470560048,0,26.969999,0,1.18273261315396,-0.827333254541036
"2007-10-19",2007-10-19,-0.02484241842204,80777400,-0.648747926544241,26.299999,0.0330798111437191,25.43,26.969999,6964,-1.01398601369406,-0.951849778975924
"2007-10-22",2007-10-22,0.0129277571455421,62800500,-0.644207025041737,26.639999,0.0454203845878522,25.43,26.969999,0,1.37305453137317,-0.888092005068944
"2007-10-23",2007-10-23,0.0060060062314567,67310100,-0.642070130217029,26.799999,0.0511193675790809,25.43,26.969999,0,1.1254719228589,-0.858497545596034
"2007-10-24",2007-10-24,-0.0294775757267751,89794300,-0.652621035058431,26.01,0.0222991157247213,25.43,26.969999,0,-1.01643263616365,-1.00719410884063
"2007-10-25",2007-10-25,-0.00461364859669366,57691300,-0.654223719532555,25.889999,0.0177674398519675,25.43,26.969999,0,-1.0024557658856,-1.03036229534663
"2007-10-26",2007-10-26,0.00193132491044126,61642300,-0.653555913188648,25.940001,0.0196607933823904,25.43,26.969999,0,1.10656310341826,-1.0206893341437
"2007-10-29",2007-10-29,0.0123361213440201,53264600,-0.649282136894825,26.26,0.0316070068545317,25.43,26.969999,0,1.60761604274023,-0.959429850387637
"2007-10-30",2007-10-30,0.000380807311500305,41449000,-0.649148580968281,26.27,0.0319756376094404,25.43,26.969999,0,1.01166294412519,-0.957533197103703
"2007-10-31",2007-10-31,0.0239817282070803,64819100,-0.640734557595994,26.9,0.0546468401486988,25.43,26.969999,0,1.70901486988847,-0.840130848565995
"2007-11-01",2007-11-01,-0.0148698884758364,86590500,-0.646076794657763,26.5,0.040377358490566,25.43,26.969999,0,-1.00833767587285,-0.914200177935814
"2007-11-02",2007-11-02,0.0113207169811321,58633800,-0.642070130217029,26.799999,0.0511193675790809,25.43,26.969999,0,1.26604041200527,-0.858497545596034
"2007-11-05",2007-11-05,0.00149257468255876,55392500,-0.641535893155259,26.84,0.0525335320417287,25.43,26.969999,0,1.02766396631297,-0.851138843571092
"2007-11-06",2007-11-06,0.0242175856929955,69334400,-0.632854757929884,27.49,0.058203019279738,25.889999,27.49,6964,1.10792130316891,-0.796939566236788
"2007-11-07",2007-11-07,-0.0214623499454347,71488100,-0.640734557595994,26.9,0.0375465055762082,25.889999,27.49,6977,-1.01245119763638,-0.904715209165585
"2007-11-08",2007-11-08,-0.0360594795539033,91404900,-0.653689482470785,25.93,0.00154265329733905,25.889999,27.49,0,-1.02021886399166,-1.08962219474548
"2007-11-09",2007-11-09,-0.0300809872734285,71692500,-0.664106844741236,25.15,0,25.15,26.9,6979,-1.01593625498008,-1.13479265354162
"2007-11-12",2007-11-12,0.00874755467196819,72660600,-0.66116860100167,25.370001,0.00867169851510841,25.15,25.370001,6979,-0.995575646053293,-1.09094434788785
"2007-11-13",2007-11-13,0.0303507280114022,62116600,-0.650884821368949,26.139999,0.0378729547770832,0,26.139999,0,4.36742060521343,-0.941817686903499
"2007-11-14",2007-11-14,-0.0110940708146163,63262500,-0.654757929883139,25.85,0.0270793036750485,25.15,26.139999,6982,-1.0059505282456,-0.99721094765324
"2007-11-15",2007-11-15,-0.0123790715667312,67012000,-0.659031706176962,25.530001,0.0148844882536432,25.15,26.139999,0,-1.00652726160122,-1.05940934859066
"2007-11-16",2007-11-16,-0.000783431226657494,80440400,-0.659298831385643,25.51,0.0141121128969033,25.15,26.139999,0,-1.00040532982886,-1.06333532320104
"2007-11-19",2007-11-19,-0.013328106624853,52318600,-0.663839732888147,25.17,0.000794596742153431,25.15,26.139999,0,-1.00688747088018,-1.13078280388189
"2007-11-20",2007-11-20,0.0139054429876837,74694200,-0.659165275459099,25.52,0.0144984326018809,25.15,26.139999,0,18.2462774294654,-1.0613718624798
"2007-11-21",2007-11-21,-0.0348746473354231,69533000,-0.671051766277129,24.629999,0,24.629999,25.85,6987,-1.0180326410698,-1.16102215887139
"2007-11-23",2007-11-23,0.0178644343428515,36581600,-0.66517529215359,25.07,0.0175508974870362,24.629999,25.07,6987,-0.991242890014073,-1.07254191250054
"2007-11-26",2007-11-26,-0.0279217790187476,53157500,-0.674524193656094,24.370001,0,0,25.07,6989,-1.01405479369541,-1.17413678543313
"2007-11-27",2007-11-27,0.0303652018725811,62931100,-0.66464105509182,25.110001,0.0294703293719504,24.370001,25.110001,6989,-0.985347985057875,-1.02550702890624
"2007-11-28",2007-11-28,0.0430107509752787,60141900,-0.650217015025042,26.190001,0.0694921699315705,0,26.190001,0,2.35803845469446,-0.819876409655421
"2007-11-29",2007-11-29,0.00572733846020094,43272300,-0.648213689482471,26.34,0.0747911541381929,0,26.34,0,1.07625296795078,-0.792297124346554
"2007-11-30",2007-11-30,-0.00987091875474569,65565000,-0.651686143572621,26.08,0.0655674463190185,24.370001,26.34,6993,-1.00535695889564,-0.840247852766903
"2007-12-03",2007-12-03,0.00651840490797553,56131600,-0.649415692821369,26.25,0.0716190095238096,24.370001,26.34,0,1.09229524016152,-0.808817359522837
"2007-12-04",2007-12-04,0.00228567619047624,44505400,-0.648614370617696,26.309999,0.0737361487546998,24.370001,26.34,0,1.02956113530426,-0.79779494561118
"2007-12-05",2007-12-05,0.0345876105886587,68523700,-0.636460781302171,27.219999,0.041880934676008,26.08,27.219999,6993,-0.981262226268666,-0.872203831162991
"2007-12-06",2007-12-06,0.0279206843468289,60508000,-0.626310517529216,27.98,0.0679056468906363,0,27.98,0,1.62139759811848,-0.735578569010398
"2007-12-07",2007-12-07,-0.0089349535382416,47506200,-0.629649415692822,27.73,0.0595023440317347,26.08,27.98,6998,-1.00533105874827,-0.779926388163041
"2007-12-10",2007-12-10,0.00180313739632161,45473800,-0.628981622704508,27.780001,0.0611951381859202,26.08,27.98,0,1.02844920114883,-0.771010947907083
"2007-12-11",2007-12-11,-0.0305975870915195,67572400,-0.640333889816361,26.93,0.0315633122911252,26.08,27.98,0,-1.01804864673636,-0.925799231748419
"2007-12-12",2007-12-12,0.0129966951355365,56574000,-0.63565941903172,27.280001,0.0439883048391384,26.08,27.98,0,1.39365299919764,-0.861218161638119
"2007-12-13",2007-12-13,-0.00439886347511492,53456100,-0.637262103505843,27.16,0.0397643593519883,26.08,27.98,0,-1.00252129430657,-0.883224115317215
"2007-12-14",2007-12-14,-0.0320323637702504,68738500,-0.6488814557596,26.290001,0.00798786580495003,26.08,27.98,0,-1.01823323902337,-1.04712108130006
"2007-12-17",2007-12-17,-0.0216813228725248,64820000,-0.656494170283807,25.719999,0,25.719999,27.780001,7004,-1.01173205746078,-1.10604118612432
"2007-12-18",2007-12-18,0.0073872864458509,44708400,-0.653956594323873,25.91,0.00733311462755692,25.719999,25.91,7004,-0.996134655759645,-1.06876166755309
"2007-12-19",2007-12-19,0.0108066769587031,33581900,-0.650217015025042,26.190001,0.0179458565121856,0,26.190001,0,2.44723523681838,-1.01455597451098
"2007-12-20",2007-12-20,0.00840011422679982,40096600,-0.647278797996661,26.41,0.0261265051117001,0,26.41,0,1.45585166659277,-0.97256236180556
"2007-12-21",2007-12-21,0.0208254070427868,58620800,-0.639933235392321,26.959999,0.0459940669879104,0,26.959999,0,1.76043702712129,-0.869784124511841
"2007-12-24",2007-12-24,0.0129821963272329,22486400,-0.635258777963272,27.309999,0.0582204342079983,0,27.309999,0,1.26582487744129,-0.80595327085555
"2007-12-26",2007-12-26,0.00512640077357744,21346200,-0.633388968280468,27.450001,0.0630237499809199,0,27.450001,0,1.08250223204728,-0.780750282052498
"2007-12-27",2007-12-27,-0.0225865565542239,29577500,-0.641669449081803,26.83,0.0413716362281028,25.719999,27.450001,7011,-1.01307329495147,-0.893799384815471
"2007-12-28",2007-12-28,-0.00260901975400659,35391400,-0.642604340567613,26.76,0.0388640134529148,25.719999,27.450001,0,-1.00145696742637,-0.906801035833409
"2007-12-31",2007-12-31,-0.00373692077727957,23687800,-0.643939899833055,26.66,0.0352588522130532,25.719999,27.450001,0,-1.00207835394368,-0.925461096160513
"2008-01-02",2008-01-02,-0.0491372843210802,84278800,-0.661435726210351,25.35,0,25.35,26.83,7014,-1.02716996785233,-1.12470440166142
"2008-01-03",2008-01-03,-0.0268244575936884,85190500,-0.670517529215359,24.67,0,24.67,25.35,7015,-1.01373043917214,-1.15900445805409
"2008-01-04",2008-01-04,-0.0810701256586948,174093400,-0.697228714524207,22.67,0,22.67,24.67,7016,-1.03983666965442,-1.25988697685605
"2008-01-07",2008-01-07,0.00926329951477723,112063700,-0.694424053422371,22.879999,0.00917827837317653,22.67,22.879999,7016,-0.995977415956326,-1.21462993929245
"2008-01-08",2008-01-08,-0.0270978595759554,80520800,-0.702704507512521,22.26,0,0,22.879999,7018,-1.01192420402108,-1.28056789321045
"2008-01-09",2008-01-09,0.0220125786163521,73239600,-0.696160267111853,22.75,0.0215384615384615,22.26,22.75,7018,-0.990687066425924,-1.1745054450777
"2008-01-10",2008-01-10,-0.00923072527472527,81185100,-0.69896492821369,22.540001,0.0124224040628924,22.26,22.75,7020,-1.00402875779376,-1.21952748742112
"2008-01-11",2008-01-11,-0.0244011080567389,75915200,-0.706310517529216,21.99,0,21.99,22.540001,7021,-1.01050923876009,-1.29418703324872
"2008-01-14",2008-01-14,0.0495679854479309,85033000,-0.691752921535893,23.08,0.0472270363951474,21.99,23.08,7021,-0.979389240805521,-1.06083949488481
"2008-01-15",2008-01-15,-0.0168977036395147,129312400,-0.696961589315526,22.690001,0.0308506376883809,21.99,23.08,7023,-1.00752966502558,-1.14236174297967
"2008-01-16",2008-01-16,-0.123843185374915,309347600,-0.734490831385643,19.879999,0,19.879999,22.690001,7024,-1.05384693022606,-1.40061814102605
"2008-01-17",2008-01-17,-0.0276659470656917,172761000,-0.741836393989983,19.33,0,19.33,19.879999,7025,-1.01000089080824,-1.42836078325533
"2008-01-18",2008-01-18,-0.0170719089498188,143864100,-0.746243739565943,19,0,19,19.33,7026,-1.00594112881447,-1.44500639885765
"2008-01-22",2008-01-22,-0.0205262631578947,146951600,-0.751452407345576,18.610001,0,18.610001,19,7027,-1.00697984787472,-1.46467843958277
"2008-01-23",2008-01-23,0.0736162776133112,173781800,-0.733155258764608,19.98,0.0685685185185185,18.610001,19.98,7027,-0.975650954868052,-1.13660511774834
"2008-01-24",2008-01-24,0.0355355855855855,90383900,-0.723672774624374,20.690001,0.100531652946754,0,20.690001,0,1.4661488262956,-0.980073749104528
"2008-01-25",2008-01-25,-0.0333494908965929,104701200,-0.732888146911519,20,0.06949995,18.610001,20.690001,7030,-1.01273417020825,-1.13207847210957
"2008-01-28",2008-01-28,0.01450005,68633200,-0.729015011686144,20.290001,0.0827994044948543,18.610001,20.690001,0,1.1913591951484,-1.0672212190413
"2008-01-29",2008-01-29,0.010349876276497,78365800,-0.726210350584307,20.5,0.0921950731707317,18.610001,20.690001,0,1.11347507549358,-1.02114314410905
"2008-01-30",2008-01-30,0.00926834146341457,96055500,-0.723672774624374,20.690001,0.0333494908965929,20,20.690001,7030,-0.996505728735632,-1.23380661972846
"2008-01-31",2008-01-31,0.0198162871040945,100753400,-0.718196994991653,21.1,0.052132701421801,0,21.1,0,1.56322330627023,-1.14218552532823
"2008-02-01",2008-02-01,0.0317535545023696,66087600,-0.709248747913189,21.77,0.0813045475424896,0,21.77,0,1.55956904831503,-0.998213965308313
"2008-02-04",2008-02-04,-0.0261827744602664,65724200,-0.716861422370618,21.200001,0.0566038180847256,20,21.77,7036,-1.0107334337633,-1.1202548833858
"2008-02-05",2008-02-05,-0.0509433938234249,85581600,-0.731285462437396,20.120001,0.00596426411708417,20,21.77,0,-1.02012109958307,-1.36598636900154
"2008-02-06",2008-02-06,-0.00994040706061579,73305800,-0.733956594323873,19.92,0,19.92,21.200001,7038,-1.00365265279249,-1.39860044020875
"2008-02-07",2008-02-07,0.00652605421686737,76942200,-0.732220380634391,20.049999,0.00648374097175752,19.92,20.049999,7038,-0.997634446365208,-1.36755540341702
"2008-02-08",2008-02-08,0.0109726190011281,54170800,-0.729282136894825,20.27,0.0172668968919585,0,20.27,0,2.66310714249246,-1.31573256803326
"2008-02-11",2008-02-11,0.0202269363591515,53777900,-0.723806343906511,20.68,0.0367504835589941,0,20.68,0,2.12837800497376,-1.22146625007499
"2008-02-12",2008-02-12,0.0106382978723404,57734900,-0.720868113522538,20.9,0.0468899521531099,0,20.9,0,1.27590027700831,-1.17207453653668
"2008-02-13",2008-02-13,0.0148324880382776,49788900,-0.716727893155259,21.209999,0.0608203234710194,0,21.209999,0,1.29708649035134,-1.10382571925788
"2008-02-14",2008-02-14,-0.0353606805922056,71583500,-0.726744587646077,20.459999,0.0263929142909537,19.92,21.209999,7044,-1.01397558904359,-1.27168173434565
"2008-02-15",2008-02-15,-0.0171064524489957,78256600,-0.73141901836394,20.110001,0.00944808505976702,19.92,21.209999,0,-1.00643201311344,-1.3533331239443
"2008-02-19",2008-02-19,0.00248627536119962,65726300,-0.730751252086812,20.16,0.0119047619047619,19.92,21.209999,0,1.260018493637,-1.34153276059956
"2008-02-20",2008-02-20,0.0109126488095239,72005800,-0.727813035058431,20.379999,0.0225711002242934,19.92,21.209999,0,1.89597241884065,-1.2901512215623
"2008-02-21",2008-02-21,-0.00392541726817562,78890400,-0.728881482470785,20.299999,0.0187191634837025,19.92,21.209999,0,-1.00146802456247,-1.30873447577146
"2008-02-22",2008-02-22,-0.0236452721007523,134283800,-0.735292153589316,19.82,0,19.82,20.459999,7049,-1.00879521742931,-1.40364456614885
"2008-02-25",2008-02-25,0.00605454086781021,82397200,-0.733689469115192,19.940001,0.00601810401112812,19.82,19.940001,7049,-0.997820343293071,-1.37486245375811
"2008-02-26",2008-02-26,0.0376128366292459,81112100,-0.723672774624374,20.690001,0.0420493454785236,0,20.690001,0,6.9871416979118,-1.20094910205233
"2008-02-27",2008-02-27,0.00386655370388821,80981700,-0.722604340567613,20.77,0.0457390467019739,0,20.77,0,1.08774693592638,-1.18297862764926
"2008-02-28",2008-02-28,-0.013480982185845,56138700,-0.726343906510852,20.49,0.03269887750122,19.82,20.77,7053,-1.00517512244709,-1.24635215175847
"2008-02-29",2008-02-29,-0.0253782820888237,77164100,-0.733288828046745,19.969999,0.00751121720136294,19.82,20.77,0,-1.00956147834881,-1.36771014294154
"2008-03-03",2008-03-03,0.00200305468217601,75603600,-0.732754590984975,20.01,0.0094952523738131,19.82,20.77,0,1.26414296368505,-1.35819915931877
"2008-03-04",2008-03-04,-0.000499750124937609,124099900,-0.732888146911519,20,0.00900000000000001,19.82,20.77,0,-1.00018226556092,-1.36057403577783
"2008-03-05",2008-03-05,0.01000005,62225500,-0.730217015025042,20.200001,0.0188119297617857,19.82,20.77,0,2.09021441797619,-1.31342814214279
"2008-03-06",2008-03-06,-0.0163366328546222,65547200,-0.734624360601002,19.870001,0.00251640651653706,19.82,20.77,0,-1.00603566540532,-1.39161851553735
"2008-03-07",2008-03-07,0.0100653744305298,73715200,-0.73195325542571,20.07,0.0124564025909317,19.82,20.77,0,4.95007563725178,-1.34398904330597
"2008-03-10",2008-03-10,0.00249133034379662,66986800,-0.731285462437396,20.120001,0.0149105857400305,19.82,20.77,0,1.19702182320965,-1.33219799724268
"2008-03-11",2008-03-11,0.0536779297376775,78159700,-0.716861422370618,21.200001,0.0627358460973658,19.870001,21.200001,7053,4.20747026248197,-1.09709550561478
"2008-03-12",2008-03-12,-0.00377358472766118,53034800,-0.717929869782972,21.120001,0.0591856032582574,19.870001,21.200001,7062,-1.00149045182097,-1.11453932552566
"2008-03-13",2008-03-13,0.00757575721705696,66660600,-0.715792974958264,21.280001,0.00751879663915433,21.120001,21.280001,7062,-0.997023532639262,-1.3016033663042
"2008-03-14",2008-03-14,-0.0291353839692018,80049300,-0.7240734557596,20.66,0,0,21.280001,7064,-1.01156826218058,-1.36127390825202
"2008-03-17",2008-03-17,0.00919651500484033,67466600,-0.721535893155259,20.85,0.0091127098321343,20.66,20.85,7064,-0.996495434842755,-1.31727328399926
"2008-03-18",2008-03-18,0.0431654676258992,72379700,-0.709515859766277,21.75,0.0501149425287356,0,21.75,0,5.49945553539019,-1.11701935691016
"2008-03-19",2008-03-19,-0.0303448275862069,69668600,-0.718330550918197,21.09,0.020388809862494,20.66,21.75,7067,-1.01242352941176,-1.26257992782915
"2008-03-20",2008-03-20,0.0312944523470839,67373400,-0.709515859766277,21.75,0.0303448275862069,21.09,21.75,7067,1.48830793905373,-1.19168691543838
"2008-03-24",2008-03-24,0.0174712183908047,53798700,-0.704440747913189,22.129999,0.0469949863079525,0,22.129999,0,1.54869841242116,-1.10963514604283
"2008-03-25",2008-03-25,0.00632629942730671,48236100,-0.702570951585977,22.27,0.0529860799281544,0,22.27,0,1.12748367625736,-1.07994622101945
"2008-03-26",2008-03-26,-0.0184103726986978,51872200,-0.708046731218698,21.860001,0.0352241978396982,21.09,22.27,7071,-1.00779391692805,-1.16770997311036
"2008-03-27",2008-03-27,-0.0352241978396982,71530200,-0.718330550918197,21.09,0,21.09,21.860001,7072,-1.01452421040317,-1.3395841667096
"2008-03-28",2008-03-28,-0.0142247036510194,59424400,-0.722337215358932,20.790001,0,20.790001,21.09,7073,-1.00557774472437,-1.35471649408864
"2008-03-31",2008-03-31,0.0187589697566633,48072200,-0.717128547579299,21.18,0.0184135505193579,20.790001,21.18,7073,-0.992789146580182,-1.26550035283029
"2008-04-01",2008-04-01,0.0372992917847026,55507200,-0.706577642737897,21.969999,0.0537095154169102,0,21.969999,0,2.9168473163525,-1.09234638586953
"2008-04-02",2008-04-02,-0.00546194835966993,43778700,-0.708180300500835,21.85,0.0485125400457667,20.790001,21.969999,7076,-1.00226819767001,-1.11802716751826
"2008-04-03",2008-04-03,0.0036613272311212,45300800,-0.707111853088481,21.93,0.0519835385316917,20.790001,21.969999,0,1.07154847968485,-1.10088263683239
"2008-04-04",2008-04-04,-0.00273593251253996,41385700,-0.707913175292154,21.870001,0.049382713791371,20.790001,21.969999,0,-1.00113323259987,-1.11373182899949
"2008-04-07",2008-04-07,-0.00548701392377616,39684800,-0.709515859766277,21.75,0.0441378850574713,20.790001,21.969999,0,-1.00226395627326,-1.13959344359906
"2008-04-08",2008-04-08,-0.0308045977011495,55225500,-0.718464106844742,21.08,0.0137570683111954,20.790001,21.969999,0,-1.01261176470588,-1.28813103093887
"2008-04-09",2008-04-09,0.0161290322580647,63451700,-0.713923205342237,21.42,0.0294117180205417,20.790001,21.969999,0,2.13793501313115,-1.21185668926184
"2008-04-10",2008-04-10,0.0308123249299718,72043600,-0.705108514190318,22.08,0.0452898550724637,21.08,22.08,7076,1.53985751668204,-1.1185970799729
"2008-04-11",2008-04-11,-0.0380434782608696,66927100,-0.716327212020034,21.24,0.00753295668549903,21.08,22.08,7083,-1.01591059759447,-1.30356758761001
"2008-04-14",2008-04-14,-0.0258944915254237,60084300,-0.723672774624374,20.690001,0,20.690001,21.24,7084,-1.01025447935117,-1.35976062002873
"2008-04-15",2008-04-15,0.0106331072676121,93477400,-0.720734557595994,20.91,0.0105212338593975,20.690001,20.91,7084,-0.995939854128261,-1.30892710996355
"2008-04-16",2008-04-16,0.0583452415112387,109029400,-0.704440747913189,22.129999,0.0650699532340694,0,22.129999,0,6.18463139434442,-1.04136980440092
"2008-04-17",2008-04-17,-0.000903660230621839,57733400,-0.704707833055092,22.110001,0.0642243299762855,20.690001,22.129999,7087,-1.00037914493546,-1.04557226957627
"2008-04-18",2008-04-18,0.0199004061555673,68281200,-0.698831398998331,22.549999,0.0195121072954371,22.110001,22.549999,7087,-0.99166117675848,-1.19224686041746
"2008-04-21",2008-04-21,-0.00399113099738939,47810500,-0.700033402337229,22.459999,0.0155831707739613,22.110001,22.549999,7089,-1.00172001907845,-1.21162533916899
"2008-04-22",2008-04-22,-0.0209260472362444,56298500,-0.706310517529216,21.99,0,21.99,22.459999,7090,-1.00896687953893,-1.29418703324872
"2008-04-23",2008-04-23,0.0259208276489315,61977900,-0.698697843071787,22.559999,0.0252659142405105,21.99,22.559999,7090,-0.989221915476978,-1.17001153133256
"2008-04-24",2008-04-24,0.00576250025542987,51298500,-0.696961589315526,22.690001,0.0308506376883809,0,22.690001,0,1.2210378533984,-1.14236174297967
"2008-04-25",2008-04-25,-0.00572948410182959,47604400,-0.698697843071787,22.559999,0.0252659142405105,21.99,22.690001,7093,-1.00249117567292,-1.17001153133256
"2008-04-28",2008-04-28,0.00664893646493506,47695200,-0.696694504173623,22.709999,0.00660502010590136,22.559999,22.709999,7093,-0.997132753567184,-1.23292360767455
"2008-04-29",2008-04-29,-0.00396292399660614,40664300,-0.697896480801336,22.620001,0.00265260819396063,22.559999,22.709999,7095,-1.0017252563649,-1.25239064714704
"2008-04-30",2008-04-30,-0.0159151628684719,56505700,-0.702704507512521,22.26,0,22.26,22.620001,7096,-1.0068893121594,-1.28056789321045
"2008-05-01",2008-05-01,0.0462713836477987,71506000,-0.688948233722872,23.290001,0.0442250303037771,22.26,23.290001,7096,-0.980423814501568,-1.0615847244467
"2008-05-02",2008-05-02,0.0124516525353519,59077200,-0.685075125208682,23.58,0.0559796437659031,0,23.58,0,1.26579096455977,-1.00256211133993
"2008-05-05",2008-05-05,-0.0139949109414758,38631100,-0.689482470784641,23.25,0.0425806451612902,22.26,23.58,7099,-1.00643337557267,-1.06981292147136
"2008-05-06",2008-05-06,0.0141935483870967,46003800,-0.685075125208682,23.58,0.0139949109414758,23.25,23.58,7099,-0.993607748184019,-1.16112960093585
"2008-05-07",2008-05-07,-0.0173876166242577,54228300,-0.690550918196995,23.17,0,0,23.58,7101,-1.0079929817721,-1.23466634715556
"2008-05-08",2008-05-08,0.00992662926197656,50106000,-0.687479131886478,23.4,0.00982905982905968,23.17,23.4,7101,-0.995551687457693,-1.185942569525
"2008-05-09",2008-05-09,-0.00128200854700855,40044600,-0.687879786310518,23.370001,0.00855802274034978,23.17,23.4,7103,-1.00058278776105,-1.19225619613932
"2008-05-12",2008-05-12,0.0115531873533082,34425100,-0.684273803005009,23.639999,0.0114212356777172,23.370001,23.639999,7103,1.33456477322359,-1.16782340500484
"2008-05-13",2008-05-13,0.00507618464789284,39476600,-0.682671118530885,23.76,0.0164140993265994,0,23.76,0,1.43715617029278,-1.14291340944174
"2008-05-14",2008-05-14,0.00336700336700329,59397400,-0.681602671118531,23.84,0.0197147231543625,0,23.84,0,1.20108467495468,-1.12641234794141
"2008-05-15",2008-05-15,0.0473992869127517,77447300,-0.666510864774625,24.969999,0.0640768147407617,0,24.969999,0,3.2502010928103,-0.901867502534747
"2008-05-16",2008-05-16,0.00120148182625072,59985800,-0.666110183639399,25,0.0651999600000001,0,25,0,1.01752810691016,-0.896112331316662
"2008-05-19",2008-05-19,-0.00480003999999994,61246100,-0.667712868113523,24.879999,0.0606912403814809,23.370001,25,7109,-1.00240603508772,-0.91919381688736
"2008-05-20",2008-05-20,-0.0317523726588575,73929600,-0.678263772954925,24.09,0.0298878787878788,23.370001,25,0,-1.01580155983995,-1.07538016777119
"2008-05-21",2008-05-21,-0.0178497301784973,64445700,-0.684006677796327,23.66,0.0122569315300085,23.370001,25,0,-1.00846706704736,-1.16365828222454
"2008-05-22",2008-05-22,0.00929835164835171,41170000,-0.681068460767947,23.879999,0.0213567010618385,23.370001,25,0,1.74241823979771,-1.1181933434187
"2008-05-23",2008-05-23,-0.0196817009916961,59073500,-0.687345575959933,23.41,0.001708628791115,23.370001,25,0,-1.00921657007125,-1.21610731396739
"2008-05-27",2008-05-27,0.00811618966253743,52821500,-0.684808013355593,23.6,0.00974572033898313,23.370001,25,0,5.70382542402518,-1.17616907333899
"2008-05-28",2008-05-28,-0.00550851694915254,50288400,-0.686544253756261,23.469999,0.00426067338136671,23.370001,25,0,-1.00253536811312,-1.20344235414901
"2008-05-29",2008-05-29,-0.0140605033685771,54937400,-0.690951599332221,23.139999,0,23.139999,24.879999,7116,-1.00641960886257,-1.23617963537885
"2008-05-30",2008-05-30,0.00172865176009732,55484500,-0.690417362270451,23.18,0.00172566867989643,23.139999,23.18,7116,-0.999226809718241,-1.22764444756003
"2008-06-02",2008-06-02,0.000862855910267498,50569500,-0.69015023706177,23.200001,0.00258629299197022,0,23.200001,0,1.49871932086375,-1.22338517523962
"2008-06-03",2008-06-03,-0.0112068960686683,65482900,-0.69362269115192,22.940001,0,0,23.200001,7119,-1.00503144663825,-1.24626778637653
"2008-06-04",2008-06-04,0.0235396240828412,57510100,-0.686410684474124,23.48,0.0229982538330494,22.940001,23.48,7119,-0.989602406654518,-1.13216999779999
"2008-06-05",2008-06-05,0.0166099233390118,51960800,-0.681201989983306,23.870001,0.0389610373288212,0,23.870001,0,1.69408676031015,-1.05220978632484
"2008-06-06",2008-06-06,-0.0406368227634343,69864000,-0.69415692821369,22.9,0,0,23.870001,7122,-1.01901776333728,-1.24828548719383
"2008-06-09",2008-06-09,-0.0061135371179038,57224700,-0.696026711185309,22.76,0,22.76,22.9,7123,-1.0026936026936,-1.25534726350996
"2008-06-10",2008-06-10,-0.00351493848857653,56570700,-0.697095158597663,22.68,0,22.68,22.76,7124,-1.00153506667946,-1.25938256426204
"2008-06-11",2008-06-11,-0.038359832451499,59797500,-0.708714537562604,21.809999,0,21.809999,22.68,7125,-1.01666828240253,-1.30326651038215
"2008-06-12",2008-06-12,0.0110041270520003,60253600,-0.705509195325543,22.049999,0.010884354235118,21.809999,22.049999,7125,-0.995477244973575,-1.25005269553891
"2008-06-13",2008-06-13,0.0276644456990679,43003400,-0.697362270450751,22.66,0.0375110767872904,0,22.66,0,3.44633002353618,-1.11871995609656
"2008-06-16",2008-06-16,0.00882616946160637,44772000,-0.694691138564274,22.860001,0.0459318440099805,0,22.860001,0,1.22448748326903,-1.07682819025046
"2008-06-17",2008-06-17,-0.0122485121501089,43990500,-0.698430717863106,22.58,0.0341010186005313,21.809999,22.860001,7129,-1.00538308190682,-1.13563432811274
"2008-06-18",2008-06-18,-0.0132860496014172,41535000,-0.70243738230384,22.280001,0.0210952414230142,21.809999,22.860001,0,-1.00573666698537,-1.19988673554343
"2008-06-19",2008-06-19,0.0255834369127723,48519900,-0.694824707846411,22.85,0.0455142669584245,21.809999,22.860001,0,2.15756084728995,-1.07890975382498
"2008-06-20",2008-06-20,-0.0210065207877463,71018300,-0.701235378964942,22.370001,0.0250336153315325,21.809999,22.860001,0,-1.00922631427198,-1.18047261376951
"2008-06-23",2008-06-23,-0.000447027248679963,46279200,-0.701368934891486,22.360001,0.0245975838730955,21.809999,22.860001,0,-1.00019045805524,-1.18262382530918
"2008-06-24",2008-06-24,0.00223609113434296,46126600,-0.700701168614358,22.41,0.0267738063364569,21.809999,22.860001,0,1.08847301729263,-1.17188267907147
"2008-06-25",2008-06-25,0.0107095046854082,54778100,-0.697495826377296,22.65,0.037086136865342,21.809999,22.860001,0,1.38516490331236,-1.12082927723992
"2008-06-26",2008-06-26,-0.0467991169977924,56482100,-0.711652754590985,21.59,0,21.59,22.85,7136,-1.02029679272379,-1.31436353700911
"2008-06-27",2008-06-27,-0.00463177396943036,60068800,-0.712988313856428,21.49,0,21.49,21.59,7137,-1.00187670076006,-1.31940766294921
"2008-06-30",2008-06-30,-0.000465332712889624,50166900,-0.713121869782972,21.48,0,21.48,21.49,7138,-1.00018731853517,-1.31991207554322
"2008-07-01",2008-07-01,0.00418994413407821,66857400,-0.711919866444074,21.57,0.00417246175243391,21.48,21.57,7138,-0.998314448918438,-1.29961385330569
"2008-07-02",2008-07-02,-0.0296708391284191,47772900,-0.720467445742905,20.93,0,0,21.57,7140,-1.01200637838852,-1.34765476821376
"2008-07-03",2008-07-03,-0.0129001433349259,41363800,-0.7240734557596,20.66,0,20.66,20.93,7141,-1.00500509778478,-1.36127390825202
"2008-07-07",2008-07-07,0.00242008712487898,47325800,-0.723405689482471,20.709999,0.00241424444298621,20.66,20.709999,7141,-0.999077764456331,-1.34963380314906
"2008-07-08",2008-07-08,0.010140077746986,58443500,-0.720601001669449,20.92,0.0124282982791588,0,20.92,0,5.14790385673875,-1.30122011687906
"2008-07-09",2008-07-09,-0.0530593212237094,68343100,-0.735425722871453,19.809999,0,0,20.92,7144,-1.02057271800575,-1.40414902918412
"2008-07-10",2008-07-10,0.0408885432048733,93629500,-0.724607666110184,20.620001,0.039282345330633,19.809999,20.620001,7144,-0.985290075632615,-1.21493036675554
"2008-07-11",2008-07-11,0.000969835064508536,74358200,-0.724340580968281,20.639999,0.0402131802428866,0,20.639999,0,1.02369601164133,-1.21040607511556
"2008-07-14",2008-07-14,-0.0082364345075791,49072300,-0.726611031719533,20.469999,0.032242307388486,19.809999,20.639999,7147,-1.00313450717923,-1.24908539650314
"2008-07-15",2008-07-15,0.0117244754139948,100047200,-0.723405689482471,20.709999,0.0115886050984357,20.469999,20.709999,7147,-0.995588640831015,-1.31498417601279
"2008-07-16",2008-07-16,0.00965721920121775,87306000,-0.720734557595994,20.91,0.0210426111908177,0,20.91,0,1.81580190299678,-1.26919008466172
"2008-07-17",2008-07-17,0.0516499282639884,94030200,-0.706310517529216,21.99,0.0691223738062755,0,21.99,0,3.2848762532113,-1.03312639162912
"2008-07-18",2008-07-18,0.00454752160072767,54733400,-0.704974958263773,22.09,0.0733363965595292,0,22.09,0,1.06096467064433,-1.01216678965449
"2008-07-21",2008-07-21,0,48686600,-0.704974958263773,22.09,0.0733363965595292,0,22.09,0,-1,-1.01216678965449
"2008-07-22",2008-07-22,0,74321500,-0.704974958263773,22.09,0.0733363965595292,0,22.09,0,-1,-1.01216678965449
"2008-07-23",2008-07-23,0.00950651878678134,56708400,-0.702170297161937,22.299999,0.0820627839490037,0,22.299999,0,1.11899122126066,-0.968616449121843
"2008-07-24",2008-07-24,-0.0282510775000482,61416300,-0.710584307178631,21.67,0.0553761421319797,20.469999,22.299999,7155,-1.01198286234935,-1.10118421530791
"2008-07-25",2008-07-25,0.0156898938624827,40234600,-0.706043405676127,22.01,0.0699682417083144,20.469999,22.299999,0,1.26350877859199,-1.02892290160146
"2008-07-28",2008-07-28,-0.0154475238527942,49863200,-0.710584307178631,21.67,0.0553761421319797,20.469999,22.299999,0,-1.00643147640216,-1.10118421530791
"2008-07-29",2008-07-29,0.025842178126442,47493600,-0.703105175292154,22.23,0.079172334682861,20.469999,22.299999,0,1.42971921904865,-0.983063904692416
"2008-07-30",2008-07-30,0,52616100,-0.703105175292154,22.23,0.079172334682861,20.469999,22.299999,0,-1,-0.983063904692416
"2008-07-31",2008-07-31,-0.00179932523616742,65269400,-0.703639385642738,22.190001,0.077512479607369,20.469999,22.299999,0,-1.00075978725425,-0.991350427511961
"2008-08-01",2008-08-01,0.00721040976969774,42123200,-0.701502504173623,22.35,0.0304250559284116,21.67,22.35,7155,-0.996963101394384,-1.16111915425359
"2008-08-04",2008-08-04,0.00760626398210283,41598200,-0.699232053422371,22.52,0.0377442273534635,0,22.52,0,1.24056394316163,-1.12490117184963
"2008-08-05",2008-08-05,0.022202486678508,54578500,-0.692554257095159,23.02,0.0586446568201563,0,23.02,0,1.55373843716462,-1.02074402382308
"2008-08-06",2008-08-06,-0.00955695047784535,49927000,-0.695492500834725,22.799999,0.0495613618228666,21.67,23.02,7164,-1.004242618841,-1.0661468426657
"2008-08-07",2008-08-07,0.0381579402700852,113395100,-0.683873121869783,23.67,0.0367554288128433,22.799999,23.67,7164,-0.983293308050057,-1.07062820728425
"2008-08-08",2008-08-08,0.0236586396282213,69455500,-0.676393989983306,24.23,0.0590177878662815,0,24.23,0,1.60568900356997,-0.958300862606266
"2008-08-11",2008-08-11,0.00619063144861746,51679900,-0.674390664440735,24.379999,0.064807221690206,0,24.379999,0,1.09809642199809,-0.928869252431737
"2008-08-12",2008-08-12,0.0057424530657281,51900400,-0.672520868113523,24.52,0.0701468597063621,0,24.52,0,1.08239263892041,-0.901640737961605
"2008-08-13",2008-08-13,-0.0163131729200653,46340500,-0.6778630918197,24.120001,0.0547264488090194,22.799999,24.52,7169,-1.0079435805779,-0.980056834123163
"2008-08-14",2008-08-14,0.00995024834368796,50431900,-0.674657749582638,24.360001,0.0640394883399226,22.799999,24.52,0,1.17017438064368,-0.932777543838036
"2008-08-15",2008-08-15,-0.00410513119437059,43120100,-0.675993322203673,24.26,0.0601814097279473,22.799999,24.52,0,-1.00197962985212,-0.952392870230588
"2008-08-18",2008-08-18,-0.0103050288540808,45839600,-0.679332220367279,24.01,0.050395710120783,22.799999,24.52,0,-1.00493924725872,-1.00196171062717
"2008-08-19",2008-08-19,-0.0174927113702625,66159500,-0.684941569282137,23.59,0.0334888088172954,22.799999,24.52,0,-1.00825715128281,-1.087000843475
"2008-08-20",2008-08-20,-0.00847821110640103,54152400,-0.687612701168615,23.389999,0.0252244559736835,22.799999,24.52,0,-1.00389979526177,-1.12830186516819
"2008-08-21",2008-08-21,-0.0145361271712752,54971900,-0.692153602671119,23.049999,0.0108459874553574,22.799999,24.52,0,-1.00660386507519,-1.19975633938112
"2008-08-22",2008-08-22,0.0190889813053787,45352600,-0.68627712854758,23.49,0.0293742443593018,22.799999,24.52,0,2.70830521243065,-1.10758481242453
"2008-08-25",2008-08-25,-0.0221371221796508,42328200,-0.693222050083473,22.969999,0.00740095809320673,22.799999,24.52,0,-1.01011970419383,-1.21680279015825
"2008-08-26",2008-08-26,0.00783635210432517,39519900,-0.690818030050084,23.15,0.0151188336933045,22.799999,24.52,0,2.04282114597864,-1.17857452305778
"2008-08-27",2008-08-27,0.0112311015118791,39153600,-0.687345575959934,23.41,0.0260572832123025,22.799999,24.52,0,1.72349823676162,-1.12414757653731
"2008-08-28",2008-08-28,0.00768902178556171,30305300,-0.684941569282137,23.59,0.0334888088172954,22.799999,24.52,0,1.28519955608742,-1.087000843475
"2008-08-29",2008-08-29,-0.0305213649851633,53554000,-0.69455758263773,22.870001,0.00306086562917063,22.799999,24.52,0,-1.01403917324754,-1.23823842998481
"2008-09-02",2008-09-02,-0.0126804104643459,44071100,-0.698430717863106,22.58,0,22.58,24.360001,7182,-1.00557640622202,-1.26442669020214
"2008-09-03",2008-09-03,-0.0460584145261292,73837200,-0.712320520868114,21.540001,0,21.540001,22.58,7183,-1.01988715938426,-1.3168855495379
"2008-09-04",2008-09-04,-0.0473538046725253,87863800,-0.725943238731219,20.52,0,20.52,21.540001,7184,-1.01912442147041,-1.36833568456816
"2008-09-05",2008-09-05,0.00438601364522421,67373000,-0.724741222036728,20.610001,0.00436686053532942,20.52,20.610001,7184,-0.998344200165578,-1.34730320864666
"2008-09-08",2008-09-08,0.0174671510205167,63278600,-0.719933235392321,20.969999,0.0214591808039667,0,20.969999,0,4.91409804145437,-1.26459036388226
"2008-09-09",2008-09-09,-0.0305197439446708,71239500,-0.72848080133556,20.33,0,0,20.969999,7187,-1.0118727203066,-1.37791952385435
"2008-09-10",2008-09-10,-0.00836202656173134,66190200,-0.730751252086812,20.16,0,20.16,20.33,7188,-1.00311669263911,-1.38649453795251
"2008-09-11",2008-09-11,0.00148814484126977,85607000,-0.730350570951586,20.190001,0.00148593355691262,20.16,20.190001,7188,-0.999451686009321,-1.37936919177446
"2008-09-12",2008-09-12,-0.00148593355691258,61077400,-0.730751252086812,20.16,0,0,20.190001,7190,-1.00054861480385,-1.38649453795251
"2008-09-15",2008-09-15,-0.0396824900793651,75521100,-0.741435712854758,19.360001,0,19.360001,20.16,7191,-1.01462120076761,-1.42684749503204
"2008-09-16",2008-09-16,0.00619829513438558,103752800,-0.73983305509182,19.48,0.006160112936345,19.360001,19.48,7191,-0.997838440022308,-1.39752914573489
"2008-09-17",2008-09-17,-0.0477413244353183,93136100,-0.752253769616027,18.549999,0,0,19.48,7193,-1.01678853687156,-1.46770501602935
"2008-09-18",2008-09-18,0.0382749885862529,126532800,-0.742771285475793,19.26,0.0368640186915888,18.549999,19.26,7193,-0.987394567467473,-1.29266404015069
"2008-09-19",2008-09-19,-0.00155763239875395,107675000,-0.743171953255426,19.23,0.0353614664586583,18.549999,19.26,7195,-1.00053942281759,-1.29985210112521
"2008-09-22",2008-09-22,-0.0379615184607385,48899300,-0.752921535893156,18.5,0,18.5,19.23,7196,-1.01311887860545,-1.47022702855814
"2008-09-23",2008-09-23,0.00702697297297306,64671800,-0.751185322203673,18.629999,0.00697793918292755,18.5,18.629999,7196,-0.997694031042129,-1.43731550925155
"2008-09-24",2008-09-24,0.00375748812439543,67876800,-0.750250404006678,18.700001,0.0106952400697733,0,18.700001,0,1.5327218809732,-1.41974505800539
"2008-09-25",2008-09-25,-0.00695192476192916,69705600,-0.751986644407346,18.57,0.00376952073236403,18.5,18.700001,7199,-1.00231421454943,-1.45245945484082
"2008-09-26",2008-09-26,0.0339257404415724,68353700,-0.743572607679466,19.200001,0.0328125503743464,18.57,19.200001,7199,8.70470086359446,-1.31099200745381
"2008-09-29",2008-09-29,-0.100520880181204,93067800,-0.769348914858097,17.27,0,0,19.200001,7201,-1.03466548782515,-1.53226977762135
"2008-09-30",2008-09-30,0.0845396641574986,84089900,-0.749849749582638,18.73,0.0779498131340096,17.27,18.73,7201,-0.974654977866505,-1.16422551889769
"2008-10-01",2008-10-01,-0.011211959423385,74450600,-0.752654424040067,18.52,0.0674946004319654,17.27,18.73,7203,-1.00374031525514,-1.21430531880962
"2008-10-02",2008-10-02,-0.0712742440604751,80680400,-0.770283792988314,17.200001,0,17.200001,18.52,7204,-1.02342292609351,-1.53580061533816
"2008-10-03",2008-10-03,0.00639523218632376,83407600,-0.768814704507513,17.309999,0.00635459308807595,17.200001,17.309999,7204,-0.998092795805683,-1.50625221852061
"2008-10-06",2008-10-06,-0.0219525720365438,111110100,-0.773889816360601,16.93,0,0,17.309999,7206,-1.006601215902,-1.54941980581768
"2008-10-07",2008-10-07,-0.0537507383343178,90115400,-0.786043405676127,16.02,0,16.02,16.93,7207,-1.01570454741565,-1.59532135187257
"2008-10-08",2008-10-08,0.0143570536828964,124271200,-0.78297161936561,16.25,0.0141538461538462,16.02,16.25,7207,-0.996092090731459,-1.53026376753594
"2008-10-09",2008-10-09,-0.04,106013200,-0.791652754590985,15.6,0,0,16.25,7209,-1.01108742004264,-1.61650668082098
"2008-10-10",2008-10-10,-0.0262820512820513,166831600,-0.797128547579299,15.19,0,15.19,15.6,7210,-1.00691691269507,-1.63718759717539
"2008-10-13",2008-10-13,0.118499012508229,99262800,-0.773088480801336,16.99,0.105944673337257,15.19,16.99,7210,-0.969841668760995,-1.14626262185061
"2008-10-14",2008-10-14,-0.0623896409652736,124442300,-0.787245409015025,15.93,0.0464532328939109,15.19,16.99,7212,-1.01831217068325,-1.42441699238377
"2008-10-15",2008-10-15,-0.0590081607030759,141131200,-0.799799666110184,14.99,0,14.99,15.93,7213,-1.01594706930189,-1.64727584905558
"2008-10-16",2008-10-16,0.0593729152768513,120891700,-0.787913188647747,15.88,0.0560453400503779,14.99,15.88,7213,-0.98513818151457,-1.39071168770338
"2008-10-17",2008-10-17,-0.0239294710327456,93872200,-0.792988313856428,15.5,0.0329032258064516,14.99,15.88,7215,-1.00644122383253,-1.49728225567717
"2008-10-20",2008-10-20,0.0348387741935484,74062300,-0.785776280467446,16.040001,0.0336658956567397,15.5,16.040001,7215,1.02317918172444,-1.46716348183117
"2008-10-21",2008-10-21,-0.04925192959776,78715200,-0.796327212020034,15.25,0,0,16.040001,7217,-1.01342739888548,-1.63416112161133
"2008-10-22",2008-10-22,-0.0439344262295082,78516000,-0.805275459098498,14.58,0,14.58,15.25,7218,-1.01123689727463,-1.66795676540998
"2008-10-23",2008-10-23,-0.00480109739369001,85195700,-0.806210350584307,14.51,0,14.51,14.58,7219,-1.00116095862012,-1.67148765356805
"2008-10-24",2008-10-24,-0.0158511371467953,96012400,-0.809282136894825,14.28,0,14.28,14.51,7220,-1.00381015489108,-1.68308914323028
"2008-10-27",2008-10-27,-0.00210084033613441,80541800,-0.809682804674458,14.25,0,14.25,14.28,7221,-1.00049509035399,-1.68460238101231
"2008-10-28",2008-10-28,0.112982456140351,102361500,-0.788180300500835,15.86,0.101513240857503,14.25,15.86,7221,-0.973443298969072,-1.21999783173651
"2008-10-29",2008-10-29,-0.0580075662042875,99351500,-0.800467445742905,14.94,0.0461847389558233,14.25,15.86,7223,-1.01558925696857,-1.47536788422259
"2008-10-30",2008-10-30,0.0823293172690765,134857200,-0.784040066777964,16.17,0.0760667903525047,14.94,16.17,7223,1.64701137371945,-1.30046692325262
"2008-10-31",2008-10-31,-0.00865794681508986,94902700,-0.78590983639399,16.030001,0.067997562819865,14.94,16.17,7225,-1.00238478834852,-1.33800442131306
"2008-11-03",2008-11-03,-0.0243294432732723,54065800,-0.791118530884808,15.64,0.0447570332480819,14.94,16.17,0,-1.00662759803938,-1.4454511462791
"2008-11-04",2008-11-04,0.0396419437340154,71411200,-0.782838063439065,16.26,0.0381303813038131,15.64,16.26,7225,-0.989533215159956,-1.43920503359284
"2008-11-05",2008-11-05,-0.0738007380073801,68927600,-0.798864774624374,15.06,0,0,16.26,7228,-1.02047257527937,-1.64374496089751
"2008-11-06",2008-11-06,-0.0790172642762285,108708400,-0.814757929883139,13.87,0,13.87,15.06,7229,-1.01989467524868,-1.70377005958468
"2008-11-07",2008-11-07,0.0547945205479453,73428200,-0.804607679465777,14.63,0.0519480519480521,13.87,14.63,7229,-0.987542004753709,-1.46923785580885
"2008-11-10",2008-11-10,-0.0191387559808613,52853700,-0.808347245409015,14.35,0.0334494773519164,13.87,14.63,7231,-1.00464768860486,-1.55322662699756
"2008-11-11",2008-11-11,-0.0292682926829268,84853800,-0.813956594323873,13.93,0.0043072505384063,13.87,14.63,0,-1.00693928128872,-1.68447600628488
"2008-11-12",2008-11-12,-0.0294328786791098,72675400,-0.819432387312187,13.52,0,13.52,14.35,7233,-1.00672737714333,-1.72142450037502
"2008-11-13",2008-11-13,0.0673076923076923,143460400,-0.807278797996661,14.43,0.0630630630630631,13.52,14.43,7233,-0.985168282943525,-1.43734705266663
"2008-11-14",2008-11-14,-0.0769230769230769,74873700,-0.822103505843072,13.32,0,0,14.43,7235,-1.01836380180329,-1.73151275225522
"2008-11-17",2008-11-17,-0.024024024024024,60210900,-0.826377295492488,13,0,13,13.32,7236,-1.00519860287548,-1.74765395526353
"2008-11-18",2008-11-18,0.00846153846153842,96916400,-0.824908180300501,13.11,0.00839054157131958,13,13.11,7236,-0.998222222222222,-1.71041610912139
"2008-11-19",2008-11-19,-0.0472921434019832,73707700,-0.833188647746244,12.49,0,0,13.11,7238,-1.01003804743787,-1.77337899755803
"2008-11-20",2008-11-20,-0.0208166533226581,114060100,-0.836661101836394,12.23,0,12.23,12.49,7239,-1.00416766851006,-1.78649372500229
"2008-11-21",2008-11-21,0.0719542109566639,104114400,-0.824908180300501,13.11,0.0671243325705567,12.23,13.11,7239,-0.98595258999122,-1.48859095586515
"2008-11-24",2008-11-24,0.0343249427917621,98132700,-0.81889816360601,13.56,0.0980825958702065,0,13.56,0,1.46120776347547,-1.34896955163081
"2008-11-25",2008-11-25,-0.0317109144542773,84213900,-0.824641068447413,13.13,0.0685453160700685,12.23,13.56,7242,-1.00701296583218,-1.48221537540404
"2008-11-26",2008-11-26,0.063975628332064,71468300,-0.813422370617697,13.97,0.0601288475304224,13.13,13.97,7242,-0.986395659567576,-1.47163194581175
"2008-11-28",2008-11-28,-0.0121689334287759,26023500,-0.815692821368948,13.8,0.0485507246376812,13.13,13.97,7244,-1.00279123224694,-1.52393509053808
"2008-12-01",2008-12-01,-0.0898550724637681,60830800,-0.832253756260434,12.56,0,12.56,13.8,7245,-1.02030290626279,-1.76984810939997
"2008-12-02",2008-12-02,0.0573248407643311,63839000,-0.822637729549249,13.28,0.0542168674698794,12.56,13.28,7245,-0.988445799566718,-1.528764717819
"2008-12-03",2008-12-03,0.0286144578313254,77247200,-0.817562604340568,13.66,0.0805270863836017,0,13.66,0,1.48527737107532,-1.41022888603449
"2008-12-04",2008-12-04,-0.0651537335285506,78387100,-0.829449081803005,12.77,0.0164447924823805,12.56,13.66,7248,-1.0145389201993,-1.69714692867626
"2008-12-05",2008-12-05,0.0407204385277995,85179900,-0.822504173622705,13.29,0.0549285176824679,12.56,13.66,0,3.34017700383389,-1.52557255231841
"2008-12-08",2008-12-08,0.0489089541008277,78042400,-0.813823038397329,13.94,0.0839311334289814,12.77,13.94,7248,1.52800652502899,-1.38324896495253
"2008-12-09",2008-12-09,0.0258249641319943,88120000,-0.809015025041737,14.3,0.106993006993007,0,14.3,0,1.27477138246369,-1.27799027430785
"2008-12-10",2008-12-10,-0.00209790209790218,74889000,-0.809415692821369,14.27,0.105115627189909,12.77,14.3,7252,-1.00049525381758,-1.28659398003784
"2008-12-11",2008-12-11,-0.0182200420462509,73846300,-0.812888146911519,14.01,0.0885082084225554,12.77,14.3,0,-1.00429007507631,-1.3624314289442
"2008-12-12",2008-12-12,0.052819414703783,69873000,-0.803005008347246,14.75,0.0501694915254237,14.01,14.75,7252,-0.987841945288754,-1.46990215265014
"2008-12-15",2008-12-15,-0.0108474576271187,60647200,-0.805141903171954,14.59,0.0397532556545579,14.01,14.75,7255,-1.00266112266112,-1.51731268231316
"2008-12-16",2008-12-16,0.0719671007539411,100659300,-0.791118530884808,15.64,0.0671355498721228,14.59,15.64,7255,1.68880633212805,-1.36093220419617
"2008-12-17",2008-12-17,-0.0242966751918159,66997400,-0.796193656093489,15.26,0.0439056356487549,14.59,15.64,7257,-1.00641512619228,-1.46783437419265
"2008-12-18",2008-12-18,-0.0655307994757536,74156300,-0.809549248747913,14.26,0,14.26,15.26,7258,-1.01677430176969,-1.6840979684183
"2008-12-19",2008-12-19,0.0126227208976157,72433900,-0.807145242070117,14.44,0.0124653739612188,14.26,14.44,7258,-0.997030438010393,-1.62793945075821
"2008-12-22",2008-12-22,-0.00692520775623266,42388700,-0.80848080133556,14.34,0.00557880055788007,14.26,14.44,7260,-1.00165467030694,-1.6589927134255
"2008-12-23",2008-12-23,-0.0188284518828452,33805400,-0.812086811352254,14.07,0,14.07,14.34,7261,-1.00446022961923,-1.69368180770448
"2008-12-24",2008-12-24,0.0113717128642502,11410800,-0.809949916527546,14.23,0.011243851018974,14.07,14.23,7261,-0.997368637447578,-1.64314555000751
"2008-12-26",2008-12-26,-0.00351370344342942,14813900,-0.810617696160267,14.18,0.00775740479548659,14.07,14.23,7263,-1.00082447027785,-1.65883518576126
"2008-12-29",2008-12-29,-0.00352609308885747,31939500,-0.811285475792989,14.13,0.00424628450106157,14.07,14.23,0,-1.00082379108658,-1.67461801028205
"2008-12-30",2008-12-30,0.0396319886765746,37105200,-0.803806343906511,14.69,0.0381211708645336,14.13,14.69,7263,8.97753573859766,-1.51843259674088
"2008-12-31",2008-12-31,-0.00204220558202855,34063800,-0.804207011686144,14.66,0.0361527967257844,14.13,14.69,7266,-1.00049846307219,-1.5273799689039
"2009-01-02",2009-01-02,0.0368349249658935,52208200,-0.796994991652755,15.2,0.0355263157894736,14.66,15.2,7266,-0.99103213485012,-1.50250777532281
"2009-01-05",2009-01-05,-0.019078947368421,57320400,-0.800868113522538,14.91,0.0167672702883971,14.66,15.2,7268,-1.00485965647256,-1.58798470283166
"2009-01-06",2009-01-06,0.0308517773306505,61631400,-0.794724540901503,15.37,0.0299284320104098,14.91,15.37,7268,1.78493168510084,-1.5150747887709
"2009-01-07",2009-01-07,-0.0605074821080026,131389200,-0.807145242070117,14.44,0,0,15.37,7270,-1.01562893874464,-1.67501854172612
"2009-01-08",2009-01-08,0.00761772853185604,63101600,-0.805676126878131,14.55,0.00756013745704476,14.44,14.55,7270,-0.998179862662364,-1.6409169569555
"2009-01-09",2009-01-09,-0.0274914089347079,45551100,-0.8110183639399,14.15,0,0,14.55,7272,-1.00663075010361,-1.68964650695241
"2009-01-12",2009-01-12,-0.0254416961130743,54082500,-0.815826377295493,13.79,0,13.79,14.15,7273,-1.00592836558254,-1.70780536033676
"2009-01-13",2009-01-13,-0.00870195794053657,65565100,-0.817429048414024,13.67,0,13.67,13.79,7274,-1.00196447573054,-1.71385831146488
"2009-01-14",2009-01-14,-0.0431602048280907,69549600,-0.825308848080134,13.08,0,13.08,13.67,7275,-1.00963973531574,-1.74361865451146
"2009-01-15",2009-01-15,0.0160550458715596,73153900,-0.822504173622705,13.29,0.0158013544018059,13.08,13.29,7275,-0.996601666801521,-1.67334760384416
"2009-01-16",2009-01-16,0.0338600451467269,83985300,-0.816494156928214,13.74,0.0480349344978166,0,13.74,0,3.03992514036182,-1.52890959678221
"2009-01-20",2009-01-20,-0.0640465793304222,71563900,-0.828247078464107,12.86,0,0,13.74,7278,-1.01439437310869,-1.75471573157967
"2009-01-21",2009-01-21,0.0311041990668741,56622000,-0.822904841402337,13.26,0.0301659125188537,12.86,13.26,7278,-0.993549947593324,-1.62060893226427
"2009-01-22",2009-01-22,-0.033182503770739,72704000,-0.828781302170284,12.82,0,0,13.26,7280,-1.0071411182342,-1.75673338195571
"2009-01-23",2009-01-23,0.0234009360374414,63162200,-0.824774624373957,13.12,0.0228658536585366,12.82,13.12,7280,-0.995165578921924,-1.65524149275626
"2009-01-26",2009-01-26,0.0198170731707318,49562500,-0.821302170283807,13.38,0.0418535127055307,0,13.38,0,1.83039362232188,-1.57041437783592
"2009-01-27",2009-01-27,0.0321375186846039,45615800,-0.815559265442404,13.81,0.0716871832005793,0,13.81,0,1.71281162718527,-1.43604914885823
"2009-01-28",2009-01-28,0.0144822592324402,57065400,-0.812888146911519,14.01,0.084939329050678,0,14.01,0,1.18486074160592,-1.37591033436051
"2009-01-29",2009-01-29,-0.0456816559600286,51354500,-0.821435726210351,13.37,0.0411368735976065,12.82,14.01,7285,-1.01051507434486,-1.57362538534302
"2009-01-30",2009-01-30,-0.0351533283470455,47000100,-0.82771285475793,12.9,0.00620155038759695,12.82,14.01,0,-1.00764165514999,-1.72927613207093
"2009-02-02",2009-02-02,0.0565891472868217,69886500,-0.817963272120201,13.63,0.0594277329420396,12.82,14.01,0,9.5827219369038,-1.49142993608191
"2009-02-03",2009-02-03,0.0073367571533382,56695700,-0.816627712854758,13.73,0.0662782228696286,12.82,14.01,0,1.11527429347289,-1.46051295309965
"2009-02-04",2009-02-04,0.010924981791697,77692400,-0.814624373956595,13.88,0.0763688760806917,12.82,14.01,0,1.15224688855813,-1.41483649313568
"2009-02-05",2009-02-05,0.0266570605187319,61024500,-0.809682804674458,14.25,0.0947368421052631,12.9,14.25,7285,1.24051638530288,-1.32680128965614
"2009-02-06",2009-02-06,0.0336842105263158,62677300,-0.803272120200334,14.73,0.124236252545825,0,14.73,0,1.31138266576148,-1.19117642750482
"2009-02-09",2009-02-09,0.0122199592668024,64735500,-0.800868113522538,14.91,0.134808853118712,0,14.91,0,1.0851007685457,-1.14216651612065
"2009-02-10",2009-02-10,-0.0556673373574782,94001200,-0.81195325542571,14.08,0.0838068181818181,12.9,14.91,7293,-1.0138414074877,-1.37665670113142
"2009-02-11",2009-02-11,0,57378700,-0.81195325542571,14.08,0.0838068181818181,12.9,14.91,0,-1,-1.37665670113142
"2009-02-12",2009-02-12,-0.00568181818181819,76366300,-0.813021702838064,14,0.0785714285714285,12.9,14.91,0,-1.00131589768895,-1.40046496533304
"2009-02-13",2009-02-13,-0.00857142857142852,55953700,-0.814624373956595,13.88,0.0706051873198847,12.9,14.91,0,-1.00197125256674,-1.43660473116247
"2009-02-17",2009-02-17,-0.0482708933717579,60690300,-0.823572621035059,13.21,0.0234670704012112,12.9,14.91,0,-1.0109845069268,-1.64843111045087
"2009-02-18",2009-02-18,0.0113550340651021,51305600,-0.821569282136895,13.36,0.0344311377245509,12.9,14.91,0,1.4672107398107,-1.59945594941524
"2009-02-19",2009-02-19,-0.0508982035928143,56175100,-0.830651085141903,12.68,0,12.68,14.08,7299,-1.01105421441925,-1.76379515827185
"2009-02-20",2009-02-20,0.00788643533123026,73617900,-0.829315525876461,12.78,0.00782472613458529,12.68,12.78,7299,-0.998392153710105,-1.72919869040962
"2009-02-23",2009-02-23,-0.054773082942097,88416500,-0.838664440734558,12.08,0,0,12.78,7301,-1.01127304935985,-1.79405991391244
"2009-02-24",2009-02-24,0.0538079470198676,74644300,-0.829983305509182,12.73,0.0510604870384918,12.08,12.73,7301,-0.989648857393105,-1.56842839432211
"2009-02-25",2009-02-25,0.02356637863315,108225000,-0.825976627712855,13.03,0.0729086722947044,0,13.03,0,1.42788830509475,-1.47078002425311
"2009-02-26",2009-02-26,-0.0245587106676898,69012700,-0.830250417362271,12.71,0.0495672698662472,12.08,13.03,7304,-1.0051742258873,-1.57507678614532
"2009-02-27",2009-02-27,0.00236034618410695,69764500,-0.829849749582638,12.74,0.0518053375196232,12.08,13.03,0,1.04515212678478,-1.56511083840261
"2009-03-02",2009-03-02,-0.0337519623233909,64495900,-0.83559265442404,12.31,0.0186839967506093,12.08,13.03,0,-1.00692041522491,-1.71189290528521
"2009-03-03",2009-03-03,-0.00243704305442739,76602000,-0.835993322203673,12.28,0.01628664495114,12.08,13.03,0,-1.00047950131863,-1.72246043568617
"2009-03-04",2009-03-04,0.0390879478827362,84412100,-0.82958263772955,12.76,0.0532915360501567,12.08,13.03,0,3.27210031347964,-1.55848895451029
"2009-03-05",2009-03-05,-0.0352664576802507,76644500,-0.83559265442404,12.31,0.0186839967506093,12.08,13.03,0,-1.00724462690171,-1.71189290528521
"2009-03-06",2009-03-06,0.00812347684809095,79191400,-0.834257095158598,12.41,0.0265914585012087,12.08,13.03,0,1.42322110499947,-1.67698396243389
"2009-03-09",2009-03-09,0.0112812248186946,87044700,-0.832387312186979,12.55,0.0374501992031873,12.08,13.03,0,1.4083544609441,-1.62891101044858
"2009-03-10",2009-03-10,0.109163346613546,92478000,-0.814090150250418,13.92,0.117816091954023,12.28,13.92,7304,3.14594032770849,-1.25628144143192
"2009-03-11",2009-03-11,0.00287356321839087,82085400,-0.813555926544241,13.96,0.120343839541547,0,13.96,0,1.02145502830387,-1.24471702102016
"2009-03-12",2009-03-12,0.0401146131805157,84846000,-0.806076794657763,14.52,0.154269972451791,0,14.52,0,1.28191000918274,-1.0883380600696
"2009-03-13",2009-03-13,0.012396694214876,66631100,-0.803672787979967,14.7,0.164625850340136,0,14.7,0,1.06712827988338,-1.04014666460097
"2009-03-16",2009-03-16,-0.0306122448979591,72651200,-0.809682804674458,14.25,0.138245614035088,12.28,14.7,7316,-1.00747818861653,-1.16247782547776
"2009-03-17",2009-03-17,0.0456140350877193,64928700,-0.801001669449082,14.9,0.0436241610738255,14.25,14.9,7316,-0.989278350515464,-1.48705629773916
"2009-03-18",2009-03-18,0.0228187919463087,91361600,-0.796460767946578,15.24,0.0649606299212598,0,15.24,0,1.48909751665657,-1.38932292235022
"2009-03-19",2009-03-19,-0.00590551181102361,66560800,-0.797662771285476,15.15,0.0594059405940595,14.25,15.24,7319,-1.00150918085017,-1.41484152689904
"2009-03-20",2009-03-20,-0.033003300330033,84639100,-0.804340567612688,14.65,0.0273037542662117,14.25,15.24,0,-1.00837170364169,-1.56130535035367
"2009-03-23",2009-03-23,0.0593856655290102,64167500,-0.792721202003339,15.52,0.0560567010309277,14.65,15.52,7319,2.05307667525772,-1.40882763305798
"2009-03-24",2009-03-24,-0.0335051546391752,59468600,-0.79966611018364,15,0.0233333333333333,14.65,15.52,7322,-1.00876084575857,-1.55864635284978
"2009-03-25",2009-03-25,-0.00400000000000003,94510300,-0.800467445742905,14.94,0.0194109772423025,14.65,15.52,0,-1.00100208768267,-1.57648674092001
"2009-03-26",2009-03-26,0.0589022757697457,77554300,-0.788714524207012,15.82,0.0556257901390645,14.94,15.82,7322,2.86568725750906,-1.39532271488231
"2009-03-27",2009-03-27,-0.0252844500632111,45694300,-0.794056761268782,15.42,0.0311284046692607,14.94,15.82,7325,-1.00677334688003,-1.50802068190543
"2009-03-30",2009-03-30,-0.0453955901426718,55433000,-0.803405676126878,14.72,0,14.72,15.42,7326,-1.0117736102935,-1.66089498909385
"2009-03-31",2009-03-31,0.0210597826086956,62044500,-0.799265442404007,15.03,0.0206254158349966,14.72,15.03,7326,-0.994846646164076,-1.56736034889438
"2009-04-01",2009-04-01,0,75052800,-0.799265442404007,15.03,0.0206254158349966,0,15.03,0,-1,-1.56736034889438
"2009-04-02",2009-04-02,0.0445775116433799,77688000,-0.790317195325543,15.7,0.062420382165605,0,15.7,0,3.02638175467435,-1.37571392356271
"2009-04-03",2009-04-03,0.0159235668789809,51137100,-0.786978297161937,15.95,0.0771159874608149,0,15.95,0,1.23542959503551,-1.30760140391105
"2009-04-06",2009-04-06,-0.00564263322884012,47650800,-0.788180300500835,15.86,0.0718789407313997,14.72,15.95,7331,-1.00152736529487,-1.33192033929607
"2009-04-07",2009-04-07,-0.0258511979823455,52741800,-0.793656093489149,15.45,0.0472491909385112,14.72,15.95,0,-1.00694738625773,-1.44562263107202
"2009-04-08",2009-04-08,-0.0116504854368932,68332300,-0.796060100166945,15.27,0.0360183366077275,14.72,15.95,0,-1.00302902818679,-1.49711862820414
"2009-04-09",2009-04-09,0.0464963981663393,58560100,-0.786577629382304,15.98,0.0444305381727159,15.27,15.98,7331,1.23355330526795,-1.42953422118914
"2009-04-13",2009-04-13,0,45423200,-0.786577629382304,15.98,0.0444305381727159,0,15.98,0,-1,-1.42953422118914
"2009-04-14",2009-04-14,0.00187734668335426,92083600,-0.786176961602671,16.01,0.0462211118051219,0,16.01,0,1.0403005164026,-1.42125836407559
"2009-04-15",2009-04-15,-0.0243597751405373,152727500,-0.791385642737897,15.62,0.0224071702944942,15.27,16.01,7337,-1.00662532914295,-1.53087069467413
"2009-04-16",2009-04-16,0.0172855313700385,68775100,-0.787779632721202,15.89,0.039018250471995,15.27,16.01,0,1.74132877820732,-1.4545150047991
"2009-04-17",2009-04-17,-0.0182504719949654,67299700,-0.791652754590985,15.6,0.0211538461538462,15.27,16.01,0,-1.00491650419598,-1.53661306106304
"2009-04-20",2009-04-20,-0.0384615384615384,66489000,-0.79966611018364,15,0,15,15.89,7340,-1.01012231126107,-1.64677143646157
"2009-04-21",2009-04-21,0.024,85204200,-0.794858096828047,15.36,0.0234375,15,15.36,7340,-0.993987473903967,-1.54009408391359
"2009-04-22",2009-04-22,0.0201822916666667,95293600,-0.790717863105176,15.67,0.0427568602425016,0,15.67,0,1.82429270368007,-1.45149214049799
"2009-04-23",2009-04-23,-0.00893426930440335,74517400,-0.792587646076795,15.53,0.0341274951706374,15,15.67,7343,-1.00236466514652,-1.49114521046304
"2009-04-24",2009-04-24,0.00579523502897617,67621900,-0.791385642737897,15.62,0.0396927016645326,15,15.67,0,1.16307105066074,-1.46558688479161
"2009-04-27",2009-04-27,-0.0217669654289373,64601800,-0.795926544240401,15.28,0.0183246073298429,15,15.67,0,-1.00573791241245,-1.56343970298234
"2009-04-28",2009-04-28,-0.0150523560209423,55510200,-0.798998330550919,15.05,0.00332225913621265,15,15.67,0,-1.00385938417652,-1.63170190074186
"2009-04-29",2009-04-29,0.0199335548172757,60855600,-0.794991652754591,15.35,0.0228013029315961,15,15.67,0,6.86319218241038,-1.54300127878674
"2009-04-30",2009-04-30,0.0280130293159609,77775200,-0.789248747913189,15.78,0.0462610899873257,15.05,15.78,7343,2.02887923230128,-1.43270886456713
"2009-05-01",2009-05-01,0.00190114068441072,50861600,-0.788848080133556,15.81,0.0480708412397217,0,15.81,0,1.03912037638741,-1.42436057762364
"2009-05-04",2009-05-04,0.053763440860215,88096300,-0.777495826377296,16.66,0.0966386554621849,0,16.66,0,2.01033834586466,-1.19805510616723
"2009-05-05",2009-05-05,-0.0300120048019208,67894300,-0.784173622704508,16.16,0.0686881188118812,15.05,16.66,7351,-1.00858885167053,-1.32883902355212
"2009-05-06",2009-05-06,-0.00247518564356446,66328400,-0.784707833055092,16.120001,0.0663772291329261,15.05,16.66,0,-1.00068123988759,-1.33958436689442
"2009-05-07",2009-05-07,-0.0217122194967605,90338200,-0.789382303839733,15.77,0.0456563094483196,15.05,16.66,0,-1.00595695695612,-1.43549740582828
"2009-05-08",2009-05-08,-0.0304375396322131,94098000,-0.795792988313857,15.29,0.0156965336821451,15.05,16.66,0,-1.00812114034346,-1.57286097081439
"2009-05-11",2009-05-11,0.0052321778940484,69490100,-0.794724540901503,15.37,0.0208197787898503,15.05,16.66,0,1.32639340707006,-1.5494762527703
"2009-05-12",2009-05-12,-0.0104098893949251,73714000,-0.796861435726211,15.21,0.0105193951347797,15.05,16.66,0,-1.0026888496765,-1.5964492330246
"2009-05-13",2009-05-13,-0.00525969756738988,75872500,-0.797929883138565,15.13,0.00528750826173163,15.05,16.66,0,-1.00134081957597,-1.62024426812531
"2009-05-14",2009-05-14,0.0270984798413746,71224300,-0.792454090150251,15.54,0.0315315315315314,15.05,16.66,0,5.96340090090091,-1.50044520555829
"2009-05-15",2009-05-15,-0.0225225225225225,61813300,-0.797128547579299,15.19,0.00921658986175111,15.05,16.66,0,-1.00589871071037,-1.60237847922471
"2009-05-18",2009-05-18,0.021724818959842,44691600,-0.792721202003339,15.52,0.0302835051546391,15.05,16.66,0,3.28576030927835,-1.50616756340974
"2009-05-19",2009-05-19,0.00837628865979386,59048200,-0.790984974958264,15.65,0.0383386581469648,15.05,16.66,0,1.26599143498063,-1.46918758407528
"2009-05-20",2009-05-20,-0.00447284345047925,60337700,-0.791919866444074,15.58,0.0340179717586649,15.05,16.66,0,-1.00118193330519,-1.48903679434317
"2009-05-21",2009-05-21,-0.0256739409499358,59548500,-0.797262103505843,15.18,0.00856389986824768,15.05,16.66,0,-1.00674593136015,-1.60534796440087
"2009-05-22",2009-05-22,-0.00856389986824763,44344900,-0.798998330550919,15.05,0,15.05,16.16,7364,-1.00217773682888,-1.64424937349152
"2009-05-26",2009-05-26,0.0285714285714285,64342900,-0.793255425709516,15.48,0.0277777777777778,15.05,15.48,7364,-0.992812369410781,-1.51764881812553
"2009-05-27",2009-05-27,-0.00129198966408266,60488000,-0.793522537562605,15.46,0.0265200517464425,15.05,15.48,7366,-1.00033672868087,-1.52340780952808
"2009-05-28",2009-05-28,0.0168175937904269,59109200,-0.790050083472454,15.72,0.0165394402035624,15.46,15.72,7366,-0.995624000673231,-1.54798774894296
"2009-05-29",2009-05-29,0,77293300,-0.790050083472454,15.72,0.0165394402035624,0,15.72,0,-1,-1.54798774894296
"2009-06-01",2009-06-01,0.049618320610687,75465600,-0.779632721202004,16.5,0.063030303030303,0,16.5,0,3.81090909090909,-1.33305737344772
"2009-06-02",2009-06-02,-0.0187878181818183,58397000,-0.783772941569282,16.190001,0.0450896204391833,15.46,16.5,7370,-1.00531047537473,-1.41645229142341
"2009-06-03",2009-06-03,-0.0154416914489381,49799000,-0.787111853088481,15.94,0.0301129234629861,15.46,16.5,0,-1.00426004948897,-1.48562648556874
"2009-06-04",2009-06-04,0.0119196361355083,49080500,-0.784574303839733,16.129999,0.0415374483284221,15.46,16.5,0,1.37938942990635,-1.43289467348132
"2009-06-05",2009-06-05,-0.0130191576577284,62834200,-0.78737896494157,15.92,0.028894472361809,15.46,16.5,0,-1.00357475523747,-1.49123714383539
"2009-06-08",2009-06-08,0,44070000,-0.78737896494157,15.92,0.028894472361809,15.46,16.5,0,-1,-1.49123714383539
"2009-06-09",2009-06-09,0.0314070351758795,64051300,-0.780701168614358,16.42,0.0584652862362972,15.46,16.5,0,2.02340729756925,-1.35433378077098
"2009-06-10",2009-06-10,0.00243599269183911,48782300,-0.780166958263773,16.459999,0.0607532843714024,15.46,16.5,0,1.03913430143586,-1.3436748939665
"2009-06-11",2009-06-11,-0.00668280721037701,53221200,-0.781636060100167,16.35,0.054434250764526,15.46,16.5,0,-1.00188306082542,-1.37308904055728
"2009-06-12",2009-06-12,-0.00244654434250766,47621900,-0.782170297161937,16.309999,0.0521152085907547,15.46,16.5,0,-1.00068348568988,-1.38386527503727
"2009-06-15",2009-06-15,-0.0202329258266663,60420500,-0.786577629382304,15.98,0.032540675844806,15.46,16.5,0,-1.00563474762,-1.4744397259797
"2009-06-16",2009-06-16,-0.00750938673341683,54084700,-0.788180300500835,15.86,0.0252206809583858,15.46,16.5,0,-1.00203752440784,-1.50813875545369
"2009-06-17",2009-06-17,0.0176544136191677,59351300,-0.784440747913189,16.139999,0.0421312913340328,15.46,16.5,0,1.67050570139441,-1.43014744097923
"2009-06-18",2009-06-18,-0.0167285636139135,57990500,-0.788046744574291,15.87,0.0258349086326402,15.46,16.5,0,-1.00459690125825,-1.50531453435324
"2009-06-19",2009-06-19,0.00882167611846266,71511000,-0.786176961602671,16.01,0.0343535290443473,15.46,16.5,0,1.32973294130193,-1.46607972363544
"2009-06-22",2009-06-22,-0.0206121174266085,70833600,-0.790584307178631,15.68,0.0140306122448979,15.46,16.5,0,-1.00560604773635,-1.55948071390292
"2009-06-23",2009-06-23,0.00829081632653066,70659600,-0.788848080133556,15.81,0.0221378874130297,15.46,16.5,0,1.57782761198322,-1.5223038800927
"2009-06-24",2009-06-24,0.0183428209993675,53321600,-0.784974958263773,16.1,0.0397515527950311,15.46,16.5,0,1.79563442768412,-1.44115281195932
"2009-06-25",2009-06-25,0.0130434161490683,55503100,-0.782170297161937,16.309999,0.0521152085907547,15.46,16.5,0,1.31102321611117,-1.38386527503727
"2009-06-26",2009-06-26,-0.00122611902060822,70252000,-0.78243738230384,16.290001,0.0509515622497506,15.46,16.5,0,-1.00034146674052,-1.38926884638972
"2009-06-29",2009-06-29,0.00552473876459562,59308200,-0.781235405676127,16.379999,0.0561659985449328,15.46,16.5,0,1.10234104833964,-1.36503540673324
"2009-06-30",2009-06-30,0.010378511012119,67489500,-0.778964954924875,16.549999,0.0525679185841643,15.68,16.549999,7370,-0.997093768747863,-1.37004958252299
"2009-07-01",2009-07-01,0.0296073733901736,92515000,-0.772420687813022,17.040001,0.0798122605743978,0,17.040001,0,1.51826936892344,-1.2424371252838
"2009-07-02",2009-07-02,-0.0187794589918157,54945500,-0.776694504173623,16.719999,0.0622009008493363,15.68,17.040001,7392,-1.00553301643526,-1.32509282410128
"2009-07-06",2009-07-06,-0.0107654312658751,47324300,-0.779098484140234,16.540001,0.0519952205565163,15.68,17.040001,0,-1.00309514223893,-1.37271685401608
"2009-07-07",2009-07-07,-0.0175333121201142,69194600,-0.78297161936561,16.25,0.0350769230769231,15.68,17.040001,0,-1.00497130376226,-1.45124171453899
"2009-07-08",2009-07-08,-0.0190769230769231,80897100,-0.787111853088481,15.94,0.0163111668757842,15.68,17.040001,0,-1.00528784648188,-1.53775281213603
"2009-07-09",2009-07-09,0.00501882057716437,65658200,-0.786043405676127,16.02,0.0212234706616728,15.68,17.040001,0,1.30116200902718,-1.51516477501861
"2009-07-10",2009-07-10,0.00124850187265921,51148600,-0.785776280467446,16.040001,0.0224439512192051,15.68,17.040001,0,1.05750617215196,-1.50954640148166
"2009-07-13",2009-07-13,0.0280547987497007,61791800,-0.779766277128548,16.49,0.0491206791995148,15.68,17.040001,0,2.18859320802135,-1.38609550446016
"2009-07-14",2009-07-14,0.0206185567010309,95548700,-0.775225375626044,16.83,0.0683303624480094,15.68,17.040001,0,1.39107120588602,-1.2963945501597
"2009-07-15",2009-07-15,0.0724895424836602,186137900,-0.758931565943239,18.049999,0.116897457999859,15.94,18.049999,7392,1.71076888533707,-1.05142857743367
"2009-07-16",2009-07-16,0.0249308047053078,90052900,-0.752921535893156,18.5,0.138378378378378,0,18.5,0,1.18375866118958,-0.947601050072739
"2009-07-17",2009-07-17,0.0156757297297297,84212400,-0.74904840066778,18.790001,0.151676468777197,0,18.790001,0,1.09609948139771,-0.882748948907776
"2009-07-20",2009-07-20,0.00585412422277138,77865900,-0.747579298831386,18.9,0.156613756613757,0,18.9,0,1.03255144239818,-0.8585533649544
"2009-07-21",2009-07-21,0,63780400,-0.747579298831386,18.9,0.156613756613757,0,18.9,0,-1,-0.8585533649544
"2009-07-22",2009-07-22,0.0126983597883598,141096200,-0.744373969949917,19.139999,0.167189089194832,0,19.139999,0,1.06752492762917,-0.806506710228145
"2009-07-23",2009-07-23,0.0177638985247596,151443300,-0.73983305509182,19.48,0.181724845995893,0,19.48,0,1.0869420179933,-0.734458140871085
"2009-07-24",2009-07-24,-0.00616011293634497,51683400,-0.741435712854758,19.360001,0.176652935090241,15.94,19.48,7407,-1.00216624244065,-0.759666580385036
"2009-07-27",2009-07-27,0.00568171458255611,42326100,-0.739966624373957,19.469999,0.181304529086006,15.94,19.48,0,1.02633182399935,-0.736550052313238
"2009-07-28",2009-07-28,-0.00513600437267629,60037100,-0.741302156928214,19.370001,0.177077998085803,15.94,19.48,0,-1.0018048551249,-0.757556794418562
"2009-07-29",2009-07-29,0.00154873507750465,50331700,-0.740901502504174,19.4,0.178350515463917,15.94,19.48,0,1.0071861969972,-0.751237577063057
"2009-07-30",2009-07-30,-0.00360824742268043,60640900,-0.741836393989984,19.33,0.175375064666322,15.94,19.48,0,-1.001261829653,-0.766006115949165
"2009-07-31",2009-07-31,-0.00413864459389541,47557600,-0.742904841402338,19.25,0.171948051948052,15.94,19.48,0,-1.00144027365199,-0.782984521658509
"2009-08-03",2009-08-03,0.0062338181818181,44330800,-0.741302156928214,19.370001,0.177077998085803,15.94,19.48,0,1.0298342788978,-0.757556794418562
"2009-08-04",2009-08-04,-0.00258136279910353,46880800,-0.741969949916528,19.32,0.174948240165631,15.94,19.48,0,-1.00090083777859,-0.768122554749356
"2009-08-05",2009-08-05,-0.0238094720496894,60035000,-0.74811350918197,18.860001,0.154825071324227,15.94,19.48,0,-1.00828006480065,-0.867326452347534
"2009-08-06",2009-08-06,-0.00848356264668279,66862100,-0.750250404006678,18.700001,0.147593628470929,15.94,19.48,0,-1.00285637780695,-0.902708689826584
"2009-08-07",2009-08-07,-0.0106952400697733,59429500,-0.752921535893156,18.5,0.138378378378378,15.94,19.48,0,-1.00356032049062,-0.947601050072739
"2009-08-10",2009-08-10,0.0140540540540541,46899600,-0.749449081803005,18.76,0.150319829424307,15.94,19.48,0,1.08629564232409,-0.889385978119828
"2009-08-11",2009-08-11,-0.00639664179104488,32772600,-0.751051766277129,18.639999,0.144849739530565,15.94,19.48,0,-1.00213848347144,-0.916098356657063
"2009-08-12",2009-08-12,0.00912017216309946,52940100,-0.748781315525877,18.809999,0.152578370684656,15.94,19.48,0,1.05335619642215,-0.878333931130657
"2009-08-13",2009-08-13,0.0127591713322259,44091800,-0.745575973288815,19.049999,0.163254549252207,15.94,19.48,0,1.06997176939067,-0.825906351920709
"2009-08-14",2009-08-14,-0.0146981110077749,43590800,-0.749315525876461,18.77,0.150772509323388,15.94,19.48,0,-1.00501565597822,-0.887171888927708
"2009-08-17",2009-08-17,-0.0170484283431007,48360500,-0.753589302170284,18.450001,0.13604340726052,15.94,19.48,0,-1.00570357365654,-0.958941756529775
"2009-08-18",2009-08-18,0.0173441183011318,42482600,-0.749315525876461,18.77,0.150772509323388,15.94,19.48,0,1.10826766514795,-0.887171888927708
"2009-08-19",2009-08-19,0.00159824187533298,48165500,-0.748914871452421,18.799999,0.152127614474873,15.94,19.48,0,1.00898774688812,-0.880540754953622
"2009-08-20",2009-08-20,-0.00478723429719331,44858000,-0.750116874791319,18.709999,0.148049126031487,15.94,19.48,0,-1.00160499328391,-0.900484059803272
"2009-08-21",2009-08-21,0.00962052429826424,55163300,-0.747712868113523,18.889999,0.156167239606524,15.94,19.48,0,1.05483391758294,-0.860744228643803
"2009-08-24",2009-08-24,-0.00688189554695042,38709600,-0.749449081803005,18.76,0.150319829424307,15.94,19.48,0,-1.00232203264585,-0.889385978119828
"2009-08-25",2009-08-25,0.0181236673773987,62060100,-0.744908180300501,19.1,0.165445026178011,15.94,19.48,0,1.10062010322677,-0.815111268699281
"2009-08-26",2009-08-26,0.0172774869109947,61587600,-0.740500834724541,19.43,0.179619145651055,15.94,19.48,0,1.08567268415669,-0.744932990367573
"2009-08-27",2009-08-27,0.00205862068965526,51412600,-0.739966624373957,19.469999,0.181304529086006,15.94,19.48,0,1.0093830945963,-0.736550052313237
"2009-08-28",2009-08-28,0.0400616867006515,105102800,-0.729549248747914,20.25,0.0888888395061729,18.450001,20.25,7407,-0.985921830413829,-1.04624040687912
"2009-08-31",2009-08-31,0.0034567901234568,53486200,-0.728614357262104,20.32,0.0920275098425197,0,20.32,0,1.0353100609006,-1.03085542218589
"2009-09-01",2009-09-01,-0.0295276082677165,74478300,-0.736627726210351,19.719999,0.0644015245639719,18.450001,20.32,7434,-1.01099809366694,-1.16545775380475
"2009-09-02",2009-09-02,-0.0126774854298928,41572500,-0.739966624373957,19.469999,0.0523881896450021,18.450001,20.32,0,-1.00453268054514,-1.22343990340603
"2009-09-03",2009-09-03,-0.00256800218633805,47507500,-0.740634390651085,19.42,0.0499484552008239,18.450001,20.32,0,-1.00090242756245,-1.2351762788727
"2009-09-04",2009-09-04,0.0113284757981461,47277800,-0.737696173622705,19.639999,0.0605905326166258,18.450001,20.32,0,1.21306119224337,-1.18388636815699
"2009-09-08",2009-09-08,0.008146639926,45582000,-0.735559278797997,19.799999,0.0681817206152384,18.450001,20.32,0,1.12528670191174,-1.14714544906324
"2009-09-09",2009-09-09,0.00656570740230846,48804700,-0.733823038397329,19.93,0.074259859508279,18.450001,20.32,0,1.08914616466399,-1.117632184979
"2009-09-10",2009-09-10,-0.00852985449071742,49461000,-0.736093489148581,19.76,0.066295495951417,18.450001,20.32,0,-1.003094003094,-1.1562869221213
"2009-09-11",2009-09-11,-0.0126518218623482,59413200,-0.739432387312187,19.51,0.0543310609943619,18.450001,20.32,0,-1.00453597024404,-1.21408438686976
"2009-09-14",2009-09-14,-0.00768831368528965,52416900,-0.741435712854758,19.360001,0.0470041298035057,18.450001,20.32,0,-1.00270927481261,-1.24932280064488
"2009-09-15",2009-09-15,0.00981394577407301,48283500,-0.738898176961603,19.549999,0.0562658852309915,18.450001,20.32,0,1.19704131245921,-1.20475936346525
"2009-09-16",2009-09-16,0.00511514092660562,49554100,-0.737562604340568,19.65,0.061068651399491,18.450001,20.32,0,1.08535840409837,-1.18157615121959
"2009-09-17",2009-09-17,-0.0122137404580152,64594100,-0.74076794657763,19.41,0.0494589902112313,18.450001,20.32,0,-1.00434585785423,-1.23752929760097
"2009-09-18",2009-09-18,0.00772792375064405,53493800,-0.738764621035059,19.559999,0.0567483669094258,18.450001,20.32,0,1.14738223863978,-1.20243271923182
"2009-09-21",2009-09-21,-0.00102239269030643,36161000,-0.739031706176962,19.540001,0.0557830063570621,18.450001,20.32,0,-1.00036152941586,-1.20708740693986
"2009-09-22",2009-09-22,-0.000511770700523586,38173500,-0.739165262103506,19.530001,0.0552995363389893,18.450001,20.32,0,-1.00018071745154,-1.20941778392386
"2009-09-23",2009-09-23,0.017921043629235,72090600,-0.734490831385643,19.879999,0.071931492551886,18.450001,20.32,0,1.30076122358318,-1.12894804979221
"2009-09-24",2009-09-24,-0.0171025159508309,52362100,-0.739031706176962,19.540001,0.0557830063570621,18.450001,20.32,0,-1.00618234373702,-1.20708740693986
"2009-09-25",2009-09-25,-0.00870010190889968,39476400,-0.741302156928214,19.370001,0.0474961255809949,18.450001,20.32,0,-1.0030721966761,-1.24696022366396
"2009-09-28",2009-09-28,0.0191016510530898,37809400,-0.73636060100167,19.74,0.0653494934143869,18.450001,20.32,0,1.37589103563714,-1.16086859956672
"2009-09-29",2009-09-29,-0.0131712259371833,42035200,-0.73983305509182,19.48,0.0528746919917864,18.450001,20.32,0,-1.00471569783259,-1.22109802351415
"2009-09-30",2009-09-30,0.00462012320328541,64725300,-0.738631051752922,19.57,0.0572304036791007,18.450001,20.32,0,1.08237800587077,-1.20010770488377
"2009-10-01",2009-10-01,-0.0342360756259582,70648800,-0.747579298831386,18.9,0.0238094708994708,18.450001,20.32,0,-1.01211463701293,-1.36012716992196
"2009-10-02",2009-10-02,0.00370365079365094,58171800,-0.746644420701169,18.969999,0.027411598703827,18.450001,20.32,0,1.1512897039823,-1.34299185446489
"2009-10-05",2009-10-05,0.00685297874818022,56630400,-0.744908180300501,19.1,0.0340313612565446,18.450001,20.32,0,1.24149494614458,-1.31143299193943
"2009-10-06",2009-10-06,0.0277486387434555,74185400,-0.737829729549249,19.629999,0.0601119745344868,18.450001,20.32,0,1.76636996919794,-1.18619819379393
"2009-10-07",2009-10-07,0.00611314345966082,49526400,-0.736227045075126,19.75,0.0658227341772152,18.450001,20.32,0,1.09500203057632,-1.15857685632445
"2009-10-08",2009-10-08,0.00658222784810134,74199400,-0.734490831385643,19.879999,0.071931492551886,18.450001,20.32,0,1.09280620823535,-1.12894804979221
"2009-10-09",2009-10-09,0.0145875761864978,55944900,-0.730617696160268,20.17,0.0852751115518097,18.450001,20.32,0,1.18550454782095,-1.06392399669385
"2009-10-12",2009-10-12,0.0114030738720871,65087300,-0.72754590984975,20.4,0.0735294117647058,18.9,20.4,7434,-0.99579563111233,-1.09668354028095
"2009-10-13",2009-10-13,0.00441176470588235,116652700,-0.726343906510852,20.49,0.0775988286969254,0,20.49,0,1.05534407027819,-1.07677449661759
"2009-10-14",2009-10-14,0.0165934602244997,164972400,-0.721803005008348,20.83,0.0926548247719635,0,20.83,0,1.19402349658964,-1.00276114357962
"2009-10-15",2009-10-15,-0.0076812289966393,80532900,-0.723939899833056,20.67,0.0856313497822934,18.9,20.83,7465,-1.00296049588306,-1.03735793025706
"2009-10-16",2009-10-16,-0.0237058538945332,75760800,-0.730484140233723,20.18,0.0634291377601587,18.9,20.83,0,-1.00903975648003,-1.14592722411286
"2009-10-19",2009-10-19,0.0113974231912785,68147600,-0.727412353923206,20.41,0.0739833414992651,18.9,20.83,0,1.16639361832435,-1.09446473072358
"2009-10-20",2009-10-20,-0.0112689857912788,67829000,-0.730484140233723,20.18,0.0634291377601587,18.9,20.83,0,-1.00422289543744,-1.14592722411286
"2009-10-21",2009-10-21,-0.0158572348860257,88171800,-0.734757916527546,19.860001,0.0483384164985693,18.9,20.83,0,-1.00585060791663,-1.21906285123448
"2009-10-22",2009-10-22,0.0130916408312365,66659000,-0.731285462437396,20.120001,0.0606362295906446,18.9,20.83,0,1.25441075614133,-1.15950187491959
"2009-10-23",2009-10-23,-0.0168986075100096,82639200,-0.7358263639399,19.780001,0.0444894315222735,18.9,20.83,0,-1.00620947869984,-1.23763495725184
"2009-10-26",2009-10-26,0.00252775518059881,63005700,-0.735158597662772,19.83,0.0468986384266263,18.9,20.83,0,1.05415234184655,-1.22601387787087
"2009-10-27",2009-10-27,-0.00453857791225415,68171500,-0.73636060100167,19.74,0.0425531914893617,18.9,20.83,0,-1.00163502588791,-1.24696542870312
"2009-10-28",2009-10-28,-0.0359675278622087,87595200,-0.745843058430718,19.030001,0.00683137115967569,18.9,20.83,0,-1.01287746440555,-1.41769246115024
"2009-10-29",2009-10-29,0.00998412979589453,77273500,-0.743305522537563,19.219999,0.016649272458339,18.9,20.83,0,2.4371787257903,-1.37102857819641
"2009-10-30",2009-10-30,-0.00572310123429252,92276300,-0.744774611018364,19.110001,0.0109890627425923,18.9,20.83,0,-1.0019764261616,-1.39795443532487
"2009-11-02",2009-11-02,-0.00523291443051201,63613700,-0.746110183639399,19.01,0.00578642819568664,18.9,20.83,0,-1.00179325745169,-1.42264786618256
"2009-11-03",2009-11-03,-0.0268279852709101,101618400,-0.752921535893156,18.5,0,18.5,20.67,7478,-1.00912915063099,-1.47022702855814
"2009-11-04",2009-11-04,0.00486486486486486,85837100,-0.751719532554257,18.59,0.00484131253362019,18.5,18.59,7478,-0.99840354767184,-1.44740269784851
"2009-11-05",2009-11-05,0.0161376546530393,66146600,-0.747712868113523,18.889999,0.0206457925169821,0,18.889999,0,4.26450314322999,-1.37258017961341
"2009-11-06",2009-11-06,0.00211757554883937,44158900,-0.747178631051753,18.93,0.0227152667723191,0,18.93,0,1.10023709448958,-1.3627465105768
"2009-11-09",2009-11-09,0.0279978341257264,51383100,-0.740100180300501,19.459999,0.0493319141486082,0,19.459999,0,2.17175147635617,-1.23548722458549
"2009-11-10",2009-11-10,0.00205554995146712,59517800,-0.739565943238732,19.5,0.0512820512820513,0,19.5,0,1.03953094395584,-1.22610426671365
"2009-11-11",2009-11-11,0.0174358974358974,61333700,-0.735025041736228,19.84,0.0675403225806451,0,19.84,0,1.31703629032258,-1.14755017347853
"2009-11-12",2009-11-12,-0.00806451612903226,77009600,-0.737161936560935,19.68,0.0599593495934959,18.5,19.84,7485,-1.00290724084673,-1.18425251262631
"2009-11-13",2009-11-13,0.00711382113821141,43957400,-0.735292153589316,19.82,0.0665993945509586,18.5,19.84,0,1.11074244471429,-1.15211268557892
"2009-11-16",2009-11-16,0.020686175580222,64782200,-0.729816360601002,20.23,0.0271873455264459,19.68,20.23,7485,-0.992552901643811,-1.2802827741787
"2009-11-17",2009-11-17,0.00444883835887295,37596600,-0.728614357262104,20.32,0.031496062992126,0,20.32,0,1.15848246241947,-1.25946994282164
"2009-11-18",2009-11-18,-0.00984247047244103,43215700,-0.731285462437396,20.120001,0.0218688358912109,19.68,20.32,7489,-1.00366600678215,-1.30591815254134
"2009-11-19",2009-11-19,-0.0407555645747731,108665100,-0.742237075125209,19.299999,0,19.299999,20.120001,7490,-1.01497583809654,-1.42987407147862
"2009-11-20",2009-11-20,-0.00310875663775948,49130500,-0.743038397328882,19.24,0,19.24,19.299999,7491,-1.00107960411913,-1.43290049660142
"2009-11-23",2009-11-23,0.00831600831600832,42994500,-0.740901502504174,19.4,0.00824742268041234,19.24,19.4,7491,-0.997124112519098,-1.3936811173847
"2009-11-24",2009-11-24,-0.000515515463917476,52428500,-0.741035071786311,19.389999,0.00773589519009266,19.24,19.4,7493,-1.00018027940514,-1.39611751197086
"2009-11-25",2009-11-25,-0.00257859734804523,46706900,-0.74170283806344,19.34,0.00517063081695979,19.24,19.4,0,-1.00090112641433,-1.40832798752973
"2009-11-27",2009-11-27,-0.011892399172699,35747700,-0.744774611018364,19.110001,0,19.110001,19.389999,7495,-1.00414151436031,-1.43945780988228
"2009-11-30",2009-11-30,0.00470957589170193,48593600,-0.743572607679466,19.200001,0.00468749975585936,19.110001,19.200001,7495,-0.998386084432638,-1.41721439762554
"2009-12-01",2009-12-01,0.0239582800021729,47225800,-0.737429048414024,19.66,0.0279755340793489,0,19.66,0,5.96811424776708,-1.30605746994612
"2009-12-02",2009-12-02,0.0030518311291964,35774000,-0.736627726210351,19.719999,0.030932963029055,0,19.719999,0,1.10571483430192,-1.29186145881752
"2009-12-03",2009-12-03,0.00760659267781895,49758300,-0.734624360601002,19.870001,0.0382486140790832,0,19.870001,0,1.23650017113319,-1.25666549643377
"2009-12-04",2009-12-04,0.0296929023808303,86311300,-0.726744587646077,20.459999,0.0659823101653133,0,20.459999,0,1.72509022232512,-1.12216092770701
"2009-12-07",2009-12-07,-0.00439872944275322,47082900,-0.72794656427379,20.370001,0.0618556670664866,19.110001,20.459999,7501,-1.00165391892578,-1.14228600166144
"2009-12-08",2009-12-08,-0.0186549328102635,63988900,-0.733021702838064,19.99,0.0440219609804902,19.110001,20.459999,0,-1.00697185592096,-1.22880788095807
"2009-12-09",2009-12-09,0.00100050025012522,53660100,-0.732754590984975,20.01,0.0449774612693654,19.110001,20.459999,0,1.02170508236329,-1.22419033250513
"2009-12-10",2009-12-10,0.00699650174912529,43211800,-0.730884808013356,20.15,0.0516128535980148,19.110001,20.459999,0,1.14752705335925,-1.19206807745645
"2009-12-11",2009-12-11,-0.0124069478908189,39141600,-0.734223706176962,19.9,0.0396984422110552,19.110001,20.459999,0,-1.00456829602558,-1.24967661372074
"2009-12-14",2009-12-14,0.00402010050251266,35705000,-0.733155258764608,19.98,0.0435434934934935,19.110001,20.459999,0,1.0968564776924,-1.23111936443624
"2009-12-15",2009-12-15,-0.0090090590590591,43142500,-0.735559278797997,19.799999,0.0348483855984033,19.110001,20.459999,0,-1.0032790053739,-1.27303843200975
"2009-12-16",2009-12-16,-0.0212121222834404,96648500,-0.741168627712855,19.379999,0.0139317860645917,19.110001,20.459999,0,-1.00762596445527,-1.37322135022066
"2009-12-17",2009-12-17,-0.0159958212588144,52267400,-0.745308848080134,19.07,0,19.07,20.370001,7509,-1.00558607071653,-1.44147551069958
"2009-12-18",2009-12-18,0.0293654431043525,98974800,-0.737829729549249,19.629999,0.0285277141379376,19.07,19.629999,7509,-0.989965074814085,-1.30548529043376
"2009-12-21",2009-12-21,0.02343357225846,56874600,-0.731686143572621,20.09,0.0507715281234444,0,20.09,0,1.77972647503242,-1.1982720620687
"2009-12-22",2009-12-22,-0.00248875062220008,36092900,-0.73235390984975,20.040001,0.0484032410976426,19.07,20.09,7512,-1.00091264032126,-1.2097385956903
"2009-12-23",2009-12-23,0.00299396192644907,30573800,-0.731552587646077,20.1,0.00298502487562191,20.040001,20.1,7512,-0.998905826550667,-1.37824720351311
"2009-12-24",2009-12-24,0.0114427860696516,12189200,-0.72848080133556,20.33,0.0142645843580914,0,20.33,0,4.77871540521734,-1.3240451943153
"2009-12-28",2009-12-28,-0.00147570093457937,27397000,-0.728881482470785,20.299999,0.0128077838821569,20.040001,20.33,7515,-1.00055002291686,-1.33106051098491
"2009-12-29",2009-12-29,0.0049261578781358,29331800,-0.72754590984975,20.4,0.00490200980392153,20.299999,20.4,7515,-0.998167640894775,-1.35587477753186
"2009-12-30",2009-12-30,0.00931372549019614,26273600,-0.725008347245409,20.59,0.0140845556095192,0,20.59,0,2.87322061213581,-1.31161039752193
"2009-12-31",2009-12-31,-0.00922778047595927,26429200,-0.72754590984975,20.4,0.00490200980392153,20.299999,20.59,7518,-1.00350004605324,-1.35587477753186
"2010-01-04",2010-01-04,0.0235293627450982,47800900,-0.721135238731219,20.879999,0.0229884589553861,20.4,20.879999,7518,4.68959873091151,-1.26335431587294
"2010-01-05",2010-01-05,-0.000478831440557208,52357700,-0.721268767946578,20.870001,0.0225204109956679,20.4,20.879999,7520,-1.00018516528965,-1.26562634610948
"2010-01-06",2010-01-06,-0.00335419246026863,40037400,-0.722203686143573,20.799999,0.0192307220784002,20.4,20.879999,0,-1.00129621333758,-1.28158179704539
"2010-01-07",2010-01-07,-0.00961533700073727,54041500,-0.724874791318865,20.6,0.00970873786407778,20.4,20.879999,0,-1.00369854824413,-1.32763252655736
"2010-01-08",2010-01-08,0.0111650485436892,48234700,-0.721803005008348,20.83,0.0206433029284685,20.4,20.879999,0,2.12626020163223,-1.2747334885855
"2010-01-11",2010-01-11,0.00576096975516092,51086400,-0.720200320534224,20.950001,0.0167064908493322,20.6,20.950001,7520,-0.997779609584606,-1.28354899674346
"2010-01-12",2010-01-12,-0.0162291161704479,69958400,-0.724741222036728,20.610001,0.00048524985515519,20.6,20.950001,7525,-1.00630505343171,-1.36196323432118
"2010-01-13",2010-01-13,0.0169819496854949,71446700,-0.720066791318865,20.959999,0.0166983786592738,20.610001,20.959999,7525,34.4119188947175,-1.28307532306456
"2010-01-14",2010-01-14,0.0248092091989127,150821600,-0.713121869782972,21.48,0.0405027467411545,0,21.48,0,2.42554966368908,-1.16694173512586
"2010-01-15",2010-01-15,-0.0316574022346369,198078600,-0.722203686143573,20.799999,0.00913451966992884,20.610001,21.48,7528,-1.01273529356681,-1.3197130262486
"2010-01-19",2010-01-19,0.0120192313470784,82573500,-0.718864787979967,21.049999,0.0209025188077205,20.610001,21.48,0,2.2882997205132,-1.26265745820001
"2010-01-20",2010-01-20,0.00142522572091327,65670100,-0.718464106844742,21.08,0.0222959677419354,20.610001,21.48,0,1.0666641636366,-1.25588140695516
"2010-01-21",2010-01-21,-0.0113851992409866,73633300,-0.721669449081803,20.84,0.0110364203454895,20.610001,21.48,0,-1.00446138116925,-1.31051224731465
"2010-01-22",2010-01-22,-0.0446257197696737,116302400,-0.734090150250418,19.91,0,19.91,21.08,7532,-1.01721106690108,-1.39910485280276
"2010-01-25",2010-01-25,0.0205926670015068,73785600,-0.728614357262104,20.32,0.0201771653543307,19.91,20.32,7532,-0.992540707723097,-1.30221903428124
"2010-01-26",2010-01-26,-0.015748031496063,65298900,-0.73288814691152,20,0.00449999999999995,19.91,20.32,7534,-1.00586564017964,-1.37756958761725
"2010-01-27",2010-01-27,0.0119999999999999,74926200,-0.729682804674458,20.24,0.0163043478260869,19.91,20.32,0,3.62318840579713,-1.32088115082573
"2010-01-28",2010-01-28,-0.0158102766798417,76974600,-0.733956594323874,19.92,0.000502008032128631,19.91,20.32,0,-1.00585705134072,-1.39670446164567
"2010-01-29",2010-01-29,-0.0261044176706829,96053900,-0.740901502504174,19.4,0,19.4,20.24,7537,-1.00946228732599,-1.42482989509726
"2010-02-01",2010-02-01,0.0108247938144331,50338300,-0.738096814691152,19.610001,0.010708872477875,19.4,19.610001,7537,-0.996214493014871,-1.37379202521747
"2010-02-02",2010-02-02,0.0152982654105933,63332500,-0.734090150250418,19.91,0.0256152687091914,0,19.91,0,2.39196691921709,-1.3023613800855
"2010-02-03",2010-02-03,-0.0115519839276746,45582300,-0.737161936560935,19.68,0.0142276422764228,19.4,19.91,7540,-1.00418448103338,-1.35697153538462
"2010-02-04",2010-02-04,-0.0335365853658537,90931100,-0.745976627712855,19.02,0,19.02,19.68,7541,-1.01195760485551,-1.44399757366963
"2010-02-05",2010-02-05,0.0236592534174554,88711700,-0.739966624373957,19.469999,0.0231124305656103,19.02,19.469999,7541,-0.991943442843076,-1.33400827697761
"2010-02-08",2010-02-08,-0.00616327715271069,62563200,-0.741569282136895,19.35,0.0170542635658916,19.02,19.469999,7543,-1.00216585141836,-1.36294159795237
"2010-02-09",2010-02-09,0.0155038759689921,69454100,-0.737562604340568,19.65,0.0152671755725189,19.35,19.65,7543,-0.994597028365601,-1.35455867493941
"2010-02-10",2010-02-10,0.00203567430025446,56250600,-0.737028367278799,19.690001,0.0172676984627882,0,19.690001,0,1.13103424931264,-1.34498542068044
"2010-02-11",2010-02-11,0.0187911620725668,58837300,-0.732086824707847,20.059999,0.0353937704583136,0,20.059999,0,2.04970978237702,-1.25786390086349
"2010-02-12",2010-02-12,0.01844471677192,91108900,-0.727145242070117,20.43,0.052863436123348,0,20.43,0,1.49358023852276,-1.17322133812667
"2010-02-16",2010-02-16,0.0141947626040138,69083400,-0.723272133555927,20.719999,0.0661196460482455,0,20.719999,0,1.25076330441264,-1.10852751156991
"2010-02-17",2010-02-17,-0.00289570477295878,47296700,-0.7240734557596,20.66,0.063407550822846,19.35,20.719999,7549,-1.001107912453,-1.1217969489142
"2010-02-18",2010-02-18,0.00871248789932235,42613600,-0.721669449081803,20.84,0.00863723608445299,20.66,20.84,7549,-0.996679885640505,-1.31957346075482
"2010-02-19",2010-02-19,-0.000959692898272532,40760000,-0.721936560934892,20.82,0.00768491834774254,20.66,20.84,7551,-1.00037013047099,-1.32417898937881
"2010-02-22",2010-02-22,0.00240158501440913,38730600,-0.721268767946578,20.870001,0.00239583122204923,20.82,20.870001,7551,-0.99907499768754,-1.34163264361815
"2010-02-23",2010-02-23,-0.0229996155726106,62245300,-0.727679479131887,20.389999,0,0,20.870001,7553,-1.00888810311801,-1.37489309873155
"2010-02-24",2010-02-24,0.0152036299756562,51070100,-0.72353921869783,20.700001,0.0149759413055102,20.389999,20.700001,7553,-0.994310324046796,-1.30269523258986
"2010-02-25",2010-02-25,-0.00338173896706569,48789400,-0.724474136894825,20.629999,0.0116335439473362,20.389999,20.700001,7555,-1.00129214584757,-1.31884975220129
"2010-02-26",2010-02-26,-0.00484721303185729,47795300,-0.725809669449082,20.530001,0.00681938593183695,20.389999,20.700001,0,-1.00184345097533,-1.342075837729
"2010-03-01",2010-03-01,0.0165611292469007,51203300,-0.721268767946578,20.870001,0.0162913264834055,20.530001,20.870001,7555,2.3889726503596,-1.28915228582954
"2010-03-02",2010-03-02,-0.00814566324170268,59399000,-0.72353921869783,20.700001,0.00821255998973147,20.530001,20.870001,7558,-1.00314785673823,-1.32823909875921
"2010-03-03",2010-03-03,-0.0086957000630097,49909900,-0.725943238731219,20.52,0,20.52,20.700001,7559,-1.00332258427914,-1.36833568456816
"2010-03-04",2010-03-04,0.000487378167641279,62750100,-0.725809669449082,20.530001,0.00048714074587719,20.52,20.530001,7559,-0.999816005887223,-1.36599139357741
"2010-03-05",2010-03-05,0.0126643929535124,45879700,-0.722337215358932,20.790001,0.0129870604623828,0,20.790001,0,26.6597704509344,-1.3056671031264
"2010-03-08",2010-03-08,-0.000962049015774487,35742100,-0.722604340567613,20.77,0.0120365912373616,20.52,20.790001,7562,-1.00036980679245,-1.31026570075248
"2010-03-09",2010-03-09,0.00818493018777078,83168700,-0.720333876460768,20.940001,0.00811848098765611,20.77,20.940001,7562,-0.996857942888827,-1.31648851307115
"2010-03-10",2010-03-10,0.0119388724002449,58435600,-0.716994978297163,21.190001,0.0198207163841096,0,21.190001,0,2.44143164395488,-1.25968132081702
"2010-03-11",2010-03-11,0.002831476978222,53778700,-0.71619365609349,21.25,0.0225882352941177,0,21.25,0,1.13962759248333,-1.24620255989386
"2010-03-12",2010-03-12,0.000941176470588215,39584500,-0.715926544240401,21.27,0.0235072872590503,0,21.27,0,1.0406871963642,-1.2417226690807
"2010-03-15",2010-03-15,-0.00470145745180996,34378000,-0.717262103505844,21.17,0.0188946622579123,20.77,21.27,7567,-1.00186549762149,-1.26418770775916
"2010-03-16",2010-03-16,0.0396787907416155,123060900,-0.706043405676127,22.01,0.0381644706951386,21.17,22.01,7567,2.0198546115402,-1.14903904358888
"2010-03-17",2010-03-17,0.0104497955474783,77805900,-0.70297161936561,22.24,0.0481115107913668,0,22.24,0,1.26063613394998,-1.09986967934794
"2010-03-18",2010-03-18,-0.00179851618705028,54458500,-0.703505829716194,22.200001,0.0463964393515117,21.17,22.24,7570,-1.00075993160445,-1.10836474274147
"2010-03-19",2010-03-19,-0.0094595040784008,77998500,-0.706310517529216,21.99,0.0372896771259662,21.17,22.24,0,-1.00398673002348,-1.15335177976661
"2010-03-22",2010-03-22,0.011368804001819,47405700,-0.70297161936561,22.24,0.0112410071942446,21.99,22.24,7570,-0.995272761652643,-1.23912180273246
"2010-03-23",2010-03-23,0.0193345323741009,64740900,-0.697228714524208,22.67,0.0299955888839878,0,22.67,0,2.66840758711956,-1.14659995778235
"2010-03-24",2010-03-24,-0.0105866784296428,54729000,-0.700434056761269,22.43,0.0196165849308961,21.99,22.67,7574,-1.00459726079877,-1.19790517108887
"2010-03-25",2010-03-25,-0.0035666518056174,52428700,-0.701502504173623,22.35,0.0161073825503357,21.99,22.67,0,-1.00152540756983,-1.21519398983513
"2010-03-26",2010-03-26,-0.00492170022371378,45700500,-0.70297161936561,22.24,0.0112410071942446,21.99,22.67,0,-1.0020942408377,-1.23912180273246
"2010-03-29",2010-03-29,0.00404676258992805,34467900,-0.701769616026712,22.33,0.0152261531571877,21.99,22.67,0,1.35451858486342,-1.21953103276396
"2010-03-30",2010-03-30,0.000447828034035001,37886300,-0.701636060100167,22.34,0.0156669650850493,21.99,22.67,0,1.02895097161515,-1.21736176639853
"2010-03-31",2010-03-31,-0.00223809310653535,45983800,-0.702303826377296,22.290001,0.0134589944612385,21.99,22.67,0,-1.00095172741982,-1.22822281874885
"2010-04-01",2010-04-01,0.00448622680636037,45491000,-0.700968293823039,22.389999,0.0178650744915174,21.99,22.67,0,1.32737066970109,-1.20653795778833
"2010-04-05",2010-04-05,0.00893260423995554,34942900,-0.698297161936561,22.59,0.0265604249667996,21.99,22.67,0,1.48672343792414,-1.16360914885253
"2010-04-06",2010-04-06,-0.00841080123948655,47056500,-0.700834724540902,22.4,0.0183035714285714,21.99,22.67,0,-1.00363392942527,-1.20437738421415
"2010-04-07",2010-04-07,0.00223218750000008,62539800,-0.700166931552588,22.450001,0.0204900213590192,21.99,22.67,0,1.11945482546837,-1.19359751010568
"2010-04-08",2010-04-08,-0.00623616898725301,40824500,-0.702036741235393,22.309999,0.0143432996119813,21.99,22.67,0,-1.00267051984112,-1.22387426021417
"2010-04-09",2010-04-09,0.0107575083261993,45528700,-0.698831398998331,22.549999,0.0248336596378563,21.99,22.67,0,1.73137704082484,-1.17214847848373
"2010-04-12",2010-04-12,-0.00044337030790997,49353000,-0.69896492821369,22.540001,0.0244011080567389,21.99,22.67,0,-1.00019107500829,-1.17428644637747
"2010-04-13",2010-04-13,0.0102040368143728,122395600,-0.695893155258765,22.77,0.0232762406675451,22.24,22.77,7574,-0.995605254525752,-1.16693339427328
"2010-04-14",2010-04-14,0.0329380764163373,159980600,-0.685876460767947,23.52,0.0544217687074831,0,23.52,0,2.33808240277243,-1.0114723527517
"2010-04-15",2010-04-15,0.029761862244898,110819600,-0.676527559265443,24.219999,0.0817505814100159,0,24.219999,0,1.50216693340904,-0.872948354279909
"2010-04-16",2010-04-16,-0.0123864166963838,102974900,-0.680534223706178,23.92,0.0702341137123748,22.24,24.219999,7590,-1.00592239648756,-0.931575953606109
"2010-04-19",2010-04-19,0.0033444816053511,71310800,-0.679465776293824,24,0.0733333333333334,22.24,24.219999,0,1.04412698412698,-0.915835553358532
"2010-04-20",2010-04-20,0.0050000416666666,65991400,-0.6778630918197,24.120001,0.0779436534849232,22.24,24.219999,0,1.06286800206713,-0.892370343981898
"2010-04-21",2010-04-21,-0.01326708071032,73899300,-0.682136908180301,23.799999,0.0655461792246295,22.24,24.219999,0,-1.0063048370861,-0.955334295976879
"2010-04-22",2010-04-22,0.00798323562954766,73666100,-0.679599332220368,23.99,0.0729470612755315,22.24,24.219999,0,1.11291096046253,-0.917798834126428
"2010-04-23",2010-04-23,0.00208424343476456,56963700,-0.678931539232054,24.040001,0.0748752464694158,22.24,24.219999,0,1.02643266445788,-0.907994371510974
"2010-04-26",2010-04-26,-0.00915145552614577,57727600,-0.68186978297162,23.82,0.0663308144416458,22.24,24.219999,0,-1.00432774671639,-0.951362018457415
"2010-04-27",2010-04-27,-0.0197313182199832,78937600,-0.688146911519199,23.35,0.0475374732334048,22.24,24.219999,0,-1.00920575849574,-1.04604790031821
"2010-04-28",2010-04-28,-0.0038543897216274,109052100,-0.689348914858097,23.26,0.0438521066208084,22.24,24.219999,0,-1.00174672489083,-1.06450646684467
"2010-04-29",2010-04-29,0.0098882201203782,59059400,-0.68627712854758,23.49,0.0532141336739038,22.24,24.219999,0,1.21349093064216,-1.01754657360402
"2010-04-30",2010-04-30,-0.0276713495104299,81864000,-0.694958263772955,22.84,0.0262697022767076,22.24,24.219999,0,-1.01264960591612,-1.15209683234681
"2010-05-03",2010-05-03,0.0183887915936953,55449900,-0.689348914858097,23.26,0.0438521066208084,22.24,24.219999,0,1.66930352536544,-1.06450646684467
"2010-05-04",2010-05-04,-0.0300946259673259,90704300,-0.698697843071787,22.559999,0.0141843534656186,22.24,24.219999,0,-1.01356196842003,-1.21186425146841
"2010-05-05",2010-05-05,-0.0172871904825882,96854100,-0.70390651085142,22.17,0,22.17,24.120001,7603,-1.00745482161034,-1.28510760655654
"2010-05-06",2010-05-06,-0.0297699594046008,160695900,-0.712721202003339,21.51,0,21.51,22.17,7604,-1.01252253106916,-1.31839883776119
"2010-05-07",2010-05-07,-0.00929804741980476,139360500,-0.715392333889817,21.309999,0,21.309999,21.51,7605,-1.00374779349761,-1.32848714008265
"2010-05-10",2010-05-10,0.0581886465597675,112607400,-0.698831398998331,22.549999,0.0549889159640317,21.309999,22.549999,7605,-0.976850555832156,-1.05825842912319
"2010-05-11",2010-05-11,-0.0119733043003683,102689700,-0.70243738230384,22.280001,0.0435368921213243,21.309999,22.549999,7607,-1.00516001901271,-1.11512934936449
"2010-05-12",2010-05-12,0.036355429247961,83343400,-0.691619365609349,23.09,0.0350800779558251,22.280001,23.09,7607,-0.984599315231473,-1.10621158492341
"2010-05-13",2010-05-13,-0.0255521870939801,62099000,-0.69949916527546,22.5,0.00977773333333343,22.280001,23.09,7609,-1.0113932605967,-1.23153355234563
"2010-05-14",2010-05-14,-0.0271111555555556,83526200,-0.707646090150251,21.889999,0,21.889999,22.5,7610,-1.01164679713604,-1.29923120963008
"2010-05-17",2010-05-17,0.00593883078752082,64550400,-0.705909849749583,22.02,0.00590376930063574,21.889999,22.02,7610,-0.997546456590611,-1.27037650275626
"2010-05-18",2010-05-18,-0.0267938237965486,76636100,-0.713789649415693,21.43,0,0,22.02,7612,-1.0111626147006,-1.32243413851327
"2010-05-19",2010-05-19,0.00793280447970143,89530600,-0.711519198664441,21.6,0.00787037037037042,21.43,21.6,7612,-0.996819159883993,-1.28413439383176
"2010-05-20",2010-05-20,-0.0374999537037038,106551000,-0.722337215358932,20.790001,0,0,21.6,7614,-1.01520411074613,-1.35471649408864
"2010-05-21",2010-05-21,0.00577195739432624,111769100,-0.720734557595994,20.91,0.0057388330942133,20.790001,20.91,7614,-0.99778128867119,-1.32698922999056
"2010-05-24",2010-05-24,-0.0114777618364418,56436100,-0.723939899833056,20.67,0,0,20.91,7616,-1.00444732697119,-1.36076949565801
"2010-05-25",2010-05-25,0.00870827285921624,96151400,-0.721535893155259,20.85,0.00863309352517982,20.67,20.85,7616,-0.996679273129785,-1.31908469373434
"2010-05-26",2010-05-26,-0.0071941966426859,85666800,-0.72353921869783,20.700001,0.00144932360148187,20.67,20.85,7618,-1.0027764738547,-1.35378241756782
"2010-05-27",2010-05-27,0.0512076786856194,83236800,-0.709382303839733,21.76,0.0487131893382353,20.700001,21.76,7618,33.610981901094,-1.12180907076398
"2010-05-28",2010-05-28,-0.015625,72712600,-0.713923205342238,21.42,0.0336133986928105,20.700001,21.76,7620,-1.00640120493269,-1.19598782666668
"2010-06-01",2010-06-01,-0.0112044817927172,57164500,-0.717128547579299,21.18,0.0226628423040605,20.700001,21.76,0,-1.00448975774016,-1.24945167309525
"2010-06-02",2010-06-02,0.0297449952785648,61537200,-0.708714537562605,21.809999,0.0288857876609715,21.18,21.809999,7620,1.27458803593211,-1.19417097669005
"2010-06-03",2010-06-03,0.00412659349502938,54614400,-0.707512520868114,21.9,0.0328767123287671,0,21.9,0,1.13816222408876,-1.17455833132966
"2010-06-04",2010-06-04,-0.0433789497716894,67919400,-0.720200320534224,20.950001,0,0,21.9,7624,-1.01793296838131,-1.34664589258448
"2010-06-07",2010-06-07,-0.0305490200215264,65435200,-0.728747926544241,20.309999,0,20.309999,20.950001,7625,-1.01186837296001,-1.37892839948363
"2010-06-08",2010-06-08,-0.00640073886758938,91377800,-0.730484140233723,20.18,0,20.18,20.309999,7626,-1.00238246124104,-1.38548571276449
"2010-06-09",2010-06-09,-0.012388503468781,58981200,-0.733823038397329,19.93,0,19.93,20.18,7627,-1.00457080171862,-1.39809602761474
"2010-06-10",2010-06-10,0.0311088309081786,57168300,-0.725542584307179,20.549999,0.0301702691080423,19.93,20.549999,7627,-0.988716006916007,-1.25287574775296
"2010-06-11",2010-06-11,0.004379562256913,49491800,-0.724340580968281,20.639999,0.034399178023216,0,20.639999,0,1.14016808733225,-1.23236433647532
"2010-06-14",2010-06-14,0.0121124036876165,68877500,-0.721001682804675,20.889999,0.0459549567235499,0,20.889999,0,1.33593182640977,-1.17611028030366
"2010-06-15",2010-06-15,0.0282432277761239,62082000,-0.713121869782972,21.48,0.0721601489757915,0,21.48,0,1.57023646893813,-1.04737839717474
"2010-06-16",2010-06-16,0.00046554934823082,43764600,-0.712988313856428,21.49,0.0725919032107957,0,21.49,0,1.0059832780438,-1.04524333980675
"2010-06-17",2010-06-17,0.0013959981386692,37270900,-0.712587646076795,21.52,0.0738847583643123,0,21.52,0,1.017809908493,-1.03884726051751
"2010-06-18",2010-06-18,-0.00557620817843871,64872600,-0.714190317195326,21.4,0.0686915887850467,19.93,21.52,7634,-1.00224908630869,-1.06451371893347
"2010-06-21",2010-06-21,-0.00981303738317756,48844300,-0.716994978297163,21.190001,0.0594620547681899,19.93,21.52,0,-1.00392705002338,-1.10996433826356
"2010-06-22",2010-06-22,-0.0099103817880895,58831100,-0.719799666110184,20.98,0.0500476644423261,19.93,21.52,0,-1.00391172588082,-1.15611322180563
"2010-06-23",2010-06-23,-0.0081030028598665,61352400,-0.722070130217029,20.809999,0.0422873158235135,19.93,21.52,0,-1.00315430002783,-1.19399748795461
"2010-06-24",2010-06-24,-0.0235463250142396,62003900,-0.728614357262104,20.32,0.0191929133858268,19.93,21.52,0,-1.00906314604526,-1.30593634658207
"2010-06-25",2010-06-25,-0.0142716043307087,94683200,-0.732487465776294,20.030001,0.00499256090900835,19.93,21.52,0,-1.00531571808267,-1.37419600062438
"2010-06-28",2010-06-28,0.0164752862468655,54468400,-0.728080120200334,20.360001,0.0211198909076675,19.93,21.52,0,4.23027205728422,-1.29664085768348
"2010-06-29",2010-06-29,-0.027996069351863,79050800,-0.735692808013356,19.790001,0,19.790001,21.4,7641,-1.01045583803459,-1.40515775348962
"2010-06-30",2010-06-30,-0.0171803932703187,64294700,-0.74023370951586,19.450001,0,19.450001,19.790001,7642,-1.00617227931692,-1.42230778168595
"2010-07-01",2010-07-01,-0.0102828272348161,88020000,-0.742904841402338,19.25,0,19.25,19.450001,7643,-1.00360849803534,-1.43239608400741
"2010-07-02",2010-07-02,-0.00259735064935063,58093400,-0.743572607679466,19.200001,0,19.200001,19.25,7644,-1.00089885842697,-1.4349180965362
"2010-07-06",2010-07-06,0.0145832804904541,60697600,-0.73983305509182,19.48,0.0143736652977413,19.200001,19.48,7644,-0.994970830623634,-1.36650828908069
"2010-07-07",2010-07-07,0.0338808521560574,72806800,-0.731018377295493,20.139999,0.046673190003634,0,20.139999,0,3.24713210143889,-1.21122860908896
"2010-07-08",2010-07-08,-0.00198604776494766,65407600,-0.731552587646077,20.1,0.0447760696517413,19.200001,20.139999,7647,-1.0007307755416,-1.22041123286512
"2010-07-09",2010-07-09,0.00696517412935308,52843800,-0.729682804674458,20.24,0.00691699604743068,20.1,20.24,7647,-0.997444089456869,-1.35633520055662
"2010-07-12",2010-07-12,0.016304347826087,56587900,-0.725275459098498,20.57,0.0228488089450656,0,20.57,0,3.30328495034384,-1.27951848451038
"2010-07-13",2010-07-13,0.0213903743315509,103191800,-0.719398998330551,21.01,0.0433127082341742,0,21.01,0,1.89562214548291,-1.18003649455068
"2010-07-14",2010-07-14,0.0166587815326035,199002600,-0.71472452754591,21.360001,0.0589888080997748,0,21.360001,0,1.36192841557832,-1.10317667711781
"2010-07-15",2010-07-15,0.00702242476486781,118558200,-0.712721202003339,21.51,0.0655509065550907,0,21.51,0,1.11124310978138,-1.07082687543277
"2010-07-16",2010-07-16,-0.0227801022780103,80451500,-0.719265442404007,21.02,0.0437678401522359,20.1,21.51,7653,-1.00918204815891,-1.17781314459952
"2010-07-19",2010-07-19,0.0271170313986679,63430400,-0.711652754590986,21.59,0.0264011116257526,21.02,21.59,7653,-0.989416024510259,-1.21465210117495
"2010-07-20",2010-07-20,0.00277906438165812,72666400,-0.71085141903172,21.65,0.0290993071593533,0,21.65,0,1.10220007293059,-1.20143510959662
"2010-07-21",2010-07-21,-0.0180138568129329,71775300,-0.716060100166946,21.26,0.0112888052681093,21.02,21.65,7656,-1.00732738374824,-1.2883737136916
"2010-07-22",2010-07-22,0.0244591251175916,74465500,-0.709115178631052,21.780001,0.0238751596016914,21.26,21.780001,7656,2.11494122138314,-1.21460820001835
"2010-07-23",2010-07-23,-0.00413223121523272,62115500,-0.710317181969951,21.690001,0.0198248492473558,21.26,21.780001,7658,-1.00169507489773,-1.23444508216285
"2010-07-26",2010-07-26,0.000921991658737179,50929500,-0.710050096828047,21.709999,0.0207277301118254,21.26,21.780001,0,1.04554288676823,-1.23002636707137
"2010-07-27",2010-07-27,-0.00598797816618976,53975800,-0.71178631051753,21.58,0.0148285449490267,21.26,21.780001,0,-1.00244519886306,-1.25886365973994
"2010-07-28",2010-07-28,-0.0115848007414272,51673900,-0.715125208681136,21.33,0.00328176277543346,21.26,21.780001,0,-1.00469087156394,-1.31508373792569
"2010-07-29",2010-07-29,-0.014064650726676,83811400,-0.71913187312187,21.030001,0,21.030001,21.709999,7662,-1.00560274535437,-1.3426105918324
"2010-07-30",2010-07-30,-0.0204470270828802,67395900,-0.724874791318865,20.6,0,20.6,21.030001,7663,-1.00798590413197,-1.36430038381608
"2010-08-02",2010-08-02,0.0266990291262135,50316200,-0.717529215358932,21.15,0.0260047281323875,20.6,21.15,7663,-0.989866421004146,-1.23834331224689
"2010-08-03",2010-08-03,-0.0132387234042553,60929200,-0.721268767946578,20.870001,0.0129372777701351,20.6,21.15,7665,-1.00521170777106,-1.30181982111361
"2010-08-04",2010-08-04,-0.0067082411735389,85639700,-0.72313856427379,20.73,0.00627110467920888,20.6,21.15,0,-1.00259237112475,-1.33405837905709
"2010-08-05",2010-08-05,-0.00289435600578865,44475000,-0.723939899833056,20.67,0.00338655055636194,20.6,21.15,0,-1.00110813556192,-1.3479792077608
"2010-08-06",2010-08-06,-0.000967585873246402,50833800,-0.724207011686144,20.65,0.00242130750605318,20.6,21.15,0,-1.00036896965225,-1.35263355257086
"2010-08-09",2010-08-09,0,46082800,-0.724207011686144,20.65,0.00242130750605318,20.6,21.15,0,-1,-1.35263355257086
"2010-08-10",2010-08-10,-0.0401937046004842,136352400,-0.735292153589316,19.82,0,19.82,20.870001,7670,-1.01530659289995,-1.40364456614885
"2010-08-11",2010-08-11,-0.0196770938446014,99079200,-0.740500834724541,19.43,0,19.43,19.82,7671,-1.00708382526564,-1.42331665731523
"2010-08-12",2010-08-12,0.00102938754503348,86580600,-0.74023370951586,19.450001,0.00102832899597283,19.43,19.450001,7671,-0.99963926413563,-1.4184239997395
"2010-08-13",2010-08-13,-0.0154242151452847,57384800,-0.74424040066778,19.15,0,0,19.450001,7673,-1.0054127380318,-1.43744020994751
"2010-08-16",2010-08-16,0.016710130548303,48721100,-0.739966624373957,19.469999,0.0164354913423469,19.15,19.469999,7673,-0.994257532525796,-1.35922566957708
"2010-08-17",2010-08-17,0.00308176697903257,60836400,-0.739165262103506,19.530001,0.0194572954706966,0,19.530001,0,1.18385846004883,-1.34478637563896
"2010-08-18",2010-08-18,0.00307214526000287,58982400,-0.738363939899834,19.59,0.0224604389994896,0,19.59,0,1.15434537309236,-1.33041771017732
"2010-08-19",2010-08-19,-0.0352220520673814,159900400,-0.747579298831386,18.9,0,0,19.59,7677,-1.01248078140544,-1.45005052479775
"2010-08-20",2010-08-20,0.000529100529100612,95174400,-0.747445742904842,18.91,0.000528820729772672,18.9,18.91,7677,-0.999821348816436,-1.44754886773116
"2010-08-23",2010-08-23,-0.0111051824431518,71954400,-0.750250404006678,18.700001,0,0,18.91,7679,-1.00375232734745,-1.46013872623669
"2010-08-24",2010-08-24,-0.0155080740370014,75107400,-0.754123539232054,18.41,0,18.41,18.700001,7680,-1.00516245670071,-1.47476674190423
"2010-08-25",2010-08-25,0.00380228136882131,63350600,-0.753188647746244,18.48,0.00378787878787878,18.41,18.48,7680,-0.998760293987426,-1.45692983367931
"2010-08-26",2010-08-26,-0.0162337662337663,69586000,-0.757195325542572,18.18,0,0,18.48,7682,-1.00531962053374,-1.48636823156646
"2010-08-27",2010-08-27,0.0104511001100109,135184300,-0.754657749582638,18.370001,0.0103430043362545,18.18,18.370001,7682,-0.996648716818062,-1.43772099375631
"2010-08-30",2010-08-30,-0.0223191060250894,73718900,-0.760133569282137,17.959999,0,0,18.370001,7684,-1.0072560305682,-1.49746535907593
"2010-08-31",2010-08-31,-0.0161469385382481,111601400,-0.764006677796328,17.67,0,17.67,17.959999,7685,-1.00509529991926,-1.51209327386096
"2010-09-01",2010-09-01,0.0265986983588001,73611500,-0.757729562604341,18.139999,0.02590953836326,17.67,18.139999,7685,-0.991783952451709,-1.39053106518638
"2010-09-02",2010-09-02,0.00771786150594601,53192100,-0.755859752921536,18.280001,0.0333698559425679,0,18.280001,0,1.28793710928816,-1.35529314039714
"2010-09-03",2010-09-03,0.00820563412441833,59143200,-0.753856427378965,18.43,0.0412371134020617,0,18.43,0,1.2357594073236,-1.31801402815339
"2010-09-07",2010-09-07,-0.0168203472599024,58636500,-0.757996647746244,18.120001,0.0248344909031736,17.67,18.43,7689,-1.00549205421206,-1.3956000172336
"2010-09-08",2010-09-08,-0.0121413348707873,101747000,-0.76093489148581,17.9,0.012849162011173,17.67,18.43,0,-1.00387632814512,-1.45196320663118
"2010-09-09",2010-09-09,0.00558659217877103,65019600,-0.759599332220368,18,0.0183333333333332,17.67,18.43,0,1.42681159420291,-1.42620652113508
"2010-09-10",2010-09-10,-0.00166672222222215,68814700,-0.760000013355593,17.969999,0.0166944360987443,17.67,18.43,0,-1.00052749010989,-1.43390957889391
"2010-09-13",2010-09-13,0.0328325004358653,73870900,-0.752120213689483,18.559999,0.03556029286424,17.9,18.559999,7689,2.13006852426208,-1.33289686992444
"2010-09-14",2010-09-14,0.0096983302639185,64479500,-0.749716193656094,18.74,0.0448239060832444,0,18.74,0,1.26050441300836,-1.28883067752791
"2010-09-15",2010-09-15,-0.00106728922091767,56107300,-0.749983318864775,18.719999,0.043803367724539,17.9,18.74,7695,-1.00035630177251,-1.29369391150819
"2010-09-16",2010-09-16,0.013354701568093,69165800,-0.746644420701169,18.969999,0.0131787039103165,18.719999,18.969999,7695,-0.995548036763458,-1.39674649919558
"2010-09-17",2010-09-17,-0.00843437050260256,70436600,-0.748781315525877,18.809999,0.00478468924958475,18.719999,18.969999,7697,-1.00286199798118,-1.43651952543469
"2010-09-20",2010-09-20,0.00637963882932681,44935100,-0.747178631051754,18.93,0.0110935552033807,18.719999,18.969999,0,2.31855291424485,-1.40663926645072
"2010-09-21",2010-09-21,0.0110934495509773,69131400,-0.744373969949917,19.139999,0.0172413802111483,18.809999,19.139999,7697,1.55417987246271,-1.37282761272462
"2010-09-22",2010-09-22,-0.00679200662445165,61569400,-0.7461101836394,19.01,0.0105208311415045,18.809999,19.139999,7700,-1.00233244815049,-1.40476702380604
"2010-09-23",2010-09-23,-0.00157811678064183,51954700,-0.746510851419032,18.98,0.00895684931506846,18.809999,19.139999,0,-1.00053700886065,-1.41218709141187
"2010-09-24",2010-09-24,0.0231822971549,55749300,-0.740634390651086,19.42,0.0226570545829042,18.98,19.42,7700,2.52957862591117,-1.33825014864429
"2010-09-27",2010-09-27,-0.0092687950566428,51071000,-0.743038397328882,19.24,0.0135135135135134,18.98,19.42,7703,-1.00324587503381,-1.38186280338995
"2010-09-28",2010-09-28,0.0140332640332642,61019600,-0.739432387312188,19.51,0.0138390568939007,19.24,19.51,7703,1.02409021014867,-1.36701415459672
"2010-09-29",2010-09-29,-0.0138390568939007,62484300,-0.743038397328882,19.24,0,0,19.51,7705,-1.00487672717421,-1.43290049660142
"2010-09-30",2010-09-30,-0.00207895010395001,75382200,-0.743572607679466,19.200001,0,19.200001,19.24,7706,-1.00071895389593,-1.4349180965362
"2010-10-01",2010-10-01,0.00624994759114856,41275000,-0.741969949916528,19.32,0.0062111283643892,19.200001,19.32,7706,-0.997844651959491,-1.40540707271639
"2010-10-04",2010-10-04,-0.0232918737060042,67082000,-0.747979953255426,18.870001,0,0,19.32,7708,-1.00810006300063,-1.45156371213852
"2010-10-05",2010-10-05,0.0148383139990295,61004600,-0.74424040066778,19.15,0.0146213577023498,18.870001,19.15,7708,-0.995000464154994,-1.38221842266018
"2010-10-06",2010-10-06,0.008355039164491,54990000,-0.742103519198665,19.309999,0.0227860187874688,0,19.309999,0,1.55840649352329,-1.34331166699208
"2010-10-07",2010-10-07,0.00466084954224997,51794600,-0.740901502504174,19.4,0.0273195360824743,0,19.4,0,1.19896048262274,-1.32164976360425
"2010-10-08",2010-10-08,0.00618556701030933,46528700,-0.739298831385643,19.52,0.0332991290983607,0,19.52,0,1.21887608185713,-1.29301314956944
"2010-10-11",2010-10-11,0.00204912909836074,52722400,-0.738764621035059,19.559999,0.0352759731736184,0,19.559999,0,1.05936623956195,-1.28352942608811
"2010-10-12",2010-10-12,0.0107362479926506,94743400,-0.735959933222037,19.77,0.0455234699038949,0,19.77,0,1.29049508229982,-1.23423407519405
"2010-10-13",2010-10-13,-0.0268082953970663,173827300,-0.743038397328882,19.24,0.0192307172557172,18.870001,19.77,7715,-1.00961800199619,-1.36027012948392
"2010-10-14",2010-10-14,0.00415800415800425,59255900,-0.741969949916528,19.32,0.0232918737060043,18.870001,19.77,0,1.21118070617359,-1.34089669651432
"2010-10-15",2010-10-15,0,64052800,-0.741969949916528,19.32,0.0232918737060043,18.870001,19.77,0,-1,-1.34089669651432
"2010-10-18",2010-10-18,-0.00672872670807461,54985100,-0.74370616360601,19.190001,0.0166753508767404,18.870001,19.77,0,-1.00234000540005,-1.3724432224044
"2010-10-19",2010-10-19,0.00104210520885335,85409800,-0.743439078464107,19.209999,0.01769901185315,18.870001,19.77,0,1.061387672378,-1.36756834627878
"2010-10-20",2010-10-20,0.0223841760741372,84884600,-0.737696173622705,19.639999,0.0392056028108759,18.870001,19.77,0,2.21512947367727,-1.26465274217831
"2010-10-21",2010-10-21,0.00611003086099964,74287500,-0.736093489148582,19.76,0.0450404352226722,18.870001,19.77,0,1.14882649400758,-1.23656280800249
"2010-10-22",2010-10-22,0.00404858299595133,50129800,-0.735025041736228,19.84,0.0327620463709678,19.190001,19.84,7715,-0.998548489521909,-1.2789003948579
"2010-10-25",2010-10-25,0.00151214717741928,45769400,-0.734624360601002,19.870001,0.0342224441760219,0,19.870001,0,1.04457590312027,-1.27187149183417
"2010-10-26",2010-10-26,0.00855561104400557,56344600,-0.73235390984975,20.040001,0.0424151675441534,0,20.040001,0,1.23939620811396,-1.23235428780065
"2010-10-27",2010-10-27,0.00748502956661522,48151900,-0.730350570951587,20.190001,0.0495294675815023,0,20.190001,0,1.1677300939562,-1.19791888664918
"2010-10-28",2010-10-28,0.0138681518638856,71144000,-0.726611031719533,20.469999,0.0625304378373445,0,20.469999,0,1.26248960246642,-1.13469350957812
"2010-10-29",2010-10-29,-0.0205178319744911,60774400,-0.732220380634391,20.049999,0.0428926704684625,19.190001,20.469999,7727,-1.00771987854572,-1.23004654815503
"2010-11-01",2010-11-01,0.0259352132636017,51593700,-0.725275459098498,20.57,0.0252795819154108,20.049999,20.57,7727,-0.990515257810939,-1.27033796717096
"2010-11-02",2010-11-02,-0.011181332036947,60959100,-0.728347245409016,20.34,0.0142576696165192,20.049999,20.57,7729,-1.00423533744591,-1.32356689724326
"2010-11-03",2010-11-03,0.00688298918387417,53044600,-0.726477462437396,20.48,0.020996142578125,20.049999,20.57,0,1.47262092213152,-1.29105532836324
"2010-11-04",2010-11-04,0.023925732421875,66048200,-0.719933235392321,20.969999,0.0300428722004231,20.34,20.969999,7729,1.43087579485784,-1.2321715700818
"2010-11-05",2010-11-05,0.0128755847818589,55960500,-0.716327212020034,21.24,0.0423728813559321,0,21.24,0,1.41041379376954,-1.17198453298384
"2010-11-08",2010-11-08,-0.000470809792843598,53006900,-0.716460767946578,21.23,0.041921808761187,20.34,21.24,7733,-1.0001864454181,-1.17419255172615
"2010-11-09",2010-11-09,-0.00329722091380124,46639500,-0.717395659432388,21.16,0.0387523629489603,20.34,21.24,0,-1.00130487463883,-1.18969376890731
"2010-11-10",2010-11-10,-0.00567103024574669,48072100,-0.718998317195326,21.040001,0.0332700079244292,20.34,21.24,0,-1.0022339942288,-1.21645236937673
"2010-11-11",2010-11-11,0.00807975246769236,69682800,-0.716727893155259,21.209999,0.0410183423393844,20.34,21.24,0,1.23289247278074,-1.17861362966808
"2010-11-12",2010-11-12,0.0150873180144892,100662400,-0.712454076794658,21.530001,0.0227589399554602,21.040001,21.530001,7733,-0.99403704473983,-1.23143424128231
"2010-11-15",2010-11-15,-0.0106828606278281,50076900,-0.715525889816361,21.299999,0.0122064794463136,21.040001,21.530001,7738,-1.00431159441956,-1.28289025174185
"2010-11-16",2010-11-16,-0.0107980756243228,62890100,-0.718597662771286,21.07,0.00142377788324632,21.040001,21.530001,0,-1.00429302838464,-1.33521568282595
"2010-11-17",2010-11-17,0.000474608448030281,44262100,-0.718464106844742,21.08,0.00189748576850091,21.040001,21.530001,0,1.33271192847475,-1.3329221753607
"2010-11-18",2010-11-18,-0.00284629981024662,68847000,-0.719265442404007,21.02,0,21.02,21.299999,7741,-1.00111534529231,-1.34311505486767
"2010-11-19",2010-11-19,0.00570880114176974,49134200,-0.717662784641069,21.139999,0.00567639572736023,21.02,21.139999,7741,-0.997771813202117,-1.3156236035485
"2010-11-22",2010-11-22,0.00520345341548978,40328600,-0.71619365609349,21.25,0.0108235294117647,0,21.25,0,1.90676089751729,-1.29063537516031
"2010-11-23",2010-11-23,-0.00752941176470589,44856200,-0.718330550918198,21.09,0.00331910858226647,21.02,21.25,7744,-1.00298368298368,-1.32704859293837
"2010-11-24",2010-11-24,0.0142247036510194,42449700,-0.714323886477463,21.389999,0.0140251993466666,21.09,21.389999,7744,4.22559220315998,-1.27148161654069
"2010-11-26",2010-11-26,-0.00233749426542749,19147500,-0.714991652754592,21.34,0.0117150890346767,21.09,21.389999,7746,-1.00093482283005,-1.28272842897219
"2010-11-29",2010-11-29,-0.00046860356138714,46887900,-0.715125208681136,21.33,0.011251758087201,21.09,21.389999,0,-1.00018679368637,-1.2849827449299
"2010-11-30",2010-11-30,-0.00796999531176738,52406500,-0.717395659432388,21.16,0.00330812854442342,21.09,21.389999,0,-1.00317489961714,-1.32355917406971
"2010-12-01",2010-12-01,0.0151228733459357,52939300,-0.713121869782972,21.48,0.0148975791433892,21.16,21.48,7746,4.50332535248739,-1.2636470580736
"2010-12-02",2010-12-02,0.0102421322160149,48095800,-0.710183626043406,21.700001,0.0248848375629107,0,21.700001,0,1.67039472141038,-1.21483015985242
"2010-12-03",2010-12-03,-0.000460829471851248,43907400,-0.710317181969951,21.690001,0.0244352685829751,21.16,21.700001,7751,-1.00018805830161,-1.21703249975841
"2010-12-06",2010-12-06,0.000461041933561993,31861200,-0.710183626043406,21.700001,0.000460829471851221,21.690001,21.700001,7751,-0.999811977057666,-1.30707449221642
"2010-12-07",2010-12-07,-0.0055299997451614,46991400,-0.71178631051753,21.58,0,0,21.700001,7753,-1.00225671842514,-1.31486794960312
"2010-12-08",2010-12-08,0.0111214087117703,68959600,-0.708580968280468,21.82,0.0109990834097159,21.58,21.82,7753,-0.995496763298621,-1.26122082684113
"2010-12-09",2010-12-09,-0.000458340971585657,79874700,-0.708714537562605,21.809999,0.0105455759076377,21.58,21.82,7755,-1.00018850249741,-1.26343809215665
"2010-12-10",2010-12-10,0.0045850987888628,52407700,-0.70737896494157,21.91,0.00456417161113642,21.809999,21.91,7755,-0.998115499894177,-1.28098441950723
"2010-12-13",2010-12-13,-0.0187129164764948,78296300,-0.712854757929884,21.5,0,0,21.91,7757,-1.00774096101199,-1.3189032503552
"2010-12-14",2010-12-14,-0.00139539534883714,41699300,-0.713255439065109,21.469999,0,21.469999,21.5,7758,-1.00056207962529,-1.32041653857849
"2010-12-15",2010-12-15,-0.00884946478106509,42701400,-0.715792974958265,21.280001,0,21.280001,21.469999,7759,-1.00355768179838,-1.33000027698216
"2010-12-16",2010-12-16,0.000939755594936348,35224900,-0.715525889816361,21.299999,0.000938873283515274,21.280001,21.299999,7759,-0.99962686817104,-1.32544562610763
"2010-12-17",2010-12-17,0.00751173744186561,57138100,-0.713388994991653,21.459999,0.00838760523707394,0,21.459999,0,8.9336925273553,-1.28924273348022
"2010-12-20",2010-12-20,-0.0107175680669882,34211900,-0.716460767946578,21.23,0,0,21.459999,7762,-1.0043058877786,-1.33252239039347
"2010-12-21",2010-12-21,-0.00612341026848794,34102300,-0.718196994991653,21.1,0,21.1,21.23,7763,-1.00242333861497,-1.33907975411559
"2010-12-22",2010-12-22,-0.00995265402843611,49206900,-0.721001682804675,20.889999,0,20.889999,21.1,7764,-1.00390517898652,-1.34967246903106
"2010-12-23",2010-12-23,-0.00239344195277365,27960800,-0.721669449081804,20.84,0,20.84,20.889999,7765,-1.00092616465822,-1.35219448155985
"2010-12-27",2010-12-27,0,18604300,-0.721669449081804,20.84,0,20.84,20.84,7765,-1,-1.35219448155985
"2010-12-28",2010-12-28,0.00191933781190027,21169600,-0.721135238731219,20.879999,0.00191566101128648,0,20.879999,0,-0.999259757564541,-1.34294183361972
"2010-12-29",2010-12-29,0.00287365914145864,20848400,-0.720333876460769,20.940001,0.00477559671558747,0,20.940001,0,2.49292368923892,-1.32911388261318
"2010-12-30",2010-12-30,0.0038203914125888,18876000,-0.719265442404007,21.02,0.00856327307326354,0,21.02,0,1.79313153585879,-1.31077337677173
"2010-12-31",2010-12-31,0.000475784966698337,15743700,-0.719131873121871,21.030001,0.00903475943724386,0,21.030001,0,1.05505912983815,-1.30848820908299
"2011-01-03",2011-01-03,-0.00855924828534232,58223800,-0.721535893155259,20.85,0.000479616306954478,20.84,21.030001,7771,-1.00334294741096,-1.34987865923076
"2011-01-04",2011-01-04,0.014388489208633,75206200,-0.717529215358932,21.15,0.0141843971631205,20.85,21.15,7771,29.5744680851036,-1.28298621174628
"2011-01-05",2011-01-05,-0.00992903073286051,61810500,-0.720333876460769,20.940001,0.0042980418195776,20.85,21.15,7773,-1.00390877617497,-1.33091750683347
"2011-01-06",2011-01-06,-0.00811848098765607,116669000,-0.722604340567613,20.77,0,20.77,20.940001,7774,-1.00315196075187,-1.35572536971792
"2011-01-07",2011-01-07,-0.00529610014443907,74806100,-0.7240734557596,20.66,0,20.66,20.77,7775,-1.0020330838185,-1.36127390825202
"2011-01-10",2011-01-10,0.00145212971926421,51449700,-0.723672774624375,20.690001,0.00145002409618045,20.66,20.690001,7775,-0.999446629161671,-1.35428418454095
"2011-01-11",2011-01-11,0.0173996124988105,64452600,-0.718864787979967,21.049999,0.0185272692887064,0,21.049999,0,12.7772147631958,-1.27162827516267
"2011-01-12",2011-01-12,0.0118764851247736,53380600,-0.715525889816361,21.299999,0.0300469028191034,0,21.299999,0,1.62176640015801,-1.21551073168199
"2011-01-13",2011-01-13,-0.000469389693398554,104066300,-0.71565941903172,21.290001,0.0295914030252982,20.66,21.299999,7779,-1.00018661688872,-1.2177353701398
"2011-01-14",2011-01-14,-0.00986383232203709,154888800,-0.718464106844742,21.08,0.0199240986717266,20.66,21.299999,0,-1.00391902591992,-1.26483945667495
"2011-01-18",2011-01-18,0,55272100,-0.718464106844742,21.08,0.0199240986717266,20.66,21.299999,0,-1,-1.26483945667495
"2011-01-19",2011-01-19,-0.0033206831119543,43339000,-0.719398998330552,21.01,0.0166587339362209,20.66,21.299999,0,-1.00130123617437,-1.28070293941899
"2011-01-20",2011-01-20,-0.00285573536411239,56170800,-0.720200320534224,20.950001,0.0138425291721943,20.66,21.299999,0,-1.00111387728581,-1.29436557655455
"2011-01-21",2011-01-21,-0.00620529803316,63697600,-0.721936560934892,20.82,0.00768491834774254,20.66,21.299999,0,-1.00241077426816,-1.32417898937881
"2011-01-24",2011-01-24,0.0201729106628241,82375700,-0.716327212020034,21.24,0.027306967984934,20.66,21.299999,0,3.55331920903955,-1.22888531336273
"2011-01-25",2011-01-25,0.0145950564971752,72327200,-0.712186991652755,21.549999,0.033874665144996,20.82,21.549999,7779,1.24051359944779,-1.18844376504537
"2011-01-26",2011-01-26,0.00928078929377214,57196100,-0.709515859766278,21.75,0.0427586206896552,0,21.75,0,1.26225958268908,-1.14480263450206
"2011-01-27",2011-01-27,0,58069200,-0.709515859766278,21.75,0.0427586206896552,0,21.75,0,-1,-1.14480263450206
"2011-01-28",2011-01-28,-0.0133333793103448,55193100,-0.713388994991653,21.459999,0.0298228811660243,20.82,21.75,7789,-1.00545884235294,-1.20828621275962
"2011-01-31",2011-01-31,0,90844300,-0.713388994991653,21.459999,0.0298228811660243,20.82,21.75,0,-1,-1.20828621275962
"2011-02-01",2011-02-01,0.000932013090960563,60971000,-0.713121869782972,21.48,0.0307262569832403,20.82,21.75,0,1.03029136628976,-1.20386547701212
"2011-02-02",2011-02-02,0.00372434823091251,46928100,-0.712053435726211,21.559999,0.034322775246882,20.82,21.75,0,1.11705032167125,-1.18624693501439
"2011-02-03",2011-02-03,0.000463868296097743,39846000,-0.711919866444074,21.57,0.0347705146036161,20.82,21.75,0,1.01304496368704,-1.18405145476847
"2011-02-04",2011-02-04,0.00509967547519701,39353500,-0.710450751252087,21.68,0.0396678966789668,20.82,21.75,0,1.14084870848708,-1.16000653602568
"2011-02-07",2011-02-07,0.000461300738007336,43643100,-0.710317181969951,21.690001,0.0401106943240804,20.82,21.75,0,1.01116261970473,-1.15782971958332
"2011-02-08",2011-02-08,-0.00230530187619628,48215100,-0.710984988313857,21.639999,0.0378927466678718,20.82,21.75,0,-1.00094015231626,-1.1687286044066
"2011-02-09",2011-02-09,-0.00831793014408179,44601400,-0.713388994991653,21.459999,0.0298228811660243,20.82,21.75,0,-1.00338123408695,-1.20828621275962
"2011-02-10",2011-02-10,0.0158434303748104,56661800,-0.708848093489149,21.799999,0.0155963309906574,21.459999,21.799999,7789,-0.993634746913138,-1.24486686700807
"2011-02-11",2011-02-11,-0.00183481659792728,43716600,-0.709382303839734,21.76,0.0137868106617648,21.459999,21.799999,7799,-1.00075363163912,-1.25371864395489
"2011-02-14",2011-02-14,-0.00873161764705888,45134600,-0.711919866444074,21.57,0.00509972183588314,21.459999,21.799999,0,-1.00357714393298,-1.29611178734639
"2011-02-15",2011-02-15,-0.00556323597589244,50640200,-0.713522524207012,21.450001,0,21.450001,21.76,7801,-1.00225117718788,-1.32142526288399
"2011-02-16",2011-02-16,0.0139859667139409,55214100,-0.709515859766278,21.75,0.0137930574712644,21.450001,21.75,7801,-0.994384669993162,-1.25419946366564
"2011-02-17",2011-02-17,0.0101148965517242,50185500,-0.706577642737897,21.969999,0.0236685490973395,0,21.969999,0,1.71597552947555,-1.2058047859563
"2011-02-18",2011-02-18,0.00773782465807113,55060500,-0.704307191986645,22.139999,0.0311652227265231,0,22.139999,0,1.31673566463042,-1.16891641512747
"2011-02-22",2011-02-22,-0.0149051497247131,64515600,-0.708714537562605,21.809999,0.0165060988769418,21.450001,22.139999,7805,-1.00625770349374,-1.2409264527978
"2011-02-23",2011-02-23,-0.0302613035424716,83648300,-0.717529215358932,21.15,0,21.15,21.809999,7806,-1.01243755747786,-1.33655769114554
"2011-02-24",2011-02-24,0.00661943262411355,54496400,-0.71565941903172,21.290001,0.00657590387149354,21.15,21.290001,7806,-0.997394118194509,-1.30466006102393
"2011-02-25",2011-02-25,0.0267731316687115,53475700,-0.708046731218699,21.860001,0.0324794587154869,0,21.860001,0,4.93916263835378,-1.17807627445952
"2011-02-28",2011-02-28,-0.0178408957986781,66390100,-0.713255439065109,21.469999,0.0149044720495797,21.15,21.860001,7809,-1.00735644642755,-1.26412548805454
"2011-03-01",2011-03-01,-0.00372612965655014,57987400,-0.714323886477463,21.389999,0.0112201501271693,21.15,21.860001,0,-1.00149798705181,-1.28207569641227
"2011-03-02",2011-03-02,0.00467512878331593,52192300,-0.712988313856428,21.49,0.0158213122382503,21.15,21.860001,0,1.41008026264635,-1.25965390021303
"2011-03-03",2011-03-03,0.0139600279199629,50504000,-0.708981622704508,21.790001,0.0293713157700177,21.15,21.860001,0,1.85643992911083,-1.1933459636296
"2011-03-04",2011-03-04,-0.010555391897412,64664800,-0.712053435726211,21.559999,0.019016652087971,21.15,21.860001,0,-1.00433271177042,-1.24405493714945
"2011-03-07",2011-03-07,-0.016233766986724,57520200,-0.71672789315526,21.209999,0.00282880729980239,21.15,21.860001,0,-1.00656475651196,-1.32284745688774
"2011-03-08",2011-03-08,-0.00377180592983518,57165700,-0.717796340567613,21.129999,0,21.129999,21.790001,7815,-1.00149072949798,-1.33756656677482
"2011-03-09",2011-03-09,0.00331292017571789,60415900,-0.716861422370618,21.200001,0.00330198097632162,21.129999,21.200001,7815,-0.998697516072239,-1.32156469132183
"2011-03-10",2011-03-10,-0.0193396217292631,69121300,-0.722337215358932,20.790001,0,0,21.200001,7817,-1.00763856558246,-1.35471649408864
"2011-03-11",2011-03-11,0.0038480036629146,45640700,-0.721268767946578,20.870001,0.003833253290213,20.790001,20.870001,7817,-0.99852084678785,-1.33620380333491
"2011-03-14",2011-03-14,-0.00143751789949596,48954200,-0.721669449081804,20.84,0.00239918426103647,20.790001,20.870001,7819,-1.00055552264708,-1.34313326811968
"2011-03-15",2011-03-15,-0.0316698656429942,80464000,-0.730484140233724,20.18,0,20.18,20.84,7820,-1.0122143055427,-1.3854857127645
"2011-03-16",2011-03-16,-0.0183350346878096,84812700,-0.735425722871453,19.809999,0,19.809999,20.18,7821,-1.00676480482677,-1.40414902918412
"2011-03-17",2011-03-17,0.00454321072908673,59048300,-0.734223706176962,19.9,0.0045226633165828,19.809999,19.9,7821,-0.998365549834458,-1.38252811898583
"2011-03-18",2011-03-18,0.00150753768844227,74001300,-0.73382303839733,19.93,0.00602112393376808,0,19.93,0,1.33132261065975,-1.37535551118187
"2011-03-21",2011-03-21,0.0130457099849473,43392300,-0.730350570951587,20.190001,0.018821296739906,0,20.190001,0,3.12587765123901,-1.31389717763408
"2011-03-22",2011-03-22,-0.00198122823272768,45962800,-0.730884808013356,20.15,0.0168734987593051,19.809999,20.190001,7825,-1.00073148030962,-1.3232713010185
"2011-03-23",2011-03-23,0.0069479404466502,37924600,-0.729015011686144,20.290001,0.00689999965993104,20.15,20.290001,7825,-0.99744173595249,-1.35387727891972
"2011-03-24",2011-03-24,0.00443558381293334,49378300,-0.727813035058431,20.379999,0.011285525578289,0,20.379999,0,1.63558349775365,-1.33277445910314
"2011-03-25",2011-03-25,-0.000490579023090387,52478400,-0.72794656427379,20.370001,0.0108002449288048,20.15,20.379999,7828,-1.0001834663697,-1.33511157357796
"2011-03-28",2011-03-28,-0.00147280306957268,37109400,-0.728347245409016,20.34,0.00934119960668645,20.15,20.379999,0,-1.00055042657647,-1.34213536855861
"2011-03-29",2011-03-29,-0.00294980334316624,59545200,-0.729148567612689,20.280001,0.00641030540383114,20.15,20.379999,0,-1.0011001925369,-1.35623116353929
"2011-03-30",2011-03-30,0.00887564058798622,54565700,-0.726744587646077,20.459999,0.00879755663722182,20.280001,20.459999,7828,1.37240834609283,-1.33813569282056
"2011-03-31",2011-03-31,-0.0136851912847112,87528000,-0.730484140233724,20.18,0,0,20.459999,7832,-1.00514562151713,-1.3854857127645
"2011-04-01",2011-04-01,-0.0227948959365708,82621500,-0.736627726210351,19.719999,0,19.719999,20.18,7833,-1.00841029344547,-1.40868874253021
"2011-04-04",2011-04-04,-0.0116632358855598,69372800,-0.739699499165276,19.49,0,19.49,19.719999,7834,-1.00417004797081,-1.42029018175117
"2011-04-05",2011-04-05,0.0112877886095434,62605700,-0.736761282136895,19.709999,0.0111617966089192,19.49,19.709999,7834,-0.996027823417893,-1.36703740114912
"2011-04-06",2011-04-06,0.0121766622108911,56267400,-0.733555913188648,19.950001,0.023057693079815,0,19.950001,0,2.06576896961103,-1.31000310353315
"2011-04-07",2011-04-07,0.0040100248616528,51606400,-0.732487465776295,20.030001,0.0269596092381623,0,20.030001,0,1.1692240479063,-1.29123108759391
"2011-04-08",2011-04-08,-0.000499301023499651,46474900,-0.732621035058431,20.02,0.0264735264735265,19.49,20.030001,7838,-1.00018235026315,-1.29357138281243
"2011-04-11",2011-04-11,0.00499505494505489,43166300,-0.731285462437396,20.120001,0.00497022838120131,20.02,20.120001,7838,-0.998176993892991,-1.36974063253031
"2011-04-12",2011-04-12,-0.0178926929476791,52110300,-0.736093489148582,19.76,0,0,20.120001,7840,-1.00657476041594,-1.40667104171291
"2011-04-13",2011-04-13,0.00101219635627515,38977500,-0.735826363939901,19.780001,0.00101117285079999,19.76,19.780001,7840,-0.999637104236596,-1.40184317928265
"2011-04-14",2011-04-14,-0.010111273502969,52706900,-0.738497495826378,19.58,0,0,19.780001,7842,-1.00363011169126,-1.41575046840508
"2011-04-15",2011-04-15,0.0086823289070481,44283000,-0.736227045075126,19.75,0.00860759493670893,19.58,19.75,7842,-0.996925580974772,-1.37466638187146
"2011-04-18",2011-04-18,-0.00658222784810134,46481400,-0.737963258764608,19.620001,0.00203878684817604,19.58,19.75,7844,-1.0023582585034,-1.40603269923941
"2011-04-19",2011-04-19,0.0122324152786741,81426500,-0.734757916527547,19.860001,0.0120845915365262,19.620001,19.860001,7844,5.92734426717408,-1.35598590934995
"2011-04-20",2011-04-20,0.0780462699875997,174554500,-0.714056761268782,21.41,0.0836057449789819,0,21.41,0,6.91837574536797,-1.00768168084275
"2011-04-21",2011-04-21,0.00233531060252217,77640100,-0.713388994991653,21.459999,0.0857408241258539,0,21.459999,0,1.02553746931397,-0.997095924242419
"2011-04-25",2011-04-25,0.0223672890199109,81676700,-0.706978283806345,21.940001,0.10574293045839,0,21.940001,0,1.23328567851384,-0.897340277720284
"2011-04-26",2011-04-26,0.0246125330623276,105300000,-0.699766277128548,22.48,0.127224154804271,0,22.48,0,1.20314572570252,-0.788971989875106
"2011-04-27",2011-04-27,0.00667255338078297,68452900,-0.697762951585977,22.629999,0.133009197216491,0,22.629999,0,1.04547125835594,-0.7595569651373
"2011-04-28",2011-04-28,0.00751215234256078,5.5e+07,-0.695492500834725,22.799999,0.139473602608491,0,22.799999,0,1.04860119094981,-0.726567253938967
"2011-04-29",2011-04-29,0.0153509217259176,156189000,-0.690818030050084,23.15,0.152483758099352,0,23.15,0,1.09328041469884,-0.65977614668874
"2011-05-02",2011-05-02,-0.0103671706263498,71970500,-0.694023372287146,22.91,0.14360536883457,19.620001,23.15,7853,-1.00463992266796,-0.705413854500561
"2011-05-03",2011-05-03,0.0139676996944566,110500000,-0.68974958263773,23.23,0.0137752905725356,22.91,23.23,7853,-0.993842009044549,-1.17961350158516
"2011-05-04",2011-05-04,0.0116229014205768,137107200,-0.686143572621036,23.5,0.0251063829787234,0,23.5,0,1.82256648936169,-1.12319921301654
"2011-05-05",2011-05-05,0.0046808936170213,94292200,-0.684674444073456,23.610001,0.0296484951440705,0,23.610001,0,1.18091463709434,-1.10049602342637
"2011-05-06",2011-05-06,-0.0152478180750607,100005900,-0.689482470784642,23.25,0.0146236559139785,22.91,23.610001,7857,-1.00702235456983,-1.17540057925508
"2011-05-09",2011-05-09,-0.0210752688172042,73296400,-0.69602671118531,22.76,0,22.76,23.25,7858,-1.00949152542373,-1.25534726350997
"2011-05-10",2011-05-10,0.0118629613356765,66314300,-0.692420687813022,23.030001,0.0117238813841127,22.76,23.030001,7858,-0.994819130768493,-1.19744944329203
"2011-05-11",2011-05-11,0.0165001729700316,85800000,-0.687345575959934,23.41,0.0277659120034173,0,23.41,0,2.36832078845863,-1.11769444560537
"2011-05-12",2011-05-12,0.0128149935924818,66300000,-0.683338911519199,23.709999,0.0400674415886731,0,23.709999,0,1.44304431937052,-1.05610183294404
"2011-05-13",2011-05-13,-0.0126528474336924,53099500,-0.687345575959934,23.41,0.0277659120034173,22.76,23.709999,7862,-1.00586336351288,-1.11769444560537
"2011-05-16",2011-05-16,0.00982481845365226,74471600,-0.684273803005009,23.639999,0.0372250015746616,22.76,23.709999,0,1.34067274901974,-1.07036801812624
"2011-05-17",2011-05-17,-0.00380710676002989,86074100,-0.685475806343907,23.549999,0.0335456065199832,22.76,23.709999,0,-1.00175661165694,-1.08880403133665
"2011-05-18",2011-05-18,0.014012739448524,65592900,-0.681068460767947,23.879999,0.0196817009916961,23.41,23.879999,7862,-0.993570384928,-1.12451946575717
"2011-05-19",2011-05-19,-0.0142377727905266,98367500,-0.685609335559266,23.540001,0.00552255711458971,23.41,23.879999,7866,-1.00666728097525,-1.19514549612991
"2011-05-20",2011-05-20,-0.0135939671370447,63124700,-0.689883151919867,23.219999,0,23.219999,23.540001,7867,-1.00623360292653,-1.23214433462677
"2011-05-23",2011-05-23,-0.0155037905040393,64900000,-0.694691138564275,22.860001,0,22.860001,23.219999,7868,-1.00696927679858,-1.25030308712861
"2011-05-24",2011-05-24,-0.0109361325049811,51736300,-0.698030036727881,22.610001,0,22.610001,22.860001,7869,-1.00480630596571,-1.26291340197885
"2011-05-25",2011-05-25,0.003095930867053,49375900,-0.697095158597664,22.68,0.0030863756613756,22.610001,22.68,7869,-0.998660690685175,-1.24772597369564
"2011-05-26",2011-05-26,-0.00793650793650792,44432200,-0.69949916527546,22.5,0,0,22.68,7871,-1.00344860618833,-1.26846199095422
"2011-05-27",2011-05-27,-0.0128889333333333,67162300,-0.703372300500835,22.209999,0,22.209999,22.5,7872,-1.00553701193317,-1.28309000662176
"2011-05-31",2011-05-31,0.0135074747189319,59575300,-0.699365609348916,22.51,0.0133274544646824,22.209999,22.51,7872,-0.994303598323296,-1.2176225909731
"2011-06-01",2011-06-01,-0.0226565970679699,56011400,-0.706176961602672,22,0,0,22.51,7874,-1.00973932970496,-1.29368262065471
"2011-06-02",2011-06-02,0.00409090909090908,53445700,-0.704974958263774,22.09,0.00407424173834314,22,22.09,7874,-0.998297872340425,-1.27375535471522
"2011-06-03",2011-06-03,-0.0162969669533725,53937700,-0.709782971619366,21.73,0,0,22.09,7876,-1.00682011935209,-1.30730176069298
"2011-06-06",2011-06-06,0.00460193281178085,49667100,-0.708447412353924,21.83,0.00458085203847902,21.73,21.83,7876,-0.998118355442657,-1.28495672179984
"2011-06-07",2011-06-07,0.0105359138799818,60300000,-0.705375639398999,22.059999,0.0149591575230806,0,22.059999,0,3.2655840872886,-1.2341586094969
"2011-06-08",2011-06-08,-0.0108793749265356,49513200,-0.708580968280468,21.82,0.00412465627864345,21.73,22.059999,7879,-1.00454414456984,-1.28718408965723
"2011-06-09",2011-06-09,-0.00274977085242891,36986100,-0.709382303839734,21.76,0.00137867647058831,21.73,22.059999,0,-1.00113090189426,-1.30058155237191
"2011-06-10",2011-06-10,-0.01746328125,53233300,-0.714457442404007,21.379999,0,21.379999,21.82,7881,-1.00715430669302,-1.32495625192458
"2011-06-13",2011-06-13,0.000467726869397796,43550000,-0.714323886477463,21.389999,0.000467508203249478,21.379999,21.389999,7881,-0.999813066645237,-1.32268615935197
"2011-06-14",2011-06-14,0.0201028994905517,51995000,-0.708580968280468,21.82,0.0201650320806599,0,21.82,0,43.1330016040364,-1.22660296999791
"2011-06-15",2011-06-15,-0.0183318056828597,48556700,-0.713923205342238,21.42,0.00186746031746032,21.379999,21.82,7884,-1.00753934596174,-1.31588554696651
"2011-06-16",2011-06-16,0,53634800,-0.713923205342238,21.42,0.00186746031746032,21.379999,21.82,0,-1,-1.31588554696651
"2011-06-17",2011-06-17,-0.0107375816993465,96504000,-0.716994978297163,21.190001,0,21.190001,21.42,7886,-1.00430266579366,-1.33453999032825
"2011-06-20",2011-06-20,0.00660684253861052,37358400,-0.715125208681136,21.33,0.0065634786685419,21.190001,21.33,7886,-0.997392213791417,-1.30268938846268
"2011-06-21",2011-06-21,0.0150023441162682,55384300,-0.71085141903172,21.65,0.0212470669745959,0,21.65,0,3.23716554095482,-1.23109136628898
"2011-06-22",2011-06-22,-0.0115473441108545,37679600,-0.714190317195326,21.4,0.00981303738317751,21.190001,21.65,7889,-1.00469704086426,-1.28688560172909
"2011-06-23",2011-06-23,0.0144859345794393,54189000,-0.710050096828048,21.709999,0.0142790886356099,21.4,21.709999,7889,1.45511405674338,-1.25438152718311
"2011-06-24",2011-06-24,-0.0234913875399073,124407700,-0.716861422370618,21.200001,0,0,21.709999,7891,-1.00959273940388,-1.33403557773424
"2011-06-27",2011-06-27,0.0066037261035978,45183400,-0.714991652754592,21.34,0.0065604029990628,21.200001,21.34,7891,-0.997391727943954,-1.30219659202424
"2011-06-28",2011-06-28,0.00702905342080593,36515100,-0.712988313856428,21.49,0.0134946021405304,0,21.49,0,2.05697761897527,-1.26844139400883
"2011-06-29",2011-06-29,-0.0046533736621684,31660400,-0.714323886477463,21.389999,0.0088825623601011,21.200001,21.49,7894,-1.00187320408354,-1.29090427287324
"2011-06-30",2011-06-30,0.0359981784010369,53930200,-0.704040066777964,22.16,0.0347473375451264,21.389999,22.16,7894,3.91185967927512,-1.15437864658834
"2011-07-01",2011-07-01,0.0166967960288808,35837100,-0.699098484140235,22.530001,0.0505992875899117,0,22.530001,0,1.4562061776445,-1.07584585489272
"2011-07-05",2011-07-05,-0.00399467359100427,33358200,-0.700300487479133,22.440001,0.046791530891643,21.389999,22.530001,7897,-1.00171936195853,-1.09476666298488
"2011-07-06",2011-07-06,0.0138145715768908,43269800,-0.696160267111854,22.75,0.0136263296703297,22.440001,22.75,7897,-0.994087937333612,-1.20438790003885
"2011-07-07",2011-07-07,0.0210989010989011,53107000,-0.68974958263773,23.23,0.0340077055531641,0,23.23,0,2.49573482925584,-1.10319993322074
"2011-07-08",2011-07-08,-0.00602668962548431,35838800,-0.69161936560935,23.09,0.0281506712862711,22.440001,23.23,7900,-1.00271081421241,-1.13238249387203
"2011-07-11",2011-07-11,-0.0103941100043308,34663100,-0.694824707846412,22.85,0.0179430634573305,22.440001,23.23,0,-1.0046345466834,-1.18304038013121
"2011-07-12",2011-07-12,-0.0175054266958425,51048100,-0.700166931552588,22.450001,0.000445434278599888,22.440001,23.23,0,-1.00768859202307,-1.26930169206679
"2011-07-13",2011-07-13,0.00133625829237157,43265500,-0.699766277128548,22.48,0.00177931494661931,22.440001,23.23,0,3.99456223309115,-1.2627507184947
"2011-07-14",2011-07-14,-0.00934163701067619,47571900,-0.702570951585977,22.27,0,22.27,23.09,7904,-1.00400801603206,-1.28006348061645
"2011-07-15",2011-07-15,0.00449039066008078,49959400,-0.701235378964942,22.370001,0.00447031718952529,22.27,22.370001,7904,-0.998099021005608,-1.2581358581166
"2011-07-18",2011-07-18,-0.00402324523812046,45195400,-0.702437382303841,22.280001,0.000448877897267552,22.27,22.370001,7906,-1.00171412249717,-1.27786370034283
"2011-07-19",2011-07-19,0.0350088853227611,55706900,-0.692020046744575,23.059999,0.0338247195934398,22.280001,23.059999,7906,75.3539432423394,-1.11246609717447
"2011-07-20",2011-07-20,-0.00303551617673543,57158800,-0.692954924874792,22.99,0.0308829491083079,22.280001,23.059999,7908,-1.00135094082117,-1.12710738217566
"2011-07-21",2011-07-21,-0.00782953458025216,80125400,-0.695358944908181,22.809999,0.0232353363978667,22.280001,23.059999,0,-1.00346923002795,-1.16507028114645
"2011-07-22",2011-07-22,0.0140289352928073,45085500,-0.691085155258765,23.129999,0.0138348471178058,22.809999,23.129999,7908,-0.993853836668514,-1.18443274544373
"2011-07-25",2011-07-25,-0.00432330325651994,40716100,-0.692420687813023,23.030001,0.00955284370156984,22.809999,23.129999,7911,-1.00193251518151,-1.20564899517625
"2011-07-26",2011-07-26,-0.00564485429245097,45573600,-0.69415692821369,22.9,0.00393017467248902,22.809999,23.129999,0,-1.00250749353858,-1.23344204555288
"2011-07-27",2011-07-27,-0.0161571615720524,59198500,-0.699098484140235,22.530001,0,22.530001,23.030001,7913,-1.00711878787879,-1.26694870273093
"2011-07-28",2011-07-28,0.000887616471921198,36736700,-0.698831398998331,22.549999,0.000886829307619963,22.530001,22.549999,7913,-0.999617957772814,-1.26259061098757
"2011-07-29",2011-07-29,-0.00975605364771863,51897500,-0.701769616026712,22.33,0,0,22.549999,7915,-1.00420447196934,-1.27703700505239
"2011-08-01",2011-08-01,-0.00403045230631437,51674300,-0.70297161936561,22.24,0,22.24,22.33,7916,-1.00171281758493,-1.28157671839848
"2011-08-02",2011-08-02,-0.0233813399280574,56976600,-0.709916540901503,21.719999,0,21.719999,22.24,7917,-1.00987937684051,-1.30780622372825
"2011-08-03",2011-08-03,0.0041436465996154,65640300,-0.708714537562605,21.809999,0.00412654764450016,21.719999,21.809999,7917,-0.998306838523058,-1.28768140940217
"2011-08-04",2011-08-04,-0.0440164623574719,86743900,-0.72153589315526,20.85,0,0,21.809999,7919,-1.01809100126089,-1.35169006896584
"2011-08-05",2011-08-05,-0.00287764988009598,101800300,-0.722337215358932,20.790001,0,20.790001,20.85,7920,-1.00111057843591,-1.35471649408864
"2011-08-08",2011-08-08,-0.0327080311347748,137491600,-0.731419018363941,20.110001,0,20.110001,20.790001,7921,-1.01257280230328,-1.3890165504813
"2011-08-09",2011-08-09,0.0243659361329719,116628500,-0.724874791318866,20.6,0.023786359223301,20.110001,20.6,7921,-0.991052697727613,-1.2744643168715
"2011-08-10",2011-08-10,-0.0325242718446603,95403800,-0.73382303839733,19.93,0,0,20.6,7923,-1.01234454168586,-1.39809602761474
"2011-08-11",2011-08-11,0.0416457601605621,75327100,-0.722737896494158,20.76,0.0399807321772641,19.93,20.76,7923,-0.984893984893985,-1.20523098091269
"2011-08-12",2011-08-12,-0.00529865125240862,54183200,-0.724207011686144,20.65,0.034866828087167,19.93,20.76,7925,-1.00203270812159,-1.23009365768348
"2011-08-15",2011-08-15,0.0116222276029056,46288900,-0.721001682804675,20.889999,0.0114887032785401,20.65,20.889999,7925,-0.995574015675427,-1.30628205744481
"2011-08-16",2011-08-16,-0.00478688390554731,44763700,-0.722337215358932,20.790001,0.00673405451014653,20.65,20.889999,7927,-1.00185232931643,-1.32928338908494
"2011-08-17",2011-08-17,-0.00577205359441774,51304900,-0.723939899833056,20.67,0.000967585873246413,20.65,20.889999,0,-1.00221874830764,-1.35711512768738
"2011-08-18",2011-08-18,-0.0435413642960814,92196400,-0.735959933222037,19.77,0,19.77,20.790001,7929,-1.01660363435107,-1.4061666291189
"2011-08-19",2011-08-19,-0.0293373292867982,79157400,-0.743706163606011,19.190001,0,19.190001,19.77,7930,-1.0105253425279,-1.43542250913021
"2011-08-22",2011-08-22,0.0099008853621218,48904000,-0.741168627712856,19.379999,0.00980381887532622,19.190001,19.379999,7930,-0.996587985931364,-1.38881181252212
"2011-08-23",2011-08-23,0.0170278646557205,54210800,-0.736761282136896,19.709999,0.0263824467976889,0,19.709999,0,2.69103776122251,-1.30955221241293
"2011-08-24",2011-08-24,0.00456621027733182,53521400,-0.735559278797997,19.799999,0.0308079813539385,0,19.799999,0,1.16774541763265,-1.28829818751842
"2011-08-25",2011-08-25,-0.0191918696561549,51597200,-0.740634390651086,19.42,0.0118434088568488,19.190001,19.799999,7934,-1.00689966396914,-1.37909101009102
"2011-08-26",2011-08-26,0.0180226570545828,53819400,-0.735959933222037,19.77,0.0293373292867982,19.190001,19.799999,0,2.47710179065828,-1.29536571784693
"2011-08-29",2011-08-29,0.0268082448153768,40646100,-0.728881482470785,20.299999,0.043349706568951,19.42,20.299999,7934,1.47762961465134,-1.21571010425182
"2011-08-30",2011-08-30,-0.0029556159091437,39098800,-0.729682804674458,20.24,0.0405138339920947,19.42,20.299999,7937,-1.00109938614568,-1.22944702257239
"2011-08-31",2011-08-31,-0.00543483201581012,55288500,-0.731151933222038,20.129999,0.0352706922638197,19.42,20.299999,0,-1.00201337970166,-1.25479785311316
"2011-09-01",2011-09-01,-0.00695474450843257,40781200,-0.733021702838064,19.99,0.0285142571285641,19.42,20.299999,0,-1.00255729285675,-1.28737721089713
"2011-09-02",2011-09-02,-0.017508804402201,42807600,-0.737696173622705,19.639999,0.0112015789817503,19.42,20.299999,0,-1.00637698824816,-1.37041803966725
"2011-09-06",2011-09-06,-0.00509154812075089,44255600,-0.739031706176962,19.540001,0.00614129958335208,19.42,20.299999,0,-1.0018104100333,-1.39457367379981
"2011-09-07",2011-09-07,0.0276355666511992,46090100,-0.731819699499166,20.08,0.0328685258964142,19.42,20.299999,0,5.35204730697631,-1.26639234186954
"2011-09-08",2011-09-08,-0.00896414342629481,42985100,-0.734223706176962,19.9,0.0241206030150752,19.42,20.299999,0,-1.0032849712565,-1.30851083007661
"2011-09-09",2011-09-09,-0.010050201005025,61406600,-0.736894811352254,19.700001,0.0142132480094798,19.42,20.299999,0,-1.0036379990905,-1.35601702386868
"2011-09-12",2011-09-12,0.0294416228709835,53318000,-0.729148567612689,20.280001,0.0424063588557021,19.42,20.299999,0,2.98357974387124,-1.22028165410468
"2011-09-13",2011-09-13,0.0236685885764997,60222400,-0.722737896494158,20.76,0.0587668111753372,19.540001,20.76,7937,1.38580186465208,-1.13427991880799
"2011-09-14",2011-09-14,0.0173410886319844,58352700,-0.717929869782972,21.120001,0.0748106025184373,0,21.120001,0,1.27300768958233,-1.05552699554405
"2011-09-15",2011-09-15,0.0198863626947746,53239300,-0.712320520868114,21.540001,0.0928505063672003,0,21.540001,0,1.24114100463657,-0.966208750809024
"2011-09-16",2011-09-16,0.0199627660184417,90738900,-0.706577642737897,21.969999,0.110605284961552,0,21.969999,0,1.19121897433855,-0.877463052371859
"2011-09-19",2011-09-19,-0.00182061910881296,57738000,-0.707111853088482,21.93,0.10898308253534,19.540001,21.969999,7950,-1.0007560532888,-0.885607369068575
"2011-09-20",2011-09-20,0.0123119471044232,71495200,-0.703505829716194,22.200001,0.0121622066593601,21.93,22.200001,7950,-0.994900349419209,-1.2376602263864
"2011-09-21",2011-09-21,-0.0117117111841572,66811700,-0.706978283806345,21.940001,0.000455834072204397,21.93,22.200001,7952,-1.00493592795322,-1.29498745653211
"2011-09-22",2011-09-22,-0.0145852317873641,94232800,-0.71125207345576,21.620001,0,21.620001,21.940001,7953,-1.00604514982611,-1.31285024878582
"2011-09-23",2011-09-23,0.0249768258567611,74135600,-0.704040066777964,22.16,0.0243681859205777,21.620001,22.16,7953,-0.989860125619381,-1.19357851536261
"2011-09-26",2011-09-26,0.00361010830324902,64847800,-0.70297161936561,22.24,0.0278776528776978,0,22.24,0,1.14401839220032,-1.17628869736643
"2011-09-27",2011-09-27,0.0134892535971224,88219700,-0.69896492821369,22.540001,0.0408163247197727,0,22.540001,0,1.46412342885673,-1.11228963176594
"2011-09-28",2011-09-28,-0.0102041699110838,74789100,-0.702036741235393,22.309999,0.0309277467919207,21.620001,22.540001,7957,-1.00439480279726,-1.16123829759756
"2011-09-29",2011-09-29,-0.00448229513591647,85510500,-0.703372300500836,22.209999,0.0265645216823288,21.620001,22.540001,0,-1.00190240650809,-1.1827614054348
"2011-09-30",2011-09-30,-0.0391715010883161,64453700,-0.714991652754592,21.34,0,21.34,22.309999,7959,-1.01651949080947,-1.32697385185936
"2011-10-03",2011-10-03,-0.0337394095595127,95768300,-0.724607666110184,20.620001,0,20.620001,21.34,7960,-1.01344912673952,-1.3632915081868
"2011-10-04",2011-10-04,0.029097864738222,77896900,-0.716594337228715,21.219999,0.0282751191458587,20.620001,21.219999,7960,-0.988941148077433,-1.22623768604892
"2011-10-05",2011-10-05,0.0296890211917541,70932100,-0.708180300500836,21.85,0.0562928604118994,0,21.85,0,1.99089737240398,-1.08864253682718
"2011-10-06",2011-10-06,0.00823803203661314,58483000,-0.705776280467447,22.030001,0.0640036285064173,0,22.030001,0,1.13697595109038,-1.05044111327772
"2011-10-07",2011-10-07,0.0118020875260061,58425800,-0.702303826377296,22.290001,0.0749214860959406,0,22.290001,0,1.1705818536277,-0.996091938136105
"2011-10-10",2011-10-10,0.0264691778165466,40172800,-0.694424053422372,22.879999,0.0987761406807756,0,22.879999,0,1.31839537398241,-0.876237691836941
"2011-10-11",2011-10-11,0.00480773622411421,50604700,-0.692954924874792,22.99,0.103088255763375,0,22.99,0,1.04365543189763,-0.854403152767382
"2011-10-12",2011-10-12,0.00565467594606351,59913300,-0.691218684474124,23.120001,0.108131483212306,0,23.120001,0,1.04892145484066,-0.828798531149267
"2011-10-13",2011-10-13,0.0116781136817425,51288900,-0.687612701168615,23.389999,0.118426597624053,0,23.389999,0,1.09520922219788,-0.77629701406517
"2011-10-14",2011-10-14,0.00470290742637486,44894100,-0.686143572621036,23.5,0.12255314893617,0,23.5,0,1.03484480171606,-0.755163310258
"2011-10-17",2011-10-17,-0.00936165957446814,47936100,-0.689081789649417,23.280001,0.114261163476754,20.620001,23.5,7970,-1.0042822189781,-0.797577418824336
"2011-10-18",2011-10-18,0.00515459599851392,85272200,-0.687479131886478,23.4,0.118803376068376,20.620001,23.5,0,1.03975289987788,-0.774369538233796
"2011-10-19",2011-10-19,0.0358974358974359,139956200,-0.676260434056762,24.24,0.0396039191419142,23.280001,24.24,7970,-0.983681398737251,-1.0311185416364
"2011-10-20",2011-10-20,-0.0259900577557755,88682000,-0.684674444073457,23.610001,0.0139771277434508,23.280001,24.24,7973,-1.01244196701886,-1.15968347610454
"2011-10-21",2011-10-21,0.0177890716734827,123273100,-0.679065095158598,24.030001,0.0312109849683319,23.280001,24.24,0,2.23300420094938,-1.073409499632
"2011-10-24",2011-10-24,0.0233041604950412,138273600,-0.671585976627714,24.59,0.0398535583570557,23.610001,24.59,7973,1.27690806289814,-1.01252126613004
"2011-10-25",2011-10-25,0.0016266368442457,60939200,-0.671051766277129,24.629999,0.0414128315636554,0,24.629999,0,1.03912506864832,-1.00461461983646
"2011-10-26",2011-10-26,0.00284214384255553,58249900,-0.670116848080134,24.700001,0.0441295528692489,0,24.700001,0,1.06560095513917,-0.990823146844216
"2011-10-27",2011-10-27,0.0174088252061205,84559200,-0.664373969949917,25.129999,0.0604853983480064,0,25.129999,0,1.3706324767717,-0.90736092402615
"2011-10-28",2011-10-28,-0.00596892184516208,44897400,-0.666377295492488,24.98,0.0548438350680545,23.610001,25.129999,7979,-1.00301535826685,-0.936234058312767
"2011-10-31",2011-10-31,-0.0176140512409928,43121800,-0.672253742904842,24.540001,0.0378973089691398,23.610001,25.129999,0,-1.00881849884758,-1.02243162041064
"2011-11-01",2011-11-01,-0.0260799092876973,68002400,-0.680801335559266,23.9,0.0121338493723848,23.610001,25.129999,0,-1.01271483088735,-1.15201723534395
"2011-11-02",2011-11-02,-0.0020920502092049,56626000,-0.681469115191987,23.85,0.0100628511530398,23.610001,25.129999,0,-1.00098087297695,-1.16236102222427
"2011-11-03",2011-11-03,0.0146750943396226,58297700,-0.676794644407346,24.200001,0.0243801642818113,23.610001,25.129999,0,2.42278892045883,-1.09063305599684
"2011-11-04",2011-11-04,-0.0190083049996569,46476000,-0.682938230383974,23.74,0.00547594776748095,23.610001,25.129999,0,-1.00907747427879,-1.1852333283743
"2011-11-07",2011-11-07,0.0227464616680708,51137900,-0.675726196994993,24.280001,0.0275947270348135,23.610001,25.129999,0,5.03926045436106,-1.0744570290426
"2011-11-08",2011-11-08,0.0193574538979632,55961900,-0.669449081803006,24.75,0.0460605656565657,23.610001,25.129999,0,1.66917997045072,-0.981008105886666
"2011-11-09",2011-11-09,-0.0367676767676768,56872200,-0.681602671118532,23.84,0.00964760906040263,23.610001,25.129999,0,-1.01815461346633,-1.16443371670968
"2011-11-10",2011-11-10,0.00922814597315442,45508700,-0.678664454090151,24.059999,0.0187031595470972,23.610001,25.129999,0,1.93863157493207,-1.11913578392026
"2011-11-11",2011-11-11,0.0328346231435837,43867200,-0.668113522537564,24.85,0.0498993561368209,23.610001,25.129999,0,2.66796398817896,-0.961465677144825
"2011-11-14",2011-11-14,-0.00885315895372233,49418100,-0.671051766277129,24.629999,0.0414128315636554,23.610001,25.129999,0,-1.00439782108946,-1.00461461983646
"2011-11-15",2011-11-15,0.028826675957234,77391300,-0.661569282136896,25.34,0.0631412786108919,23.74,25.34,7979,1.52467909647371,-0.886737508957983
"2011-11-16",2011-11-16,-0.0157852801894239,74241700,-0.666911505843073,24.940001,0.0481155153121285,23.74,25.34,7992,-1.00807507822752,-0.963663104292884
"2011-11-17",2011-11-17,-0.0240577777041789,62125300,-0.67492487479132,24.34,0.0246507806080526,23.74,25.34,0,-1.01201564057306,-1.08254926927724
"2011-11-18",2011-11-18,-0.00205419063270336,45683600,-0.675592641068448,24.290001,0.0226431032258912,23.74,25.34,0,-1.00098939348966,-1.09265385625611
"2011-11-21",2011-11-21,-0.0296418678615946,58579300,-0.685208681135226,23.57,0,23.57,24.940001,7995,-1.01423348846958,-1.21448984339517
"2011-11-22",2011-11-22,-0.014000848536275,48479200,-0.689616026711186,23.24,0,23.24,23.57,7996,-1.00643212162557,-1.2311354589975
"2011-11-23",2011-11-23,-0.0232357573149741,52698400,-0.696828033388982,22.700001,0,22.700001,23.24,7997,-1.01045800329234,-1.25837368863277
"2011-11-25",2011-11-25,0.00132154179200257,28346900,-0.696427378964942,22.73,0.00131979762428514,22.700001,22.73,7997,-0.999425031134164,-1.25187590374953
"2011-11-28",2011-11-28,0.0321161020677518,39753000,-0.686677809682805,23.459999,0.0323954830518108,0,23.459999,0,24.5457958521162,-1.09768751868831
"2011-11-29",2011-11-29,0.00511513235784871,44191100,-0.685075125208682,23.58,0.0373197201017811,0,23.58,0,1.15200381615223,-1.07303671132952
"2011-11-30",2011-11-30,0.0564037319762511,73450200,-0.667312186978298,24.91,0.0887193496587716,0,24.91,0,2.37727800253618,-0.811824265512282
"2011-12-01",2011-12-01,0.00040144520272989,51820400,-0.667178631051754,24.92,0.0890850321027288,0,24.92,0,1.00412178905012,-0.809938747377597
"2011-12-02",2011-12-02,-0.0112359951845908,41486500,-0.670918210350585,24.639999,0.0787336882602958,22.700001,24.92,8003,-1.0056050645581,-0.86315719509151
"2011-12-05",2011-12-05,0.0150162749600762,42526800,-0.665976627712856,25.01,0.0147941223510597,24.639999,25.01,8003,-0.992634597538875,-1.08598014689418
"2011-12-06",2011-12-06,0.0135945621751299,49516000,-0.661435726210352,25.35,0.0280079289940829,0,25.35,0,1.89317948908789,-1.01892435518728
"2011-12-07",2011-12-07,0.0122287968441814,54791500,-0.65729549248748,25.66,0.0397506235385815,0,25.66,0,1.41926322174622,-0.958937881691757
"2011-12-08",2011-12-08,-0.0370226422447389,58000600,-0.669983318864775,24.709999,0.00283286130444604,24.639999,25.66,8007,-1.01930307832978,-1.14628773786296
"2011-12-09",2011-12-09,0.0121408746313588,44071500,-0.665976627712856,25.01,0.0147941223510597,24.639999,25.66,0,5.22232497857944,-1.08598014689418
"2011-12-12",2011-12-12,-0.0403838464614155,94831300,-0.679465776293824,24,0,24,25.01,8009,-1.02025468765667,-1.19280010185275
"2011-12-13",2011-12-13,-0.0183333749999999,78519000,-0.685342250417363,23.559999,0,23.559999,24,8010,-1.00864866830467,-1.21499430643044
"2011-12-14",2011-12-14,-0.0106112058833279,56395100,-0.688681148580969,23.309999,0,23.309999,23.559999,8011,-1.0048718697287,-1.22760462128069
"2011-12-15",2011-12-15,0,38692600,-0.688681148580969,23.309999,0,23.309999,23.309999,8011,-1,-1.22760462128069
"2011-12-16",2011-12-16,-0.00343196067919183,94567200,-0.68974958263773,23.23,0,0,23.309999,8013,-1.0015514205071,-1.23163987159151
"2011-12-19",2011-12-19,-0.00559621179509251,42243000,-0.691485809682806,23.1,0,23.1,23.23,8014,-1.00251718462581,-1.23819723531363
"2011-12-20",2011-12-20,0.032034632034632,46309500,-0.681602671118532,23.84,0.0310402684563758,23.1,23.84,8014,-0.985707387735394,-1.08363814965473
"2011-12-21",2011-12-21,-0.00671140939597316,45222100,-0.68373956594324,23.68,0.0244932432432432,23.1,23.84,8016,-1.00313510336044,-1.11643548591528
"2011-12-22",2011-12-22,0.0143581081081081,32002200,-0.679198664440736,24.02,0.0141548709408826,23.68,24.02,8016,-0.993358726438129,-1.13833131158561
"2011-12-23",2011-12-23,0.015820149875104,24832700,-0.674123539232054,24.4,0.0295081967213114,0,24.4,0,2.08466730954676,-1.06117735652241
"2011-12-27",2011-12-27,0.00655733606557388,24136000,-0.671986657762939,24.559999,0.0358305796347956,0,24.559999,0,1.21425853206808,-1.02922849733623
"2011-12-28",2011-12-28,-0.0134364419151646,23703400,-0.676393989983306,24.23,0.0226991333058193,23.68,24.559999,8020,-1.00655866030888,-1.09546876845521
"2011-12-29",2011-12-29,0.0132067271976888,22319300,-0.672120213689483,24.549999,0.0354378425840262,23.68,24.559999,0,1.561198046929,-1.03121619502037
"2011-12-30",2011-12-30,-0.0122199190313613,21710100,-0.676126878130218,24.25,0.0235051546391752,23.68,24.559999,0,-1.0059612318736,-1.0914157705217
"2012-01-03",2012-01-03,0.0119588041237113,44845600,-0.672253742904842,24.540001,0.0350448640976013,23.68,24.559999,0,1.49094377959093,-1.0332047036736
"2012-01-04",2012-01-04,0.0232273829165696,47504000,-0.664641055091821,25.110001,0.0350458369157373,24.23,25.110001,8020,1.00002775922124,-1.00444951168591
"2012-01-05",2012-01-05,0.0115491433074813,49490600,-0.66076794657763,25.4,0.0460629921259842,0,25.4,0,1.31436416361624,-0.948212123012298
"2012-01-06",2012-01-06,-0.00590551181102357,36343500,-0.662771285475794,25.25,0.0403960396039604,24.23,25.4,8026,-1.00303183425973,-0.977181197557906
"2012-01-09",2012-01-09,0.00871283168316837,47478600,-0.659833068447413,25.469999,0.0086375739551463,25.25,25.469999,8026,-0.995566770780856,-1.08602920410312
"2012-01-10",2012-01-10,0.00471146465298245,41060900,-0.65823038397329,25.59,0.0132864400156311,0,25.59,0,1.53821432784549,-1.06241841495031
"2012-01-11",2012-01-11,0.00820629152012504,57170000,-0.655425722871453,25.799999,0.0213177915239454,0,25.799999,0,1.60447730911107,-1.02149307849511
"2012-01-12",2012-01-12,-0.00193794581154827,44420500,-0.656093489148582,25.75,0.0194174757281553,25.25,25.799999,8030,-1.00101882830323,-1.03119218338359
"2012-01-13",2012-01-13,-0.023689359223301,63313400,-0.664240414023373,25.139999,0,25.139999,25.75,8031,-1.01241732315522,-1.13529711657689
"2012-01-17",2012-01-17,-0.00397764534517282,60438600,-0.66557594657763,25.040001,0,25.040001,25.139999,8032,-1.00201061622578,-1.14034114163447
"2012-01-18",2012-01-18,0.013977555352334,62687000,-0.660901515859767,25.389999,0.013784876478333,25.040001,25.389999,8032,-0.992976863509118,-1.07062422777387
"2012-01-19",2012-01-19,0.00945254074251842,64946300,-0.657696173622705,25.629999,0.0230198214209841,0,25.629999,0,1.66993309350044,-1.02363988429386
"2012-01-20",2012-01-20,0.0292625840523833,101272500,-0.647679479131887,26.379999,0.0507959837299463,0,26.379999,0,2.20661936515469,-0.880904227204892
"2012-01-23",2012-01-23,0.0125094773506245,69663500,-0.643272133555928,26.709999,0.0625233269383499,0,26.709999,0,1.23087146556215,-0.81996690728322
"2012-01-24",2012-01-24,0.00711347836441322,56220400,-0.640734557595994,26.9,0.0691449442379182,0,26.9,0,1.10590634925901,-0.785374564205642
"2012-01-25",2012-01-25,0,54757900,-0.640734557595994,26.9,0.0691449442379182,0,26.9,0,-1,-0.785374564205642
"2012-01-26",2012-01-26,-0.00557620817843861,61678200,-0.642737896494158,26.75,0.0639251962616822,25.040001,26.9,8039,-1.00312662845232,-0.812654641408859
"2012-01-27",2012-01-27,-0.000747663551401853,50587400,-0.643005008347246,26.73,0.0632248035914703,25.040001,26.9,0,-1.00041558441558,-0.816308702137886
"2012-01-30",2012-01-30,0.000374111485222522,60694100,-0.642871452420702,26.74,0.0635751308900523,25.040001,26.9,0,1.00554097883555,-0.814481177151918
"2012-01-31",2012-01-31,-0.0119670905011218,45325300,-0.647145242070118,26.42,0.0522331188493566,25.040001,26.9,0,-1.00664796925314,-0.873458769849331
"2012-02-01",2012-02-01,0.00492047691143066,46330600,-0.645409028380636,26.549999,0.0568737497880885,25.040001,26.9,0,1.08884460742457,-0.849374771304724
"2012-02-02",2012-02-02,-0.00225984942598308,34780300,-0.646210350584308,26.49,0.0547375990939977,25.040001,26.9,0,-1.00124157265925,-0.86046898750713
"2012-02-03",2012-02-03,0.00943752359380898,42191600,-0.642871452420702,26.74,0.0635751308900523,25.040001,26.9,0,1.16145267498632,-0.814481177151918
"2012-02-06",2012-02-06,-0.000747980553477825,36772600,-0.643138577629383,26.719999,0.0628741789997822,25.040001,26.9,0,-1.00041551885323,-0.818137400378535
"2012-02-07",2012-02-07,-0.00299401208809932,33101300,-0.644207025041737,26.639999,0.060059987239489,25.040001,26.9,0,-1.00166130201098,-0.83280131045242
"2012-02-08",2012-02-08,0.00788292071632592,37072100,-0.641402337228716,26.85,0.0674115083798883,25.040001,26.9,0,1.12240297539667,-0.794443449172458
"2012-02-09",2012-02-09,0.000372476722532553,35754200,-0.641268767946579,26.860001,0.0677587465465843,25.040001,26.9,0,1.00515102205901,-0.792627540745476
"2012-02-10",2012-02-10,-0.0059568128832162,33616000,-0.643405662771287,26.700001,0.0621722823156449,25.040001,26.9,0,-1.00333229206149,-0.821797040568741
"2012-02-13",2012-02-13,0,24723000,-0.643405662771287,26.700001,0.0621722823156449,25.040001,26.9,0,-1,-0.821797040568741
"2012-02-14",2012-02-14,0.0029962545694286,25409300,-0.642337215358933,26.780001,0.0649738586641576,25.040001,26.9,0,1.04506150078727,-0.807180776247055
"2012-02-15",2012-02-15,-0.00746829695786794,35832700,-0.64500834724541,26.58,0.0579382618510157,25.040001,26.9,0,-1.00415845730655,-0.843841045314954
"2012-02-16",2012-02-16,0.00940556809631302,42450700,-0.641669449081804,26.83,0.0667163250093179,25.040001,26.9,0,1.15150718847718,-0.798077835474352
"2012-02-17",2012-02-17,0.020126761088334,74254100,-0.634457415692823,27.370001,0.0347095712565008,26.42,27.370001,8039,-0.988760516182745,-0.891722269982671
"2012-02-21",2012-02-21,-0.00767267052712195,34911800,-0.637262103505844,27.16,0.0272459499263622,26.42,27.370001,8056,-1.00442060845007,-0.930503510059504
"2012-02-22",2012-02-22,-0.0158321060382916,51973800,-0.643005008347246,26.73,0.0115974560419004,26.42,27.370001,0,-1.0090118411401,-1.01129431582908
"2012-02-23",2012-02-23,-0.00261878039655818,33800100,-0.643939899833056,26.66,0.00900225056264059,26.42,27.370001,0,-1.00145394121923,-1.02462674826641
"2012-02-24",2012-02-24,0.00150041260315079,39309500,-0.643405662771287,26.700001,0.0104869284461824,26.42,27.370001,0,1.1649229682301,-1.0170017319081
"2012-02-27",2012-02-27,0.00711602969602882,46022400,-0.640868126878131,26.889999,0.0174785800475484,26.42,27.370001,0,1.66670156445201,-0.981011998563505
"2012-02-28",2012-02-28,0.013016028747342,32820500,-0.63619365609349,27.24,0.0301027900146842,26.42,27.370001,0,1.72226748012671,-0.915678526236758
"2012-02-29",2012-02-29,-0.0132158957415564,41856200,-0.641001682804676,26.879999,0.0171130586723608,26.42,27.370001,0,-1.0075574892411,-0.982896908375385
"2012-03-01",2012-03-01,-0.00074397324196333,39413000,-0.641268767946579,26.860001,0.016381272658925,26.42,27.370001,0,-1.00041666839428,-0.986669434264599
"2012-03-02",2012-03-02,0.0022337676011256,29632800,-0.640467445742906,26.92,0.0185735512630015,26.42,27.370001,0,1.13382834470325,-0.97536323477246
"2012-03-05",2012-03-05,-0.0141158618127787,32332200,-0.645542557595994,26.540001,0.00452151452443417,26.42,27.370001,0,-1.00792407465332,-1.04760244486796
"2012-03-06",2012-03-06,0.002637528159852,37196700,-0.644607666110185,26.610001,0.00714021017887212,26.42,27.370001,0,1.57916338436747,-1.03418129498841
"2012-03-07",2012-03-07,0.0112739191554333,32720900,-0.64060100166945,26.91,0.0182088442958007,26.42,27.370001,0,2.55018323545723,-0.977245068736971
"2012-03-08",2012-03-08,-0.0026012634708287,37261600,-0.64153589315526,26.84,0.0156482861400894,26.42,27.370001,0,-1.00145939747733,-0.990446645533536
"2012-03-09",2012-03-09,0.00856929955290613,29396700,-0.638464106844742,27.07,0.0240118212042851,26.42,27.370001,0,1.53446971695956,-0.94725784615035
"2012-03-12",2012-03-12,-0.00295530107129671,24006900,-0.639532554257096,26.99,0.0211189329381251,26.42,27.370001,0,-1.00167346511871,-0.962218976345354
"2012-03-13",2012-03-13,0.0185253797702853,33796800,-0.632854757929884,27.49,0.0345579847217169,26.540001,27.49,8056,1.63635089059499,-0.886241879698051
"2012-03-14",2012-03-14,-0.00109134230629315,46835700,-0.63325543906511,27.459999,0.0335032058813985,26.540001,27.49,8072,-1.00063313284795,-0.89173884535684
"2012-03-15",2012-03-15,0.0105608525331702,34191900,-0.629382303839734,27.75,0.0104504864864865,27.459999,27.75,8072,-0.993883771087551,-0.964176093581692
"2012-03-16",2012-03-16,-0.000720720720720705,54672100,-0.629649415692823,27.73,0.00973678326721961,27.459999,27.75,8074,-1.00042440318302,-0.967880425449937
"2012-03-19",2012-03-19,0.000360620266858926,26937200,-0.629515859766278,27.74,0.010093763518385,27.459999,27.75,0,1.03666305815466,-0.966027773663854
"2012-03-20",2012-03-20,0.000360490266762854,22684900,-0.629382303839734,27.75,0.000720720720720713,27.73,27.75,8074,-0.99978784342845,-1.00092336879446
"2012-03-21",2012-03-21,0.00108111711711707,22212900,-0.628981622704509,27.780001,0.00179989194384833,0,27.780001,0,2.49735007208958,-0.995334278245336
"2012-03-22",2012-03-22,0.00431961827503174,23395100,-0.62737896494157,27.9,0.00609318996415764,0,27.9,0,3.38530875977469,-0.973066495543758
"2012-03-23",2012-03-23,-0.000716881720430002,24899500,-0.627646090150251,27.879999,0.0053801651858022,27.73,27.9,8079,-1.00042577967004,-0.976768315524888
"2012-03-26",2012-03-26,0.0111191539138863,32799700,-0.623505829716195,28.190001,0.0109968779355487,27.879999,28.190001,8079,2.04396659875212,-0.939918283626857
"2012-03-27",2012-03-27,0,24365100,-0.623505829716195,28.190001,0.0109968779355487,0,28.190001,0,-1,-0.939918283626857
"2012-03-28",2012-03-28,-0.0138347636099764,35152000,-0.628714537562605,27.799999,0,0,28.190001,8082,-1.00835390400244,-1.00112336657028
"2012-03-29",2012-03-29,0.0129496767248085,39616000,-0.62390651085142,28.16,0.0127841264204546,27.799999,28.16,8082,-0.992352607703609,-0.934681510900115
"2012-03-30",2012-03-30,-0.00142041903409097,43024400,-0.624440721202004,28.120001,0.0113798715725507,27.799999,28.16,8084,-1.00085623461415,-0.942002685515629
"2012-04-02",2012-04-02,0.00924601674089567,28853500,-0.620968293823039,28.379999,0.00916131110504981,28.120001,28.379999,8084,-0.994439140079973,-0.937267094383736
"2012-04-03",2012-04-03,-0.00951367193494267,34152500,-0.624574277128549,28.110001,0,0,28.379999,8086,-1.00580703288941,-0.985486475273462
"2012-04-04",2012-04-04,-0.00640345050147813,30845100,-0.626978297161938,27.93,0,27.93,28.110001,8087,-1.00384905386184,-0.994565952406898
"2012-04-05",2012-04-05,0.00501253132832082,22033800,-0.625108514190318,28.07,0.00498753117206985,27.93,28.07,8087,-0.997017786771754,-0.968667321738399
"2012-04-09",2012-04-09,-0.0110438190238689,22965500,-0.62924874791319,27.76,0,0,28.07,8089,-1.00662322401453,-1.00314096650506
"2012-04-10",2012-04-10,-0.0111671109510087,36272100,-0.633388968280469,27.450001,0,27.450001,27.76,8090,-1.00657962432346,-1.01877770647811
"2012-04-11",2012-04-11,0.0145719120374532,26668200,-0.628046744574291,27.85,0.0143626211849193,27.450001,27.85,8090,-0.991565650850093,-0.944356659181594
"2012-04-12",2012-04-12,0.02262118491921,37053200,-0.619632721202004,28.48,0.0361656952247191,0,28.48,0,2.51804282512812,-0.830233049069624
"2012-04-13",2012-04-13,-0.0136938202247191,34480900,-0.62484140233723,28.09,0.0227838732645069,27.450001,28.48,8093,-1.00840607824119,-0.900445462198373
"2012-04-16",2012-04-16,0.0113919544321823,37480000,-0.620567612687814,28.41,0.0337908834917282,27.450001,28.48,0,1.48310531310619,-0.842733100764783
"2012-04-17",2012-04-17,0.00211189721928903,61288000,-0.619766290484141,28.469999,0.0358271175211492,27.450001,28.48,0,1.06025986357887,-0.832016248752159
"2012-04-18",2012-04-18,-0.0182647705748076,72249100,-0.626711171953256,27.950001,0.0178890870164906,27.450001,28.48,0,-1.01120564570185,-0.925993764389035
"2012-04-19",2012-04-19,-0.00930232524857518,43035900,-0.630183626043407,27.690001,0.00866738863606387,27.450001,28.48,0,-1.00554075664445,-0.973936903582628
"2012-04-20",2012-04-20,-0.00325030685264321,38058500,-0.631385642737897,27.6,0.00543474637681163,27.450001,28.48,0,-1.00190740705537,-0.990685676057845
"2012-04-23",2012-04-23,-0.00543474637681163,37791200,-0.633388968280468,27.450001,0,27.450001,28.469999,8099,-1.00317290322581,-1.01877770647811
"2012-04-24",2012-04-24,-0.0051002548233058,35010600,-0.635258777963273,27.309999,0,27.309999,27.450001,8100,-1.00295207175439,-1.02583958367676
"2012-04-25",2012-04-25,0.0201392171416776,40854600,-0.627913175292155,27.860001,0.0197416360466032,27.309999,27.860001,8100,-0.988436834049473,-0.923536790384825
"2012-04-26",2012-04-26,0.0129216793639024,46644900,-0.623105188647747,28.219999,0.0322466347358836,0,28.219999,0,1.63343274385975,-0.858149292666209
"2012-04-27",2012-04-27,0.00566973797553998,33310200,-0.620968293823039,28.379999,0.0377026087985416,0,28.379999,0,1.16919514570575,-0.829472626713959
"2012-04-30",2012-04-30,0.000704756895868708,28810500,-0.620701168614358,28.4,0.0383803169014083,0,28.4,0,1.01797509839406,-0.825904190374843
"2012-05-01",2012-05-01,0.0193662323943663,43316200,-0.613355579298832,28.950001,0.0566494626373242,0,28.950001,0,1.4760029934835,-0.729162733170458
"2012-05-02",2012-05-02,0.00794469748032131,40434700,-0.610283806343908,29.18,0.0640850239890335,0,29.18,0,1.13125563783919,-0.689478745414348
"2012-05-03",2012-05-03,-0.0212474640164496,41219000,-0.618564287145243,28.559999,0.0437675085352769,27.309999,29.18,8107,-1.01356824597877,-0.79748735160477
"2012-05-04",2012-05-04,-0.0231092094926195,34573600,-0.62737896494157,27.9,0.0211469892473117,27.309999,29.18,0,-1.01425022100291,-0.916211467522194
"2012-05-07",2012-05-07,-0.0050179211469533,37385900,-0.62924874791319,27.76,0.0162104106628242,27.309999,29.18,0,-1.00298030867483,-0.941917661003224
"2012-05-08",2012-05-08,-0.0140489553314122,53087400,-0.634457415692822,27.370001,0.00219225421292446,27.309999,29.18,0,-1.00827759736814,-1.01453332498109
"2012-05-09",2012-05-09,-0.00657654342065971,40599300,-0.636861422370619,27.190001,0,27.190001,28.559999,8111,-1.00378907491399,-1.03189243392236
"2012-05-10",2012-05-10,0.00183887451861439,36239000,-0.63619365609349,27.24,0.00183549926578563,27.190001,27.24,8111,-0.998951473187616,-1.02243812741071
"2012-05-11",2012-05-11,0.0143171439060207,34937400,-0.630984988313858,27.629999,0.0159246476990463,0,27.629999,0,8.67592158487203,-0.949554341669872
"2012-05-14",2012-05-14,-0.0220774166513724,39447300,-0.639131886477464,27.02,0,0,27.629999,8114,-1.01291139775825,-1.04046749846179
"2012-05-15",2012-05-15,-0.0051813841598815,35712100,-0.641001682804676,26.879999,0,26.879999,27.02,8115,-1.00292552502351,-1.04752932521919
"2012-05-16",2012-05-16,-0.014136868085449,44629300,-0.646076794657764,26.5,0,26.5,26.879999,8116,-1.00791747040489,-1.0666969533503
"2012-05-17",2012-05-17,-0.0116980754716982,31503200,-0.650217015025043,26.190001,0,26.190001,26.5,8117,-1.00640824806202,-1.08233369332334
"2012-05-18",2012-05-18,-0.00458193949668037,43444900,-0.651819699499166,26.07,0,26.07,26.190001,8118,-1.00246484548557,-1.08838669489272
"2012-05-21",2012-05-21,0.00306866129650933,41389400,-0.650751252086812,26.15,0.00305927342256207,26.07,26.15,8118,-0.998360823686098,-1.07279716301973
"2012-05-22",2012-05-22,-0.00458887189292543,46037700,-0.652353909849751,26.030001,0,0,26.15,8120,-1.00246278091329,-1.0904042948275
"2012-05-23",2012-05-23,-0.0226661535664175,61969600,-0.660233709515861,25.440001,0,25.440001,26.030001,8121,-1.01207902573608,-1.12016463787408
"2012-05-24",2012-05-24,0.00825467734847966,37129200,-0.657429048414024,25.65,0.00818709551656915,25.440001,25.65,8121,-0.995752017715222,-1.07865108911533
"2012-05-25",2012-05-25,0.00350877192982456,19122200,-0.656227045075126,25.74,0.0116549728049727,0,25.74,0,1.42357845726671,-1.06101393394084
"2012-05-29",2012-05-29,0.0135975135975137,35052800,-0.651552587646078,26.09,0.0249137217324645,0,26.09,0,2.13760444999364,-0.993283992100939
"2012-05-30",2012-05-30,0.00153311613645081,33089800,-0.651018377295493,26.129999,0.0264063538617052,0,26.129999,0,1.05991204948298,-0.985629035115116
"2012-05-31",2012-05-31,-0.0110983165364837,42240200,-0.654891485809684,25.84,0.0154798374613003,25.440001,26.129999,8126,-1.00594930749924,-1.04152410010177
"2012-06-01",2012-06-01,-0.0270898219814242,40246400,-0.664240414023373,25.139999,0,25.139999,25.84,8127,-1.01427553788111,-1.13529711657689
"2012-06-04",2012-06-04,-0.00397764534517282,39903700,-0.66557594657763,25.040001,0,25.040001,25.139999,8128,-1.00201061622578,-1.14034114163447
"2012-06-05",2012-06-05,0.0155750393140959,29491300,-0.660367278797998,25.43,0.0153361777428234,25.040001,25.43,8128,-0.992174194685948,-1.06274758894342
"2012-06-06",2012-06-06,0.0251671254423909,33553600,-0.651819699499166,26.07,0.0395089758342922,0,26.07,0,2.57619444015512,-0.939169617800716
"2012-06-07",2012-06-07,-0.00498653624856162,29534200,-0.653555913188649,25.940001,0.0346954497033365,25.040001,26.07,8131,-1.00266364102039,-0.963906605056929
"2012-06-08",2012-06-08,0.0181186962945761,26750500,-0.647278797996662,26.41,0.0177962514199167,25.940001,26.41,8131,-0.990395442738233,-1.00402397479539
"2012-06-11",2012-06-11,-0.0159030670200682,28041300,-0.65288814691152,25.99,0.00192377837629853,25.940001,26.41,8133,-1.00866604766326,-1.08515629006215
"2012-06-12",2012-06-12,0.0203924586379377,29132000,-0.645809682804676,26.52,0.0199849170437406,25.99,26.52,8133,10.3883676466895,-0.990209307357089
"2012-06-13",2012-06-13,0.000754185520362014,30496500,-0.645542557595994,26.540001,0.020723473220668,0,26.540001,0,1.03695567889078,-0.986411060663078
"2012-06-14",2012-06-14,0.0165787107543817,38301200,-0.63966611018364,26.98,0.0366938472942921,0,26.98,0,1.77064176953198,-0.903900219087201
"2012-06-15",2012-06-15,0.0133432171979244,51838900,-0.634858096828048,27.34,0.0493782004389174,0,27.34,0,1.34568065438585,-0.837835236498634
"2012-06-18",2012-06-18,0.00292611558156554,30432300,-0.633789649415694,27.42,0.0521517140773159,0,27.42,0,1.05616878731394,-0.82332495912017
"2012-06-19",2012-06-19,0.00328227571115973,30060200,-0.632587646076796,27.51,0.0552526354053072,0,27.51,0,1.05945962434512,-0.807073719289675
"2012-06-20",2012-06-20,0.00472551799345685,28164900,-0.630851432387313,27.639999,0.0596960585997127,0,27.639999,0,1.08042011320927,-0.783734532843253
"2012-06-21",2012-06-21,-0.0336468897846197,47571100,-0.643272133555927,26.709999,0.0269561597512602,25.99,27.639999,8141,-1.01968878967527,-0.954296603663092
"2012-06-22",2012-06-22,0.00861108231415504,100360700,-0.640200320534225,26.940001,0.035263584437135,25.99,27.639999,0,1.30818279615984,-0.911319620473716
"2012-06-25",2012-06-25,-0.0330364501471251,41787800,-0.652086824707847,26.049999,0.00230322465655375,25.99,27.639999,0,-1.01856685133132,-1.08069677628905
"2012-06-26",2012-06-26,-0.00153547030846328,34935400,-0.652621035058432,26.01,0.000768935024990536,25.99,27.639999,0,-1.00081923193407,-1.08850906488381
"2012-06-27",2012-06-27,0.00807377931564782,23642100,-0.649816373956595,26.219999,0.00877189202028583,25.99,27.639999,0,11.4078455723795,-1.04769096852149
"2012-06-28",2012-06-28,-0.0148741043048859,40166600,-0.655025041736228,25.83,0,25.83,26.940001,8146,-1.0080155994653,-1.10049259714896
"2012-06-29",2012-06-29,0.0317460317460318,35082300,-0.6440734557596,26.65,0.0307692307692308,25.83,26.65,8146,-0.9832806606178,-0.942921862974047
"2012-07-02",2012-07-02,0.000750469043152087,21739700,-0.643806343906512,26.67,0.0314960629921262,0,26.67,0,1.0236220472441,-0.93916794562541
"2012-07-03",2012-07-03,0.00712414698162725,12515500,-0.641268767946578,26.860001,0.0383470201657848,0,26.860001,0,1.21751789026366,-0.903709434165842
"2012-07-05",2012-07-05,-0.0115413994213925,20324500,-0.645409028380635,26.549999,0.0271186074244297,25.83,26.860001,8150,-1.00645635752278,-0.961753674533794
"2012-07-06",2012-07-06,-0.0146892284252063,32515300,-0.650617696160268,26.16,0.0126146788990826,25.83,26.860001,0,-1.00807033609787,-1.03620399728731
"2012-07-09",2012-07-09,0.000382262996941956,27910200,-0.650484140233724,26.17,0.0129919755445167,25.83,26.860001,0,1.02990933407441,-1.03427461476078
"2012-07-10",2012-07-10,-0.0233091708062667,47231600,-0.658631065108515,25.559999,0,25.559999,26.549999,8153,-1.01252440201211,-1.11411178762848
"2012-07-11",2012-07-11,-0.00665101747460951,34809100,-0.660901515859767,25.389999,0,25.389999,25.559999,8154,-1.00344722694014,-1.12268680172665
"2012-07-12",2012-07-12,-0.0256005917920675,53147600,-0.66958263772955,24.74,0,24.74,25.389999,8155,-1.01313527304971,-1.15547356989603
"2012-07-13",2012-07-13,0.0206143896523849,35972100,-0.662771285475794,25.25,0.0201980198019802,24.74,25.25,8155,-0.989827465842226,-1.05346486257972
"2012-07-16",2012-07-16,-0.00475251485148509,36984500,-0.664373969949917,25.129999,0.0155192604663456,24.74,25.25,8157,-1.00241815617128,-1.07718855233419
"2012-07-17",2012-07-17,0.00994826939706603,63631500,-0.661035071786311,25.379999,0.00985027619583434,25.129999,25.379999,8157,-0.994974369384373,-1.08598879660535
"2012-07-18",2012-07-18,0.03270291697017,67503500,-0.649949929883139,26.209999,0.0412056482718675,0,26.209999,0,4.1831972477374,-0.925699917621989
"2012-07-19",2012-07-19,-0.00572300670442599,36555800,-0.651953268781303,26.059999,0.035686877808399,25.129999,26.209999,8160,-1.00308229727561,-0.954109339754742
"2012-07-20",2012-07-20,-0.020721374548019,48844000,-0.659165275459099,25.52,0.0152821708463949,25.129999,26.209999,0,-1.01106215280012,-1.05841184826576
"2012-07-23",2012-07-23,-0.0101880877742946,36378200,-0.66263772954925,25.26,0.00514651623119555,25.129999,26.209999,0,-1.00526795664066,-1.10980680758536
"2012-07-24",2012-07-24,-0.00989707046714173,33637600,-0.665976627712856,25.01,0,25.01,26.059999,8163,-1.00503879875038,-1.14185442985776
"2012-07-25",2012-07-25,0.00479804078368652,34407600,-0.664373969949917,25.129999,0.00477512951751413,25.01,25.129999,8163,-0.997593522510779,-1.11776687111427
"2012-07-26",2012-07-26,0.0147234785007353,37808200,-0.659432387312188,25.5,0.0192156862745098,0,25.5,0,4.02411834150903,-1.04456461448274
"2012-07-27",2012-07-27,0.0203921568627451,33344000,-0.652487479131887,26.02,0.038816295157571,0,26.02,0,2.02003168677156,-0.944307789737293
"2012-07-30",2012-07-30,-0.00999231360491922,25878100,-0.655959933222038,25.76,0.0291149068322981,25.01,26.02,8167,-1.00532187084229,-0.99406261678077
"2012-07-31",2012-07-31,-0.00232915372670812,26616900,-0.65676125542571,25.700001,0.0268482868930627,25.01,26.02,0,-1.0012216023618,-1.00564958783191
"2012-08-01",2012-08-01,0.0089493770836818,29207700,-0.653689482470786,25.93,0.0354801388353259,25.01,26.02,0,1.32150475658443,-0.961447462576519
"2012-08-02",2012-08-02,-0.000771307365985329,34309900,-0.653956594323874,25.91,0.0347356233114627,25.01,26.02,0,-1.00040862192257,-0.965268166026999
"2012-08-03",2012-08-03,0.0123504438440757,30692600,-0.649682804674458,26.23,0.0202058330156309,25.700001,26.23,8167,-0.993464719697743,-1.00400291950506
"2012-08-06",2012-08-06,0.00304990468928711,24613200,-0.648614370617697,26.309999,0.02318502558666,0,26.309999,0,1.14744220486849,-0.988715886576343
"2012-08-07",2012-08-07,0.0072216270323689,27077800,-0.646076794657764,26.5,0.0301886415094339,0,26.5,0,1.30207497061394,-0.952680815186925
"2012-08-08",2012-08-08,0.00377358490566043,27034400,-0.644741235392322,26.6,0.0338345488721805,0,26.6,0,1.12077083235452,-0.933866865338988
"2012-08-09",2012-08-09,0.00375943609022552,26465300,-0.643405662771287,26.700001,0.0374531821178583,0,26.700001,0,1.10695083476207,-0.91515587364324
"2012-08-10",2012-08-10,0.00674149787485031,24930300,-0.641001682804675,26.879999,0.0438987367521851,0,26.879999,0,1.17209631518208,-0.881733046073248
"2012-08-13",2012-08-13,-0.00706837823915108,23619700,-0.643539218697831,26.690001,0.0370925426342247,25.700001,26.879999,8177,-1.00395870394919,-0.917022345579347
"2012-08-14",2012-08-14,-0.0078681525714442,27470400,-0.646343906510852,26.48,0.0294561555891238,25.700001,26.879999,0,-1.00435822360399,-0.95645608535945
"2012-08-15",2012-08-15,-0.0079305135951662,26081000,-0.649148580968281,26.27,0.021697716025885,25.700001,26.879999,0,-1.0043392912491,-0.996350741342548
"2012-08-16",2012-08-16,0.0121811952797868,25699700,-0.644874791318866,26.59,0.0334711921775104,25.700001,26.879999,0,1.54261361599441,-0.935743599608657
"2012-08-17",2012-08-17,-0.00977811207220766,30376900,-0.648347245409016,26.33,0.0239270413976452,25.700001,26.879999,0,-1.00538469503987,-0.984904573573449
"2012-08-20",2012-08-20,-0.00379794910748188,25600800,-0.649682804674458,26.23,0.0202058330156309,25.700001,26.879999,0,-1.0020599443815,-1.00400291950506
"2012-08-21",2012-08-21,-0.0045748760960732,31661300,-0.651285462437397,26.110001,0.0157027952622445,25.700001,26.879999,0,-1.00246683112345,-1.02706284498581
"2012-08-22",2012-08-22,-0.0145538485425565,33619400,-0.65636060100167,25.73,0.00116591527399923,25.700001,26.879999,0,-1.00779249477684,-1.10113330676025
"2012-08-23",2012-08-23,-0.0268169063350175,51397600,-0.66557594657763,25.040001,0,25.040001,26.690001,8185,-1.01404006511344,-1.14034114163447
"2012-08-24",2012-08-24,-0.00519173301949948,45187500,-0.667312186978298,24.91,0,24.91,25.040001,8186,-1.00260862852631,-1.14689855579786
"2012-08-27",2012-08-27,-0.0028101164191088,34424700,-0.668247078464108,24.84,0,24.84,24.91,8187,-1.00140098068648,-1.15042944395593
"2012-08-28",2012-08-28,0.00644122383252819,33119500,-0.6661101836394,25,0.00639999999999996,24.84,25,8187,-0.996802238433097,-1.11818739094682
"2012-08-29",2012-08-29,-0.0131999999999999,60462600,-0.67051752921536,24.67,0,0,25,8189,-1.00661654135338,-1.15900445805409
"2012-08-30",2012-08-30,-0.016214025131739,37182200,-0.67585976627713,24.27,0,24.27,24.67,8190,-1.00796733393088,-1.17918096181449
"2012-08-31",2012-08-31,0.0230737536052739,43447800,-0.668380634390652,24.83,0.022553362867499,24.27,24.83,8190,-0.988933899812272,-1.06575455704599
"2012-09-04",2012-09-04,-0.0165122835279902,40688000,-0.673856427378966,24.42,0.00614250614250622,24.27,24.83,8192,-1.00819262663603,-1.14841582144458
"2012-09-05",2012-09-05,-0.00122854217854227,38595800,-0.674257108514191,24.389999,0.0049200084018044,24.27,24.83,0,-1.00059460905758,-1.15454622605135
"2012-09-06",2012-09-06,0.0291103332968567,40187600,-0.664774624373958,25.1,0.0282868924302789,24.389999,25.1,8192,5.7493585620514,-1.03048108391726
"2012-09-07",2012-09-07,-0.0362549402390439,86282100,-0.676928200333891,24.190001,0,0,25.1,8195,-1.01828225012556,-1.18321621212531
"2012-09-10",2012-09-10,-0.0384456784437503,80584600,-0.689348914858098,23.26,0,23.26,24.190001,8196,-1.01834864394493,-1.23012663380948
"2012-09-11",2012-09-11,0.00343938091143587,54237700,-0.688280467445744,23.34,0.00342759211653809,23.26,23.34,8196,-0.998450062966192,-1.21314603983495
"2012-09-12",2012-09-12,-0.00642669237360759,44862700,-0.690283792988315,23.190001,0,0,23.34,8198,-1.00291062384787,-1.23365747152629
"2012-09-13",2012-09-13,0.00733074569509513,52998300,-0.688013342237063,23.360001,0.00727739694874163,23.190001,23.360001,8198,-0.996710844475396,-1.19759726251737
"2012-09-14",2012-09-14,0.000428082173455301,47983700,-0.687879786310518,23.370001,0.00770218195540517,0,23.370001,0,1.05837045988497,-1.19548852645639
"2012-09-17",2012-09-17,-0.00256747956493443,36169000,-0.688681148580969,23.309999,0.00514791956876548,23.190001,23.370001,8201,-1.00116497429696,-1.20816201374822
"2012-09-18",2012-09-18,0.00257408848451676,41948200,-0.687879786310518,23.370001,0.00256747956493442,23.309999,23.370001,8201,-0.998836381288929,-1.21488121549133
"2012-09-19",2012-09-19,-0.00941382073539491,39459800,-0.690818030050084,23.15,0,0,23.370001,8203,-1.00427144945678,-1.23567517234358
"2012-09-20",2012-09-20,0.00129589632829379,33083000,-0.690417362270452,23.18,0.0012942191544435,23.15,23.18,8203,-0.999420009666505,-1.22927394151024
"2012-09-21",2012-09-21,-0.00215707506471088,56246600,-0.691085155258766,23.129999,0,0,23.18,8205,-1.00096723087339,-1.23668404797286
"2012-09-24",2012-09-24,-0.0142671860902373,48846500,-0.695492500834725,22.799999,0,22.799999,23.129999,8206,-1.00637742764755,-1.25332966357519
"2012-09-25",2012-09-25,-0.0114034215527816,49535100,-0.69896492821369,22.540001,0,22.540001,22.799999,8207,-1.00499276034579,-1.26644429013692
"2012-09-26",2012-09-26,0.00488016837266327,49734700,-0.697495826377296,22.65,0.0048564679911699,22.540001,22.65,8207,-0.997898175177189,-1.24255394571065
"2012-09-27",2012-09-27,0.0194260485651215,43872200,-0.69161936560935,23.09,0.0238197921177999,0,23.09,0,4.9047563293137,-1.14873931196493
"2012-09-28",2012-09-28,-0.0186227804244261,47920800,-0.697362270450752,22.66,0.00529563106796116,22.540001,23.09,8210,-1.00830356280776,-1.24039090670829
"2012-10-01",2012-10-01,0.00441306266548991,55261300,-0.69602671118531,22.76,0.00966603690685419,22.540001,23.09,0,1.82528517995413,-1.21884067876948
"2012-10-02",2012-10-02,0.00351493848857637,36381100,-0.694958263772956,22.84,0.0131348073555166,22.540001,23.09,0,1.35886170124208,-1.2017045629109
"2012-10-03",2012-10-03,-0.0126970665499124,49772700,-0.698831398998331,22.549999,0.000443370307909974,22.540001,23.09,0,-1.00557319112136,-1.26426546219162
"2012-10-04",2012-10-04,-0.00354767199767939,52980100,-0.699899846410685,22.469999,0,22.469999,22.84,8214,-1.00152890584751,-1.26997527917751
"2012-10-05",2012-10-05,0.00934583931223131,38344600,-0.697095158597664,22.68,0.00925930335096992,22.469999,22.68,8214,-0.995992729777832,-1.22441212646242
"2012-10-08",2012-10-08,-0.00749559082892408,29698200,-0.699365609348916,22.51,0.00177703243003113,22.469999,22.68,8216,-1.00325701695565,-1.2612461012969
"2012-10-09",2012-10-09,-0.0270990670812973,66317400,-0.707512520868114,21.9,0,21.9,22.51,8217,-1.01164900219612,-1.29872674659481
"2012-10-10",2012-10-10,-0.0063926940639268,47188900,-0.709382303839734,21.76,0,21.76,21.9,8218,-1.00264275601699,-1.30578852291095
"2012-10-11",2012-10-11,-0.00367647058823538,36817700,-0.710450751252088,21.68,0,21.68,21.76,8219,-1.00150616586652,-1.30982382366303
"2012-10-12",2012-10-12,-0.00922509225092248,46274000,-0.713121869782972,21.48,0,21.48,21.68,8220,-1.00375975185638,-1.31991207554322
"2012-10-15",2012-10-15,0.0116387337057728,49513800,-0.709782971619366,21.73,0.0115048320294524,21.48,21.73,8220,-0.995317913662328,-1.2638504342129
"2012-10-16",2012-10-16,0.0285319834330419,80707000,-0.701502504173623,22.35,0.0389261744966444,0,22.35,0,3.38346308724832,-1.12901222062705
"2012-10-17",2012-10-17,-0.0250558836689039,99053800,-0.708981622704508,21.790001,0.0142267547394789,21.48,22.35,8223,-1.01066157068063,-1.25054377964732
"2012-10-18",2012-10-18,-0.0055071589946232,42921800,-0.710584307178632,21.67,0.00876788186432864,21.48,22.35,0,-1.00226054445249,-1.27721379386879
"2012-10-19",2012-10-19,-0.0184586986617444,55622300,-0.715926544240401,21.27,0,21.27,21.790001,8225,-1.00751809040504,-1.33050474001743
"2012-10-22",2012-10-22,0.00893272214386461,36500300,-0.713388994991654,21.459999,0.00885363508171644,21.27,21.459999,8225,-0.996455573174144,-1.28748263695059
"2012-10-23",2012-10-23,0.00605782880045801,47194400,-0.711652754590986,21.59,0.0148216767021769,0,21.59,0,1.67407811202712,-1.25838518706713
"2012-10-24",2012-10-24,-0.00602135247799907,33237800,-0.713388994991654,21.459999,0.00885363508171644,21.27,21.59,8228,-1.00243972975509,-1.28748263695059
"2012-10-25",2012-10-25,0.0107177078619621,79226400,-0.710317181969951,21.690001,0.0106040566803108,21.459999,21.690001,8228,1.19770654453663,-1.2692700728459
"2012-10-26",2012-10-26,0.01198709027261,92415400,-0.7068447278798,21.950001,0.0223235525137334,0,21.950001,0,2.10518985202926,-1.21189327896414
"2012-10-31",2012-10-31,-0.014578678151313,40612800,-0.711118544240401,21.629999,0.00785945482475525,21.459999,21.950001,8231,-1.0060463298261,-1.28266243220685
"2012-11-01",2012-11-01,0.0291262611708859,50359300,-0.702704507512522,22.26,0.0283019317160826,21.629999,22.26,8231,3.60100443951136,-1.17367746040238
"2012-11-02",2012-11-02,-0.00898477088948788,51737600,-0.705375639398999,22.059999,0.0194922946279372,21.629999,22.26,8233,-1.00380121638316,-1.21703790579451
"2012-11-05",2012-11-05,-0.00997275657174787,48797400,-0.70831385642738,21.84,0.00961543040293034,21.629999,22.26,0,-1.00416546427785,-1.2654377675208
"2012-11-06",2012-11-06,-0.00503663003663001,49860500,-0.709782971619366,21.73,0.00460197883110902,21.629999,22.26,0,-1.00207410200811,-1.28992105629564
"2012-11-07",2012-11-07,-0.0377358490566038,70960100,-0.720734557595994,20.91,0,20.91,22.059999,8236,-1.01542948537021,-1.34866359340178
"2012-11-08",2012-11-08,-0.00382592061214739,38090000,-0.721803005008348,20.83,0,20.83,20.91,8237,-1.00148244232373,-1.35269889415386
"2012-11-09",2012-11-09,-0.00144027844455106,35017900,-0.722203686143573,20.799999,0,20.799999,20.83,8238,-1.00055511148117,-1.35421218237715
"2012-11-12",2012-11-12,-0.00144225968472403,27267000,-0.722604340567613,20.77,0,20.77,20.799999,8239,-1.00055476651771,-1.35572536971792
"2012-11-13",2012-11-13,-0.0235916706788638,56379200,-0.729148567612689,20.280001,0,20.280001,20.77,8240,-1.00905644579983,-1.38044153638314
"2012-11-14",2012-11-14,-0.0157791905434324,58961300,-0.73342238397329,19.959999,0,19.959999,20.280001,8241,-1.00586137935454,-1.39658284027397
"2012-11-15",2012-11-15,0.00350711440416399,45733800,-0.732487465776295,20.030001,0.00349485753894863,19.959999,20.030001,8241,-0.99872526634389,-1.37985251068348
"2012-11-16",2012-11-16,0.00798801757423777,50855500,-0.730350570951587,20.190001,0.0113918766026807,0,20.190001,0,3.25961115030393,-1.34195653209609
"2012-11-19",2012-11-19,0.00297171852542262,69433800,-0.729549248747914,20.25,0.014321037037037,0,20.25,0,1.25712712106336,-1.32786728519372
"2012-11-20",2012-11-20,-0.0365432098765431,85743300,-0.739432387312188,19.51,0,0,20.25,8245,-1.01354691075515,-1.41928135656315
"2012-11-21",2012-11-21,-0.00768831368528965,95636000,-0.741435712854759,19.360001,0,19.360001,19.51,8246,-1.00270927481261,-1.42684749503204
"2012-11-23",2012-11-23,0.0185949370560467,51711900,-0.736627726210351,19.719999,0.0182554775991622,19.360001,19.719999,8246,-0.993515302053775,-1.33974165011023
"2012-11-26",2012-11-26,0.00862069009232699,67047900,-0.734357275459099,19.889999,0.0266464568449701,0,19.889999,0,1.45964172672168,-1.29947567539971
"2012-11-27",2012-11-27,0.00201111121222279,44893200,-0.73382303839733,19.93,0.0286000501756146,0,19.93,0,1.07331531325199,-1.29007966419927
"2012-11-28",2012-11-28,0.00802809834420472,43226300,-0.731686143572622,20.09,0.0363364360378298,0,20.09,0,1.27050252760785,-1.25279036336822
"2012-11-29",2012-11-29,-0.0278745146839224,64926300,-0.739165262103507,19.530001,0.00870455664595193,19.360001,20.09,8251,-1.01022175778041,-1.38539720455267
"2012-11-30",2012-11-30,0.00204807977224382,51427800,-0.738631051752922,19.57,0.0107306591722024,19.360001,20.09,0,1.23276343743397,-1.37572744228081
"2012-12-03",2012-12-03,-0.0015329075114972,50637000,-0.739031706176962,19.540001,0.00921187260942313,19.360001,20.09,0,-1.00054242835187,-1.38297676645729
"2012-12-04",2012-12-04,0.0220060377683707,57942400,-0.733288828046745,19.969999,0.0305457201074473,19.360001,20.09,0,3.31590778580688,-1.28071367888919
"2012-12-05",2012-12-05,-0.00600896374606729,45847000,-0.734891485809684,19.85,0.0246850881612091,19.360001,20.09,0,-1.00218557504443,-1.30890095158806
"2012-12-06",2012-12-06,0.015617128463476,46291200,-0.730751252086812,20.16,0.0312499503968254,19.530001,20.16,8251,1.2659444516764,-1.26847005974174
"2012-12-07",2012-12-07,0,41701200,-0.730751252086812,20.16,0.0312499503968254,0,20.16,0,-1,-1.26847005974174
"2012-12-10",2012-12-10,-0.00396825396825406,27273200,-0.731819699499166,20.08,0.0273903884462151,19.530001,20.16,8258,-1.00146212190441,-1.2870821127625
"2012-12-11",2012-12-11,0.0283864541832669,51036500,-0.724207011686144,20.65,0.0276029055690072,20.08,20.65,8258,1.0077588210627,-1.25752796250901
"2012-12-12",2012-12-12,0.000968523002421459,48354700,-0.723939899833056,20.67,0.0285437832607646,0,20.67,0,1.03408618304349,-1.25296564052436
"2012-12-13",2012-12-13,-0.00870827285921641,41607600,-0.726343906510852,20.49,0.0200097608589556,20.08,20.67,8261,-1.00332072687021,-1.29427627168958
"2012-12-14",2012-12-14,0.00195222059541241,34149500,-0.725809669449083,20.530001,0.0219191903595134,20.08,20.67,0,1.09542490357666,-1.28504705796996
"2012-12-17",2012-12-17,0.00194831943749061,34959900,-0.725275459098498,20.57,0.0238210986874089,20.08,20.67,0,1.08676909578779,-1.27584635101728
"2012-12-18",2012-12-18,0.0189596013612056,41601200,-0.720066791318866,20.959999,0.0224236174820429,20.49,20.959999,8261,-0.992818359267102,-1.26145230235225
"2012-12-19",2012-12-19,0.00667943734157629,52804600,-0.718196994991654,21.1,0.0289099526066352,0,21.1,0,1.28926354678439,-1.22989295451533
"2012-12-20",2012-12-20,-0.0033174881516589,34005500,-0.719131873121871,21.030001,0.0256776497537969,20.49,21.1,8266,-1.00130170153417,-1.2456315190535
"2012-12-21",2012-12-21,-0.0123633375005545,61993100,-0.722604340567613,20.77,0.013480982185845,20.49,21.1,0,-1.00482869356168,-1.30481054047663
"2012-12-24",2012-12-24,-0.00625907558979297,14193100,-0.724340580968281,20.639999,0.00726739376295515,20.49,21.1,0,-1.00240275390445,-1.33483536889558
"2012-12-26",2012-12-26,0.000484544597119362,22488700,-0.724207011686144,20.65,0.0077481840193705,20.49,21.1,0,1.06615717712533,-1.33251506236547
"2012-12-27",2012-12-27,-0.00677966101694901,31704300,-0.726076794657764,20.51,0.000975134080936302,20.49,21.1,0,-1.00258183494698,-1.36515722120152
"2012-12-28",2012-12-28,-0.0136518771331059,25906900,-0.729816360601003,20.23,0,20.23,21.030001,8271,-1.0051503724823,-1.38296364979445
"2012-12-31",2012-12-31,0.0192783489866534,41139500,-0.724607666110184,20.620001,0.0189137236220308,20.23,20.620001,8271,-0.992863006679477,-1.29185835923244
"2013-01-02",2013-01-02,0.0368573211999361,47623000,-0.714457442404008,21.379999,0.0537885432080704,0,21.379999,0,2.84388966884433,-1.12180825760024
"2013-01-03",2013-01-03,-0.00280631444370045,41054100,-0.71525876460768,21.32,0.0511257035647279,20.23,21.379999,8274,-1.00112158143524,-1.13489166698937
"2013-01-04",2013-01-04,-0.00750469043151971,30142500,-0.717395659432388,21.16,0.0439508506616257,20.23,21.379999,0,-1.00298758285874,-1.17006017615016
"2013-01-07",2013-01-07,0.00425330812854442,36352100,-0.71619365609349,21.25,0.0479999999999999,20.23,21.379999,0,1.09212903225806,-1.15022767891832
"2013-01-08",2013-01-08,-0.00752941176470589,48672000,-0.718330550918198,21.09,0.0407776197249882,20.23,21.379999,0,-1.00298368298368,-1.18557568894869
"2013-01-09",2013-01-09,0.0170697486960645,34290000,-0.713522524207013,21.450001,0.016783262620827,21.09,21.450001,8274,-0.993306665427164,-1.25803841623803
"2013-01-10",2013-01-10,0.0163169223162274,44621600,-0.708848093489149,21.799999,0.0325687629618698,0,21.799999,0,1.94055015986308,-1.18076556758413
"2013-01-11",2013-01-11,0.00917435821900727,44944700,-0.706176961602672,22,0.0413636363636364,0,22,0,1.27004014282223,-1.13746088152471
"2013-01-14",2013-01-14,0,35724500,-0.706176961602672,22,0.0413636363636364,0,22,0,-1,-1.13746088152471
"2013-01-15",2013-01-15,-0.00545459090909084,33990300,-0.707779646076796,21.879999,0.0361059888531075,21.09,22,8282,-1.00226952245863,-1.16337090994266
"2013-01-16",2013-01-16,0.0105119748862877,36763700,-0.704707833055093,22.110001,0.0104026227769053,21.879999,22.110001,8282,-0.995659930263988,-1.24884551730805
"2013-01-17",2013-01-17,0.0257801435648962,101020600,-0.697095158597664,22.68,0.0352734126984127,0,22.68,0,3.39081916694342,-1.12616231669114
"2013-01-18",2013-01-18,-0.0630511463844797,143760400,-0.71619365609349,21.25,0,0,22.68,8285,-1.02739726027397,-1.33151356520545
"2013-01-22",2013-01-22,-0.00376470588235286,51127400,-0.717262103505844,21.17,0,21.17,21.25,8286,-1.00149184149184,-1.33554886595752
"2013-01-23",2013-01-23,-0.00283415210203123,42432300,-0.718063425709517,21.110001,0,21.110001,21.17,8287,-1.00111719579183,-1.33857529108032
"2013-01-24",2013-01-24,-0.00757934592234269,58396800,-0.720200320534224,20.950001,0,20.950001,21.110001,8288,-1.00297591375385,-1.34664589258448
"2013-01-25",2013-01-25,0.000477231480800383,107632800,-0.720066791318866,20.959999,0.000477003839551737,20.950001,20.959999,8288,-0.999814594340558,-1.34434003787683
"2013-01-28",2013-01-28,0.00429389333463231,105398300,-0.718864787979967,21.049999,0.00475049903802838,0,21.049999,0,9.95903731612023,-1.32366023360159
"2013-01-29",2013-01-29,0.0109264613266727,105703100,-0.715792974958265,21.280001,0.0155075180682557,0,21.280001,0,3.26439768624642,-1.27143164870888
"2013-01-30",2013-01-30,0.00422932310952428,34151300,-0.714590971619366,21.370001,0.019653719248773,0,21.370001,0,1.26736716747761,-1.25123260711832
"2013-01-31",2013-01-31,-0.0154422079811788,36534100,-0.718998317195326,21.040001,0.00427756633661758,20.950001,21.370001,8293,-1.00616764799865,-1.32595071247827
"2013-02-01",2013-02-01,0.015209124752418,31867100,-0.714724527545911,21.360001,0.0191947556556762,20.950001,21.370001,0,4.48730753544647,-1.25347042849875
"2013-02-04",2013-02-04,-0.00936334225827051,38345600,-0.717395659432388,21.16,0.00992433837429108,20.950001,21.370001,0,-1.00373728868051,-1.29857114359327
"2013-02-05",2013-02-05,0.000945179584120963,30076500,-0.7171285475793,21.18,0.01085925401322,20.950001,21.370001,0,1.09420432916221,-1.29403133902594
"2013-02-06",2013-02-06,-0.00897072710103878,32361000,-0.71966611018364,20.99,0.00190562172463071,20.950001,21.370001,0,-1.00353850451625,-1.33743116091475
"2013-02-07",2013-02-07,-0.00857555979037624,41015200,-0.722070130217029,20.809999,0,20.809999,21.360001,8298,-1.00334046580681,-1.35370776978314
"2013-02-08",2013-02-08,0.00913027434552009,28150100,-0.719532554257096,21,0.00904766666666657,20.809999,21,8298,-0.996485693212139,-1.30995274942034
"2013-02-11",2013-02-11,0.00142861904761898,18897200,-0.719131873121871,21.030001,0.0104613404440635,0,21.030001,0,1.1562473319895,-1.30310031320421
"2013-02-12",2013-02-12,0.00760817843042424,28391400,-0.716994978297163,21.190001,0.0179330807959848,0,21.190001,0,1.71422399374845,-1.26681052270411
"2013-02-13",2013-02-13,0.002831476978222,21267200,-0.71619365609349,21.25,0.0207059294117646,0,21.25,0,1.15462198867697,-1.25331163260523
"2013-02-14",2013-02-14,-0.000941176470588215,35262200,-0.716460767946578,21.23,0.0197833725859632,20.809999,21.25,8303,-1.00037296037296,-1.25780476053941
"2013-02-15",2013-02-15,-0.00518130004710325,33809100,-0.717929869782972,21.120001,0.0146781243050129,20.809999,21.25,0,-1.00205049864852,-1.28263469570159
"2013-02-19",2013-02-19,-0.00142050182668072,31061600,-0.718330550918198,21.09,0.0132764817449027,20.809999,21.25,0,-1.00055810623306,-1.28944169254503
"2013-02-20",2013-02-20,-0.0170697012802276,46119800,-0.72313856427379,20.73,0,20.73,21.23,8306,-1.00669331598029,-1.35774302009396
"2013-02-21",2013-02-21,-0.0231548480463097,60754500,-0.729549248747914,20.25,0,20.25,20.73,8307,-1.00886508449534,-1.38195482460643
"2013-02-22",2013-02-22,0.00839506172839515,34534800,-0.727278797996662,20.42,0.00832517140058775,20.25,20.42,8307,-0.996887871853547,-1.34193739226143
"2013-02-25",2013-02-25,-0.00930460333006862,41525600,-0.729816360601002,20.23,0,0,20.42,8309,-1.00348911945643,-1.38296364979445
"2013-02-26",2013-02-26,0.0173010380622836,67247100,-0.725141903171954,20.58,0.0170068027210883,20.23,20.58,8309,-0.993595022417422,-1.30107809849988
"2013-02-27",2013-02-27,0.0170068027210885,46966600,-0.720467445742906,20.93,0.0334448160535117,0,20.93,0,1.9665551839465,-1.22134074488104
"2013-02-28",2013-02-28,-0.00238896321070225,34808000,-0.721135238731219,20.879999,0.0311302217974244,20.23,20.93,8312,-1.00092688849754,-1.23260459310713
"2013-03-01",2013-03-01,0.00718400417547899,45695700,-0.719131873121871,21.030001,0.007132762380753,20.879999,21.030001,8312,-0.997221928007743,-1.31567165121011
"2013-03-04",2013-03-04,0.0114122200945212,47545800,-0.715926544240401,21.27,0.0183357310766337,0,21.27,0,2.57063534404436,-1.26125454712264
"2013-03-05",2013-03-05,0.0112834978843442,38796400,-0.71272120200334,21.51,0.0292887494188749,0,21.51,0,1.59735923789804,-1.20778140241448
"2013-03-06",2013-03-06,0.01115760111576,37188900,-0.709515859766278,21.75,0.0400000459770115,0,21.75,0,1.36571368770132,-1.15522118995354
"2013-03-07",2013-03-07,0.00643673563218389,42380000,-0.707646090150251,21.889999,0.046139791966185,0,21.889999,0,1.15349347330006,-1.12497093713647
"2013-03-08",2013-03-08,-0.0141616726432925,44990500,-0.71178631051753,21.58,0.0324374884151991,20.879999,21.889999,8318,-1.0058506934821,-1.192358390514
"2013-03-11",2013-03-11,0.00509735866543098,42148200,-0.710317181969951,21.690001,0.0373444888269022,20.879999,21.889999,0,1.15127559658422,-1.16827709490016
"2013-03-12",2013-03-12,-0.00230530187619628,28617300,-0.710984988313857,21.639999,0.0351201494972342,20.879999,21.889999,0,-1.00094015231626,-1.17920011972736
"2013-03-13",2013-03-13,0.000924260671176584,24617400,-0.710717863105176,21.66,0.0360111265004616,20.879999,21.889999,0,1.0253693966564,-1.17482621168784
"2013-03-14",2013-03-14,-0.000461680517082251,28836500,-0.71085141903172,21.65,0.0355658660508081,20.879999,21.889999,0,-1.00018791694071,-1.17701227918277
"2013-03-15",2013-03-15,-0.0124711778290992,52949600,-0.714457442404008,21.379999,0.0233863434698944,20.879999,21.889999,0,-1.00507282292156,-1.23663096019635
"2013-03-18",2013-03-18,-0.00561267566008773,35154400,-0.716060100166946,21.26,0.0178739887111947,20.879999,21.889999,0,-1.00224318156382,-1.26350286334071
"2013-03-19",2013-03-19,-0.00564444967074327,42546000,-0.717662784641069,21.139999,0.0122989599006129,20.879999,21.889999,0,-1.00223819826541,-1.29061157405597
"2013-03-20",2013-03-20,0.00189219498070933,29919000,-0.7171285475793,21.18,0.0141643531633616,20.879999,21.889999,0,1.15167081426583,-1.28154867592802
"2013-03-21",2013-03-21,-0.00660996222851745,32607200,-0.718998317195326,21.040001,0.00760465743323868,20.879999,21.889999,0,-1.00260730049353,-1.31338499043225
"2013-03-22",2013-03-22,0.0137832217783639,30803200,-0.715125208681136,21.33,0.0210970932958273,20.879999,21.889999,0,2.77423322234286,-1.2477989882822
"2013-03-25",2013-03-25,-0.00843881856540083,32740700,-0.717529215358932,21.15,0.0127660047281323,20.879999,21.889999,0,-1.00336165841815,-1.28834318111461
"2013-03-26",2013-03-26,0.0293144208037826,39548500,-0.709248747913189,21.77,0.0408819935691317,20.879999,21.889999,0,3.20241096880065,-1.15088143453851
"2013-03-27",2013-03-27,0.00275608635737247,45370900,-0.708447412353924,21.83,0.0435181401740722,20.879999,21.889999,0,1.06448185068281,-1.13789878868988
"2013-03-28",2013-03-28,0.000458085203847987,33336700,-0.70831385642738,21.84,0.0439560897435897,20.879999,21.889999,0,1.01006360951469,-1.1357403328488
"2013-04-01",2013-04-01,-0.0187728937728938,33718100,-0.713789649415694,21.43,0.0256650023331777,20.879999,21.889999,0,-1.0077307438484,-1.2255028323772
"2013-04-02",2013-04-02,0.00139986000933272,28166700,-0.713388994991653,21.459999,0.0270270282864411,20.879999,21.889999,0,1.053069387471,-1.21884555999303
"2013-04-03",2013-04-03,-0.019105313099036,36620800,-0.718864787979967,21.049999,0.00807600988484602,20.879999,21.889999,0,-1.00767574636945,-1.31110047982611
"2013-04-04",2013-04-04,0.0042755346449185,28702500,-0.717662784641069,21.139999,0.0122989599006129,20.879999,21.889999,0,1.52290055064084,-1.29061157405597
"2013-04-05",2013-04-05,-0.00946064377770315,36721600,-0.720333876460769,20.940001,0.00286542488703789,20.879999,21.889999,0,-1.00372193163261,-1.33632819913191
"2013-04-08",2013-04-08,0.00716327568465737,34213000,-0.718330550918198,21.09,0.00995737316263623,20.879999,21.889999,0,3.47500756613082,-1.30197726631627
"2013-04-09",2013-04-09,0.0312944523470839,61518700,-0.709515859766278,21.75,0.0400000459770115,20.879999,21.889999,0,4.01712834536588,-1.15522118995353
"2013-04-10",2013-04-10,0.023448275862069,67102900,-0.702704507512522,22.26,0.0592991464510334,20.940001,22.26,8318,1.48247695727933,-1.05660751153451
"2013-04-11",2013-04-11,-0.0193171608265949,59295600,-0.708447412353924,21.83,0.0407695373339441,20.940001,22.26,8341,-1.00817257436092,-1.14827968247996
"2013-04-12",2013-04-12,-0.00687127805771867,34028000,-0.710450751252087,21.68,0.0341327952029521,20.940001,22.26,0,-1.0028277877274,-1.18091144804169
"2013-04-15",2013-04-15,-0.0138376845018449,38459200,-0.714457442404007,21.379999,0.0205798887081333,20.940001,22.26,0,-1.00563964658333,-1.2472303485049
"2013-04-16",2013-04-16,0.025257297720173,64767000,-0.707245409015026,21.92,0.0447079835766425,20.940001,22.26,0,2.17241133859843,-1.12886528751508
"2013-04-17",2013-04-17,0.000456204379561953,79461200,-0.707111853088481,21.93,0.0451435932512541,20.940001,22.26,0,1.00974344266421,-1.12671566896405
"2013-04-18",2013-04-18,0.0141358869129046,76237300,-0.70297161936561,22.24,0.0584531924460432,20.940001,22.26,0,1.29482808603011,-1.06081132675488
"2013-04-19",2013-04-19,0.00899285071942448,49101000,-0.700300487479133,22.440001,0.047237163670358,21.379999,22.440001,8341,-0.996200227985181,-1.09308360187554
"2013-04-22",2013-04-22,0.0196077531369095,52817000,-0.694424053422371,22.879999,0.0655594434248008,0,22.879999,0,1.3878784908066,-1.00169015853653
"2013-04-23",2013-04-23,0.0218531478082669,62494100,-0.687746257095159,23.379999,0.085543202974474,0,23.379999,0,1.30481893234184,-0.900995079642057
"2013-04-24",2013-04-24,0.0119760911880278,54282000,-0.684006677796328,23.66,0.0963652155536771,0,23.66,0,1.12650932163988,-0.845999015280373
"2013-04-25",2013-04-25,-0.011834361792054,109178000,-0.687746257095159,23.379999,0.085543202974474,21.379999,23.66,8351,-1.00546716782193,-0.900995079642057
"2013-04-26",2013-04-26,0.000855474801346101,101377300,-0.687479131886478,23.4,0.086324829059829,21.379999,23.66,0,1.00913720854699,-0.897034166978847
"2013-04-29",2013-04-29,0.0153846153846155,102141600,-0.682671118530886,23.76,0.0159933080808081,23.379999,23.76,8351,-0.993006313744536,-1.1445026493154
"2013-04-30",2013-04-30,0.00799667508417503,41468900,-0.680133542570952,23.950001,0.0237996649770494,0,23.950001,0,1.48810145198221,-1.1054357944086
"2013-05-01",2013-05-01,0.00167010431440058,38373800,-0.679599332220368,23.99,0.0254273030429344,0,23.99,0,1.06838911671465,-1.09727094844614
"2013-05-02",2013-05-02,0.00500212588578583,33486300,-0.677996647746244,24.110001,0.0302779746877654,0,24.110001,0,1.19076626556267,-1.07289798212216
"2013-05-03",2013-05-03,-0.00622156755613576,30085800,-0.680000013355593,23.959999,0.0242070126964529,23.379999,24.110001,8357,-1.00295483114261,-1.10339301619005
"2013-05-06",2013-05-06,-0.00208676970312059,31009100,-0.680667779632722,23.91,0.0221664993726474,23.379999,24.110001,0,-1.00098200921178,-1.11362161760189
"2013-05-07",2013-05-07,0.0100376411543287,38605600,-0.67746243739566,24.15,0.00993788819875774,23.91,24.15,8357,-0.99529088590209,-1.14770060315231
"2013-05-08",2013-05-08,0.00414078674948246,24900600,-0.676126878130218,24.25,0.014020618556701,0,24.25,0,1.41082474226804,-1.12723686489115
"2013-05-09",2013-05-09,0.00453612371134022,31333900,-0.674657749582638,24.360001,0.0184729466965129,0,24.360001,0,1.3175557570307,-1.10487277064772
"2013-05-10",2013-05-10,0.00574708514995543,22554800,-0.672787979966612,24.5,0.0240816326530612,0,24.5,0,1.30361620420888,-1.07662821967828
"2013-05-13",2013-05-13,-0.0171428571428572,28535200,-0.67839732888147,24.08,0.00705980066445178,23.91,24.5,8363,-1.00833746898263,-1.16210142150764
"2013-05-14",2013-05-14,-0.00996677740863781,36694400,-0.681602671118532,23.84,0,23.84,24.08,8364,-1.00472487449552,-1.20087070335691
"2013-05-15",2013-05-15,0.0151007130872483,33568900,-0.676794644407346,24.200001,0.0148760737654515,23.84,24.200001,8364,-0.992945997844617,-1.12652800334291
"2013-05-16",2013-05-16,-0.0107438012089339,29812900,-0.680267098497497,23.940001,0.00417715103687755,23.84,24.200001,8366,-1.00513073517772,-1.18005030764481
"2013-05-17",2013-05-17,0.00417710926578497,36277400,-0.678931539232054,24.040001,0.00831950880534493,23.84,24.200001,0,1.99167057448893,-1.15936136921773
"2013-05-20",2013-05-20,0.00166385184426565,31324400,-0.67839732888147,24.08,0.00996677740863783,23.84,24.200001,0,1.19800070434863,-1.15112238285168
"2013-05-21",2013-05-21,0.00290697674418606,37917900,-0.67746243739566,24.15,0.0128364389233954,23.84,24.200001,0,1.28792270531401,-1.13675338779681
"2013-05-22",2013-05-22,-0.00331262939958585,49686400,-0.678530884808014,24.07,0.00955546323223933,23.84,24.200001,0,-1.00157713159192,-1.15318024242509
"2013-05-23",2013-05-23,-0.000830951391774018,38132900,-0.678798010016695,24.049999,0.0087317675148344,23.84,24.200001,0,-1.00039368172424,-1.15730004322438
"2013-05-24",2013-05-24,-0.005405364050119,30861700,-0.680534223706178,23.92,0.00334448160535128,23.84,24.200001,0,-1.00255777663438,-1.18420400027156
"2013-05-28",2013-05-28,0.0066889632107022,31153700,-0.67839732888147,24.08,0.00996677740863783,23.84,24.200001,0,2.98006644518261,-1.15112238285168
"2013-05-29",2013-05-29,0.00789036544850504,31653900,-0.67585976627713,24.27,0.0144210960032961,23.92,24.27,8366,1.44691663233072,-1.12471552076888
"2013-05-30",2013-05-30,-0.00247222908941079,26299900,-0.676661115191988,24.209999,0.0119784804617298,23.92,24.27,8375,-1.00118567335244,-1.13696729100985
"2013-05-31",2013-05-31,0.00289144993355839,47793200,-0.675726196994993,24.280001,0.00288311355506121,24.209999,24.280001,8375,-0.998618336156749,-1.16778758636056
"2013-06-03",2013-06-03,0.0395386721771552,76493500,-0.662904841402338,25.24,0.0408082805071315,0,25.24,0,14.1542397577417,-0.976128663120766
"2013-06-04",2013-06-04,0.00475439778129961,68515500,-0.661302156928215,25.360001,0.0453470802307934,0,25.360001,0,1.11122251825506,-0.952933571330894
"2013-06-05",2013-06-05,-0.0260252355668283,53335200,-0.670116848080134,24.700001,0.0198381368486584,24.209999,25.360001,8379,-1.01332929442248,-1.08256670689551
"2013-06-06",2013-06-06,-0.00202433190184898,40020000,-0.670784641068448,24.65,0.017849939148073,24.209999,25.360001,0,-1.00099653215738,-1.092597824104
"2013-06-07",2013-06-07,-0.00243407707910745,35539400,-0.671585976627714,24.59,0.0154534770231801,24.209999,25.360001,0,-1.00119462419114,-1.10467523217357
"2013-06-10",2013-06-10,0.0170801138674259,29780800,-0.665976627712856,25.01,0.0319872451019593,24.209999,25.360001,0,2.06990601881885,-1.02104534489542
"2013-06-11",2013-06-11,-0.0119952419032388,27077800,-0.669983318864776,24.709999,0.0202347236031859,24.209999,25.360001,0,-1.00601626391256,-1.08056457057393
"2013-06-12",2013-06-12,-0.010117361801593,24535200,-0.673322217028382,24.459999,0.0102207690196553,24.209999,25.360001,0,-1.00498355417156,-1.13099548192239
"2013-06-13",2013-06-13,0.0216680712047453,27707000,-0.666243739565944,24.99,0.0312125250100039,24.209999,25.360001,0,3.05383332212869,-1.02498012463541
"2013-06-14",2013-06-14,-0.00280112044817914,24762700,-0.667178631051754,24.92,0.0284912118780097,24.209999,25.360001,0,-1.00140322742307,-1.03878883910595
"2013-06-17",2013-06-17,0.00722311396468699,42643200,-0.664774624373958,25.1,0.0354582071713148,24.209999,25.360001,0,1.24453137771519,-1.00339653915325
"2013-06-18",2013-06-18,0.0147409960159363,36674300,-0.659833068447413,25.469999,0.0396544970417942,24.459999,25.469999,8379,1.11834467124086,-0.96888482094349
"2013-06-19",2013-06-19,-0.0184530435199468,28843900,-0.6661101836394,25,0.02160004,24.459999,25.469999,8389,-1.00951318673185,-1.06078004255099
"2013-06-20",2013-06-20,-0.03239996,63565700,-0.676928200333891,24.190001,0,24.190001,25,8390,-1.01624058145363,-1.18321621212531
"2013-06-21",2013-06-21,0.000413393947358727,67754000,-0.676794644407346,24.200001,0.000413223123420625,24.190001,24.200001,8390,-0.999802702965428,-1.18115114286122
"2013-06-24",2013-06-24,-0.0256198749743854,49145200,-0.685075125208682,23.58,0,0,24.200001,8392,-1.01223484977276,-1.21398543080116
"2013-06-25",2013-06-25,0.0127226039016117,34571300,-0.681068460767948,23.879999,0.0125627727203842,23.58,23.879999,8392,-0.994151496247198,-1.15140615786299
"2013-06-26",2013-06-26,0.00544392820116952,33645000,-0.67933222036728,24.01,0.0179092044981259,0,24.01,0,1.42557737027804,-1.12465639738082
"2013-06-27",2013-06-27,0.0016659308621407,25564500,-0.678798010016695,24.049999,0.0195425787751593,0,24.049999,0,1.09120306137575,-1.11646988695749
"2013-06-28",2013-06-28,0.00748444937565281,80413900,-0.676393989983306,24.23,0.0268262484523319,0,24.23,0,1.37270770459582,-1.0798815241397
"2013-07-01",2013-07-01,-0.0140322327692943,29698200,-0.680934904841403,23.889999,0.0129760993292634,23.58,24.23,8397,-1.00671341692171,-1.14934069775613
"2013-07-02",2013-07-02,-0.0071159483933004,28290100,-0.683205355592655,23.719999,0.00590215033314301,23.58,24.23,0,-1.00333431394853,-1.18463252671496
"2013-07-03",2013-07-03,0.00168638287042087,18167200,-0.682671118530886,23.76,0.00757575757575768,23.58,24.23,0,1.28355889771507,-1.17629396397529
"2013-07-05",2013-07-05,0.0126262205387205,17830400,-0.678664454090151,24.059999,0.0199500839547002,23.58,24.23,0,2.63341108202039,-1.11442641316265
"2013-07-08",2013-07-08,-0.0361595193748762,68826600,-0.690283792988315,23.190001,0,23.190001,24.059999,8401,-1.01712088916421,-1.23365747152629
"2013-07-09",2013-07-09,-0.00215618791909492,34739800,-0.690951599332221,23.139999,0,23.139999,23.190001,8402,-1.00096743737965,-1.23617963537885
"2013-07-10",2013-07-10,0.00475371671364378,50037500,-0.689482470784642,23.25,0.00473122580645158,23.139999,23.25,8402,-0.997873760551392,-1.21276220341292
"2013-07-11",2013-07-11,0.0318279569892472,41313800,-0.679599332220368,23.99,0.035431471446436,0,23.99,0,7.48885656611888,-1.05948731228793
"2013-07-12",2013-07-12,-0.00375156315131304,34561900,-0.680801335559266,23.9,0.0317992050209205,23.139999,23.99,8405,-1.00176869411418,-1.07774533059611
"2013-07-15",2013-07-15,0.00167368200836821,25650100,-0.680267098497497,23.940001,0.0334169576684645,23.139999,23.99,0,1.05087399658198,-1.06961771889332
"2013-07-16",2013-07-16,0.0129489969528406,34496100,-0.676126878130218,24.25,0.0144329896907217,23.9,24.25,8405,-0.993913831234197,-1.12567942600552
"2013-07-17",2013-07-17,-0.00412371134020624,44084200,-0.67746243739566,24.15,0.010351966873706,23.9,24.25,8408,-1.00197530864198,-1.14613671524438
"2013-07-18",2013-07-18,-0.0376811594202899,77863900,-0.689616026711186,23.24,0,23.24,24.15,8409,-1.01793987185806,-1.2311354589975
"2013-07-19",2013-07-19,-0.00860580895008599,45866700,-0.692287131886479,23.040001,0,23.040001,23.24,8410,-1.00387332235886,-1.24122366043643
"2013-07-22",2013-07-22,-0.0117187928941496,35890900,-0.695893155258766,22.77,0,22.77,23.040001,8411,-1.00520885512123,-1.25484285091596
"2013-07-23",2013-07-23,-0.000878348704435642,28521400,-0.696160267111854,22.75,0,22.75,22.77,8412,-1.00038384032243,-1.25585167610398
"2013-07-24",2013-07-24,0.0079120879120879,33432700,-0.693756260434058,22.93,0.00784997819450506,22.75,22.93,8412,-0.996546762589928,-1.21712453578002
"2013-07-25",2013-07-25,0.0056693850850415,114558100,-0.692020046744575,23.059999,0.0134431488917238,0,23.059999,0,1.71250780048459,-1.18944299526997
"2013-07-26",2013-07-26,0.00867307062762667,110474500,-0.689348914858098,23.26,0.0219260533104042,0,23.26,0,1.63102064010485,-1.14731655032707
"2013-07-29",2013-07-29,-0.00085984522785912,85543100,-0.689616026711186,23.24,0.0210843373493975,22.75,23.26,8416,-1.00038748425845,-1.15150435934828
"2013-07-30",2013-07-30,0.00602405335628241,28855200,-0.68774625709516,23.379999,0.00598798143661183,23.24,23.379999,8416,-0.997288680158807,-1.20145838891831
"2013-07-31",2013-07-31,-0.00171082128788806,27679200,-0.688280467445744,23.34,0.00428449014567278,23.24,23.379999,8418,-1.00077675500968,-1.20990971652934
"2013-08-01",2013-08-01,-0.00599824335904025,37832700,-0.690150237061771,23.200001,0,23.200001,23.34,8419,-1.00271658096439,-1.23315305893228
"2013-08-02",2013-08-02,0.000861982721466308,36242100,-0.689883151919867,23.219999,0.000861240347168057,23.200001,23.219999,8419,-0.999613004346647,-1.22889161130089
"2013-08-05",2013-08-05,-0.0129198541309153,20869000,-0.693889816360602,22.92,0,0,23.219999,8421,-1.00580774357162,-1.24727666200581
"2013-08-06",2013-08-06,-0.00523564572425838,28843300,-0.695492500834725,22.799999,0,22.799999,22.92,8422,-1.00230971032624,-1.25332966357519
"2013-08-07",2013-08-07,-0.00438587738534547,23350900,-0.696828033388983,22.700001,0,22.700001,22.799999,8423,-1.00192026880614,-1.25837368863277
"2013-08-08",2013-08-08,-0.0110132153738672,34792500,-0.700166931552589,22.450001,0,22.450001,22.700001,8424,-1.00479156693419,-1.27098400348301
"2013-08-09",2013-08-09,0.00267256112817105,25145400,-0.699365609348916,22.51,0.0026654375832964,22.450001,22.51,8424,-0.998855526921421,-1.25789078222207
"2013-08-12",2013-08-12,0.00577516659262541,23520400,-0.697629395659433,22.639999,0.00839213817986473,0,22.639999,0,3.14850298219551,-1.22970492741724
"2013-08-13",2013-08-13,-0.00530030942139176,26099200,-0.699232053422372,22.52,0.00310830373001769,22.450001,22.639999,8427,-1.00229729104437,-1.25571375750483
"2013-08-14",2013-08-14,0.00222024866785083,23202500,-0.69856427378965,22.57,0.00531674789543646,22.450001,22.639999,0,1.7104981871917,-1.24485086624637
"2013-08-15",2013-08-15,-0.0239255206025699,40451200,-0.705776280467447,22.030001,0,22.030001,22.57,8429,-1.01032404167862,-1.29216933243142
"2013-08-16",2013-08-16,-0.00544716271233934,30079000,-0.70737896494157,21.91,0,21.91,22.030001,8430,-1.00227081090493,-1.2982223340008
"2013-08-19",2013-08-19,0.0168873117298037,43412200,-0.702437382303841,22.280001,0.0166068664000508,21.91,22.280001,8430,-0.993014235816105,-1.21683838229399
"2013-08-20",2013-08-20,0.0107719474518875,32084300,-0.699232053422372,22.52,0.0270870337477798,0,22.52,0,1.63107434571141,-1.16515114660255
"2013-08-21",2013-08-21,-0.0155417406749555,32403300,-0.70390651085142,22.17,0.0117275597654489,21.91,22.52,8433,-1.00668513036004,-1.24081508434687
"2013-08-22",2013-08-22,0.00405953991880919,17380600,-0.702704507512522,22.26,0.0157232704402517,21.91,22.52,0,1.34071117561683,-1.22118441368768
"2013-08-23",2013-08-23,0.00808629829290194,23088700,-0.700300487479133,22.440001,0.023618581835179,21.91,22.52,0,1.50214180471737,-1.18228600897628
"2013-08-26",2013-08-26,-0.00757580180143482,22267800,-0.702570951585977,22.27,0.0161652447238437,21.91,22.52,0,-1.00324212841122,-1.21901075734957
"2013-08-27",2013-08-27,-0.00359223170184108,37638500,-0.703639385642739,22.190001,0.0126183410266633,21.91,22.52,0,-1.00152074897823,-1.23644191558369
"2013-08-28",2013-08-28,0.00450653427190028,28090000,-0.702303826377296,22.290001,0.0170480476873913,21.91,22.52,0,1.35105301492231,-1.21466772093563
"2013-08-29",2013-08-29,-0.01031861775152,28303500,-0.705375639398999,22.059999,0.00679959232999061,21.91,22.52,0,-1.00437390899256,-1.26497556799163
"2013-08-30",2013-08-30,-0.0036264280882334,33896300,-0.706444073455761,21.98,0.00318471337579618,21.91,22.52,0,-1.00151470223394,-1.28266345444895
"2013-09-03",2013-09-03,0.00409463148316651,26427300,-0.705242070116862,22.07,0.00724966017217943,21.91,22.52,0,2.27639329406434,-1.26277129354677
"2013-09-04",2013-09-04,0.0258268690530131,37941800,-0.697629395659433,22.639999,0.0291519005809143,21.98,22.639999,8433,4.02114028637987,-1.15129967895924
"2013-09-05",2013-09-05,-0.00176674036072166,22552800,-0.698163606010018,22.6,0.0274336283185841,21.98,22.639999,8443,-1.00076575091862,-1.15980683118483
"2013-09-06",2013-09-06,0.00309734513274338,27606600,-0.697228714524208,22.67,0.00308778120864583,22.6,22.67,8443,-0.998660927785748,-1.24822507783376
"2013-09-09",2013-09-09,0.0105866784296426,27770600,-0.694023372287146,22.91,0.0135312090790047,0,22.91,0,4.38217871172904,-1.19667654896599
"2013-09-10",2013-09-10,0.00305543430816239,31705400,-0.693088480801337,22.98,0.0165361183637945,0,22.98,0,1.22207248940172,-1.18179675158072
"2013-09-11",2013-09-11,-0.00739778067885114,45815300,-0.695358944908181,22.809999,0.00920644494548206,22.6,22.98,8447,-1.00327586472685,-1.21805444824169
"2013-09-12",2013-09-12,-0.00789127610220411,29517900,-0.697762951585978,22.629999,0.00132562975367345,22.6,22.98,0,-1.00345721687396,-1.25689805340704
"2013-09-13",2013-09-13,0.0357932848339939,61134800,-0.686944894824709,23.440001,0.034556397843157,22.629999,23.440001,8447,26.0679105514928,-1.09053492313672
"2013-09-16",2013-09-16,-0.00213319103527339,30088500,-0.687612701168615,23.389999,0.032492519559321,22.629999,23.440001,8450,-1.00097213961256,-1.10085192040333
"2013-09-17",2013-09-17,0.0149637030766867,37540700,-0.682938230383974,23.74,0.0147430918281382,23.389999,23.74,8450,-0.993201884175937,-1.15023327786625
"2013-09-18",2013-09-18,0.00673967986520641,31975400,-0.680801335559266,23.9,0.0213389539748954,0,23.9,0,1.44738662850682,-1.11725149479745
"2013-09-19",2013-09-19,0.00041841004184107,28261400,-0.680667779632722,23.91,0.0217482643245505,0,23.91,0,1.01918136897135,-1.11520120325545
"2013-09-20",2013-09-20,-0.00585529067335845,47069000,-0.682537562604342,23.77,0.0159865797223391,23.389999,23.91,8454,-1.00274698322378,-1.14402364831364
"2013-09-23",2013-09-23,-0.0063104333193101,22437100,-0.684540888146913,23.620001,0.00973759484599512,23.389999,23.91,0,-1.00293511398102,-1.17519088598467
"2013-09-24",2013-09-24,0.00338696005982395,24410100,-0.683472440734559,23.700001,0.0130802526126476,23.389999,23.91,0,1.34327344888735,-1.1585310711538
"2013-09-25",2013-09-25,0,19879900,-0.683472440734559,23.700001,0.0130802526126476,23.389999,23.91,0,-1,-1.1585310711538
"2013-09-26",2013-09-26,-0.0122363285976233,32003300,-0.687345575959934,23.41,0.000854378470738992,23.389999,23.91,0,-1.00566684915812,-1.2193336374349
"2013-09-27",2013-09-27,-0.018368218709953,28924100,-0.693088480801336,22.98,0,22.98,23.77,8459,-1.00835519284951,-1.24425018644175
"2013-09-30",2013-09-30,-0.0026109660574412,32489600,-0.693889816360602,22.92,0,22.92,22.98,8460,-1.00115618074959,-1.24727666200581
"2013-10-01",2013-10-01,-0.00392670157068078,25888800,-0.6950918196995,22.83,0,22.83,22.92,8461,-1.00173226830911,-1.2518163753519
"2013-10-02",2013-10-02,0.00262807709154627,23205400,-0.694290497495827,22.889999,0.00262118840634296,22.83,22.889999,8461,-0.998847170717648,-1.2388902739089
"2013-10-03",2013-10-03,-0.0126692447649298,34888500,-0.698163606010018,22.6,0,0,22.889999,8463,-1.0055785129253,-1.26341786501412
"2013-10-04",2013-10-04,0.00929199115044247,22550000,-0.695358944908181,22.809999,0.00920644494548206,22.6,22.809999,8463,-0.995982802486848,-1.21805444824169
"2013-10-07",2013-10-07,0.000876852296223119,21321300,-0.6950918196995,22.83,0.0100744634253175,0,22.83,0,1.09428378543244,-1.21376724970761
"2013-10-08",2013-10-08,-0.0153307052124397,36111200,-0.699766277128548,22.48,0,0,22.83,8466,-1.00672494956288,-1.26947081614224
"2013-10-09",2013-10-09,0.00489323843416368,40435400,-0.698297161936562,22.59,0.00486941124391316,22.48,22.59,8466,-0.997900563030824,-1.24553153733627
"2013-10-10",2013-10-10,0.0225763612217796,39189400,-0.691485809682806,23.1,0.0268398268398269,0,23.1,0,5.51192443919726,-1.13682886455424
"2013-10-11",2013-10-11,0.00692640692640693,24550600,-0.689348914858098,23.26,0.0335339638865004,0,23.26,0,1.24941058996477,-1.10347591789521
"2013-10-14",2013-10-14,0.0081685726569217,27176700,-0.686811338898165,23.450001,0.0413646464236824,0,23.450001,0,1.2335149689934,-1.06431719016806
"2013-10-15",2013-10-15,-0.00255872057318892,42957700,-0.687612701168615,23.389999,0.0389054740874507,22.48,23.450001,8471,-1.00116678660509,-1.07663154237519
"2013-10-16",2013-10-16,0.0132536132216167,47723400,-0.683472440734558,23.700001,0.0130802526126476,23.389999,23.700001,8471,-0.993978790055768,-1.1585310711538
"2013-10-17",2013-10-17,0.00928265783617483,28694900,-0.680534223706178,23.92,0.0221572324414716,0,23.92,0,1.69394530041777,-1.11315220425437
"2013-10-18",2013-10-18,-0.00167228260869566,29579100,-0.681068460767948,23.879999,0.0205192638408402,23.389999,23.92,8474,-1.00078502600334,-1.12135616735242
"2013-10-21",2013-10-21,0.0108877726502417,35297600,-0.677596006677797,24.139999,0.010770505831421,23.879999,24.139999,8474,-0.994901461027523,-1.1450604448235
"2013-10-22",2013-10-22,-0.00289971014497553,29010800,-0.678530884808014,24.07,0.00789368508516819,23.879999,24.139999,8476,-1.00137969840584,-1.15945642834601
"2013-10-23",2013-10-23,-0.0137100124636478,31651100,-0.682938230383974,23.74,0,23.74,24.07,8477,-1.00649542367877,-1.20591482929701
"2013-10-24",2013-10-24,0.00168496208930077,47590200,-0.682403993322205,23.780001,0.00168212776778265,23.74,23.780001,8477,-0.999217737361885,-1.19754408632907
"2013-10-25",2013-10-25,0.0193439436777147,59634700,-0.676260434056762,24.24,0.0206270627062707,0,24.24,0,12.2624827324864,-1.10279012992555
"2013-10-28",2013-10-28,0.00495053630363045,65581600,-0.674657749582639,24.360001,0.0254515999404106,0,24.360001,0,1.2338935651111,-1.07851586776417
"2013-10-29",2013-10-29,0.00656810317864926,29961700,-0.672520868113524,24.52,0.0318107667210441,0,24.52,0,1.24985332142271,-1.04642808366221
"2013-10-30",2013-10-30,-0.000815660685154958,24091800,-0.672787979966612,24.5,0.0310204081632653,23.74,24.52,8482,-1.00039718002184,-1.05042192659255
"2013-10-31",2013-10-31,-0.00122453061224484,30901400,-0.673188661101837,24.469999,0.0298324082481574,23.74,24.52,0,-1.00059555334988,-1.05642204018083
"2013-11-01",2013-11-01,-0.00572125074463645,28302100,-0.675058430717864,24.33,0.0242498972461981,23.74,24.52,0,-1.00277748233752,-1.08456773386191
"2013-11-04",2013-11-04,-0.00287710645293862,26639800,-0.675993322203674,24.26,0.0214344600164882,23.74,24.52,0,-1.00138490454051,-1.09873193521735
"2013-11-05",2013-11-05,-0.00948058532563903,22849900,-0.679065095158599,24.030001,0.012068289135735,23.74,24.52,0,-1.00454408772103,-1.14570742838069
"2013-11-06",2013-11-06,0.00915518064273078,25525700,-0.676126878130218,24.25,0.0210309278350516,23.74,24.52,0,1.742660256024,-1.10076040383547
"2013-11-07",2013-11-07,-0.0078350927835051,25631100,-0.678664454090151,24.059999,0.0133000421155464,23.74,24.52,0,-1.00375310617284,-1.13954222000968
"2013-11-08",2013-11-08,0.00124692440760279,31502900,-0.678263772954926,24.09,0.0145288501452886,23.74,24.52,0,1.092391288619,-1.1333879827708
"2013-11-11",2013-11-11,0.00332088003320888,19236500,-0.677195325542572,24.17,0.0177906495655773,23.74,24.52,0,1.22450499438501,-1.1170335528771
"2013-11-12",2013-11-12,0.010757136946628,37813500,-0.673722871452422,24.43,0.0282439623413836,23.74,24.52,0,1.58757341811915,-1.06443886561621
"2013-11-13",2013-11-13,0.00695865738845689,22990300,-0.67145242070117,24.6,0.0231706910569107,24.030001,24.6,8482,-0.99662999306175,-1.0750245282093
"2013-11-14",2013-11-14,-0.00853662601626024,20198900,-0.674257108514191,24.389999,0.0147600662058248,24.030001,24.6,8493,-1.00417704624565,-1.11738240104889
"2013-11-15",2013-11-15,0.00533009451947907,22866500,-0.672520868113524,24.52,0.0199836460032626,24.030001,24.6,0,1.35389948287471,-1.09109662661112
"2013-11-18",2013-11-18,0.00326264274061998,24712500,-0.67145242070117,24.6,0.00853662601626026,24.389999,24.6,8493,-0.99841127991262,-1.13029430843592
"2013-11-19",2013-11-19,0.00406508130081296,24870200,-0.670116848080135,24.700001,0.0125506877509843,0,24.700001,0,1.47021642122757,-1.11008986665476
"2013-11-20",2013-11-20,-0.00566809693651426,20288600,-0.671986657762939,24.559999,0.00692182438606781,24.389999,24.700001,8497,-1.00279027409647,-1.13841077476796
"2013-11-21",2013-11-21,0.0272801721205281,44050600,-0.663038397328882,25.23,0.0265557273087594,24.559999,25.23,8497,3.83652138910236,-1.03046196609855
"2013-11-22",2013-11-22,-0.0539040428061832,77908100,-0.681201989983307,23.870001,0,0,25.23,8499,-1.02739448081378,-1.19935741513362
"2013-11-25",2013-11-25,-0.00502727251666217,43389300,-0.68280467445743,23.75,0,23.75,23.870001,8500,-1.00235273017062,-1.205410416703
"2013-11-26",2013-11-26,-0.00421052631578953,30600800,-0.684140233722872,23.65,0,23.65,23.75,8501,-1.00195599022005,-1.21045454264309
"2013-11-27",2013-11-27,0.0105708245243129,28419200,-0.680801335559266,23.9,0.0104602510460251,23.65,23.9,8501,-0.995119570522206,-1.15833806359151
"2013-11-29",2013-11-29,-0.00251046025104597,13802900,-0.681602671118532,23.84,0.00796979865771819,23.65,23.9,8503,-1.00117704757234,-1.17077045308203
"2013-12-02",2013-12-02,-0.00587244127516777,25685300,-0.683472440734559,23.700001,0.00210974674642428,23.65,23.9,0,-1.00274319584599,-1.19996436029914
"2013-12-03",2013-12-03,-0.00632919804518154,35066400,-0.685475806343907,23.549999,0,23.549999,23.84,8505,-1.00293115784917,-1.21549871902445
"2013-12-04",2013-12-04,0.00806798335745147,43501500,-0.682938230383974,23.74,0.00800341196293175,23.549999,23.74,8505,-0.996298080929409,-1.17568762865073
"2013-12-05",2013-12-05,0.0219039595619209,45399100,-0.675993322203674,24.26,0.029266323165705,0,24.26,0,3.65673081696327,-1.06915263829474
"2013-12-06",2013-12-06,0.0230832646331409,53871400,-0.668514190317196,24.82,0.0511684528605963,0,24.82,0,1.74837312397879,-0.958185804002819
"2013-12-09",2013-12-09,0.00443190975020143,29614700,-0.66704507512521,24.93,0.0553550340954673,0,24.93,0,1.08181957829127,-0.936825430267115
"2013-12-10",2013-12-10,-0.00441235459285999,18203700,-0.668514190317196,24.82,0.0511684528605963,23.549999,24.93,8510,-1.00220242266493,-0.958185804002819
"2013-12-11",2013-12-11,-0.0161160354552779,24682400,-0.673856427378966,24.42,0.0356265765765766,23.549999,24.93,0,-1.00799120966936,-1.03706069977807
"2013-12-12",2013-12-12,0.00204746109746108,21917800,-0.673188661101837,24.469999,0.0375970591580327,23.549999,24.93,0,1.05530934405726,-1.02709658972444
"2013-12-13",2013-12-13,-0.00735586462426914,20631200,-0.675592641068448,24.290001,0.030465293105587,23.549999,24.93,0,-1.00357103454873,-1.0631110932343
"2013-12-16",2013-12-16,0.00658707259830908,25061100,-0.673455746243741,24.450001,0.0368098962449941,23.549999,24.93,0,1.20825675687471,-1.03107826249541
"2013-12-17",2013-12-17,0.00858891580413432,28158500,-0.670651085141904,24.66,0.045012206001622,23.549999,24.93,0,1.22282892899334,-0.989507252757632
"2013-12-18",2013-12-18,0.0198702351987023,42680500,-0.664106844741236,25.15,0.034194791252485,24.290001,25.15,8510,-0.990241959573833,-1.00564613190392
"2013-12-19",2013-12-19,-0.000397654075546681,31880600,-0.664240414023373,25.139999,0.0338105820927042,24.290001,25.15,8517,-1.00020112619407,-1.0076016719819
"2013-12-20",2013-12-20,-0.0031821799197366,55380100,-0.665308861435727,25.059999,0.0307261784008851,24.290001,25.15,0,-1.00160852515113,-1.02328611558687
"2013-12-23",2013-12-23,0.0103751400788164,28120800,-0.661836393989984,25.32,0.0102686018957345,25.059999,25.32,8517,-0.994780668578126,-1.08743529370183
"2013-12-24",2013-12-24,0.00434439178515006,12157900,-0.660367278797998,25.43,0.0145497837200157,0,25.43,0,1.41691964181215,-1.06571763347249
"2013-12-26",2013-12-26,0.0106174203696422,16957000,-0.656761255425711,25.700001,0.0249028005874397,0,25.700001,0,1.71155812805531,-1.01299727968971
"2013-12-27",2013-12-27,-0.00389108934275913,12970600,-0.658096828046746,25.6,0.0210937890625,25.059999,25.700001,8522,-1.00203357401187,-1.03242729003308
"2013-12-30",2013-12-30,0.009765625,19787200,-0.65475792988314,25.85,0.00967117988394584,25.6,25.85,8522,-0.994926433282598,-1.06295776327962
"2013-12-31",2013-12-31,0.00425528046421657,22808100,-0.653288828046746,25.959999,0.0138674504571437,0,25.959999,0,1.43389437726866,-1.04156084539588
"2014-01-02",2014-01-02,-0.00654845942020258,31833300,-0.655559252086812,25.790001,0.00736723507688108,25.6,25.959999,8525,-1.00347537558059,-1.07468570249211
"2014-01-03",2014-01-03,-0.000387747173798154,27796700,-0.655692808013357,25.780001,0.00698219522955013,25.6,25.959999,0,-1.0002037282307,-1.07664432946069
"2014-01-06",2014-01-06,-0.0124128001391466,28682300,-0.659966624373958,25.459999,0,25.459999,25.790001,8527,-1.00651801622402,-1.11915591356858
"2014-01-07",2014-01-07,0.00510608818170024,19665100,-0.65823038397329,25.59,0.00508014849550609,25.459999,25.59,8527,-0.997369199688977,-1.0934118489369
"2014-01-08",2014-01-08,-0.006252442360297,29680500,-0.660367278797998,25.43,0,0,25.59,8529,-1.00324642386122,-1.12066910090935
"2014-01-09",2014-01-09,-0.00471887534408173,20878000,-0.661969963272121,25.309999,0,25.309999,25.43,8530,-1.00242695924765,-1.12672210247873
"2014-01-10",2014-01-10,0.00869229587879468,30588800,-0.659031706176963,25.530001,0.00861739096680791,25.309999,25.530001,8530,-0.995561343779656,-1.0830788545509
"2014-01-13",2014-01-13,-0.00117512725518493,40274500,-0.659432387312188,25.5,0.00745101960784311,25.309999,25.530001,8532,-1.00060798461056,-1.08899728163981
"2014-01-14",2014-01-14,0.039607843137255,74142900,-0.64594323873122,26.51,0.038098830629951,25.5,26.51,8532,5.11323719908713,-0.922301284980172
"2014-01-15",2014-01-15,0.006035458317616,58277700,-0.643806343906512,26.67,0.0438695163104612,0,26.67,0,1.15146621523795,-0.892436019557771
"2014-01-16",2014-01-16,-0.00487435320584933,48960800,-0.645542557595995,26.540001,0.0391861703396319,25.5,26.67,8535,-1.00269679493828,-0.916681343778452
"2014-01-17",2014-01-17,-0.0259985295403719,111758900,-0.65475792988314,25.85,0.0135396518375243,25.5,26.67,0,-1.01427539079912,-1.04834735980709
"2014-01-21",2014-01-21,-0.0100580270793037,42286400,-0.65823038397329,25.59,0.00351699882766709,25.5,26.67,0,-1.00530341662417,-1.09931553587302
"2014-01-22",2014-01-22,-0.0109418132082844,48749900,-0.661969963272121,25.309999,0,25.309999,26.540001,8538,-1.00568126204728,-1.12672210247873
"2014-01-23",2014-01-23,-0.00711181379343396,40241000,-0.664373969949918,25.129999,0,25.129999,25.309999,8539,-1.00363159480215,-1.1358015291709
"2014-01-24",2014-01-24,-0.0127337848282445,34838700,-0.668647759599333,24.809999,0,24.809999,25.129999,8540,-1.006432807188,-1.15194273217922
"2014-01-27",2014-01-27,-0.00362756967462997,32564900,-0.669849762938231,24.719999,0,24.719999,24.809999,8541,-1.00179766300214,-1.1564824455253
"2014-01-28",2014-01-28,0.00728159414569544,32453800,-0.667445742904843,24.9,0.00722895582329308,24.719999,24.9,8541,-0.996411105644281,-1.12010072540528
"2014-01-29",2014-01-29,-0.0088353413654618,27145700,-0.670383973288816,24.68,0,0,24.9,8543,-1.00440220110055,-1.15850004546008
"2014-01-30",2014-01-30,0.00243111831442458,24610100,-0.66958263772955,24.74,0.00242522231204523,24.68,24.74,8543,-0.998804661818906,-1.14631401622348
"2014-01-31",2014-01-31,-0.0080840339531123,28623300,-0.672253742904843,24.540001,0,0,24.74,8545,-1.00398920913533,-1.16556177133496
"2014-02-03",2014-02-03,-0.024042378808379,52868200,-0.680133542570953,23.950001,0,23.950001,24.540001,8546,-1.01172146640949,-1.19532211438154
"2014-02-04",2014-02-04,-0.00542801647482186,50816300,-0.68186978297162,23.82,0,23.82,23.950001,8547,-1.00255279337364,-1.20187952854493
"2014-02-05",2014-02-05,-0.0125944584382872,32476200,-0.685876460767948,23.52,0,23.52,23.82,8548,-1.00587601606111,-1.21701190636522
"2014-02-06",2014-02-06,0.0199829931972789,28008400,-0.679599332220368,23.99,0.019591496456857,23.52,23.99,8548,-0.990848018693409,-1.11931156030359
"2014-02-07",2014-02-07,0.00917044601917471,30808400,-0.676661115191988,24.209999,0.0285005794506642,0,24.209999,0,1.4547423425988,-1.07456680437376
"2014-02-10",2014-02-10,0.00330450240828182,24571300,-0.675592641068449,24.290001,0.0317003280485662,0,24.290001,0,1.11226959800733,-1.05844662647944
"2014-02-11",2014-02-11,0.00741037433469028,17911700,-0.673188661101837,24.469999,0.0388230093511651,0,24.469999,0,1.22468793672061,-1.02246643415556
"2014-02-12",2014-02-12,0.00326930949200277,25874100,-0.672120213689484,24.549999,0.0419551544584584,0,24.549999,0,1.08067754560091,-1.00660168128358
"2014-02-13",2014-02-13,0.0061100613486787,22922000,-0.670116848080135,24.700001,0.0477733179039143,0,24.700001,0,1.13867577227529,-0.977061414058147
"2014-02-14",2014-02-14,0.00242910921339644,20539700,-0.669315525876462,24.76,0.050080775444265,0,24.76,0,1.04830013157118,-0.965320207992173
"2014-02-18",2014-02-18,0,17738100,-0.669315525876462,24.76,0.050080775444265,0,24.76,0,-1,-0.965320207992173
"2014-02-19",2014-02-19,-0.0105008077544427,25686000,-0.672787979966612,24.5,0.04,23.52,24.76,8557,-1.00518806744488,-1.01650790024632
"2014-02-20",2014-02-20,0.00979591836734688,20193800,-0.669582637729551,24.74,0.0493128536782538,23.52,24.76,0,1.23282134195634,-0.969229311887495
"2014-02-21",2014-02-21,-0.0129345189975746,30579800,-0.673856427378966,24.42,0.036855036855037,23.52,24.76,0,-1.00638276653037,-1.0324210641458
"2014-02-24",2014-02-24,0.00859946764946764,24145500,-0.67105176627713,24.629999,0.0450669527026778,23.52,24.76,0,1.22281664999932,-0.990813774226293
"2014-02-25",2014-02-25,-0.000405927746891222,21539100,-0.671185295492489,24.620001,0.0446791614671339,23.52,24.76,0,-1.00019898496967,-0.992782691725908
"2014-02-26",2014-02-26,0.00731104763155782,19820200,-0.668781315525878,24.799999,0.015322540940425,24.42,24.799999,8557,-0.996418306564885,-1.09457713613665
"2014-02-27",2014-02-27,-0.00161286296826053,20863900,-0.669315525876462,24.76,0.0137318255250404,24.42,24.799999,8563,-1.00079878181131,-1.10260253302786
"2014-02-28",2014-02-28,0,23482700,-0.669315525876462,24.76,0.0137318255250404,24.42,24.799999,0,-1,-1.10260253302786
"2014-03-03",2014-03-03,-0.0105008077544427,25728500,-0.672787979966612,24.5,0.00326530612244891,24.42,24.799999,0,-1.00518806744488,-1.15524709893545
"2014-03-04",2014-03-04,0.0044898367346939,23661200,-0.671318851419033,24.610001,0.00772047916617313,24.42,24.799999,0,2.36439674464057,-1.13287226008937
"2014-03-05",2014-03-05,-0.00446976820521057,21036200,-0.672787979966612,24.5,0.00326530612244891,24.42,24.799999,0,-1.00218842141029,-1.15524709893545
"2014-03-06",2014-03-06,0.00530608163265312,22371700,-0.67105176627713,24.629999,0.00852614732140267,24.42,24.799999,0,2.61113261717962,-1.12882069691775
"2014-03-07",2014-03-07,0.000406008948680753,25373400,-0.670918210350586,24.639999,0.00892853120651493,24.42,24.799999,0,1.04719410420017,-1.1267965651729
"2014-03-10",2014-03-10,0.00811692403071933,24908100,-0.668247078464108,24.84,0.0136876006441223,24.5,24.84,8563,1.5330181781898,-1.09873426033272
"2014-03-11",2014-03-11,-0.0044283413848631,26656800,-0.669716193656095,24.73,0.00930044480388192,24.5,24.84,8571,-1.00219846107725,-1.12085216209136
"2014-03-12",2014-03-12,0.00121310149615856,21244800,-0.669315525876462,24.76,0.0105008077544427,24.5,24.84,0,1.12906511203204,-1.11480540636436
"2014-03-13",2014-03-13,-0.00767366720516968,26243300,-0.671853088480803,24.57,0.00284900284900291,24.5,24.84,0,-1.00379128005587,-1.15328850052511
"2014-03-14",2014-03-14,-0.00284900284900286,21807200,-0.672787979966612,24.5,0,24.5,24.76,8574,-1.00139151177815,-1.16757947215226
"2014-03-17",2014-03-17,0.00816330612244899,18525800,-0.670116848080135,24.700001,0.00809720614991072,24.5,24.700001,8574,-0.996029756823821,-1.12690972830297
"2014-03-18",2014-03-18,0.00485825891262109,26344000,-0.668514190317196,24.82,0.0128928283642225,0,24.82,0,1.59225640616358,-1.10274477296153
"2014-03-19",2014-03-19,0.00805801772763897,34229400,-0.665843071786312,25.02,0.0207833733013589,0,25.02,0,1.61201039168665,-1.06285559541015
"2014-03-20",2014-03-20,0.0163868904876099,37009100,-0.660367278797998,25.43,0.0365709791584742,0,25.43,0,1.7596267279712,-0.982548218219101
"2014-03-21",2014-03-21,-0.0102241447109712,56861900,-0.663839732888148,25.17,0.0266189908621375,24.5,25.43,8579,-1.00525836788351,-1.03324950855128
"2014-03-24",2014-03-24,-0.00198645212554641,36950600,-0.664507499165277,25.120001,0.024681567488791,24.5,25.43,0,-1.0010059148979,-1.04308876094154
"2014-03-25",2014-03-25,0.0135349516904876,32317400,-0.659966624373958,25.459999,0.0133542031953733,25.120001,25.459999,8579,-0.993166555987671,-1.06871990186167
"2014-03-26",2014-03-26,-0.00314218394116977,26442800,-0.661035071786312,25.379999,0.0102442084414583,25.120001,25.459999,8582,-1.00161894158416,-1.08450099751608
"2014-03-27",2014-03-27,-0.00275807733483363,27201100,-0.661969963272121,25.309999,0.00750683553958276,25.120001,25.459999,0,-1.00141428424256,-1.09837036635362
"2014-03-28",2014-03-28,0.0122482027755117,22884500,-0.657829702838065,25.620001,0.0120999995277127,25.309999,25.620001,8582,1.61186420881484,-1.06538606246409
"2014-03-31",2014-03-31,0.00741600283309914,29336300,-0.655292166944909,25.809999,0.0193723370543331,0,25.809999,0,1.60101965375821,-1.02833623752099
"2014-04-01",2014-04-01,0.00697408008423391,23778700,-0.65288814691152,25.99,0.0261639476721816,0,25.99,0,1.35058292651012,-0.993606278092272
"2014-04-02",2014-04-02,-0.00384767218160827,22464700,-0.654223719532556,25.889999,0.0224024728622044,25.309999,25.99,8587,-1.00204563772118,-1.01285675227933
"2014-04-03",2014-04-03,0.0200850142945158,38581300,-0.647278797996662,26.41,0.0196895494131011,25.889999,26.41,8587,-0.989384485263152,-0.996873387197469
"2014-04-04",2014-04-04,-0.00946611132146914,47918000,-0.650617696160268,26.16,0.0103211391437309,25.889999,26.41,8589,-1.00515836170432,-1.04486621368905
"2014-04-07",2014-04-07,0.0126146788990825,49813500,-0.646210350584308,26.49,0.0124575311438277,26.16,26.49,8589,1.2069918804839,-1.02015189564518
"2014-04-08",2014-04-08,0.0158550396375992,56699500,-0.64060100166945,26.91,0.027870680044593,0,26.91,0,2.23725549812508,-0.940754350885296
"2014-04-09",2014-04-09,0.0026012634708287,34481800,-0.639666110183641,26.98,0.0303928836174945,0,26.98,0,1.0904966641957,-0.927697631266603
"2014-04-10",2014-04-10,-0.0203854707190512,40478200,-0.647011686143574,26.43,0.0102156640181612,26.16,26.98,8593,-1.01148345338762,-1.03164543097621
"2014-04-11",2014-04-11,-0.00945894816496406,36121100,-0.65035058430718,26.18,0.000763941940412516,26.16,26.98,0,-1.00516049127877,-1.07995290861404
"2014-04-14",2014-04-14,0.0145148586707411,26957900,-0.645275472454091,26.559999,0.0150602038802788,26.16,26.98,0,19.7138068792853,-1.00679131139206
"2014-04-15",2014-04-15,0.00790666445431712,45074400,-0.64247078464107,26.77,0.0227867015315651,26.16,26.98,0,1.51304070733093,-0.967017242838912
"2014-04-16",2014-04-16,0.00597683974598432,59033600,-0.640333889816362,26.93,0.0285926476049015,26.16,26.98,0,1.25479537112003,-0.937018806342254
"2014-04-17",2014-04-17,0.00408470107686597,38108500,-0.638864761268783,27.040001,0.0318047695338473,26.18,27.040001,8593,1.11234083577469,-0.919338709642903
"2014-04-21",2014-04-21,-0.0033284022437721,20398600,-0.640066764607681,26.950001,0.0285714646170143,26.18,27.040001,8599,-1.00188146758402,-0.93608993439492
"2014-04-22",2014-04-22,-0.00408166960735922,29601600,-0.64153589315526,26.84,0.0245901639344263,26.18,27.040001,0,-1.00229527391331,-0.956675057179006
"2014-04-23",2014-04-23,-0.0033532041728763,25574300,-0.642737896494158,26.75,0.0213084112149533,26.18,27.040001,0,-1.00187363380868,-0.973609259073528
"2014-04-24",2014-04-24,0,25432800,-0.642737896494158,26.75,0.0213084112149533,26.18,27.040001,0,-1,-0.973609259073528
"2014-04-25",2014-04-25,-0.0183177570093457,33614400,-0.649282136894826,26.26,0.00304645849200313,26.18,27.040001,0,-1.01018181818182,-1.06729702377821
"2014-04-28",2014-04-28,0.00266565118050254,33472800,-0.648347245409016,26.33,0.00569692366122287,26.18,27.040001,0,1.87001519179635,-1.05375588713524
"2014-04-29",2014-04-29,0.00569692366122302,22146000,-0.646343906510853,26.48,0.0113293051359517,26.18,27.040001,0,1.98867069486407,-1.02491738015106
"2014-04-30",2014-04-30,0.00793055135951655,25863900,-0.643539218697831,26.690001,0.0191083170060578,26.18,27.040001,0,1.6866274477347,-0.984944976458303
"2014-05-01",2014-05-01,-0.00899213154769078,19755200,-0.646744560934893,26.450001,0.0102079769297552,26.18,27.040001,0,-1.00498080325788,-1.03066558786015
"2014-05-02",2014-05-02,-0.00151232508460019,24235200,-0.647278797996662,26.41,0.00870882241575166,26.18,27.040001,0,-1.00082604028551,-1.03834527940146
"2014-05-05",2014-05-05,-0.00908746686861032,20738900,-0.650484140233724,26.17,0,26.17,26.950001,8609,-1.00495202723615,-1.08334256895262
"2014-05-06",2014-05-06,0.00114638899503243,21818000,-0.650083459098499,26.200001,0.00114507629217264,26.17,26.200001,8609,-0.999384026280669,-1.07750456884407
"2014-05-07",2014-05-07,0.00648854937066598,24692800,-0.647813008347247,26.370001,0.0075844138193244,0,26.370001,0,6.62350087166149,-1.04460953368941
"2014-05-08",2014-05-08,-0.00113769430649618,24166900,-0.648213689482472,26.34,0.00645406226271827,26.17,26.370001,8612,-1.00061851356806,-1.05039192157427
"2014-05-09",2014-05-09,-0.00151864085041762,20324400,-0.648747926544242,26.299999,0.00494292794459794,26.17,26.370001,0,-1.00082416812609,-1.05811685831155
"2014-05-12",2014-05-12,0.00266167310500654,20607800,-0.647813008347247,26.370001,0.00265460740786472,26.299999,26.370001,8612,-0.998558888346703,-1.06322837378369
"2014-05-13",2014-05-13,0.00303375035897806,20525000,-0.646744560934893,26.450001,0.00567115290468234,0,26.450001,0,2.13634335829871,-1.04780021628336
"2014-05-14",2014-05-14,-0.00453689963943676,17811900,-0.648347245409016,26.33,0.00113942271173562,26.299999,26.450001,8616,-1.00247807955556,-1.07096860794529
"2014-05-15",2014-05-15,-0.0121534371439421,31752700,-0.652621035058432,26.01,0,26.01,26.33,8617,-1.00659182202081,-1.09141317045678
"2014-05-16",2014-05-16,-0.00730488273740874,30017200,-0.655158597662773,25.82,0,25.82,26.01,8618,-1.00388826358334,-1.10099700974297
"2014-05-19",2014-05-19,0.0085205654531371,22679600,-0.652220353923207,26.040001,0.0084485787846168,25.82,26.040001,8618,-0.995515217612883,-1.05799138029941
"2014-05-20",2014-05-20,0,22292600,-0.652220353923207,26.040001,0.0084485787846168,0,26.040001,0,-1,-1.05799138029941
"2014-05-21",2014-05-21,0.00614439300520765,18721300,-0.650083459098499,26.200001,0.0145038544082499,0,26.200001,0,1.71672121169758,-1.02705127862561
"2014-05-22",2014-05-22,-0.00190843504166285,15926500,-0.650751252086813,26.15,0.0126195028680688,25.82,26.200001,8622,-1.00102724193174,-1.03669019076688
"2014-05-23",2014-05-23,0.00535376673040159,17172200,-0.648881455759601,26.290001,0.00532525654905835,26.15,26.290001,8622,-0.997126711133915,-1.05717719544153
"2014-05-27",2014-05-27,0.0159755794607996,27271900,-0.643272133555928,26.709999,0.020965893708944,0,26.709999,0,3.9370673536191,-0.97692057634178
"2014-05-28",2014-05-28,0.00636465766996104,27150100,-0.641001682804676,26.879999,0.0271577019031884,0,26.879999,0,1.29532765357878,-0.944960407322499
"2014-05-29",2014-05-29,0.00297619058691179,20638900,-0.639933235392322,26.959999,0.0300444744081779,0,26.959999,0,1.1062966415671,-0.93002237506883
"2014-05-30",2014-05-30,0.0133531533142861,43641000,-0.635125208681136,27.32,0.0428257686676428,0,27.32,0,1.42541247637821,-0.863591215873976
"2014-06-02",2014-06-02,-0.00219619326500727,20264900,-0.635926544240402,27.26,0.0407190022010272,26.15,27.32,8628,-1.00126169698244,-0.874574504481793
"2014-06-03",2014-06-03,0.0146735143066764,33256300,-0.630584307178632,27.66,0.0144613159797541,27.26,27.66,8628,-0.991599285939305,-0.953567749022916
"2014-06-04",2014-06-04,-0.00216919739696308,21612500,-0.631385642737898,27.6,0.0123188405797101,27.26,27.66,8630,-1.00127078259028,-0.964685902748336
"2014-06-05",2014-06-05,0.00217391304347821,26546200,-0.630584307178632,27.66,0.00216919739696309,27.6,27.66,8630,-0.998730830248546,-0.999992490931826
"2014-06-06",2014-06-06,0.0184381778741866,34795600,-0.623772954924876,28.17,0.020234291799787,0,28.17,0,9.32800851970196,-0.906039393435732
"2014-06-09",2014-06-09,-0.00922967696130641,39933000,-0.627245409015026,27.91,0.01110713006091,27.6,28.17,8633,-1.00556685579702,-0.953625487653284
"2014-06-10",2014-06-10,0.0118237190970978,34256900,-0.622838063439066,28.24,0.0116855524079319,27.91,28.24,8633,1.05207667001736,-0.934795292721208
"2014-06-11",2014-06-11,-0.0109773371104815,27747700,-0.626978297161938,27.93,0.000716075904045765,27.91,28.24,8635,-1.00664736785676,-0.991861484596195
"2014-06-12",2014-06-12,0.00107407805227354,31211400,-0.626577642737898,27.959999,0.00178823325422861,27.91,28.24,0,2.49726773953048,-0.986298984849859
"2014-06-13",2014-06-13,0.0683119480798264,122194300,-0.601068434056763,29.870001,0.064948139774083,27.93,29.870001,8635,36.3197248572025,-0.651414419526807
"2014-06-16",2014-06-16,0.00468694326458185,36407800,-0.599198664440736,30.01,0.0693102299233589,0,30.01,0,1.06716266492696,-0.627877998260767
"2014-06-17",2014-06-17,-0.00199930023325562,28440600,-0.599999986644409,29.950001,0.0674457740418773,27.93,30.01,8639,-1.00133732308035,-0.637946080402683
"2014-06-18",2014-06-18,-0.000667812999405262,34412300,-0.60026711185309,29.93,0.0668225860340795,27.93,30.01,0,-1.00044520869105,-0.641308605830236
"2014-06-19",2014-06-19,0.00534580688272637,27166600,-0.598130217028382,30.09,0.00531738118976399,29.93,30.09,8639,-0.996440093447547,-0.865530203731764
"2014-06-20",2014-06-20,0.00365573280159523,39826400,-0.596661088480803,30.200001,0.00894043016753543,0,30.200001,0,1.68135964838215,-0.846298122152293
"2014-06-23",2014-06-23,0.000993344337968734,26528900,-0.596260434056763,30.23,0.00992391663910031,0,30.23,0,1.11000437933469,-0.841070513631335
"2014-06-24",2014-06-24,0.00893152497519019,53397600,-0.592654424040068,30.5,0.0186885245901639,0,30.5,0,1.88318032786884,-0.794349296085409
"2014-06-25",2014-06-25,0.0124589836065574,44293300,-0.58757931218698,30.879999,0.0307642173174941,0,30.879999,0,1.64615548804136,-0.729574320900024
"2014-06-26",2014-06-26,-0.00323827730693913,26722300,-0.588914844741237,30.780001,0.027615366224322,29.93,30.879999,8646,-1.00227294005517,-0.746510893066184
"2014-06-27",2014-06-27,0.00487326170002402,30776300,-0.586911519198666,30.93,0.00484962819269319,30.780001,30.93,8646,-0.996598276371432,-0.82492615034822
"2014-06-30",2014-06-30,-0.000969932104752704,21558400,-0.587312186978299,30.9,0.00388346278317153,30.780001,30.93,8648,-1.00068267152122,-0.830088391308689
"2014-07-01",2014-07-01,0.00258899676375411,28240000,-0.586243739565945,30.98,0.00258231116849583,30.9,30.98,8648,-0.998180784536669,-0.830967266049536
"2014-07-02",2014-07-02,0,16831200,-0.586243739565945,30.98,0.00258231116849583,0,30.98,0,-1,-0.830967266049536
"2014-07-03",2014-07-03,0.00516459005810197,20437600,-0.58410685809683,31.139999,0.00770709722887275,0,31.139999,0,2.98457340188094,-0.803541477841069
"2014-07-07",2014-07-07,-0.00353237005563169,22233400,-0.585575946577631,31.030001,0.00418952612988954,30.9,31.139999,8652,-1.00251510226329,-0.822375040373016
"2014-07-08",2014-07-08,-0.00773445028248624,37608700,-0.588781288814693,30.790001,0,30.790001,31.030001,8653,-1.00547382838348,-0.850303900078836
"2014-07-09",2014-07-09,0.00324774266814734,28302400,-0.587445756260436,30.889999,0.00323722898145773,30.790001,30.889999,8653,-0.997731700073306,-0.83303354325005
"2014-07-10",2014-07-10,0.0119780191640667,32455100,-0.582504173622706,31.26,0.0150351567498401,0,31.26,0,4.64445265872721,-0.769811939500372
"2014-07-11",2014-07-11,-0.000319897632757568,20045000,-0.58263772954925,31.25,0.014719968,30.790001,31.26,8656,-1.0002292789178,-0.771506753591517
"2014-07-14",2014-07-14,0.00767999999999995,24244600,-0.579432387312188,31.49,0.00762146713242295,31.25,31.49,8656,-0.994498567335244,-0.786210393441295
"2014-07-15",2014-07-15,0.00698631311527474,61006100,-0.576494170283808,31.709999,0.0145064337592694,0,31.709999,0,1.90336499616415,-0.749110298543398
"2014-07-16",2014-07-16,0.0927153293193103,135834600,-0.537228687813023,34.650002,0.0981241501804242,0,34.650002,0,6.76418145277948,-0.28500634810752
"2014-07-17",2014-07-17,-0.0274170546945423,70591100,-0.549916514190319,33.700001,0.072700324252216,31.25,34.650002,8660,-1.02361717954591,-0.428946028650644
"2014-07-18",2014-07-18,0,46528800,-0.549916514190319,33.700001,0.072700324252216,31.25,34.650002,0,-1,-0.428946028650644
"2014-07-21",2014-07-21,0.0106824922646145,32097200,-0.545108500834726,34.060001,0.0825014949353642,31.25,34.650002,0,1.13481605183968,-0.373770218725751
"2014-07-22",2014-07-22,0.0214327650783098,42915100,-0.535358918196997,34.790001,0.0313308412954629,33.700001,34.790001,8660,-0.982114418280398,-0.530208876383889
"2014-07-23",2014-07-23,-0.00833575716194997,26077000,-0.539232053422372,34.5,0.0231883768115942,33.700001,34.790001,8664,-1.00723465154633,-0.57558926477059
"2014-07-24",2014-07-24,-0.0072463768115942,33180400,-0.542570951585978,34.25,0.0160583649635037,33.700001,34.790001,0,-1.0061919504644,-0.61512813206081
"2014-07-25",2014-07-25,0,31614000,-0.542570951585978,34.25,0.0160583649635037,33.700001,34.790001,0,-1,-0.61512813206081
"2014-07-28",2014-07-28,-0.000583941605839507,30972200,-0.542838063439067,34.23,0.0154834647969616,33.700001,34.790001,0,-1.00049230769231,-0.618308234045042
"2014-07-29",2014-07-29,-0.00116859479988304,26141700,-0.543372300500836,34.189999,0.0143316178511734,33.700001,34.790001,0,-1.00098415549268,-0.624676218079723
"2014-07-30",2014-07-30,0.00467970180402752,32782800,-0.541235419031721,34.349998,0.018922766749506,33.700001,34.790001,0,1.3203510549897,-0.599265864993692
"2014-07-31",2014-07-31,-0.0133915291639899,35431200,-0.547378978297164,33.889999,0.00560631471249096,33.700001,34.790001,0,-1.01135099265387,-0.67276222741293
"2014-08-01",2014-08-01,-0.00442599599958696,33472400,-0.549382277128549,33.740002,0.00118556602338071,33.700001,34.790001,0,-1.00365980227742,-0.697024501335925
"2014-08-04",2014-08-04,0.00918781806829777,27250100,-0.545242083472456,34.049999,0.0102789430331555,33.700001,34.790001,0,8.6700722106091,-0.647044093275399
"2014-08-05",2014-08-05,-0.036123319709936,49845100,-0.561669449081805,32.82,0,32.82,34.5,8673,-1.03012857244021,-0.747908193936105
"2014-08-06",2014-08-06,0.000914015843997534,27923900,-0.561268808013357,32.849998,0.000913181181928846,32.82,32.849998,8673,-0.999286695993342,-0.742946164121872
"2014-08-07",2014-08-07,-0.00517497748401688,27820100,-0.563539232053424,32.68,0,0,32.849998,8675,-1.00404516340059,-0.754969970252242
"2014-08-08",2014-08-08,-0.00244804161566709,35484000,-0.564607706176963,32.599998,0,32.599998,32.68,8676,-1.00189600663586,-0.759005371886839
"2014-08-11",2014-08-11,0.0128834977229141,27718600,-0.55899833055092,33.02,0.0127196244700183,32.599998,33.02,8676,-0.990065003426848,-0.689780600487437
"2014-08-12",2014-08-12,0.00333134463961226,24805600,-0.55752920200334,33.130001,0.0159976753396416,0,33.130001,0,1.25771601019748,-0.671851504070529
"2014-08-13",2014-08-13,0.0292785080205702,36291000,-0.544574317195327,34.099998,0.0439882723746787,0,34.099998,0,2.74966652596566,-0.517209046458639
"2014-08-14",2014-08-14,-0.00469205306111746,25458000,-0.546711198664442,33.939999,0.0394814684584994,32.599998,34.099998,8680,-1.00392394830539,-0.542300846318762
"2014-08-15",2014-08-15,0.00677663543832159,28577600,-0.543639425709518,34.169998,0.00673102175774198,33.939999,34.169998,8680,-0.99438136083104,-0.654390943690422
"2014-08-18",2014-08-18,0.00702376394637181,27232200,-0.540434056761271,34.41,0.0136588491717523,0,34.41,0,2.02923860052034,-0.616119996118478
"2014-08-19",2014-08-19,-0.0020342923568728,29281900,-0.54136894824708,34.34,0.0116482527664532,33.939999,34.41,8683,-1.00172989002842,-0.627244483261971
"2014-08-20",2014-08-20,0.0046592894583575,27140300,-0.539232053422372,34.5,0.0046376811594202,34.34,34.5,8683,-0.996052793881831,-0.645651333573654
"2014-08-21",2014-08-21,0.0188406376811594,37164900,-0.530550891485811,35.150002,0.0230441523161221,0,35.150002,0,4.96889534316392,-0.543347050808392
"2014-08-22",2014-08-22,-0.00597448045664408,21196700,-0.533355606010018,34.939999,0.0171722672344666,34.34,35.150002,8686,-1.00528641939768,-0.576116739339794
"2014-08-25",2014-08-25,-0.00372060686092179,18614500,-0.535091806343908,34.810001,0.0135018956190204,34.34,35.150002,0,-1.0032552396831,-0.596536222415013
"2014-08-26",2014-08-26,-0.000287331218404736,19664700,-0.535225388981638,34.799999,0.0132183624488034,34.34,35.150002,0,-1.0002496443342,-0.598111580934345
"2014-08-27",2014-08-27,-0.000287298858830515,17168900,-0.535358918196997,34.790001,0.0129347797374307,34.34,35.150002,0,-1.00024948221461,-0.599686924795146
"2014-08-28",2014-08-28,-0.0040241160096545,18908900,-0.537228687813023,34.650002,0.00894666615026452,34.34,35.150002,0,-1.00349255341131,-0.62181091538384
"2014-08-29",2014-08-29,0.00779209190233233,32302800,-0.533622731218699,34.919998,0.0166093365755633,34.34,35.150002,0,1.85648333095253,-0.579251685456937
"2014-09-02",2014-09-02,-0.0100228528077235,32094800,-0.538297161936563,34.57,0.00665316748625966,34.34,35.150002,0,-1.00875980434189,-0.634508378226821
"2014-09-03",2014-09-03,0,26668800,-0.538297161936563,34.57,0.00665316748625966,34.34,35.150002,0,-1,-0.634508378226821
"2014-09-04",2014-09-04,0.00983511715360128,27632400,-0.533756260434058,34.91,0.0163276997994842,34.34,35.150002,0,2.45412426986165,-0.580819679930148
"2014-09-05",2014-09-05,0.00257805786307658,20841900,-0.53255425709516,35,0.0188571428571428,34.34,35.150002,0,1.15491729323309,-0.566726793114883
"2014-09-08",2014-09-08,0.00942862857142858,24859600,-0.528146884808015,35.330002,0.0215115187369647,34.57,35.330002,8686,1.14076235726328,-0.540056058215194
"2014-09-09",2014-09-09,-0.0118879698902933,22333100,-0.533756260434058,34.91,0.0097393297049555,34.57,35.330002,8697,-1.01062086284592,-0.605702565592111
"2014-09-10",2014-09-10,0.003150959610427,19964200,-0.532287145242072,35.02,0.0128498001142205,34.57,35.330002,0,1.31937212349248,-0.588406435705638
"2014-09-11",2014-09-11,0,21949000,-0.532287145242072,35.02,0.0128498001142205,34.57,35.330002,0,-1,-0.588406435705638
"2014-09-12",2014-09-12,-0.0114220731010852,26732600,-0.537629395659434,34.619999,0.00144422303420633,34.57,35.330002,0,-1.01003640697529,-0.651659451356592
"2014-09-15",2014-09-15,-0.00231074530071487,22438000,-0.538697816360603,34.540001,0,34.540001,35.02,8701,-1.00198728103373,-0.661149177325159
"2014-09-16",2014-09-16,0.0112912272353438,20875700,-0.53348914858097,34.93,0.0111651588892071,34.540001,34.93,8701,-0.990331002611404,-0.599308684000734
"2014-09-17",2014-09-17,0.00143143429716568,26278900,-0.532821368948249,34.98,0.0125785877644369,0,34.98,0,1.1265928133451,-0.591448397981731
"2014-09-18",2014-09-18,0.0054316180674672,23809600,-0.530283833055093,35.169998,0.0179129097476777,0,35.169998,0,1.42407956148483,-0.561718049401548
"2014-09-19",2014-09-19,-0.00995160704871235,46851900,-0.534958263772957,34.82,0.00804132682366465,34.540001,35.169998,8705,-1.00881495988843,-0.616655278047634
"2014-09-22",2014-09-22,-0.00315913268236637,25447700,-0.536427392320536,34.709999,0.00489766651966794,34.540001,35.169998,0,-1.00274624890775,-0.634076809614578
"2014-09-23",2014-09-23,-0.00835496999005974,25690700,-0.540300527545911,34.419998,0,34.419998,34.82,8707,-1.00722024132403,-0.667202279777055
"2014-09-24",2014-09-24,0.00958750782030843,18829000,-0.535893155258766,34.75,0.00949646043165464,34.419998,34.75,8707,-0.991842739248907,-0.614690433168397
"2014-09-25",2014-09-25,-0.0175539856115107,34639700,-0.544040080133557,34.139999,0,0,34.75,8709,-1.01520251713396,-0.68132578196807
"2014-09-26",2014-09-26,0.00351490930037813,25882300,-0.542437422370619,34.259998,0.00350259798614116,34.139999,34.259998,8709,-0.997054154975963,-0.662044306693189
"2014-09-29",2014-09-29,0.0186807950193108,29003100,-0.533889789649417,34.900002,0.0217765890099375,0,34.900002,0,6.21726760995741,-0.560744685187526
"2014-09-30",2014-09-30,-0.00229232078554037,35274600,-0.534958263772956,34.82,0.0195290350373348,34.139999,34.900002,8712,-1.00200130091314,-0.573268624611736
"2014-10-01",2014-10-01,-0.0238368179207353,35086600,-0.546043378964943,33.990002,0,33.990002,34.82,8713,-1.02072145799526,-0.688891819554438
"2014-10-02",2014-10-02,-0.0138276543790728,32910800,-0.552320534223708,33.52,0,33.52,33.990002,8714,-1.01149570803452,-0.712599312355418
"2014-10-03",2014-10-03,0.0152147673031024,25834600,-0.545509195325544,34.029999,0.0149867474283497,33.52,34.029999,8714,-0.987667778986822,-0.630272533208227
"2014-10-06",2014-10-06,0.00235092572291878,24321100,-0.544440721202005,34.110001,0.0172970091674871,0,34.110001,0,1.15415364475731,-0.617511759762488
"2014-10-07",2014-10-07,-0.0187628256006206,25972100,-0.552988300500836,33.470001,0,0,34.110001,8717,-1.01569974281123,-0.715121324884207
"2014-10-08",2014-10-08,0.0239019712010167,34960600,-0.54230383973289,34.27,0.0233440035016049,33.470001,34.27,8717,-0.980678685682374,-0.586602985215554
"2014-10-09",2014-10-09,-0.0189670557338781,28185700,-0.550984988313858,33.619999,0.00446157062645947,33.470001,34.27,8719,-1.01600790543037,-0.690704824663865
"2014-10-10",2014-10-10,-0.0508625535652157,80917600,-0.57382303839733,31.91,0,31.91,33.619999,8720,-1.04144949602595,-0.793809739990996
"2014-10-13",2014-10-13,-0.0137888122845503,42110200,-0.579699512520869,31.469999,0,31.469999,31.91,8721,-1.01024091702549,-0.816003944568687
"2014-10-14",2014-10-14,0.0212901182488122,68671000,-0.570751265442405,32.139999,0.0208462980972713,31.469999,32.139999,8721,-0.984563990679323,-0.703476225220667
"2014-10-15",2014-10-15,-0.0267578726433689,92305200,-0.582237048414025,31.280001,0,0,32.139999,8723,-1.02012397285307,-0.825587682972355
"2014-10-16",2014-10-16,-0.0137468345988863,47787400,-0.58797996661102,30.85,0,30.85,31.280001,8724,-1.00986353962297,-0.847277474956036
"2014-10-17",2014-10-17,0.0171798703403566,37504500,-0.580901515859768,31.379999,0.0168897073578619,30.85,31.379999,8724,-0.987961408290744,-0.756754791925189
"2014-10-20",2014-10-20,0.0063735183675435,30523700,-0.57823038397329,31.58,0.0231158961367953,0,31.58,0,1.36863804961282,-0.723151486458319
"2014-10-21",2014-10-21,0.0326156111462951,33278400,-0.564474110183641,32.610001,0.0539712034967431,0,32.610001,0,2.33480904990021,-0.554662944221347
"2014-10-22",2014-10-22,-0.0104262799623954,26725600,-0.569015025041738,32.27,0.0440037186241091,30.85,32.610001,8728,-1.00804450509983,-0.609458113050376
"2014-10-23",2014-10-23,0.0130151533932444,22254900,-0.563405689482472,32.689999,0.0128479355413867,32.27,32.689999,8728,-0.990142025583852,-0.705941662649905
"2014-10-24",2014-10-24,0.0149893244108083,27814300,-0.556861435726212,33.18,0.0274261603375526,0,33.18,0,2.13467449686414,-0.626166511713293
"2014-10-27",2014-10-27,0.000602802893309241,23751900,-0.556594310517531,33.200001,0.0280120774695156,0,33.200001,0,1.02136344004234,-0.622944750530708
"2014-10-28",2014-10-28,0.0162650898715333,21857800,-0.549382277128549,33.740002,0.0435685214245095,0,33.740002,0,1.55534774141344,-0.536953008974231
"2014-10-29",2014-10-29,0.00533479517873184,24615200,-0.546978323873123,33.919998,0.0486438118304133,0,33.919998,0,1.11648984725584,-0.508705481559616
"2014-10-30",2014-10-30,-0.0395046013858845,55217900,-0.564874764607681,32.580002,0.00951510070502748,32.27,33.919998,8734,-1.03271873848279,-0.724077464801026
"2014-10-31",2014-10-31,0.0438918327874873,52089700,-0.545776320534225,34.009998,0.0420463417845541,32.580002,34.009998,8734,4.41890665038765,-0.529083022474285
"2014-11-03",2014-11-03,0.0088210237471933,28703600,-0.54176960267112,34.310001,0.0504225866970974,0,34.310001,0,1.19921459411293,-0.482315181190037
"2014-11-04",2014-11-04,0.00670358476526995,34695900,-0.538697816360603,34.540001,0.0567457713738919,0,34.540001,0,1.12540381386579,-0.44683235531344
"2014-11-05",2014-11-05,-0.022582599230382,34705500,-0.549115218697831,33.759998,0.034952490222304,32.580002,34.540001,8738,-1.01933811873901,-0.568485319983943
"2014-11-06",2014-11-06,0.00177731053183111,25240600,-0.548313856427381,33.82,0.0366646363098758,32.580002,34.540001,0,1.04898495290843,-0.558992328517814
"2014-11-07",2014-11-07,-0.00709633353045535,27604500,-0.551519171953257,33.580002,0.0297796289589262,32.580002,34.540001,0,-1.00584576787237,-0.597101351968828
"2014-11-10",2014-11-10,-0.00952960038537214,30653600,-0.555793015025043,33.259998,0.0204448599185124,32.580002,34.540001,0,-1.00774921940909,-0.648498212550033
"2014-11-11",2014-11-11,0.00150339756484642,19676600,-0.555125195325544,33.310001,0.0219153100595824,32.580002,34.540001,0,1.07192273006177,-0.640422417900687
"2014-11-12",2014-11-12,0.00210147096663252,22864200,-0.554190303839734,33.380001,0.0239664162981901,32.580002,34.540001,0,1.09359238965962,-0.629144933652305
"2014-11-13",2014-11-13,0.00898738738803512,26449300,-0.550183639399,33.68,0.0326602731591449,32.580002,34.540001,0,1.36275164183021,-0.58117774072553
"2014-11-14",2014-11-14,0.00801665676959622,18104600,-0.546577616026713,33.950001,0.0403534303283231,32.580002,34.540001,0,1.23555091323613,-0.538503116584326
"2014-11-17",2014-11-17,0.00854200269390262,17646300,-0.542704480801337,34.240002,0.0484813055793629,32.580002,34.540001,0,1.2014172075313,-0.493177828656034
"2014-11-18",2014-11-18,0.0137265470954122,30674800,-0.536427392320536,34.709999,0.0417747347097301,33.259998,34.709999,8738,-0.988433689599295,-0.4947998931457
"2014-11-19",2014-11-19,-0.0103716799300399,21289600,-0.541235419031721,34.349998,0.0317321706976518,33.259998,34.709999,8748,-1.00896305218566,-0.550887445253079
"2014-11-20",2014-11-20,0.0465794204704175,61994700,-0.519866430717865,35.950001,0.0445063409038571,34.349998,35.950001,8748,1.40256212938974,-0.421935929566597
"2014-11-21",2014-11-21,-0.0100139357437013,56721600,-0.52467445742905,35.59,0.0348413037370049,34.349998,35.950001,8750,-1.00924858084133,-0.476597642325351
"2014-11-24",2014-11-24,0.0185445349817363,33321100,-0.51585976627713,36.25,0.018206896551724,35.59,36.25,8750,-0.983199694539901,-0.506131062150799
"2014-11-25",2014-11-25,0.00193103448275863,29093200,-0.51492487479132,36.32,0.0200991189427312,0,36.32,0,1.10392888132426,-0.495453648717603
"2014-11-26",2014-11-26,0.015969218061674,24060000,-0.507178604340569,36.900002,0.0355014072898966,0,36.900002,0,1.76631659283431,-0.408026419593647
"2014-11-28",2014-11-28,0.00948504013631217,19128500,-0.502504173622706,37.25,0.0445637583892616,0,37.25,0,1.25526737645536,-0.356145489042208
"2014-12-01",2014-12-01,-0.00214770469798659,30904000,-0.503572647746245,37.169998,0.0425073469199539,35.59,37.25,8755,-1.00212629900332,-0.367947523505648
"2014-12-02",2014-12-02,0.0115684698180506,28361100,-0.497829742904843,37.599998,0.011436170821073,37.169998,37.599998,8755,-0.988595677570843,-0.46360706731883
"2014-12-03",2014-12-03,-0.00452122364474593,30660800,-0.50010016694491,37.43,0.00694635319262626,37.169998,37.599998,8757,-1.00456064361848,-0.489139075701988
"2014-12-04",2014-12-04,0.000801469409564618,23359100,-0.49969951252087,37.459999,0.0077416179322376,37.169998,37.599998,0,1.11448665473209,-0.484622341003857
"2014-12-05",2014-12-05,0.0056059531662026,20527600,-0.496894851419034,37.669998,0.00637106484582239,37.43,37.669998,8757,-0.994387304707008,-0.479206017199543
"2014-12-08",2014-12-08,-0.0124766929905332,28134800,-0.503171939899835,37.200001,0,0,37.669998,8760,-1.01263262934376,-0.526975427318552
"2014-12-09",2014-12-09,-0.00833338687275834,28487300,-0.507312200333891,36.889999,0,36.889999,37.200001,8761,-1.00822832138629,-0.542612318615374
"2014-12-10",2014-12-10,-0.0127406075559938,27499900,-0.513589342237064,36.419998,0,36.419998,36.889999,8762,-1.01237333125251,-0.566319760975095
"2014-12-11",2014-12-11,0.0076881662651382,25088200,-0.509849736227047,36.700001,0.00762950932889617,36.419998,36.700001,8762,-0.992718684555003,-0.523381007839358
"2014-12-12",2014-12-12,-0.0128065664085405,29322500,-0.516126878130219,36.23,0,0,36.700001,8764,-1.01231174884903,-0.575903499378762
"2014-12-15",2014-12-15,-0.0085565001380071,30633400,-0.520267138564276,35.919998,0,35.919998,36.23,8765,-1.0080217880709,-0.591540390675585
"2014-12-16",2014-12-16,-0.0100221887540194,31166300,-0.52507511185309,35.560001,0,35.560001,35.919998,8766,-1.00924135493563,-0.609699092736159
"2014-12-17",2014-12-17,0.0191226372575186,31637700,-0.515993295492489,36.240002,0.01876382346778,35.560001,36.240002,8766,-0.982703776744342,-0.504531978246158
"2014-12-18",2014-12-18,0.0215231224324989,32128100,-0.505575959933224,37.02,0.0394381145326851,0,37.02,0,2.10181654077089,-0.387105455565509
"2014-12-19",2014-12-19,-0.0175581037277148,76786800,-0.514257108514192,36.369999,0.0222710481790225,35.560001,37.02,8769,-1.01717080966847,-0.48472871709394
"2014-12-22",2014-12-22,0.0230959588423416,29227100,-0.503038410684476,37.209999,0.0225745773333669,36.369999,37.209999,8769,1.01362886703421,-0.441211693535464
"2014-12-23",2014-12-23,0.00591241617609278,22169700,-0.50010016694491,37.43,0.0283195565054769,0,37.43,0,1.25448889196337,-0.40841699017355
"2014-12-24",2014-12-24,0.00026713865882983,12109100,-0.499966624373958,37.439999,0.0285790605923895,0,37.439999,0,1.00916342340539,-0.406932535762653
"2014-12-26",2014-12-26,0.00293803426650731,14037200,-0.498497509181972,37.549999,0.0314247678142415,0,37.549999,0,1.09957315471069,-0.390636360648813
"2014-12-29",2014-12-29,-0.00985350225974706,12203300,-0.503439065108516,37.18,0.0217859332974718,36.369999,37.549999,8774,-1.00991289993535,-0.445703423230656
"2014-12-30",2014-12-30,-0.0112964497041419,15214100,-0.509048440734559,36.759998,0.0106093313715633,36.369999,37.549999,0,-1.01114211433877,-0.509100523599435
"2014-12-31",2014-12-31,-0.0127855556466572,20393600,-0.515325529215361,36.290001,0,36.290001,37.18,8776,-1.01233102388398,-0.572876973373443
"2015-01-02",2015-01-02,0.00192890598156777,23605600,-0.514390637729551,36.360001,0.00192519246630385,36.290001,36.360001,8776,-0.998185823459526,-0.562075038912725
"2015-01-05",2015-01-05,-0.0112761273026367,32785000,-0.519866430717865,35.950001,0,0,36.360001,8778,-1.01064520344399,-0.590027001569777
"2015-01-06",2015-01-06,-0.0186370509419458,30847600,-0.528814704507514,35.279999,0,35.279999,35.950001,8779,-1.01721264013391,-0.623822746250953
"2015-01-07",2015-01-07,0.0209750856285457,27725200,-0.518931552587648,36.02,0.0205441699056081,35.279999,36.02,8779,-0.981310746778362,-0.508905162824396
"2015-01-08",2015-01-08,0.0186007495835646,31765400,-0.509983318864776,36.689999,0.0384300909901907,0,36.689999,0,1.87060811737641,-0.407558214136163
"2015-01-09",2015-01-09,0.00190784960228543,22850500,-0.509048440734559,36.759998,0.0402611284146427,0,36.759998,0,1.04764592998022,-0.39711193387109
"2015-01-12",2015-01-12,-0.00435255736412183,29400800,-0.511185335559267,36.599998,0.0360655484188825,35.279999,36.759998,8783,-1.00419782215937,-0.421028357000661
"2015-01-13",2015-01-13,-0.00273218594164949,31478000,-0.512520868113524,36.5,0.033424684931507,35.279999,36.759998,0,-1.00261261906662,-0.436046367013911
"2015-01-14",2015-01-14,-0.00410964383561646,34250300,-0.514524233722873,36.349998,0.0294360126237146,35.279999,36.759998,0,-1.00390884690554,-0.458677031690473
"2015-01-15",2015-01-15,-0.00440162335084583,47181800,-0.516661115191988,36.189999,0.0251450683930664,35.279999,36.759998,0,-1.00415312113417,-0.482953575000489
"2015-01-16",2015-01-16,0.00718436051904837,62812200,-0.513188634390653,36.450001,0.0320988194211573,35.279999,36.759998,0,1.27654532170644,-0.44357589421231
"2015-01-20",2015-01-20,-0.00987657037375656,35929400,-0.517996661101838,36.09,0.0224439179828209,35.279999,36.759998,0,-1.00936892672398,-0.498199326460081
"2015-01-21",2015-01-21,0.0108063175394844,27442600,-0.512787979966613,36.48,0.032894764254386,35.279999,36.759998,0,1.46564268678777,-0.439056590943884
"2015-01-22",2015-01-22,0.0117872807017544,31809900,-0.50704507512521,36.91,0.0222162015713897,36.09,36.91,8783,-0.988800625081391,-0.457697530656871
"2015-01-23",2015-01-23,-0.012462720130046,27427100,-0.513188634390653,36.450001,0.00987657037375655,36.09,36.91,8791,-1.01211639668115,-0.527504646584212
"2015-01-26",2015-01-26,-0.0175582985580714,30906800,-0.521736213689484,35.810001,0,35.810001,36.450001,8792,-1.01665582346534,-0.597088777885914
"2015-01-27",2015-01-27,-0.0452388147098907,58456200,-0.543372300500836,34.189999,0,34.189999,35.810001,8793,-1.04146939822013,-0.678803718998021
"2015-01-28",2015-01-28,-0.0119918108216383,34929100,-0.54884809348915,33.779999,0,33.779999,34.189999,8794,-1.01007742386439,-0.699484635352423
"2015-01-29",2015-01-29,0.0127294260725113,29569400,-0.543105188647748,34.209999,0.0125694245124066,33.779999,34.209999,8794,-0.989536440210818,-0.630322825833944
"2015-01-30",2015-01-30,-0.0342004686992247,38719700,-0.558731205342239,33.040001,0,0,34.209999,8796,-1.02877162108025,-0.73681106642663
"2015-02-02",2015-02-02,0.0184624994412078,38733800,-0.550584280467447,33.650002,0.0181278146729383,33.040001,33.650002,8796,-0.985418883361274,-0.637576911304265
"2015-02-03",2015-02-03,0.0014858542950458,36038300,-0.549916514190319,33.700001,0.0195845691517933,0,33.700001,0,1.08036018158491,-0.629553044050435
"2015-02-04",2015-02-04,-0.00296744798316181,25052800,-0.551252113522539,33.599998,0.0166665783730107,33.040001,33.700001,8799,-1.00242873108509,-0.645617957658254
"2015-02-05",2015-02-05,0.0101190779832785,20491400,-0.546711198664442,33.939999,0.0100177080146644,33.599998,33.939999,8799,-0.99176254431193,-0.653579261431515
"2015-02-06",2015-02-06,-0.0188568066840544,29342400,-0.555258777963274,33.299999,0,0,33.939999,8801,-1.01563454218555,-0.723696439864894
"2015-02-09",2015-02-09,-0.0111110814147472,28705500,-0.560200333889818,32.93,0,32.93,33.299999,8802,-1.00889955480699,-0.742359655401997
"2015-02-10",2015-02-10,0.0233829638627392,20200000,-0.549916514190319,33.700001,0.022848693684015,32.93,33.700001,8802,-0.981642603409226,-0.617225133450948
"2015-02-11",2015-02-11,-0.00445109779076863,18364200,-0.551919879799668,33.549999,0.0184798515195187,32.93,33.700001,8804,-1.00364303591118,-0.641291619573598
"2015-02-12",2015-02-12,0.0172876905301845,20056700,-0.544173609348916,34.130001,0.0169939051569322,33.549999,34.130001,8804,-0.985964864223476,-0.617647694557607
"2015-02-13",2015-02-13,0.00673893915209662,18037900,-0.541101823038399,34.360001,0.0235739806876023,0,34.360001,0,1.38720208627185,-0.581194646053429
"2015-02-17",2015-02-17,0.0110594001437893,19374100,-0.536026684474125,34.740002,0.0342545460993352,0,34.740002,0,1.45306584209386,-0.521688671899931
"2015-02-18",2015-02-18,-0.01352912990621,19992900,-0.54230383973289,34.27,0.0210096585935221,33.549999,34.740002,8808,-1.01171052755503,-0.595419314081421
"2015-02-19",2015-02-19,-0.00175083163116428,11017500,-0.543105188647748,34.209999,0.0192926050655542,33.549999,34.740002,0,-1.00147767516316,-0.604930789474659
"2015-02-20",2015-02-20,0.00584627319047841,20955600,-0.54043405676127,34.41,0.0249927637314733,33.549999,34.740002,0,1.29545821554687,-0.573314188908862
"2015-02-23",2015-02-23,-0.0188899157221736,25565500,-0.549115218697831,33.759998,0.00622034989457054,33.549999,34.740002,0,-1.01606331397504,-0.677000560072259
"2015-02-24",2015-02-24,0.0192536148846926,29607500,-0.54043405676127,34.41,0.0249927637314733,33.549999,34.740002,0,4.01790319758191,-0.573314188908862
"2015-02-25",2015-02-25,-0.0133681778552745,24686300,-0.546577616026713,33.950001,0.0117820909637086,33.549999,34.740002,0,-1.01136782404547,-0.646411045316082
"2015-02-26",2015-02-26,-0.00883649458508115,25928400,-0.550584280467447,33.650002,0.00297185717849291,33.549999,34.740002,0,-1.00733045833428,-0.6948177693649
"2015-02-27",2015-02-27,-0.011887131537169,24427300,-0.555926544240402,33.25,0,33.25,34.41,8815,-1.00970289919723,-0.726218452393683
"2015-03-02",2015-03-02,0.0243609323308271,25406400,-0.545108500834726,34.060001,0.0237815906112275,33.25,34.060001,8815,-0.980540516516517,-0.595542924936089
"2015-03-03",2015-03-03,0.00117431000662624,27332000,-0.544574317195327,34.099998,0.0249266290279547,0,34.099998,0,1.04814810058107,-0.589200857046137
"2015-03-04",2015-03-04,0.000586539623843984,23005800,-0.544307191986646,34.119999,0.0254982129395724,0,34.119999,0,1.02293065424036,-0.586033229416752
"2015-03-05",2015-03-05,-0.011430217216595,21225800,-0.549515859766279,33.73,0.0142306552030832,33.25,34.119999,8819,-1.00956935321876,-0.648260461611683
"2015-03-06",2015-03-06,-0.016009516750667,32373100,-0.55672789315526,33.189999,0,33.189999,33.73,8820,-1.01312434074614,-0.729244978399001
"2015-03-09",2015-03-09,-0.0141608320024353,33058800,-0.563004994991654,32.720001,0,32.720001,33.189999,8821,-1.01127499073348,-0.752952269434943
"2015-03-10",2015-03-10,-0.0311735931792913,50278900,-0.576627699499167,31.700001,0,31.700001,32.720001,8822,-1.02419641855525,-0.804402354023943
"2015-03-11",2015-03-11,0.0198738479535064,49683600,-0.568213662771287,32.330002,0.019486574730184,31.700001,32.330002,8822,-0.985408198851377,-0.699027623271281
"2015-03-12",2015-03-12,-0.0473245563053167,107402400,-0.588647759599334,30.799999,0,0,32.330002,8824,-1.03596199487423,-0.849799588367344
"2015-03-13",2015-03-13,0.00422081182535103,47954700,-0.586911519198666,30.93,0.0042030714516651,30.799999,30.93,8824,-0.99705045951105,-0.827368058928057
"2015-03-16",2015-03-16,-0.00323310701584227,33074600,-0.588247078464108,30.83,0.00097311060655203,30.799999,30.93,8826,-1.0022755717374,-0.844611066419802
"2015-03-17",2015-03-17,-0.00778462536490426,29215600,-0.59145242070117,30.59,0,30.59,30.83,8827,-1.00544897264162,-0.860392202400291
"2015-03-18",2015-03-18,0.00980709382151029,39834100,-0.587445756260435,30.889999,0.00971184880905951,30.59,30.889999,8827,-0.993225719769674,-0.808580268378821
"2015-03-19",2015-03-19,-0.00485590821806116,27414200,-0.589449081803006,30.74,0.00487963565387117,30.59,30.889999,8829,-1.00341023068295,-0.83439665777618
"2015-03-20",2015-03-20,0.0185425829538062,64777100,-0.581836407345577,31.309999,0.0182050149538492,30.74,31.309999,8829,3.7308143978755,-0.755318040431617
"2015-03-23",2015-03-23,-0.0035131907861128,29694000,-0.583305495826379,31.200001,0.0147436213223199,30.74,31.309999,8831,-1.00252491673304,-0.773939432505715
"2015-03-24",2015-03-24,-0.0131410252198389,28471400,-0.588781288814693,30.790001,0.00162393629022617,30.74,31.309999,0,-1.00938752168031,-0.844170634877846
"2015-03-25",2015-03-25,-0.0292303335748512,37691000,-0.60080134891486,29.889999,0,29.889999,31.200001,8833,-1.0204151530093,-0.895701134422237
"2015-03-26",2015-03-26,0.00635667468573682,45450100,-0.598263772954926,30.08,0.00631652260638293,29.889999,30.08,8833,-0.995776347765336,-0.86226106971665
"2015-03-27",2015-03-27,0.0638297872340426,73857200,-0.572621035058432,32,0.06593753125,0,32,0,10.4388973742244,-0.54023786430655
"2015-03-30",2015-03-30,-0.01687503125,51391500,-0.579833068447414,31.459999,0.0499046424000205,29.889999,32,8836,-1.0125947755102,-0.628029037843329
"2015-03-31",2015-03-31,-0.00603938353589904,32098500,-0.582370617696162,31.27,0.0441317876559002,29.889999,32,0,-1.00437634448056,-0.659415682702728
"2015-04-01",2015-04-01,-0.0147106172049888,31532100,-0.588514203672789,30.809999,0.0298604358929061,29.889999,32,0,-1.01054927187249,-0.73651860106989
"2015-04-02",2015-04-02,0,20909600,-0.588514203672789,30.809999,0.0298604358929061,29.889999,32,0,-1,-0.73651860106989
"2015-04-06",2015-04-06,0.00746517388721755,21490900,-0.585442390651087,31.040001,0.0370490323115648,29.889999,32,0,1.24073983529378,-0.697767196506042
"2015-04-07",2015-04-07,0.00708759642114707,23258300,-0.582504173622706,31.26,0.0438260076775433,29.889999,32,0,1.18291909243371,-0.661074961846431
"2015-04-08",2015-04-08,0.0015994561740243,18250300,-0.581836407345578,31.309999,0.0453529238375255,29.889999,32,0,1.03484041191287,-0.652786108706215
"2015-04-09",2015-04-09,-0.00223567557443879,34167600,-0.582771285475794,31.24,0.0432138604353393,29.889999,32,0,-1.00160677145399,-0.664395738187392
"2015-04-10",2015-04-10,0.0220870678617158,28084900,-0.573555926544242,31.93,0.0638897901659881,29.889999,32,0,1.47845597505888,-0.551502639075071
"2015-04-13",2015-04-13,-0.00626370184779202,23489000,-0.576227045075127,31.73,0.0579893161046329,29.889999,32,0,-1.00465711957154,-0.583875738241245
"2015-04-14",2015-04-14,-0.00756381972896319,39754000,-0.579432387312188,31.49,0.0508098126389329,29.889999,32,0,-1.00556263761734,-0.623097112349166
"2015-04-15",2015-04-15,0.0425532550015879,61083500,-0.561535866444075,32.830002,0.0615291768791242,30.809999,32.830002,8836,1.21097035559579,-0.515020943729384
"2015-04-16",2015-04-16,0.00121830635282933,28903200,-0.561001682804676,32.869999,0.0626711305954101,0,32.869999,0,1.01855954807472,-0.508690526103044
"2015-04-17",2015-04-17,-0.0121690907261663,30593600,-0.56634389315526,32.470001,0.0511241745881068,30.809999,32.869999,8849,-1.00952262803184,-0.572477348849718
"2015-04-20",2015-04-20,0.00800736039398315,20649300,-0.562871452420703,32.73,0.0586618087381606,30.809999,32.869999,0,1.14743776717732,-0.53089461585921
"2015-04-21",2015-04-21,-0.0091659028414298,19023800,-0.56687813021703,32.43,0.0499537773666358,30.809999,32.869999,0,-1.00711828212125,-0.578915393367066
"2015-04-22",2015-04-22,0.00832565525747766,21144200,-0.563272106844743,32.700001,0.0577982245321643,30.809999,32.869999,0,1.15703411391604,-0.535669378786805
"2015-04-23",2015-04-23,-0.0107034553301696,23775300,-0.567946604340569,32.349998,0.0476042996973292,30.809999,32.869999,0,-1.00829882651568,-0.591824277118164
"2015-04-24",2015-04-24,-0.00834609016050013,22759900,-0.571552560934893,32.080002,0.0395886197263953,30.809999,32.869999,0,-1.00634911198828,-0.635716749718989
"2015-04-27",2015-04-27,0.0130922061663213,25869600,-0.56594323873122,32.5,0.0520000307692308,30.809999,32.869999,0,1.31350956736085,-0.5676562372578
"2015-04-28",2015-04-28,0.0160000000000001,29572800,-0.55899833055092,33.02,0.0284675348273774,32.080002,33.02,8849,-0.987728613569322,-0.630304061189436
"2015-04-29",2015-04-29,-0.0039370381586917,21819000,-0.560734570951588,32.889999,0.0246274559023246,32.080002,33.02,8857,-1.00310598494803,-0.651364644339088
"2015-04-30",2015-04-30,-0.0103374889126632,22013300,-0.565275472454092,32.549999,0.0144392323944464,32.080002,33.02,0,-1.00809813009174,-0.706993446042026
"2015-05-01",2015-05-01,0.0267280806982513,27091200,-0.553656120200336,33.419998,0.0260322876141404,32.549999,33.419998,8857,1.8028858392883,-0.619325073923645
"2015-05-04",2015-05-04,0.00029928188505577,21397300,-0.553522537562606,33.43,0.0263236912952438,0,33.43,0,1.01119393291218,-0.61771999014303
"2015-05-05",2015-05-05,-0.0236314986539036,29779200,-0.564073469115194,32.639999,0.00275735302565427,32.549999,33.43,8861,-1.01906143081192,-0.746573729672411
"2015-05-06",2015-05-06,-0.0128675861785412,31985400,-0.569682791318866,32.220001,0,32.220001,32.639999,8862,-1.00994431135446,-0.778172899135434
"2015-05-07",2015-05-07,0.000620763481664495,21475300,-0.569415666110185,32.240002,0.000620378373425434,32.220001,32.240002,8862,-0.999531098336212,-0.774820985104909
"2015-05-08",2015-05-08,0.0173696329175167,26926500,-0.561936574290486,32.799999,0.0176828663927702,0,32.799999,0,28.5033572255812,-0.682132609021423
"2015-05-11",2015-05-11,-0.00335365863883104,18358600,-0.563405689482472,32.689999,0.0143774247285843,32.220001,32.799999,8865,-1.00261437902283,-0.700165104256829
"2015-05-12",2015-05-12,-0.0134597434524241,24530200,-0.569282136894826,32.25,0.000930201550387477,32.220001,32.799999,0,-1.01043022376603,-0.773146536534505
"2015-05-13",2015-05-13,0.0120929922480621,20470800,-0.564073469115194,32.639999,0.0128675861785412,32.220001,32.799999,0,13.8331162458085,-0.708389509303858
"2015-05-14",2015-05-14,0.0101103557019104,21098900,-0.559666096828048,32.970001,0.0218380642451301,32.25,32.970001,8865,1.69713759380517,-0.657864187262333
"2015-05-15",2015-05-15,0.000606642383783776,17149700,-0.559398971619367,32.990002,0.0224310989735617,0,32.990002,0,1.02715601171307,-0.65461554441758
"2015-05-18",2015-05-18,0.0127310692494047,23689500,-0.553789649415695,33.41,0.0347201436695599,0,33.41,0,1.54785745051915,-0.587017183865518
"2015-05-19",2015-05-19,-0.00778204130499838,21867100,-0.557262076794659,33.150002,0.0271493799608218,32.25,33.41,8871,-1.00627030025323,-0.628724989777441
"2015-05-20",2015-05-20,0.00663640985602352,21359800,-0.554323886477464,33.369999,0.0335630516500764,32.25,33.41,0,1.23623639650371,-0.593404977438396
"2015-05-21",2015-05-21,0.00539406668846468,21269800,-0.551919879799668,33.549999,0.011922414662367,33.150002,33.549999,8871,-0.995663173216162,-0.666057676915695
"2015-05-22",2015-05-22,-0.00298056640776649,20845000,-0.553255412353925,33.450001,0.00896857970198561,33.150002,33.549999,8874,-1.00241979425481,-0.682257714238663
"2015-05-26",2015-05-26,-0.0104634675496721,28594500,-0.557929909849751,33.099998,0,33.099998,33.450001,8875,-1.0084490768485,-0.73378474218635
"2015-05-27",2015-05-27,0.0184290343461653,30172700,-0.54978298497496,33.709999,0.0180955508186162,33.099998,33.709999,8875,-0.985397942051565,-0.634672440843689
"2015-05-28",2015-05-28,0.00889940696824107,27065700,-0.545776320534225,34.009998,0.0267568377981088,0,34.009998,0,1.4786417979928,-0.586828257496645
"2015-05-29",2015-05-29,0.0132314327098755,43545500,-0.539766290484142,34.459999,0.0394660777558352,0,34.459999,0,1.47499035774043,-0.516129518871358
"2015-06-01",2015-06-01,-0.0159605053964165,46734500,-0.547111853088483,33.91,0.0238868180477735,33.099998,34.459999,8879,-1.01360878353065,-0.602711742431331
"2015-06-02",2015-06-02,-0.0188734886464168,36351100,-0.555659432387314,33.27,0.00510976856026457,33.099998,34.459999,0,-1.01562309288417,-0.705911107993796
"2015-06-03",2015-06-03,-0.0162308385933275,38138700,-0.562871452420703,32.73,0,32.73,33.91,8881,-1.01297920922966,-0.752447907282194
"2015-06-04",2015-06-04,-0.0128322334249923,33761800,-0.568480787979968,32.310001,0,32.310001,32.73,8882,-1.00996557124214,-0.773633185789346
"2015-06-05",2015-06-05,-0.0145466105061402,27778500,-0.57475792988314,31.84,0,31.84,32.310001,8883,-1.01104195961569,-0.797340628149066
"2015-06-08",2015-06-08,-0.0169598304020101,38171600,-0.581969963272122,31.299999,0,31.299999,31.84,8884,-1.01254794934356,-0.824578958666855
"2015-06-09",2015-06-09,-0.0015974121916106,33976700,-0.58263772954925,31.25,0,31.25,31.299999,8885,-1.00114742395531,-0.827100971195645
"2015-06-10",2015-06-10,0.01824,33336800,-0.575025041736229,31.82,0.0179132620993087,31.25,31.82,8885,-0.986934097421203,-0.730694836754446
"2015-06-11",2015-06-11,0.000942803268384699,24293600,-0.574624373956596,31.85,0.0188383045525903,0,31.85,0,1.05164008923407,-0.725687908534992
"2015-06-12",2015-06-12,-0.0166405023547881,31629800,-0.581702838063441,31.32,0.00223499361430401,31.25,31.85,8888,-1.01231841952353,-0.81512898307476
"2015-06-15",2015-06-15,0.00223496168582373,23175000,-0.580767959933224,31.389999,0.00445998739917131,31.25,31.85,0,1.9955257906006,-0.80319481264393
"2015-06-16",2015-06-16,0.00796432010080663,20254500,-0.577429061769618,31.639999,0.0123261381898273,31.25,31.85,0,2.76371592263189,-0.760875703673847
"2015-06-17",2015-06-17,0.00979778792028409,28194200,-0.573288801335561,31.950001,0.0197183405408971,31.32,31.950001,8888,1.59971762746993,-0.717320021651452
"2015-06-18",2015-06-18,0.0134585285302495,27722400,-0.567545896494159,32.380001,0.0327362868209917,0,32.380001,0,1.66019481979706,-0.646464239921007
"2015-06-19",2015-06-19,-0.00957384158203083,39008400,-0.571686143572623,32.07,0.0233863423760524,31.32,32.380001,8893,-1.00729499958336,-0.697413850889824
"2015-06-22",2015-06-22,0.00592447770502035,23608400,-0.569148607679467,32.259998,0.029138191515077,31.32,32.380001,0,1.24594906918469,-0.6661065902162
"2015-06-23",2015-06-23,-0.0052696221493876,17995900,-0.571419031719534,32.09,0.0239950140230603,31.32,32.380001,0,-1.0039891585597,-0.694106201139603
"2015-06-24",2015-06-24,-0.00560922405733884,23313900,-0.573823038397331,31.91,0.0184895017235976,31.32,32.380001,0,-1.00420708192123,-0.723978787762462
"2015-06-25",2015-06-25,0.00250705108116573,22743300,-0.572754590984977,31.99,0.0209440450140669,31.32,32.380001,0,1.1327533498286,-0.710673194180325
"2015-06-26",2015-06-26,-0.0303219756173804,62157200,-0.585709515859768,31.02,0,31.02,32.259998,8898,-1.02261863122304,-0.83870246085787
"2015-06-29",2015-06-29,-0.0203095099935525,35194500,-0.594123552587648,30.389999,0,30.389999,31.02,8899,-1.01436554554783,-0.870480504721747
"2015-06-30",2015-06-30,0.000987199769239945,34412200,-0.593722871452422,30.42,0.000986226166995507,30.389999,30.42,8899,-0.999325592911642,-0.865242448065889
"2015-07-01",2015-07-01,-0.00788954635108488,27178900,-0.596928213689484,30.18,0,0,30.42,8901,-1.00539871780452,-0.881073118754693
"2015-07-02",2015-07-02,0.0125910868124586,27105200,-0.591853101836396,30.559999,0.0124345226581978,30.18,30.559999,8901,-0.99149795279114,-0.814942918526732
"2015-07-06",2015-07-06,-0.0170156419180511,32468100,-0.598797983305511,30.040001,0,0,30.559999,8903,-1.01173413039075,-0.888134844629571
"2015-07-07",2015-07-07,-0.00466048586349919,43833700,-0.600667779632723,29.9,0,29.9,30.040001,8904,-1.00312258287326,-0.895196671386968
"2015-07-08",2015-07-08,-0.0133779264214046,45223800,-0.606010016694492,29.5,0,29.5,29.9,8905,-1.0088938299055,-0.91537317514736
"2015-07-09",2015-07-09,-0.0193220338983051,47167800,-0.613622704507514,28.93,0,28.93,29.5,8906,-1.01256198347107,-0.944124693005919
"2015-07-10",2015-07-10,0.00829588662288289,31423800,-0.610417362270452,29.17,0.00822763112787117,28.93,29.17,8906,-0.994776363042769,-0.900944761560941
"2015-07-13",2015-07-13,0.0191978059650325,26452400,-0.602938230383975,29.73,0.0269088462832157,0,29.73,0,3.27054602533914,-0.80214264283062
"2015-07-14",2015-07-14,-0.00269088462832162,39778300,-0.604006677796329,29.65,0.024283305227656,28.93,29.73,8909,-1.00177206778159,-0.816094058941872
"2015-07-15",2015-07-15,0.00134910623946038,47852500,-0.603472440734559,29.690001,0.0255978772112537,28.93,29.73,0,1.05413480460232,-0.809111496725934
"2015-07-16",2015-07-16,0.00707305466240974,81166700,-0.600667779632723,29.9,0.00836120401337792,29.65,29.9,8909,-0.995352461997399,-0.863618165553788
"2015-07-17",2015-07-17,-0.014381304347826,43697600,-0.606410697829718,29.469999,0,0,29.9,8912,-1.00956088938299,-0.916886463370649
"2015-07-20",2015-07-20,-0.0125551073143912,33812900,-0.611352253756262,29.1,0,29.1,29.469999,8913,-1.00814886007821,-0.935549678907752
"2015-07-21",2015-07-21,-0.0130584536082474,45191000,-0.616427392320536,28.719999,0,28.719999,29.1,8914,-1.00830149645003,-0.954717407921384
"2015-07-22",2015-07-22,-0.00383001406093367,36387200,-0.617896480801337,28.610001,0,28.610001,28.719999,8915,-1.0023832303676,-0.960265845572973
"2015-07-23",2015-07-23,-0.000349563077610484,33775200,-0.618030050083474,28.6,0,28.6,28.610001,8916,-1.00021616773406,-0.960770308608242
"2015-07-24",2015-07-24,-0.0188811538461539,31621000,-0.625242083472456,28.059999,0,28.059999,28.6,8917,-1.01166938951918,-0.988008639126031
"2015-07-27",2015-07-27,0.0103350324424459,42161100,-0.62136894824708,28.35,0.0102293121693122,28.059999,28.35,8917,-0.993805383022421,-0.934746666735125
"2015-07-28",2015-07-28,0.0215167195767195,33182400,-0.613222050083474,28.959999,0.0310773491394112,0,28.959999,0,3.03806831046204,-0.825238906036138
"2015-07-29",2015-07-29,0.00172655392702195,26470200,-0.61255425709516,29.01,0.0327473629782834,0,29.01,0,1.05373733233747,-0.816409502231252
"2015-07-30",2015-07-30,-0.0034470872113065,26582400,-0.613889816360603,28.91,0.0294016257350398,28.059999,29.01,8921,-1.00218031178459,-0.834089772784376
"2015-07-31",2015-07-31,0.00138363887928053,27158800,-0.613355579298833,28.950001,0.0307427277809075,28.059999,29.01,0,1.04561319356805,-0.82700701211319
"2015-08-03",2015-08-03,0.0034541622295626,26213600,-0.612020046744576,29.049999,0.00481924285092061,28.91,29.049999,8921,-0.997822580246545,-0.919870527496936
"2015-08-04",2015-08-04,0.00275387272818845,25741700,-0.610951599332222,29.129999,0.00755231745802676,0,29.129999,0,1.56711701228836,-0.905512979819064
"2015-08-05",2015-08-05,-0.000343220059842881,23622700,-0.611085128547581,29.120001,0.00721157255454763,28.91,29.129999,8925,-1.00021855940062,-0.907304213235243
"2015-08-06",2015-08-06,-0.00377750673840969,27958200,-0.61255425709516,29.01,0.00344708721130649,28.91,29.129999,0,-1.00240413074864,-0.927070470166118
"2015-08-07",2015-08-07,-0.00448124784557049,25606100,-0.614290497495828,28.879999,0,28.879999,29.120001,8927,-1.00283442712308,-0.946646806417228
"2015-08-10",2015-08-10,0.0263157903848957,22807400,-0.604140247078466,29.639999,0.0256410265061074,28.879999,29.639999,8927,-0.983476465192381,-0.811470694783497
"2015-08-11",2015-08-11,-0.0226045891567,23758900,-0.61308849415693,28.969999,0.00310666217144151,28.879999,29.639999,8929,-1.01481153940949,-0.93037388463063
"2015-08-12",2015-08-12,0.0169140496000707,33589100,-0.606544253756262,29.459999,0.0196877128203568,28.879999,29.639999,0,6.33725578575592,-0.843034532889561
"2015-08-13",2015-08-13,-0.0200270882561809,18821900,-0.614424026711187,28.870001,0,28.870001,29.459999,8931,-1.01299125810875,-0.947151118128719
"2015-08-14",2015-08-14,0.00519567006596228,14302700,-0.612420701168616,29.02,0.00516881461061336,28.870001,29.02,8931,-0.9967395065045,-0.920063455956938
"2015-08-17",2015-08-17,0.00206753962784282,15548300,-0.611619365609351,29.08,0.00722142365887202,0,29.08,0,1.39711407796363,-0.90928470850716
"2015-08-18",2015-08-18,-0.00584594222833556,19182600,-0.613889816360603,28.91,0.00138356969906617,28.870001,29.08,8934,-1.00371219565455,-0.939908066961956
"2015-08-19",2015-08-19,-0.0190245243860256,30530100,-0.621235378964943,28.360001,0,28.360001,28.91,8935,-1.01196560426411,-0.972876160423219
"2015-08-20",2015-08-20,-0.0292665716055511,31936600,-0.632320520868115,27.530001,0,27.530001,28.360001,8936,-1.0178437067149,-1.01474240572603
"2015-08-21",2015-08-21,-0.0352343612337681,52288400,-0.645275472454092,26.559999,0,26.559999,27.530001,8937,-1.02048795058587,-1.0636705282275
"2015-08-24",2015-08-24,-0.0116716495358302,83234200,-0.649415692821371,26.25,0,26.25,26.559999,8938,-1.00641620601436,-1.07930726820055
"2015-08-25",2015-08-25,-0.0144761523809524,59371900,-0.654490804674459,25.870001,0,25.870001,26.25,8939,-1.00781488946015,-1.09847489633166
"2015-08-26",2015-08-26,0.0552763024632276,47386700,-0.635392333889818,27.299999,0.0523808810395927,25.870001,27.299999,8939,-0.970819344369337,-0.828512445359048
"2015-08-27",2015-08-27,0.0153846159481545,38649400,-0.62978298497496,27.719999,0.0667387469963474,0,27.719999,0,1.27410508704315,-0.753100481928095
"2015-08-28",2015-08-28,0.0252525622385484,43452400,-0.62043405676127,28.42,0.0897255102040817,0,28.42,0,1.34442904972418,-0.6309753886356
"2015-08-31",2015-08-31,0.00422241379310339,42401800,-0.618831372287147,28.540001,0.0935529049210616,0,28.540001,0,1.04265670608364,-0.610467123661257
"2015-09-01",2015-09-01,-0.0252277846801757,44144000,-0.628447412353925,27.82,0.0700934219985623,25.870001,28.540001,8944,-1.01553903130547,-0.735386404901283
"2015-09-02",2015-09-02,0.0280373831775701,34618800,-0.618030050083474,28.6,0.0272727272727273,27.82,28.6,8944,-0.98342365317182,-0.857766964126922
"2015-09-03",2015-09-03,0.0167832167832167,38665900,-0.611619365609351,29.08,0.0433287482806052,0,29.08,0,1.58872077028885,-0.772914951309081
"2015-09-04",2015-09-04,-0.0192572214580467,29116500,-0.619098497495828,28.52,0.0245441795231416,27.82,29.08,8947,-1.01222840921498,-0.872107414817759
"2015-09-08",2015-09-08,0.0343618513323983,27805000,-0.606010016694493,29.5,0.0332203389830509,28.52,29.5,8947,1.35349152542373,-0.789906954411922
"2015-09-09",2015-09-09,-0.00881355932203395,30774100,-0.609482470784643,29.24,0.0246238030095759,28.52,29.5,8949,-1.00573002754821,-0.835488986917647
"2015-09-10",2015-09-10,0.0010259917920657,25195800,-0.60908180300501,29.27,0.0256235052955244,28.52,29.5,0,1.04059902061269,-0.830200084241212
"2015-09-11",2015-09-11,0.00683290058079952,21786900,-0.606410697829718,29.469999,0.0322361395397401,28.52,29.5,0,1.25806907243759,-0.795137356559458
"2015-09-14",2015-09-14,-0.00271462513453095,24065100,-0.607479145242072,29.389999,0.0296018723920337,28.52,29.5,0,-1.00176192045453,-0.809121729282141
"2015-09-15",2015-09-15,0.011568595153746,29819000,-0.602938230383975,29.73,0.0164816683484696,29.24,29.73,8949,-0.992524986423547,-0.841523896859244
"2015-09-16",2015-09-16,0.00134544231416075,25957800,-0.602404006677798,29.77,0.0178031575411488,0,29.77,0,1.08017933407827,-0.834515260243336
"2015-09-17",2015-09-17,-0.00201548538797446,29805200,-0.603205355592656,29.709999,0.0158195562376156,29.24,29.77,8955,-1.00133025163507,-0.84503343042264
"2015-09-18",2015-09-18,-0.0232244706571683,60693400,-0.612420701168616,29.02,0,29.02,29.709999,8956,-1.01527729402685,-0.939584979659831
"2015-09-21",2015-09-21,0.00482425913163338,24417100,-0.610550918196997,29.16,0.00480109739369006,29.02,29.16,8956,-0.996946897830117,-0.914390470090238
"2015-09-22",2015-09-22,-0.0168038408779149,28576200,-0.617095158597664,28.67,0,0,29.16,8958,-1.01071858252215,-0.957239420450174
"2015-09-23",2015-09-23,0.0024415765608649,25984000,-0.616160267111855,28.74,0.0024356297842727,28.67,28.74,8958,-0.998485012444541,-0.944509671789831
"2015-09-24",2015-09-24,-0.00904662491301315,32754700,-0.619632721202005,28.48,0,0,28.74,8960,-1.00563563455077,-0.966823259736361
"2015-09-25",2015-09-25,0.0115870435393259,29192300,-0.615225388981638,28.809999,0.0114543218137564,28.48,28.809999,8960,-0.992887186119194,-0.90691713453728
"2015-09-28",2015-09-28,-0.00173547385406017,42291000,-0.615893155258766,28.76,0.00973574408901257,28.48,28.809999,8962,-1.00108540104015,-0.915929853024059
"2015-09-29",2015-09-29,0.0166898470097356,34169600,-0.609482470784643,29.24,0.0164158686730506,28.76,29.24,8962,1.6861442251319,-0.866488625475636
"2015-09-30",2015-09-30,0.0307797195622435,41051700,-0.597462450751254,30.139999,0.0457862987984836,0,30.139999,0,2.78914870180764,-0.710165616290947
"2015-10-01",2015-10-01,-0.00464495702206226,29832800,-0.59933222036728,30,0.0413333333333333,28.76,30.139999,8965,-1.00312951820432,-0.734045254477402
"2015-10-02",2015-10-02,0.0170000000000001,27901500,-0.592520868113524,30.51,0.016715830875123,30,30.51,8965,-0.988635097493036,-0.801295332001905
"2015-10-05",2015-10-05,0.0229432645034414,34842500,-0.58317196661102,31.209999,0.0387695943213584,0,31.209999,0,2.31933396616596,-0.682694083105866
"2015-10-06",2015-10-06,0.0169817692080028,34899800,-0.576093489148583,31.74,0.054820415879017,0,31.74,0,1.41400540394141,-0.595339594104658
"2015-10-07",2015-10-07,0.0182734719596724,36930100,-0.568347245409017,32.32,0.0717821782178217,0,32.32,0,1.30940594059406,-0.502022661181635
"2015-10-08",2015-10-08,0.00618811881188128,27794600,-0.565676126878132,32.52,0.0774907749077491,0,32.52,0,1.07952665733554,-0.47037424241833
"2015-10-09",2015-10-09,-0.011685147601476,24209900,-0.570751265442406,32.139999,0.0665836672863619,30,32.52,8971,-1.00897180970369,-0.530735818764717
"2015-10-12",2015-10-12,0.0021779714429985,18795000,-0.569816373956596,32.209999,0.0686122033099101,30,32.52,0,1.03046597020293,-0.519543577463016
"2015-10-13",2015-10-13,-0.00527780208872427,35588600,-0.572086797996663,32.040001,0.0636704412087876,30,32.52,0,-1.00398448367551,-0.546782484893709
"2015-10-14",2015-10-14,0.0237202864007402,75954800,-0.561936574290486,32.799999,0.0231706714381303,32.040001,32.799999,8971,-0.982257545984768,-0.661406325658526
"2015-10-15",2015-10-15,-0.00152435980257194,37634800,-0.562604340567614,32.75,0.021679358778626,32.040001,32.799999,8975,-1.00118833033421,-0.669560711879179
"2015-10-16",2015-10-16,0.00885499236641211,29371300,-0.558731205342239,33.040001,0.00877726971013093,32.75,33.040001,8975,-0.993115703264095,-0.703661168122834
"2015-10-19",2015-10-19,0.0166464583339452,37624000,-0.551385642737898,33.59,0.0250074426912773,0,33.59,0,2.84911407728683,-0.614620582279378
"2015-10-20",2015-10-20,-0.0044656445370647,24416100,-0.553388994991655,33.439999,0.0206339420046036,32.75,33.59,8978,-1.00363330507448,-0.638704612217472
"2015-10-21",2015-10-21,-0.00209330149800544,31928800,-0.554323886477464,33.369999,0.0185795330710079,32.75,33.59,0,-1.00168939298445,-0.649994570048938
"2015-10-22",2015-10-22,0.0308661381739928,39572600,-0.540567585976629,34.400002,0.0299419459336078,33.369999,34.400002,8978,1.61155535067402,-0.55512648224722
"2015-10-23",2015-10-23,0.0145348828758789,42796600,-0.533889789649417,34.900002,0.0438396249948639,0,34.900002,0,1.46415416994181,-0.477417247006025
"2015-10-26",2015-10-26,-0.00888257828753125,22646900,-0.538030050083474,34.59,0.0352703382480487,33.369999,34.900002,8982,-1.00775489719849,-0.5254185287767
"2015-10-27",2015-10-27,-0.00346918184446372,22630100,-0.539632707846412,34.470001,0.0319118644644079,33.369999,34.900002,0,-1.0029787513963,-0.544155677306046
"2015-10-28",2015-10-28,0.00696251792972097,21908400,-0.536427392320536,34.709999,0.0386055902796195,33.369999,34.900002,0,1.20975665093706,-0.506769083912045
"2015-10-29",2015-10-29,-0.0195908965598071,21325200,-0.545509195325544,34.029999,0.019394652347771,33.369999,34.900002,0,-1.01693016265579,-0.613624805083505
"2015-10-30",2015-10-30,-0.00499553349972181,24693900,-0.547779619365611,33.860001,0.0144714112678259,33.369999,34.900002,0,-1.00416202707401,-0.640793762519633
"2015-11-02",2015-11-02,0.00738334295973588,21743100,-0.544440721202005,34.110001,0.0216945757345477,33.369999,34.900002,0,1.49913338326449,-0.600903077416319
"2015-11-03",2015-11-03,0.00586338300019407,18167000,-0.54176960267112,34.310001,0.0273973177674929,33.369999,34.900002,0,1.26286487934695,-0.569276770458845
"2015-11-04",2015-11-04,-0.00466333416894972,20762100,-0.543906484140235,34.150002,0.0228404964661496,33.369999,34.900002,0,-1.00394426239232,-0.594557475443952
"2015-11-05",2015-11-05,-0.00439244483792419,16486100,-0.545909849749584,34,0.0185294411764706,33.369999,34.900002,0,-1.00368329054307,-0.618405712716249
"2015-11-06",2015-11-06,-0.00470588235294108,23701700,-0.548046744574292,33.84,0.0138889184397164,33.369999,34.900002,0,-1.00391437308869,-0.644002590828073
"2015-11-09",2015-11-09,-0.0144799645390072,24168700,-0.554591011686145,33.349998,0,33.349998,34.709999,8992,-1.01194107469234,-0.721174427336105
"2015-11-10",2015-11-10,-0.00419787131621405,22451700,-0.556460781302172,33.209999,0,33.209999,33.349998,8993,-1.00337143872985,-0.728236153210982
"2015-11-11",2015-11-11,-0.0105389343733496,19864700,-0.561135212020035,32.860001,0,32.860001,33.209999,8994,-1.00840028780991,-0.745890493118807
"2015-11-12",2015-11-12,-0.0139987518563982,23265400,-0.567278771285478,32.400002,0,32.400002,32.860001,8995,-1.0109484472438,-0.769093422001998
"2015-11-13",2015-11-13,-0.00895064759563915,23673200,-0.571151906510853,32.110001,0,32.110001,32.400002,8996,-1.00682756947981,-0.783721437669542
"2015-11-16",2015-11-16,-0.000311522880363583,29899700,-0.571285502504175,32.099998,0,32.099998,32.110001,8997,-1.0002339062372,-0.78422600158733
"2015-11-17",2015-11-17,0.0168224621073186,22636400,-0.564073469115194,32.639999,0.0165441487911812,32.099998,32.639999,8997,-0.987375780835732,-0.694503906976305
"2015-11-18",2015-11-18,0.0159314036743688,18619800,-0.557128547579301,33.16,0.0319662846803377,0,33.16,0,1.93218068114676,-0.61002824387349
"2015-11-19",2015-11-19,0.0343787394451147,45381600,-0.54190318530885,34.299999,0.0641399727154511,0,34.299999,0,2.00648819081885,-0.431012017960737
"2015-11-20",2015-11-20,0.0104956562826721,41137700,-0.537095158597665,34.66,0.0738604154645124,0,34.66,0,1.15155046591904,-0.376141049992066
"2015-11-23",2015-11-23,-0.00519330640507789,20152900,-0.539499165275461,34.48,0.0690255800464037,32.099998,34.66,9002,-1.00447594181276,-0.403480631347247
"2015-11-24",2015-11-24,-0.0034802494199536,21413500,-0.541101823038399,34.360001,0.0657742413919021,32.099998,34.66,0,-1.00297063993068,-0.421813153067457
"2015-11-25",2015-11-25,0.00261932472004304,17939400,-0.539899819699501,34.450001,0.0682148891664764,32.099998,34.66,0,1.03710643745828,-0.408055627327027
"2015-11-27",2015-11-27,0.000290217698397253,6620900,-0.539766290484142,34.459999,0.0684852312386893,32.099998,34.66,0,1.00396309479523,-0.406530290570498
"2015-11-30",2015-11-30,0.00899596659883826,21785800,-0.535626043405678,34.77,0.0117917457578374,34.360001,34.77,9002,-0.992329556047766,-0.605012798925403
"2015-12-01",2015-12-01,0.00920333620937591,23560200,-0.531352253756262,35.09,0.0208036192647479,0,35.09,0,1.76425269777555,-0.554835648504428
"2015-12-02",2015-12-02,-0.00740946138501006,18688200,-0.534824681135227,34.830002,0.0134941422053322,34.360001,35.09,9008,-1.00653507603368,-0.595556629795572
"2015-12-03",2015-12-03,-0.0226816237334699,30131100,-0.545375612687815,34.040001,0,34.040001,34.830002,9009,-1.01972783217519,-0.686369807025651
"2015-12-04",2015-12-04,0.0264394234300993,24901000,-0.533355606010019,34.939999,0.0257583865414537,34.040001,34.939999,9009,-0.97796013169977,-0.543688775832834
"2015-12-07",2015-12-07,0.00143111051605916,17731900,-0.53268778631052,34.990002,0.0271506414889602,0,34.990002,0,1.05405054952747,-0.535908307953666
"2015-12-08",2015-12-08,-0.00685915936786734,13380200,-0.535893155258767,34.75,0.0204316258992807,34.040001,34.990002,9012,-1.00601735018264,-0.573390617262254
"2015-12-09",2015-12-09,0.00172664748201438,22548300,-0.535091806343909,34.810001,0.0221200798012043,34.040001,34.990002,0,1.08263923342405,-0.563987156630578
"2015-12-10",2015-12-10,-0.00114912378198428,17400700,-0.535626043405678,34.77,0.0209950819672133,34.040001,34.990002,0,-1.0009984026207,-0.570253737227172
"2015-12-11",2015-12-11,-0.0143802128271498,21251400,-0.54230383973289,34.27,0.00671138021593254,34.040001,34.990002,0,-1.01246727340731,-0.649420898832701
"2015-12-14",2015-12-14,0.0058360373504523,19357100,-0.539632707846413,34.470001,0.0124746152458773,34.040001,34.990002,0,1.85872575305198,-0.617566072130318
"2015-12-15",2015-12-15,0.020597591511529,24365900,-0.530150250417364,35.18,0.0258669698692437,34.27,35.18,9012,2.07356855176695,-0.531172726785039
"2015-12-16",2015-12-16,0.00341100056850483,23257900,-0.528547592654426,35.299999,0.0291784427529302,0,35.299999,0,1.12801935829461,-0.51261309075162
"2015-12-17",2015-12-17,-0.011048130624593,24963600,-0.533756260434059,34.91,0.0183328559152104,34.27,35.299999,9019,-1.00985468073646,-0.57324662777216
"2015-12-18",2015-12-18,-0.0297909195073044,41336600,-0.547646090150252,33.869999,0,33.869999,34.91,9020,-1.02602279494558,-0.694944922006336
"2015-12-21",2015-12-21,0.0109242105380634,18006800,-0.542704480801337,34.240002,0.0108061617519765,33.869999,34.240002,9020,-0.990976637215544,-0.635468908650673
"2015-12-22",2015-12-22,0.0143106884164318,18422000,-0.536160267111855,34.73,0.024762482004031,0,34.73,0,2.29151502377816,-0.558042711464198
"2015-12-23",2015-12-23,0.00777425856608129,12526500,-0.532554257095161,35,0.0322857428571428,0,35,0,1.30381691350193,-0.516009800352483
"2015-12-24",2015-12-24,-0.000571428571428661,5893800,-0.532821368948249,34.98,0.0317324471126357,33.869999,35,9024,-1.00050156739812,-0.519108306986792
"2015-12-28",2015-12-28,-0.00142938822184097,9449400,-0.53348914858097,34.93,0.0303464357286001,33.869999,35,0,-1.00125328988595,-0.526865042918485
"2015-12-29",2015-12-29,0.0146006012024048,14188600,-0.526677809682807,35.439999,0.0143904913767069,34.93,35.439999,9024,-0.987232469645763,-0.561402290927348
"2015-12-30",2015-12-30,-0.0126974326381895,11566800,-0.532687786310519,34.990002,0.00171483271135553,34.93,35.439999,9027,-1.01141110659538,-0.631973998321955
"2015-12-31",2015-12-31,-0.0154330085491277,14736700,-0.539899819699501,34.450001,0,34.450001,34.990002,9028,-1.01353895015865,-0.665688890671248
"2016-01-04",2016-01-04,-0.0133526556356269,27882200,-0.546043378964943,33.990002,0,33.990002,34.450001,9029,-1.0113790726377,-0.68889181955444
"2016-01-05",2016-01-05,-0.00470726656620958,16709500,-0.548180273789651,33.830002,0,33.830002,33.990002,9030,-1.00391341586956,-0.696962421058597
"2016-01-06",2016-01-06,-0.0221696705782045,25491300,-0.558196968280469,33.080002,0,33.080002,33.830002,9031,-1.01827262849422,-0.734793365609332
"2016-01-07",2016-01-07,-0.0374849433201365,37680500,-0.57475792988314,31.84,0,31.84,33.080002,9032,-1.02966866992074,-0.797340628149066
"2016-01-08",2016-01-08,-0.0103643216080401,29953800,-0.5791652754591,31.51,0,31.51,31.84,9033,-1.00766817706518,-0.81398624375139
"2016-01-11",2016-01-11,0.0174548079974611,27732400,-0.571819686143574,32.060001,0.0171553644056343,31.51,32.060001,9033,-0.987316937622507,-0.721451303955134
"2016-01-12",2016-01-12,0.0193387080680378,28587700,-0.563539232053424,32.68,0.0358017135862913,0,32.68,0,2.0869107026682,-0.619754441542065
"2016-01-13",2016-01-13,-0.0235618115055079,34445700,-0.573823038397331,31.91,0.0125352554058289,31.51,32.68,9036,-1.01824860765494,-0.746466721530974
"2016-01-14",2016-01-14,0.0260107176433719,48728200,-0.562737869782973,32.740002,0.025351311829486,31.91,32.740002,9036,2.02240090119725,-0.656196830606715
"2016-01-15",2016-01-15,-0.0910202143542934,76373900,-0.602537562604342,29.76,0,0,32.740002,9038,-1.07072510125668,-0.902258447703105
"2016-01-19",2016-01-19,0.00134405241935478,28878100,-0.602003352253758,29.799999,0.00134224836718944,29.76,29.799999,9038,-0.999113399091212,-0.895171458500339
"2016-01-20",2016-01-20,-0.00704694654519954,39598200,-0.604808013355594,29.59,0,0,29.799999,9040,-1.00465887954168,-0.910833461801272
"2016-01-21",2016-01-21,0.00236566407570126,30157400,-0.603873121869785,29.66,0.00236008091705997,29.59,29.66,9040,-0.998454234293916,-0.898389045294067
"2016-01-22",2016-01-22,0.00910316925151718,25326500,-0.60026711185309,29.93,0.0113598396257936,0,29.93,0,4.81332633287205,-0.850779712883239
"2016-01-25",2016-01-25,-0.0110257266956231,26441000,-0.60467445742905,29.6,0.000337837837837918,29.59,29.93,9043,-1.00734230726443,-0.909053106876975
"2016-01-26",2016-01-26,0.0114865202702702,24754900,-0.600133542570953,29.940001,0.0113560784450206,29.6,29.940001,9043,33.6139921972531,-0.85028945503526
"2016-01-27",2016-01-27,-0.0043420840233104,26384100,-0.601869796327214,29.809999,0.00704458259123053,29.6,29.940001,9045,-1.00289311233767,-0.873130531037356
"2016-01-28",2016-01-28,0.00536732658058795,22028100,-0.599732901502506,29.969999,0.0053386721834725,29.809999,29.969999,9045,-0.996449572918017,-0.871502793703966
"2016-01-29",2016-01-29,0.0350350695707397,38311400,-0.585709515859768,31.02,0.0390071244358478,0,31.02,0,7.30652175209526,-0.69138077075652
"2016-02-01",2016-02-01,-0.00644745325596387,19015100,-0.588380634390653,30.82,0.0327709604153147,29.809999,31.02,9048,-1.00456048341124,-0.725021700167846
"2016-02-02",2016-02-02,-0.0330954250486697,24994300,-0.602003352253758,29.799999,0,29.799999,30.82,9049,-1.02315289978436,-0.900240847768325
"2016-02-03",2016-02-03,-0.0154362085716848,44660100,-0.6081469115192,29.34,0,29.34,29.799999,9050,-1.01020519112135,-0.923443776651517
"2016-02-04",2016-02-04,0.0146557600545331,29257800,-0.602404006677798,29.77,0.0144440712126301,29.34,29.77,9050,-0.990556714615132,-0.847201821538763
"2016-02-05",2016-02-05,-0.0245212966073228,27957500,-0.612153575959935,29.040001,0,0,29.77,9052,-1.01618443631526,-0.938576104030552
"2016-02-08",2016-02-08,-0.00757579175014491,28725900,-0.615091819699501,28.82,0,28.82,29.040001,9053,-1.004799847383,-0.949673231540027
"2016-02-09",2016-02-09,-0.000347015961138065,22902600,-0.615225388981638,28.809999,0,28.809999,28.82,9054,-1.00021715340354,-0.950177694575296
"2016-02-10",2016-02-10,-0.0201318646349138,27267800,-0.622971619365611,28.23,0,28.23,28.809999,9055,-1.01259088217539,-0.979433574586606
"2016-02-11",2016-02-11,-0.000354268508678677,28450200,-0.623105188647748,28.219999,0,28.219999,28.23,9056,-1.00021440668882,-0.979938037621874
"2016-02-12",2016-02-12,0.0148830621857924,19699000,-0.61749583973289,28.639999,0.014664804981313,28.219999,28.639999,9056,-0.990997749630313,-0.903366830167939
"2016-02-16",2016-02-16,0.00488833815950898,30705200,-0.615626030050085,28.780001,0.0194580257311318,0,28.780001,0,1.32685199400379,-0.878201968140101
"2016-02-17",2016-02-17,0.0239749123010803,27691700,-0.606410697829718,29.469999,0.0424160177270451,0,29.469999,0,2.17987263009843,-0.75669010157028
"2016-02-18",2016-02-18,-0.00169660677626761,20623300,-0.607078464106846,29.42,0.0407886131883073,28.219999,29.469999,9060,-1.00110117826008,-0.765358478143919
"2016-02-19",2016-02-19,-0.024133276682529,42056700,-0.61656094824708,28.709999,0.0170672245582453,28.219999,29.469999,0,-1.01561986580134,-0.890762509463251
"2016-02-22",2016-02-22,0.0222919199683707,23893100,-0.608013355592656,29.35,0.0385008858603066,28.219999,29.469999,0,2.25583753989495,-0.777529630390318
"2016-02-23",2016-02-23,-0.0187393867120955,26638200,-0.615358944908182,28.799999,0.0201388895881558,28.219999,29.469999,0,-1.01208129599121,-0.874621764506236
"2016-02-24",2016-02-24,0.0135417365813103,21593600,-0.610150237061771,29.190001,0.0332306257886047,28.219999,29.469999,0,1.65007239565723,-0.805504843287843
"2016-02-25",2016-02-25,0.0147310717803675,17571400,-0.604407332220369,29.620001,0.0307225512922839,28.709999,29.620001,9060,-0.990587720052265,-0.793287570660831
"2016-02-26",2016-02-26,0.0060769072897736,19902200,-0.602003352253758,29.799999,0.0365771824354759,0,29.799999,0,1.19056461449094,-0.762096536607887
"2016-02-29",2016-02-29,-0.00704694654519954,22903100,-0.604808013355594,29.59,0.0297398107468739,28.709999,29.799999,9067,-1.00465887954168,-0.79851246285839
"2016-03-01",2016-03-01,0.0263602906387293,25502600,-0.594390637729551,30.370001,0.0256832721210645,29.59,30.370001,9067,-0.982775731478415,-0.77448892175182
"2016-03-02",2016-03-02,0.0055976290550666,23779800,-0.592120186978299,30.540001,0.0311067769775122,0,30.540001,0,1.21116876505777,-0.745430472556078
"2016-03-03",2016-03-03,0.00130972490799847,25625200,-0.591585976627715,30.58,0.0323741007194244,0,30.58,0,1.04074108168867,-0.738626457876188
"2016-03-04",2016-03-04,0.00163502289077839,20356800,-0.590918210350586,30.629999,0.033953608682782,0,30.629999,0,1.04878924597927,-0.730138976575839
"2016-03-07",2016-03-07,0.010120862230521,18858200,-0.586777949916529,30.940001,0.0436328686608639,0,30.940001,0,1.28507308511776,-0.67794555978464
"2016-03-08",2016-03-08,-0.01228190005553,19104900,-0.591853101836396,30.559999,0.031740806012461,29.59,30.940001,9073,-1.0086491864948,-0.742027154176984
"2016-03-09",2016-03-09,0.0101440448345563,14707800,-0.587712841402339,30.870001,0.0414642357802321,29.59,30.940001,0,1.30633846424548,-0.689666917396807
"2016-03-10",2016-03-10,0.0123096529864058,29584800,-0.58263772954925,31.25,0.022080032,30.559999,31.25,9073,-0.991364640185539,-0.74370934264631
"2016-03-11",2016-03-11,0.01632,22811200,-0.575826377295494,31.76,0.0377834068010076,0,31.76,0,1.7112025381579,-0.658675962466403
"2016-03-14",2016-03-14,-0.010390428211587,17438600,-0.580233722871454,31.43,0.0276805917912821,30.559999,31.76,9077,-1.00765394874174,-0.71347778167358
"2016-03-15",2016-03-15,0.00699968183264393,16927700,-0.577295492487481,31.65,0.0344392101105845,30.559999,31.76,0,1.24416451679443,-0.676854827270132
"2016-03-16",2016-03-16,0.00126385466034756,26298400,-0.576761255425711,31.690001,0.0356579982436731,30.559999,31.76,0,1.03538954956212,-0.670234020475684
"2016-03-17",2016-03-17,0.00915111993843111,22865300,-0.572888146911521,31.98,0.017198248905566,31.43,31.98,9077,-0.99328472833819,-0.725324689428094
"2016-03-18",2016-03-18,0.0218886804252658,49934200,-0.563539232053424,32.68,0.0382496940024479,0,32.68,0,2.22404584399688,-0.610508935305471
"2016-03-21",2016-03-21,-0.0104039167686657,21760900,-0.568080133555928,32.34,0.0281385281385282,31.43,32.68,9082,-1.00805782675672,-0.665846706523404
"2016-03-22",2016-03-22,-0.000618429189857858,22200400,-0.568347245409017,32.32,0.0275371287128713,31.43,32.68,0,-1.00047020101093,-0.669126890625857
"2016-03-23",2016-03-23,-0.00990099009900991,18765300,-0.572621035058432,32,0.0178125,31.43,32.68,0,-1.00751968041358,-0.721995967280547
"2016-03-24",2016-03-24,-0.00375003124999995,14211900,-0.574223719532556,31.879999,0.0141154019484129,31.43,32.68,0,-1.00279885714286,-0.742012129203515
"2016-03-28",2016-03-28,0.000627383959453608,11433000,-0.573956594323875,31.9,0.0147335423197492,31.43,32.68,0,1.04379190713771,-0.738668667635329
"2016-03-29",2016-03-29,0.0150470532915361,15313200,-0.567545896494159,32.380001,0.0293391281859442,31.43,32.68,0,1.99131529602472,-0.659294592296269
"2016-03-30",2016-03-30,0.0101914141386223,16598000,-0.563138577629384,32.709999,0.025374503985769,31.879999,32.709999,9082,-0.992234427396974,-0.657622627824883
"2016-03-31",2016-03-31,-0.0110058395293746,17880000,-0.567946604340569,32.349998,0.0145285634948107,31.879999,32.709999,9089,-1.00853791038686,-0.716744363619679
"2016-04-01",2016-04-01,0.0030912830350098,18049700,-0.566611005008349,32.450001,0.0175655464540663,31.879999,32.709999,0,1.20903532275165,-0.700230041618146
"2016-04-04",2016-04-04,-0.0138675188330503,21581600,-0.572621035058432,32,0.00375003124999995,31.879999,32.709999,0,-1.01060697726828,-0.775106948754062
"2016-04-05",2016-04-05,-0.00312500000000004,20080000,-0.573956594323875,31.9,0.000626990595611221,31.879999,32.709999,0,-1.00233236151604,-0.791946141213777
"2016-04-06",2016-04-06,0.00564269592476495,15740600,-0.571552560934893,32.080002,0.00623450709261175,31.879999,32.709999,0,9.94354163563498,-0.761688205346823
"2016-04-07",2016-04-07,-0.0165212894936852,23738200,-0.578631065108516,31.549999,0,31.549999,32.450001,9094,-1.01238469505245,-0.81196864381661
"2016-04-08",2016-04-08,0.00253565776658192,17031900,-0.577562617696162,31.629999,0.00252924446820257,31.549999,31.629999,9094,-0.998153491098592,-0.798380919625888
"2016-04-11",2016-04-11,0.0012646538496571,19707700,-0.577028380634393,31.67,0.00378910640985164,0,31.67,0,1.49811789943121,-0.791604985710855
"2016-04-12",2016-04-12,0.00599940006315121,16774200,-0.574490804674459,31.860001,0.00973013152133928,0,31.860001,0,2.56792247798611,-0.759583095925283
"2016-04-13",2016-04-13,0.0084745760051922,19968100,-0.570884794657765,32.130001,0.0180517267957757,0,32.130001,0,1.8552397525343,-0.714535043915165
"2016-04-14",2016-04-14,-0.0102708369041134,21620900,-0.57529216694491,31.799999,0.00786163546734697,31.549999,32.130001,9099,-1.00772024816283,-0.769666588271276
"2016-04-15",2016-04-15,-0.010691824235592,28782800,-0.579833068447414,31.459999,0,31.459999,31.799999,9100,-1.00789320933504,-0.816508357162699
"2016-04-18",2016-04-18,0.00603944710869186,21566600,-0.577295492487481,31.65,0.00600319115323855,31.459999,31.65,9100,-0.99562360945241,-0.784251679335965
"2016-04-19",2016-04-19,-0.00157977883096358,33619300,-0.577963272120202,31.6,0.00443041139240508,31.459999,31.65,9102,-1.00115673799884,-0.792713800074287
"2016-04-20",2016-04-20,0.0126582278481012,57629800,-0.572621035058433,32,0.0125,31.6,32,9102,2.82140841851128,-0.742060160424305
"2016-04-21",2016-04-21,-0.000937531249999957,28431400,-0.573021716193658,31.969999,0.0115733190983209,31.6,32,9104,-1.00069973177843,-0.747073327159391
"2016-04-22",2016-04-22,-0.0103221773638467,29625600,-0.577429061769618,31.639999,0.00126419093755337,31.6,32,0,-1.00769141107816,-0.802654347667387
"2016-04-25",2016-04-25,-0.00790139089448138,19315700,-0.580767959933224,31.389999,0,31.389999,31.969999,9106,-1.00578235212716,-0.820039245320768
"2016-04-26",2016-04-26,0.000318604661312638,20976400,-0.580634390651087,31.4,0.000318503184713381,31.389999,31.4,9106,-0.999770012653328,-0.818331862866206
"2016-04-27",2016-04-27,0.0111464968152867,20006200,-0.575959933222039,31.75,0.0113386141732283,0,31.75,0,35.5996885350829,-0.759056784835542
"2016-04-28",2016-04-28,-0.0201574488188976,25146400,-0.584507499165277,31.110001,0,0,31.75,9109,-1.01484055652174,-0.834162697070524
"2016-04-29",2016-04-29,-0.0266795234111372,36443700,-0.595592641068449,30.280001,0,30.280001,31.110001,9110,-1.01896492674431,-0.876028942373337
"2016-05-02",2016-05-02,0.0108982823349313,21086600,-0.591185295492489,30.610001,0.0107807902391118,30.280001,30.610001,9110,-0.992600067106179,-0.818666553575744
"2016-05-03",2016-05-03,-0.00816726533266039,27111100,-0.594524193656095,30.360001,0.00263504602651365,30.280001,30.610001,9112,-1.00564780313222,-0.862041627989511
"2016-05-04",2016-05-04,-0.0167984513570997,23278800,-0.601335559265444,29.85,0,29.85,30.360001,9113,-1.01145683503217,-0.897718734357018
"2016-05-05",2016-05-05,0.00167504187604681,23393300,-0.600667779632723,29.9,0.00167224080267547,29.85,29.9,9113,-0.998889505830094,-0.888880970220334
"2016-05-06",2016-05-06,0.00468230769230775,19632200,-0.598797983305511,30.040001,0.00632493321155347,0,30.040001,0,3.78231006050923,-0.864246904567836
"2016-05-09",2016-05-09,-0.00798941384855482,16888300,-0.602003352253758,29.799999,0,0,30.040001,9116,-1.00535300558387,-0.900240847768327
"2016-05-10",2016-05-10,0.01140939635602,17013800,-0.597462450751254,30.139999,0.0112806904870832,29.799999,30.139999,9116,-0.992457016251647,-0.840486028470293
"2016-05-11",2016-05-11,-0.00265428011460778,15754200,-0.598530898163608,30.059999,0.0086493682185419,29.799999,30.139999,9118,-1.00178830889039,-0.854459279004862
"2016-05-12",2016-05-12,-0.00998000698536283,20826700,-0.602537562604342,29.76,0,29.76,30.059999,9119,-1.00669416475077,-0.902258447703106
"2016-05-13",2016-05-13,0.00504032258064511,19999600,-0.600534223706179,29.91,0.00501504513540618,29.76,29.91,9119,-0.996675163471129,-0.875751489998334
"2016-05-16",2016-05-16,0.0160481109996656,21826100,-0.594123552587648,30.389999,0.0207304712316706,0,30.389999,0,4.13365596359515,-0.792185882838766
"2016-05-17",2016-05-17,-0.0134912475647005,25709900,-0.599599332220369,29.98,0.0073382254836557,29.76,30.389999,9122,-1.00921656717508,-0.863446439164489
"2016-05-18",2016-05-18,0.000333555703802469,22469900,-0.599465776293825,29.99,0.00766922307435802,29.76,30.389999,0,1.04510594440571,-0.861691918412368
"2016-05-19",2016-05-19,-0.012004034678226,21740900,-0.60427380300501,29.629999,0,29.629999,29.99,9124,-1.00802051910438,-0.908815861866493
"2016-05-20",2016-05-20,0.017549814969619,22777300,-0.597328881469117,30.15,0.0172471310116086,29.629999,30.15,9124,-0.988506995502111,-0.817447576716941
"2016-05-23",2016-05-23,0.0026533996683251,20881900,-0.596260434056763,30.23,0.0198478663579226,0,30.23,0,1.15079234595966,-0.803589846542888
"2016-05-24",2016-05-24,0.0274561362884552,23699200,-0.585175305509184,31.059999,0.0460399242124895,0,31.059999,0,2.31964098217096,-0.662801767892817
"2016-05-25",2016-05-25,0.0106245978951898,18359600,-0.580767959933224,31.389999,0.0560688135096786,0,31.389999,0,1.21783027380546,-0.608279150525569
"2016-05-26",2016-05-26,0.00318575989760302,12692300,-0.579432387312189,31.49,0.0590664020323911,0,31.49,0,1.05346267086952,-0.591913713892878
"2016-05-27",2016-05-27,0.00254048904414106,13341300,-0.578363939899835,31.57,0.061450776053215,0,31.57,0,1.04036768685379,-0.578873134857361
"2016-05-31",2016-05-31,0.000633512828634766,23040200,-0.578096828046747,31.59,0.062044982589427,0,31.59,0,1.0096696343704,-0.575620116782782
"2016-06-01",2016-06-01,0.00221589110478,17753500,-0.577161936560937,31.66,0.0641187934301958,0,31.66,0,1.03342431175284,-0.564256882035951
"2016-06-02",2016-06-02,0.00315855969677831,14140100,-0.575826377295495,31.76,0.0670655226700252,0,31.76,0,1.04595734077619,-0.548083580639798
"2016-06-03",2016-06-03,-0.00440802896725451,15777500,-0.577696146911521,31.620001,0.0629349126206542,29.629999,31.76,9134,-1.00324710657544,-0.570745750341899
"2016-06-06",2016-06-06,0.00189750152126818,15139600,-0.576894824707849,31.68,0.0647096275252524,29.629999,31.76,0,1.02819921138678,-0.561016600961036
"2016-06-07",2016-06-07,0.00631309974747481,19339100,-0.574223719532556,31.879999,0.00815552095845429,31.620001,31.879999,9134,-0.99536985762241,-0.764521343941651
"2016-06-08",2016-06-08,0.000313676295911992,12732100,-0.574090163606012,31.889999,0.00846654150098913,0,31.889999,0,1.03813619560531,-0.762842272291247
"2016-06-09",2016-06-09,0.00156795238532304,11276800,-0.573422357262106,31.940001,0.0100187849086166,0,31.940001,0,1.18333854590403,-0.754457612149406
"2016-06-10",2016-06-10,0.00313087028394263,35749100,-0.572086797996663,32.040001,0.0131086138230769,0,32.040001,0,1.30840355818028,-0.73774385343361
"2016-06-13",2016-06-13,0.00405733445513947,23004800,-0.570350611018366,32.169998,0.0170965817281058,0,32.169998,0,1.30422498967879,-0.716124926532182
"2016-06-14",2016-06-14,-0.000932514823283376,18754300,-0.570751265442406,32.139999,0.0161791542059477,31.620001,32.169998,9141,-1.00070247040382,-0.721103044320007
"2016-06-15",2016-06-15,-0.0164902929835188,23783300,-0.577829702838066,31.610001,0,31.610001,32.139999,9142,-1.01240196531176,-0.808942067370034
"2016-06-16",2016-06-16,0.00253084458934368,18547900,-0.576761255425712,31.690001,0.00252445558458636,31.610001,31.690001,9142,-0.998150930270448,-0.795372429783701
"2016-06-17",2016-06-17,0.00220886708081842,27047900,-0.575826377295495,31.76,0.00472289042821161,0,31.76,0,1.87085502991152,-0.78353856687791
"2016-06-20",2016-06-20,0.0129092569269521,21961600,-0.570350611018366,32.169998,0.0174074303641548,0,32.169998,0,3.68575782748921,-0.714950916730364
"2016-06-21",2016-06-21,0.00466279171046267,15476500,-0.568347245409017,32.32,0.0219677908415842,0,32.32,0,1.26197780959216,-0.690161106293124
"2016-06-22",2016-06-22,-0.000928186881188232,18304800,-0.568747899833057,32.290001,0.0210591507878862,31.610001,32.32,9147,-1.00070494653977,-0.695106035664115
"2016-06-23",2016-06-23,0.0216785685451047,22048800,-0.559398971619368,32.990002,0.0212185801019351,32.290001,32.990002,9147,1.00757054810304,-0.659194972715138
"2016-06-24",2016-06-24,-0.0436496790754968,38094300,-0.578631065108516,31.549999,0,0,32.990002,9149,-1.03437992285448,-0.811968643816612
"2016-06-27",2016-06-27,-0.0263074493282868,34965100,-0.589716207011688,30.719999,0,30.719999,31.549999,9150,-1.01915752985211,-0.853834889119425
"2016-06-28",2016-06-28,0.0152995447688653,23693900,-0.583439051752924,31.190001,0.015068995990093,30.719999,31.190001,9150,-0.989355633804651,-0.773214973536756
"2016-06-29",2016-06-29,0.0237255202396435,22771100,-0.573555926544243,31.93,0.0378954274976511,0,31.93,0,2.51479445097504,-0.64967786980004
"2016-06-30",2016-06-30,0.0272470717193862,34528900,-0.561936574290486,32.799999,0.0634146360797144,0,32.799999,0,1.67341128645785,-0.509413350705252
"2016-07-01",2016-07-01,-0.00152435980257194,17084600,-0.562604340567615,32.75,0.0619847633587786,30.719999,32.799999,9154,-1.0011883303342,-0.517335691223471
"2016-07-05",2016-07-05,-0.00213740458015268,20107200,-0.563539232053424,32.68,0.0599755507955936,30.719999,32.799999,0,-1.00166172106825,-0.528454951886877
"2016-07-06",2016-07-06,0.00887395960832325,21070200,-0.559666096828049,32.970001,0.00879590510173178,32.68,32.970001,9154,-0.993127124066833,-0.707121674333349
"2016-07-07",2016-07-07,0.00697603861158502,26119400,-0.556594310517531,33.200001,0.0156626802511242,0,33.200001,0,1.78067863056417,-0.669585821777541
"2016-07-08",2016-07-08,0.0240963546958929,23341900,-0.545909849749585,34,0.0388235294117647,0,34,0,2.47872833954956,-0.541759217463659
"2016-07-11",2016-07-11,0.0111765,23820700,-0.540834711185311,34.380001,0.0494473807606929,0,34.380001,0,1.27364465595724,-0.482467440375587
"2016-07-12",2016-07-12,0.0162884812016149,28064100,-0.533355606010019,34.939999,0.0646822857665222,0,34.939999,0,1.30810337719526,-0.396681409816851
"2016-07-13",2016-07-13,0.00200340589591897,29120900,-0.532420727879802,35.009998,0.0665523602714859,0,35.009998,0,1.0289116947987,-0.386087694723889
"2016-07-14",2016-07-14,0.00542710685102002,25296400,-0.529883125208683,35.200001,0.0715909354661666,0,35.200001,0,1.0757084372985,-0.357474067243258
"2016-07-15",2016-07-15,-0.00369321012235199,23661900,-0.531619365609351,35.07,0.0681494154548047,32.68,35.200001,9163,-1.00327664784566,-0.377029377353199
"2016-07-18",2016-07-18,-0.000570316509837485,19347200,-0.531886490818032,35.049999,0.0676176624141986,32.68,35.200001,0,-1.0005024745635,-0.380046572175232
"2016-07-19",2016-07-19,0.00285315272048941,20395400,-0.530550891485812,35.150002,0.0702703231709632,32.68,35.200001,0,1.03923029371402,-0.364983754154915
"2016-07-20",2016-07-20,0.0153626449295792,42994200,-0.523338911519201,35.689999,0.0179321943942896,35.049999,35.689999,9163,-0.986406619831674,-0.535415710024849
"2016-07-21",2016-07-21,-0.0397870282932761,63708600,-0.54230383973289,34.27,0,0,35.689999,9167,-1.0362383300692,-0.674768367804686
"2016-07-22",2016-07-22,0.0113802159323021,33033700,-0.537095158597665,34.66,0.0112521638776686,34.27,34.66,9167,-0.990395271518286,-0.612599224529739
"2016-07-25",2016-07-25,0.000865522215810839,20277700,-0.536694504173625,34.689999,0.0121072070368177,0,34.689999,0,1.07598922024643,-0.607856719336467
"2016-07-26",2016-07-26,0.0115307296491996,29644400,-0.531352253756263,35.09,0.0233684810487318,0,35.09,0,1.93012979605196,-0.545148705968732
"2016-07-27",2016-07-27,-0.00740946138501006,23601800,-0.534824681135228,34.830002,0.0160781500960004,34.27,35.09,9171,-1.00653507603368,-0.585797376449059
"2016-07-28",2016-07-28,-0.00172271020828529,21667400,-0.535626043405678,34.77,0.0143802128271499,34.27,35.09,0,-1.00149836441495,-0.595236704200709
"2016-07-29",2016-07-29,0.00258846706931245,18171200,-0.534424026711188,34.860001,0.0169248704267103,34.27,35.09,0,1.17695548947343,-0.581086304825163
"2016-08-01",2016-08-01,-0.000286947782933154,18824400,-0.53455762270451,34.849998,0.0166426982291361,34.27,35.09,0,-1.00024998126328,-0.582656573678842
"2016-08-02",2016-08-02,-0.00832129172575561,20057300,-0.538430704507515,34.560001,0.00839123239608697,34.27,35.09,0,-1.00724539626506,-0.62844843542952
"2016-08-03",2016-08-03,-0.00896993608304582,18388800,-0.542570951585979,34.25,0,34.25,34.860001,9176,-1.00768947061117,-0.675777192992705
"2016-08-04",2016-08-04,0.00963509489051096,16362600,-0.538163579298834,34.580002,0.00954314577541093,34.25,34.580002,9176,-0.991876873846154,-0.623089025677393
"2016-08-05",2016-08-05,0.0115673214825146,20046200,-0.532821368948249,34.98,0.0208690680388792,0,34.98,0,2.18681224514571,-0.560137000808854
"2016-08-08",2016-08-08,0.00171529445397369,19497300,-0.532020020033391,35.040001,0.0225456899958421,0,35.040001,0,1.08034004938981,-0.550778226940276
"2016-08-09",2016-08-09,-0.00342474305294674,12578900,-0.5336227312187,34.919998,0.0191866563108051,34.25,35.040001,9180,-1.0030125016446,-0.56951769186426
"2016-08-10",2016-08-10,-0.0111683568824948,19579000,-0.538831398998333,34.529999,0.00810886209408801,34.25,35.040001,0,-1.00976095558699,-0.631028227228632
"2016-08-11",2016-08-11,0.00434407773947527,16364100,-0.536828046744577,34.68,0.01239907727797,34.25,35.040001,0,1.52907733959489,-0.607258749086131
"2016-08-12",2016-08-12,-0.00317185697808534,15708300,-0.538297161936563,34.57,0.00925658085044834,34.25,35.040001,0,-1.00273665878841,-0.624675834495601
"2016-08-15",2016-08-15,0.00983511715360128,18931100,-0.533756260434059,34.91,0.0189057576625608,34.25,35.040001,0,2.04241263248352,-0.571082898584165
"2016-08-16",2016-08-16,0.00859349756516777,16320900,-0.529749595993324,35.209999,0.0193126958055297,34.529999,35.209999,9180,1.02152456147128,-0.554413651581959
"2016-08-17",2016-08-17,-0.00539616601522767,18221600,-0.532287145242072,35.02,0.0139920331239294,34.529999,35.209999,9186,-1.00479009189991,-0.584092462299151
"2016-08-18",2016-08-18,-0.00142772701313534,16085200,-0.532954911519201,34.970001,0.0125822701577849,34.529999,35.209999,0,-1.00125452264459,-0.591938852510696
"2016-08-19",2016-08-19,0.00772093200683619,16417600,-0.529348888146914,35.240002,0.00766177595563111,34.970001,35.240002,9186,-0.993233905356069,-0.596903331873008
"2016-08-22",2016-08-22,0.00340519276928531,14941400,-0.527746230383976,35.360001,0.0110294114527879,0,35.360001,0,1.43953719302921,-0.578131581482108
"2016-08-23",2016-08-23,0.00113124996800774,18316000,-0.527211993322206,35.400002,0.012146920217688,0,35.400002,0,1.10132079754969,-0.571893285521505
"2016-08-24",2016-08-24,-0.00706214649366404,16343500,-0.530550891485812,35.150002,0.00512093854219398,34.970001,35.400002,9191,-1.00633312255013,-0.61103925276923
"2016-08-25",2016-08-25,-0.00170702692989882,12428000,-0.531352253756262,35.09,0.00341974921630095,34.970001,35.400002,0,-1.00151043431141,-0.620490862855114
"2016-08-26",2016-08-26,0.00484462809917354,14469900,-0.529081829716196,35.259998,0.00822453251415389,34.970001,35.400002,0,2.40501042443403,-0.593769295502615
"2016-08-29",2016-08-29,0.00822464595715509,15264300,-0.52520869449082,35.549999,0.0129394940348662,35.09,35.549999,9191,1.5732801849343,-0.561333863624822
"2016-08-30",2016-08-30,0.00421946566018189,15183200,-0.523205328881471,35.700001,0.0170868622664744,0,35.700001,0,1.32052012392702,-0.538103837881611
"2016-08-31",2016-08-31,0.00532207268005406,20562700,-0.520667792988316,35.889999,0.0222903043268404,0,35.889999,0,1.30452882332736,-0.508867795193419
"2016-09-01",2016-09-01,0.00362220684375054,18925800,-0.518931552587648,36.02,0.0258189894503054,0,36.02,0,1.15830582982288,-0.488983280820958
"2016-09-02",2016-09-02,0.00166579677956683,16726700,-0.518130190317198,36.080002,0.0274390783016031,0,36.080002,0,1.06274795744489,-0.479837970139561
"2016-09-06",2016-09-06,0.0135808750786655,22337800,-0.511585976627715,36.57,0.0404703308722996,0,36.57,0,1.47491582725412,-0.405905558671639
"2016-09-07",2016-09-07,-0.00300795734208359,18495600,-0.513055105175294,36.459999,0.0375753987266977,35.09,36.57,9200,-1.00287171387547,-0.422387696391934
"2016-09-08",2016-09-08,-0.000548546367211999,20356500,-0.513322217028383,36.439999,0.0370471744524471,35.09,36.57,0,-1.0005206299487,-0.425391513365701
"2016-09-09",2016-09-09,-0.02744237177394,29457900,-0.526677809682807,35.439999,0.00987581856308739,35.09,36.57,0,-1.02601795171021,-0.578453258892212
"2016-09-12",2016-09-12,0.018058775904593,22796600,-0.518130190317198,36.080002,0.0274390783016031,35.09,36.57,0,2.7784105313722,-0.479837970139561
"2016-09-13",2016-09-13,-0.0130266345328918,23591300,-0.52440733222037,35.610001,0.0146026673798744,35.09,36.57,0,-1.01211498966954,-0.552025831888683
"2016-09-14",2016-09-14,0.0002807638225004,14074500,-0.52427380300501,35.619999,0.0148792536462451,35.09,36.57,0,1.01894080438701,-0.550476912126486
"2016-09-15",2016-09-15,0.0263897256145347,23736000,-0.511719519198667,36.560001,0.0402079037142258,35.09,36.57,0,2.70227960824988,-0.407401052906415
"2016-09-16",2016-09-16,0.0303609674408926,74577900,-0.496894851419034,37.669998,0.0591982776319765,35.439999,37.669998,9200,1.47230450144139,-0.279688765324202
"2016-09-19",2016-09-19,-0.0135385725266033,30531700,-0.503706176961605,37.16,0.0462863562970935,35.439999,37.669998,9208,-1.01370778047532,-0.354179313045848
"2016-09-20",2016-09-20,-0.000538240043056876,24796900,-0.503973302170286,37.139999,0.0457727529825729,35.439999,37.669998,0,-1.00053031950152,-0.357127960176645
"2016-09-21",2016-09-21,0.00834684998241376,21233700,-0.499833041736229,37.450001,0.0536716140541625,35.439999,37.669998,0,1.17256687782352,-0.311658734921031
"2016-09-22",2016-09-22,0.00267017349345329,17013400,-0.498497509181972,37.549999,0.0561917458373301,35.439999,37.669998,0,1.04695464870172,-0.297096703116121
"2016-09-23",2016-09-23,-0.0095872172992601,18062500,-0.503305522537565,37.189999,0.0470556613889664,35.439999,37.669998,0,-1.00964500978848,-0.349760622467466
"2016-09-26",2016-09-26,-0.0145199519903187,25518800,-0.510517502504176,36.650002,0.0330150868750294,35.439999,37.669998,0,-1.01432922875602,-0.430027042777289
"2016-09-27",2016-09-27,0.0144610633309106,22391600,-0.503439065108517,37.18,0.0467993813878429,35.439999,37.669998,0,1.41751501563484,-0.351232900185661
"2016-09-28",2016-09-28,0.00699298009682627,19020800,-0.499966624373959,37.439999,0.0534188048455877,35.439999,37.669998,0,1.14144254179104,-0.313118055510852
"2016-09-29",2016-09-29,-0.00320510158133284,17675000,-0.501569282136897,37.32,0.0503751607717042,35.439999,37.669998,0,-1.00320552949898,-0.330666158561804
"2016-09-30",2016-09-30,0.0115219721329046,24279300,-0.495826377295495,37.75,0.0291390198675496,36.650002,37.75,9208,-0.988550126481161,-0.389180846709548
"2016-10-03",2016-10-03,-0.00238410596026499,14113600,-0.497028380634393,37.66,0.0268188528943175,36.650002,37.75,9218,-1.00242424242424,-0.402483341848897
"2016-10-04",2016-10-04,-0.00318637812002124,14393100,-0.498631038397331,37.540001,0.0237080174824714,36.650002,37.75,0,-1.0032244793766,-0.42028521242596
"2016-10-05",2016-10-05,0.0119872399577187,22420800,-0.492621008347248,37.990002,0.0118452481260728,37.540001,37.990002,9218,-0.987946939545921,-0.442389775599978
"2016-10-06",2016-10-06,0.00210576456405565,15171400,-0.491552587646079,38.07,0.0139216968741792,0,38.07,0,1.17529803732316,-0.430512266321454
"2016-10-07",2016-10-07,0.000787969529813477,16942500,-0.491151946577632,38.099998,0.0146980847610544,0,38.099998,0,1.05576819362553,-0.42606687595997
"2016-10-10",2016-10-10,-0.00209968514958967,14954300,-0.4922203672788,38.02,0.0126249079431879,37.540001,38.099998,9223,-1.00217533638747,-0.43793202784738
"2016-10-11",2016-10-11,-0.0197264597580221,27650500,-0.502237061769618,37.27,0,37.27,38.02,9224,-1.02035002035002,-0.523444589601744
"2016-10-12",2016-10-12,-0.00375634558626249,14053900,-0.504106831385645,37.130001,0,37.130001,37.27,9225,-1.0037228825954,-0.530506315476622
"2016-10-13",2016-10-13,-0.00430918383223304,16936000,-0.506243726210353,36.970001,0,36.970001,37.130001,9226,-1.00423897216158,-0.538576916980778
"2016-10-14",2016-10-14,0.0129834997840546,19123900,-0.499833041736229,37.450001,0.0128170891103581,36.970001,37.450001,9226,-0.987336762625954,-0.465957667489302
"2016-10-17",2016-10-17,-0.00427236303678613,15788100,-0.501969936560937,37.290001,0.0085813888822367,36.970001,37.450001,9228,-1.0042752172151,-0.490025616283074
"2016-10-18",2016-10-18,0.0123357197013753,42907800,-0.495826377295495,37.75,0.01218540397351,37.290001,37.75,9228,1.41998039486749,-0.453211081774598
"2016-10-19",2016-10-19,-0.0593378013245032,75229000,-0.52574293155259,35.509998,0,0,37.75,9230,-1.06033675420875,-0.612221307029988
"2016-10-20",2016-10-20,-0.00225283031556362,25669500,-0.526811352253758,35.43,0,35.43,35.509998,9231,-1.00203221125202,-0.616256506899548
"2016-10-21",2016-10-21,-0.00790285069150435,20813200,-0.530550891485812,35.150002,0,35.150002,35.43,9232,-1.00709844086703,-0.630379958649304
"2016-10-24",2016-10-24,0.00312933125864409,21524700,-0.529081829716196,35.259998,0.00311956909356614,35.150002,35.259998,9232,-0.997231063422583,-0.613049666714378
"2016-10-25",2016-10-25,-0.00453772005318899,17860300,-0.531218724540904,35.099998,0,0,35.259998,9234,-1.00403887395992,-0.63290222338439
"2016-10-26",2016-10-26,-0.00512820542041056,19977600,-0.5336227312187,34.919998,0,34.919998,35.099998,9235,-1.00452545546069,-0.641981650076567
"2016-10-27",2016-10-27,-0.00314997154352643,14634700,-0.535091806343909,34.810001,0,34.810001,34.919998,9236,-1.00275302201211,-0.647530037286897
"2016-10-28",2016-10-28,-0.00201088761818774,22296400,-0.536026684474126,34.740002,0,34.740002,34.810001,9237,-1.00174713594776,-0.651060875003706
"2016-10-31",2016-10-31,0.00374199748175038,19188600,-0.534290497495829,34.869999,0.00372804713874531,34.740002,34.869999,9237,-0.996761006441311,-0.630423614070614
"2016-11-01",2016-11-01,-0.0100372529405578,25368200,-0.538964941569284,34.52,0,0,34.869999,9239,-1.00874888117113,-0.66215805295444
"2016-11-02",2016-11-02,0.00231743916570093,21416400,-0.537896520868116,34.599998,0.00231208105850167,34.52,34.599998,9239,-0.998017643414695,-0.649390610087836
"2016-11-03",2016-11-03,-0.0193641051655552,19400000,-0.546844741235395,33.93,0,0,34.599998,9241,-1.01663557955875,-0.691918396001019
"2016-11-04",2016-11-04,-0.00943115237253177,21914700,-0.551118517529217,33.610001,0,33.610001,33.93,9242,-1.00781533764806,-0.708059548568073
"2016-11-07",2016-11-07,0.0321332332004395,19296600,-0.536694504173625,34.689999,0.031132834567104,33.610001,34.689999,9242,-0.973827746851515,-0.536000932899036
"2016-11-08",2016-11-08,0.001441424083062,14833100,-0.536026684474126,34.740002,0.0325273729114927,0,34.740002,0,1.04479316977652,-0.528211841110961
"2016-11-09",2016-11-09,0.000287795032366523,25999400,-0.535893155258767,34.75,0.0328057266187052,0,34.75,0,1.00855752193606,-0.526656246097109
"2016-11-10",2016-11-10,-0.00719424460431655,28249900,-0.539232053422373,34.5,0.0257970724637682,33.610001,34.75,9246,-1.00623052959502,-0.56573677095064
"2016-11-11",2016-11-11,0.00318843478260861,22665000,-0.537762924874793,34.610001,0.0288933825803703,33.610001,34.75,0,1.12002563938024,-0.548494071064689
"2016-11-14",2016-11-14,-0.00375616862883073,22558900,-0.539499165275461,34.48,0.0252319895591647,33.610001,34.75,0,-1.00322863537138,-0.568879795205049
"2016-11-15",2016-11-15,0.0124709976798144,20676100,-0.533756260434059,34.91,0.012317387568032,34.48,34.91,9246,-0.989355118207699,-0.595965784246127
"2016-11-16",2016-11-16,-0.00200515611572596,18565500,-0.534691151919869,34.84,0.0103329506314582,34.48,34.91,9250,-1.00175153259102,-0.606991472588106
"2016-11-17",2016-11-17,0.00516647531572904,15748500,-0.532287145242072,35.02,0.0051399200456882,34.84,35.02,9250,-0.995503934057699,-0.617525028234626
"2016-11-18",2016-11-18,-0.00199882924043412,16806900,-0.533222023372289,34.950001,0.00314738188419494,34.84,35.02,9252,-1.0017563417388,-0.628581262754919
"2016-11-21",2016-11-21,0.00085834046184996,14259500,-0.532821368948249,34.98,0.00400228702115479,34.84,35.02,0,1.27162421606761,-0.623839278842376
"2016-11-22",2016-11-22,0.0142938822184105,22327400,-0.526143572621038,35.48,0.0149379650507327,34.950001,35.48,9252,3.73235726767608,-0.557316897397246
"2016-11-23",2016-11-23,-0.00789174182638096,15843100,-0.529883125208684,35.200001,0.00710227252550366,34.950001,35.48,9255,-1.00710747556797,-0.60103415925721
"2016-11-25",2016-11-25,0.00681812480630327,6372800,-0.526677809682807,35.439999,0.0138261290582994,34.950001,35.48,0,1.94671902671306,-0.563533768491507
"2016-11-28",2016-11-28,0.0019751411392535,13549000,-0.52574293155259,35.509998,0.00872985123795289,35.200001,35.509998,9255,-0.998224952498416,-0.579250498304426
"2016-11-29",2016-11-29,-0.00563213211107484,19581000,-0.528414010016697,35.310001,0.0031152647092817,35.200001,35.509998,9258,-1.00508057893659,-0.61054370917305
"2016-11-30",2016-11-30,-0.0172755588423801,27016100,-0.536560921535896,34.700001,0,34.700001,35.310001,9259,-1.01541766751972,-0.653078575821005
"2016-12-01",2016-12-01,-0.0270894228504488,29618700,-0.549115218697832,33.759998,0,33.759998,34.700001,9260,-1.02339771060106,-0.700493510981705
"2016-12-02",2016-12-02,0.011848401175853,21492500,-0.543772954924877,34.16,0.0117096604215455,33.759998,34.16,9260,-0.990271142392259,-0.636091986179603
"2016-12-05",2016-12-05,0.00673299180327888,14462000,-0.540701181969952,34.389999,0.018319308471047,0,34.389999,0,1.56446112112183,-0.599527298944057
"2016-12-06",2016-12-06,0.00959587117173223,15297700,-0.536293809682807,34.720001,0.0276498551944167,0,34.720001,0,1.50932854469459,-0.547642073453184
"2016-12-07",2016-12-07,0.0224654083391298,21710300,-0.525876460767949,35.5,0.0490141408450704,0,35.5,0,1.77267260535121,-0.427609536164386
"2016-12-08",2016-12-08,0.0056338309859155,19966500,-0.523205328881472,35.700001,0.0543418192061115,0,35.700001,0,1.10869676116289,-0.397399715227638
"2016-12-09",2016-12-09,0.0016805881882189,16326900,-0.522404033388984,35.759998,0.055928414761097,0,35.759998,0,1.02919658521125,-0.388381153875591
"2016-12-12",2016-12-12,0.00587256744253734,21985800,-0.519599318864777,35.970001,0.0614401706577656,0,35.970001,0,1.09855018992068,-0.356971597395818
"2016-12-13",2016-12-13,0.0230747282992846,35773600,-0.50851420367279,36.799999,0.0826087250708891,0,36.799999,0,1.34453931664736,-0.235156283221351
"2016-12-14",2016-12-14,-0.00679347844547496,30819400,-0.511853101836396,36.549999,0.076333818777943,33.759998,36.799999,9269,-1.00656598800877,-0.271465597002541
"2016-12-15",2016-12-15,0.00656640236843774,23721500,-0.508647732888149,36.790001,0.0823594160815596,33.759998,36.799999,0,1.07893745393697,-0.236602182455549
"2016-12-16",2016-12-16,-0.0130470232930952,38212800,-0.515058417362273,36.310001,0.0702286678537959,33.759998,36.799999,0,-1.01260338749123,-0.306629267047105
"2016-12-19",2016-12-19,0.0159735054813136,18744300,-0.507312200333892,36.889999,0.0157223642104193,36.310001,36.889999,9269,-0.984960507842876,-0.483232261731735
"2016-12-20",2016-12-20,0.00867443775208561,18551800,-0.503038410684477,37.209999,0.0241869933938994,0,37.209999,0,1.53838144633939,-0.435121937814691
"2016-12-21",2016-12-21,-0.00618110739535377,14323600,-0.506110183639402,36.98,0.0181178745267712,36.310001,37.209999,9274,-1.00610643817585,-0.469645160219183
"2016-12-22",2016-12-22,-0.00135208220659808,10793900,-0.506777963272123,36.93,0.0167884917411318,36.310001,37.209999,0,-1.0013194352817,-0.477188021866513
"2016-12-23",2016-12-23,0.00108315732466839,6287300,-0.506243726210353,36.970001,0.0178523122030753,36.310001,37.209999,0,1.06336605326714,-0.471152495313927
"2016-12-27",2016-12-27,0.00270486873938675,9033700,-0.504908180300503,37.07,0.0205017264634475,36.310001,37.209999,0,1.14840734523542,-0.456102140391477
"2016-12-28",2016-12-28,-0.0118694092257891,12868600,-0.510784627712857,36.630001,0.00873600849751544,36.310001,37.209999,0,-1.01163864568179,-0.522732881779532
"2016-12-29",2016-12-29,0.000818973496615426,8447300,-0.510383973288817,36.66,0.00954716312056725,36.310001,37.209999,0,1.09285185829232,-0.518156134339681
"2016-12-30",2016-12-30,-0.0106382978723402,17468000,-0.515592654424043,36.27,0,36.27,37.07,9280,-1.01020541672118,-0.573885849002726
"2017-01-03",2017-01-03,0.00909837331127643,20196500,-0.511185335559268,36.599998,0.00901633929051027,36.27,36.599998,9280,-0.991451936277684,-0.523187520546555
"2017-01-04",2017-01-04,-0.00519120246946469,15915700,-0.513722871452423,36.41,0.0038450975006864,36.27,36.599998,9282,-1.00496402325466,-0.552301949597581
"2017-01-05",2017-01-05,-0.00164795385882992,13986000,-0.514524233722874,36.349998,0.00220077040994604,36.27,36.599998,0,-1.00155991160796,-0.5615388030023
"2017-01-06",2017-01-06,0.00357639634533123,15114000,-0.512787979966614,36.48,0.00575657894736825,36.27,36.599998,0,2.61571080806625,-0.541551798769031
"2017-01-09",2017-01-09,0.00356362390350877,19461400,-0.511051739565946,36.610001,0.00710196648178174,36.349998,36.610001,9282,1.23371303454955,-0.529913139364482
"2017-01-10",2017-01-10,-0.00191204583687393,15918800,-0.511986631051755,36.540001,0.00519986302135012,36.349998,36.610001,9286,-1.00182934801592,-0.540627871514928
"2017-01-11",2017-01-11,0.0112205798790209,22398400,-0.506510838063442,36.950001,0.0110960754777788,36.540001,36.950001,9286,2.13391688054463,-0.497678203058425
"2017-01-12",2017-01-12,-0.00649531782150688,20391900,-0.509716207011689,36.709999,0.00463083641053785,36.540001,36.950001,9288,-1.00632833240154,-0.534202051913073
"2017-01-13",2017-01-13,0.00217929725359004,15072200,-0.508647732888149,36.790001,0.00679532463182053,36.540001,36.950001,0,1.46740761914137,-0.52199183432945
"2017-01-17",2017-01-17,0.000271758622675848,20195200,-0.50851420367279,36.799999,0.00706516323546647,36.540001,36.950001,0,1.03970944999189,-0.520468399067616
"2017-01-18",2017-01-18,-0.00108698372518968,15382500,-0.50904844073456,36.759998,0.00598468476521696,36.540001,36.950001,0,-1.00105058434536,-0.526566839407692
"2017-01-19",2017-01-19,-0.00516860746292758,13654500,-0.511585976627715,36.57,0.00082031719989073,36.540001,36.950001,0,-1.00498486134147,-0.555655305961207
"2017-01-20",2017-01-20,0.0101175553732568,23950900,-0.506644420701171,36.939999,0.0108283164815463,36.540001,36.950001,0,13.200157796263,-0.499193985846274
"2017-01-23",2017-01-23,-0.00460203044401807,27752600,-0.50891485809683,36.77,0.00625507206962217,36.540001,36.950001,0,-1.00448132319807,-0.525041130053666
"2017-01-24",2017-01-24,0.0231166440032634,35140900,-0.497562617696163,37.619999,0.0279106599657273,36.57,37.619999,9288,4.46208447401841,-0.400377517403798
"2017-01-25",2017-01-25,0.00478468912240002,32276400,-0.495158611018366,37.799999,0.0325396569454935,0,37.799999,0,1.16585050247649,-0.373815344459594
"2017-01-26",2017-01-26,-0.00634915360712046,34144800,-0.498363926544243,37.560001,0.0263578533983532,36.57,37.799999,9297,-1.00647331068177,-0.409268515310315
"2017-01-27",2017-01-27,0.0111820817044173,44368600,-0.492754590984978,37.98,0.0110584254870983,37.560001,37.98,9297,-0.988744499229385,-0.445865952398534
"2017-01-30",2017-01-30,-0.0147446550816218,23954700,-0.50023374958264,37.419998,0,0,37.98,9299,-1.01517826263721,-0.515878501574117
"2017-01-31",2017-01-31,-0.0160341537164165,27059100,-0.508247078464109,36.82,0,36.82,37.419998,9300,-1.01601916881489,-0.546143156332186
"2017-02-01",2017-02-01,-0.00814774579033126,28380600,-0.512253756260437,36.52,0,36.52,36.82,9301,-1.00788332676389,-0.56127553415248
"2017-02-02",2017-02-02,0.00438116100766694,31916900,-0.510116861435729,36.68,0.00436205016357682,36.52,36.68,9301,-0.995828444792074,-0.536730388274721
"2017-02-03",2017-02-03,-0.00436205016357679,21038100,-0.512253756260437,36.52,0,0,36.68,9303,-1.00418902997775,-0.56127553415248
"2017-02-06",2017-02-06,-0.00684556407447974,21427000,-0.515592654424043,36.27,0,36.27,36.52,9304,-1.00651805501238,-0.573885849002726
"2017-02-07",2017-02-07,0.00220562448304373,18581900,-0.514524233722874,36.349998,0.00220077040994604,36.27,36.349998,9304,-0.997927781375469,-0.5615388030023
"2017-02-08",2017-02-08,0.000825392067421865,20807400,-0.514123525876463,36.380001,0.00302366676680399,0,36.380001,0,1.37391285939642,-0.556917507742838
"2017-02-09",2017-02-09,-0.0252886744010809,47802700,-0.526410697829718,35.459999,0,0,36.380001,9307,-1.02389926026495,-0.614743319558778
"2017-02-10",2017-02-10,-0.00338406664929686,44106500,-0.528013355592657,35.34,0,35.34,35.459999,9308,-1.00304450074732,-0.620796220245637
"2017-02-13",2017-02-13,0.0130163837011883,28180600,-0.521869796327215,35.799999,0.0128491344371265,35.34,35.799999,9308,-0.988364765397749,-0.549064817936261
"2017-02-14",2017-02-14,0.00363131295059533,25734800,-0.520133555926547,35.93,0.0164208182577232,0,35.93,0,1.27797077212272,-0.52901790654466
"2017-02-15",2017-02-15,0.00333979961035346,18452200,-0.518530898163609,36.049999,0.0196948410456266,0,36.049999,0,1.19938243859215,-0.510599711632192
"2017-02-16",2017-02-16,0.0099861583907394,21317500,-0.513722871452423,36.41,0.0293875308981048,0,36.41,0,1.49214359384893,-0.455833560506314
"2017-02-17",2017-02-17,0.00192254875034332,18909900,-0.512787979966614,36.48,0.0312499999999998,0,36.48,0,1.0633761682243,-0.445268518977007
"2017-02-21",2017-02-21,0.00109649122807035,20556000,-0.512253756260436,36.52,0.0323110624315444,0,36.52,0,1.03395399780943,-0.439243459365373
"2017-02-22",2017-02-22,-0.0123220153340636,29904400,-0.518263772954927,36.07,0.0202384252841696,35.34,36.52,9315,-1.01173249902229,-0.507537832868412
"2017-02-23",2017-02-23,0.00304962572775158,22775000,-0.516794657762941,36.18,0.023217247097844,35.34,36.52,0,1.14718644221813,-0.490738911988818
"2017-02-24",2017-02-24,0.00967382531785508,18617600,-0.512120213689485,36.529999,0.0125923627865414,36.07,36.529999,9315,-0.990954929577465,-0.513212470995415
"2017-02-27",2017-02-27,-0.00054752259916551,14065200,-0.512387338898166,36.509998,0.0120514386223741,36.07,36.529999,9318,-1.00052160645399,-0.51626430321876
"2017-02-28",2017-02-28,-0.00849074272751269,24977000,-0.51652753255426,36.200001,0.00359118774609979,36.07,36.529999,0,-1.00808020288908,-0.563853527274219
"2017-03-01",2017-03-01,-0.00745859095418259,34085900,-0.520133555926547,35.93,0,35.93,36.509998,9320,-1.00698128007709,-0.591035877199059
"2017-03-02",2017-03-02,-0.000556637907041557,23602100,-0.520400667779635,35.91,0,35.91,35.93,9321,-1.00051354474259,-0.592044702387078
"2017-03-03",2017-03-03,-0.000278418267891839,17538100,-0.520534196994994,35.900002,0,35.900002,35.91,9322,-1.00025658924676,-0.59254901409857
"2017-03-06",2017-03-06,-0.0091922557553061,24416700,-0.524941569282139,35.57,0,35.57,35.900002,9323,-1.00846701775328,-0.609194730583412
"2017-03-07",2017-03-07,0.00646609502389653,23434900,-0.521869796327214,35.799999,0.00642455325208247,35.57,35.799999,9323,-0.994148352626892,-0.573329107397808
"2017-03-08",2017-03-08,-0.00502793310133891,20920100,-0.524273803005011,35.619999,0.00140367774855921,35.57,35.799999,9325,-1.00460652579382,-0.601371322956516
"2017-03-09",2017-03-09,0.00561485136481897,23616800,-0.521602671118533,35.82,0.0055835008375209,35.619999,35.82,9325,3.97776544028859,-0.575496709526607
"2017-03-10",2017-03-10,0.00251256281407025,25402300,-0.520400667779635,35.91,0.0080757727652464,0,35.91,0,1.44636367043729,-0.561544210237055
"2017-03-13",2017-03-13,-0.0208855472013367,53582900,-0.530417362270453,35.16,0,0,35.91,9328,-1.01924804311562,-0.629875646937813
"2017-03-14",2017-03-14,0.000568828213879497,28586900,-0.530150250417365,35.18,0.000568504832291206,35.16,35.18,9328,-0.999496411935037,-0.626719698783535
"2017-03-15",2017-03-15,-0.00227407617964754,27996100,-0.531218724540904,35.099998,0,0,35.18,9330,-1.00201541755889,-0.632902223384391
"2017-03-16",2017-03-16,0.0011396296945659,19616100,-0.530684487479134,35.139999,0.00113833241714101,35.099998,35.139999,9330,-0.998994318089538,-0.626585280876868
"2017-03-17",2017-03-17,0.00369951632611031,30778900,-0.528948247078467,35.27,0.00482001701162471,0,35.27,0,4.23427896723743,-0.606122919739718
"2017-03-20",2017-03-20,0.00453643322937331,17322300,-0.526811352253759,35.43,0.00931419700818514,0,35.43,0,1.93239919811933,-0.581078747322847
"2017-03-21",2017-03-21,-0.011007592435789,22814500,-0.532020020033391,35.040001,0,0,35.43,9334,-1.00988715933578,-0.635928547624672
"2017-03-22",2017-03-22,0.00941775087278118,19144500,-0.527612701168617,35.369999,0.00932988434633553,35.040001,35.369999,9334,-0.991715877788776,-0.58404602555733
"2017-03-23",2017-03-23,-0.00282722654303713,20640400,-0.528948247078467,35.27,0.00652109441451676,35.040001,35.369999,9336,-1.00253129977139,-0.599698308810004
"2017-03-24",2017-03-24,-0.0031187978451944,22188000,-0.530417362270453,35.16,0.00341294084186572,35.040001,35.369999,0,-1.00277742709254,-0.616985688492749
"2017-03-27",2017-03-27,0.00654149601820269,16992200,-0.527345589315528,35.389999,0.00649898294713169,35.16,35.389999,9336,1.90421787199187,-0.593728918476521
"2017-03-28",2017-03-28,0.00593385153811381,18398100,-0.524540928213692,35.599998,0.0123594950763762,0,35.599998,0,1.90175834848606,-0.561002384955105
"2017-03-29",2017-03-29,-0.00084264049677753,17202600,-0.524941569282139,35.57,0.0115265673320215,35.16,35.599998,9340,-1.00076379372304,-0.565661314445209
"2017-03-30",2017-03-30,0.00506044419454596,16433000,-0.522537562604343,35.75,0.00503496503496503,35.57,35.75,9340,-0.995420429970742,-0.581099301833146
"2017-03-31",2017-03-31,0.00895104895104896,21438400,-0.518263772954928,36.07,0.0138619351261436,0,36.07,0,2.75313433755353,-0.531620492653806
"2017-04-03",2017-04-03,0.00249514832270575,32013600,-0.517061769616029,36.16,0.0163163716814159,0,36.16,0,1.17706305309734,-0.517810889594009
"2017-04-04",2017-04-04,0.0033185564159292,18918000,-0.515459111853091,36.279999,0.0195699840013777,0,36.279999,0,1.19940783303359,-0.499469780718422
"2017-04-05",2017-04-05,-0.00165374866741295,22455500,-0.516260420701171,36.220001,0.0179459133642763,35.57,36.279999,9345,-1.00155455365839,-0.508629928000791
"2017-04-06",2017-04-06,-0.00524577566963642,20198200,-0.518798010016697,36.029999,0.0127671110953957,35.57,36.279999,0,-1.00491532802782,-0.537773113153242
"2017-04-07",2017-04-07,0,15689500,-0.518798010016697,36.029999,0.0127671110953957,35.57,36.279999,0,-1,-0.537773113153242
"2017-04-10",2017-04-10,-0.00638356942502266,19973700,-0.521869796327215,35.799999,0.00642455325208247,35.57,36.279999,0,-1.00592096779712,-0.573329107397809
"2017-04-11",2017-04-11,-0.00167589390156136,22711800,-0.522671091819702,35.740002,0.00475663095933787,35.57,36.279999,0,-1.00153543182251,-0.582654822702636
"2017-04-12",2017-04-12,-0.00307781180314419,19289800,-0.524140220367281,35.630001,0.00168400219803533,35.57,36.279999,0,-1.00281080888263,-0.599808083099338
"2017-04-13",2017-04-13,-0.0106651975676341,15764000,-0.529215358931555,35.25,0,35.25,36.220001,9351,-1.00968278786298,-0.625335933591726
"2017-04-17",2017-04-17,0.00652482269503537,12560700,-0.526143572621038,35.48,0.00648252536640348,35.25,35.48,9351,-0.994195583596214,-0.589251311503933
"2017-04-18",2017-04-18,0.0081736189402482,12321100,-0.522270450751255,35.77,0.0145373217780264,0,35.77,0,2.24253989862776,-0.544202077395494
"2017-04-19",2017-04-19,0.00391389432485305,16594600,-0.520400667779635,35.91,0.0183792815371762,0,35.91,0,1.26428250112459,-0.522630028579005
"2017-04-20",2017-04-20,0.00751879699248129,22968300,-0.516794657762941,36.18,0.0257048092868988,0,36.18,0,1.39857530529173,-0.481343913735961
"2017-04-21",2017-04-21,0.00386954118297403,20390500,-0.514924874791321,36.32,0.0294603524229075,0,36.32,0,1.14610274264602,-0.460098242296889
"2017-04-24",2017-04-24,0.0118392070484581,26305800,-0.509181969949919,36.75,0.0408163265306123,0,36.75,0,1.38546633606714,-0.395519379280116
"2017-04-25",2017-04-25,0.00326527891156462,22066800,-0.507579312186981,36.869999,0.0439381351759733,0,36.869999,0,1.07648431181135,-0.377676065112152
"2017-04-26",2017-04-26,0.00162736646670372,27241000,-0.506777963272123,36.93,0.0454914703493094,0,36.93,0,1.03535277879034,-0.368782919448516
"2017-04-27",2017-04-27,0.0135391280801516,39890000,-0.500100166944911,37.43,0.0582420518300828,0,37.43,0,1.280285103622,-0.295406030072648
"2017-04-28",2017-04-28,-0.034197114613946,56769300,-0.517195298831388,36.150002,0.0248963195078108,35.25,37.43,9361,-1.03418341567632,-0.485910546180389
"2017-05-01",2017-05-01,0.0044259748588672,24825600,-0.515058417362273,36.310001,0.0291930864997773,35.25,37.43,0,1.17258643353362,-0.461612011527744
"2017-05-02",2017-05-02,0.0181768102953234,35813000,-0.506243726210353,36.970001,0.0465242346084871,35.25,37.43,0,1.59367302970318,-0.362864685630162
"2017-05-03",2017-05-03,0.000270462529876411,22040300,-0.506110183639402,36.98,0.0467820443482962,35.25,37.43,0,1.0055414074402,-0.361386630411271
"2017-05-04",2017-05-04,-0.00351546782044342,16437100,-0.507846437395662,36.849998,0.0434192153823183,35.25,37.43,0,-1.00343058450983,-0.380644791464445
"2017-05-05",2017-05-05,-0.000814057031970506,18119200,-0.508247078464109,36.82,0.0426398696360674,35.25,37.43,0,-1.00078890199664,-0.385101353037564
"2017-05-08",2017-05-08,-0.00760453557849005,17660200,-0.511986631051756,36.540001,0.035303803084187,35.25,37.43,0,-1.00735774536855,-0.426931632868557
"2017-05-09",2017-05-09,-0.0046524902941299,17819100,-0.514257108514193,36.369999,0.0307945842945995,35.25,37.43,0,-1.00443464208777,-0.452537117114512
"2017-05-10",2017-05-10,-0.00989829557047821,25133800,-0.519065135225378,36.009998,0.0211051941741291,35.25,37.43,0,-1.00934946086614,-0.507290805847857
"2017-05-11",2017-05-11,-0.00888639316225463,21508900,-0.523338911519201,35.689999,0.0123283556270204,35.25,37.43,0,-1.00823360307559,-0.556580228306819
"2017-05-12",2017-05-12,-0.00448304859857249,19730800,-0.525475806343909,35.529999,0.00788063630398628,35.25,37.43,0,-1.00408319499596,-0.581448928549155
"2017-05-15",2017-05-15,0.00281457930803779,22120100,-0.524140220367281,35.630001,0.0106651975676341,35.25,37.43,0,1.35334218662512,-0.565888000547347
"2017-05-16",2017-05-16,0.00533255668446375,22291800,-0.521602671118533,35.82,0.0159128978224455,35.25,37.43,0,1.49203966654465,-0.536484753542781
"2017-05-17",2017-05-17,-0.0217755164712452,26670200,-0.532020020033391,35.040001,0,35.040001,36.98,9374,-1.01997180898733,-0.635928547624672
"2017-05-18",2017-05-18,0.00513698615476657,17171900,-0.529616013355595,35.220001,0.00511073239322191,35.040001,35.220001,9374,-0.995481360499093,-0.607546961526629
"2017-05-19",2017-05-19,0.00511076078617934,18340100,-0.527211993322206,35.400002,0.0101695191994623,0,35.400002,0,1.9898359798587,-0.5793615125243
"2017-05-22",2017-05-22,0.0104519203134509,14638100,-0.522270450751254,35.77,0.0204081353089183,0,35.77,0,2.00679451099294,-0.522029251683532
"2017-05-23",2017-05-23,0.00251610287950779,16903700,-0.521068434056764,35.860001,0.0228667032106329,0,35.860001,0,1.1204699922114,-0.508203994957447
"2017-05-24",2017-05-24,0.00725036231872953,20640600,-0.517596006677799,36.119999,0.0299002776827321,0,36.119999,0,1.30759022878421,-0.468525039605274
"2017-05-25",2017-05-25,0.00387594141406269,13148500,-0.515726237061772,36.259998,0.0336458099087596,0,36.259998,0,1.12526747295697,-0.447317227705137
"2017-05-26",2017-05-26,0,11145500,-0.515726237061772,36.259998,0.0336458099087596,0,36.259998,0,-1,-0.447317227705137
"2017-05-30",2017-05-30,-0.00220623288506534,13026900,-0.516794657762941,36.18,0.0315090934217801,35.040001,36.259998,9382,-1.00207168188157,-0.459422355534831
"2017-05-31",2017-05-31,-0.00193474295190721,17741900,-0.517729535893158,36.110001,0.0296316801542044,35.040001,36.259998,0,-1.00180899341,-0.470043787587883
"2017-06-01",2017-06-01,0.000276876203908249,17510900,-0.517596006677799,36.119999,0.0299002776827321,35.040001,36.259998,0,1.00906453927452,-0.468525039605273
"2017-06-02",2017-06-02,0.00553712639914526,19127400,-0.514924874791321,36.32,0.00578191079295165,36.110001,36.32,9382,-0.994839349894482,-0.549526727229899
"2017-06-05",2017-06-05,0.000550660792951628,11685700,-0.514657762938233,36.34,0.00632908640616414,0,36.34,0,1.09463577575073,-0.546451335041964
"2017-06-06",2017-06-06,-0.00577872867363796,18420900,-0.517462424040069,36.130001,0.00055355658584133,36.110001,36.34,9387,-1.00544956533022,-0.578856908288555
"2017-06-07",2017-06-07,0.00359803477448016,17192000,-0.515726237061772,36.259998,0.00413670734344795,36.110001,36.34,0,7.47296202277265,-0.558766890457016
"2017-06-08",2017-06-08,0.00606734727343321,17154200,-0.512787979966614,36.48,0.0095942708333332,36.130001,36.48,9387,2.31930132754723,-0.527057645126446
"2017-06-09",2017-06-09,-0.0211074835526314,33322100,-0.523071799666113,35.709999,0,0,36.48,9390,-1.02005472066675,-0.602133004708534
"2017-06-12",2017-06-12,0.000560095227109737,28488300,-0.522804674457432,35.73,0.00055978169605353,35.709999,35.73,9390,-0.999489314451952,-0.599009951560581
"2017-06-13",2017-06-13,0.00419818080044789,20588200,-0.520801322203675,35.880001,0.00473807121688752,0,35.880001,0,8.46414102192158,-0.575663193064412
"2017-06-14",2017-06-14,-0.00975479348509504,19149000,-0.525475806343909,35.529999,0,0,35.880001,9393,-1.00897556119953,-0.611212431400711
"2017-06-15",2017-06-15,-0.00619189434820972,20410000,-0.528414010016697,35.310001,0,35.310001,35.529999,9394,-1.00559151085039,-0.622309407586407
"2017-06-16",2017-06-16,-0.00283211546779612,30762800,-0.529749595993325,35.209999,0,35.209999,35.310001,9395,-1.00252753702837,-0.627353634409024
"2017-06-19",2017-06-19,0.00852027857200449,21583800,-0.52574293155259,35.509998,0.00844829673040248,35.209999,35.509998,9395,-0.992436682404218,-0.580313870355247
"2017-06-20",2017-06-20,-0.0183046194483032,21536500,-0.534424026711188,34.860001,0,0,35.509998,9397,-1.01651205301603,-0.645007974316849
"2017-06-21",2017-06-21,-0.00803209959747266,27138500,-0.538163579298834,34.580002,0,34.580002,34.860001,9398,-1.00699735116825,-0.659131476507864
"2017-06-22",2017-06-22,-0.00636208754412459,24602900,-0.5411018230384,34.360001,0,34.360001,34.580002,9399,-1.00545975954633,-0.670228604017339
"2017-06-23",2017-06-23,-0.00494767156729701,29260900,-0.543372300500837,34.189999,0,34.189999,34.360001,9400,-1.00419602626672,-0.678803718998025
"2017-06-26",2017-06-26,-0.00350976904094089,18854800,-0.544974958263775,34.07,0,34.07,34.189999,9401,-1.00294946533245,-0.684856619684882
"2017-06-27",2017-06-27,-0.0123275022013502,27078900,-0.550584280467448,33.650002,0,33.650002,34.07,9402,-1.01029280725401,-0.706041847750775
"2017-06-28",2017-06-28,0.0163446944223064,25940100,-0.543238717863108,34.200001,0.0160818416350339,33.650002,34.200001,9402,-0.986658604568034,-0.617561478147823
"2017-06-29",2017-06-29,-0.019298245049759,25215700,-0.552053409015028,33.540001,0,0,34.200001,9404,-1.01622618355811,-0.711590436726143
"2017-06-30",2017-06-30,0.00596305885619981,24432000,-0.54938227712855,33.740002,0.00592771156326544,33.540001,33.740002,9404,-0.995161461114345,-0.679114416813
"2017-07-03",2017-07-03,-0.00829884361002686,12676900,-0.553121883138567,33.459999,0,0,33.740002,9406,-1.00680692873742,-0.71562583836074
"2017-07-05",2017-07-05,0.0263000904453105,30010800,-0.541368948247081,34.34,0.025626121141526,33.459999,34.34,9406,-0.978751636393779,-0.574453019579061
"2017-07-06",2017-07-06,-0.0206755678509028,20733200,-0.550851405676129,33.630001,0.0050550697277707,33.459999,34.34,9408,-1.01751570247934,-0.687958790133344
"2017-07-07",2017-07-07,0.00743383861332624,18304500,-0.547512507512523,33.880001,0.0123967528808514,33.459999,34.34,0,2.45234062999135,-0.647620484923818
"2017-07-10",2017-07-10,-0.00678863616326338,29918400,-0.550584280467448,33.650002,0.00564644840139972,33.459999,34.34,0,-1.00561041604123,-0.684716401858645
"2017-07-11",2017-07-11,0.00802365479799969,25737500,-0.546978323873124,33.919998,0.0135612920731892,33.459999,34.34,0,2.40173842194812,-0.641204766713243
"2017-07-12",2017-07-12,0.00972883312080385,23768300,-0.542570951585979,34.25,0.0230657226277371,33.459999,34.34,0,1.70084992663333,-0.588662818629742
"2017-07-13",2017-07-13,-0.000291912408759213,15046200,-0.542704480801338,34.240002,0.0227804601179636,33.459999,34.34,0,-1.00024610461538,-0.590244506735166
"2017-07-14",2017-07-14,0.0128504081278968,16316400,-0.536828046744577,34.68,0.0302767877739331,33.630001,34.68,9408,1.32906831631808,-0.539738403418522
"2017-07-17",2017-07-17,-0.00605533448673576,21044400,-0.539632707846413,34.470001,0.0243690158291554,33.630001,34.68,9415,-1.00522450553551,-0.572643427305452
"2017-07-18",2017-07-18,0.00174058596633035,14362800,-0.538831398998333,34.529999,0.0260642347542493,33.630001,34.68,0,1.06956452148001,-0.563214567930446
"2017-07-19",2017-07-19,0.000868867676480477,17036200,-0.538430704507515,34.560001,0.0269097214435844,33.630001,34.68,0,1.03243857712712,-0.558508004186313
"2017-07-20",2017-07-20,0.00549765609092431,17506200,-0.535893155258767,34.75,0.00805752517985603,34.470001,34.75,9415,-0.99528713866519,-0.620124988427403
"2017-07-21",2017-07-21,-0.000575539568345414,22245000,-0.536160267111856,34.73,0.00748629427008329,34.470001,34.75,9419,-1.0004984423676,-0.623291232401939
"2017-07-24",2017-07-24,-0.0066225165562913,16146300,-0.539232053422373,34.5,0.000869536231883905,34.470001,34.75,0,-1.00572923153568,-0.659882823007964
"2017-07-25",2017-07-25,0.00492747826086956,18096700,-0.536961629382306,34.669998,0.00576858989146745,34.470001,34.75,0,6.63409951183912,-0.632805216362196
"2017-07-26",2017-07-26,0.00230752825540977,15499300,-0.535893155258767,34.75,0.0071942446043165,34.5,34.75,9419,1.2471409373299,-0.623385417265969
"2017-07-27",2017-07-27,0.00633096402877708,43062800,-0.532954911519201,34.970001,0.0134401197186126,0,34.970001,0,1.86817664088716,-0.588698935470371
"2017-07-28",2017-07-28,0.00972261911001936,36291500,-0.528414010016697,35.310001,0.0229397048162078,0,35.310001,0,1.70680807139237,-0.535670975945341
"2017-07-31",2017-07-31,0.00453129412259161,27057000,-0.526277115191989,35.470001,0.0273470812701698,0,35.470001,0,1.19212873440499,-0.510954642219153
"2017-08-01",2017-08-01,0.0248096130586519,38710200,-0.514524233722874,36.349998,0.0508940330615699,0,36.349998,0,1.86104076551252,-0.377634609752065
"2017-08-02",2017-08-02,0.00797801969617725,35004300,-0.510651098497499,36.639999,0.0584060878385941,0,36.639999,0,1.14760187639161,-0.334635145999307
"2017-08-03",2017-08-03,-0.00409380469688348,26611300,-0.512654397328884,36.490002,0.0545355409955856,34.5,36.639999,9428,-1.00392302853608,-0.356819423478398
"2017-08-04",2017-08-04,-0.0052069879305569,20520300,-0.515192000000003,36.299999,0.049586750677321,34.5,36.639999,0,-1.00494992861534,-0.38509395239869
"2017-08-07",2017-08-07,0.00358129486449848,18169300,-0.513455759599335,36.43,0.052978314575899,34.5,36.639999,0,1.06839657473522,-0.365727316000863
"2017-08-08",2017-08-08,-0.000548998078506811,22819900,-0.513722871452424,36.41,0.0524581159022246,34.5,36.639999,0,-1.00052022369619,-0.368700821972268
"2017-08-09",2017-08-09,0.00494369678659728,22796800,-0.511318864774627,36.59,0.0571194315386718,34.5,36.639999,0,1.08885785461939,-0.342016588271396
"2017-08-10",2017-08-10,-0.0122984695271932,22693300,-0.517328894824711,36.139999,0.0453790549357791,34.5,36.639999,0,-1.0117539767533,-0.409056134147263
"2017-08-11",2017-08-11,-0.00747094652658964,19275100,-0.520934904841405,35.869999,0.038193449629034,34.5,36.639999,0,-1.00697043999044,-0.449813791405169
"2017-08-14",2017-08-14,0.0131028997240843,18469400,-0.514657762938233,36.34,0.0506329113924051,34.5,36.639999,0,1.32569620927655,-0.379125122989042
"2017-08-15",2017-08-15,-0.00935608145294451,21706600,-0.519198664440737,36,0.0416666666666666,34.5,36.639999,0,-1.00882314778773,-0.430138768305641
"2017-08-16",2017-08-16,-0.00527775000000001,22014000,-0.521736213689485,35.810001,0.0365819872498747,34.5,36.639999,0,-1.0048874340836,-0.45892631995388
"2017-08-17",2017-08-17,-0.0178721860409889,19525000,-0.530283833055095,35.169998,0.0190502711999017,34.5,36.639999,0,-1.01638302870557,-0.557422474841235
"2017-08-18",2017-08-18,-0.00454933207559456,16231400,-0.532420727879802,35.009998,0.0145672102009261,34.5,36.639999,0,-1.00402971897596,-0.582424653147028
"2017-08-21",2017-08-21,-0.00257069423425855,26493300,-0.533622731218701,34.919998,0.0120274348240226,34.5,36.639999,0,-1.00225761935243,-0.596556562955036
"2017-08-22",2017-08-22,-0.00773184465818122,26097800,-0.537228687813024,34.650002,0.00432906179918835,34.5,36.639999,0,-1.00675750185171,-0.639250634077763
"2017-08-23",2017-08-23,0.000288542551887759,19648100,-0.537095158597666,34.66,0.00461627236006912,34.5,36.639999,0,1.06634475879615,-0.637661588593766
"2017-08-24",2017-08-24,0.00144255626081958,14301900,-0.536427392320537,34.709999,0.00605010100979841,34.5,36.639999,0,1.31060313124762,-0.629724307366017
"2017-08-25",2017-08-25,-0.00115243449013075,14726800,-0.536961629382307,34.669998,0.00490331727160753,34.5,36.639999,0,-1.00099591681823,-0.636073168732432
"2017-08-28",2017-08-28,-0.000576752268632926,20712900,-0.537228687813024,34.650002,0.00432906179918835,34.5,36.639999,0,-1.000497351051,-0.639250634077763
"2017-08-29",2017-08-29,0.00230874445548362,15843700,-0.536160267111856,34.73,0.00662251655629131,34.5,36.639999,0,1.52978101572331,-0.626553538826936
"2017-08-30",2017-08-30,0.00460693924560916,18565000,-0.534023385642741,34.889999,0.0111779596210365,34.5,36.639999,0,1.68787190277653,-0.601278039151062
"2017-08-31",2017-08-31,0.00515910017652902,16366800,-0.531619365609352,35.07,0.0162532078699743,34.5,36.639999,0,1.45404066761758,-0.573030418748129
"2017-09-01",2017-09-01,0.000570287995437785,12822000,-0.531352253756263,35.09,0.0168139070960388,34.5,36.639999,0,1.03449775764576,-0.569903950723909
"2017-09-05",2017-09-05,-0.00199487033342834,18772000,-0.532287145242073,35.02,0.014848657909766,34.5,36.639999,0,-1.00175945708181,-0.580857170975906
"2017-09-06",2017-09-06,0.0211307252998287,28076400,-0.522404033388984,35.759998,0.0352348453710765,34.5,36.639999,0,2.37293131710594,-0.466536405277967
"2017-09-07",2017-09-07,-0.00615204173109871,16297100,-0.52534222370618,35.540001,0.0292628297900159,34.5,36.639999,0,-1.00562436376713,-0.500188375554344
"2017-09-08",2017-09-08,-0.00984811452312555,14125000,-0.530016707846414,35.189999,0.0196078152772895,34.5,36.639999,0,-1.00889797912541,-0.554307872707511
"2017-09-11",2017-09-11,0.0164819839864162,20037600,-0.522270450751255,35.77,0.0355046128040258,34.5,36.639999,0,1.81073782580707,-0.465013037047821
"2017-09-12",2017-09-12,0.0089460441710931,19489900,-0.517996661101839,36.09,0.0440565253532835,34.5,36.639999,0,1.24086764715508,-0.416573062249046
"2017-09-13",2017-09-13,0.00665009697977271,15509800,-0.514791292153592,36.330002,0.0503716460021114,34.5,36.639999,0,1.14334132340641,-0.38061617903044
"2017-09-14",2017-09-14,0.00412876387950643,18093900,-0.512787979966614,36.48,0.0542763157894736,34.5,36.639999,0,1.07751721647529,-0.358302975939052
"2017-09-15",2017-09-15,0.0142543859649124,33596100,-0.505843071786313,37,0.0635134594594594,34.650002,37,9428,1.17018737428338,-0.297186775696898
"2017-09-18",2017-09-18,0,19393800,-0.505843071786313,37,0.0635134594594594,0,37,0,-1,-0.297186775696898
"2017-09-19",2017-09-19,0.00621621621621613,23850500,-0.502771285475796,37.23,0.0692988987375771,0,37.23,0,1.09108997254055,-0.263734900886883
"2017-09-20",2017-09-20,-0.00429760945474071,23957500,-0.504908180300504,37.07,0.0652818451578095,34.650002,37.23,9461,-1.00425023243459,-0.286977067359186
"2017-09-21",2017-09-21,0.00350690585379013,22954200,-0.503171939899836,37.200001,0.068548358372356,34.650002,37.23,0,1.05003708468488,-0.268082721046473
"2017-09-22",2017-09-22,-0.000537661275869337,21631800,-0.503439065108517,37.18,0.068047283485745,34.650002,37.23,0,-1.0005308825622,-0.270984050944825
"2017-09-25",2017-09-25,-0.000537923614846776,23180800,-0.503706176961605,37.16,0.0675456942949407,34.650002,37.23,0,-1.00053057434673,-0.27388727282049
"2017-09-26",2017-09-26,0.00834233046286348,29790400,-0.499565929883141,37.470001,0.0106752332352488,37.07,37.470001,9461,-0.991780432188784,-0.473038180647502
"2017-09-27",2017-09-27,0.00186816114576547,25981400,-0.498631038397332,37.540001,0.0125200049941393,0,37.540001,0,1.17280856710458,-0.462539978253852
"2017-09-28",2017-09-28,0.0077251196663528,21171400,-0.494757903171956,37.830002,0.0200899275659567,0,37.830002,0,1.6046261623187,-0.419321960033041
"2017-09-29",2017-09-29,0.00660851141377154,23217300,-0.49141900500835,38.080002,0.0265231603716828,0,38.080002,0,1.32022180192563,-0.382414680372849
"2017-10-02",2017-10-02,0.0252100564490516,37394500,-0.478597649415696,39.040001,0.0504610898959761,0,39.040001,0,1.90252930604192,-0.243582605753955
"2017-10-03",2017-10-03,0.0087090161703634,34002200,-0.474056747913192,39.380001,0.0586592417811264,0,39.380001,0,1.16246481996426,-0.195469885257289
"2017-10-04",2017-10-04,-0.00101576940031049,28368800,-0.474590984974961,39.34,0.0577020843924759,37.07,39.380001,9471,-1.00112694748914,-0.201102567856208
"2017-10-05",2017-10-05,0.00482966446365005,17710300,-0.472053435726213,39.529999,0.00480645091845289,39.34,39.529999,9471,-0.994653186998734,-0.391294441408305
"2017-10-06",2017-10-06,0.00252977491853727,18887500,-0.470717849749586,39.630001,0.00731771366849066,0,39.630001,0,1.52247756039629,-0.376765704307762
"2017-10-09",2017-10-09,0.00580368393127209,18494100,-0.467646063439068,39.860001,0.0130456845698522,0,39.860001,0,1.78275417170607,-0.343530875448033
"2017-10-10",2017-10-10,-0.00526841431840396,29890000,-0.470450724540904,39.650002,0.00781846114408768,39.34,39.860001,9475,-1.00599740128509,-0.373865610971824
"2017-10-11",2017-10-11,-0.00882731355221624,30754700,-0.475125222036731,39.299999,0,39.299999,39.650002,9476,-1.00993621064223,-0.421048883459016
"2017-10-12",2017-10-12,-0.00279898225951607,18286900,-0.476594337228717,39.189999,0,39.189999,39.299999,9477,-1.0030920589433,-0.426597421993123
"2017-10-13",2017-10-13,0.012247997250523,16829400,-0.470183666110187,39.669998,0.0120997989462969,39.189999,39.669998,9477,-0.986548998555444,-0.356687276757841
"2017-10-16",2017-10-16,0.00226871702892456,12489100,-0.468981662771288,39.759998,0.0143359916668004,0,39.759998,0,1.18481238658829,-0.343701934677475
"2017-10-17",2017-10-17,0.000754602653651883,15532800,-0.468580954924878,39.790001,0.0150792155044177,0,39.790001,0,1.05184321077268,-0.339381545735997
"2017-10-18",2017-10-18,0.0115606682191338,21424600,-0.462437395659435,40.25,0.0263354285714286,0,40.25,0,1.7464720604141,-0.273666271809269
"2017-10-19",2017-10-19,-0.00397515527950302,19222700,-0.464574290484143,40.09,0.0224495135944126,39.189999,40.25,9482,-1.00462093862816,-0.296413155410191
"2017-10-20",2017-10-20,0.00848091793464695,18335700,-0.460033388981639,40.43,0.00840959683403408,40.09,40.43,9482,-0.990225671985051,-0.33228893457433
"2017-10-23",2017-10-23,0.00989369280237449,28647000,-0.454691125208684,40.830002,0.0181239765797708,0,40.830002,0,2.15515403858864,-0.275423164474428
"2017-10-24",2017-10-24,0.00293899079407344,19652400,-0.453088467445746,40.950001,0.0210012449083944,0,40.950001,0,1.15875480284139,-0.258503427557562
"2017-10-25",2017-10-25,-0.0041514528900745,24031700,-0.455358944908183,40.779999,0.0169200347454641,40.09,40.950001,9486,-1.00501111289642,-0.282492413403057
"2017-10-26",2017-10-26,0.0139774157424575,38247400,-0.447746270450754,41.349998,0.0137847406909186,40.779999,41.349998,9486,-0.983282035979409,-0.265582291015945
"2017-10-27",2017-10-27,0.0737606807139386,90028300,-0.407011659432391,44.400002,0.0815315954265048,0,44.400002,0,5.9146267060517,0.144129347836785
"2017-10-30",2017-10-30,-0.000675743212804375,48161500,-0.407412367278801,44.369999,0.0809105269531334,40.779999,44.400002,9489,-1.00098451195961,0.140270313967642
"2017-10-31",2017-10-31,0.025242349002532,47000900,-0.392454063439069,45.490002,0.0246208606453787,44.369999,45.490002,9489,-0.963284610284065,-0.0158295334588108
"2017-11-01",2017-11-01,0.0268190139890521,47813700,-0.376160280467449,46.709999,0.0500963401861774,0,46.709999,0,2.03471117065034,0.141924170168757
"2017-11-02",2017-11-02,0.00834936862233707,44602300,-0.370951612687817,47.099998,0.0579617646692894,0,47.099998,0,1.15700596997467,0.191302261903159
"2017-11-03",2017-11-03,-0.0161358393263625,39298100,-0.381101836393994,46.34,0.0425118903754856,44.369999,47.099998,9493,-1.02736266229612,0.0946160857580813
"2017-11-06",2017-11-06,0.00776868795856704,34035000,-0.376293809682808,46.700001,0.0498929753770241,44.369999,47.099998,0,1.17362401286664,0.140651792422537
"2017-11-07",2017-11-07,0.00171301923526717,24461400,-0.37522538898164,46.779999,0.0515177437263304,44.369999,47.099998,0,1.03256507227778,0.150823400004915
"2017-11-08",2017-11-08,-0.00171008981851402,21565800,-0.376293809682808,46.700001,0.0498929753770241,44.369999,47.099998,0,-1.00284741046993,0.140651792422537
"2017-11-09",2017-11-09,-0.00856535313564556,25570400,-0.381636073455763,46.299999,0.0416846661270986,44.369999,47.099998,0,-1.01419705462989,0.0894741332527191
"2017-11-10",2017-11-10,-0.0155506914805765,24095400,-0.39125206010017,45.580002,0.0265467956758756,44.369999,47.099998,0,-1.02519674452505,-0.00401596930157563
"2017-11-13",2017-11-13,0.00372966196886081,18999000,-0.388981636060104,45.75,0.030163956284153,44.369999,47.099998,0,1.1362560156955,0.0182201973872897
"2017-11-14",2017-11-14,0.00240439344262288,22201200,-0.387512507512525,45.860001,0.0324902304297812,44.369999,47.099998,0,1.07712098916051,0.0325546336592607
"2017-11-15",2017-11-15,-0.0087222414146915,17157200,-0.392854771285479,45.459999,0.0239771232727041,44.369999,47.099998,0,-1.0137860421777,-0.0197741829842322
"2017-11-16",2017-11-16,0.00417956454420505,26439400,-0.390317168614361,45.650002,0.0280394949380287,44.369999,47.099998,0,1.16942698334246,0.00515252945439989
"2017-11-17",2017-11-17,-0.0223439420659828,63798000,-0.403939886477466,44.630001,0.0058257224775774,44.369999,47.099998,0,-1.03490166192655,-0.130194343664889
"2017-11-20",2017-11-20,-0.000224109338469431,22420000,-0.404073469115195,44.619999,0.00560286879432692,44.369999,47.099998,0,-1.00033069930007,-0.131540528547259
"2017-11-21",2017-11-21,0.00717167205673851,21871000,-0.39979967946578,44.939999,0.0126835783863725,44.369999,47.099998,0,2.26376501966546,-0.0886569773319512
"2017-11-22",2017-11-22,-0.00645298189704009,19538300,-0.403672761268785,44.650002,0.00627106354888851,44.369999,47.099998,0,-1.00968755604852,-0.127503508643678
"2017-11-24",2017-11-24,0.00223959676418378,6465800,-0.402337228714528,44.75,0.00849164245810052,44.369999,47.099998,0,1.35409925157043,-0.114072824927204
"2017-11-27",2017-11-27,-0.00581001117318443,18202100,-0.405809656093493,44.490002,0.00269730264341184,44.369999,47.099998,0,-1.00863063900415,-0.149071452087994
"2017-11-28",2017-11-28,0.00539442547114293,20194100,-0.402604340567616,44.73,0.00804831209479095,44.369999,47.099998,0,2.98383724735115,-0.116756015486694
"2017-11-29",2017-11-29,-0.0174379387435725,27036900,-0.413021689482474,43.950001,0,43.950001,46.779999,9510,-1.02587490462763,-0.186496926361939
"2017-11-30",2017-11-30,0.0202502612002217,34145300,-0.40113522537563,44.84,0.0198483273862623,43.950001,44.84,9510,-0.971220726636079,-0.0666413054876691
"2017-12-01",2017-12-01,-0.00356824264049964,26656300,-0.403272120200338,44.68,0.0163383840644583,43.950001,44.84,9512,-1.00532711836191,-0.0879682233649681
"2017-12-04",2017-12-04,-0.0042524171888989,28000800,-0.405809656093493,44.490002,0.012137580933352,43.950001,44.84,0,-1.00629236628581,-0.113417510075726
"2017-12-05",2017-12-05,-0.0236008755405315,30626900,-0.419833068447416,43.439999,0,43.439999,44.68,9514,-1.03455662560847,-0.212222069538959
"2017-12-06",2017-12-06,0.000230248624084915,27710800,-0.419699485809686,43.450001,0.000230195621859663,43.439999,43.450001,9514,-0.999681819637925,-0.210848155701425
"2017-12-07",2017-12-07,-0.00851551188686969,32708400,-0.424641041736231,43.080002,0,0,43.450001,9516,-1.01177403378756,-0.230380771599533
"2017-12-08",2017-12-08,0.00626731632927963,23154700,-0.421035085141907,43.349998,0.00622828171756773,43.080002,43.349998,9516,-0.991508224029453,-0.193238925592657
"2017-12-11",2017-12-11,0.00715114219843787,20425900,-0.41689482470785,43.66,0.013284425103069,0,43.66,0,2.13291975306744,-0.150952467474801
"2017-12-12",2017-12-12,-0.00755836005497014,16557400,-0.421302143572625,43.330002,0.00576967432403996,43.080002,43.66,9519,-1.01057177638956,-0.195979612511337
"2017-12-13",2017-12-13,0.000230740815567077,21399500,-0.421168614357266,43.34,0.00599903091832032,43.080002,43.66,0,1.03975208675552,-0.194609069269223
"2017-12-14",2017-12-14,-0.0018459160129211,19644900,-0.422237088480805,43.259998,0.00416079538422542,43.080002,43.66,0,-1.00253692722372,-0.205587099195547
"2017-12-15",2017-12-15,0.0300509260310182,47477000,-0.404874777963276,44.560001,0.0291742138874727,43.259998,44.560001,9519,7.011691562166,-0.0455428993498294
"2017-12-18",2017-12-18,0.0381507397183407,50369300,-0.382170310517533,46.259998,0.0648508458647145,0,46.259998,0,2.22288237533493,0.174950212135847
"2017-12-19",2017-12-19,0.0168612847756715,41421100,-0.371752908180304,47.040001,0.080357204924379,0,47.040001,0,1.23910804636246,0.272858796734424
"2017-12-20",2017-12-20,0.0110544215337071,40935000,-0.364808000000004,47.560001,0.090412172194866,0,47.560001,0,1.12512838494008,0.337063744398315
"2017-12-21",2017-12-21,-0.0168209205882901,42963500,-0.375492514190321,46.759998,0.0748503026026648,43.259998,47.560001,9526,-1.02928804793293,0.237936683026526
"2017-12-22",2017-12-22,-0.00128308388721494,33913500,-0.376293809682808,46.700001,0.0736617328980357,43.259998,47.560001,0,-1.00213398526523,0.230421381446293
"2017-12-26",2017-12-26,-0.0132762095658199,15533300,-0.384574263772959,46.080002,0.061198000816059,43.259998,47.560001,0,-1.02200528915724,0.152074961122978
"2017-12-27",2017-12-27,0.000651019937021629,13359700,-0.384173609348919,46.110001,0.0618087820037131,43.259998,47.560001,0,1.00998041078972,0.155894940316485
"2017-12-28",2017-12-28,0.00238559960126669,9504400,-0.382704494156932,46.220001,0.0640416039800605,43.259998,47.560001,0,1.03612467199586,0.169876376994416
"2017-12-29",2017-12-29,-0.00129816094119095,17394500,-0.38350584307179,46.16,0.0628249999999999,43.259998,47.560001,0,-1.00209391038541,0.162254994097728
"2018-01-02",2018-01-02,0.0149479636048527,23370800,-0.374290510851423,46.849998,0.0766275379563516,43.259998,47.560001,0,1.21969817678236,0.249188639835821
"2018-01-03",2018-01-03,-0.033938101768969,116479000,-0.395525903171957,45.259998,0.0441891314268286,43.259998,47.560001,0,-1.05673505393505,0.0464740107747917
"2018-01-04",2018-01-04,-0.0183384453530025,89209100,-0.406611018363944,44.43,0.0263336034211118,43.259998,47.560001,0,-1.02802626857834,-0.062828700721356
"2018-01-05",2018-01-05,0.00697731262660358,41824000,-0.402470757929887,44.740002,0.0330801058077734,43.259998,47.560001,0,1.25619366551457,-0.0217116914140303
"2018-01-08",2018-01-08,0,33733800,-0.402470757929887,44.740002,0.0330801058077734,43.259998,47.560001,0,-1,-0.0217116914140303
"2018-01-09",2018-01-09,-0.0250335929801701,44282300,-0.41742906176962,43.619999,0.0082531180250599,43.259998,47.560001,0,-1.03716618796524,-0.171972355017507
"2018-01-10",2018-01-10,-0.0256762729407674,45735000,-0.432387312186982,42.5,0,42.5,46.849998,9538,-1.03583423337596,-0.259636802934621
"2018-01-11",2018-01-11,0.0214117647058823,35371500,-0.420233722871456,43.41,0.0209629117714811,42.5,43.41,9538,-0.971891891891893,-0.134562756053651
"2018-01-12",2018-01-12,-0.0039161022805805,29973600,-0.422504146911523,43.240002,0.0171138289956601,42.5,43.41,9540,-1.00540276497696,-0.157674843902783
"2018-01-16",2018-01-16,-0.00231274272373979,38367200,-0.423839746243743,43.139999,0.0148353967277561,42.5,43.41,0,-1.00316115082416,-0.171324279771495
"2018-01-17",2018-01-17,0.0289754295080072,32368600,-0.407145255425713,44.389999,0.0281594960162085,43.139999,44.389999,9540,1.89812895016982,-0.0579503899268382
"2018-01-18",2018-01-18,0.00202750624076369,26826500,-0.405943238731223,44.48,0.0301259217625898,0,44.48,0,1.06983170953235,-0.0459838504259378
"2018-01-19",2018-01-19,0.00764388489208641,25780200,-0.401402337228718,44.82,0.0374832887103971,0,44.82,0,1.24422047583432,-0.00104659748225356
"2018-01-22",2018-01-22,0.0207496653279786,27706800,-0.388981636060104,45.75,0.0570492021857922,0,45.75,0,1.52199030951006,0.119760106373246
"2018-01-23",2018-01-23,0.0067759781420765,22135100,-0.38484138898164,46.060001,0.0633956130396088,0,46.060001,0,1.11124451544735,0.159366003819983
"2018-01-24",2018-01-24,-0.0119410114645893,32464200,-0.392187005008351,45.509998,0.0520764470259919,43.139999,46.060001,9547,-1.01908738570492,0.0888730547671314
"2018-01-25",2018-01-25,-0.00461434869762032,36758700,-0.394991666110187,45.299999,0.0476821202578833,43.139999,46.060001,0,-1.00715133613817,0.0616839944260228
"2018-01-26",2018-01-26,0.105518832351409,86916100,-0.331151893155263,50.080002,0.0954473404374065,45.299999,50.080002,9547,2.00174278998481,0.48319253806033
"2018-01-29",2018-01-29,-0.00199684496817719,46304000,-0.332487479131891,49.98,0.093637474989996,45.299999,50.080002,9550,-1.00403315217045,0.471312830785749
"2018-01-30",2018-01-30,-0.0238095038015206,32814600,-0.348380621035063,48.790001,0.0715310909708733,45.299999,50.080002,0,-1.04780072303675,0.327796627966713
"2018-01-31",2018-01-31,-0.0133224428505339,41619900,-0.357061782971623,48.139999,0.0589946003114791,45.299999,50.080002,0,-1.02491861318454,0.247662024721088
"2018-02-01",2018-02-01,-0.0101785835101493,28840400,-0.363605983305513,47.650002,0.049318004225897,45.299999,50.080002,0,-1.01832792151382,0.186399494404693
"2018-02-02",2018-02-02,-0.0314795369788232,28663000,-0.383639372287149,46.150002,0.0184182657240188,45.299999,50.080002,0,-1.05509642278027,-0.00596419637080515
"2018-02-05",2018-02-05,-0.0353196517737962,47869000,-0.405409015025045,44.52,0,44.52,49.98,9555,-1.05674506922507,-0.157745458944641
"2018-02-06",2018-02-06,0.00876010781671144,58145400,-0.40020033388982,44.91,0.00868403473613877,44.52,44.91,9555,-0.987152034261243,-0.105275598326403
"2018-02-07",2018-02-07,0.0064573814295258,37508400,-0.396327198664444,45.200001,0.0150442695786666,0,45.200001,0,1.73240550455879,-0.0666263157750691
"2018-02-08",2018-02-08,-0.0542035607477088,43151300,-0.429048414023376,42.75,0,0,45.200001,9558,-1.08256111482935,-0.247026488084376
"2018-02-09",2018-02-09,0.0280701988304094,49301100,-0.413021689482475,43.950001,0.0273037763980938,42.75,43.950001,9558,-0.962645883268483,-0.0833763158762344
"2018-02-12",2018-02-12,0.0200227754261029,28379500,-0.401268754590989,44.830002,0.0463975442160364,0,44.830002,0,1.69930867948639,0.033125180784477
"2018-02-13",2018-02-13,-0.00825346829116798,19517600,-0.406210363939904,44.459999,0.0384615168344922,42.75,44.830002,9561,-1.01231496171176,-0.0155109397981249
"2018-02-14",2018-02-14,0.0206928029845434,19922000,-0.393923191986648,45.380001,0.0202732917524615,44.459999,45.380001,9561,-0.969751702457613,-0.0377979740997382
"2018-02-15",2018-02-15,0.0118994488343004,23536800,-0.386711212020037,45.919998,0.0317944046948782,0,45.919998,0,1.56829019594303,0.0329529707109306
"2018-02-16",2018-02-16,-0.00783965626479339,21475200,-0.391519185308852,45.560001,0.0241440293208069,44.459999,45.919998,9564,-1.012432981355,-0.0140995871854292
"2018-02-20",2018-02-20,0.016681277070209,25512000,-0.381368948247082,46.32,0.0164075777202073,45.560001,46.32,9564,-0.974074739009884,-0.0049832280888634
"2018-02-21",2018-02-21,-0.00820382124352332,27527500,-0.386444086811356,45.939999,0.00827161533024845,45.560001,46.32,9566,-1.01330768691998,-0.0548787727829623
"2018-02-22",2018-02-22,-0.00304745326616138,16946400,-0.388313869782976,45.799999,0.00524013111878019,45.560001,46.32,0,-1.00483843079874,-0.0733898262249629
"2018-02-23",2018-02-23,0.0421397607454096,26040900,-0.362537562604345,47.73,0.0404358055730148,45.799999,47.73,9566,7.71656369973193,0.156888501462459
"2018-02-26",2018-02-26,0.0289126545149801,26992300,-0.344106831385647,49.110001,0.067399754278156,0,49.110001,0,1.66683347402224,0.328334642768989
"2018-02-27",2018-02-27,0.0162899406171871,43624100,-0.333422370617701,49.91,0.0823482468443197,0,49.91,0,1.22178853211351,0.425144906588378
"2018-02-28",2018-02-28,-0.0124223402123823,35541200,-0.341702824707851,49.290001,0.0708054763480325,45.799999,49.91,9571,-1.02483472862007,0.35027676412544
"2018-03-01",2018-03-01,-0.0294177514826992,36326600,-0.361068447412358,47.84,0.0426421613712376,45.799999,49.91,0,-1.05667387362415,0.170769980962099
"2018-03-02",2018-03-02,0.023829431438127,33310600,-0.345843071786315,48.98,0.0649244793793384,45.799999,49.91,0,1.52254194655176,0.31242863685901
"2018-03-05",2018-03-05,0.0157207023274807,30826500,-0.335559265442409,49.75,0.0793970050251256,45.799999,49.91,0,1.22291323371617,0.405928086566716
"2018-03-06",2018-03-06,0.0192964623115579,39132300,-0.322737909849754,50.709999,0.0565963134805031,47.84,50.709999,9571,-0.961791084577115,0.368238237345685
"2018-03-07",2018-03-07,0.0120292055221692,31801900,-0.314590984974963,51.32,0.0678098207326577,0,51.32,0,1.19813140755215,0.441358510200582
"2018-03-08",2018-03-08,-0.011301597817615,29481200,-0.322337202003344,50.740002,0.0571541562020433,47.84,51.32,9577,-1.02462313733814,0.371858480871976
"2018-03-09",2018-03-09,0.0285769992677573,32727900,-0.302971632721207,52.189999,0.0277830432608362,50.740002,52.189999,9577,-0.939921395477224,0.334069650663246
"2018-03-12",2018-03-12,-0.0128376894584726,32044400,-0.311919866444078,51.52,0.0151397127329194,50.740002,52.189999,9579,-1.02953488959511,0.252522861881381
"2018-03-13",2018-03-13,0.00504656444099366,45573900,-0.308447425709521,51.779999,0.0200849173442432,50.740002,52.189999,0,1.32663794211704,0.284314534735105
"2018-03-14",2018-03-14,0.00154503672354262,24993500,-0.307378951585982,51.860001,0.0215965865484654,50.740002,52.189999,0,1.07526389968717,0.294059192441793
"2018-03-15",2018-03-15,-0.0188970301022554,25631200,-0.320467432387317,50.880001,0.00275155261887683,50.740002,52.189999,0,-1.04258092733352,0.173453035769741
"2018-03-16",2018-03-16,0.00569962646030608,42559800,-0.316594350584312,51.169998,0.00840328350218034,50.740002,52.189999,0,3.05401519292425,0.209426246385497
"2018-03-19",2018-03-19,-0.00664444036132265,31115200,-0.321135198664446,50.830002,0.00177060783904759,50.740002,52.189999,0,-1.01434279566819,0.167226201494908
"2018-03-20",2018-03-20,0.0141648036921187,22215000,-0.311519212020038,51.549999,0.0157128422058748,50.740002,52.189999,0,8.87426445278064,0.256200638481775
"2018-03-21",2018-03-21,0.000194025221998551,23239500,-0.311385629382309,51.560001,0.0159037816930997,50.740002,52.189999,0,1.01215181090239,0.257426290170153
"2018-03-22",2018-03-22,-0.0141582425492971,30916000,-0.321135198664446,50.830002,0.00177060783904759,50.740002,52.189999,0,-1.03131027369978,0.167226201494908
"2018-03-23",2018-03-23,-0.0289199477111963,37683900,-0.340767933222041,49.360001,0,49.360001,51.860001,9588,-1.06113541785281,0.0863902869973605
"2018-03-26",2018-03-26,0.0632090546351488,39306200,-0.299098497495831,52.48,0.0594512004573171,49.360001,52.48,9588,-0.877719023230221,0.468301623506706
"2018-03-27",2018-03-27,-0.0245808117378048,38777000,-0.316327225375631,51.189999,0.0357491313879496,49.360001,52.48,9590,-1.05760218798839,0.313714627644871
"2018-03-28",2018-03-28,-0.0310607741953658,37970900,-0.337562631051758,49.599998,0.0048386493886553,49.360001,52.48,0,-1.06713113501663,0.116770597155964
"2018-03-29",2018-03-29,0.0500000826612937,45265800,-0.304440707846416,52.080002,0.0522273597454932,49.360001,52.48,0,10.7937888345342,0.420842296340499
"2018-04-02",2018-04-02,-0.060675957731338,67187800,-0.346644434056766,48.919998,0,48.919998,52.080002,9593,-1.13862707950226,0.0641959815371511
"2018-04-03",2018-04-03,0.0169665174557039,39432400,-0.335559265442409,49.75,0.0166834572864322,48.919998,49.75,9593,-0.968021501211983,0.169072230649655
"2018-04-04",2018-04-04,0.00482416080402004,30370000,-0.332353896494162,49.990002,0.0214043600158287,0,49.990002,0,1.28296909017987,0.199008088692033
"2018-04-05",2018-04-05,0.00780153999593765,25115400,-0.327145228714529,50.380001,0.0289798128427985,0,50.380001,0,1.35392101522156,0.247291018578896
"2018-04-06",2018-04-06,-0.0315601422874129,28215200,-0.348380621035063,48.790001,0,0,50.380001,9597,-1.06491120901862,0.0576387691388019
"2018-04-09",2018-04-09,0.0155769211810429,31437000,-0.338230397328886,49.549999,0.0153380023277095,48.790001,49.549999,9597,-0.970864557058255,0.153902428439628
"2018-04-10",2018-04-10,0.0347124325875365,25906400,-0.315258764607684,51.27,0.0483713477667254,0,51.27,0,3.15369281691514,0.365421430570172
"2018-04-11",2018-04-11,-0.00331581821728113,17568400,-0.317529242070122,51.099998,0.0452054225129325,48.790001,51.27,9600,-1.00720194873967,0.344889282973806
"2018-04-12",2018-04-12,0.0317026039805325,29781400,-0.295893141903177,52.720001,0.030728432649309,51.099998,52.720001,9600,-0.931861078287187,0.371927734148075
"2018-04-13",2018-04-13,-0.0163125945312483,20884900,-0.307378951585982,51.860001,0.0146548975191882,51.099998,52.720001,9602,-1.03881742445576,0.267841895608415
"2018-04-16",2018-04-16,0.0104126685227022,18855500,-0.300166918197,52.400002,0.024809235694304,51.099998,52.720001,0,1.69289724897907,0.333431021870685
"2018-04-17",2018-04-17,0.0217557052764997,21228700,-0.284941555926549,53.540001,0.0313784080803435,51.860001,53.540001,9602,1.2647873746287,0.415744387108543
"2018-04-18",2018-04-18,0.00130743367001432,22164700,-0.28400666444074,53.610001,0.032643162979982,0,53.610001,0,1.04030653487583,0.424051988035715
"2018-04-19",2018-04-19,-0.0259279980240999,25422400,-0.302570938230389,52.220001,0.00689391024714858,51.860001,53.610001,9606,-1.06536562733908,0.256689135324544
"2018-04-20",2018-04-20,-0.0132133662732026,26910100,-0.311786323873127,51.529999,0,51.529999,52.220001,9607,-1.03045694241699,0.195847719014969
"2018-04-23",2018-04-23,-0.00834467316795402,21706700,-0.317529242070122,51.099998,0,51.099998,51.529999,9608,-1.01841940379441,0.174157927031288
"2018-04-24",2018-04-24,0.0068493740449853,42494700,-0.312854744574295,51.450001,0.00680277926525208,51.099998,51.450001,9608,-0.985278529103804,0.217505183068678
"2018-04-25",2018-04-25,-0.00136054419124307,25752800,-0.313789636060105,51.380001,0.00544964956306637,51.099998,51.450001,9610,-1.00298826053312,0.208863809133064
"2018-04-26",2018-04-26,0.0325028798656504,39575000,-0.291485823038403,53.049999,0.0314796989911348,51.380001,53.049999,9610,5.77646298662588,0.391410623547369
"2018-04-27",2018-04-27,-0.00603202650390253,69888100,-0.295759599332226,52.73,0.0256021050635311,51.380001,53.049999,9612,-1.01466203827436,0.353071037138619
"2018-04-30",2018-04-30,-0.0210506542765029,36417400,-0.310584320534229,51.619999,0.0046493220582976,51.380001,53.049999,0,-1.05012422668774,0.217946942152156
"2018-05-01",2018-05-01,0.0331267538381781,27600800,-0.287746217028386,53.330002,0.0320645590825217,51.619999,53.330002,9612,6.89660958747661,0.407743220837194
"2018-05-02",2018-05-02,-0.0191262134211058,25778300,-0.301368934891491,52.310001,0.0131906325140387,51.619999,53.330002,9615,-1.0473428217538,0.285010241938486
"2018-05-03",2018-05-03,-0.000573542332755895,28561000,-0.301769629382309,52.279999,0.0126243307694018,51.619999,53.330002,0,-1.00132958126876,0.281358100905554
"2018-05-04",2018-05-04,0.00956388694651658,25642500,-0.295091833055097,52.779999,0.02197802239443,51.619999,53.330002,0,1.74092574061028,0.341905653028954
"2018-05-07",2018-05-07,0.0104206709060378,20285700,-0.287746217028386,53.330002,0.0196887860607994,52.279999,53.330002,9615,-0.975107355731734,0.361002533738627
"2018-05-08",2018-05-08,0.00562533262233892,21026800,-0.283739552587651,53.630001,0.0251725149138073,0,53.630001,0,1.27852041441631,0.396845749560908
"2018-05-09",2018-05-09,0.0132388399545248,19827500,-0.274257095158603,54.34,0.0379094773647406,0,54.34,0,1.50598688667166,0.480763816763579
"2018-05-10",2018-05-10,0.0117776959882222,18715900,-0.265709515859772,54.98,0.0491087850127319,0,54.98,0,1.29542236998518,0.555343648046211
"2018-05-11",2018-05-11,-0.00563845034558016,15405000,-0.269849776293828,54.669998,0.0437168298414791,52.279999,54.98,9622,-1.01558190500126,0.519342478165201
"2018-05-14",2018-05-14,0.00420713386526923,21878200,-0.26677793656094,54.900002,0.0477231858752939,52.279999,54.98,0,1.09164333389091,0.546075332183546
"2018-05-15",2018-05-15,-0.0178507097322146,21712600,-0.279866470784646,53.919998,0.0304154128492364,52.279999,54.98,0,-1.04906153182093,0.431274884274605
"2018-05-16",2018-05-16,0.0133531347682914,16260500,-0.270250430717868,54.639999,0.043191801668957,52.279999,54.98,0,1.42006297540825,0.515846370041486
"2018-05-17",2018-05-17,0.00311131045225672,16872600,-0.267979953255431,54.810001,0.0461594956000823,52.279999,54.98,0,1.06870965823262,0.535629839699941
"2018-05-18",2018-05-18,-0.0239007658474591,23679900,-0.285475792988319,53.5,0.0228037570093459,52.279999,54.98,0,-1.06528786769438,0.381342035895231
"2018-05-21",2018-05-21,0.0153271028037383,25367400,-0.274524207011692,54.32,0.0375552466863035,52.279999,54.98,0,1.646888566253,0.478417136940339
"2018-05-22",2018-05-22,0.00239324374079529,19009600,-0.272787966611024,54.450001,0.0398531122157372,52.279999,54.98,0,1.06118627175126,0.493653105042725
"2018-05-23",2018-05-23,0.0139577224250189,20555400,-0.262637742904847,55.209999,0.0309726323306038,53.5,55.209999,9622,-0.962790793771888,0.498448659916798
"2018-05-24",2018-05-24,-0.008331805983188,19667100,-0.268781302170289,54.75,0.0228310502283106,53.5,55.209999,9631,-1.02339176082422,0.44449669088374
"2018-05-25",2018-05-25,0.0126027214611872,18550000,-0.25956595659433,55.439999,0.012445869632862,54.75,55.439999,9631,-0.965714335403728,0.44007847050212
"2018-05-29",2018-05-29,-0.00216448416602605,24253500,-0.261168614357268,55.32,0.0103036876355749,54.75,55.439999,9633,-1.00617437580785,0.425934999774293
"2018-05-30",2018-05-30,0.00650759219088936,24711500,-0.256360601001675,55.68,0.00646551724137934,55.32,55.68,9633,-0.981590386090515,0.429597892291296
"2018-05-31",2018-05-31,-0.00862067169540229,30962100,-0.262771272120206,55.200001,0,0,55.68,9635,-1.02500646001563,0.380967241899083
"2018-06-01",2018-06-01,0.0340579885134422,31183200,-0.237662744574296,57.080002,0.0329362462180712,55.200001,57.080002,9635,-0.904447212424258,0.600190122235309
"2018-06-04",2018-06-04,-0.00437981764611711,22538100,-0.241001642737902,56.830002,0.0286820507238412,55.200001,57.080002,9637,-1.01404889171665,0.571512607372353
"2018-06-05",2018-06-05,-0.00527895459162581,21687000,-0.245008360601008,56.529999,0.023527295657656,55.200001,57.080002,0,-1.01662527200058,0.536911654462313
"2018-06-06",2018-06-06,0.00884486129214331,22955400,-0.238330564273796,57.029999,0.0320883400331112,55.200001,57.080002,0,1.36387711108095,0.594465544936715
"2018-06-07",2018-06-07,-0.0201647908147429,27596100,-0.253689469115198,55.880001,0.0121689332110069,55.200001,57.080002,0,-1.06444370611131,0.461226795006878
"2018-06-08",2018-06-08,-0.014853292504415,30822900,-0.264774637729555,55.049999,0,55.049999,57.029999,9641,-1.04369581698846,0.373400952106417
"2018-06-11",2018-06-11,-0.00962759327207248,25752400,-0.271853088480807,54.52,0,54.52,55.049999,9642,-1.02673387002603,0.346667135065157
"2018-06-12",2018-06-12,0.00550256786500362,23294900,-0.26784641068448,54.82,0.00547245530828155,54.52,54.82,9642,-0.985261606484894,0.382467823525628
"2018-06-13",2018-06-13,0.00383070047427939,22631400,-0.265041749582643,55.029999,0.00926765417531616,0,55.029999,0,1.69350933963614,0.407394104022038
"2018-06-14",2018-06-14,0.00926770869103596,23419800,-0.258230370617702,55.540001,0.018365159914203,0,55.540001,0,1.98164061441971,0.46747860950898
"2018-06-15",2018-06-15,-0.0077421676675879,39194700,-0.263973275459104,55.110001,0.0107058789565254,54.52,55.540001,9646,-1.02223946326555,0.416861377617919
"2018-06-18",2018-06-18,-0.0342950456487924,40764400,-0.289215345575966,53.220001,0,53.220001,55.110001,9647,-1.09562358186813,0.281093548285142
"2018-06-19",2018-06-19,-0.00544909798103919,31780900,-0.293088480801341,52.93,0,52.93,53.220001,9648,-1.01339187316517,0.266465532617599
"2018-06-20",2018-06-20,0.0100132061212923,21403000,-0.286010030050089,53.459999,0.00991393583827049,52.93,53.459999,9648,-0.975848758259285,0.330642196430412
"2018-06-21",2018-06-21,-0.023756079756006,44435600,-0.302971632721208,52.189999,0,0,53.459999,9650,-1.05930422324052,0.229138950219614
"2018-06-22",2018-06-22,0.00593985449204549,34682100,-0.298831385642743,52.5,0.00590478095238089,52.189999,52.5,9650,-0.986334538843529,0.267076904581088
"2018-06-25",2018-06-25,-0.0340952571428571,45356500,-0.322737909849755,50.709999,0,0,52.5,9652,-1.08000004469274,0.154485886306163
"2018-06-26",2018-06-26,-0.0205087955138789,37543000,-0.336627739565948,49.669998,0,49.669998,50.709999,9653,-1.04303749045986,0.102026926087884
"2018-06-27",2018-06-27,-0.0183209187968962,33338800,-0.348781328881474,48.759998,0,48.759998,49.669998,9654,-1.03610394476461,0.0561253800329923
"2018-06-28",2018-06-28,0.0100492621021026,29055700,-0.342237061769621,49.25,0.00994927918781718,48.759998,49.25,9654,-0.981236761919452,0.118418029177856
"2018-06-29",2018-06-29,0.00934008121827418,28906500,-0.336093502504179,49.709999,0.0191108633898786,0,49.709999,0,1.92082893937479,0.176222331224897
"2018-07-02",2018-07-02,0.0098572120269002,23755500,-0.329549235392326,50.200001,0.0286853181536789,0,50.200001,0,1.50099540604069,0.237099347496637
"2018-07-03",2018-07-03,-0.0145418323796447,16327900,-0.339298818030055,49.470001,0.0143521929583142,48.759998,50.200001,9658,-1.02958460099634,0.146144034294213
"2018-07-05",2018-07-05,0.0258742464953659,26163500,-0.322203672787985,50.75,0.0252216551724137,49.470001,50.75,9658,1.75733807688272,0.251760464447613
"2018-07-06",2018-07-06,0.0122167290640394,19968000,-0.313923218697835,51.369999,0.0369865298225915,0,51.369999,0,1.46645926168421,0.327467447501928
"2018-07-09",2018-07-09,0.00953868034920532,21361600,-0.307378951585982,51.860001,0.04608561422897,0,51.860001,0,1.24601076256742,0.386549090095336
"2018-07-10",2018-07-10,0.00578478585065974,17362900,-0.303372287145248,52.16,0.0515720667177912,0,52.16,0,1.11904913454256,0.422402592516208
"2018-07-11",2018-07-11,-0.0184048888036809,18665600,-0.316193642737902,51.200001,0.0337890618400574,49.470001,52.16,9663,-1.04226277790007,0.306816371430271
"2018-07-12",2018-07-12,0.0224608784675609,20292700,-0.300834751252092,52.349998,0.0219674697981841,51.200001,52.349998,9663,-0.951425679046493,0.320176006112707
"2018-07-13",2018-07-13,-0.00248322836612135,13749300,-0.302570938230389,52.220001,0.0195327457002539,51.200001,52.349998,9665,-1.00577123145205,0.304423353798569
"2018-07-16",2018-07-16,-0.00402150509342197,15951500,-0.305375652754597,52.009998,0.0155738710084166,51.200001,52.349998,0,-1.00926960976692,0.278878702433722
"2018-07-17",2018-07-17,-0.00499900038450305,15754500,-0.308848080133561,51.75,0.010628,51.200001,52.349998,0,-1.01137100272285,0.247084563179849
"2018-07-18",2018-07-18,-0.000579690821255972,14649000,-0.309248734557601,51.720001,0.010054137469951,51.200001,52.349998,0,-1.00129725405405,0.243404017977268
"2018-07-19",2018-07-19,0.00502704940009559,15954600,-0.305776293823044,51.98,0.0150057522123893,51.200001,52.349998,0,1.49249522967408,0.275219900545583
"2018-07-20",2018-07-20,-0.00134667179684495,17380500,-0.306711185308854,51.91,0.0136774995183971,51.200001,52.349998,0,-1.00305743612142,0.266672481828272
"2018-07-23",2018-07-23,0.00770566364862268,15945500,-0.301368934891491,52.310001,0.0212196516685212,51.200001,52.349998,0,1.55142770357838,0.315334155551748
"2018-07-24",2018-07-24,-0.00248520354644994,17788700,-0.303105175292159,52.18,0.0187811230356458,51.200001,52.349998,0,-1.00576117907207,0.299566932545708
"2018-07-25",2018-07-25,0.00479110770410119,19854800,-0.299766277128553,52.43,0.0135418462712187,51.720001,52.43,9665,-0.98898435778806,0.292389602984646
"2018-07-26",2018-07-26,-0.00514972344077824,28282500,-0.303372287145248,52.16,0.00843556365030662,51.720001,52.43,9674,-1.01202940521274,0.259485109392953
"2018-07-27",2018-07-27,-0.0858895705521472,67816700,-0.363205342237067,47.68,0,47.68,52.16,9675,-1.19722650231124,0.00164892076245226
"2018-07-30",2018-07-30,0.00020971057046981,35696600,-0.363071799666115,47.689999,0.00020966660116728,47.68,47.689999,9675,-0.999632322118037,0.00294514949056502
"2018-07-31",2018-07-31,0.00859716939813731,36581200,-0.357596020033394,48.099998,0.0087317675148344,0,48.099998,0,41.6459630013646,0.0558121949279253
"2018-08-01",2018-08-01,0.0147609777447392,28060700,-0.348113509181975,48.810001,0.0231510136621387,0,48.810001,0,2.65135479418198,0.146084094955697
"2018-08-02",2018-08-02,0.0137266745804819,26452500,-0.339165275459104,49.48,0.036378334680679,0,49.48,0,1.57134954052454,0.229836492772476
"2018-08-03",2018-08-03,0.00303154810024259,22008200,-0.337161923205348,49.630001,0.039290770918985,0,49.630001,0,1.08005963615077,0.2484023901388
"2018-08-06",2018-08-06,-0.00664924427464751,26669000,-0.341569295492493,49.299999,0.0328600209505076,47.68,49.630001,9681,-1.01307197516625,0.207469085997159
"2018-08-07",2018-08-07,0.00811363099621971,28322700,-0.336227031719538,49.700001,0.00804832981794101,49.299999,49.700001,9681,-0.98435964870539,0.133937161114035
"2018-08-08",2018-08-08,0.00523134798327274,21990600,-0.332754604340573,49.959999,0.0132105687191868,0,49.959999,0,1.64140498936044,0.1665484763099
"2018-08-09",2018-08-09,0.00360288237796001,23795600,-0.330350597662777,50.139999,0.0167530916783625,0,50.139999,0,1.26815824772408,0.189007265800965
"2018-08-10",2018-08-10,-0.0257279821644991,28712400,-0.347579325542577,48.849998,0,0,50.139999,9685,-1.05215285821092,0.060665093379079
"2018-08-13",2018-08-13,-0.00818827055018506,17070600,-0.352921522537568,48.450001,0,48.450001,48.849998,9686,-1.01536972024056,0.0404887409424651
"2018-08-14",2018-08-14,-0.00681118664992392,23061600,-0.357328894824713,48.119999,0,48.119999,48.450001,9687,-1.01248825023607,0.0238430244576235
"2018-08-15",2018-08-15,-0.0137157110082233,26739900,-0.366143585976633,47.459999,0,47.459999,48.119999,9688,-1.02466828537962,-0.00944820674702338
"2018-08-16",2018-08-16,-0.0061104299644002,24358000,-0.370016721202009,47.169998,0,47.169998,47.459999,9689,-1.01057818673798,-0.0240762224145674
"2018-08-17",2018-08-17,-0.00148399412694485,26382000,-0.370951612687818,47.099998,0,47.099998,47.169998,9690,-1.00252661956133,-0.0276071105726361
"2018-08-20",2018-08-20,-0.0127388115812659,24334000,-0.378964941569287,46.5,0,46.5,47.099998,9691,-1.02160208665331,-0.0578717653307052
"2018-08-21",2018-08-21,0.024086,19254300,-0.364006691151925,47.619999,0.0235195091037276,46.5,47.619999,9691,-0.960528669603525,0.0874506250260357
"2018-08-22",2018-08-22,-0.0119697608561479,23182500,-0.371619378964947,47.049999,0.0116896708116827,46.5,47.619999,9693,-1.02091359306866,0.0140203005131707
"2018-08-23",2018-08-23,-0.00148775773619045,31343200,-0.372554257095164,46.98,0.0102171136653895,46.5,47.619999,0,-1.00251568724113,0.00492792472606527
"2018-08-24",2018-08-24,0.0144742443593018,18214700,-0.363472454090156,47.66,0.014267729752413,46.98,47.66,9693,1.39645404951743,0.0545263046050842
"2018-08-27",2018-08-27,0.0144775073436845,17170300,-0.354257121869789,48.349998,0.0283350166839718,0,48.349998,0,1.98595131640896,0.142459851439303
"2018-08-28",2018-08-28,0.00455019667219016,13472400,-0.35131886477463,48.57,0.0327362569487338,0,48.57,0,1.15532866325262,0.17017958651837
"2018-08-29",2018-08-29,0.00370599135268684,13479100,-0.348914858096834,48.75,0.0363076923076924,0,48.75,0,1.10909724238026,0.192747572051504
"2018-08-30",2018-08-30,-0.0104614974358975,16418800,-0.355726183639405,48.240002,0.0261194433615488,46.98,48.75,9699,-1.01952145454545,0.12854376105795
"2018-08-31",2018-08-31,0.00393859851000841,16484000,-0.353188647746249,48.43,0.0299401197604791,46.98,48.75,0,1.14627709886631,0.152557389194875
"2018-09-04",2018-09-04,-0.00970474912244469,15682900,-0.359465789649421,47.959999,0.0204336743209692,46.98,48.75,0,-1.01777277368122,0.0929461054405362
"2018-09-05",2018-09-05,-0.0050041285447066,20857200,-0.362671105175297,47.720001,0.0155071455258353,46.98,48.75,0,-1.00891688616322,0.0622338428388017
"2018-09-06",2018-09-06,-0.00963962678877564,19318100,-0.36881471786311,47.259998,0.00592462995872334,46.98,48.75,0,-1.01693990119462,0.00283956995215489
"2018-09-07",2018-09-07,-0.0171391670393216,25958300,-0.379632707846416,46.450001,0,46.450001,48.43,9704,-1.02933177408425,-0.0603937778594947
"2018-09-10",2018-09-10,-0.00322932178193065,21522400,-0.381636073455765,46.299999,0,46.299999,46.450001,9705,-1.00527711540113,-0.0679600676521604
"2018-09-11",2018-09-11,-0.029589611870186,32455300,-0.399933222036733,44.93,0,44.93,46.299999,9706,-1.04794397032567,-0.137064542590244
"2018-09-12",2018-09-12,0,29778700,-0.399933222036733,44.93,0,44.93,44.93,9706,-1,-0.137064542590244
"2018-09-13",2018-09-13,0.0142443801468952,18657100,-0.391385642737902,45.57,0.0140443274083827,0,45.57,0,-0.978627483720154,-0.0517396711249667
"2018-09-14",2018-09-14,-0.000658305903006444,22998700,-0.391786297161942,45.540001,0.0133948394072279,44.93,45.57,9709,-1.00102368196554,-0.0557058377974496
"2018-09-17",2018-09-17,-0.00263511193159607,17603200,-0.393389008347251,45.419998,0.0107881554728382,44.93,45.57,0,-1.00409077907247,-0.0716038362351001
"2018-09-18",2018-09-18,0.0149713789067098,20528100,-0.384307205342242,46.099998,0.014750542939286,45.419998,46.099998,9709,1.36729054159667,-0.0223386772660168
"2018-09-19",2018-09-19,0.00108468551343541,15918900,-0.38363937228715,46.150002,0.0158180708204519,0,46.150002,0,1.07237210762749,-0.0157845846544011
"2018-09-20",2018-09-20,0.0227518733368636,21999300,-0.369616013355598,47.200001,0.0377119271671202,0,47.200001,0,2.38410407913718,0.119867169609717
"2018-09-21",2018-09-21,-0.0114406989101548,52650600,-0.376828046744579,46.66,0.0265752678954135,45.419998,47.200001,9714,-1.01951223196069,0.0505680235429893
"2018-09-24",2018-09-24,0.00535790827261037,17847000,-0.373489148580974,46.91,0.0317629929652525,45.419998,47.200001,0,1.19520875914611,0.0827712829161443
"2018-09-25",2018-09-25,-0.0213174163291409,23389900,-0.386844741235397,45.91,0.0106730995425832,45.419998,47.200001,0,-1.03575898444484,-0.0473220602521188
"2018-09-26",2018-09-26,-0.00457414506643425,23957700,-0.389649402337234,45.700001,0.0061269801722762,45.419998,47.200001,0,-1.00725009494217,-0.0750844092686727
"2018-09-27",2018-09-27,0.00393873076720501,15415500,-0.387245395659438,45.880001,0.0100262203568827,45.419998,47.200001,0,1.63640489686095,-0.0512783739783142
"2018-09-28",2018-09-28,0.0307323445786323,46223500,-0.3684140100167,47.290001,0.0336223295914077,45.700001,47.290001,9714,3.35344011946903,0.108961334600164
"2018-10-01",2018-10-01,-0.0177627401614983,23796200,-0.379632707846416,46.450001,0.0161463936244048,45.700001,47.290001,9720,-1.03045133334969,0.000587748776775765
"2018-10-02",2018-10-02,0.0355220013881162,42121100,-0.357596020033395,48.099998,0.0343034733598118,46.450001,48.099998,9720,2.12452849582231,0.152391139885848
"2018-10-03",2018-10-03,0.0137214142919508,39211900,-0.348781328881475,48.759998,0.0473748378742757,0,48.759998,0,1.38105075766985,0.235050160694384
"2018-10-04",2018-10-04,-0.01292036558328,30108300,-0.357195312186984,48.130001,0.0349054636421054,46.450001,48.759998,9723,-1.02412394990435,0.156178119447111
"2018-10-05",2018-10-05,-0.0228548094150258,28901400,-0.371886490818035,47.029999,0.0123325114253138,46.450001,48.759998,0,-1.04112925934303,0.0154393488748063
"2018-10-08",2018-10-08,0,19376800,-0.371886490818035,47.029999,0.0123325114253138,46.450001,48.759998,0,-1,0.0154393488748063
"2018-10-09",2018-10-09,-0.0102062515459547,23285700,-0.378297175292159,46.549999,0.00214818479373113,46.450001,48.759998,0,-1.0172382827352,-0.0472365114635809
"2018-10-10",2018-10-10,-0.0375939857700104,43109500,-0.401669462437401,44.799999,0,44.799999,48.130001,9727,-1.06178287513564,-0.143621956753631
"2018-10-11",2018-10-11,-0.0127231922482856,43648800,-0.40928213689483,44.23,0,44.23,44.799999,9728,-1.01895258457348,-0.17237342417093
"2018-10-12",2018-10-12,0.0146959303640064,32087400,-0.400600988313862,44.880001,0.0144830879125872,44.23,44.880001,9728,-0.978789329417524,-0.0848869836938733
"2018-10-15",2018-10-15,-0.00779861836455849,21633000,-0.405275472454095,44.529999,0.00673700890943207,44.23,44.880001,9730,-1.01166867850204,-0.13179683364459
"2018-10-16",2018-10-16,0.0316640474211554,21472000,-0.386444086811358,45.939999,0.030692207894911,44.529999,45.939999,9730,4.55576180876661,0.0297990812621863
"2018-10-17",2018-10-17,-0.00108837616648614,23124400,-0.387111866444079,45.889999,0.0296360869391173,44.529999,45.939999,9732,-1.00172801099955,0.0232882719692738
"2018-10-18",2018-10-18,-0.0200478975822161,26638800,-0.399398984974963,44.970001,0.00978434490139346,44.529999,45.939999,0,-1.03174048536345,-0.0980934326648619
"2018-10-19",2018-10-19,-0.0215699572699588,28368500,-0.412353923205347,44,0,44,45.889999,9734,-1.03243608200756,-0.183974913833156
"2018-10-22",2018-10-22,0.0229545000000001,34508800,-0.398864801335564,45.009998,0.0224394144607606,44,45.009998,9734,-0.967287514170041,-0.048280402339787
"2018-10-23",2018-10-23,-0.0113307714432692,38590300,-0.405676126878135,44.5,0.0112359550561798,44,45.009998,9736,-1.01707677769451,-0.116318449327628
"2018-10-24",2018-10-24,-0.0467416179775281,33631800,-0.433455786310523,42.419998,0,42.419998,44.5,9737,-1.06847743209876,-0.263672204569223
"2018-10-25",2018-10-25,0.0445545282675402,48255300,-0.408213676126883,44.310001,0.042654095178197,42.419998,44.310001,9737,-0.941765432644251,-0.00724254280770205
"2018-10-26",2018-10-26,0.03114416539959,67280400,-0.389782984974964,45.689999,0.0715692946283496,0,45.689999,0,1.67789972637687,0.171572910105838
"2018-10-29",2018-10-29,-0.00634705638754773,35732200,-0.393656066777968,45.400002,0.0656388517339713,42.419998,45.689999,9740,-1.00993650813992,0.134547062949529
"2018-10-30",2018-10-30,0.0519822884589301,43975200,-0.362136921535899,47.759998,0.0494136536605383,45.400002,47.759998,9740,-0.919932276161649,0.192309078934837
"2018-10-31",2018-10-31,-0.0184253985940285,33369100,-0.373889803005014,46.880001,0.0315699438658288,45.400002,47.759998,9742,-1.03245424802108,0.0805289898027493
"2018-11-01",2018-11-01,0.0285836171377216,28335300,-0.355993308848086,48.220001,0.0277892984697368,46.880001,48.220001,9742,-0.952134307988367,0.133841576329899
"2018-11-02",2018-11-02,-0.0230194935085133,30759800,-0.370818016694496,47.110001,0.00488219051406935,46.880001,48.220001,9744,-1.04164322047058,-0.00866354177223087
"2018-11-05",2018-11-05,0.018255147139564,23751200,-0.359332207011692,47.970001,0.0227225344439748,46.880001,48.220001,0,4.65416791468781,0.102095161333446
"2018-11-06",2018-11-06,-0.0150094013965104,23839600,-0.36894824707847,47.25,0.00783066666666665,46.880001,48.220001,0,-1.0267608632879,0.00953395728014801
"2018-11-07",2018-11-07,0.0311111322751323,29913200,-0.349315512520874,48.720001,0.0330459763332108,47.110001,48.720001,9744,4.2200718968003,0.178915570726342
"2018-11-08",2018-11-08,0.00554189233288385,26581700,-0.345709489148587,48.990002,0.0383751974535539,0,48.990002,0,1.16126686851698,0.21266210649798
"2018-11-09",2018-11-09,-0.017962869240136,21761400,-0.357462424040072,48.110001,0.0207856990067409,47.110001,48.990002,9749,-1.03399656434202,0.101841918298932
"2018-11-12",2018-11-12,-0.0303470997641425,24412800,-0.376961575959939,46.650002,0,46.650002,48.110001,9750,-1.05454881578736,-0.0503054755380403
"2018-11-13",2018-11-13,0.01586274315701,29315900,-0.367078477462443,47.389999,0.0156150456977221,46.650002,47.389999,9750,-0.973782212491211,0.0459956425683548
"2018-11-14",2018-11-14,-0.00633042849399511,25632700,-0.371085141903178,47.09,0.00934376725419417,46.650002,47.389999,9752,-1.01091500778916,0.00717801788123033
"2018-11-15",2018-11-15,0.0216606710554256,29581000,-0.357462424040072,48.110001,0.0212014337725746,47.09,48.110001,9752,2.26904557827656,0.103412060913193
"2018-11-16",2018-11-16,0.0149657240705525,31670600,-0.347846383973295,48.830002,0.035633871159784,0,48.830002,0,1.68072931019782,0.194238093186151
"2018-11-19",2018-11-19,-0.0169977875487288,26859000,-0.358931552587652,48,0.0189583333333333,47.09,48.830002,9755,-1.03186800014344,0.0893917542053485
"2018-11-20",2018-11-20,-0.0127083541666666,29200800,-0.367078477462443,47.389999,0.00633042849399512,47.09,48.830002,0,-1.02269771162791,0.0109295996805564
"2018-11-21",2018-11-21,-0.00759653951459266,19011400,-0.371886490818035,47.029999,0,47.029999,48,9757,-1.01309805300717,-0.0311379482894456
"2018-11-23",2018-11-23,-0.0104188392604474,8906900,-0.378430704507518,46.540001,0,46.540001,47.029999,9758,-1.01759734179934,-0.0558540645134075
"2018-11-26",2018-11-26,0.0195530722055636,20723000,-0.366277115191992,47.450001,0.0191780817876064,46.540001,47.450001,9758,-0.967884240969975,0.0624790555863426
"2018-11-27",2018-11-27,0.0130663643189386,27621000,-0.357996661101842,48.07,0.0318285625130019,0,48.07,0,1.65963222315439,0.141530786187472
"2018-11-28",2018-11-28,0.0164343873517786,28003200,-0.347445729549254,48.860001,0.0474826023847196,0,48.860001,0,1.49182365258635,0.240501441807971
"2018-11-29",2018-11-29,-0.0237413011923597,23592500,-0.362938217028386,47.700001,0.0243186577710974,46.540001,48.860001,9762,-1.04458966152564,0.0945042427947848
"2018-11-30",2018-11-30,0.0337526198374713,43313700,-0.341435712854764,49.310001,0.0326505773139205,47.700001,49.310001,9762,1.34261428493498,0.207182574988565
"2018-12-03",2018-12-03,0.0166294865822453,30870400,-0.330484126878136,50.130001,0.0484739667170563,0,50.130001,0,1.48462816601989,0.308306015447655
"2018-12-04",2018-12-04,-0.0474765799426176,35397700,-0.362270450751258,47.75,0.00104709947643977,47.700001,50.130001,9765,-1.09618109097519,0.00913448301671035
"2018-12-06",2018-12-06,0.0129842722513089,31661700,-0.353989996661107,48.369999,0.0138515198232689,47.700001,50.130001,0,13.2284660005421,0.0887676111325547
"2018-12-07",2018-12-07,-0.0440354981194025,34016400,-0.382437368948253,46.240002,0,46.240002,48.369999,9767,-1.08036207959396,-0.0709863918924421
"2018-12-10",2018-12-10,0.0209774428642976,23289000,-0.369482484140239,47.209999,0.0205464312761372,46.240002,47.209999,9767,-0.966125473450356,0.0555410201513148
"2018-12-11",2018-12-11,0.0036009744461125,23851000,-0.367212006677802,47.380001,0.0240607635276328,0,47.380001,0,1.17104343835988,0.0773890275678292
"2018-12-12",2018-12-12,0.00949769925078727,31305000,-0.361201976627718,47.830002,0.033242733295307,0,47.830002,0,1.3816158933248,0.134766009889413
"2018-12-13",2018-12-13,0.00961737363088541,19526000,-0.355058417362276,48.290001,0.0424518317984711,0,48.290001,0,1.27702591183933,0.192749763440345
"2018-12-14",2018-12-14,-0.00890453491603779,26372100,-0.360801322203678,47.860001,0.0338487038477078,46.240002,48.290001,9772,-1.01617453512035,0.13856782032718
"2018-12-17",2018-12-17,-0.0162975132407539,26598700,-0.371218671118536,47.080002,0.0178419703550565,46.240002,48.290001,0,-1.02887281246984,0.0387696286903197
"2018-12-18",2018-12-18,0.0140186909932586,29014300,-0.362403979966616,47.740002,0.0314201913942107,46.240002,48.290001,0,1.76102699247598,0.123342939796749
"2018-12-19",2018-12-19,-0.0454545854438799,39717600,-0.391385642737902,45.57,0,45.57,47.860001,9775,-1.07997059738128,-0.104782136573617
"2018-12-20",2018-12-20,-0.000658305903006444,37750900,-0.391786297161942,45.540001,0,45.540001,45.57,9776,-1.00102368196554,-0.106295323914387
"2018-12-21",2018-12-21,-0.0153711239488114,52768300,-0.401135225375631,44.84,0,44.84,45.540001,9777,-1.02386231545465,-0.141604255936332
"2018-12-24",2018-12-24,-0.0278768956289028,19241600,-0.417829716193661,43.59,0,43.59,44.84,9778,-1.04161811220243,-0.204655830187557
"2018-12-26",2018-12-26,0.0596466850194998,28677600,-0.383105188647751,46.189999,0.0562892196641961,43.59,46.189999,9778,-0.916893111714881,0.139083916214449
"2018-12-27",2018-12-27,0.00368049369301776,29970700,-0.380834711185314,46.360001,0.0597498045783044,0,46.360001,0,1.06147864430797,0.160728931262341
"2018-12-28",2018-12-28,0.00841240275210527,24758700,-0.375626043405681,46.75,0.0675935828877005,0,46.75,0,1.13127705378712,0.210025269959518
"2018-12-31",2018-12-31,0.00385026737967914,20490400,-0.373222036727885,46.93,0.0711698274025143,0,46.93,0,1.05290804780619,0.232611418661018
"2019-01-02",2019-01-02,0.00319629235030898,18774600,-0.371218671118536,47.080002,0.0741291812179616,0,47.080002,0,1.04158157920926,0.25135456427182
"2019-01-03",2019-01-03,-0.0550127419280909,32267300,-0.405809656093494,44.490002,0.0202293090479069,43.59,47.080002,9784,-1.09318223372421,-0.082856757933199
"2019-01-04",2019-01-04,0.0613620786081333,35447300,-0.369348901502509,47.220001,0.0578144629857167,44.490002,47.220001,9784,2.8579553977252,0.196799036933005
"2019-01-07",2019-01-07,0.00465900032488345,22736800,-0.366410697829721,47.439999,0.0621837492028615,0,47.439999,0,1.07557427659969,0.224397886541978
"2019-01-08",2019-01-08,0.00632384077411124,22749200,-0.362403979966616,47.740002,0.0680770813541232,0,47.740002,0,1.09477286633258,0.261788289482422
"2019-01-09",2019-01-09,0.005655550663781,22554500,-0.358798023372292,48.009998,0.0733179784760667,0,48.009998,0,1.07698475048719,0.295200991915882
"2019-01-10",2019-01-10,0.0114560096419916,27202600,-0.351452407345581,48.560001,0.0838138162311818,0,48.560001,0,1.14315503473055,0.362584403613572
"2019-01-11",2019-01-11,0.00761941911821624,21751300,-0.346510851419037,48.93,0.0907418352748826,0,48.93,0,1.08265963006137,0.407413287328829
"2019-01-14",2019-01-14,-0.011853709380748,19193900,-0.354257121869788,48.349998,0.0798344603861204,44.490002,48.93,9791,-1.02235505877818,0.336962399248425
"2019-01-15",2019-01-15,0.00517063103084306,22480800,-0.350918223706183,48.599998,0.0845678224101986,44.490002,48.93,0,1.05928971024774,0.367449625133104
"2019-01-16",2019-01-16,-0.00967072056258108,19057700,-0.357195312186984,48.130001,0.0756284837808335,44.490002,48.93,0,-1.01788761043672,0.309980386074981
"2019-01-17",2019-01-17,0.00706420097518808,17448700,-0.35265441068448,48.470001,0.0821126246727333,44.490002,48.93,0,1.08573675641429,0.351619648196285
"2019-01-18",2019-01-18,0.0148545076365894,29874600,-0.34303841068448,49.189999,0.0215490551239897,48.130001,49.189999,9791,-0.972732511749007,0.159201412783392
"2019-01-22",2019-01-22,-0.0187029684631625,25940700,-0.355325542570957,48.27,0.00290033146882129,48.130001,49.189999,9796,-1.03581853082272,0.0423632046601067
"2019-01-23",2019-01-23,-0.00683656515434023,18960700,-0.35973290150251,47.939999,0,47.939999,48.27,9797,-1.01240372110506,0.0147635977654464
"2019-01-24",2019-01-24,0.0379641017514415,50578300,-0.335425736227051,49.759998,0.0365755440745797,47.939999,49.759998,9797,-0.932429963525899,0.244704762850511
"2019-01-25",2019-01-25,-0.0546623213288716,86455700,-0.371752908180306,47.040001,0,0,49.759998,9799,-1.10830168359134,-0.0306334348129178
"2019-01-28",2019-01-28,-0.00701534849031983,35928700,-0.376160280467451,46.709999,0,46.709999,47.040001,9800,-1.01185564978824,-0.0472791512977595
"2019-01-29",2019-01-29,-0.00363943488844876,20988300,-0.378430704507518,46.540001,0,46.540001,46.709999,9801,-1.00603578888565,-0.0558540645134075
"2019-01-30",2019-01-30,0.0214868925335863,26931700,-0.365075111853094,47.540001,0.0210349175213522,46.540001,47.540001,9801,-0.964707957109864,0.0740316462591326
"2019-01-31",2019-01-31,-0.00883470742880289,43051300,-0.370684487479137,47.119999,0.0123089561186112,46.540001,47.540001,9803,-1.01536499050174,0.019890098790637
"2019-02-01",2019-02-01,0.0341681034415981,37442900,-0.349181969949922,48.73,0.0330392160886517,47.119999,48.73,9803,2.68416068513693,0.179394400859793
"2019-02-04",2019-02-04,0.0100554278678434,20905000,-0.342637716193662,49.220001,0.042665622863356,0,49.220001,0,1.29136305016664,0.240467578489046
"2019-02-05",2019-02-05,0.0160503247450157,31641600,-0.332086838063445,50.009998,0.0577884246266117,0,50.009998,0,1.35444933762456,0.337431657941965
"2019-02-06",2019-02-06,-0.00219948019194087,21647800,-0.333555899833061,49.900002,0.0557114807330068,47.119999,50.009998,9807,-1.00442372777609,0.324039141703711
"2019-02-07",2019-02-07,-0.0134268932494232,27825900,-0.34250417362271,49.23,0.0428600650010156,47.119999,50.009998,0,-1.02682690905521,0.241706307626321
"2019-02-08",2019-02-08,-0.00792199878123082,18851200,-0.347712854757936,48.84,0.0352170556920558,47.119999,50.009998,0,-1.01520764281536,0.193168180700032
"2019-02-11",2019-02-11,-0.00143325143325144,18004100,-0.348647746243745,48.77,0.0338322944433054,47.119999,50.009998,0,-1.00268868830421,0.184407341077885
"2019-02-12",2019-02-12,0.0254254254664753,18050100,-0.332086838063445,50.009998,0.0247950019914018,48.77,50.009998,9807,-0.952499597778205,0.212822452440513
"2019-02-13",2019-02-13,0.00919822072378408,17712800,-0.325943225375632,50.470001,0.033683395409483,0,50.470001,0,1.35847520484827,0.26959517222344
"2019-02-14",2019-02-14,0.00673667511914645,17545400,-0.321402323873128,50.810001,0.040149595745924,0,50.810001,0,1.1919699679273,0.311166676646894
"2019-02-15",2019-02-15,0.0167289703458183,22520400,-0.31005008347246,51.66,0.0559427022841655,0,51.66,0,1.39335655178657,0.413688932446719
"2019-02-19",2019-02-19,-0.00503286875725892,15611800,-0.313522510851425,51.400002,0.0511673520946555,48.77,51.66,9815,-1.01119956924402,0.382538814396718
"2019-02-20",2019-02-20,-0.000194610887369178,21607700,-0.313656106844747,51.389999,0.050982662988571,48.77,51.66,0,-1.00042611292235,0.381336718639678
"2019-02-21",2019-02-21,0.000389200241081801,16162100,-0.313388981636066,51.41,0.0513518770667184,48.77,51.66,0,1.00724195356822,0.383740038047846
"2019-02-22",2019-02-22,0.0210076249756857,31934100,-0.298964914858103,52.490002,0.0209564289976593,51.389999,52.490002,9815,-0.953973918602175,0.323419496118972
"2019-02-25",2019-02-25,0.0116211845448206,20711800,-0.290818056761275,53.099998,0.0322033722110497,0,53.099998,0,1.53668223792549,0.396665797348125
"2019-02-26",2019-02-26,0.00244824867978333,16082200,-0.289081803005015,53.23,0.0345669922975764,0,53.23,0,1.07339666389707,0.412150156999272
"2019-02-27",2019-02-27,0.000187901559271089,17590300,-0.288948220367285,53.240002,0.0347483645849599,0,53.240002,0,1.00524697913611,0.413339675389681
"2019-02-28",2019-02-28,-0.00525925975735301,18388800,-0.292687826377301,52.959999,0.0296450156655026,51.389999,53.240002,9822,-1.01294213200297,0.379941697852457
"2019-03-01",2019-03-01,0.00641993969826163,18359300,-0.288146924874797,53.299999,0.00637898698647243,52.959999,53.299999,9822,-0.984485512914191,0.309220837935048
"2019-03-04",2019-03-04,0.012007504915713,21706100,-0.279599345575966,53.939999,0.0181683355240699,0,53.939999,0,2.8481537213665,0.38602912933472
"2019-03-05",2019-03-05,-0.00482015211012519,21057700,-0.283071786310524,53.68,0.0134128353204173,52.959999,53.939999,9825,-1.01241934500027,0.354953930057604
"2019-03-06",2019-03-06,-0.0135990871833085,14740500,-0.29282135559266,52.950001,0,52.950001,53.68,9826,-1.03444203821656,0.267474408246876
"2019-03-07",2019-03-07,-0.00661006597525845,17803000,-0.297495853088487,52.599998,0,52.599998,52.950001,9827,-1.01596364953084,0.249819816132754
"2019-03-08",2019-03-08,-0.00228133088522175,16793900,-0.299098497495832,52.48,0,52.48,52.599998,9828,-1.00538711511676,0.243766965887155
"2019-03-11",2019-03-11,0.016577705792683,18963000,-0.287479158597669,53.349998,0.0163073670593202,52.48,53.349998,9828,-0.961152132172361,0.349240250065955
"2019-03-12",2019-03-12,0.00412374898308339,20782100,-0.28454090150251,53.57,0.0203472092589136,0,53.57,0,1.24773111348374,0.375595060800302
"2019-03-13",2019-03-13,0.0149337128990106,25522300,-0.273856440734564,54.369999,0.0347617994254515,0,54.369999,0,1.70843082130407,0.470388887750795
"2019-03-14",2019-03-14,-0.0171050214659743,26647100,-0.286277141903178,53.439999,0.0179640534798663,52.48,54.369999,9832,-1.04535478930237,0.36003696939598
"2019-03-15",2019-03-15,0.0166542480661349,46512500,-0.274390624373963,54.330002,0.0340512043419399,52.48,54.369999,0,1.89551898073025,0.465687620792165
"2019-03-18",2019-03-18,-0.00423346201975109,16274000,-0.277462464106851,54.099998,0.0299445112733646,52.48,54.369999,0,-1.01119513372549,0.438575814934781
"2019-03-19",2019-03-19,0.00129390023267654,18274800,-0.276527572621041,54.169998,0.0311980443491987,52.48,54.369999,0,1.04186186457981,0.446841033397908
"2019-03-20",2019-03-20,-0.00646110417061487,24325300,-0.281202003338904,53.82,0.0248978075065032,52.48,54.369999,0,-1.01690403120946,0.405392026409941
"2019-03-21",2019-03-21,0.0152359531772576,19127200,-0.270250430717869,54.639999,0.021961933052012,53.439999,54.639999,9832,-0.961054428876752,0.435665629458524
"2019-03-22",2019-03-22,-0.0252562413114246,21438400,-0.288681161936567,53.259998,0,0,54.639999,9838,-1.06819871172727,0.283111047337402
"2019-03-25",2019-03-25,-0.00901237360166642,16971400,-0.295091833055098,52.779999,0,52.779999,53.259998,9839,-1.02220675251383,0.258899293266191
"2019-03-26",2019-03-26,0.0125047368795896,17724300,-0.286277141903178,53.439999,0.0123502996323036,52.779999,53.439999,9839,-0.970128989810863,0.338835003944874
"2019-03-27",2019-03-27,-0.00523950234355363,19656000,-0.290016694490824,53.16,0.0071482505643341,52.779999,53.439999,9841,-1.01306270058023,0.305064458508109
"2019-03-28",2019-03-28,-0.000940537998495103,13607900,-0.290684460767952,53.110001,0.00621355665197598,52.779999,53.439999,0,-1.00230250978586,0.299012304014548
"2019-03-29",2019-03-29,0.0111090188079643,18736100,-0.282804661101842,53.700001,0.0109869644136507,53.110001,53.700001,9841,1.76822471074705,0.346800802408732
"2019-04-01",2019-04-01,0.0150837427358708,17830400,-0.271986671118537,54.509998,0.0256833067577806,0,54.509998,0,2.33761626877308,0.443163059679635
"2019-04-02",2019-04-02,-0.0027517337278201,13704500,-0.273989969949922,54.360001,0.0229948487307791,53.110001,54.509998,9845,-1.00736543016298,0.425443282589709
"2019-04-03",2019-04-03,0.0206033660668991,24552800,-0.25903171953256,55.48,0.0201874369142033,54.360001,55.48,9845,-0.945405846717323,0.471334439774613
"2019-04-04",2019-04-04,0.00793074981975492,16520500,-0.253155285475799,55.919998,0.0278969430578306,0,55.919998,0,1.38189623459346,0.522645673321932
"2019-04-05",2019-04-05,-0.00572246086274896,19268400,-0.257429075125215,55.599998,0.0223021051187808,54.360001,55.919998,9848,-1.01688208737725,0.485373946263338
"2019-04-08",2019-04-08,0.00143888494384479,11758800,-0.256360601001675,55.68,0.0237068785919541,54.360001,55.919998,0,1.06298838005163,0.494714881317036
"2019-04-09",2019-04-09,-0.0064655172413793,13339700,-0.261168614357268,55.32,0.0173535610990601,54.360001,55.919998,0,-1.0187548840844,0.452560886420958
"2019-04-10",2019-04-10,0.00777295733911785,13084000,-0.255425709515866,55.75,0.0249327174887893,54.360001,55.919998,0,1.43674934190538,0.502875504701313
"2019-04-11",2019-04-11,0.000896843049327349,10845800,-0.254757943238737,55.799999,0.02580641623309,54.360001,55.919998,0,1.03504225901944,0.508697293296946
"2019-04-12",2019-04-12,0.0111110933890877,12910200,-0.246477489148587,56.419998,0.0194965976425593,55.32,56.419998,9848,-0.967496777588637,0.516139968361474
"2019-04-15",2019-04-15,-0.00248137194191328,11676900,-0.248347258764614,56.279999,0.0170575518311575,55.32,56.419998,9854,-1.00758596504081,0.49986648036962
"2019-04-16",2019-04-16,0.0076403697164246,30301900,-0.242604353923212,56.709999,0.00758243709367734,56.279999,56.709999,9854,-0.976875505411374,0.485770709977536
"2019-04-17",2019-04-17,0.0326221483445979,38788400,-0.217896480801342,58.560001,0.0389344597176493,0,58.560001,0,5.13482132942653,0.697497124257716
"2019-04-18",2019-04-18,-0.00119533809434195,20464200,-0.218831358931559,58.490002,0.0377842866204724,56.279999,58.560001,9857,-1.00429046915663,0.689622325097046
"2019-04-22",2019-04-22,0.00564195569697541,12327500,-0.214424040066784,58.82,0.00561030261815709,58.490002,58.82,9857,-0.979859747312756,0.584753481374195
"2019-04-23",2019-04-23,-0.000680057803468271,17739900,-0.214958277128554,58.779999,0.0049335999478326,58.490002,58.82,9859,-1.00249149797571,0.580180017153925
"2019-04-24",2019-04-24,-0.001020721351152,17723700,-0.215759585976634,58.720001,0.00391687663629303,58.490002,58.82,0,-1.00372774130303,0.573313692750693
"2019-04-25",2019-04-25,-0.0189032694328463,27949900,-0.230584293823045,57.610001,0,57.610001,58.779999,9861,-1.06870938215471,0.502530677055444
"2019-04-26",2019-04-26,-0.0899149611193376,72364500,-0.299766277128553,52.43,0,52.43,57.610001,9862,-1.30002903562287,0.241244902917108
"2019-04-29",2019-04-29,-0.0251764066374214,42142300,-0.3173956460768,51.110001,0,51.110001,52.43,9863,-1.05881038093116,0.174662490949074
"2019-04-30",2019-04-30,-0.00136959496439846,27130900,-0.31833053756261,51.040001,0,51.040001,51.110001,9864,-1.00294550822409,0.171131602791004
"2019-05-01",2019-05-01,-0.00548595208687385,20467600,-0.322070143572626,50.759998,0,50.759998,51.040001,9865,-1.01174755660783,0.157007898834953
"2019-05-02",2019-05-02,-0.00413709630169811,22655400,-0.324874804674463,50.549999,0,50.549999,50.759998,9866,-1.00870823066902,0.146415284802006
"2019-05-03",2019-05-03,0.0237388926555666,25656600,-0.308848080133562,51.75,0.0231884251207729,50.549999,51.75,9866,-0.950667997917042,0.294522642349898
"2019-05-06",2019-05-06,-0.0102415265700482,26245200,-0.315926530884814,51.220001,0.0130808665935013,50.549999,51.75,9868,-1.02291887567568,0.229614706437483
"2019-05-07",2019-05-07,-0.0144475006941137,29713400,-0.32580968280468,50.48,0,50.48,51.220001,9869,-1.03128307044105,0.142884447085196
"2019-05-08",2019-05-08,-0.0245641442155309,36812400,-0.34237059098498,49.240002,0,49.240002,50.48,9870,-1.0508300061488,0.0803373863104997
"2019-05-09",2019-05-09,-0.0532088321198687,59642200,-0.377362283806349,46.619999,0,46.619999,49.240002,9871,-1.10220414294551,-0.0518188646438461
"2019-05-10",2019-05-10,-0.00900896630220862,42522800,-0.382971606010022,46.200001,0,46.200001,46.619999,9872,-1.01486455441994,-0.0730040927097393
"2019-05-13",2019-05-13,-0.0311688954292446,39091900,-0.40220369949917,44.759998,0,44.759998,46.200001,9873,-1.05021806626741,-0.145639657570928
"2019-05-14",2019-05-14,0.00915996466309039,24706500,-0.396727906510856,45.169998,0.00907682130072263,44.759998,45.169998,9873,-0.9863855230692,-0.0906774996712904
"2019-05-15",2019-05-15,0.00996238698084512,23407900,-0.390717876460773,45.619999,0.0188514033066944,0,45.619999,0,2.07687280405021,-0.0310623457904485
"2019-05-16",2019-05-16,-0.0019728189823065,19954700,-0.391919879799671,45.529999,0.0169119485374905,44.759998,45.619999,9876,-1.0030763970919,-0.0429269711521397
"2019-05-17",2019-05-17,-0.0140566662432827,22500400,-0.400467459098502,44.889999,0.00289599026277543,44.759998,45.619999,0,-1.021809506839,-0.128144698376997
"2019-05-20",2019-05-20,-0.0296279356121171,28675000,-0.418230370617701,43.560001,0,43.560001,45.529999,9878,-1.04435544290961,-0.206169017528326
"2019-05-21",2019-05-21,0.0206611106367974,25543400,-0.406210363939905,44.459999,0.0202428704508069,43.560001,44.459999,9878,-0.971259842607691,-0.0843189284776719
"2019-05-22",2019-05-22,-0.0103463565080153,16932500,-0.412353923205347,44,0.00999997727272728,43.560001,44.459999,9880,-1.01512408301417,-0.146207106692791
"2019-05-23",2019-05-23,0.0120454318181817,35783900,-0.405275472454095,44.529999,0.0119020662901878,44,44.529999,9880,1.19020933403999,-0.112289500207212
"2019-05-24",2019-05-24,0.000898293305598406,27168100,-0.404741235392325,44.57,0.0127888714381871,0,44.57,0,1.07450850351341,-0.10692252319785
"2019-05-28",2019-05-28,-0.022436616558223,34779900,-0.418096828046749,43.57,0,0,44.57,9883,-1.03299785513942,-0.205664655375576
"2019-05-29",2019-05-29,0.0151480376405783,28450300,-0.40928213689483,44.23,0.0149219986434546,43.57,44.23,9883,-0.978917105893628,-0.116016179394806
"2019-05-30",2019-05-30,0.0113045444268596,21618900,-0.402604340567618,44.73,0.025933378046054,0,44.73,0,1.73792925905603,-0.0492078898142324
"2019-05-31",2019-05-31,-0.0154258663089649,25532500,-0.411819686143577,44.040001,0.0106721387222493,43.57,44.73,9886,-1.02288933488141,-0.141650793706646
"2019-06-03",2019-06-03,-0.0131698907091304,31155700,-0.419565956594328,43.459999,0,43.459999,44.040001,9887,-1.01880985953656,-0.211213244350943
"2019-06-04",2019-06-04,0.0306028999218337,28094900,-0.401802991652759,44.790001,0.0296941721434655,43.459999,44.790001,9887,-0.957663474210936,-0.0319776369111508
"2019-06-05",2019-06-05,-0.00535838344812712,20802000,-0.405008360601007,44.549999,0.0244668916827584,43.459999,44.790001,9889,-1.00797746411758,-0.0638259769497102
"2019-06-06",2019-06-06,0.0123456568427757,19076200,-0.397662797996666,45.099998,0.0121951003190732,44.549999,45.099998,9889,-0.981863182790992,-0.0824313050057706
"2019-06-07",2019-06-07,0.0206208656594618,24370300,-0.385242083472459,46.029999,0.0321529444308699,0,46.029999,0,2.63654612013174,0.0398556887239691
"2019-06-10",2019-06-10,0.0167282210890338,20806100,-0.374958277128553,46.799999,0.0480769241042078,0,46.799999,0,1.49525727597281,0.138836974468957
"2019-06-11",2019-06-11,0.00106835472368279,18415500,-0.374290510851424,46.849998,0.0490928302707718,0,46.849998,0,1.02113084781302,0.145195850535041
"2019-06-12",2019-06-12,-0.0113126579002202,15899100,-0.381368948247083,46.32,0.0382124568221071,44.549999,46.849998,9894,-1.01891161328017,0.0773692059397055
"2019-06-13",2019-06-13,0.00820382124352332,12267600,-0.37629380968281,46.700001,0.0460385857379318,44.549999,46.849998,0,1.20480569863012,0.126094574884641
"2019-06-14",2019-06-14,-0.0109208134706464,15381100,-0.383105188647751,46.189999,0.0355055214441551,44.549999,46.849998,0,-1.01810122513225,0.0605882672114438
"2019-06-17",2019-06-17,-0.00129893919244294,12643300,-0.383906497495831,46.130001,0.0342510723119213,44.549999,46.849998,0,-1.00209161575417,0.0528241024728386
"2019-06-18",2019-06-18,0.0268805110149466,25732300,-0.367345589315531,47.369999,0.0261768635460601,46.130001,47.369999,9894,-0.956862131044083,0.0848765779936514
"2019-06-19",2019-06-19,-0.00633310125254593,17436400,-0.371352253756266,47.07,0.019970235818993,46.130001,47.369999,9899,-1.01090707104501,0.0463031254405417
"2019-06-20",2019-06-20,0.00254937327384746,20126800,-0.369749595993327,47.189999,0.0224623441928872,46.130001,47.369999,0,1.12479113398971,0.0617681943625037
"2019-06-21",2019-06-21,0.00572155129734169,31096300,-0.366143585976633,47.459999,0.00821742537331283,47.07,47.459999,9899,-0.990247426756459,0.0215872774571295
"2019-06-24",2019-06-24,0.00358200597517915,14479900,-0.363873108514196,47.630001,0.0117573165702852,0,47.630001,0,1.43077862422319,0.04353181562538
"2019-06-25",2019-06-25,-0.016376296107993,16665600,-0.374290510851424,46.849998,0,0,47.630001,9903,-1.02862921742078,-0.0402174254228804
"2019-06-26",2019-06-26,0.0286019435902644,21886300,-0.356394003338903,48.189999,0.0278066202076493,46.849998,48.189999,9903,-0.952185516347154,0.132393658219717
"2019-06-27",2019-06-27,-0.015148371345681,23062900,-0.366143585976633,47.459999,0.012852950123324,46.849998,48.189999,9905,-1.02735619159242,0.039094677721956
"2019-06-28",2019-06-28,0.00863885395362095,26646200,-0.360667792988319,47.869999,0.0213077297118808,46.849998,48.189999,0,1.65780848034367,0.0917075151403953
"2019-07-01",2019-07-01,0.00376018390975942,27505400,-0.358263786310523,48.049999,0.0249740067632468,46.849998,48.189999,0,1.17206324188174,0.114633697762384
"2019-07-02",2019-07-02,0.00145681584717619,15381600,-0.357328894824713,48.119999,0.0263923737820526,46.849998,48.189999,0,1.05679373086793,0.123521459297216
"2019-07-03",2019-07-03,0.00831257290757639,10739100,-0.351986644407351,48.52,0.021846681780709,47.459999,48.52,9905,-0.985049486636162,0.126529892597788
"2019-07-05",2019-07-05,-0.00906838417147574,14339200,-0.357863078464112,48.080002,0.0128952365684177,47.459999,48.52,9910,-1.01669504837792,0.0705281168676073
"2019-07-08",2019-07-08,-0.0054076952825418,16564300,-0.361335559265448,47.82,0.00752825177749894,47.459999,48.52,0,-1.00970337822007,0.0371433178218496
"2019-07-09",2019-07-09,-0.00146382266833961,17853200,-0.362270450751257,47.75,0.00607331937172773,47.459999,48.52,0,-1.0025873221216,0.0281174565248623
"2019-07-10",2019-07-10,0.00963348691099484,16032300,-0.356126891485815,48.209999,0.0155569387172151,47.459999,48.52,0,2.56152159388079,0.0871380174550621
"2019-07-11",2019-07-11,0.0080895873903668,16615100,-0.350918223706182,48.599998,0.0174896715016326,47.75,48.599998,9910,1.12423606080538,0.114109582675587
"2019-07-12",2019-07-12,0.0271604949448763,20148700,-0.333288841402343,49.919998,0.0434695129595157,0,49.919998,0,2.48543907502539,0.278812432257616
"2019-07-15",2019-07-15,0.00400643044897559,14345100,-0.330617709515865,50.119999,0.0472864933616619,0,50.119999,0,1.08780821643208,0.303316665311231
"2019-07-16",2019-07-16,-0.0189545295082707,17131400,-0.343305535893161,49.169998,0.0288793585063802,47.75,50.119999,9917,-1.03837612448491,0.185877548517242
"2019-07-17",2019-07-17,0.00447429345024589,11928600,-0.340367292153595,49.389999,0.0332050826727087,47.75,50.119999,0,1.14978601984434,0.213312024762685
"2019-07-18",2019-07-18,0.0111358576864923,15679600,-0.333021716193662,49.939999,0.0438526040018543,47.75,50.119999,0,1.32065938320632,0.281268162035625
"2019-07-19",2019-07-19,0.00660794967176517,29141100,-0.328614357262109,50.27,0.0218818778595584,49.169998,50.27,9917,-0.986765550961879,0.214935024723421
"2019-07-22",2019-07-22,0.0214839466878853,21688000,-0.314190343906516,51.349998,0.0424537504363681,0,51.349998,0,1.94013286742772,0.347107112174642
"2019-07-23",2019-07-23,0.00778971792754501,18413500,-0.308848080133562,51.75,0.0498551111111111,0,51.75,0,1.17433938341529,0.395237096601958
"2019-07-24",2019-07-24,0.0226086570048309,20896400,-0.293222063439071,52.919998,0.0708616806826032,0,52.919998,0,1.42135237698448,0.533590656356504
"2019-07-25",2019-07-25,-0.0143612628254446,27765400,-0.303372287145248,52.16,0.05732365797546,49.169998,52.919998,9924,-1.03461616628411,0.444125140822619
"2019-07-26",2019-07-26,-0.0109279141104293,36401500,-0.310984974958269,51.59,0.0469083543322349,49.169998,52.919998,0,-1.02509355051728,0.376037215632569
"2019-07-29",2019-07-29,0.0178328745880985,21897500,-0.298697856427385,52.509998,0.0636069344356098,49.169998,52.919998,0,1.35598307254833,0.485510092019303
"2019-07-30",2019-07-30,-0.0154255766682757,16487700,-0.30951584641069,51.700001,0.0489362272933032,49.169998,52.919998,0,-1.03621716644604,0.389244653504289
"2019-07-31",2019-07-31,-0.0222437519875483,24169800,-0.324874804674463,50.549999,0.0272997235865425,49.169998,52.919998,0,-1.04962252641305,0.249520588672419
"2019-08-01",2019-08-01,-0.0207714939816319,34020800,-0.338898163606015,49.5,0.00666670707070705,49.169998,52.919998,0,-1.0431654247414,0.118630760787439
"2019-08-02",2019-08-02,-0.0165656565656566,27881600,-0.349849749582643,48.68,0,48.68,52.509998,9930,-1.03231527093596,0.0520901801634322
"2019-08-05",2019-08-05,-0.0351273418241577,38936600,-0.372687799666115,46.970001,0,46.970001,48.68,9931,-1.06527959534262,-0.0341643229709845
"2019-08-06",2019-08-06,-0.000212944428082939,26119600,-0.372821382303845,46.959999,0,46.959999,46.970001,9932,-1.00035843040166,-0.0346688364475127
"2019-08-07",2019-08-07,-0.00489776415881113,29440400,-0.37589315525877,46.73,0,46.73,46.959999,9933,-1.00823926175034,-0.0462702756684793
"2019-08-08",2019-08-08,0.00941575005349888,30643700,-0.370016721202009,47.169998,0.00932792068382116,46.73,47.169998,9933,-0.984366743648961,0.0111533685934021
"2019-08-09",2019-08-09,-0.0252278577582302,24975500,-0.385909849749588,45.98,0,0,47.169998,9935,-1.04295246035355,-0.084101220219215
"2019-08-12",2019-08-12,-0.00826450630708998,18490300,-0.390985001669454,45.599998,0,45.599998,45.98,9936,-1.01315113341409,-0.103268999674106
"2019-08-13",2019-08-13,0.0271930275084662,28959500,-0.374424040066783,46.84,0.0264731426131513,45.599998,46.84,9936,-0.957642974712692,0.0592617445620986
"2019-08-14",2019-08-14,-0.0207088172502136,25650200,-0.387378978297167,45.869999,0.00588622205986966,45.599998,46.84,9938,-1.03459964330301,-0.067418788715284
"2019-08-15",2019-08-15,-0.00370608248759717,21896000,-0.389649402337234,45.700001,0.00218824940507112,45.599998,46.84,0,-1.0058609892825,-0.0899601654765714
"2019-08-16",2019-08-16,0.0175054481946291,22701800,-0.378964941569287,46.5,0.0193548817204301,45.599998,46.84,0,8.84491579231164,0.0152275448082662
"2019-08-19",2019-08-19,0.0156989247311827,21403600,-0.369215358931558,47.23,0.0323946432352318,45.700001,47.23,9938,1.67371951444361,0.101298095903973
"2019-08-20",2019-08-20,-0.0133390218081727,23113300,-0.37762940901503,46.599998,0.0193132411722421,45.700001,47.23,9942,-1.02278900343643,0.0201143022891012
"2019-08-21",2019-08-21,0.011802661450758,15915000,-0.370283779632727,47.150002,0.0307529361292498,45.700001,47.23,0,1.59232393232107,0.0910625142066666
"2019-08-22",2019-08-22,-0.00784735915811847,19783000,-0.375225388981641,46.779999,0.023086746966369,45.700001,47.23,0,-1.01334546534503,0.0434455157204093
"2019-08-23",2019-08-23,-0.038905516009096,32814000,-0.399532567612693,44.959999,0,44.959999,47.150002,9945,-1.06478020769602,-0.135551355249474
"2019-08-26",2019-08-26,0.0133452405103478,22080500,-0.391519185308853,45.560001,0.013169490492329,44.959999,45.560001,9945,-0.979943106135949,-0.0555481079794564
"2019-08-27",2019-08-27,0.00504828786109985,16925500,-0.388447398998336,45.790001,0.0181262717159582,0,45.790001,0,1.3763836745633,-0.0252259000410436
"2019-08-28",2019-08-28,0,14888800,-0.388447398998336,45.790001,0.0181262717159582,0,45.790001,0,-1,-0.0252259000410436
"2019-08-29",2019-08-29,0.0235858916010944,17803800,-0.374023385642743,46.869999,0.0407510143108814,0,46.869999,0,2.24817408397363,0.114699444924053
"2019-08-30",2019-08-30,0.0115212505125079,16922600,-0.366811352253762,47.41,0.0516768825142374,0,47.41,0,1.26811279150023,0.183202477539793
"2019-09-03",2019-09-03,-0.00906981649441046,15003800,-0.372554257095164,46.98,0.0429970412941676,44.959999,47.41,9951,-1.01565628982341,0.128730804572125
"2019-09-04",2019-09-04,0.0412941251596425,23450700,-0.346644434056767,48.919998,0.0396565429131867,46.98,48.919998,9951,-0.930453557985304,0.213970388393406
"2019-09-05",2019-09-05,0.0241210148863865,30014200,-0.330884834724546,50.099998,0.0622754116676811,0,50.099998,0,1.57036915204662,0.358917775923452
"2019-09-06",2019-09-06,0.0163672661224458,17067900,-0.319933248747919,50.919998,0.0773762402740079,0,50.919998,0,1.24248460511042,0.457312256498253
"2019-09-09",2019-09-09,0.013157934530948,20749700,-0.31098497495827,51.59,0.0893584027912387,0,51.59,0,1.15485583784892,0.53636210433719
"2019-09-10",2019-09-10,0.00445822833882529,18532000,-0.307913188647752,51.82,0.0934002315708221,0,51.82,0,1.04523165872857,0.563228729677074
"2019-09-11",2019-09-11,0.0187186607487456,18968900,-0.294958250417368,52.790001,0.110058740101179,0,52.790001,0,1.1783561801742,0.675072478469522
"2019-09-12",2019-09-12,0.00416739904968,23308700,-0.292020060100173,53.009998,0.113752088804078,0,53.009998,0,1.03355797730833,0.700118404067551
"2019-09-13",2019-09-13,-0.00886619539204673,18010800,-0.298297148580974,52.540001,0.105824151012102,46.98,53.009998,9959,-1.02149540164689,0.646469012867711
"2019-09-16",2019-09-16,-0.00647125986921843,13354600,-0.302838050083478,52.200001,0.100000017241379,46.98,53.009998,0,-1.01522274525286,0.607322458578038
"2019-09-17",2019-09-17,-0.00478927193890284,19641100,-0.306176948247084,51.950001,0.0956689298235048,46.98,53.009998,0,-1.01102535881038,0.578354539120786
"2019-09-18",2019-09-18,-0.00404232908484455,14906800,-0.308981609348921,51.740002,0.0919984889061273,46.98,53.009998,0,-1.00916026212259,0.553899443113437
"2019-09-19",2019-09-19,-0.00328569759235797,11428400,-0.311252086811358,51.57,0.0890052356020943,46.98,53.009998,0,-1.00734826084705,0.534019441088929
"2019-09-20",2019-09-20,-0.0164824316463059,37067900,-0.322604327212026,50.720001,0.073738188609263,46.98,53.009998,0,-1.03647281699206,0.433484001350135
"2019-09-23",2019-09-23,0.00354891554517117,18916600,-0.320200307178637,50.900002,0.0770137887224446,46.98,53.009998,0,1.0444220311749,0.45493472993441
"2019-09-24",2019-09-24,-0.0212181131152018,28197400,-0.3346243739566,49.82,0.0570052187876355,46.98,53.009998,0,-1.0450470110571,0.324889916107797
"2019-09-25",2019-09-25,0.0240867121637897,19486700,-0.318597662771291,51.02,0.0791846334770679,46.98,53.009998,0,1.38907691543223,0.469186403416127
"2019-09-26",2019-09-26,-0.00196005488043911,11351800,-0.319933248747919,50.919998,0.0773762402740079,46.98,53.009998,0,-1.00419207713268,0.457312256498253
"2019-09-27",2019-09-27,-0.00274939130987403,14845700,-0.321803018363946,50.779999,0.0748325930451476,46.98,53.009998,0,-1.0058442491468,0.440643710992422
"2019-09-30",2019-09-30,0.0147695946193303,13652100,-0.311786323873128,51.529999,0.088298061096411,46.98,53.009998,0,1.17994121950498,0.529330891166996
"2019-10-01",2019-10-01,-0.0149427714912239,18413100,-0.322070143572627,50.759998,0.0744680486394032,46.98,53.009998,0,-1.03298354966873,0.438258027953011
"2019-10-02",2019-10-02,-0.0269897370760338,20078700,-0.340367292153595,49.389999,0.0487952834337981,46.98,53.009998,0,-1.05681106723524,0.272192928145357
"2019-10-03",2019-10-03,0.0129580889442819,16320100,-0.331819712854764,50.029999,0.0609634031773616,46.98,53.009998,0,1.24937081798228,0.35043175858198
"2019-10-04",2019-10-04,0.0177893067717232,12644900,-0.319933248747919,50.919998,0.0773762402740079,46.98,53.009998,0,1.26922442385469,0.457312256498253
"2019-10-07",2019-10-07,-0.0058915752510438,12081400,-0.323939913188654,50.619999,0.0719083182913537,46.98,53.009998,0,-1.01252343873735,0.421528739894754
"2019-10-08",2019-10-08,-0.0175819639980634,17409100,-0.335826377295498,49.73,0.0552986125075408,46.98,53.009998,0,-1.03669342252346,0.313904710427747
"2019-10-09",2019-10-09,0.0150814397747838,11834900,-0.32580968280468,50.48,0.0693343898573693,46.98,53.009998,0,1.25381789367526,0.40474582865749
"2019-10-10",2019-10-10,0.0124802099841521,13907900,-0.3173956460768,51.110001,0.0808061224651512,46.98,53.009998,0,1.16545516058309,0.479850189459922
"2019-10-11",2019-10-11,0.0191743099359361,24072500,-0.304307178631058,52.09,0.0980994432712614,46.98,53.009998,0,1.21401003140038,0.594595802172941
"2019-10-14",2019-10-14,-0.00863891341908236,15016800,-0.310317208681141,51.639999,0.0902401063175854,46.98,53.009998,0,-1.01974987930656,0.542214125307984
"2019-10-15",2019-10-15,0.0195585402703048,18878100,-0.296828020033395,52.650002,0.107692341588135,46.98,53.009998,0,1.19339776938127,0.659073364016607
"2019-10-16",2019-10-16,-0.00379868931438978,14769300,-0.299499151919873,52.450001,0.104289816886753,46.98,53.009998,0,-1.00899892094478,0.636134442817987
"2019-10-17",2019-10-17,-0.0112488081744746,16533900,-0.307378951585983,51.860001,0.0940995161184051,46.98,53.009998,0,-1.02630992313534,0.567887480889694
"2019-10-18",2019-10-18,-0.00964134188890587,16974100,-0.314056747913195,51.360001,0.085280391641737,46.98,53.009998,0,-1.02172496292526,0.509358876251094
"2019-10-21",2019-10-21,0.0149922115461019,12189000,-0.303772941569288,52.130001,0.0987915001190965,46.98,53.009998,0,1.158431595086,0.599227255886507
"2019-10-22",2019-10-22,-0.00230199496831003,13114300,-0.305375652754597,52.009998,0.0967121360012358,46.98,53.009998,0,-1.00527601693893,0.585320833288361
"2019-10-23",2019-10-23,-0.00557579333112067,15887500,-0.309248734557602,51.720001,0.0916473493494326,46.98,53.009998,0,-1.01268300785629,0.551564387364452
"2019-10-24",2019-10-24,0.009860769337572,23413000,-0.302437395659439,52.23,0.100516944284894,46.98,53.009998,0,1.09677961226836,0.610787970444419
"2019-10-25",2019-10-25,0.0809879188206013,59767700,-0.245943252086818,56.459999,0.125221397896234,49.389999,56.459999,9959,1.24577402135625,0.917457963272869
"2019-10-28",2019-10-28,0.00531347866300883,32307500,-0.241936587646083,56.759998,0.129844948197496,0,56.759998,0,1.03692300500505,0.950052465946849
"2019-10-29",2019-10-29,-0.00739954219166815,18155800,-0.247545909849756,56.34,0.123358200212993,49.389999,56.759998,9991,-1.02318509266518,0.90436815751654
"2019-10-30",2019-10-30,0.00461480298189556,15248000,-0.244073482470791,56.599998,0.127385145843998,49.389999,56.759998,0,1.03264432866281,0.932691709239669
"2019-10-31",2019-10-31,-0.00123673149246406,19249700,-0.245008360601008,56.529999,0.126304619251806,49.389999,56.759998,0,-1.0038303142183,0.925079950253645
"2019-11-01",2019-11-01,-0.000353812141408202,17953500,-0.245275485809689,56.509998,0.125995385807658,49.389999,56.759998,0,-1.00109026976886,0.922903165062034
"2019-11-04",2019-11-04,0.019465635089918,19068000,-0.230584293823045,57.610001,0.0220448008671271,56.34,57.610001,9991,-0.94010330083275,0.585789245039198
"2019-11-05",2019-11-05,-0.00104152055126674,20865400,-0.231385656093496,57.549999,0.0210251784713323,56.34,57.610001,9996,-1.00347535496527,0.578911769640541
"2019-11-06",2019-11-06,0.00086879236957067,17721000,-0.230717889816367,57.599998,0.0218749660373252,56.34,57.610001,0,1.04041761486836,0.584643250753847
"2019-11-07",2019-11-07,0.00781251763237909,16962800,-0.224707859766284,58.049999,0.00861326457559453,57.549999,58.049999,9996,-0.973950741076615,0.557255215776275
"2019-11-08",2019-11-08,0.00378985363979082,11888900,-0.221769616026718,58.27,0.0123562896859448,0,58.27,0,1.43456520782562,0.582488960463351
"2019-11-11",2019-11-11,0.0013728848464046,11228900,-0.220701195325549,58.349998,0.0137103517981269,0,58.349998,0,1.10958484679444,0.59163816762655
"2019-11-12",2019-11-12,-0.00257064276163298,11952500,-0.222704494156935,58.200001,0.011168419052089,57.549999,58.349998,10001,-1.00907697318282,0.574471785649604
"2019-11-13",2019-11-13,-0.00532649475384025,15332700,-0.226844754590992,57.889999,0.00587320790936618,57.549999,58.349998,0,-1.0185908257026,0.538835997580157
"2019-11-14",2019-11-14,-0.00138189672451028,12119000,-0.22791317529216,57.810001,0.00449752630172073,57.549999,58.349998,0,-1.00470992024081,0.52960513813787
"2019-11-15",2019-11-15,0.00259467215715848,16112100,-0.225909863105182,57.959999,0.00707384415241286,57.549999,58.349998,0,1.57282996871112,0.546901435851333
"2019-11-18",2019-11-18,0.00500346799522886,16097500,-0.222036727879806,58.25,0.0120171845493562,57.549999,58.349998,0,1.69881952308169,0.580199406624686
"2019-11-19",2019-11-19,0.00171670386266093,17061900,-0.220701195325549,58.349998,0.00925444761797589,57.810001,58.349998,10001,-0.993985082706768,0.574809156407609
"2019-11-20",2019-11-20,-0.00771201397470483,18542300,-0.226711158597669,57.900002,0.00155442136254158,57.810001,58.349998,10007,-1.02723122212027,0.52302941468907
"2019-11-21",2019-11-21,0.00552675283154572,16139000,-0.222437382303846,58.220001,0.00704225340016751,57.810001,58.349998,0,4.53046617208925,0.559896952563122
"2019-11-22",2019-11-22,-0.0104774989612248,15690200,-0.230584293823045,57.610001,0,57.610001,58.220001,10009,-1.03662564014564,0.502530677055444
"2019-11-25",2019-11-25,0.0208297167014457,15011700,-0.214557582637736,58.810001,0.0204046927324487,57.610001,58.810001,10009,-0.930495217520722,0.640124413470336
"2019-11-26",2019-11-26,0.00153036895884428,22338700,-0.213355565943245,58.900002,0.0219015442478254,0,58.900002,0,1.07335819926346,0.650317470041127
"2019-11-27",2019-11-27,-0.00662145987703018,18184200,-0.218564300500841,58.509998,0.0153819352378034,57.610001,58.900002,10012,-1.02441339898759,0.606021987575804
"2019-11-29",2019-11-29,-0.00786188712568412,9481100,-0.224707859766284,58.049999,0.00757963837346498,57.610001,58.900002,0,-1.02810870417248,0.553351427398303
"2019-12-02",2019-12-02,-0.00671832914243466,19154500,-0.229916527545916,57.66,0.000867134928893454,57.610001,58.900002,0,-1.02317973116317,0.508327675503294
"2019-12-03",2019-12-03,-0.0275754422476586,25737400,-0.25115191986645,56.07,0,56.07,58.509998,10015,-1.09236131280859,0.424851087136674
"2019-12-04",2019-12-04,-0.000891742464776122,18881400,-0.251819699499171,56.02,0,56.02,56.07,10016,-1.00265886732252,0.422329024166626
"2019-12-05",2019-12-05,0.00107108175651548,17673700,-0.251018337228721,56.080002,0.00106993576783387,56.02,56.080002,10016,-0.996817714134183,0.429396522570329
"2019-12-06",2019-12-06,0.0130171001063802,16476800,-0.241268767946584,56.810001,0.0139060198221084,0,56.810001,0,12.9970604219183,0.514697776371685
"2019-12-09",2019-12-09,-0.00492874485251291,14298600,-0.245008360601008,56.529999,0.00902174082826346,56.02,56.810001,10019,-1.01549969640187,0.482127230226208
"2019-12-10",2019-12-10,0.0010614010447799,16157900,-0.24420701168615,56.59,0.0100724509630676,56.02,56.810001,0,1.11646423398824,0.489122067023586
"2019-12-11",2019-12-11,0.00848206396889904,20051100,-0.237796327212027,57.07,0.009462081654109,56.529999,57.07,10019,-0.97374897456932,0.511028635262368
"2019-12-12",2019-12-12,0.00841070615034168,27883300,-0.231385656093496,57.549999,0.0177237188136181,0,57.549999,0,1.8731310362262,0.566442852138667
"2019-12-13",2019-12-13,0.00417032153206461,22795200,-0.228180287145249,57.790001,0.0218031143484493,0,57.790001,0,1.23016589112759,0.593955872674246
"2019-12-16",2019-12-16,-0.00155736283859895,19131200,-0.229382290484147,57.700001,0.0202773306711035,56.529999,57.790001,10024,-1.00526777906162,0.583653595865032
"2019-12-17",2019-12-17,-0.00693244355403045,21653100,-0.234724554257102,57.299999,0.013438045609739,56.529999,57.790001,0,-1.02328978301542,0.537646452598793
"2019-12-18",2019-12-18,-0.00226877839910608,28261000,-0.23646079465777,57.169998,0.0111946654257361,56.529999,57.790001,0,-1.00739692703289,0.522616264165907
"2019-12-19",2019-12-19,0.0138184542178925,18865100,-0.225909863105182,57.959999,0.0136301072054884,57.169998,57.959999,10024,1.21755378004896,0.571663059982756
"2019-12-20",2019-12-20,0.0170807801428705,49953000,-0.212687799666117,58.950001,0.0301951309551293,0,58.950001,0,2.21532600587108,0.68416261208518
"2019-12-23",2019-12-23,0.00474977091179348,23593000,-0.208948247078471,59.23,0.034779706229951,0,59.23,0,1.15183160760702,0.715601089108405
"2019-12-24",2019-12-24,0.00303900050650008,6313200,-0.206544240400675,59.41,0.0377041238848678,0,59.41,0,1.08408402404499,0.735725425101525
"2019-12-26",2019-12-26,0.00690119508500259,11480300,-0.201068447412361,59.82,0.0442995987963892,0,59.82,0,1.1749271493925,0.781316060514671
"2019-12-27",2019-12-27,0.00434640588431963,14085800,-0.197595966611025,60.080002,0.0484354844062755,0,60.080002,0,1.09336169451321,0.810051257349161
"2019-12-30",2019-12-30,-0.00765650773447045,12750500,-0.203739579298838,59.619999,0.0410936102162631,57.169998,60.080002,10033,-1.03109179196915,0.759119414835412
"2019-12-31",2019-12-31,0.00385774914219639,14432900,-0.200667806343914,59.849998,0.0447786146960272,57.169998,60.080002,0,1.08967341784698,0.784638339537337
"2020-01-02",2020-01-02,0.0165413873530957,18056000,-0.187445742904849,60.84,0.0200526134122289,59.619999,60.84,10033,-0.934109692630992,0.741190390204536
"2020-01-03",2020-01-03,-0.0121630834976989,15293900,-0.197328908180308,60.099998,0.00798667247875784,59.619999,60.84,10036,-1.0527254720342,0.6582932407817
"2020-01-06",2020-01-06,-0.00282858578464511,17755200,-0.199599332220374,59.93,0.00517271817119969,59.619999,60.84,0,-1.01150578524456,0.639090615053195
"2020-01-07",2020-01-07,-0.0166861338227933,21876100,-0.212954924874798,58.93,0,58.93,60.099998,10038,-1.06691201070592,0.569113089023477
"2020-01-08",2020-01-08,0.000678788393008718,23133500,-0.212420687813028,58.970001,0.000678327951868285,58.93,58.970001,10038,-0.997491313891502,0.573692691589687
"2020-01-09",2020-01-09,0.00559603178572095,18813300,-0.208013368948254,59.299999,0.00623944361280682,0,59.299999,0,9.19826994541774,0.611341368420709
"2020-01-10",2020-01-10,-0.0060708264092888,15200600,-0.212821382303847,58.939999,0.000169647101622816,58.93,59.299999,10041,-1.02311396320295,0.570258172534013
"2020-01-13",2020-01-13,0.0110281813883302,16453300,-0.204140233722878,59.59,0.0109078872294009,58.939999,59.59,10041,64.2975159908887,0.64360111197608
"2020-01-14",2020-01-14,-0.00268501426413834,17051200,-0.206277128547586,59.43,0.00824501093723706,58.939999,59.59,10043,-1.01046777886817,0.625473387790717
"2020-01-15",2020-01-15,-0.00824501093723708,18498800,-0.212821382303847,58.939999,0,58.939999,59.43,10044,-1.03172554224668,0.569617451176226
"2020-01-16",2020-01-16,0.0122158298645373,21365500,-0.203205342237069,59.66,0.0120684042909822,58.939999,59.66,10044,-0.954816381875347,0.651515028552067
"2020-01-17",2020-01-17,-0.00100573248407639,21803400,-0.20400670450752,59.599998,0.0110738090964365,58.939999,59.66,10046,-1.0039436082813,0.644732075619237
"2020-01-21",2020-01-21,0.0159396146288461,28358500,-0.191318878130224,60.549999,0.0156895295737329,59.599998,60.549999,10046,1.4168141636812,0.710083926191017
"2020-01-22",2020-01-22,0.0360033201652076,29475100,-0.162203672787988,62.73,0.0498964131994261,0,62.73,0,3.18023640957098,0.949238114109835
"2020-01-23",2020-01-23,0.00940538817152883,42778700,-0.154323873121877,63.32,0.0587492419456728,0,63.32,0,1.17742415092772,1.01243372601915
"2020-01-24",2020-01-24,0.0813329279848388,84711000,-0.0855425575960016,68.470001,0.12954582839863,0,68.470001,0,2.20506382905203,1.53959005240103
"2020-01-27",2020-01-27,-0.0406017081845813,30764000,-0.122671091819707,65.690002,0.0927082328297083,59.599998,68.470001,10051,-1.43403582108283,1.26023556501176
"2020-01-28",2020-01-28,0.0246612262243497,30915400,-0.101035085141911,67.309998,0.114544647587124,59.599998,68.470001,0,1.23553911115451,1.42442174103113
"2020-01-29",2020-01-29,-0.0145594418231895,18055800,-0.114123512520876,66.330002,0.10146244228969,59.599998,68.470001,0,-1.1295433894135,1.32558077562622
"2020-01-30",2020-01-30,0.00211064368730161,18522400,-0.112253742904849,66.470001,0.103354940524222,59.599998,68.470001,0,1.01865220461705,1.3397900685791
"2020-01-31",2020-01-31,-0.0382127420157553,25268400,-0.146176961602679,63.93,0.0677303613327076,59.599998,68.470001,0,-1.30220122572291,1.07712268983561
"2020-02-03",2020-02-03,0.00766460190833735,16654600,-0.139632747913196,64.419998,0.074821486334104,59.599998,68.470001,0,1.10469639998764,1.12862049107313
"2020-02-04",2020-02-04,0.016144070665758,20970800,-0.125742918197003,65.459999,0.089520334395361,59.599998,68.470001,0,1.19645223292707,1.23659390333692
"2020-02-05",2020-02-05,0.0287197835123707,23401400,-0.100634444073464,67.339996,0.114939092066474,59.599998,68.470001,0,1.2839439535475,1.42742461161877
"2020-02-06",2020-02-06,-0.00371250393302667,17408000,-0.10397334223707,67.089996,0.111641055992908,59.599998,68.470001,0,-1.03317848271878,1.40235830942262
"2020-02-07",2020-02-07,-0.0159487116380212,18134600,-0.118263813021711,66.019997,0.097243248890181,59.599998,68.470001,0,-1.13744360311182,1.29400872852964
"2020-02-10",2020-02-10,0.00560439286296847,22299300,-0.113322217028389,66.389999,0.102274455524544,59.599998,68.470001,0,1.05173836427498,1.33167390276144
"2020-02-11",2020-02-11,0.0153638351463147,17975600,-0.099699445742913,67.410004,0.115858263411466,59.599998,68.470001,0,1.13281721048774,1.43442741980538
"2020-02-12",2020-02-12,0.000741655496712262,15586600,-0.099031732888155,67.459999,0.116513506025993,59.599998,68.470001,0,1.00565555356375,1.43942394386304
"2020-02-13",2020-02-13,-0.000296427516994025,11602700,-0.0992988046744653,67.440002,0.116251538663952,59.599998,68.470001,0,-1.00269683038478,1.43742587446951
"2020-02-14",2020-02-14,-0.00252083325857557,13405500,-0.101569322203681,67.269997,0.114018126089704,59.599998,68.470001,0,-1.02286550715952,1.42041547945739
"2020-02-18",2020-02-18,-0.0167979493146105,12758400,-0.116661115191994,66.139999,0.0988811777877409,59.599998,68.470001,0,-1.14858613468001,1.30624789287089
"2020-02-19",2020-02-19,0.0146658907569683,13551200,-0.103706163606018,67.110001,0.111905869290629,59.599998,68.470001,0,1.13172063474858,1.40436753084564
"2020-02-20",2020-02-20,-0.0247355681010942,26452600,-0.125876500834732,65.449997,0.0893811958463496,59.599998,68.470001,0,-1.21378032373215,1.2355638928776
"2020-02-21",2020-02-21,-0.0169595271333625,20775900,-0.140701222036736,64.339996,0.0736710956587563,59.599998,68.470001,0,-1.11777195190282,1.12024030624776
"2020-02-24",2020-02-24,-0.0400994429654611,26903100,-0.175158624373964,61.759998,0.0349740943968295,59.599998,68.470001,0,-1.24489767635587,0.843951537658622
"2020-02-25",2020-02-25,-0.0328691396654515,34495700,-0.202270450751259,59.73,0.00217649422400801,59.599998,68.470001,0,-1.15478442168746,0.617686256635887
"2020-02-26",2020-02-26,-0.00133932697137111,26190100,-0.203338871452428,59.650002,0.000838289997039721,59.599998,68.470001,0,-1.00528213931991,0.608596941363846
"2020-02-27",2020-02-27,-0.0640402325552311,42226900,-0.254357235392327,55.830002,0,55.830002,67.459999,10073,-1.25090315282799,0.412745285762957
"2020-02-28",2020-02-28,-0.00555260592682761,60728000,-0.258497495826384,55.52,0,55.52,55.830002,10074,-1.01627734484404,0.397108394466134
"2020-03-02",2020-03-02,0.0479106628242074,43140300,-0.222971619365616,58.18,0.0457201787555861,55.52,58.18,10074,-0.862567811934905,0.703957626283412
"2020-03-03",2020-03-03,-0.0379855448607768,49740300,-0.2524874657763,55.970001,0.00804003916312246,55.52,58.18,10076,-1.13237490266546,0.45017254550179
"2020-03-04",2020-03-04,0.0484187770516566,29223100,-0.216293823038404,58.68,0.0461826687116563,55.970001,58.68,10076,5.7440850441978,0.730924983100257
"2020-03-05",2020-03-05,-0.0293115371506475,29099200,-0.239265455759606,56.959999,0.0173805831703052,55.970001,58.68,10078,-1.10620568076566,0.535386558066783
"2020-03-06",2020-03-06,-0.0208918367431853,36259200,-0.255158597662778,55.77,0,55.77,56.959999,10079,-1.06642472417389,0.409718709316379
"2020-03-09",2020-03-09,-0.0882195086964318,56197000,-0.320868140233729,50.849998,0,50.849998,55.77,10080,-1.25752431300706,0.161547612181039
"2020-03-10",2020-03-10,0.0615536307395724,36543700,-0.279065108514197,53.98,0.0579844757317525,50.849998,53.98,10080,-0.869718970262732,0.538424002362062
"2020-03-11",2020-03-11,-0.0429788810670619,38563500,-0.31005008347246,51.66,0.0156794812233836,50.849998,53.98,10082,-1.11103134721225,0.261623230055506
"2020-03-12",2020-03-12,-0.118466879597367,50661700,-0.391786297161942,45.540001,0,45.540001,51.66,10083,-1.26362261468877,-0.106295323914387
"2020-03-13",2020-03-13,0.195212973315482,48805100,-0.273055091819706,54.43,0.163329028109498,45.540001,54.43,10083,-0.696949060744819,0.958986747078338
"2020-03-16",2020-03-16,-0.180415193826934,53878900,-0.404206998330556,44.610001,0,0,54.43,10085,-1.48031298606015,-0.153205695157299
"2020-03-17",2020-03-17,0.12261826669764,52085200,-0.331151893155265,50.080002,0.109225255222634,44.610001,50.080002,10085,-0.819263136271709,0.535228819165081
"2020-03-18",2020-03-18,-0.0493211042603394,49309900,-0.364140220367284,47.610001,0.0630119709512293,44.610001,50.080002,10087,-1.0996169066035,0.236101020557977
"2020-03-19",2020-03-19,-0.0350767058374982,44538000,-0.386444086811358,45.939999,0.0289507624934864,44.610001,50.080002,0,-1.06125076329546,0.0232220089076467
"2020-03-20",2020-03-20,-0.00239436226369966,52344000,-0.387913161936566,45.830002,0.0266201384848292,44.610001,50.080002,0,-1.00380152051835,0.00887134588457881
"2020-03-23",2020-03-23,0.0818241290934266,46698500,-0.337829689482476,49.580002,0.100242049203629,44.610001,50.080002,0,3.76564717199936,0.476080513113442
"2020-03-24",2020-03-24,0.0568777710013001,50019800,-0.300166918197001,52.400002,0.125381674603753,45.830002,52.400002,10087,1.25078922068978,0.713271932782286
"2020-03-25",2020-03-25,-0.0217558006963434,41106100,-0.315392347245415,51.259998,0.10593047623607,45.830002,52.400002,10092,-1.05072320807325,0.58230561747863
"2020-03-26",2020-03-26,0.0834959650213017,41459800,-0.258230370617703,55.540001,0.0770616298692539,51.259998,55.540001,10092,-0.818759151491926,0.689162809044955
"2020-03-27",2020-03-27,-0.0570760162571837,31633500,-0.300567626043412,52.369999,0.0211953603436196,51.259998,55.540001,10094,-1.16395149542029,0.318268787017372
"2020-03-30",2020-03-30,0.0595761516054258,31628600,-0.258898136894831,55.490002,0.0762300206801217,51.259998,55.540001,0,3.59654280202267,0.683499983830825
"2020-03-31",2020-03-31,-0.0246891863510835,48074700,-0.27719533889817,54.119999,0.0528455479091934,51.259998,55.540001,0,-1.07067336297894,0.526077080635312
"2020-04-01",2020-04-01,-0.0413894686139961,29586600,-0.307111839732894,51.880001,0.0119507129539184,51.259998,55.540001,0,-1.10792569944949,0.258637585471454
"2020-04-02",2020-04-02,0.0476098101848533,27810000,-0.274123565943245,54.349998,0.0568537279430994,51.259998,55.540001,0,4.75735030724325,0.552816571311381
"2020-04-03",2020-04-03,-0.0040477830376369,23906100,-0.27706175626044,54.130001,0.0530205606314325,51.259998,55.540001,0,-1.01071848860234,0.527242580288145
"2020-04-06",2020-04-06,0.0794383691217741,32323400,-0.21963272120201,58.43,0.112099931542016,51.880001,58.43,10094,2.11427284447761,0.967270281037993
"2020-04-07",2020-04-07,-0.000513400650350831,41410000,-0.220033362270458,58.400002,0.111643848916307,51.880001,58.43,10101,-1.00182414107632,0.964034616158859
"2020-04-08",2020-04-08,0.00993147226262075,26719500,-0.212287145242077,58.98,0.00983380807053236,58.400002,58.98,10101,-0.964795261280155,0.608775373069441
"2020-04-09",2020-04-09,-0.0311970328925058,40515400,-0.23686144908181,57.139999,0,0,58.98,10103,-1.11575973576596,0.478823184254463
"2020-04-13",2020-04-13,0.0273014005478018,23251900,-0.216026697829723,58.700001,0.0265758428181287,57.139999,58.700001,10103,-0.912038234449497,0.657883008534006
"2020-04-14",2020-04-14,0.0333901016458244,25674000,-0.189849749582645,60.66,0.0580283712495878,0,60.66,0,2.18350069447294,0.875537399282585
"2020-04-15",2020-04-15,-0.0295087537091988,22841600,-0.213756273789656,58.869999,0.0293867849394731,57.139999,60.66,10106,-1.12592339078438,0.677074257869856
"2020-04-16",2020-04-16,0.03261426928171,24433500,-0.188113509181977,60.790001,0.0315841745092256,58.869999,60.790001,10106,1.07477475247048,0.782220654212062
"2020-04-17",2020-04-17,-0.00707353171453311,27385600,-0.193856414023379,60.360001,0.0246852547268844,58.869999,60.790001,10108,-1.03052893365487,0.734475146270359
"2020-04-20",2020-04-20,-0.0195493866873859,26420300,-0.209616026711192,59.18,0.00523827306522473,58.869999,60.790001,0,-1.08129528634483,0.601507257524623
"2020-04-21",2020-04-21,-0.047651216627239,25248000,-0.247278784641075,56.360001,0,56.360001,60.360001,10110,-1.17967499203567,0.439479102804217
"2020-04-22",2020-04-22,0.0663590655365674,23443700,-0.197328908180308,60.099998,0.0622295694585547,56.360001,60.099998,10110,-0.798001771428675,0.863157233568443
"2020-04-23",2020-04-23,-0.0176372218847662,35092000,-0.211485796327219,59.040001,0.0453929531606885,56.360001,60.099998,10112,-1.07174259604161,0.746101297684788
"2020-04-24",2020-04-24,0.00372623638675085,50220500,-0.208547606010023,59.259998,0.048936839316127,56.360001,60.099998,0,1.07807128438842,0.770582734733171
"2020-04-27",2020-04-27,0.00354375644764619,25902200,-0.205742891485816,59.470001,0.05229527404918,56.360001,60.099998,0,1.06862794532679,0.7938596508878
"2020-04-28",2020-04-28,-0.0121069612896089,28784700,-0.215358931552594,58.75,0.0406808340425533,56.360001,60.099998,0,-1.04673814000247,0.713676600962627
"2020-04-29",2020-04-29,0.0519148765957447,30451500,-0.174624387312194,61.799999,0.0493527354264197,58.75,61.799999,10112,1.21316921316793,0.900274336031206
"2020-04-30",2020-04-30,-0.0294498224830069,26256000,-0.198931552587653,59.98,0.0205068356118706,58.75,61.799999,10117,-1.1391968535987,0.699526408662055
"2020-05-01",2020-05-01,-0.0418472657552516,21194800,-0.232454076794664,57.470001,0,57.470001,59.98,10118,-1.1685128566633,0.495468900739306
"2020-05-04",2020-05-04,0.0090482163033196,18957200,-0.225509155258771,57.990002,0.00896708022186299,57.470001,57.990002,10118,-0.970123468550616,0.555565178682162
"2020-05-05",2020-05-05,0.0131056729399665,17252100,-0.215358931552594,58.75,0.0217872170212765,0,58.75,0,2.42968909413303,0.642319390402802
"2020-05-06",2020-05-06,0.00731914893617021,17848700,-0.209616026711192,59.18,0.0288948800270361,0,59.18,0,1.3262308811088,0.690853277516667
"2020-05-07",2020-05-07,-0.000169009800608315,14733500,-0.209749609348922,59.169998,0.0287307260007005,57.470001,59.18,10122,-1.00063727301688,0.689728788870308
"2020-05-08",2020-05-08,0.00845022844178565,20391100,-0.20307181302171,59.669998,0.00837942042498474,59.169998,59.669998,10122,-0.968163009466667,0.638086825479263
"2020-05-11",2020-05-11,0.00770911706750854,18663600,-0.196928200333897,60.130001,0.0159654579084407,0,60.130001,0,1.90531768293149,0.689940821306568
"2020-05-12",2020-05-12,-0.0289373352912467,16754900,-0.22016695826378,58.389999,0,0,60.130001,10125,-1.11800624740632,0.541874758505688
"2020-05-13",2020-05-13,-0.0111319919700633,21065000,-0.228848053422377,57.740002,0,57.740002,58.389999,10126,-1.03942960027724,0.509088091218829
"2020-05-14",2020-05-14,0.0232074810111715,21569400,-0.210951559265449,59.080002,0.0226811095910254,57.740002,59.080002,10126,-0.921797481388679,0.662341150778319
"2020-05-15",2020-05-15,-0.0135410117284695,21373300,-0.221636073455766,58.279999,0.00926556295925807,57.740002,59.080002,10128,-1.05064913588466,0.571320298992794
"2020-05-18",2020-05-18,0.0281399970511325,20443700,-0.199732914858104,59.919998,0.0273698106598735,58.279999,59.919998,10128,2.9539285179133,0.722419842926803
"2020-05-19",2020-05-19,0.00617495013935076,21865000,-0.194791305509189,60.290001,0.0333388947862183,0,60.290001,0,1.21809007744054,0.763627233274085
"2020-05-20",2020-05-20,0.0466080105057554,30584000,-0.157262130217036,63.099998,0.0763866743704176,0,63.099998,0,2.29121795609117,1.06794941408819
"2020-05-21",2020-05-21,-0.017749572670351,20987700,-0.172220367278805,61.98,0.0596966924814456,58.279999,63.099998,10132,-1.09511658681671,0.948420759465398
"2020-05-22",2020-05-22,0.00451755404969355,14103000,-0.168480828046752,62.259998,0.0639254598112902,58.279999,63.099998,0,1.07083754818006,0.978515374408757
"2020-05-26",2020-05-26,0.00128496631175607,20933600,-0.167412353923213,62.34,0.0651267404555663,58.279999,63.099998,0,1.01879189680954,0.987087759924128
"2020-05-27",2020-05-27,0.0195701154956689,19886300,-0.151118517529223,63.560001,0.0248584168524478,61.98,63.560001,10132,-0.902672437175913,0.896541173216082
"2020-05-28",2020-05-28,-0.0292636873935858,17253500,-0.175959919866451,61.700001,0,0,63.560001,10136,-1.16438357617176,0.708835428005451
"2020-05-29",2020-05-29,0.0199351536477285,33395700,-0.159532554257103,62.93,0.0195455108851105,61.700001,62.93,10136,-0.906641435039203,0.844697402955353
"2020-06-01",2020-06-01,-0.0170030033370412,14317700,-0.173823025041744,61.860001,0.00258648557086183,61.700001,62.93,10138,-1.08957714524905,0.72667464053216
"2020-06-02",2020-06-02,0.00420300672158093,20702400,-0.170350597662778,62.119999,0.0067610754468943,61.700001,62.93,0,2.61400083691226,0.755555813459768
"2020-06-03",2020-06-03,-0.00305858021665455,16737300,-0.172888146911526,61.93,0.00371385435168736,61.700001,62.93,0,-1.01489603960047,0.734463312594895
"2020-06-04",2020-06-04,0.0167931697077346,22010100,-0.158998317195333,62.970001,0.0176274413589418,61.860001,62.970001,10138,4.7464008250439,0.839470959314072
"2020-06-05",2020-06-05,0.0217563121842732,26813100,-0.140701222036735,64.339996,0.0385451531579206,0,64.339996,0,2.18665615576523,0.987577022540795
"2020-06-08",2020-06-08,-0.0104133982227789,21546200,-0.149649442404014,63.669998,0.0284277847786332,61.860001,64.339996,10143,-1.06359731804563,0.915570311009398
"2020-06-09",2020-06-09,-0.00989472310019553,23594100,-0.158063425709523,63.040001,0.0187182738147482,61.860001,64.339996,0,-1.05622462182514,0.847121691816758
"2020-06-10",2020-06-10,0.0131662117200792,21367800,-0.146978310517537,63.869999,0.0314701429696281,61.860001,64.339996,0,1.68125241040296,0.937148959186216
"2020-06-11",2020-06-11,-0.0652888377217604,26998200,-0.202671105175299,59.700001,0,59.700001,63.869999,10146,-1.37891845716323,0.607952909203491
"2020-06-12",2020-06-12,-0.00619763808714174,30404600,-0.207612661101843,59.330002,0,59.330002,59.700001,10147,-1.02438214328712,0.589289693666388
"2020-06-15",2020-06-15,0.0129781893484514,29651700,-0.197328908180307,60.099998,0.0128119139038906,59.330002,60.099998,10147,-0.950466638850648,0.676517160954712
"2020-06-16",2020-06-16,0.00499174725430109,23226600,-0.19332217696161,60.400002,0.0177152312014824,0,60.400002,0,1.38271544239014,0.710168536832563
"2020-06-17",2020-06-17,0.00149006617582556,20442300,-0.192120173622712,60.490002,0.0191767227913134,0,60.490002,0,1.08249915415773,0.720227995973727
"2020-06-18",2020-06-18,-0.00677797960727455,24899700,-0.197595966611025,60.080002,0.0124833551104077,59.330002,60.490002,10151,-1.02850191567632,0.674267640196855
"2020-06-19",2020-06-19,-0.00765650773447045,60336100,-0.203739579298838,59.619999,0.00486408931338622,59.330002,60.490002,0,-1.03109179196915,0.622288148030496
"2020-06-22",2020-06-22,0.00788327755590877,22846000,-0.197462437395666,60.09,0.0126476618405725,59.330002,60.490002,0,2.60021167904247,0.675392503808364
"2020-06-23",2020-06-23,-0.00282912298219344,22809600,-0.199732914858104,59.919998,0.00984639552224287,59.330002,60.490002,0,-1.011498275279,0.656237596176748
"2020-06-24",2020-06-24,-0.0138517694877092,27764500,-0.21081803005009,59.09,0,59.09,60.09,10155,-1.05549969167506,0.577183690527634
"2020-06-25",2020-06-25,-0.00981556947029955,21906900,-0.218564300500842,58.509998,0,58.509998,59.09,10156,-1.03674387076338,0.547927659192546
"2020-06-26",2020-06-26,-0.0172619729024773,38477500,-0.232053422370624,57.5,0,57.5,58.509998,10157,-1.0617169493777,0.496982088080075
"2020-06-29",2020-06-29,0.0133913043478261,22150300,-0.221769616026718,58.27,0.0132143470053201,57.5,58.27,10157,-0.955683453237412,0.585729662163936
"2020-06-30",2020-06-30,0.0267719581259653,31542100,-0.200934864774631,59.830002,0.0389437058685039,0,59.830002,0,2.94707758565937,0.761592494901812
"2020-07-01",2020-07-01,-0.0170483196707899,14748100,-0.214557582637736,58.810001,0.0222751399035004,57.5,59.830002,10160,-1.06779668564927,0.64718869832778
"2020-07-02",2020-07-02,0.00544125139531965,15578600,-0.210283792988321,59.130001,0.0275663956102419,57.5,59.830002,0,1.23754085180448,0.683313859260437
"2020-07-06",2020-07-06,0.00693387439651822,20536700,-0.204808000000007,59.540001,0.0342626967708649,57.5,59.830002,0,1.24291536896231,0.72928529417211
"2020-07-07",2020-07-07,-0.0206583805734232,15996500,-0.221235378964948,58.310001,0.0138912877055173,57.5,59.830002,0,-1.08020867820076,0.590304025372881
"2020-07-08",2020-07-08,0.00514491502066682,13277900,-0.217228701168621,58.610001,0.0189387643927867,57.5,59.830002,0,1.36335556460073,0.624499659125784
"2020-07-09",2020-07-09,-0.00324181874694043,20683700,-0.219766303839739,58.419998,0.0157479978003423,57.5,59.830002,0,-1.01168170990973,0.602864815398182
"2020-07-10",2020-07-10,0.0190003601164108,17742300,-0.204941582637736,59.529999,0.0341004373274052,57.5,59.830002,0,2.16538240351189,0.72816796096608
"2020-07-13",2020-07-13,-0.0159582902059178,19082900,-0.217629355592661,58.580002,0.0184363599031628,57.5,59.830002,0,-1.06190921721021,0.621088995885513
"2020-07-14",2020-07-14,0.00682823465932959,24190900,-0.212287145242077,58.98,0.0250932519498135,57.5,59.830002,0,1.36107409931332,0.666407077400777
"2020-07-15",2020-07-15,0.000847728043404539,19986300,-0.211619378964948,59.029999,0.0259190077235135,57.5,59.830002,0,1.03290748346813,0.672047795498148
"2020-07-16",2020-07-16,0.00186345928957252,12425900,-0.210150263772962,59.139999,0.0277307918114778,57.5,59.830002,0,1.06990175346569,0.68443906078533
"2020-07-17",2020-07-17,0.0145417824575884,16322800,-0.198664440734564,60,0.02816665,58.310001,60,10160,1.01571748082367,0.729464738853134
"2020-07-20",2020-07-20,0.0191667,16868700,-0.183305482470792,61.150002,0.0464431873608115,0,61.150002,0,1.64887153285221,0.856498918749165
"2020-07-21",2020-07-21,-0.00735896950583911,19830300,-0.189315512520875,60.700001,0.0393739696972987,58.310001,61.150002,10173,-1.03278696288335,0.807101355963162
"2020-07-22",2020-07-22,0.00576602955904398,18959900,-0.184641081803012,61.049999,0.0448812128563671,58.310001,61.150002,0,1.13987015282958,0.845555392893704
"2020-07-23",2020-07-23,-0.0106469616813589,43518600,-0.19332217696161,60.400002,0.0346026644171303,58.310001,61.150002,0,-1.04701605446538,0.773948813866174
"2020-07-24",2020-07-24,-0.162417246277575,182269900,-0.324340567612693,50.59,0,50.59,61.049999,10176,-1.67772043906324,0.148432985619304
"2020-07-27",2020-07-27,-0.0201620873690453,107526500,-0.337963272120206,49.57,0,49.57,50.59,10177,-1.04200123533045,0.0969829010303033
"2020-07-28",2020-07-28,-0.00665721202340132,62362600,-0.342370590984981,49.240002,0,49.240002,49.57,10178,-1.01304082197194,0.0803373863104989
"2020-07-29",2020-07-29,-0.0237612094329321,60500800,-0.357996661101842,48.07,0,48.07,49.240002,10179,-1.04564080714966,0.0213210119288332
"2020-07-30",2020-07-30,-0.00166419804451848,39735200,-0.35906508180301,47.990002,0,47.990002,48.07,10180,-1.00298444320089,0.0172858120592739
"2020-07-31",2020-07-31,-0.00541783682359505,46569900,-0.362537562604346,47.73,0,47.73,47.990002,10181,-1.00967089527029,0.00417098373249977
"2020-08-03",2020-08-03,0.0119421537816887,31767100,-0.354924888146917,48.299999,0.0118012217764228,47.73,48.299999,10181,-0.979001694603058,0.0774931792541682
"2020-08-04",2020-08-04,0.0171843067740022,29045800,-0.34383971953256,49.130001,0.028495847170856,0,49.130001,0,2.4146522886119,0.182411607957445
"2020-08-05",2020-08-05,-0.00427443508499013,29471100,-0.346644434056767,48.919998,0.0243253893837037,47.73,49.130001,10184,-1.00815704051882,0.15606785182265
"2020-08-06",2020-08-06,-0.00715449743068263,23795500,-0.35131886477463,48.57,0.0172946263125386,47.73,49.130001,0,-1.01348479957736,0.111859801193348
"2020-08-07",2020-08-07,-0.0111179946469015,36746000,-0.358530898163612,48.029999,0.00624607549960599,47.73,49.130001,0,-1.02052845466641,0.0428934222107502
"2020-08-10",2020-08-10,0.0247762237096863,37442600,-0.342637716193662,49.220001,0.0241772038972532,48.029999,49.220001,10184,3.87078316597011,0.170640715607429
"2020-08-11",2020-08-11,-0.020926492870246,35348100,-0.356394003338904,48.189999,0.00332019097987535,48.029999,49.220001,10188,-1.04014819879743,0.0399135743746335
"2020-08-12",2020-08-12,0.0207511936242207,30687200,-0.34303841068448,49.189999,0.0235820293470631,48.029999,49.220001,0,7.10261231658079,0.16687952807149
"2020-08-13",2020-08-13,-0.0128074407970612,24774500,-0.351452407345582,48.560001,0.0109143737455855,48.029999,49.220001,0,-1.02452785577077,0.0872585694294347
"2020-08-14",2020-08-14,0.00679567531310395,22321200,-0.347045088480807,48.889999,0.0175905096664045,48.029999,49.220001,0,1.61168291250053,0.129118442844635
"2020-08-17",2020-08-17,0.000818183694378816,20018300,-0.346510851419037,48.93,0.0183936439811977,48.029999,49.220001,0,1.045657250985,0.134169412746619
"2020-08-18",2020-08-18,-0.00572241978336397,19251400,-0.350250390651091,48.650002,0.0127441515829744,48.029999,49.220001,0,-1.01079198304105,0.0987090185701075
"2020-08-19",2020-08-19,-0.00657759479639899,27775000,-0.354524180300506,48.330002,0.00620738645945029,48.029999,49.220001,0,-1.01220209816603,0.0578798310020265
"2020-08-20",2020-08-20,0.0173804255170525,55081300,-0.343305535893161,49.169998,0.0231848494278971,48.029999,49.220001,0,3.73504204697935,0.164370587574264
"2020-08-21",2020-08-21,0.00223715689392538,34621500,-0.341836407345582,49.279999,0.0221185069423397,48.189999,49.279999,10188,-0.995720638341129,0.165891825662551
"2020-08-24",2020-08-24,-0.00284090914855728,36295300,-0.343706190317201,49.139999,0.0193325197259365,48.189999,49.279999,10197,-1.00546981811018,0.148307962644117
"2020-08-25",2020-08-25,0.00590152637162236,38384300,-0.339833055091825,49.43,0.00586690269067358,49.139999,49.43,10197,-0.988731261366573,0.112079180006647
"2020-08-26",2020-08-26,0.0024276552700789,28616600,-0.338230397328887,49.549999,0.00827447039908102,0,49.549999,0,1.41036434986977,0.127224956647982
"2020-08-27",2020-08-27,-0.00302718472305114,24420600,-0.340233696160273,49.400002,0.00526321841039601,49.139999,49.549999,10200,-1.00592288229327,0.108286054778225
"2020-08-28",2020-08-28,0.0208501610991837,35384700,-0.326477462437401,50.43,0.020424310926036,49.400002,50.43,10200,3.88057445719781,0.217500703032443
"2020-08-31",2020-08-31,0.010311342454888,46114100,-0.319532540901508,50.950001,0.0304219621114433,0,50.950001,0,1.48949760026727,0.28148923036088
"2020-09-01",2020-09-01,-0.0031403335988159,30522700,-0.321669435726216,50.790001,0.0273675718179253,49.400002,50.950001,10203,-1.00668756558778,0.261882840285323
"2020-09-02",2020-09-02,0.028745795850644,53000700,-0.30217028380635,52.25,0.0279425645933015,50.790001,52.25,10203,1.0210100033427,0.337698655129761
"2020-09-03",2020-09-03,-0.0355981052631578,47394300,-0.327011699499171,50.389999,0,0,52.25,10205,-1.08220998895027,0.138344683297848
"2020-09-04",2020-09-04,-0.00615195487501404,43318400,-0.331151893155265,50.080002,0,50.080002,50.389999,10206,-1.01266068970142,0.122708044207322
"2020-09-08",2020-09-08,-0.0233626588113955,39752700,-0.346777963272126,48.91,0,48.91,50.080002,10207,-1.04718701731696,0.063691669825656
"2020-09-09",2020-09-09,0.0145164383561645,33410200,-0.337295505843078,49.619999,0,48.91,49.619999,10207,-0.972655536298864,0.0995049135590927
