"row_names","DATES","RETORNOS","VOLUMEN","DRAWDOWNS","PRECIO","DRAWUPS","MINIMOS","MAXIMOS","temp","drawmed","SCALE"
"1980-03-18",1980-03-18,-0.0172415077288234,493200,-0.0172415077288234,0.791667,0,0,0,0,1,0.867542629126794
"1980-03-19",1980-03-19,0,72000,-0.0172415077288234,0.791667,0,0.791667,0.791667,1,-1,0.867542629126794
"1980-03-20",1980-03-20,0,97200,-0.0172415077288234,0.791667,0,0,0.791667,0,-1,0.867542629126794
"1980-03-21",1980-03-21,-0.00877262788520928,198000,-0.0258628822825477,0.784722,0,0,0.791667,4,-1.500035999712,0.820674062641374
"1980-03-24",1980-03-24,0,230400,-0.0258628822825477,0.784722,0,0.784722,0.784722,4,-1,0.820674062641374
"1980-03-25",1980-03-25,0,64800,-0.0258628822825477,0.784722,0,0,0.784722,0,-1,0.820674062641374
"1980-03-26",1980-03-26,0,28800,-0.0258628822825477,0.784722,0,0,0.784722,0,-1,0.820674062641374
"1980-03-27",1980-03-27,-0.0176992616493485,90000,-0.043104390011371,0.770833,0,0,0.784722,8,-1.66665066717865,0.726943678204223
"1980-03-28",1980-03-28,0.0180181699538033,104400,-0.0258628822825476,0.784722,0.0176992616493484,0.770833,0.784722,8,-0.600005759870977,0.916892944698527
"1980-03-31",1980-03-31,0.0176992616493483,111600,-0.00862137455372436,0.798611,0.0347828917958806,0,0.798611,0,1.96521710820412,1.10349544022952
"1980-04-01",1980-04-01,0,68400,-0.00862137455372436,0.798611,0.0347828917958806,0,0.798611,0,-1,1.10349544022952
"1980-04-02",1980-04-02,0.00869634903601389,68400,0,0.805556,0.0431043900113711,0,0.805556,0,1.23924112648035,1.19560234892367
"1980-04-03",1980-04-03,0,28800,0,0.805556,0.0431043900113711,0,0.805556,0,0,1.19560234892367
"1980-04-07",1980-04-07,0,90000,0,0.805556,0.0431043900113711,0,0.805556,0,0,1.19560234892367
"1980-04-08",1980-04-08,0,36000,0,0.805556,0.0431043900113711,0,0.805556,0,0,1.19560234892367
"1980-04-09",1980-04-09,0,133200,0,0.805556,0.0431043900113711,0,0.805556,0,0,1.19560234892367
"1980-04-10",1980-04-10,-0.0086213745537245,295200,-0.00862137455372458,0.798611,0.0347828917958806,0.770833,0.805556,17,0,1.10349544022951
"1980-04-11",1980-04-11,0,126000,-0.00862137455372458,0.798611,0.0347828917958806,0.770833,0.805556,0,-1,1.10349544022951
"1980-04-14",1980-04-14,0,183600,-0.00862137455372458,0.798611,0.0347828917958806,0.770833,0.805556,0,-1,1.10349544022951
"1980-04-15",1980-04-15,0,7200,-0.00862137455372458,0.798611,0.0347828917958806,0.770833,0.805556,0,-1,1.10349544022951
"1980-04-16",1980-04-16,0,241200,-0.00862137455372458,0.798611,0.0347828917958806,0.770833,0.805556,0,-1,1.10349544022951
"1980-04-17",1980-04-17,0.00869634903601389,262800,0,0.805556,0.00862137455372447,0.798611,0.805556,17,0,1.00814158004937
"1980-04-18",1980-04-18,0,75600,0,0.805556,0.00862137455372447,0,0.805556,0,0,1.00814158004937
"1980-04-21",1980-04-21,0,36000,0,0.805556,0.00862137455372447,0,0.805556,0,0,1.00814158004937
"1980-04-22",1980-04-22,0,10800,0,0.805556,0.00862137455372447,0,0.805556,0,0,1.00814158004937
"1980-04-23",1980-04-23,0.0172402663501977,212400,0,0.819444,0.0254233358228262,0,0.819444,0,2.94887267272748,1.09948244848272
"1980-04-24",1980-04-24,0.0169492973284325,75600,0,0.833333,0.0416664166665667,0,0.833333,0,1.63890438913829,1.18778506307264
"1980-04-25",1980-04-25,0.0166668066667227,90000,0,0.847222,0.0573769330824744,0,0.847222,0,1.37705465631063,1.27319248605036
"1980-04-28",1980-04-28,0.00819737919931255,79200,0,0.854167,0.065041145349797,0,0.854167,0,1.13357654122617,1.31485761032619
"1980-04-29",1980-04-29,0.00812955780309934,93600,0,0.861111,0.0725806545265361,0,0.861111,0,1.11591907147685,1.35584480847138
"1980-04-30",1980-04-30,0.00806516233098879,28800,0,0.868056,0.0800005990396934,0,0.868056,0,1.10223033343471,1.3961820146287
"1980-05-01",1980-05-01,0.00799948390426418,122400,0,0.875,0.0873017142857143,0,0.875,0,1.09126325719634,1.43587322664988
"1980-05-02",1980-05-02,-0.00793599999999994,79200,-0.00793599999999983,0.868056,0.0800005990396934,0.798611,0.875,33,0,1.35303936477507
"1980-05-05",1980-05-05,0.0639993272323443,788400,0,0.923611,0.0601497816721541,0.868056,0.923611,33,0,1.28826658330359
"1980-05-06",1980-05-06,0.0075193994008301,144000,0,0.930556,0.067164147026079,0,0.930556,0,1.11661497613003,1.32639893063346
"1980-05-07",1980-05-07,0,72000,0,0.930556,0.067164147026079,0,0.930556,0,0,1.32639893063346
"1980-05-08",1980-05-08,0.0298498961910943,327600,0,0.958333,0.0942021197224764,0,0.958333,0,1.4025655635275,1.47338605119704
"1980-05-09",1980-05-09,0,43200,0,0.958333,0.0942021197224764,0,0.958333,0,0,1.47338605119704
"1980-05-12",1980-05-12,0,21600,0,0.958333,0.0942021197224764,0,0.958333,0,0,1.47338605119704
"1980-05-13",1980-05-13,0,154800,0,0.958333,0.0942021197224764,0,0.958333,0,0,1.47338605119704
"1980-05-14",1980-05-14,0,14400,0,0.958333,0.0942021197224764,0,0.958333,0,0,1.47338605119704
"1980-05-15",1980-05-15,0,72000,0,0.958333,0.0942021197224764,0,0.958333,0,0,1.47338605119704
"1980-05-16",1980-05-16,-0.0144928746062173,406800,-0.0144928746062174,0.944444,0.0808814498265645,0.868056,0.958333,43,0,1.32218267271372
"1980-05-19",1980-05-19,0,7200,-0.0144928746062174,0.944444,0.0808814498265645,0.868056,0.958333,0,-1,1.32218267271372
"1980-05-20",1980-05-20,-0.00735247404822303,216000,-0.021738790170014,0.9375,0.0740736,0.868056,0.958333,0,-1.49996400028799,1.24578188146355
"1980-05-21",1980-05-21,-0.00740693333333328,28800,-0.0289847057338107,0.930556,0.067164147026079,0.868056,0.958333,0,-1.33331733307733,1.16882874280783
"1980-05-22",1980-05-22,0,1357200,-0.0289847057338107,0.930556,0.067164147026079,0.868056,0.958333,0,-1,1.16882874280783
"1980-05-23",1980-05-23,0.0149244107823709,417600,-0.0144928746062174,0.944444,0.0808814498265645,0.868056,0.958333,0,1.20423549479694,1.32218267271372
"1980-05-27",1980-05-27,0,216000,-0.0144928746062174,0.944444,0.0808814498265645,0.868056,0.958333,0,-1,1.32218267271372
"1980-05-28",1980-05-28,0,82800,-0.0144928746062174,0.944444,0.0808814498265645,0.868056,0.958333,0,-1,1.32218267271372
"1980-05-29",1980-05-29,-0.0147049480964461,43200,-0.0289847057338106,0.930556,0.067164147026079,0.868056,0.958333,0,-1.99992800057597,1.16882874280783
"1980-05-30",1980-05-30,-0.007463280017538,500400,-0.0362316647762314,0.923611,0.0601497816721541,0.868056,0.958333,0,-1.25002700075603,1.09129959400736
"1980-06-02",1980-06-02,-0.00751831669393278,90000,-0.043477580340028,0.916667,0.0530301625344863,0.868056,0.958333,0,-1.19998847992627,1.01320392445274
"1980-06-03",1980-06-03,0,46800,-0.043477580340028,0.916667,0.0530301625344863,0.868056,0.958333,0,-1,1.01320392445274
"1980-06-04",1980-06-04,-0.00757636088132329,61200,-0.0507245393824486,0.909722,0.0458008050811126,0.868056,0.958333,0,-1.16668266692267,0.934506009413891
"1980-06-05",1980-06-05,0.00763420033812525,82800,-0.043477580340028,0.916667,0.0530301625344863,0.868056,0.958333,0,1.15784345800408,1.01320392445274
"1980-06-06",1980-06-06,0,349200,-0.043477580340028,0.916667,0.0530301625344863,0.868056,0.958333,0,-1,1.01320392445274
"1980-06-09",1980-06-09,0,25200,-0.043477580340028,0.916667,0.0530301625344863,0.868056,0.958333,0,-1,1.01320392445274
"1980-06-10",1980-06-10,0,64800,-0.043477580340028,0.916667,0.0530301625344863,0.868056,0.958333,0,-1,1.01320392445274
"1980-06-11",1980-06-11,0,7200,-0.043477580340028,0.916667,0.0530301625344863,0.868056,0.958333,0,-1,1.01320392445274
"1980-06-12",1980-06-12,0,0,-0.043477580340028,0.916667,0.0530301625344863,0.868056,0.958333,0,-1,1.01320392445274
"1980-06-13",1980-06-13,0.0151516308539525,97200,-0.0289847057338106,0.930556,0.067164147026079,0.868056,0.958333,0,1.26652727082255,1.16882874280783
"1980-06-16",1980-06-16,0,104400,-0.0289847057338106,0.930556,0.067164147026079,0.868056,0.958333,0,-1,1.16882874280783
"1980-06-17",1980-06-17,0,28800,-0.0289847057338106,0.930556,0.067164147026079,0.868056,0.958333,0,-1,1.16882874280783
"1980-06-18",1980-06-18,-0.007463280017538,25200,-0.0362316647762312,0.923611,0.0601497816721541,0.868056,0.958333,0,-1.25002700075602,1.09129959400736
"1980-06-19",1980-06-19,0,68400,-0.0362316647762312,0.923611,0.0601497816721541,0.868056,0.958333,0,-1,1.09129959400736
"1980-06-20",1980-06-20,0,493200,-0.0362316647762312,0.923611,0.0601497816721541,0.868056,0.958333,0,-1,1.09129959400736
"1980-06-23",1980-06-23,-0.00751831669393278,212400,-0.0434775803400278,0.916667,0.0530301625344863,0.868056,0.958333,0,-1.19998847992627,1.01320392445274
"1980-06-24",1980-06-24,-0.00757636088132329,136800,-0.0507245393824484,0.909722,0.0458008050811126,0.868056,0.958333,0,-1.16668266692267,0.934506009413892
"1980-06-25",1980-06-25,0.00763420033812525,666000,-0.0434775803400278,0.916667,0.0530301625344863,0.868056,0.958333,0,1.15784345800408,1.01320392445274
"1980-06-26",1980-06-26,0.00757526997262905,68400,-0.0362316647762312,0.923611,0.0601497816721541,0.868056,0.958333,0,1.13425603085862,1.09129959400736
"1980-06-27",1980-06-27,-0.00751831669393278,252000,-0.0434775803400278,0.916667,0.0530301625344863,0.868056,0.958333,0,-1.19998847992627,1.01320392445274
"1980-06-30",1980-06-30,0,61200,-0.0434775803400278,0.916667,0.0530301625344863,0.868056,0.958333,0,-1,1.01320392445274
"1980-07-01",1980-07-01,-0.00757636088132329,14400,-0.0507245393824483,0.909722,0.0458008050811126,0.868056,0.958333,0,-1.16668266692267,0.934506009413893
"1980-07-02",1980-07-02,0.00763420033812525,75600,-0.0434775803400276,0.916667,0.0530301625344863,0.868056,0.958333,0,1.15784345800408,1.01320392445275
"1980-07-03",1980-07-03,0,36000,-0.0434775803400276,0.916667,0.0530301625344863,0.868056,0.958333,0,-1,1.01320392445275
"1980-07-07",1980-07-07,0.00757526997262905,25200,-0.036231664776231,0.923611,0.0601497816721541,0.868056,0.958333,0,1.13425603085862,1.09129959400736
"1980-07-08",1980-07-08,0.0075193994008301,75600,-0.0289847057338104,0.930556,0.067164147026079,0.868056,0.958333,0,1.11661497613003,1.16882874280783
"1980-07-09",1980-07-09,0.0149244107823709,79200,-0.0144928746062171,0.944444,0.0808814498265645,0.868056,0.958333,0,1.20423549479694,1.32218267271372
"1980-07-10",1980-07-10,0.00735353287225086,68400,-0.00724591556379639,0.951389,0.0875908802813571,0.868056,0.958333,0,1.08295388459504,1.39805409727258
"1980-07-11",1980-07-11,0,86400,-0.00724591556379639,0.951389,0.0875908802813571,0.868056,0.958333,0,-1,1.39805409727258
"1980-07-14",1980-07-14,0,25200,-0.00724591556379639,0.951389,0.0875908802813571,0.868056,0.958333,0,-1,1.39805409727258
"1980-07-15",1980-07-15,0.0145986552293541,327600,0,0.965278,0.0575544040162522,0.909722,0.965278,43,0,1.27415727515761
"1980-07-16",1980-07-16,0.0143886010040631,187200,0,0.979167,0.0709225290476496,0,0.979167,0,1.23226936773809,1.34683070477317
"1980-07-17",1980-07-17,0.00709174226664088,46800,0,0.986111,0.0774649101368912,0,0.986111,0,1.0922468667868,1.38239719375278
"1980-07-18",1980-07-18,0.00704281769496547,64800,0,0.993056,0.0839167176876229,0,0.993056,0,1.08328683967141,1.41747129582992
"1980-07-21",1980-07-21,0,10800,0,0.993056,0.0839167176876229,0,0.993056,0,0,1.41747129582992
"1980-07-22",1980-07-22,0.0069925563110237,79200,0,1,0.090278,0,1,0,1.07580470837833,1.45205327357979
"1980-07-23",1980-07-23,-0.013889,64800,-0.0138890000000002,0.986111,0.0774649101368912,0.909722,1,89,0,1.30689212018712
"1980-07-24",1980-07-24,0,18000,-0.0138890000000002,0.986111,0.0774649101368912,0.909722,1,0,-1,1.30689212018712
"1980-07-25",1980-07-25,-0.00704180361034402,32400,-0.020833,0.979167,0.0709225290476496,0.909722,1,0,-1.49996400028798,1.2335758125856
"1980-07-28",1980-07-28,-0.00709276354288898,39600,-0.0277780000000001,0.972222,0.0642857289795952,0.909722,1,0,-1.33336533384535,1.15974077670883
"1980-07-29",1980-07-29,0.0142858318367615,90000,-0.0138889999999999,0.986111,0.0774649101368912,0.909722,1,0,1.20500943780974,1.30689212018712
"1980-07-30",1980-07-30,-0.00704180361034402,32400,-0.020833,0.979167,0.0709225290476496,0.909722,1,0,-1.499964000288,1.2335758125856
"1980-07-31",1980-07-31,0,0,-0.020833,0.979167,0.0709225290476496,0.909722,1,0,-1,1.2335758125856
"1980-08-01",1980-08-01,0,0,-0.020833,0.979167,0.0709225290476496,0.909722,1,0,-1,1.2335758125856
"1980-08-04",1980-08-04,0,75600,-0.020833,0.979167,0.0709225290476496,0.909722,1,0,-1,1.2335758125856
"1980-08-05",1980-08-05,-0.00709276354288898,43200,-0.0277779999999999,0.972222,0.0642857289795952,0.909722,1,0,-1.33336533384534,1.15974077670883
"1980-08-06",1980-08-06,0,0,-0.0277779999999999,0.972222,0.0642857289795952,0.909722,1,0,-1,1.15974077670883
"1980-08-07",1980-08-07,0,18000,-0.0277779999999999,0.972222,0.0642857289795952,0.909722,1,0,-1,1.15974077670883
"1980-08-08",1980-08-08,0,61200,-0.0277779999999999,0.972222,0.0642857289795952,0.909722,1,0,-1,1.15974077670883
"1980-08-11",1980-08-11,0,10800,-0.0277779999999999,0.972222,0.0642857289795952,0.909722,1,0,-1,1.15974077670883
"1980-08-12",1980-08-12,0,25200,-0.0277779999999999,0.972222,0.0642857289795952,0.909722,1,0,-1,1.15974077670883
"1980-08-13",1980-08-13,-0.00714240163254901,21600,-0.0347219999999999,0.965278,0.0575544040162522,0.909722,1,0,-1.249982000144,1.08539730940438
"1980-08-14",1980-08-14,0.00719378251653934,79200,-0.0277779999999999,0.972222,0.0642857289795952,0.909722,1,0,1.11695586251648,1.15974077670883
"1980-08-15",1980-08-15,0.0071434302042126,75600,-0.020833,0.979167,0.0709225290476496,0.909722,1,0,1.10323908857222,1.2335758125856
"1980-08-18",1980-08-18,0,10800,-0.020833,0.979167,0.0709225290476496,0.909722,1,0,-1,1.2335758125856
"1980-08-19",1980-08-19,-0.00709276354288898,241200,-0.0277779999999999,0.972222,0.0642857289795952,0.909722,1,0,-1.33336533384534,1.15974077670883
"1980-08-20",1980-08-20,0,10800,-0.0277779999999999,0.972222,0.0642857289795952,0.909722,1,0,-1,1.15974077670883
"1980-08-21",1980-08-21,0,14400,-0.0277779999999999,0.972222,0.0642857289795952,0.909722,1,0,-1,1.15974077670883
"1980-08-22",1980-08-22,0,10800,-0.0277779999999999,0.972222,0.0642857289795952,0.909722,1,0,-1,1.15974077670883
"1980-08-25",1980-08-25,0,97200,-0.0277779999999999,0.972222,0.0642857289795952,0.909722,1,0,-1,1.15974077670883
"1980-08-26",1980-08-26,0.0142858318367615,270000,-0.0138889999999999,0.986111,0.0774649101368912,0.909722,1,0,1.20500943780974,1.30689212018712
"1980-08-27",1980-08-27,-0.00704180361034402,100800,-0.0208329999999999,0.979167,0.0709225290476496,0.909722,1,0,-1.499964000288,1.2335758125856
"1980-08-28",1980-08-28,-0.00709276354288898,68400,-0.0277779999999999,0.972222,0.0642857289795952,0.909722,1,0,-1.33336533384534,1.15974077670883
"1980-08-29",1980-08-29,0,61200,-0.0277779999999999,0.972222,0.0642857289795952,0.909722,1,0,-1,1.15974077670883
"1980-09-02",1980-09-02,0,3600,-0.0277779999999999,0.972222,0.0642857289795952,0.909722,1,0,-1,1.15974077670883
"1980-09-03",1980-09-03,0.0071434302042126,75600,-0.0208329999999999,0.979167,0.0709225290476496,0.909722,1,0,1.10323908857222,1.2335758125856
"1980-09-04",1980-09-04,0,50400,-0.0208329999999999,0.979167,0.0709225290476496,0.909722,1,0,-1,1.2335758125856
"1980-09-05",1980-09-05,0,39600,-0.0208329999999999,0.979167,0.0709225290476496,0.909722,1,0,-1,1.2335758125856
"1980-09-08",1980-09-08,-0.00709276354288898,39600,-0.0277779999999999,0.972222,0.0642857289795952,0.909722,1,0,-1.33336533384534,1.15974077670883
"1980-09-09",1980-09-09,0,25200,-0.0277779999999999,0.972222,0.0642857289795952,0.909722,1,0,-1,1.15974077670883
"1980-09-10",1980-09-10,0,21600,-0.0277779999999999,0.972222,0.0642857289795952,0.909722,1,0,-1,1.15974077670883
"1980-09-11",1980-09-11,0,259200,-0.0277779999999999,0.972222,0.0642857289795952,0.909722,1,0,-1,1.15974077670883
"1980-09-12",1980-09-12,0,64800,-0.0277779999999999,0.972222,0.0642857289795952,0.909722,1,0,-1,1.15974077670883
"1980-09-15",1980-09-15,0,10800,-0.0277779999999999,0.972222,0.0642857289795952,0.909722,1,0,-1,1.15974077670883
"1980-09-16",1980-09-16,0,43200,-0.0277779999999999,0.972222,0.0642857289795952,0.909722,1,0,-1,1.15974077670883
"1980-09-17",1980-09-17,0,25200,-0.0277779999999999,0.972222,0.0642857289795952,0.909722,1,0,-1,1.15974077670883
"1980-09-18",1980-09-18,0,68400,-0.0277779999999999,0.972222,0.0642857289795952,0.909722,1,0,-1,1.15974077670883
"1980-09-19",1980-09-19,-0.00714240163254901,14400,-0.0347219999999999,0.965278,0.0575544040162522,0.909722,1,0,-1.249982000144,1.08539730940438
"1980-09-22",1980-09-22,-0.00719481848752378,118800,-0.0416669999999999,0.958333,0.0507245393824485,0.909722,1,0,-1.20001728011059,1.01051271241884
"1980-09-23",1980-09-23,0,7200,-0.0416669999999999,0.958333,0.0507245393824485,0.909722,1,0,-1,1.01051271241884
"1980-09-24",1980-09-24,0,165600,-0.0416669999999999,0.958333,0.0507245393824485,0.909722,1,0,-1,1.01051271241884
"1980-09-25",1980-09-25,-0.021738790170014,194400,-0.0625000000000001,0.9375,0.0296298666666667,0.909722,1,0,-1.49998800009601,0.782580390952802
"1980-09-26",1980-09-26,0.00740693333333328,216000,-0.0555559999999999,0.944444,0.0367644878891706,0.909722,1,0,1.24079153992719,0.859116306505263
"1980-09-29",1980-09-29,0,0,-0.0555559999999999,0.944444,0.0367644878891706,0.909722,1,0,-1,0.859116306505263
"1980-09-30",1980-09-30,0,79200,-0.0555559999999999,0.944444,0.0367644878891706,0.909722,1,0,-1,0.859116306505263
"1980-10-01",1980-10-01,0.00735353287225086,172800,-0.048611,0.951389,0.0437959656880624,0.909722,1,0,1.19125733017385,0.935096937536586
"1980-10-02",1980-10-02,0.00729880206729314,25200,-0.041667,0.958333,0.0507245393824485,0.909722,1,0,1.15820118555519,1.01051271241884
"1980-10-03",1980-10-03,0,97200,-0.041667,0.958333,0.0507245393824485,0.909722,1,0,-1,1.01051271241884
"1980-10-06",1980-10-06,0,25200,-0.041667,0.958333,0.0507245393824485,0.909722,1,0,-1,1.01051271241884
"1980-10-07",1980-10-07,0.0144928746062173,352800,-0.0277779999999999,0.972222,0.0642857289795952,0.909722,1,0,1.26734968443773,1.15974077670883
"1980-10-08",1980-10-08,0,7200,-0.0277779999999999,0.972222,0.0642857289795952,0.909722,1,0,-1,1.15974077670883
"1980-10-09",1980-10-09,0,28800,-0.0277779999999999,0.972222,0.0642857289795952,0.909722,1,0,-1,1.15974077670883
"1980-10-10",1980-10-10,0,266400,-0.0277779999999999,0.972222,0.0642857289795952,0.909722,1,0,-1,1.15974077670883
"1980-10-13",1980-10-13,0.0214292620409742,176400,-0.00694399999999984,0.993056,0.0839167176876229,0.909722,1,0,1.30537086565914,1.379721477208
"1980-10-14",1980-10-14,0.0279712322366514,324000,0,1.020833,0.0816323531860746,0.9375,1.020833,89,0,1.40505275527695
"1980-10-15",1980-10-15,0.00680326752759754,36000,0,1.027778,0.0878380350620466,0,1.027778,0,1.07601988223746,1.43878883898134
"1980-10-16",1980-10-16,0.0270272373995161,234000,0,1.055556,0.111842479224219,0,1.055556,0,1.27328075070459,1.56928472222473
"1980-10-17",1980-10-17,0,122400,0,1.055556,0.111842479224219,0,1.055556,0,0,1.56928472222473
"1980-10-20",1980-10-20,0,93600,0,1.055556,0.111842479224219,0,1.055556,0,0,1.56928472222473
"1980-10-21",1980-10-21,0,14400,0,1.055556,0.111842479224219,0,1.055556,0,0,1.56928472222473
"1980-10-22",1980-10-22,0,280800,0,1.055556,0.111842479224219,0,1.055556,0,0,1.56928472222473
"1980-10-23",1980-10-23,-0.0131579944597918,133200,-0.0131579944597917,1.041667,0.100000287999908,0.9375,1.055556,154,0,1.43337566763238
"1980-10-24",1980-10-24,-0.0133334357333004,93600,-0.0263159889195833,1.027778,0.0878380350620466,0.9375,1.055556,0,-1.99999999999999,1.29572665456734
"1980-10-27",1980-10-27,-0.0135136186997582,201600,-0.0394739833793752,1.013889,0.0753425670857462,0.9375,1.055556,0,-1.50000000000001,1.1562661773227
"1980-10-28",1980-10-28,-0.00684986226302877,54000,-0.0460534542932821,1.006944,0.0689651063018401,0.9375,1.055556,0,-1.16667866657067,1.08582812699305
"1980-10-29",1980-10-29,0,32400,-0.0460534542932821,1.006944,0.0689651063018401,0.9375,1.055556,0,-1,1.08582812699305
"1980-10-30",1980-10-30,-0.0137922267772587,75600,-0.0592105013850519,0.993056,0.0559444784584153,0.9375,1.055556,0,-1.2856907759401,0.943517861908476
"1980-10-31",1980-10-31,0,14400,-0.0592105013850519,0.993056,0.0559444784584153,0.9375,1.055556,0,-1,0.943517861908476
"1980-11-03",1980-11-03,0,46800,-0.0592105013850519,0.993056,0.0559444784584153,0.9375,1.055556,0,-1,0.943517861908476
"1980-11-05",1980-11-05,0,10800,-0.0592105013850519,0.993056,0.0559444784584153,0.9375,1.055556,0,-1,0.943517861908476
"1980-11-06",1980-11-06,0,61200,-0.0592105013850519,0.993056,0.0559444784584153,0.9375,1.055556,0,-1,0.943517861908476
"1980-11-07",1980-11-07,0,763200,-0.0592105013850519,0.993056,0.0559444784584153,0.9375,1.055556,0,-1,0.943517861908476
"1980-11-10",1980-11-10,-0.00699356330358015,126000,-0.065789972298959,0.986111,0.0492956675262723,0.9375,1.055556,0,-1.11112,0.871604664850862
"1980-11-11",1980-11-11,-0.00704180361034402,28800,-0.0723684958448437,0.979167,0.0425535174285898,0.9375,1.055556,0,-1.0999928000576,0.799189196249695
"1980-11-12",1980-11-12,0.00709174226664088,144000,-0.0657899722989591,0.986111,0.0492956675262723,0.9375,1.055556,0,1.15843931371823,0.871604664850861
"1980-11-13",1980-11-13,0,10800,-0.0657899722989591,0.986111,0.0492956675262723,0.9375,1.055556,0,-1,0.871604664850861
"1980-11-14",1980-11-14,0,54000,-0.0657899722989591,0.986111,0.0492956675262723,0.9375,1.055556,0,-1,0.871604664850861
"1980-11-17",1980-11-17,0,86400,-0.0657899722989591,0.986111,0.0492956675262723,0.9375,1.055556,0,-1,0.871604664850861
"1980-11-18",1980-11-18,0,61200,-0.0657899722989591,0.986111,0.0492956675262723,0.9375,1.055556,0,-1,0.871604664850861
"1980-11-19",1980-11-19,0,28800,-0.0657899722989591,0.986111,0.0492956675262723,0.9375,1.055556,0,-1,0.871604664850861
"1980-11-20",1980-11-20,0,471600,-0.0657899722989591,0.986111,0.0492956675262723,0.9375,1.055556,0,-1,0.871604664850861
"1980-11-21",1980-11-21,0,352800,-0.0657899722989591,0.986111,0.0492956675262723,0.9375,1.055556,0,-1,0.871604664850861
"1980-11-24",1980-11-24,0,82800,-0.0657899722989591,0.986111,0.0492956675262723,0.9375,1.055556,0,-1,0.871604664850861
"1980-11-25",1980-11-25,0,108000,-0.0657899722989591,0.986111,0.0492956675262723,0.9375,1.055556,0,-1,0.871604664850861
"1980-11-26",1980-11-26,0,43200,-0.0657899722989591,0.986111,0.0492956675262723,0.9375,1.055556,0,-1,0.871604664850861
"1980-11-28",1980-11-28,0,14400,-0.0657899722989591,0.986111,0.0492956675262723,0.9375,1.055556,0,-1,0.871604664850861
"1980-12-01",1980-12-01,0,352800,-0.0657899722989591,0.986111,0.0492956675262723,0.9375,1.055556,0,-1,0.871604664850861
"1980-12-02",1980-12-02,-0.00704180361034402,399600,-0.0723684958448438,0.979167,0.0425535174285898,0.9375,1.055556,0,-1.0999928000576,0.799189196249695
"1980-12-03",1980-12-03,0,32400,-0.0723684958448438,0.979167,0.0425535174285898,0.9375,1.055556,0,-1,0.799189196249695
"1980-12-04",1980-12-04,0,79200,-0.0723684958448438,0.979167,0.0425535174285898,0.9375,1.055556,0,-1,0.799189196249695
"1980-12-05",1980-12-05,-0.01418450580953,68400,-0.0855264903046358,0.965278,0.0287772020081262,0.9375,1.055556,0,-1.1818193718991,0.652765620113991
"1980-12-08",1980-12-08,-0.0359709845246654,165600,-0.118421002770104,0.930556,0,0.930556,1.041667,184,-1.38461197633975,0.317498333898373
"1980-12-09",1980-12-09,-0.0149254854087234,25200,-0.131578997229896,0.916667,0,0.916667,0.930556,185,-1.111112,0.245967241691372
"1980-12-10",1980-12-10,-0.00757636088132329,975600,-0.138158468143803,0.909722,0,0.909722,0.916667,186,-1.05000395999683,0.210199120489153
"1980-12-11",1980-12-11,-0.0152673014393409,46800,-0.151316462603595,0.895833,0,0.895833,0.909722,187,-1.09523842176721,0.138668028282152
"1980-12-12",1980-12-12,0,0,-0.151316462603595,0.895833,0,0.895833,0.895833,187,-1,0.138668028282152
"1980-12-15",1980-12-15,-0.00775144474472357,43200,-0.157894986149479,0.888889,0,0,0.895833,189,-1.04347526655522,0.102905057277371
"1980-12-16",1980-12-16,0,32400,-0.157894986149479,0.888889,0,0.888889,0.888889,189,-1,0.102905057277371
"1980-12-17",1980-12-17,0.0312502460937192,450000,-0.131578997229896,0.916667,0.0303032617079048,0,0.916667,0,-0.833332333335334,0.410705524111603
"1980-12-18",1980-12-18,0.00757526997262905,255600,-0.125000473684011,0.923611,0.0375937488834585,0,0.923611,0,1.2405842396052,0.486101929526323
"1980-12-19",1980-12-19,0,32400,-0.125000473684011,0.923611,0.0375937488834585,0,0.923611,0,-1,0.486101929526323
"1980-12-22",1980-12-22,0.0075193994008301,136800,-0.118421002770104,0.930556,0.0447764562261702,0,0.930556,0,1.19106121512325,0.560917559282939
"1980-12-23",1980-12-23,0,252000,-0.118421002770104,0.930556,0.0447764562261702,0,0.930556,0,-1,0.560917559282939
"1980-12-24",1980-12-24,0,36000,-0.118421002770104,0.930556,0.0447764562261702,0,0.930556,0,-1,0.560917559282939
"1980-12-26",1980-12-26,0,82800,-0.118421002770104,0.930556,0.0447764562261702,0,0.930556,0,-1,0.560917559282939
"1980-12-29",1980-12-29,0,64800,-0.118421002770104,0.930556,0.0447764562261702,0,0.930556,0,-1,0.560917559282939
"1980-12-30",1980-12-30,-0.007463280017538,14400,-0.125000473684011,0.923611,0.0375937488834585,0.888889,0.930556,199,-1.05556,0.486101929526322
"1980-12-31",1980-12-31,0,72000,-0.125000473684011,0.923611,0.0375937488834585,0.888889,0.930556,0,-1,0.486101929526322
"1981-01-02",1981-01-02,0.0075193994008301,7200,-0.118421002770104,0.930556,0.00746328001753804,0.923611,0.930556,199,-0.94736443214976,0.358071125803137
"1981-01-05",1981-01-05,0.0447753815998177,313200,-0.078947966758751,0.972222,0.0499998971428337,0,0.972222,0,6.69945346085614,0.803901991464911
"1981-01-06",1981-01-06,0.0142858318367615,115200,-0.0657899722989593,0.986111,0.0633802888315819,0,0.986111,0,1.26760838428376,0.948173198784315
"1981-01-07",1981-01-07,-0.00704180361034402,68400,-0.0723684958448441,0.979167,0.0567380232381198,0.923611,0.986111,204,-1.0999928000576,0.87630073449154
"1981-01-08",1981-01-08,0.0212762480761709,136800,-0.0526319778391675,1,0.020833,0.979167,1,204,-0.727277487596384,0.788403536923516
"1981-01-09",1981-01-09,0.013889,32400,-0.0394739833793756,1.013889,0.0342463524113586,0,1.013889,0,1.64385121736469,0.932853929337996
"1981-01-12",1981-01-12,0.00684887596176708,79200,-0.0328954598334907,1.020833,0.040815686796959,0,1.020833,0,1.1918258127666,1.00432991611513
"1981-01-13",1981-01-13,0,129600,-0.0328954598334907,1.020833,0.040815686796959,0,1.020833,0,-1,1.00432991611513
"1981-01-14",1981-01-14,0,554400,-0.0328954598334907,1.020833,0.040815686796959,0,1.020833,0,-1,1.00432991611513
"1981-01-15",1981-01-15,0,32400,-0.0328954598334907,1.020833,0.040815686796959,0,1.020833,0,-1,1.00432991611513
"1981-01-16",1981-01-16,0,54000,-0.0328954598334907,1.020833,0.040815686796959,0,1.020833,0,-1,1.00432991611513
"1981-01-19",1981-01-19,-0.00680228793544102,18000,-0.0394739833793756,1.013889,0.0342463524113586,0.979167,1.020833,212,-1.19998272038706,0.932853929337996
"1981-01-20",1981-01-20,-0.00684986226302877,32400,-0.0460534542932824,1.006944,0.0275854466584041,0.979167,1.020833,0,-1.16667866657066,0.860874980942264
"1981-01-21",1981-01-21,0,32400,-0.0460534542932824,1.006944,0.0275854466584041,0.979167,1.020833,0,-1,0.860874980942264
"1981-01-22",1981-01-22,-0.00689611338862942,25200,-0.0526319778391674,1,0.020833,0.979167,1.020833,0,-1.14284538797005,0.788403536923517
"1981-01-23",1981-01-23,0,75600,-0.0526319778391674,1,0.020833,0.979167,1.020833,0,-1,0.788403536923517
"1981-01-26",1981-01-26,0,43200,-0.0526319778391674,1,0.020833,0.979167,1.020833,0,-1,0.788403536923517
"1981-01-27",1981-01-27,0.00694400000000006,111600,-0.0460534542932824,1.006944,0.0275854466584041,0.979167,1.020833,0,1.32412262556541,0.860874980942264
"1981-01-28",1981-01-28,0,54000,-0.0460534542932824,1.006944,0.0275854466584041,0.979167,1.020833,0,-1,0.860874980942264
"1981-01-29",1981-01-29,0,21600,-0.0460534542932824,1.006944,0.0275854466584041,0.979167,1.020833,0,-1,0.860874980942264
"1981-01-30",1981-01-30,0,14400,-0.0460534542932824,1.006944,0.0275854466584041,0.979167,1.020833,0,-1,0.860874980942264
"1981-02-02",1981-02-02,0,36000,-0.0460534542932824,1.006944,0.0275854466584041,0.979167,1.020833,0,-1,0.860874980942264
"1981-02-03",1981-02-03,-0.00689611338862942,25200,-0.0526319778391674,1,0.020833,0.979167,1.020833,0,-1.14284538797005,0.788403536923517
"1981-02-04",1981-02-04,-0.00694399999999995,90000,-0.0592105013850521,0.993056,0.0139861196146038,0.979167,1.020833,0,-1.124991000072,0.715418720775488
"1981-02-05",1981-02-05,0,39600,-0.0592105013850521,0.993056,0.0139861196146038,0.979167,1.020833,0,-1,0.715418720775488
"1981-02-06",1981-02-06,0,28800,-0.0592105013850521,0.993056,0.0139861196146038,0.979167,1.020833,0,-1,0.715418720775488
"1981-02-09",1981-02-09,0,32400,-0.0592105013850521,0.993056,0.0139861196146038,0.979167,1.020833,0,-1,0.715418720775488
"1981-02-10",1981-02-10,-0.00699356330358015,237600,-0.0657899722989591,0.986111,0.00704180361034401,0.979167,1.020833,0,-1.11112,0.641899063050497
"1981-02-11",1981-02-11,0,54000,-0.0657899722989591,0.986111,0.00704180361034401,0.979167,1.020833,0,-1,0.641899063050497
"1981-02-12",1981-02-12,0,10800,-0.0657899722989591,0.986111,0.00704180361034401,0.979167,1.020833,0,-1,0.641899063050497
"1981-02-13",1981-02-13,0,18000,-0.0657899722989591,0.986111,0.00704180361034401,0.979167,1.020833,0,-1,0.641899063050497
"1981-02-17",1981-02-17,-0.00704180361034402,1036800,-0.0723684958448441,0.979167,0,0.979167,1.013889,232,-1.0999928000576,0.567854581524157
"1981-02-18",1981-02-18,0.00709174226664088,14400,-0.0657899722989593,0.986111,0.00704180361034401,0.979167,0.986111,232,-0.909096859495479,0.641899063050495
"1981-02-19",1981-02-19,0,50400,-0.0657899722989593,0.986111,0.00704180361034401,0,0.986111,0,-1,0.641899063050495
"1981-02-20",1981-02-20,0,43200,-0.0657899722989593,0.986111,0.00704180361034401,0,0.986111,0,-1,0.641899063050495
"1981-02-23",1981-02-23,0,18000,-0.0657899722989593,0.986111,0.00704180361034401,0,0.986111,0,-1,0.641899063050495
"1981-02-24",1981-02-24,0,72000,-0.0657899722989593,0.986111,0.00704180361034401,0,0.986111,0,-1,0.641899063050495
"1981-02-25",1981-02-25,0,324000,-0.0657899722989593,0.986111,0.00704180361034401,0,0.986111,0,-1,0.641899063050495
"1981-02-26",1981-02-26,0.00704281769496547,14400,-0.0592105013850522,0.993056,0.0139861196146038,0,0.993056,0,1.98615587547188,0.715418720775487
"1981-02-27",1981-02-27,0,57600,-0.0592105013850522,0.993056,0.0139861196146038,0,0.993056,0,-1,0.715418720775487
"1981-03-02",1981-03-02,-0.00699356330358015,82800,-0.0657899722989593,0.986111,0.00704180361034401,0.979167,0.993056,241,-1.11112,0.641899063050495
"1981-03-03",1981-03-03,0,82800,-0.0657899722989593,0.986111,0.00704180361034401,0.979167,0.993056,0,-1,0.641899063050495
"1981-03-04",1981-03-04,-0.00704180361034402,115200,-0.0723684958448441,0.979167,0,0.979167,0.986111,243,-1.0999928000576,0.567854581524157
"1981-03-05",1981-03-05,0,18000,-0.0723684958448441,0.979167,0,0.979167,0.979167,243,-1,0.567854581524157
"1981-03-06",1981-03-06,0,104400,-0.0723684958448441,0.979167,0,0,0.979167,0,-1,0.567854581524157
"1981-03-09",1981-03-09,-0.00709276354288898,79200,-0.078947966758751,0.972222,0,0,0.979167,246,-1.09091623139457,0.532086460321938
"1981-03-10",1981-03-10,0,54000,-0.078947966758751,0.972222,0,0.972222,0.972222,246,-1,0.532086460321938
"1981-03-11",1981-03-11,0,252000,-0.078947966758751,0.972222,0,0,0.972222,0,-1,0.532086460321938
"1981-03-12",1981-03-12,0.0214292620409742,320400,-0.0592105013850522,0.993056,0.0209796829181839,0,0.993056,0,-0.749994000048,0.753437981465448
"1981-03-13",1981-03-13,0.0069925563110237,198000,-0.0526319778391674,1,0.027778,0,1,0,1.32404288989152,0.826158791867246
"1981-03-16",1981-03-16,-0.00694399999999995,115200,-0.0592105013850521,0.993056,0.0209796829181839,0.972222,1,251,-1.124991000072,0.753437981465448
"1981-03-17",1981-03-17,0,97200,-0.0592105013850521,0.993056,0.0209796829181839,0.972222,1,0,-1,0.753437981465448
"1981-03-18",1981-03-18,0,57600,-0.0592105013850521,0.993056,0.0209796829181839,0.972222,1,0,-1,0.753437981465448
"1981-03-19",1981-03-19,0,226800,-0.0592105013850521,0.993056,0.0209796829181839,0.972222,1,0,-1,0.753437981465448
"1981-03-20",1981-03-20,0,7200,-0.0592105013850521,0.993056,0.0209796829181839,0.972222,1,0,-1,0.753437981465448
"1981-03-23",1981-03-23,0.0069925563110237,226800,-0.0526319778391672,1,0.00694399999999995,0.993056,1,251,-0.888895999999998,0.712898463357865
"1981-03-24",1981-03-24,0.00694400000000006,165600,-0.0460534542932823,1.006944,0.0137922267772588,0,1.006944,0,1.98620777322276,0.785890598925337
"1981-03-25",1981-03-25,0,25200,-0.0460534542932823,1.006944,0.0137922267772588,0,1.006944,0,-1,0.785890598925337
"1981-03-26",1981-03-26,0.00689710649251595,147600,-0.0394739833793755,1.013889,0.0205476141865628,0,1.013889,0,1.4897967179921,0.858383180009763
"1981-03-27",1981-03-27,0,36000,-0.0394739833793755,1.013889,0.0205476141865628,0,1.013889,0,-1,0.858383180009763
"1981-03-30",1981-03-30,0.00684887596176708,39600,-0.0328954598334905,1.020833,0.0272101313339205,0,1.020833,0,1.32424772466843,0.930365738266592
"1981-03-31",1981-03-31,0.0136055554630383,266400,-0.019737465373699,1.034722,0.0402678207286593,0,1.034722,0,1.47988336529861,1.07288263206818
"1981-04-01",1981-04-01,0,54000,-0.019737465373699,1.034722,0.0402678207286593,0,1.034722,0,-1,1.07288263206818
"1981-04-02",1981-04-02,0,180000,-0.019737465373699,1.034722,0.0402678207286593,0,1.034722,0,-1,1.07288263206818
"1981-04-03",1981-04-03,-0.00671098130705623,72000,-0.0263159889195836,1.027778,0.033783560263014,0.993056,1.034722,265,-1.33330133435729,1.00186913449724
"1981-04-06",1981-04-06,-0.00675729583626034,18000,-0.0328954598334907,1.020833,0.0272101313339205,0.993056,1.034722,0,-1.25001799985601,0.93036573826659
"1981-04-07",1981-04-07,0,79200,-0.0328954598334907,1.020833,0.0272101313339205,0.993056,1.034722,0,-1,0.93036573826659
"1981-04-08",1981-04-08,0.0136055554630383,194400,-0.0197374653736991,1.034722,0.0134229290572732,1.020833,1.034722,265,-0.600005759870987,0.926945162091216
"1981-04-09",1981-04-09,0,147600,-0.0197374653736991,1.034722,0.0134229290572732,0,1.034722,0,-1,0.926945162091216
"1981-04-10",1981-04-10,0.0134229290572734,82800,-0.0065794709139072,1.048611,0.0264902809526124,0,1.048611,0,1.97350971904741,1.06951458435552
"1981-04-13",1981-04-13,-0.00662209341691062,7200,-0.0131579944597923,1.041667,0.0200006335997971,1.020833,1.048611,271,-1.99985601151908,0.998471801932386
"1981-04-14",1981-04-14,0,183600,-0.0131579944597923,1.041667,0.0200006335997971,1.020833,1.048611,0,-1,0.998471801932386
"1981-04-15",1981-04-15,-0.00666719786649666,104400,-0.0197374653736991,1.034722,0.0134229290572732,1.020833,1.048611,0,-1.50003599971198,0.926945162091216
"1981-04-16",1981-04-16,0,7200,-0.0197374653736991,1.034722,0.0134229290572732,1.020833,1.048611,0,-1,0.926945162091216
"1981-04-20",1981-04-20,0.0134229290572734,25200,-0.00657947091390743,1.048611,0.0132451404763063,1.034722,1.048611,271,-0.333349332821366,0.997509738358622
"1981-04-21",1981-04-21,0,36000,-0.00657947091390743,1.048611,0.0132451404763063,0,1.048611,0,-1,0.997509738358622
"1981-04-22",1981-04-22,0,190800,-0.00657947091390743,1.048611,0.0132451404763063,0,1.048611,0,-1,0.997509738358622
"1981-04-23",1981-04-23,0.00662304705939569,57600,-3.33066907387547e-16,1.055556,0.0197374653736988,0,1.055556,0,1.49016655648208,1.06857222697316
"1981-04-24",1981-04-24,0.00657852354588488,208800,0,1.0625,0.0261440000000001,0,1.0625,0,1.32458750427187,1.103400210864
"1981-04-27",1981-04-27,0.0457515294117647,273600,0,1.111111,0.0687501068750107,0,1.111111,0,2.62967055060475,1.33502071874389
"1981-04-28",1981-04-28,0,72000,0,1.111111,0.0687501068750107,0,1.111111,0,0,1.33502071874389
"1981-04-29",1981-04-29,-0.0125001012500102,302400,-0.0125001012500101,1.097222,0.0569620368530708,1.034722,1.111111,282,0,1.20298240362662
"1981-04-30",1981-04-30,0,234000,-0.0125001012500101,1.097222,0.0569620368530708,1.034722,1.111111,0,-1,1.20298240362662
"1981-05-01",1981-05-01,0,108000,-0.0125001012500101,1.097222,0.0569620368530708,1.034722,1.111111,0,-1,1.20298240362662
"1981-05-04",1981-05-04,0,46800,-0.0125001012500101,1.097222,0.0569620368530708,1.034722,1.111111,0,-1,1.20298240362662
"1981-05-05",1981-05-05,0,313200,-0.0125001012500101,1.097222,0.0569620368530708,1.034722,1.111111,0,-1,1.20298240362662
"1981-05-06",1981-05-06,0,0,-0.0125001012500101,1.097222,0.0569620368530708,1.034722,1.111111,0,-1,1.20298240362662
"1981-05-07",1981-05-07,0,10800,-0.0125001012500101,1.097222,0.0569620368530708,1.034722,1.111111,0,-1,1.20298240362662
"1981-05-08",1981-05-08,0,46800,-0.0125001012500101,1.097222,0.0569620368530708,1.034722,1.111111,0,-1,1.20298240362662
"1981-05-11",1981-05-11,0,187200,-0.0125001012500101,1.097222,0.0569620368530708,1.034722,1.111111,0,-1,1.20298240362662
"1981-05-12",1981-05-12,0,28800,-0.0125001012500101,1.097222,0.0569620368530708,1.034722,1.111111,0,-1,1.20298240362662
"1981-05-13",1981-05-13,0,122400,-0.0125001012500101,1.097222,0.0569620368530708,1.034722,1.111111,0,-1,1.20298240362662
"1981-05-14",1981-05-14,0,3600,-0.0125001012500101,1.097222,0.0569620368530708,1.034722,1.111111,0,-1,1.20298240362662
"1981-05-15",1981-05-15,-0.00632871014252343,97200,-0.01874970187497,1.090278,0.0509558112701533,1.034722,1.111111,0,-1.49996400028799,1.13635578836031
"1981-05-18",1981-05-18,0,93600,-0.01874970187497,1.090278,0.0509558112701533,1.034722,1.111111,0,-1,1.13635578836031
"1981-05-19",1981-05-19,-0.00636993500740176,64800,-0.0250002025000202,1.083333,0.0448717061143713,1.034722,1.111111,0,-1.33336533384535,1.06930090198368
"1981-05-20",1981-05-20,0,14400,-0.0250002025000202,1.083333,0.0448717061143713,1.034722,1.111111,0,-1,1.06930090198368
"1981-05-21",1981-05-21,0,90000,-0.0250002025000202,1.083333,0.0448717061143713,1.034722,1.111111,0,-1,1.06930090198368
"1981-05-22",1981-05-22,0,39600,-0.0250002025000202,1.083333,0.0448717061143713,1.034722,1.111111,0,-1,1.06930090198368
"1981-05-26",1981-05-26,0,54000,-0.0250002025000202,1.083333,0.0448717061143713,1.034722,1.111111,0,-1,1.06930090198368
"1981-05-27",1981-05-27,0,50400,-0.0250002025000202,1.083333,0.0448717061143713,1.034722,1.111111,0,-1,1.06930090198368
"1981-05-28",1981-05-28,0.0064107712033142,165600,-0.0187497018749702,1.090278,0.0509558112701533,1.034722,1.111111,0,1.1355888973839,1.13635578836031
"1981-05-29",1981-05-29,0.0191079706276747,399600,-1.11022302462516e-16,1.111111,0.0250002025000201,1.083333,1.111111,282,-5.92128361308637e-15,1.09718215957303
"1981-06-01",1981-06-01,0.00625050062505004,75600,0,1.118056,0.0310565839278174,0,1.118056,0,1.24225329486001,1.13010659799535
"1981-06-02",1981-06-02,-0.00621167454939643,39600,-0.00621167454939631,1.111111,0.0250002025000201,1.083333,1.118056,305,0,1.06341349776743
"1981-06-03",1981-06-03,0,248400,-0.00621167454939631,1.111111,0.0250002025000201,1.083333,1.118056,0,-1,1.06341349776743
"1981-06-04",1981-06-04,0,0,-0.00621167454939631,1.111111,0.0250002025000201,1.083333,1.118056,0,-1,1.06341349776743
"1981-06-05",1981-06-05,0,0,-0.00621167454939631,1.111111,0.0250002025000201,1.083333,1.118056,0,-1,1.06341349776743
"1981-06-08",1981-06-08,-0.0125001012500102,10800,-0.0186341292386069,1.097222,0.0126583316776366,1.083333,1.118056,0,-2.99985601151912,0.928786654974089
"1981-06-09",1981-06-09,0,54000,-0.0186341292386069,1.097222,0.0126583316776366,1.083333,1.118056,0,-1,0.928786654974089
"1981-06-10",1981-06-10,0,36000,-0.0186341292386069,1.097222,0.0126583316776366,1.083333,1.118056,0,-1,0.928786654974089
"1981-06-11",1981-06-11,0,25200,-0.0186341292386069,1.097222,0.0126583316776366,1.083333,1.118056,0,-1,0.928786654974089
"1981-06-12",1981-06-12,0.0126583316776368,79200,-0.00621167454939631,1.111111,0.0250002025000201,1.083333,1.118056,0,1.97499979749999,1.06341349776743
"1981-06-15",1981-06-15,0,36000,-0.00621167454939631,1.111111,0.0250002025000201,1.083333,1.118056,0,-1,1.06341349776743
"1981-06-16",1981-06-16,0,25200,-0.00621167454939631,1.111111,0.0250002025000201,1.083333,1.118056,0,-1,1.06341349776743
"1981-06-17",1981-06-17,0,36000,-0.00621167454939631,1.111111,0.0250002025000201,1.083333,1.118056,0,-1,1.06341349776743
"1981-06-18",1981-06-18,0,14400,-0.00621167454939631,1.111111,0.0250002025000201,1.083333,1.118056,0,-1,1.06341349776743
"1981-06-19",1981-06-19,0,21600,-0.00621167454939631,1.111111,0.0250002025000201,1.083333,1.118056,0,-1,1.06341349776743
"1981-06-22",1981-06-22,0,68400,-0.00621167454939631,1.111111,0.0250002025000201,1.083333,1.118056,0,-1,1.06341349776743
"1981-06-23",1981-06-23,0.00625050062505004,46800,-1.11022302462516e-16,1.118056,0.0186341292386071,1.097222,1.118056,305,-1.78731679484569e-14,1.06257413668245
"1981-06-24",1981-06-24,0,7200,-1.11022302462516e-16,1.118056,0.0186341292386071,0,1.118056,0,-1,1.06257413668245
"1981-06-25",1981-06-25,0,7200,-1.11022302462516e-16,1.118056,0.0186341292386071,0,1.118056,0,-1,1.06257413668245
"1981-06-26",1981-06-26,0.00621078013981416,72000,0,1.125,0.0246915555555556,0,1.125,0,1.32507160594327,1.09550425545844
"1981-06-29",1981-06-29,0,187200,0,1.125,0.0246915555555556,0,1.125,0,0,1.09550425545844
"1981-06-30",1981-06-30,0,403200,0,1.125,0.0246915555555556,0,1.125,0,0,1.09550425545844
"1981-07-01",1981-07-01,0,190800,0,1.125,0.0246915555555556,0,1.125,0,0,1.09550425545844
"1981-07-02",1981-07-02,0,237600,0,1.125,0.0246915555555556,0,1.125,0,0,1.09550425545844
"1981-07-06",1981-07-06,-0.0123457777777778,97200,-0.0123457777777778,1.111111,0.0125001012500101,1.097222,1.125,328,0,0.962111965621243
"1981-07-07",1981-07-07,0,14400,-0.0123457777777778,1.111111,0.0125001012500101,1.097222,1.125,0,-1,0.962111965621243
"1981-07-08",1981-07-08,-0.0250002025000201,205200,-0.0370373333333333,1.083333,0,1.083333,1.111111,330,-2.99999999999999,0.759926150722204
"1981-07-09",1981-07-09,0,126000,-0.0370373333333333,1.083333,0,1.083333,1.083333,330,-1,0.759926150722204
"1981-07-10",1981-07-10,0,46800,-0.0370373333333333,1.083333,0,0,1.083333,0,-1,0.759926150722204
"1981-07-13",1981-07-13,0,54000,-0.0370373333333333,1.083333,0,0,1.083333,0,-1,0.759926150722204
"1981-07-14",1981-07-14,0,50400,-0.0370373333333333,1.083333,0,0,1.083333,0,-1,0.759926150722204
"1981-07-15",1981-07-15,-0.0192304674555285,118800,-0.0555555555555555,1.0625,0,0,1.083333,335,-1.499988000096,0.659255135444358
"1981-07-16",1981-07-16,0,18000,-0.0555555555555555,1.0625,0,1.0625,1.0625,335,-1,0.659255135444358
"1981-07-17",1981-07-17,-0.00653552941176476,21600,-0.061728,1.055556,0,0,1.0625,337,-1.111104,0.625699741113759
"1981-07-20",1981-07-20,-0.0131579944597918,248400,-0.0740737777777777,1.041667,0,1.041667,1.055556,338,-1.20000288001843,0.558584120166512
"1981-07-21",1981-07-21,-0.00666719786649666,104400,-0.0802471111111112,1.034722,0,1.034722,1.041667,339,-1.08334033336134,0.525023893549863
"1981-07-22",1981-07-22,0,64800,-0.0802471111111112,1.034722,0,1.034722,1.034722,339,-1,0.525023893549863
"1981-07-23",1981-07-23,0,90000,-0.0802471111111112,1.034722,0,0,1.034722,0,-1,0.525023893549863
"1981-07-24",1981-07-24,0,3600,-0.0802471111111112,1.034722,0,0,1.034722,0,-1,0.525023893549863
"1981-07-27",1981-07-27,0,10800,-0.0802471111111112,1.034722,0,0,1.034722,0,-1,0.525023893549863
"1981-07-28",1981-07-28,0,338400,-0.0802471111111112,1.034722,0,0,1.034722,0,-1,0.525023893549863
"1981-07-29",1981-07-29,0,104400,-0.0802471111111112,1.034722,0,0,1.034722,0,-1,0.525023893549863
"1981-07-30",1981-07-30,-0.00671098130705623,280800,-0.0864195555555555,1.027778,0,0,1.034722,346,-1.07691796450962,0.491468499219265
"1981-07-31",1981-07-31,0.0067563228634976,43200,-0.0802471111111109,1.034722,0.00671098130705627,1.027778,1.034722,346,-0.928575836744769,0.561506947570096
"1981-08-03",1981-08-03,0,36000,-0.0802471111111109,1.034722,0.00671098130705627,0,1.034722,0,-1,0.561506947570096
"1981-08-04",1981-08-04,0,21600,-0.0802471111111109,1.034722,0.00671098130705627,0,1.034722,0,-1,0.561506947570096
"1981-08-05",1981-08-05,0,10800,-0.0802471111111109,1.034722,0.00671098130705627,0,1.034722,0,-1,0.561506947570096
"1981-08-06",1981-08-06,0,21600,-0.0802471111111109,1.034722,0.00671098130705627,0,1.034722,0,-1,0.561506947570096
"1981-08-07",1981-08-07,0,0,-0.0802471111111109,1.034722,0.00671098130705627,0,1.034722,0,-1,0.561506947570096
"1981-08-10",1981-08-10,0,0,-0.0802471111111109,1.034722,0.00671098130705627,0,1.034722,0,-1,0.561506947570096
"1981-08-11",1981-08-11,0,25200,-0.0802471111111109,1.034722,0.00671098130705627,0,1.034722,0,-1,0.561506947570096
"1981-08-12",1981-08-12,-0.00671098130705623,97200,-0.0864195555555552,1.027778,0,0,1.034722,355,-1.07691796450962,0.491468499219266
"1981-08-13",1981-08-13,0,108000,-0.0864195555555552,1.027778,0,1.027778,1.027778,355,-1,0.491468499219266
"1981-08-14",1981-08-14,0,54000,-0.0864195555555552,1.027778,0,0,1.027778,0,-1,0.491468499219266
"1981-08-17",1981-08-17,0,151200,-0.0864195555555552,1.027778,0,0,1.027778,0,-1,0.491468499219266
"1981-08-18",1981-08-18,-0.00675729583626034,216000,-0.0925928888888887,1.020833,0,0,1.027778,359,-1.07143444899303,0.457908272602617
"1981-08-19",1981-08-19,-0.0204078433984796,244800,-0.111111111111111,1,0,1,1.020833,360,-1.19999616001229,0.357237257324771
"1981-08-20",1981-08-20,0,18000,-0.111111111111111,1,0,1,1,360,-1,0.357237257324771
"1981-08-21",1981-08-21,0,28800,-0.111111111111111,1,0,0,1,0,-1,0.357237257324771
"1981-08-24",1981-08-24,0,32400,-0.111111111111111,1,0,0,1,0,-1,0.357237257324771
"1981-08-25",1981-08-25,-0.020833,291600,-0.129629333333333,0.979167,0,0,1,364,-1.166664,0.256566242046925
"1981-08-26",1981-08-26,0,0,-0.129629333333333,0.979167,0,0.979167,0.979167,364,-1,0.256566242046925
"1981-08-27",1981-08-27,0.00709174226664088,14400,-0.123456888888889,0.986111,0.00704180361034401,0,0.986111,0,-0.952383891163181,0.32840314689908
"1981-08-28",1981-08-28,0.00704281769496547,75600,-0.117283555555555,0.993056,0.0139861196146038,0,0.993056,0,1.98615587547188,0.399714910038501
"1981-08-31",1981-08-31,0,147600,-0.117283555555555,0.993056,0.0139861196146038,0,0.993056,0,-1,0.399714910038501
"1981-09-01",1981-09-01,-0.0139861196146038,68400,-0.129629333333333,0.979167,0,0,0.993056,369,-1.10526435457467,0.256566242046925
"1981-09-02",1981-09-02,0,172800,-0.129629333333333,0.979167,0,0.979167,0.979167,369,-1,0.256566242046925
"1981-09-03",1981-09-03,-0.00709276354288898,151200,-0.135802666666667,0.972222,0,0,0.979167,371,-1.04762296599535,0.223006015430276
"1981-09-04",1981-09-04,-0.0214282334693105,140400,-0.154320888888889,0.951389,0,0.951389,0.972222,372,-1.13636125620181,0.12233500015243
"1981-09-08",1981-09-08,-0.0218974572966473,194400,-0.172839111111111,0.930556,0,0.930556,0.951389,373,-1.11999815679882,0.0216639848745839
"1981-09-09",1981-09-09,-0.007463280017538,64800,-0.179012444444444,0.923611,0,0.923611,0.930556,374,-1.03571722449651,-0.0118962417420648
"1981-09-10",1981-09-10,0.0075193994008301,72000,-0.172839111111111,0.930556,0.00746328001753804,0.923611,0.930556,374,-0.965514501785102,0.0622367767793488
"1981-09-11",1981-09-11,0,57600,-0.172839111111111,0.930556,0.00746328001753804,0,0.930556,0,-1,0.0622367767793488
"1981-09-14",1981-09-14,0,7200,-0.172839111111111,0.930556,0.00746328001753804,0,0.930556,0,-1,0.0622367767793488
"1981-09-15",1981-09-15,0,345600,-0.172839111111111,0.930556,0.00746328001753804,0,0.930556,0,-1,0.0622367767793488
"1981-09-16",1981-09-16,0,7200,-0.172839111111111,0.930556,0.00746328001753804,0,0.930556,0,-1,0.0622367767793488
"1981-09-17",1981-09-17,0,72000,-0.172839111111111,0.930556,0.00746328001753804,0,0.930556,0,-1,0.0622367767793488
"1981-09-18",1981-09-18,-0.007463280017538,302400,-0.179012444444445,0.923611,0,0,0.930556,381,-1.03571722449651,-0.011896241742066
"1981-09-21",1981-09-21,0,306000,-0.179012444444445,0.923611,0,0.923611,0.923611,381,-1,-0.011896241742066
"1981-09-22",1981-09-22,0,21600,-0.179012444444445,0.923611,0,0,0.923611,0,-1,-0.011896241742066
"1981-09-23",1981-09-23,-0.00751831669393278,298800,-0.185184888888889,0.916667,0,0,0.923611,384,-1.03448053270039,-0.0454516360726639
"1981-09-24",1981-09-24,0,61200,-0.185184888888889,0.916667,0,0.916667,0.916667,384,-1,-0.0454516360726639
"1981-09-25",1981-09-25,-0.00757636088132329,75600,-0.191358222222222,0.909722,0,0,0.916667,386,-1.03333605333769,-0.0790118626893127
"1981-09-28",1981-09-28,0,61200,-0.191358222222222,0.909722,0,0.909722,0.909722,386,-1,-0.0790118626893127
"1981-09-29",1981-09-29,0.00763420033812525,36000,-0.185184888888889,0.916667,0.0075763608813233,0,0.916667,0,-0.967739388139986,-0.00426410020224476
"1981-09-30",1981-09-30,0,3600,-0.185184888888889,0.916667,0.0075763608813233,0,0.916667,0,-1,-0.00426410020224476
"1981-10-01",1981-10-01,0,0,-0.185184888888889,0.916667,0.0075763608813233,0,0.916667,0,-1,-0.00426410020224476
"1981-10-02",1981-10-02,0.0227269008265815,147600,-0.166666666666667,0.9375,0.0296298666666667,0,0.9375,0,3.91083095575715,0.216296869478576
"1981-10-05",1981-10-05,0,108000,-0.166666666666667,0.9375,0.0296298666666667,0,0.9375,0,-1,0.216296869478576
"1981-10-06",1981-10-06,-0.00740693333333328,72000,-0.172839111111111,0.930556,0.0223887654262613,0.909722,0.9375,393,-1.03703466666667,0.143376518574203
"1981-10-07",1981-10-07,0.00746220539118543,54000,-0.166666666666667,0.9375,0.00740693333333331,0.930556,0.9375,393,-0.964287918372384,0.0954858524019014
"1981-10-08",1981-10-08,0.0148149333333334,54000,-0.154320888888889,0.951389,0.0218974572966473,0,0.951389,0,2.95634594118763,0.241376624753488
"1981-10-09",1981-10-09,0.0218974572966473,374400,-0.135802666666667,0.972222,0.042856466938621,0,0.972222,0,1.95714353306138,0.455987561183358
"1981-10-12",1981-10-12,0,3600,-0.135802666666667,0.972222,0.042856466938621,0,0.972222,0,-1,0.455987561183358
"1981-10-13",1981-10-13,0,36000,-0.135802666666667,0.972222,0.042856466938621,0,0.972222,0,-1,0.455987561183358
"1981-10-14",1981-10-14,0.0071434302042126,39600,-0.129629333333333,0.979167,0.0496452596952307,0,0.979167,0,1.1584076626366,0.526453849900214
"1981-10-15",1981-10-15,0,79200,-0.129629333333333,0.979167,0.0496452596952307,0,0.979167,0,-1,0.526453849900214
"1981-10-16",1981-10-16,-0.00709276354288898,72000,-0.135802666666667,0.972222,0.042856466938621,0.930556,0.979167,401,-1.04762296599535,0.455987561183358
"1981-10-19",1981-10-19,0,28800,-0.135802666666667,0.972222,0.042856466938621,0.930556,0.979167,0,-1,0.455987561183358
"1981-10-20",1981-10-20,0,10800,-0.135802666666667,0.972222,0.042856466938621,0.930556,0.979167,0,-1,0.455987561183358
"1981-10-21",1981-10-21,0,7200,-0.135802666666667,0.972222,0.042856466938621,0.930556,0.979167,0,-1,0.455987561183358
"1981-10-22",1981-10-22,0,0,-0.135802666666667,0.972222,0.042856466938621,0.930556,0.979167,0,-1,0.455987561183358
"1981-10-23",1981-10-23,0,79200,-0.135802666666667,0.972222,0.042856466938621,0.930556,0.979167,0,-1,0.455987561183358
"1981-10-26",1981-10-26,0,39600,-0.135802666666667,0.972222,0.042856466938621,0.930556,0.979167,0,-1,0.455987561183358
"1981-10-27",1981-10-27,-0.00714240163254901,18000,-0.141975111111111,0.965278,0.0359709845246654,0.930556,0.979167,0,-1.04545157025226,0.385000468659892
"1981-10-28",1981-10-28,0,36000,-0.141975111111111,0.965278,0.0359709845246654,0.930556,0.979167,0,-1,0.385000468659892
"1981-10-29",1981-10-29,0,129600,-0.141975111111111,0.965278,0.0359709845246654,0.930556,0.979167,0,-1,0.385000468659892
"1981-10-30",1981-10-30,0,0,-0.141975111111111,0.965278,0.0359709845246654,0.930556,0.979167,0,-1,0.385000468659892
"1981-11-02",1981-11-02,0.0215823835206023,219600,-0.123456888888889,0.986111,0.0211264249156535,0.965278,0.986111,401,-0.869567122875997,0.404971680832535
"1981-11-03",1981-11-03,0.0140846213053095,144000,-0.111111111111111,1,0.034722,0,1,0,1.64353411136178,0.545997223078
"1981-11-04",1981-11-04,0.013889,111600,-0.0987653333333334,1.013889,0.0479450906361545,0,1.013889,0,1.38082744761691,0.684997819995305
"1981-11-05",1981-11-05,0,61200,-0.0987653333333334,1.013889,0.0479450906361545,0,1.013889,0,-1,0.684997819995305
"1981-11-06",1981-11-06,0,100800,-0.0987653333333334,1.013889,0.0479450906361545,0,1.013889,0,-1,0.684997819995305
"1981-11-09",1981-11-09,0,82800,-0.0987653333333334,1.013889,0.0479450906361545,0,1.013889,0,-1,0.684997819995305
"1981-11-10",1981-11-10,0.00684887596176708,1191600,-0.0925928888888888,1.020833,0.0544212422599976,0,1.020833,0,1.135074343127,0.753759658618553
"1981-11-11",1981-11-11,0.0136055554630383,108000,-0.0802471111111113,1.034722,0.0671136788432062,0,1.034722,0,1.23322577831962,0.889875449336305
"1981-11-12",1981-11-12,0.0134229290572734,421200,-0.0679013333333334,1.048611,0.0794698892153525,0,1.048611,0,1.18410867330062,1.02416340617106
"1981-11-13",1981-11-13,0,21600,-0.0679013333333334,1.048611,0.0794698892153525,0,1.048611,0,-1,1.02416340617106
"1981-11-16",1981-11-16,-0.0132451404763063,219600,-0.0802471111111113,1.034722,0.0671136788432062,0.965278,1.048611,422,-1.1818193718991,0.889875449336305
"1981-11-17",1981-11-17,0.0134229290572734,21600,-0.0679013333333334,1.048611,0.0132451404763063,1.034722,1.048611,422,-0.846152994084936,0.664144360494008
"1981-11-18",1981-11-18,-0.0132451404763063,108000,-0.0802471111111113,1.034722,0,0,1.048611,424,-1.1818193718991,0.525023893549862
"1981-11-19",1981-11-19,0,36000,-0.0802471111111113,1.034722,0,1.034722,1.034722,424,-1,0.525023893549862
"1981-11-20",1981-11-20,0.00671194775021695,43200,-0.074073777777778,1.041667,0.00666719786649661,0,1.041667,0,-0.923070958594565,0.59482915331408
"1981-11-23",1981-11-23,0,46800,-0.074073777777778,1.041667,0.00666719786649661,0,1.041667,0,-1,0.59482915331408
"1981-11-24",1981-11-24,0.00666623786680394,32400,-0.0679013333333335,1.048611,0.0132451404763063,0,1.048611,0,1.98661277819046,0.664144360494007
"1981-11-25",1981-11-25,0,46800,-0.0679013333333335,1.048611,0.0132451404763063,0,1.048611,0,-1,0.664144360494007
"1981-11-27",1981-11-27,0,25200,-0.0679013333333335,1.048611,0.0132451404763063,0,1.048611,0,-1,0.664144360494007
"1981-11-30",1981-11-30,0,46800,-0.0679013333333335,1.048611,0.0132451404763063,0,1.048611,0,-1,0.664144360494007
"1981-12-01",1981-12-01,0,194400,-0.0679013333333335,1.048611,0.0132451404763063,0,1.048611,0,-1,0.664144360494007
"1981-12-02",1981-12-02,0,72000,-0.0679013333333335,1.048611,0.0132451404763063,0,1.048611,0,-1,0.664144360494007
"1981-12-03",1981-12-03,0,111600,-0.0679013333333335,1.048611,0.0132451404763063,0,1.048611,0,-1,0.664144360494007
"1981-12-04",1981-12-04,-0.0132451404763063,115200,-0.0802471111111114,1.034722,0,0,1.048611,435,-1.1818193718991,0.525023893549861
"1981-12-07",1981-12-07,0,25200,-0.0802471111111114,1.034722,0,1.034722,1.034722,435,-1,0.525023893549861
"1981-12-08",1981-12-08,0,21600,-0.0802471111111114,1.034722,0,0,1.034722,0,-1,0.525023893549861
"1981-12-09",1981-12-09,0,28800,-0.0802471111111114,1.034722,0,0,1.034722,0,-1,0.525023893549861
"1981-12-10",1981-12-10,0.00671194775021695,10800,-0.074073777777778,1.041667,0.00666719786649661,0,1.041667,0,-0.923070958594563,0.59482915331408
"1981-12-11",1981-12-11,0,32400,-0.074073777777778,1.041667,0.00666719786649661,0,1.041667,0,-1,0.59482915331408
"1981-12-14",1981-12-14,-0.0133334357333004,100800,-0.0864195555555558,1.027778,0,0,1.041667,441,-1.16666866667467,0.491468499219263
"1981-12-15",1981-12-15,0,21600,-0.0864195555555558,1.027778,0,1.027778,1.027778,441,-1,0.491468499219263
"1981-12-16",1981-12-16,0,7200,-0.0864195555555558,1.027778,0,0,1.027778,0,-1,0.491468499219263
"1981-12-17",1981-12-17,0,0,-0.0864195555555558,1.027778,0,0,1.027778,0,-1,0.491468499219263
"1981-12-18",1981-12-18,0,57600,-0.0864195555555558,1.027778,0,0,1.027778,0,-1,0.491468499219263
"1981-12-21",1981-12-21,0,43200,-0.0864195555555558,1.027778,0,0,1.027778,0,-1,0.491468499219263
"1981-12-22",1981-12-22,-0.00675729583626034,14400,-0.0925928888888891,1.020833,0,0,1.027778,447,-1.07143444899303,0.457908272602615
"1981-12-23",1981-12-23,0,28800,-0.0925928888888891,1.020833,0,1.020833,1.020833,447,-1,0.457908272602615
"1981-12-24",1981-12-24,0,18000,-0.0925928888888891,1.020833,0,0,1.020833,0,-1,0.457908272602615
"1981-12-28",1981-12-28,0.00680326752759754,54000,-0.0864195555555558,1.027778,0.00675729583626039,0,1.027778,0,-0.933328213349718,0.528203333924549
"1981-12-29",1981-12-29,-0.00675729583626034,111600,-0.0925928888888892,1.020833,0,0,1.027778,451,-1.07143444899303,0.457908272602614
"1981-12-30",1981-12-30,0,21600,-0.0925928888888892,1.020833,0,1.020833,1.020833,451,-1,0.457908272602614
"1981-12-31",1981-12-31,0,0,-0.0925928888888892,1.020833,0,0,1.020833,0,-1,0.457908272602614
"1982-01-04",1982-01-04,0,10800,-0.0925928888888892,1.020833,0,0,1.020833,0,-1,0.457908272602614
"1982-01-05",1982-01-05,0,7200,-0.0925928888888892,1.020833,0,0,1.020833,0,-1,0.457908272602614
"1982-01-06",1982-01-06,0,50400,-0.0925928888888892,1.020833,0,0,1.020833,0,-1,0.457908272602614
"1982-01-07",1982-01-07,0,525600,-0.0925928888888892,1.020833,0,0,1.020833,0,-1,0.457908272602614
"1982-01-08",1982-01-08,0,61200,-0.0925928888888892,1.020833,0,0,1.020833,0,-1,0.457908272602614
"1982-01-11",1982-01-11,0,50400,-0.0925928888888892,1.020833,0,0,1.020833,0,-1,0.457908272602614
"1982-01-12",1982-01-12,0,90000,-0.0925928888888892,1.020833,0,0,1.020833,0,-1,0.457908272602614
"1982-01-13",1982-01-13,0,90000,-0.0925928888888892,1.020833,0,0,1.020833,0,-1,0.457908272602614
"1982-01-14",1982-01-14,-0.00680228793544102,108000,-0.0987653333333337,1.013889,0,0,1.020833,462,-1.066662186681,0.424352878272015
"1982-01-15",1982-01-15,0,0,-0.0987653333333337,1.013889,0,1.013889,1.013889,462,-1,0.424352878272015
"1982-01-18",1982-01-18,0,18000,-0.0987653333333337,1.013889,0,0,1.013889,0,-1,0.424352878272015
"1982-01-19",1982-01-19,0,64800,-0.0987653333333337,1.013889,0,0,1.013889,0,-1,0.424352878272015
"1982-01-20",1982-01-20,-0.00684986226302877,104400,-0.104938666666667,1.006944,0,0,1.013889,466,-1.06250506250506,0.390792651655367
"1982-01-21",1982-01-21,0,18000,-0.104938666666667,1.006944,0,1.006944,1.006944,466,-1,0.390792651655367
"1982-01-22",1982-01-22,0,7200,-0.104938666666667,1.006944,0,0,1.006944,0,-1,0.390792651655367
"1982-01-25",1982-01-25,-0.00689611338862942,68400,-0.111111111111111,1,0,0,1.006944,469,-1.0588195432676,0.357237257324768
"1982-01-26",1982-01-26,-0.00694399999999995,28800,-0.117283555555556,0.993056,0,0.993056,1,470,-1.055552,0.32368186299417
"1982-01-27",1982-01-27,0,32400,-0.117283555555556,0.993056,0,0.993056,0.993056,470,-1,0.32368186299417
"1982-01-28",1982-01-28,0.0069925563110237,10800,-0.111111111111111,1,0.00694399999999995,0,1,0,-0.947371612199114,0.394987075946692
"1982-01-29",1982-01-29,0,10800,-0.111111111111111,1,0.00694399999999995,0,1,0,-1,0.394987075946692
"1982-02-01",1982-02-01,0,7200,-0.111111111111111,1,0.00694399999999995,0,1,0,-1,0.394987075946692
"1982-02-02",1982-02-02,0.00694400000000006,82800,-0.104938666666667,1.006944,0.0137922267772588,0,1.006944,0,1.98620777322276,0.465771634839981
"1982-02-03",1982-02-03,0.00689710649251595,1875600,-0.0987653333333335,1.013889,0.0205476141865628,0,1.013889,0,1.4897967179921,0.536056321338838
"1982-02-04",1982-02-04,0.00684887596176708,450000,-0.0925928888888891,1.020833,0.0272101313339205,0,1.020833,0,1.32424772466843,0.605831302921482
"1982-02-05",1982-02-05,0,0,-0.0925928888888891,1.020833,0.0272101313339205,0,1.020833,0,-1,0.605831302921482
"1982-02-08",1982-02-08,0.00680326752759754,266400,-0.0864195555555558,1.027778,0.033783560263014,0,1.027778,0,1.2415801985086,0.675126804566556
"1982-02-09",1982-02-09,0,97200,-0.0864195555555558,1.027778,0.033783560263014,0,1.027778,0,-1,0.675126804566556
"1982-02-10",1982-02-10,0,61200,-0.0864195555555558,1.027778,0.033783560263014,0,1.027778,0,-1,0.675126804566556
"1982-02-11",1982-02-11,0,10800,-0.0864195555555558,1.027778,0.033783560263014,0,1.027778,0,-1,0.675126804566556
"1982-02-12",1982-02-12,0.0067563228634976,122400,-0.0802471111111114,1.034722,0.0402678207286593,0,1.034722,0,1.1919353796688,0.743932725463315
"1982-02-16",1982-02-16,-0.00671098130705623,36000,-0.0864195555555558,1.027778,0.033783560263014,0.993056,1.034722,484,-1.07691796450963,0.675126804566556
"1982-02-17",1982-02-17,0,25200,-0.0864195555555558,1.027778,0.033783560263014,0.993056,1.034722,0,-1,0.675126804566556
"1982-02-18",1982-02-18,0,68400,-0.0864195555555558,1.027778,0.033783560263014,0.993056,1.034722,0,-1,0.675126804566556
"1982-02-19",1982-02-19,0,226800,-0.0864195555555558,1.027778,0.033783560263014,0.993056,1.034722,0,-1,0.675126804566556
"1982-02-22",1982-02-22,-0.00675729583626034,324000,-0.0925928888888891,1.020833,0.0272101313339205,0.993056,1.034722,0,-1.07143444899303,0.605831302921482
"1982-02-23",1982-02-23,0,64800,-0.0925928888888891,1.020833,0.0272101313339205,0.993056,1.034722,0,-1,0.605831302921482
"1982-02-24",1982-02-24,0.00680326752759754,403200,-0.0864195555555558,1.027778,0.033783560263014,0.993056,1.034722,0,1.2415801985086,0.675126804566556
"1982-02-25",1982-02-25,0.0135136186997579,104400,-0.0740737777777782,1.041667,0.0200006335997971,1.020833,1.041667,484,-0.857141387751746,0.667314000741954
"1982-02-26",1982-02-26,0,162000,-0.0740737777777782,1.041667,0.0200006335997971,0,1.041667,0,-1,0.667314000741954
"1982-03-01",1982-03-01,0,57600,-0.0740737777777782,1.041667,0.0200006335997971,0,1.041667,0,-1,0.667314000741954
"1982-03-02",1982-03-02,0,140400,-0.0740737777777782,1.041667,0.0200006335997971,0,1.041667,0,-1,0.667314000741954
"1982-03-03",1982-03-03,0.0333331093334052,284400,-0.043209777777778,1.076389,0.0516133108012066,0,1.076389,0,2.58058378719213,1.00695732338793
"1982-03-04",1982-03-04,-0.00645212836623189,108000,-0.0493831111111115,1.069444,0.0454544604486069,1.020833,1.076389,496,-1.14286889798606,0.939915604298616
"1982-03-05",1982-03-05,0,21600,-0.0493831111111115,1.069444,0.0454544604486069,1.020833,1.076389,0,-1,0.939915604298616
"1982-03-08",1982-03-08,0.00649402867284306,64800,-0.0432097777777782,1.076389,0.00645212836623188,1.069444,1.076389,496,-0.874991000072002,0.761446602525044
"1982-03-09",1982-03-09,-0.0129033277003017,129600,-0.0555555555555559,1.0625,0,0,1.076389,499,-1.28571722449651,0.659255135444355
"1982-03-10",1982-03-10,-0.00653552941176476,25200,-0.0617280000000004,1.055556,0,1.055556,1.0625,500,-1.111104,0.625699741113756
"1982-03-11",1982-03-11,0.00657852354588488,39600,-0.0555555555555559,1.0625,0.00653552941176472,1.055556,1.0625,500,-0.900005760036864,0.694784376500284
"1982-03-12",1982-03-12,0,230400,-0.0555555555555559,1.0625,0.00653552941176472,0,1.0625,0,-1,0.694784376500284
"1982-03-15",1982-03-15,0.00653552941176476,201600,-0.0493831111111115,1.069444,0.012986187215039,0,1.069444,0,1.98701381278498,0.76340762251085
"1982-03-16",1982-03-16,0,154800,-0.0493831111111115,1.069444,0.012986187215039,0,1.069444,0,-1,0.76340762251085
"1982-03-17",1982-03-17,0,14400,-0.0493831111111115,1.069444,0.012986187215039,0,1.069444,0,-1,0.76340762251085
"1982-03-18",1982-03-18,-0.00649309360751948,90000,-0.0555555555555559,1.0625,0.00653552941176472,1.055556,1.069444,506,-1.124991000072,0.694784376500284
"1982-03-19",1982-03-19,0,25200,-0.0555555555555559,1.0625,0.00653552941176472,1.055556,1.069444,0,-1,0.694784376500284
"1982-03-22",1982-03-22,0.00653552941176476,180000,-0.0493831111111113,1.069444,0.00649309360751948,1.0625,1.069444,506,-0.888895999999997,0.728109076142903
"1982-03-23",1982-03-23,0,367200,-0.0493831111111113,1.069444,0.00649309360751948,0,1.069444,0,-1,0.728109076142903
"1982-03-24",1982-03-24,0,68400,-0.0493831111111113,1.069444,0.00649309360751948,0,1.069444,0,-1,0.728109076142903
"1982-03-25",1982-03-25,0.00649402867284306,93600,-0.043209777777778,1.076389,0.0129033277003017,0,1.076389,0,1.98723882331816,0.796517398140686
"1982-03-26",1982-03-26,0.0387099831009049,259200,-0.00617244444444498,1.118056,0.0496898187568422,0,1.118056,0,3.85093054372947,1.19784746448493
"1982-03-29",1982-03-29,0,86400,-0.00617244444444498,1.118056,0.0496898187568422,0,1.118056,0,-1,1.19784746448493
"1982-03-30",1982-03-30,0,64800,-0.00617244444444498,1.118056,0.0496898187568422,0,1.118056,0,-1,1.19784746448493
"1982-03-31",1982-03-31,0,291600,-0.00617244444444498,1.118056,0.0496898187568422,0,1.118056,0,-1,1.19784746448493
"1982-04-01",1982-04-01,0,190800,-0.00617244444444498,1.118056,0.0496898187568422,0,1.118056,0,-1,1.19784746448493
"1982-04-02",1982-04-02,0.00621078013981416,421200,-4.44089209850063e-16,1.125,0.0555555555555556,0,1.125,0,1.11804705562356,1.26329089168353
"1982-04-05",1982-04-05,-0.0123457777777778,237600,-0.0123457777777782,1.111111,0.0437499043749904,1.0625,1.125,518,-27800220099800.5,1.13199595178755
"1982-04-06",1982-04-06,-0.00624960062496012,10800,-0.0185182222222228,1.104167,0.037736139551354,1.0625,1.125,0,-1.49996400028799,1.06574779660914
"1982-04-07",1982-04-07,-0.00628980942194431,108000,-0.0246915555555561,1.097222,0.0316453734977971,1.0625,1.125,0,-1.33336533384533,0.999076205679364
"1982-04-08",1982-04-08,0.0063296215351132,115200,-0.0185182222222229,1.104167,0.037736139551354,1.0625,1.125,0,1.19246940011566,1.06574779660914
"1982-04-12",1982-04-12,-0.00628980942194431,97200,-0.0246915555555562,1.097222,0.0316453734977971,1.0625,1.125,0,-1.33336533384533,0.999076205679364
"1982-04-13",1982-04-13,-0.00632871014252343,126000,-0.0308640000000004,1.090278,0.0254779056350767,1.0625,1.125,0,-1.24998200014398,0.931992471317914
"1982-04-14",1982-04-14,0,43200,-0.0308640000000004,1.090278,0.0254779056350767,1.0625,1.125,0,-1,0.931992471317914
"1982-04-15",1982-04-15,0,0,-0.0308640000000004,1.090278,0.0254779056350767,1.0625,1.125,0,-1,0.931992471317914
"1982-04-16",1982-04-16,0,3600,-0.0308640000000004,1.090278,0.0254779056350767,1.0625,1.125,0,-1,0.931992471317914
"1982-04-19",1982-04-19,0,50400,-0.0308640000000004,1.090278,0.0254779056350767,1.0625,1.125,0,-1,0.931992471317914
"1982-04-20",1982-04-20,0,108000,-0.0308640000000004,1.090278,0.0254779056350767,1.0625,1.125,0,-1,0.931992471317914
"1982-04-21",1982-04-21,0.00636901781013635,190800,-0.0246915555555562,1.097222,0.0316453734977971,1.0625,1.125,0,1.24207122638171,0.999076205679364
"1982-04-22",1982-04-22,0,216000,-0.0246915555555562,1.097222,0.0316453734977971,1.0625,1.125,0,-1,0.999076205679364
"1982-04-23",1982-04-23,0,151200,-0.0246915555555562,1.097222,0.0316453734977971,1.0625,1.125,0,-1,0.999076205679364
"1982-04-26",1982-04-26,0,61200,-0.0246915555555562,1.097222,0.0316453734977971,1.0625,1.125,0,-1,0.999076205679364
"1982-04-27",1982-04-27,0,32400,-0.0246915555555562,1.097222,0.0316453734977971,1.0625,1.125,0,-1,0.999076205679364
"1982-04-28",1982-04-28,0,273600,-0.0246915555555562,1.097222,0.0316453734977971,1.0625,1.125,0,-1,0.999076205679364
"1982-04-29",1982-04-29,0,428400,-0.0246915555555562,1.097222,0.0316453734977971,1.0625,1.125,0,-1,0.999076205679364
"1982-04-30",1982-04-30,0,14400,-0.0246915555555562,1.097222,0.0316453734977971,1.0625,1.125,0,-1,0.999076205679364
"1982-05-03",1982-05-03,0.0063296215351132,10800,-0.018518222222223,1.104167,0.037736139551354,1.0625,1.125,0,1.19246940011566,1.06574779660914
"1982-05-04",1982-05-04,0,532800,-0.018518222222223,1.104167,0.037736139551354,1.0625,1.125,0,-1,1.06574779660914
"1982-05-05",1982-05-05,0,172800,-0.018518222222223,1.104167,0.037736139551354,1.0625,1.125,0,-1,1.06574779660914
"1982-05-06",1982-05-06,0.00628890376184043,338400,-0.0123457777777786,1.111111,0.0437499043749904,1.0625,1.125,0,1.15936354102815,1.13199595178754
"1982-05-07",1982-05-07,0,54000,-0.0123457777777786,1.111111,0.0437499043749904,1.0625,1.125,0,-1,1.13199595178754
"1982-05-10",1982-05-10,-0.00624960062496012,14400,-0.018518222222223,1.104167,0.037736139551354,1.0625,1.125,0,-1.49996400028796,1.06574779660914
"1982-05-11",1982-05-11,0,57600,-0.018518222222223,1.104167,0.037736139551354,1.0625,1.125,0,-1,1.06574779660914
"1982-05-12",1982-05-12,0,14400,-0.018518222222223,1.104167,0.037736139551354,1.0625,1.125,0,-1,1.06574779660914
"1982-05-13",1982-05-13,0,54000,-0.018518222222223,1.104167,0.037736139551354,1.0625,1.125,0,-1,1.06574779660914
"1982-05-14",1982-05-14,0,108000,-0.018518222222223,1.104167,0.037736139551354,1.0625,1.125,0,-1,1.06574779660914
"1982-05-17",1982-05-17,0,43200,-0.018518222222223,1.104167,0.037736139551354,1.0625,1.125,0,-1,1.06574779660914
"1982-05-18",1982-05-18,-0.00628980942194431,154800,-0.0246915555555565,1.097222,0.0316453734977971,1.0625,1.125,0,-1.33336533384534,0.999076205679363
"1982-05-19",1982-05-19,0.0063296215351132,46800,-0.0185182222222232,1.104167,0.037736139551354,1.0625,1.125,0,1.19246940011566,1.06574779660914
"1982-05-20",1982-05-20,0,140400,-0.0185182222222232,1.104167,0.037736139551354,1.0625,1.125,0,-1,1.06574779660914
"1982-05-21",1982-05-21,0,46800,-0.0185182222222232,1.104167,0.037736139551354,1.0625,1.125,0,-1,1.06574779660914
"1982-05-24",1982-05-24,-0.00628980942194431,82800,-0.0246915555555566,1.097222,0.0316453734977971,1.0625,1.125,0,-1.33336533384533,0.999076205679362
"1982-05-25",1982-05-25,0,46800,-0.0246915555555566,1.097222,0.0316453734977971,1.0625,1.125,0,-1,0.999076205679362
"1982-05-26",1982-05-26,0,43200,-0.0246915555555566,1.097222,0.0316453734977971,1.0625,1.125,0,-1,0.999076205679362
"1982-05-27",1982-05-27,0,14400,-0.0246915555555566,1.097222,0.0316453734977971,1.0625,1.125,0,-1,0.999076205679362
"1982-05-28",1982-05-28,0,64800,-0.0246915555555566,1.097222,0.0316453734977971,1.0625,1.125,0,-1,0.999076205679362
"1982-06-01",1982-06-01,0,64800,-0.0246915555555566,1.097222,0.0316453734977971,1.0625,1.125,0,-1,0.999076205679362
"1982-06-02",1982-06-02,0,230400,-0.0246915555555566,1.097222,0.0316453734977971,1.0625,1.125,0,-1,0.999076205679362
"1982-06-03",1982-06-03,0,82800,-0.0246915555555566,1.097222,0.0316453734977971,1.0625,1.125,0,-1,0.999076205679362
"1982-06-04",1982-06-04,-0.0126583316776366,36000,-0.0370373333333341,1.083333,0.0192304674555286,1.0625,1.125,0,-1.49999999999997,0.864469160293196
"1982-06-07",1982-06-07,-0.00640984812610717,54000,-0.0432097777777786,1.076389,0.0129033277003017,1.0625,1.125,0,-1.16665466676266,0.796517398140683
"1982-06-08",1982-06-08,0,10800,-0.0432097777777786,1.076389,0.0129033277003017,1.0625,1.125,0,-1,0.796517398140683
"1982-06-09",1982-06-09,-0.0258066554006034,158400,-0.0679013333333341,1.048611,0,1.048611,1.111111,563,-1.57143444899302,0.592139514497106
"1982-06-10",1982-06-10,0,108000,-0.0679013333333341,1.048611,0,1.048611,1.048611,563,-1,0.592139514497106
"1982-06-11",1982-06-11,0,97200,-0.0679013333333341,1.048611,0,0,1.048611,0,-1,0.592139514497106
"1982-06-14",1982-06-14,0,18000,-0.0679013333333341,1.048611,0,0,1.048611,0,-1,0.592139514497106
"1982-06-15",1982-06-15,0,0,-0.0679013333333341,1.048611,0,0,1.048611,0,-1,0.592139514497106
"1982-06-16",1982-06-16,-0.00662209341691062,25200,-0.0740737777777787,1.041667,0,0,1.048611,568,-1.09090314050452,0.558584120166507
"1982-06-17",1982-06-17,0,72000,-0.0740737777777787,1.041667,0,1.041667,1.041667,568,-1,0.558584120166507
"1982-06-18",1982-06-18,-0.0133334357333004,255600,-0.0864195555555562,1.027778,0,0,1.041667,570,-1.16666866667466,0.491468499219261
"1982-06-21",1982-06-21,-0.00675729583626034,39600,-0.0925928888888896,1.020833,0,1.020833,1.027778,571,-1.07143444899303,0.457908272602612
"1982-06-22",1982-06-22,0,14400,-0.0925928888888896,1.020833,0,1.020833,1.020833,571,-1,0.457908272602612
"1982-06-23",1982-06-23,0.00680326752759754,187200,-0.0864195555555562,1.027778,0.00675729583626039,0,1.027778,0,-0.933328213349717,0.528203333924547
"1982-06-24",1982-06-24,-0.00675729583626034,68400,-0.0925928888888896,1.020833,0,0,1.027778,574,-1.07143444899303,0.457908272602612
"1982-06-25",1982-06-25,0,18000,-0.0925928888888896,1.020833,0,1.020833,1.020833,574,-1,0.457908272602612
"1982-06-28",1982-06-28,0,18000,-0.0925928888888896,1.020833,0,0,1.020833,0,-1,0.457908272602612
"1982-06-29",1982-06-29,0,25200,-0.0925928888888896,1.020833,0,0,1.020833,0,-1,0.457908272602612
"1982-06-30",1982-06-30,0.00680326752759754,50400,-0.0864195555555564,1.027778,0.00675729583626039,0,1.027778,0,-0.933328213349719,0.528203333924546
"1982-07-01",1982-07-01,0,21600,-0.0864195555555564,1.027778,0.00675729583626039,0,1.027778,0,-1,0.528203333924546
"1982-07-02",1982-07-02,-0.0135136186997582,104400,-0.0987653333333343,1.013889,0,0,1.027778,580,-1.14285861224826,0.424352878272012
"1982-07-06",1982-07-06,-0.0410962146743874,403200,-0.135802666666668,0.972222,0,0.972222,1.013889,581,-1.37500337500337,0.223006015430271
"1982-07-07",1982-07-07,-0.042856466938621,273600,-0.172839111111112,0.930556,0,0.930556,0.972222,582,-1.27272251240362,0.0216639848745797
"1982-07-08",1982-07-08,-0.007463280017538,129600,-0.179012444444445,0.923611,0,0.923611,0.930556,583,-1.03571722449651,-0.0118962417420696
"1982-07-09",1982-07-09,0.0150377160947629,248400,-0.166666666666668,0.9375,0.0148149333333334,0.923611,0.9375,583,-0.931033969084708,0.135758124341874
"1982-07-12",1982-07-12,0.00740693333333328,244800,-0.160494222222223,0.944444,0.0220584809686969,0,0.944444,0,1.4889355539026,0.208691774636504
"1982-07-13",1982-07-13,0,237600,-0.160494222222223,0.944444,0.0220584809686969,0,0.944444,0,-1,0.208691774636504
"1982-07-14",1982-07-14,0,54000,-0.160494222222223,0.944444,0.0220584809686969,0,0.944444,0,-1,0.208691774636504
"1982-07-15",1982-07-15,0,108000,-0.160494222222223,0.944444,0.0220584809686969,0,0.944444,0,-1,0.208691774636504
"1982-07-16",1982-07-16,0,18000,-0.160494222222223,0.944444,0.0220584809686969,0,0.944444,0,-1,0.208691774636504
"1982-07-19",1982-07-19,0,345600,-0.160494222222223,0.944444,0.0220584809686969,0,0.944444,0,-1,0.208691774636504
"1982-07-20",1982-07-20,0,25200,-0.160494222222223,0.944444,0.0220584809686969,0,0.944444,0,-1,0.208691774636504
"1982-07-21",1982-07-21,0,262800,-0.160494222222223,0.944444,0.0220584809686969,0,0.944444,0,-1,0.208691774636504
"1982-07-22",1982-07-22,0,54000,-0.160494222222223,0.944444,0.0220584809686969,0,0.944444,0,-1,0.208691774636504
"1982-07-23",1982-07-23,0,39600,-0.160494222222223,0.944444,0.0220584809686969,0,0.944444,0,-1,0.208691774636504
"1982-07-26",1982-07-26,0.00735353287225086,97200,-0.15432088888889,0.951389,0.0291973104587083,0,0.951389,0,1.32363196269689,0.281060975680108
"1982-07-27",1982-07-27,0,129600,-0.15432088888889,0.951389,0.0291973104587083,0,0.951389,0,-1,0.281060975680108
"1982-07-28",1982-07-28,0,136800,-0.15432088888889,0.951389,0.0291973104587083,0,0.951389,0,-1,0.281060975680108
"1982-07-29",1982-07-29,0,39600,-0.15432088888889,0.951389,0.0291973104587083,0,0.951389,0,-1,0.281060975680108
"1982-07-30",1982-07-30,0,3600,-0.15432088888889,0.951389,0.0291973104587083,0,0.951389,0,-1,0.281060975680108
"1982-08-02",1982-08-02,0,43200,-0.15432088888889,0.951389,0.0291973104587083,0,0.951389,0,-1,0.281060975680108
"1982-08-03",1982-08-03,0,72000,-0.15432088888889,0.951389,0.0291973104587083,0,0.951389,0,-1,0.281060975680108
"1982-08-04",1982-08-04,0,0,-0.15432088888889,0.951389,0.0291973104587083,0,0.951389,0,-1,0.281060975680108
"1982-08-05",1982-08-05,-0.00729985316206104,817200,-0.160494222222223,0.944444,0.0220584809686969,0.923611,0.951389,603,-1.04000322560207,0.208691774636504
"1982-08-06",1982-08-06,-0.00735247404822303,111600,-0.166666666666668,0.9375,0.0148149333333334,0.923611,0.951389,0,-1.03845898225481,0.135758124341875
"1982-08-09",1982-08-09,0,57600,-0.166666666666668,0.9375,0.0148149333333334,0.923611,0.951389,0,-1,0.135758124341875
"1982-08-10",1982-08-10,0,79200,-0.166666666666668,0.9375,0.0148149333333334,0.923611,0.951389,0,-1,0.135758124341875
"1982-08-11",1982-08-11,0,0,-0.166666666666668,0.9375,0.0148149333333334,0.923611,0.951389,0,-1,0.135758124341875
"1982-08-12",1982-08-12,-0.00740693333333328,61200,-0.172839111111112,0.930556,0.00746328001753804,0.923611,0.951389,0,-1.03703466666667,0.0622367767793434
"1982-08-13",1982-08-13,-0.007463280017538,36000,-0.179012444444445,0.923611,0,0.923611,0.944444,609,-1.03571722449651,-0.0118962417420702
"1982-08-16",1982-08-16,0.0075193994008301,115200,-0.172839111111112,0.930556,0.00746328001753804,0.923611,0.930556,609,-0.965514501785102,0.0622367767793434
"1982-08-17",1982-08-17,0,61200,-0.172839111111112,0.930556,0.00746328001753804,0,0.930556,0,-1,0.0622367767793434
"1982-08-18",1982-08-18,0.0149244107823709,169200,-0.160494222222223,0.944444,0.0220584809686969,0,0.944444,0,2.95560141343503,0.208691774636504
"1982-08-19",1982-08-19,0,43200,-0.160494222222223,0.944444,0.0220584809686969,0,0.944444,0,-1,0.208691774636504
"1982-08-20",1982-08-20,0,75600,-0.160494222222223,0.944444,0.0220584809686969,0,0.944444,0,-1,0.208691774636504
"1982-08-23",1982-08-23,0,50400,-0.160494222222223,0.944444,0.0220584809686969,0,0.944444,0,-1,0.208691774636504
"1982-08-24",1982-08-24,0.0147060069204739,43200,-0.148148444444445,0.958333,0.0362316647762313,0,0.958333,0,1.64252764402261,0.352857383779259
"1982-08-25",1982-08-25,0.0144928746062173,122400,-0.135802666666668,0.972222,0.0499998971428337,0,0.972222,0,1.38000551317848,0.494821546573244
"1982-08-26",1982-08-26,0.0142858318367615,100800,-0.12345688888889,0.986111,0.0633802888315819,0,0.986111,0,1.26760838428376,0.634677282632895
"1982-08-27",1982-08-27,0,25200,-0.12345688888889,0.986111,0.0633802888315819,0,0.986111,0,-1,0.634677282632895
"1982-08-30",1982-08-30,0,0,-0.12345688888889,0.986111,0.0633802888315819,0,0.986111,0,-1,0.634677282632895
"1982-08-31",1982-08-31,0.0140846213053095,133200,-0.111111111111112,1,0.076389,0,1,0,1.205248530864,0.772512443774954
"1982-09-01",1982-09-01,0.00694400000000006,115200,-0.104938666666668,1.006944,0.0827583261829854,0,1.006944,0,1.08338014875159,0.840693544924615
"1982-09-02",1982-09-02,0.00689710649251595,212400,-0.0987653333333343,1.013889,0.089041305310542,0,1.013889,0,1.07591960129383,0.908410067980001
"1982-09-03",1982-09-03,-0.00684986226302877,370800,-0.104938666666668,1.006944,0.0827583261829854,0.923611,1.013889,624,-1.06250506250506,0.840693544924615
"1982-09-07",1982-09-07,0.00689710649251595,205200,-0.0987653333333345,1.013889,0.00684986226302875,1.006944,1.013889,624,-0.941171986176055,0.461590933861656
"1982-09-08",1982-09-08,0,68400,-0.0987653333333345,1.013889,0.00684986226302875,0,1.013889,0,-1,0.461590933861656
"1982-09-09",1982-09-09,0.0136987382247959,334800,-0.0864195555555566,1.027778,0.0202709145360185,0,1.027778,0,2.95931710122525,0.601667713942071
"1982-09-10",1982-09-10,0.0067563228634976,324000,-0.080247111111112,1.034722,0.0268458581145465,0,1.034722,0,1.32435357402575,0.670966617422845
"1982-09-13",1982-09-13,0.00671194775021695,68400,-0.0740737777777788,1.041667,0.0333340693330977,0,1.041667,0,1.24168388251428,0.739798848169827
"1982-09-14",1982-09-14,0,43200,-0.0740737777777788,1.041667,0.0333340693330977,0,1.041667,0,-1,0.739798848169827
"1982-09-15",1982-09-15,0.0133334357333006,151200,-0.0617280000000011,1.055556,0.0460534542932823,0,1.055556,0,1.38157312367367,0.876061138936974
"1982-09-16",1982-09-16,0.00657852354588488,165600,-0.0555555555555566,1.0625,0.0522879999999999,0,1.0625,0,1.13537628832387,0.943509530044457
"1982-09-17",1982-09-17,0.013072,104400,-0.0432097777777788,1.076389,0.0645166385015082,0,1.076389,0,1.23387084037462,1.07710396513701
"1982-09-20",1982-09-20,0.0064511993340698,126000,-0.0370373333333344,1.083333,0.0705129447732138,0,1.083333,0,1.09294201326942,1.14325721000885
"1982-09-21",1982-09-21,0.0192313905327354,118800,-0.0185182222222235,1.104167,0.0880509922864927,0,1.104167,0,1.2487209627918,1.33927552770652
"1982-09-22",1982-09-22,-0.00628980942194431,270000,-0.0246915555555569,1.097222,0.0822787002083443,1.006944,1.104167,636,-1.33336533384532,1.27433526379396
"1982-09-23",1982-09-23,0,129600,-0.0246915555555569,1.097222,0.0822787002083443,1.006944,1.104167,0,-1,1.27433526379396
"1982-09-24",1982-09-24,0,75600,-0.0246915555555569,1.097222,0.0822787002083443,1.006944,1.104167,0,-1,1.27433526379396
"1982-09-27",1982-09-27,-0.00632871014252343,352800,-0.0308640000000011,1.090278,0.0764337169052297,1.006944,1.104167,0,-1.24998200014398,1.20900465927604
"1982-09-28",1982-09-28,-0.00636993500740176,212400,-0.0370373333333345,1.083333,0.0705129447732138,1.006944,1.104167,0,-1.20001728011059,1.14325721000885
"1982-09-29",1982-09-29,0,169200,-0.0370373333333345,1.083333,0.0705129447732138,1.006944,1.104167,0,-1,1.14325721000885
"1982-09-30",1982-09-30,-0.00640984812610717,100800,-0.043209777777779,1.076389,0.0645166385015082,1.006944,1.104167,0,-1.16665466676266,1.07710396513701
"1982-10-01",1982-10-01,0.0064511993340698,770400,-0.0370373333333344,1.083333,0.0705129447732138,1.006944,1.104167,0,1.09294201326942,1.14325721000885
"1982-10-04",1982-10-04,0,252000,-0.0370373333333344,1.083333,0.0705129447732138,1.006944,1.104167,0,-1,1.14325721000885
"1982-10-05",1982-10-05,0,522000,-0.0370373333333344,1.083333,0.0705129447732138,1.006944,1.104167,0,-1,1.14325721000885
"1982-10-06",1982-10-06,0.0064107712033142,147600,-0.0308640000000011,1.090278,0.0764337169052297,1.006944,1.104167,0,1.08396716590207,1.20900465927604
"1982-10-07",1982-10-07,0.0191079706276747,475200,-0.012345777777779,1.111111,0.0312498031249803,1.076389,1.111111,636,-0.40000576003689,1.064041378783
"1982-10-08",1982-10-08,0.0687501068750107,874800,0,1.1875,0.0935671578947368,0,1.1875,0,2.99416791589134,1.46993419436682
"1982-10-11",1982-10-11,0.011696,478800,0,1.201389,0.104046233151794,0,1.201389,0,1.11199522880502,1.52690181969508
"1982-10-12",1982-10-12,-0.0115607850579621,450000,-0.0115607850579621,1.1875,0.0935671578947368,1.076389,1.201389,650,0,1.40708604645998
"1982-10-13",1982-10-13,0.00584757894736847,424800,-0.00578080871391373,1.194444,0.0988367809625231,1.076389,1.201389,0,1.05631915285612,1.46715522469179
"1982-10-14",1982-10-14,0,82800,-0.00578080871391373,1.194444,0.0988367809625231,1.076389,1.201389,0,-1,1.46715522469179
"1982-10-15",1982-10-15,0,158400,-0.00578080871391373,1.194444,0.0988367809625231,1.076389,1.201389,0,-1,1.46715522469179
"1982-10-18",1982-10-18,0.0523256008653399,316800,0,1.256944,0.0552482847286753,1.1875,1.256944,650,0,1.26162046858697
"1982-10-19",1982-10-19,0,61200,0,1.256944,0.0552482847286753,0,1.256944,0,0,1.26162046858697
"1982-10-20",1982-10-20,0,100800,0,1.256944,0.0552482847286753,0,1.256944,0,0,1.26162046858697
"1982-10-21",1982-10-21,0.0110498160618134,252000,0,1.270833,0.0655735253963347,0,1.270833,0,1.18688798608621,1.31775179958234
"1982-10-22",1982-10-22,0,46800,0,1.270833,0.0655735253963347,0,1.270833,0,0,1.31775179958234
"1982-10-25",1982-10-25,-0.00546413258075613,154800,-0.00546413258075629,1.263889,0.0604396430382732,1.1875,1.270833,659,0,1.26013757986851
"1982-10-26",1982-10-26,-0.0164832512981758,162000,-0.0218573172084768,1.243056,0.0446930789924186,1.1875,1.270833,0,-4.00014400921648,1.08541556331009
"1982-10-27",1982-10-27,0.00558623263955933,43200,-0.0163931846277208,1.25,0.05,1.1875,1.270833,0,1.1187414500684,1.14397047680761
"1982-10-28",1982-10-28,-0.00555520000000005,108000,-0.0218573172084768,1.243056,0.0446930789924186,1.1875,1.270833,0,-1.33331733307732,1.08541556331009
"1982-10-29",1982-10-29,0,75600,-0.0218573172084768,1.243056,0.0446930789924186,1.1875,1.270833,0,-1,1.08541556331009
"1982-11-01",1982-11-01,0,25200,-0.0218573172084768,1.243056,0.0446930789924186,1.1875,1.270833,0,-1,1.08541556331009
"1982-11-02",1982-11-02,0.0111724652791187,507600,-0.0109290520469646,1.256944,0.0552482847286753,1.1875,1.270833,0,1.236170923423,1.20220662462348
"1982-11-03",1982-11-03,0.00552530582110259,133200,-0.00546413258075618,1.263889,0.0604396430382732,1.1875,1.270833,0,1.09396415354961,1.26013757986851
"1982-11-04",1982-11-04,0.0219781958700486,230400,0,1.291667,0.0376343128685644,1.243056,1.291667,659,0,1.16586524927089
"1982-11-05",1982-11-05,0.00537599861264557,72000,0,1.298611,0.0427803245159636,0,1.298611,0,1.13673722874578,1.19384062460436
"1982-11-08",1982-11-08,0,151200,0,1.298611,0.0427803245159636,0,1.298611,0,0,1.19384062460436
"1982-11-09",1982-11-09,0.0267377990791701,342000,0,1.333333,0.0677077669269418,0,1.333333,0,1.58268474334916,1.32935422335477
"1982-11-10",1982-11-10,0,147600,0,1.333333,0.0677077669269418,0,1.333333,0,0,1.32935422335477
"1982-11-11",1982-11-11,0,36000,0,1.333333,0.0677077669269418,0,1.333333,0,0,1.32935422335477
"1982-11-12",1982-11-12,0.00520875130218781,75600,0,1.340278,0.0725386822733792,0,1.340278,0,1.07134950044432,1.35561663379629
"1982-11-15",1982-11-15,-0.00518176079887902,100800,-0.00518176079887911,1.333333,0.0677077669269418,1.243056,1.340278,674,0,1.30118450412956
"1982-11-16",1982-11-16,-0.00520800130200037,115200,-0.0103627754838923,1.326389,0.0628269685589975,1.243056,1.340278,0,-1.99985601151908,1.24648525042034
"1982-11-17",1982-11-17,0,36000,-0.0103627754838923,1.326389,0.0628269685589975,1.243056,1.340278,0,-1,1.24648525042034
"1982-11-18",1982-11-18,0,46800,-0.0103627754838923,1.326389,0.0628269685589975,1.243056,1.340278,0,-1,1.24648525042034
"1982-11-19",1982-11-19,0,54000,-0.0103627754838923,1.326389,0.0628269685589975,1.243056,1.340278,0,-1,1.24648525042034
"1982-11-22",1982-11-22,-0.0104712870809393,230400,-0.0207255509677844,1.3125,0.0529097142857143,1.243056,1.340278,0,-1.99999999999998,1.13623648242198
"1982-11-23",1982-11-23,0,122400,-0.0207255509677844,1.3125,0.0529097142857143,1.243056,1.340278,0,-1,1.13623648242198
"1982-11-24",1982-11-24,0,57600,-0.0207255509677844,1.3125,0.0529097142857143,1.243056,1.340278,0,-1,1.13623648242198
"1982-11-26",1982-11-26,-0.00529066666666671,54000,-0.0259065656527976,1.305556,0.0478723241285706,1.243056,1.340278,0,-1.249982000144,1.08068594535447
"1982-11-29",1982-11-29,0,18000,-0.0259065656527976,1.305556,0.0478723241285706,1.243056,1.340278,0,-1,1.08068594535447
"1982-11-30",1982-11-30,0.00531880669998074,82800,-0.0207255509677844,1.3125,0.0529097142857143,1.243056,1.340278,0,1.105225519104,1.13623648242198
"1982-12-01",1982-12-01,-0.00529066666666671,493200,-0.0259065656527974,1.305556,0.0478723241285706,1.243056,1.340278,0,-1.24998200014399,1.08068594535447
"1982-12-02",1982-12-02,0,21600,-0.0259065656527974,1.305556,0.0478723241285706,1.243056,1.340278,0,-1,1.08068594535447
"1982-12-03",1982-12-03,0,302400,-0.0259065656527974,1.305556,0.0478723241285706,1.243056,1.340278,0,-1,1.08068594535447
"1982-12-06",1982-12-06,-0.00531957265716674,75600,-0.0310883264516765,1.298611,0.0427803245159636,1.243056,1.340278,0,-1.2000172801106,1.02483447759832
"1982-12-07",1982-12-07,0,75600,-0.0310883264516765,1.298611,0.0427803245159636,1.243056,1.340278,0,-1,1.02483447759832
"1982-12-08",1982-12-08,-0.00534725179441731,1537200,-0.0362693411366897,1.291667,0.0376343128685644,1.243056,1.340278,0,-1.16665466676267,0.968693439154718
"1982-12-09",1982-12-09,-0.0053767728059941,1623600,-0.0414511019355688,1.284722,0.032431919123359,1.243056,1.340278,0,-1.14286889798605,0.912241833368252
"1982-12-10",1982-12-10,-0.0054050603943887,140400,-0.0466321166205816,1.277778,0.0271737344045681,1.243056,1.340278,0,-1.12499100007199,0.855490986010579
"1982-12-13",1982-12-13,-0.0054352164460493,100800,-0.0518138774194608,1.270833,0.0218573172084767,1.243056,1.340278,0,-1.11112,0.79841951205165
"1982-12-14",1982-12-14,0.00546491946620837,18000,-0.0466321166205816,1.277778,0.0271737344045681,1.243056,1.340278,0,1.24323283344351,0.855490986010579
"1982-12-15",1982-12-15,-0.0108696502835391,39600,-0.0569948921044738,1.263889,0.0164832512981757,1.243056,1.340278,0,-1.222224,0.741038697245646
"1982-12-16",1982-12-16,0,21600,-0.0569948921044738,1.263889,0.0164832512981757,1.243056,1.340278,0,-1,0.741038697245646
"1982-12-17",1982-12-17,0.0054941533631514,7200,-0.0518138774194608,1.270833,0.0218573172084767,1.243056,1.340278,0,1.32603191039718,0.79841951205165
"1982-12-20",1982-12-20,-0.0109290520469645,43200,-0.0621766529033528,1.256944,0.0110490204814218,1.243056,1.340278,0,-1.2,0.683326750531648
"1982-12-21",1982-12-21,0,270000,-0.0621766529033528,1.256944,0.0110490204814218,1.243056,1.340278,0,-1,0.683326750531648
"1982-12-22",1982-12-22,-0.0110490204814217,892800,-0.0725386822733792,1.243056,0,1.243056,1.333333,700,-1.16665466676267,0.5669293933316
"1982-12-23",1982-12-23,0,72000,-0.0725386822733792,1.243056,0,1.243056,1.243056,700,-1,0.5669293933316
"1982-12-27",1982-12-27,0.00558623263955933,111600,-0.0673576675883661,1.25,0.00555520000000009,0,1.25,0,-0.92857583674477,0.625294911339273
"1982-12-28",1982-12-28,0,18000,-0.0673576675883661,1.25,0.00555520000000009,0,1.25,0,-1,0.625294911339273
"1982-12-29",1982-12-29,0,21600,-0.0673576675883661,1.25,0.00555520000000009,0,1.25,0,-1,0.625294911339273
"1982-12-30",1982-12-30,0,1148400,-0.0673576675883661,1.25,0.00555520000000009,0,1.25,0,-1,0.625294911339273
"1982-12-31",1982-12-31,0,21600,-0.0673576675883661,1.25,0.00555520000000009,0,1.25,0,-1,0.625294911339273
"1983-01-03",1983-01-03,0.00555520000000005,738000,-0.0621766529033528,1.256944,0.0110490204814218,0,1.256944,0,1.98895097951857,0.683326750531648
"1983-01-04",1983-01-04,0,309600,-0.0621766529033528,1.256944,0.0110490204814218,0,1.256944,0,-1,0.683326750531648
"1983-01-05",1983-01-05,0,39600,-0.0621766529033528,1.256944,0.0110490204814218,0,1.256944,0,-1,0.683326750531648
"1983-01-06",1983-01-06,0.00552530582110259,932400,-0.0569948921044738,1.263889,0.0164832512981757,0,1.263889,0,1.49182919208914,0.741038697245646
"1983-01-07",1983-01-07,0,540000,-0.0569948921044738,1.263889,0.0164832512981757,0,1.263889,0,-1,0.741038697245646
"1983-01-10",1983-01-10,0.0054941533631514,230400,-0.0518138774194606,1.270833,0.0218573172084767,0,1.270833,0,1.32603191039718,0.798419512051651
"1983-01-11",1983-01-11,0.00546491946620837,183600,-0.0466321166205816,1.277778,0.0271737344045681,0,1.277778,0,1.24323283344351,0.855490986010579
"1983-01-12",1983-01-12,-0.0108696502835391,104400,-0.0569948921044738,1.263889,0.0164832512981757,1.243056,1.277778,714,-1.222224,0.741038697245646
"1983-01-13",1983-01-13,0,32400,-0.0569948921044738,1.263889,0.0164832512981757,1.243056,1.277778,0,-1,0.741038697245646
"1983-01-14",1983-01-14,0,147600,-0.0569948921044738,1.263889,0.0164832512981757,1.243056,1.277778,0,-1,0.741038697245646
"1983-01-17",1983-01-17,0,43200,-0.0569948921044738,1.263889,0.0164832512981757,1.243056,1.277778,0,-1,0.741038697245646
"1983-01-18",1983-01-18,0,43200,-0.0569948921044738,1.263889,0.0164832512981757,1.243056,1.277778,0,-1,0.741038697245646
"1983-01-19",1983-01-19,-0.00549494457187299,7920000,-0.0621766529033527,1.256944,0.0110490204814218,1.243056,1.277778,0,-1.09091623139457,0.683326750531648
"1983-01-20",1983-01-20,0,288000,-0.0621766529033527,1.256944,0.0110490204814218,1.243056,1.277778,0,-1,0.683326750531648
"1983-01-21",1983-01-21,0,345600,-0.0621766529033527,1.256944,0.0110490204814218,1.243056,1.277778,0,-1,0.683326750531648
"1983-01-24",1983-01-24,-0.00552451024071085,90000,-0.067357667588366,1.25,0.00555520000000009,1.243056,1.277778,0,-1.08332733338134,0.625294911339273
"1983-01-25",1983-01-25,-0.00555520000000005,147600,-0.0725386822733792,1.243056,0,1.243056,1.263889,723,-1.07691796450963,0.5669293933316
"1983-01-26",1983-01-26,0,0,-0.0725386822733792,1.243056,0,1.243056,1.243056,723,-1,0.5669293933316
"1983-01-27",1983-01-27,0,147600,-0.0725386822733792,1.243056,0,0,1.243056,0,-1,0.5669293933316
"1983-01-28",1983-01-28,0,115200,-0.0725386822733792,1.243056,0,0,1.243056,0,-1,0.5669293933316
"1983-01-31",1983-01-31,-0.00558703710854537,295200,-0.0777204430722582,1.236111,0,0,1.243056,727,-1.07143444899303,0.538759674106388
"1983-02-01",1983-02-01,0,10800,-0.0777204430722582,1.236111,0,1.236111,1.236111,727,-1,0.538759674106388
"1983-02-02",1983-02-02,0,140400,-0.0777204430722582,1.236111,0,0,1.236111,0,-1,0.538759674106388
"1983-02-03",1983-02-03,-0.00561761848248261,302400,-0.0829014577572713,1.229167,0,0,1.236111,730,-1.066662186681,0.510594010996254
"1983-02-04",1983-02-04,0,7200,-0.0829014577572713,1.229167,0,1.229167,1.229167,730,-1,0.510594010996254
"1983-02-07",1983-02-07,0,50400,-0.0829014577572713,1.229167,0,0,1.229167,0,-1,0.510594010996254
"1983-02-08",1983-02-08,0.00564935440017513,320400,-0.0777204430722582,1.236111,0.00561761848248266,0,1.236111,0,-0.937503937503938,0.569298855961354
"1983-02-09",1983-02-09,0,14400,-0.0777204430722582,1.236111,0.00561761848248266,0,1.236111,0,-1,0.569298855961354
"1983-02-10",1983-02-10,0,262800,-0.0777204430722582,1.236111,0.00561761848248266,0,1.236111,0,-1,0.569298855961354
"1983-02-11",1983-02-11,0,57600,-0.0777204430722582,1.236111,0.00561761848248266,0,1.236111,0,-1,0.569298855961354
"1983-02-14",1983-02-14,0,158400,-0.0777204430722582,1.236111,0.00561761848248266,0,1.236111,0,-1,0.569298855961354
"1983-02-15",1983-02-15,0.00561842747131931,262800,-0.0725386822733791,1.243056,0.0111732697481047,0,1.243056,0,1.98896913041464,0.627670883309247
"1983-02-16",1983-02-16,0,97200,-0.0725386822733791,1.243056,0.0111732697481047,0,1.243056,0,-1,0.627670883309247
"1983-02-17",1983-02-17,0,140400,-0.0725386822733791,1.243056,0.0111732697481047,0,1.243056,0,-1,0.627670883309247
"1983-02-18",1983-02-18,0,709200,-0.0725386822733791,1.243056,0.0111732697481047,0,1.243056,0,-1,0.627670883309247
"1983-02-22",1983-02-22,0.00558623263955933,54000,-0.0673576675883659,1.25,0.0166664000000001,0,1.25,0,1.4916314002736,0.685698970191796
"1983-02-23",1983-02-23,-0.00555520000000005,54000,-0.0725386822733792,1.243056,0.0111732697481047,1.229167,1.25,743,-1.07691796450963,0.627670883309247
"1983-02-24",1983-02-24,0,226800,-0.0725386822733792,1.243056,0.0111732697481047,1.229167,1.25,0,-1,0.627670883309247
"1983-02-25",1983-02-25,0,61200,-0.0725386822733792,1.243056,0.0111732697481047,1.229167,1.25,0,-1,0.627670883309247
"1983-02-28",1983-02-28,0,1515600,-0.0725386822733792,1.243056,0.0111732697481047,1.229167,1.25,0,-1,0.627670883309247
"1983-03-01",1983-03-01,0,14400,-0.0725386822733792,1.243056,0.0111732697481047,1.229167,1.25,0,-1,0.627670883309247
"1983-03-02",1983-03-02,0.0111724652791187,2451600,-0.0621766529033527,1.256944,0.0110490204814218,1.243056,1.256944,743,-0.857151673489536,0.683326750531648
"1983-03-03",1983-03-03,0.00552530582110259,1148400,-0.0569948921044736,1.263889,0.0164832512981757,0,1.263889,0,1.49182919208914,0.741038697245647
"1983-03-04",1983-03-04,-0.00549494457187299,133200,-0.0621766529033526,1.256944,0.0110490204814218,1.243056,1.263889,750,-1.09091623139457,0.683326750531649
"1983-03-07",1983-03-07,0.00552530582110259,1854000,-0.0569948921044735,1.263889,0.00549494457187294,1.256944,1.263889,750,-0.916660666714665,0.681302725776755
"1983-03-08",1983-03-08,0.0109890979350244,734400,-0.0466321166205814,1.277778,0.0163048667295884,0,1.277778,0,2.96724862577293,0.796404323660901
"1983-03-09",1983-03-09,0.00543443383748964,147600,-0.0414511019355683,1.284722,0.0216217983345812,0,1.284722,0,1.32609476012117,0.853474537997079
"1983-03-10",1983-03-10,0.0270268587289703,590400,-0.0155445362827706,1.319444,0.0473684370083156,0,1.319444,0,2.19077230650866,1.13427797903506
"1983-03-11",1983-03-11,0.0157899842661,745200,0,1.340278,0.0621766529033529,0,1.340278,0,1.31261778581459,1.29928530757602
"1983-03-14",1983-03-14,0,1004400,0,1.340278,0.0621766529033529,0,1.340278,0,0,1.29928530757602
"1983-03-15",1983-03-15,0,198000,0,1.340278,0.0621766529033529,0,1.340278,0,0,1.29928530757602
"1983-03-16",1983-03-16,0.00518101468501299,507600,0,1.347222,0.0670104852800799,0,1.347222,0,1.07774352833435,1.32556357593291
"1983-03-17",1983-03-17,0.0154644149219654,2383200,0,1.368056,0.0812188974720333,0,1.368056,0,1.21203267119418,1.40280507696283
"1983-03-18",1983-03-18,0.0101516312197747,838800,0,1.381944,0.0904522903967165,0,1.381944,0,1.11368527783651,1.45300077226406
"1983-03-21",1983-03-21,0.0201006697811198,230400,0,1.409722,0.108374558955595,0,1.409722,0,1.19814057201065,1.55043199164642
"1983-03-22",1983-03-22,0.03448268523865,356400,0,1.458333,0.138095345850365,0,1.458333,0,1.27424136422042,1.71200375353846
"1983-03-23",1983-03-23,0.0047622868028084,165600,0,1.465278,0.14218052820011,0,1.465278,0,1.02958233186346,1.73421211942849
"1983-03-24",1983-03-24,0.00473903245663952,144000,0,1.472222,0.146226588109674,0,1.472222,0,1.02845720128335,1.75620780314385
"1983-03-25",1983-03-25,0.009434039159855,511200,0,1.486111,0.15420584330511,0,1.486111,0,1.05456774515898,1.79958560215966
"1983-03-28",1983-03-28,0,50400,0,1.486111,0.15420584330511,0,1.486111,0,0,1.79958560215966
"1983-03-29",1983-03-29,0,61200,0,1.486111,0.15420584330511,0,1.486111,0,0,1.79958560215966
"1983-03-30",1983-03-30,0.0186917397152703,388800,0,1.513889,0.169725125157789,0,1.513889,0,1.10064003749827,1.88395341251121
"1983-03-31",1983-03-31,0,338400,0,1.513889,0.169725125157789,0,1.513889,0,0,1.88395341251121
"1983-04-04",1983-04-04,0,190800,0,1.513889,0.169725125157789,0,1.513889,0,0,1.88395341251121
"1983-04-05",1983-04-05,0.00458686204867072,309600,0,1.520833,0.173516092825445,0,1.520833,0,1.02233592500893,1.90456233270931
"1983-04-06",1983-04-06,0,658800,0,1.520833,0.173516092825445,0,1.520833,0,0,1.90456233270931
"1983-04-07",1983-04-07,0,273600,0,1.520833,0.173516092825445,0,1.520833,0,0,1.90456233270931
"1983-04-08",1983-04-08,-0.0365293230749201,1990800,-0.0365293230749203,1.465278,0.14218052820011,1.256944,1.520833,774,0,1.53562696383231
"1983-04-11",1983-04-11,0,507600,-0.0365293230749203,1.465278,0.14218052820011,1.256944,1.520833,0,-1,1.53562696383231
"1983-04-12",1983-04-12,0.00473903245663952,1353600,-0.0319634042659519,1.472222,0.146226588109674,1.256944,1.520833,0,1.02845720128335,1.58244445153399
"1983-04-13",1983-04-13,0.01886807831971,673200,-0.0136984139612965,1.5,0.162037333333333,1.256944,1.520833,0,1.10812496843461,1.76769111564726
"1983-04-14",1983-04-14,0.00462933333333337,165600,-0.00913249515232795,1.506944,0.16589866644016,1.256944,1.520833,0,1.0238298978846,1.81350436900303
"1983-04-15",1983-04-15,0.0138253312664572,216000,0,1.527778,0.0409090849586785,1.465278,1.527778,774,0,1.18366796419456
"1983-04-18",1983-04-18,0.00454516297524892,248400,0,1.534722,0.0452485857373517,0,1.534722,0,1.10607670113024,1.20725888690547
"1983-04-19",1983-04-19,0,115200,0,1.534722,0.0452485857373517,0,1.534722,0,0,1.20725888690547
"1983-04-20",1983-04-20,0.00452524952401802,136800,0,1.541667,0.0495496109081921,0,1.541667,0,1.0950532508531,1.23064064383053
"1983-04-21",1983-04-21,0,129600,0,1.541667,0.0495496109081921,0,1.541667,0,0,1.23064064383053
"1983-04-22",1983-04-22,0.00450421524233188,280800,0,1.548611,0.0538114478070993,0,1.548611,0,1.08601151090376,1.25380936069832
"1983-04-25",1983-04-25,0,302400,0,1.548611,0.0538114478070993,0,1.548611,0,0,1.25380936069832
"1983-04-26",1983-04-26,0,907200,0,1.548611,0.0538114478070993,0,1.548611,0,0,1.25380936069832
"1983-04-27",1983-04-27,0,57600,0,1.548611,0.0538114478070993,0,1.548611,0,0,1.25380936069832
"1983-04-28",1983-04-28,0.00448466399889965,122400,0,1.555556,0.0580358405611883,0,1.555556,0,1.07850360706206,1.27677451914513
"1983-04-29",1983-04-29,0.00446399872457183,216000,0,1.5625,0.06222208,0,1.5625,0,1.07213196876847,1.29953226389211
"1983-05-02",1983-05-02,0.00888896000000003,111600,0,1.576389,0.0704845060451449,0,1.576389,0,1.13278929352964,1.34444947077306
"1983-05-03",1983-05-03,0,223200,0,1.576389,0.0704845060451449,0,1.576389,0,0,1.34444947077306
"1983-05-04",1983-05-04,0,212400,0,1.576389,0.0704845060451449,0,1.576389,0,0,1.34444947077306
"1983-05-05",1983-05-05,0,349200,0,1.576389,0.0704845060451449,0,1.576389,0,0,1.34444947077306
"1983-05-06",1983-05-06,-0.00440563845599023,1083600,-0.00440563845599018,1.569444,0.0663712754325736,1.465278,1.576389,794,0,1.29813815709188
"1983-05-09",1983-05-09,-0.00884899365635226,842400,-0.0132156466455932,1.555556,0.0580358405611883,1.465278,1.576389,0,-2.99971202303819,1.20493001110328
"1983-05-10",1983-05-10,0,72000,-0.0132156466455932,1.555556,0.0580358405611883,1.465278,1.576389,0,-1,1.20493001110328
"1983-05-11",1983-05-11,0,460800,-0.0132156466455932,1.555556,0.0580358405611883,1.465278,1.576389,0,-1,1.20493001110328
"1983-05-12",1983-05-12,0,565200,-0.0132156466455932,1.555556,0.0580358405611883,1.465278,1.576389,0,-1,1.20493001110328
"1983-05-13",1983-05-13,0,144000,-0.0132156466455932,1.555556,0.0580358405611883,1.465278,1.576389,0,-1,1.20493001110328
"1983-05-16",1983-05-16,0,201600,-0.0132156466455932,1.555556,0.0580358405611883,1.465278,1.576389,0,-1,1.20493001110328
"1983-05-17",1983-05-17,0,370800,-0.0132156466455932,1.555556,0.0580358405611883,1.465278,1.576389,0,-1,1.20493001110328
"1983-05-18",1983-05-18,0,25200,-0.0132156466455932,1.555556,0.0580358405611883,1.465278,1.576389,0,-1,1.20493001110328
"1983-05-19",1983-05-19,0,43200,-0.0132156466455932,1.555556,0.0580358405611883,1.465278,1.576389,0,-1,1.20493001110328
"1983-05-20",1983-05-20,0,75600,-0.0132156466455932,1.555556,0.0580358405611883,1.465278,1.576389,0,-1,1.20493001110328
"1983-05-23",1983-05-23,0,3600,-0.0132156466455932,1.555556,0.0580358405611883,1.465278,1.576389,0,-1,1.20493001110328
"1983-05-24",1983-05-24,0,79200,-0.0132156466455932,1.555556,0.0580358405611883,1.465278,1.576389,0,-1,1.20493001110328
"1983-05-25",1983-05-25,0,162000,-0.0132156466455932,1.555556,0.0580358405611883,1.465278,1.576389,0,-1,1.20493001110328
"1983-05-26",1983-05-26,0,43200,-0.0132156466455932,1.555556,0.0580358405611883,1.465278,1.576389,0,-1,1.20493001110328
"1983-05-27",1983-05-27,0.00446399872457183,406800,-0.00881064255079178,1.5625,0.06222208,1.465278,1.576389,0,1.07213196876847,1.25163477566703
"1983-05-31",1983-05-31,0.00444416000000004,86400,-0.00440563845599029,1.569444,0.0663712754325736,1.465278,1.576389,0,1.06668365044328,1.29813815709188
"1983-06-01",1983-06-01,0,475200,-0.00440563845599029,1.569444,0.0663712754325736,1.465278,1.576389,0,-1,1.29813815709188
"1983-06-02",1983-06-02,0,64800,-0.00440563845599029,1.569444,0.0663712754325736,1.465278,1.576389,0,-1,1.29813815709188
"1983-06-03",1983-06-03,0.00442513399649811,133200,-1.11022302462516e-16,1.576389,0.0132156466455933,1.555556,1.576389,794,-2.52000484314731e-14,1.03311752160579
"1983-06-06",1983-06-06,-0.00881064255079174,144000,-0.00881064255079189,1.5625,0.00444416000000003,1.555556,1.576389,814,-79359213017282,0.93753540925689
"1983-06-07",1983-06-07,0,532800,-0.00881064255079189,1.5625,0.00444416000000003,1.555556,1.576389,0,-1,0.93753540925689
"1983-06-08",1983-06-08,0,594000,-0.00881064255079189,1.5625,0.00444416000000003,1.555556,1.576389,0,-1,0.93753540925689
"1983-06-09",1983-06-09,0,90000,-0.00881064255079189,1.5625,0.00444416000000003,1.555556,1.576389,0,-1,0.93753540925689
"1983-06-10",1983-06-10,0,97200,-0.00881064255079189,1.5625,0.00444416000000003,1.555556,1.576389,0,-1,0.93753540925689
"1983-06-13",1983-06-13,0,363600,-0.00881064255079189,1.5625,0.00444416000000003,1.555556,1.576389,0,-1,0.93753540925689
"1983-06-14",1983-06-14,0.00888896000000003,349200,-2.22044604925031e-16,1.576389,0.00881064255079178,1.5625,1.576389,814,1.98252145530128,1.00917050178903
"1983-06-15",1983-06-15,0.00881064255079174,201600,0,1.590278,0.0174673862054308,0,1.590278,0,1.98253261379456,1.05623134608902
"1983-06-16",1983-06-16,0.00873369310271526,126000,0,1.604167,0.0259742283689914,0,1.604167,0,1.4870128858155,1.10247727764428
"1983-06-17",1983-06-17,0.0043287263732517,118800,0,1.611111,0.0301723469084377,0,1.611111,0,1.1616263043432,1.12529960100509
"1983-06-20",1983-06-20,0.00431068995246136,151200,0,1.618056,0.0343350291955284,0,1.618056,0,1.13796349020257,1.14792928149448
"1983-06-21",1983-06-21,0.00429156963665044,82800,0,1.625,0.0384615384615384,0,1.625,0,1.12018365391538,1.17036231380058
"1983-06-22",1983-06-22,0,1342800,0,1.625,0.0384615384615384,0,1.625,0,0,1.17036231380058
"1983-06-23",1983-06-23,0,554400,0,1.625,0.0384615384615384,0,1.625,0,0,1.17036231380058
"1983-06-24",1983-06-24,0,846000,0,1.625,0.0384615384615384,0,1.625,0,0,1.17036231380058
"1983-06-27",1983-06-27,0,306000,0,1.625,0.0384615384615384,0,1.625,0,0,1.17036231380058
"1983-06-28",1983-06-28,0,471600,0,1.625,0.0384615384615384,0,1.625,0,0,1.17036231380058
"1983-06-29",1983-06-29,0,374400,0,1.625,0.0384615384615384,0,1.625,0,0,1.17036231380058
"1983-06-30",1983-06-30,0,244800,0,1.625,0.0384615384615384,0,1.625,0,0,1.17036231380058
"1983-07-01",1983-07-01,0,518400,0,1.625,0.0384615384615384,0,1.625,0,0,1.17036231380058
"1983-07-05",1983-07-05,0,180000,0,1.625,0.0384615384615384,0,1.625,0,0,1.17036231380058
"1983-07-06",1983-07-06,0,140400,0,1.625,0.0384615384615384,0,1.625,0,0,1.17036231380058
"1983-07-07",1983-07-07,0,72000,0,1.625,0.0384615384615384,0,1.625,0,0,1.17036231380058
"1983-07-08",1983-07-08,0,370800,0,1.625,0.0384615384615384,0,1.625,0,0,1.17036231380058
"1983-07-11",1983-07-11,0,1177200,0,1.625,0.0384615384615384,0,1.625,0,0,1.17036231380058
"1983-07-12",1983-07-12,0,190800,0,1.625,0.0384615384615384,0,1.625,0,0,1.17036231380058
"1983-07-13",1983-07-13,0,54000,0,1.625,0.0384615384615384,0,1.625,0,0,1.17036231380058
"1983-07-14",1983-07-14,0,18000,0,1.625,0.0384615384615384,0,1.625,0,0,1.17036231380058
"1983-07-15",1983-07-15,0,7200,0,1.625,0.0384615384615384,0,1.625,0,0,1.17036231380058
"1983-07-18",1983-07-18,0,450000,0,1.625,0.0384615384615384,0,1.625,0,0,1.17036231380058
"1983-07-19",1983-07-19,0,302400,0,1.625,0.0384615384615384,0,1.625,0,0,1.17036231380058
"1983-07-20",1983-07-20,0,302400,0,1.625,0.0384615384615384,0,1.625,0,0,1.17036231380058
"1983-07-21",1983-07-21,0,176400,0,1.625,0.0384615384615384,0,1.625,0,0,1.17036231380058
"1983-07-22",1983-07-22,0,403200,0,1.625,0.0384615384615384,0,1.625,0,0,1.17036231380058
"1983-07-25",1983-07-25,0,1184400,0,1.625,0.0384615384615384,0,1.625,0,0,1.17036231380058
"1983-07-26",1983-07-26,0,590400,0,1.625,0.0384615384615384,0,1.625,0,0,1.17036231380058
"1983-07-27",1983-07-27,0,381600,0,1.625,0.0384615384615384,0,1.625,0,0,1.17036231380058
"1983-07-28",1983-07-28,0,0,0,1.625,0.0384615384615384,0,1.625,0,0,1.17036231380058
"1983-07-29",1983-07-29,0,86400,0,1.625,0.0384615384615384,0,1.625,0,0,1.17036231380058
"1983-08-01",1983-08-01,0,396000,0,1.625,0.0384615384615384,0,1.625,0,0,1.17036231380058
"1983-08-02",1983-08-02,0,172800,0,1.625,0.0384615384615384,0,1.625,0,0,1.17036231380058
"1983-08-03",1983-08-03,0.00854707692307695,208800,0,1.638889,0.0466102341281197,0,1.638889,0,1.21186608733111,1.21466124574452
"1983-08-04",1983-08-04,0,237600,0,1.638889,0.0466102341281197,0,1.638889,0,0,1.21466124574452
"1983-08-05",1983-08-05,0,428400,0,1.638889,0.0466102341281197,0,1.638889,0,0,1.21466124574452
"1983-08-08",1983-08-08,0,61200,0,1.638889,0.0466102341281197,0,1.638889,0,0,1.21466124574452
"1983-08-09",1983-08-09,0.0127116601551416,370800,0,1.659722,0.0585772798095102,0,1.659722,0,1.2567471694842,1.27971795713749
"1983-08-10",1983-08-10,0,133200,0,1.659722,0.0585772798095102,0,1.659722,0,0,1.27971795713749
"1983-08-11",1983-08-11,0,18000,0,1.659722,0.0585772798095102,0,1.659722,0,0,1.27971795713749
"1983-08-12",1983-08-12,0,50400,0,1.659722,0.0585772798095102,0,1.659722,0,0,1.27971795713749
"1983-08-15",1983-08-15,-0.00418383319616167,144000,-0.00418383319616156,1.652778,0.0546219758491462,1.5625,1.659722,863,0,1.2354709883302
"1983-08-16",1983-08-16,0,3348000,-0.00418383319616156,1.652778,0.0546219758491462,1.5625,1.659722,0,-1,1.2354709883302
"1983-08-17",1983-08-17,0,277200,-0.00418383319616156,1.652778,0.0546219758491462,1.5625,1.659722,0,-1,1.2354709883302
"1983-08-18",1983-08-18,0,442800,-0.00418383319616156,1.652778,0.0546219758491462,1.5625,1.659722,0,-1,1.2354709883302
"1983-08-19",1983-08-19,0,97200,-0.00418383319616156,1.652778,0.0546219758491462,1.5625,1.659722,0,-1,1.2354709883302
"1983-08-22",1983-08-22,0,21600,-0.00418383319616156,1.652778,0.0546219758491462,1.5625,1.659722,0,-1,1.2354709883302
"1983-08-23",1983-08-23,0,39600,-0.00418383319616156,1.652778,0.0546219758491462,1.5625,1.659722,0,-1,1.2354709883302
"1983-08-24",1983-08-24,0,208800,-0.00418383319616156,1.652778,0.0546219758491462,1.5625,1.659722,0,-1,1.2354709883302
"1983-08-25",1983-08-25,0,162000,-0.00418383319616156,1.652778,0.0546219758491462,1.5625,1.659722,0,-1,1.2354709883302
"1983-08-26",1983-08-26,0,266400,-0.00418383319616156,1.652778,0.0546219758491462,1.5625,1.659722,0,-1,1.2354709883302
"1983-08-29",1983-08-29,0,144000,-0.00418383319616156,1.652778,0.0546219758491462,1.5625,1.659722,0,-1,1.2354709883302
"1983-08-30",1983-08-30,0,108000,-0.00418383319616156,1.652778,0.0546219758491462,1.5625,1.659722,0,-1,1.2354709883302
"1983-08-31",1983-08-31,0,313200,-0.00418383319616156,1.652778,0.0546219758491462,1.5625,1.659722,0,-1,1.2354709883302
"1983-09-01",1983-09-01,0,500400,-0.00418383319616156,1.652778,0.0546219758491462,1.5625,1.659722,0,-1,1.2354709883302
"1983-09-02",1983-09-02,0,104400,-0.00418383319616156,1.652778,0.0546219758491462,1.5625,1.659722,0,-1,1.2354709883302
"1983-09-06",1983-09-06,0.0126048386413662,633600,0,1.673611,0.0124479344363774,1.652778,1.673611,863,0,1.02894399098198
"1983-09-07",1983-09-07,-0.0041491123086548,108000,-0.00414911230865456,1.666667,0.00833339833332025,1.652778,1.673611,879,0,0.984020138923015
"1983-09-08",1983-09-08,0,36000,-0.00414911230865456,1.666667,0.00833339833332025,1.652778,1.673611,0,-1,0.984020138923015
"1983-09-09",1983-09-09,0,75600,-0.00414911230865456,1.666667,0.00833339833332025,1.652778,1.673611,0,-1,0.984020138923015
"1983-09-12",1983-09-12,0,241200,-0.00414911230865456,1.666667,0.00833339833332025,1.652778,1.673611,0,-1,0.984020138923015
"1983-09-13",1983-09-13,0.0041663991667202,1083600,0,1.673611,0.00414911230865478,1.666667,1.673611,879,0,0.983828923283661
"1983-09-14",1983-09-14,0,1288800,0,1.673611,0.00414911230865478,0,1.673611,0,0,0.983828923283661
"1983-09-15",1983-09-15,0,673200,0,1.673611,0.00414911230865478,0,1.673611,0,0,0.983828923283661
"1983-09-16",1983-09-16,0.00414970981906786,504000,0,1.680556,0.00826452673995992,0,1.680556,0,1.99187829230861,1.00620164049792
"1983-09-19",1983-09-19,0,349200,0,1.680556,0.00826452673995992,0,1.680556,0,0,1.00620164049792
"1983-09-20",1983-09-20,0,435600,0,1.680556,0.00826452673995992,0,1.680556,0,0,1.00620164049792
"1983-09-21",1983-09-21,0,446400,0,1.680556,0.00826452673995992,0,1.680556,0,0,1.00620164049792
"1983-09-22",1983-09-22,0.028925546069277,277200,0,1.729167,0.0361445713456248,0,1.729167,0,4.37345930177244,1.1577665349442
"1983-09-23",1983-09-23,0.024095995354989,478800,0,1.770833,0.0588231640137722,0,1.770833,0,1.62744118477124,1.2810546627989
"1983-09-26",1983-09-26,0,46800,0,1.770833,0.0588231640137722,0,1.770833,0,0,1.2810546627989
"1983-09-27",1983-09-27,0,972000,0,1.770833,0.0588231640137722,0,1.770833,0,0,1.2810546627989
"1983-09-28",1983-09-28,0.00392188309117798,396000,0,1.777778,0.0624999296875088,0,1.777778,0,1.06250540472246,1.30104274420715
"1983-09-29",1983-09-29,0,39600,0,1.777778,0.0624999296875088,0,1.777778,0,0,1.30104274420715
"1983-09-30",1983-09-30,-0.00390656201167974,302400,-0.00390656201167972,1.770833,0.0588231640137722,1.666667,1.777778,896,0,1.25981733454772
"1983-10-03",1983-10-03,0,93600,-0.00390656201167972,1.770833,0.0588231640137722,1.666667,1.777778,0,-1,1.25981733454772
"1983-10-04",1983-10-04,0,32400,-0.00390656201167972,1.770833,0.0588231640137722,1.666667,1.777778,0,-1,1.25981733454772
"1983-10-05",1983-10-05,0.00392188309117798,666000,0,1.777778,0.00390656201167972,1.770833,1.777778,896,0,0.982510341815127
"1983-10-06",1983-10-06,0,349200,0,1.777778,0.00390656201167972,0,1.777778,0,0,0.982510341815127
"1983-10-07",1983-10-07,0,82800,0,1.777778,0.00390656201167972,0,1.777778,0,0,0.982510341815127
"1983-10-10",1983-10-10,0,342000,0,1.777778,0.00390656201167972,0,1.777778,0,0,0.982510341815127
"1983-10-11",1983-10-11,0,86400,0,1.777778,0.00390656201167972,0,1.777778,0,0,0.982510341815127
"1983-10-12",1983-10-12,-0.00390656201167974,133200,-0.00390656201167972,1.770833,0,0,1.777778,904,0,0.940035685312763
"1983-10-13",1983-10-13,-0.00392131838518938,115200,-0.0078125615234298,1.763889,0,1.763889,1.770833,905,-1.99985601151909,0.918801414992215
"1983-10-14",1983-10-14,0,50400,-0.0078125615234298,1.763889,0,1.763889,1.763889,905,-1,0.918801414992215
"1983-10-17",1983-10-17,0,36000,-0.0078125615234298,1.763889,0,0,1.763889,0,-1,0.918801414992215
"1983-10-18",1983-10-18,0,126000,-0.0078125615234298,1.763889,0,0,1.763889,0,-1,0.918801414992215
"1983-10-19",1983-10-19,-0.00393732258662534,309600,-0.0117191235351095,1.756944,0,0,1.763889,909,-1.500035999712,0.897564086741033
"1983-10-20",1983-10-20,0,151200,-0.0117191235351095,1.756944,0,1.756944,1.756944,909,-1,0.897564086741033
"1983-10-21",1983-10-21,-0.0158098379914216,547200,-0.0273436840820395,1.729167,0,0,1.756944,911,-2.33325333589326,0.812623947528207
"1983-10-24",1983-10-24,-0.020080767213346,410400,-0.0468753691405788,1.694444,0,1.694444,1.729167,912,-1.71430334697908,0.706443422133565
"1983-10-25",1983-10-25,0,378000,-0.0468753691405788,1.694444,0,1.694444,1.694444,912,-1,0.706443422133565
"1983-10-26",1983-10-26,0,489600,-0.0468753691405788,1.694444,0,0,1.694444,0,-1,0.706443422133565
"1983-10-27",1983-10-27,0,7200,-0.0468753691405788,1.694444,0,0,1.694444,0,-1,0.706443422133565
"1983-10-28",1983-10-28,-0.0040980994355671,536400,-0.0507813686523289,1.6875,0,0,1.694444,916,-1.08332733338133,0.685209151813017
"1983-10-31",1983-10-31,0,46800,-0.0507813686523289,1.6875,0,1.6875,1.6875,916,-1,0.685209151813017
"1983-11-01",1983-11-01,0,79200,-0.0507813686523289,1.6875,0,0,1.6875,0,-1,0.685209151813017
"1983-11-02",1983-11-02,0,144000,-0.0507813686523289,1.6875,0,0,1.6875,0,-1,0.685209151813017
"1983-11-03",1983-11-03,0,115200,-0.0507813686523289,1.6875,0,0,1.6875,0,-1,0.685209151813017
"1983-11-04",1983-11-04,-0.004114962962963,64800,-0.0546873681640789,1.680556,0,0,1.6875,921,-1.07691796450963,0.663974881492469
"1983-11-07",1983-11-07,-0.0041325608905624,759600,-0.0585939301757586,1.673611,0,1.673611,1.680556,922,-1.07143444899303,0.642737553241287
"1983-11-08",1983-11-08,0,230400,-0.0585939301757586,1.673611,0,1.673611,1.673611,922,-1,0.642737553241287
"1983-11-09",1983-11-09,0,104400,-0.0585939301757586,1.673611,0,0,1.673611,0,-1,0.642737553241287
"1983-11-10",1983-11-10,-0.0041491123086548,201600,-0.0624999296875087,1.666667,0,0,1.673611,925,-1.066662186681,0.621503282920739
"1983-11-11",1983-11-11,0,75600,-0.0624999296875087,1.666667,0,1.666667,1.666667,925,-1,0.621503282920739
"1983-11-14",1983-11-14,-0.00416699916660015,61200,-0.0664064916991884,1.659722,0,0,1.666667,927,-1.06250506250506,0.600265954669557
"1983-11-15",1983-11-15,0,1389600,-0.0664064916991884,1.659722,0,1.659722,1.659722,927,-1,0.600265954669557
"1983-11-16",1983-11-16,0,212400,-0.0664064916991884,1.659722,0,0,1.659722,0,-1,0.600265954669557
"1983-11-17",1983-11-17,0,1951200,-0.0664064916991884,1.659722,0,0,1.659722,0,-1,0.600265954669557
"1983-11-18",1983-11-18,0,158400,-0.0664064916991884,1.659722,0,0,1.659722,0,-1,0.600265954669557
"1983-11-21",1983-11-21,0,1080000,-0.0664064916991884,1.659722,0,0,1.659722,0,-1,0.600265954669557
"1983-11-22",1983-11-22,0,1620000,-0.0664064916991884,1.659722,0,0,1.659722,0,-1,0.600265954669557
"1983-11-23",1983-11-23,0.00418443570670268,507600,-0.0624999296875086,1.666667,0.00416699916660013,0,1.666667,0,-0.941171986176051,0.644156431356347
"1983-11-25",1983-11-25,-0.00416699916660015,565200,-0.0664064916991882,1.659722,0,0,1.666667,935,-1.06250506250506,0.600265954669558
"1983-11-28",1983-11-28,0,46800,-0.0664064916991882,1.659722,0,1.659722,1.659722,935,-1,0.600265954669558
"1983-11-29",1983-11-29,0.00418443570670268,1411200,-0.0624999296875086,1.666667,0.00416699916660013,0,1.666667,0,-0.941171986176054,0.644156431356347
"1983-11-30",1983-11-30,0.0041663991667202,1036800,-0.0585939301757584,1.673611,0.0082988221277227,0,1.673611,0,1.99155838432618,0.687852620939608
"1983-12-01",1983-12-01,0,907200,-0.0585939301757584,1.673611,0.0082988221277227,0,1.673611,0,-1,0.687852620939608
"1983-12-02",1983-12-02,0,154800,-0.0585939301757584,1.673611,0.0082988221277227,0,1.673611,0,-1,0.687852620939608
"1983-12-05",1983-12-05,-0.0041491123086548,50400,-0.0624999296875086,1.666667,0.00416699916660013,1.659722,1.673611,941,-1.06666218668101,0.644156431356347
"1983-12-06",1983-12-06,0,205200,-0.0624999296875086,1.666667,0.00416699916660013,1.659722,1.673611,0,-1,0.644156431356347
"1983-12-07",1983-12-07,0,36000,-0.0624999296875086,1.666667,0.00416699916660013,1.659722,1.673611,0,-1,0.644156431356347
"1983-12-08",1983-12-08,0,478800,-0.0624999296875086,1.666667,0.00416699916660013,1.659722,1.673611,0,-1,0.644156431356347
"1983-12-09",1983-12-09,0,43200,-0.0624999296875086,1.666667,0.00416699916660013,1.659722,1.673611,0,-1,0.644156431356347
"1983-12-12",1983-12-12,0,108000,-0.0624999296875086,1.666667,0.00416699916660013,1.659722,1.673611,0,-1,0.644156431356347
"1983-12-13",1983-12-13,0,111600,-0.0624999296875086,1.666667,0.00416699916660013,1.659722,1.673611,0,-1,0.644156431356347
"1983-12-14",1983-12-14,0,32400,-0.0624999296875086,1.666667,0.00416699916660013,1.659722,1.673611,0,-1,0.644156431356347
"1983-12-15",1983-12-15,0,111600,-0.0624999296875086,1.666667,0.00416699916660013,1.659722,1.673611,0,-1,0.644156431356347
"1983-12-16",1983-12-16,0,241200,-0.0624999296875086,1.666667,0.00416699916660013,1.659722,1.673611,0,-1,0.644156431356347
"1983-12-19",1983-12-19,0,3600,-0.0624999296875086,1.666667,0.00416699916660013,1.659722,1.673611,0,-1,0.644156431356347
"1983-12-20",1983-12-20,0,230400,-0.0624999296875086,1.666667,0.00416699916660013,1.659722,1.673611,0,-1,0.644156431356347
"1983-12-21",1983-12-21,0,4273200,-0.0624999296875086,1.666667,0.00416699916660013,1.659722,1.673611,0,-1,0.644156431356347
"1983-12-22",1983-12-22,0,82800,-0.0624999296875086,1.666667,0.00416699916660013,1.659722,1.673611,0,-1,0.644156431356347
"1983-12-23",1983-12-23,0,111600,-0.0624999296875086,1.666667,0.00416699916660013,1.659722,1.673611,0,-1,0.644156431356347
"1983-12-27",1983-12-27,0,248400,-0.0624999296875086,1.666667,0.00416699916660013,1.659722,1.673611,0,-1,0.644156431356347
"1983-12-28",1983-12-28,0,219600,-0.0624999296875086,1.666667,0.00416699916660013,1.659722,1.673611,0,-1,0.644156431356347
"1983-12-29",1983-12-29,0,10800,-0.0624999296875086,1.666667,0.00416699916660013,1.659722,1.673611,0,-1,0.644156431356347
"1983-12-30",1983-12-30,0,3600,-0.0624999296875086,1.666667,0.00416699916660013,1.659722,1.673611,0,-1,0.644156431356347
"1984-01-03",1984-01-03,0,122400,-0.0624999296875086,1.666667,0.00416699916660013,1.659722,1.673611,0,-1,0.644156431356347
"1984-01-04",1984-01-04,0,586800,-0.0624999296875086,1.666667,0.00416699916660013,1.659722,1.673611,0,-1,0.644156431356347
"1984-01-05",1984-01-05,0,244800,-0.0624999296875086,1.666667,0.00416699916660013,1.659722,1.673611,0,-1,0.644156431356347
"1984-01-06",1984-01-06,0.0041663991667202,190800,-0.0585939301757584,1.673611,0.00414911230865478,1.666667,1.673611,941,-0.937503937503935,0.665293462961004
"1984-01-09",1984-01-09,0,46800,-0.0585939301757584,1.673611,0.00414911230865478,0,1.673611,0,-1,0.665293462961004
"1984-01-10",1984-01-10,0,61200,-0.0585939301757584,1.673611,0.00414911230865478,0,1.673611,0,-1,0.665293462961004
"1984-01-11",1984-01-11,0,18000,-0.0585939301757584,1.673611,0.00414911230865478,0,1.673611,0,-1,0.665293462961004
"1984-01-12",1984-01-12,0,72000,-0.0585939301757584,1.673611,0.00414911230865478,0,1.673611,0,-1,0.665293462961004
"1984-01-13",1984-01-13,0,406800,-0.0585939301757584,1.673611,0.00414911230865478,0,1.673611,0,-1,0.665293462961004
"1984-01-16",1984-01-16,0,36000,-0.0585939301757584,1.673611,0.00414911230865478,0,1.673611,0,-1,0.665293462961004
"1984-01-17",1984-01-17,0,43200,-0.0585939301757584,1.673611,0.00414911230865478,0,1.673611,0,-1,0.665293462961004
"1984-01-18",1984-01-18,0,61200,-0.0585939301757584,1.673611,0.00414911230865478,0,1.673611,0,-1,0.665293462961004
"1984-01-19",1984-01-19,0,169200,-0.0585939301757584,1.673611,0.00414911230865478,0,1.673611,0,-1,0.665293462961004
"1984-01-20",1984-01-20,0,90000,-0.0585939301757584,1.673611,0.00414911230865478,0,1.673611,0,-1,0.665293462961004
"1984-01-23",1984-01-23,0,90000,-0.0585939301757584,1.673611,0.00414911230865478,0,1.673611,0,-1,0.665293462961004
"1984-01-24",1984-01-24,0,50400,-0.0585939301757584,1.673611,0.00414911230865478,0,1.673611,0,-1,0.665293462961004
"1984-01-25",1984-01-25,0,97200,-0.0585939301757584,1.673611,0.00414911230865478,0,1.673611,0,-1,0.665293462961004
"1984-01-26",1984-01-26,0,93600,-0.0585939301757584,1.673611,0.00414911230865478,0,1.673611,0,-1,0.665293462961004
"1984-01-27",1984-01-27,0.00829882212772265,255600,-0.0507813686523285,1.6875,0.0123454814814815,0,1.6875,0,2.9754512683905,0.752323161998249
"1984-01-30",1984-01-30,0,154800,-0.0507813686523285,1.6875,0.0123454814814815,0,1.6875,0,-1,0.752323161998249
"1984-01-31",1984-01-31,0,198000,-0.0507813686523285,1.6875,0.0123454814814815,0,1.6875,0,-1,0.752323161998249
"1984-02-01",1984-02-01,0.004114962962963,64800,-0.0468753691405783,1.694444,0.0163929879063576,0,1.694444,0,1.32785326606722,0.795560979756895
"1984-02-02",1984-02-02,0,190800,-0.0468753691405783,1.694444,0.0163929879063576,0,1.694444,0,-1,0.795560979756895
"1984-02-03",1984-02-03,0,86400,-0.0468753691405783,1.694444,0.0163929879063576,0,1.694444,0,-1,0.795560979756895
"1984-02-06",1984-02-06,0,97200,-0.0468753691405783,1.694444,0.0163929879063576,0,1.694444,0,-1,0.795560979756895
"1984-02-07",1984-02-07,-0.0040980994355671,234000,-0.0507813686523285,1.6875,0.0123454814814815,1.666667,1.694444,985,-1.08332733338134,0.752323161998249
"1984-02-08",1984-02-08,0,284400,-0.0507813686523285,1.6875,0.0123454814814815,1.666667,1.694444,0,-1,0.752323161998249
"1984-02-09",1984-02-09,0,176400,-0.0507813686523285,1.6875,0.0123454814814815,1.666667,1.694444,0,-1,0.752323161998249
"1984-02-10",1984-02-10,0,28800,-0.0507813686523285,1.6875,0.0123454814814815,1.666667,1.694444,0,-1,0.752323161998249
"1984-02-13",1984-02-13,-0.004114962962963,702000,-0.0546873681640786,1.680556,0.00826452673995992,1.666667,1.694444,0,-1.07691796450963,0.708903508426445
"1984-02-14",1984-02-14,0.0041319658493975,90000,-0.0507813686523285,1.6875,0.0123454814814815,1.666667,1.694444,0,1.49379170398103,0.752323161998249
"1984-02-15",1984-02-15,0,68400,-0.0507813686523285,1.6875,0.0123454814814815,1.666667,1.694444,0,-1,0.752323161998249
"1984-02-16",1984-02-16,-0.004114962962963,50400,-0.0546873681640786,1.680556,0.00826452673995992,1.666667,1.694444,0,-1.07691796450963,0.708903508426445
"1984-02-17",1984-02-17,0,50400,-0.0546873681640786,1.680556,0.00826452673995992,1.666667,1.694444,0,-1,0.708903508426445
"1984-02-21",1984-02-21,0,46800,-0.0546873681640786,1.680556,0.00826452673995992,1.666667,1.694444,0,-1,0.708903508426445
"1984-02-22",1984-02-22,0,457200,-0.0546873681640786,1.680556,0.00826452673995992,1.666667,1.694444,0,-1,0.708903508426445
"1984-02-23",1984-02-23,0,932400,-0.0546873681640786,1.680556,0.00826452673995992,1.666667,1.694444,0,-1,0.708903508426445
"1984-02-24",1984-02-24,0,36000,-0.0546873681640786,1.680556,0.00826452673995992,1.666667,1.694444,0,-1,0.708903508426445
"1984-02-27",1984-02-27,0,10800,-0.0546873681640786,1.680556,0.00826452673995992,1.666667,1.694444,0,-1,0.708903508426445
"1984-02-28",1984-02-28,0,144000,-0.0546873681640786,1.680556,0.00826452673995992,1.666667,1.694444,0,-1,0.708903508426445
"1984-02-29",1984-02-29,0,21600,-0.0546873681640786,1.680556,0.00826452673995992,1.666667,1.694444,0,-1,0.708903508426445
"1984-03-01",1984-03-01,0,108000,-0.0546873681640786,1.680556,0.00826452673995992,1.666667,1.694444,0,-1,0.708903508426445
"1984-03-02",1984-03-02,0,57600,-0.0546873681640786,1.680556,0.00826452673995992,1.666667,1.694444,0,-1,0.708903508426445
"1984-03-05",1984-03-05,-0.0041325608905624,79200,-0.0585939301757583,1.673611,0.00414911230865478,1.666667,1.694444,0,-1.07143444899303,0.665293462961005
"1984-03-06",1984-03-06,0,720000,-0.0585939301757583,1.673611,0.00414911230865478,1.666667,1.694444,0,-1,0.665293462961005
"1984-03-07",1984-03-07,0,446400,-0.0585939301757583,1.673611,0.00414911230865478,1.666667,1.694444,0,-1,0.665293462961005
"1984-03-08",1984-03-08,0,561600,-0.0585939301757583,1.673611,0.00414911230865478,1.666667,1.694444,0,-1,0.665293462961005
"1984-03-09",1984-03-09,0,46800,-0.0585939301757583,1.673611,0.00414911230865478,1.666667,1.694444,0,-1,0.665293462961005
"1984-03-12",1984-03-12,0,165600,-0.0585939301757583,1.673611,0.00414911230865478,1.666667,1.694444,0,-1,0.665293462961005
"1984-03-13",1984-03-13,0,46800,-0.0585939301757583,1.673611,0.00414911230865478,1.666667,1.694444,0,-1,0.665293462961005
"1984-03-14",1984-03-14,0,151200,-0.0585939301757583,1.673611,0.00414911230865478,1.666667,1.694444,0,-1,0.665293462961005
"1984-03-15",1984-03-15,0,39600,-0.0585939301757583,1.673611,0.00414911230865478,1.666667,1.694444,0,-1,0.665293462961005
"1984-03-16",1984-03-16,0,18000,-0.0585939301757583,1.673611,0.00414911230865478,1.666667,1.694444,0,-1,0.665293462961005
"1984-03-19",1984-03-19,0,68400,-0.0585939301757583,1.673611,0.00414911230865478,1.666667,1.694444,0,-1,0.665293462961005
"1984-03-20",1984-03-20,0,216000,-0.0585939301757583,1.673611,0.00414911230865478,1.666667,1.694444,0,-1,0.665293462961005
"1984-03-21",1984-03-21,0,154800,-0.0585939301757583,1.673611,0.00414911230865478,1.666667,1.694444,0,-1,0.665293462961005
"1984-03-22",1984-03-22,0,162000,-0.0585939301757583,1.673611,0.00414911230865478,1.666667,1.694444,0,-1,0.665293462961005
"1984-03-23",1984-03-23,0,597600,-0.0585939301757583,1.673611,0.00414911230865478,1.666667,1.694444,0,-1,0.665293462961005
"1984-03-26",1984-03-26,0,14400,-0.0585939301757583,1.673611,0.00414911230865478,1.666667,1.694444,0,-1,0.665293462961005
"1984-03-27",1984-03-27,0,118800,-0.0585939301757583,1.673611,0.00414911230865478,1.666667,1.694444,0,-1,0.665293462961005
"1984-03-28",1984-03-28,0,10800,-0.0585939301757583,1.673611,0.00414911230865478,1.666667,1.694444,0,-1,0.665293462961005
"1984-03-29",1984-03-29,0,18000,-0.0585939301757583,1.673611,0.00414911230865478,1.666667,1.694444,0,-1,0.665293462961005
"1984-03-30",1984-03-30,0,39600,-0.0585939301757583,1.673611,0.00414911230865478,1.666667,1.694444,0,-1,0.665293462961005
"1984-04-02",1984-04-02,0,90000,-0.0585939301757583,1.673611,0.00414911230865478,1.666667,1.694444,0,-1,0.665293462961005
"1984-04-03",1984-04-03,0,363600,-0.0585939301757583,1.673611,0.00414911230865478,1.666667,1.694444,0,-1,0.665293462961005
"1984-04-04",1984-04-04,0,21600,-0.0585939301757583,1.673611,0.00414911230865478,1.666667,1.694444,0,-1,0.665293462961005
"1984-04-05",1984-04-05,0,28800,-0.0585939301757583,1.673611,0.00414911230865478,1.666667,1.694444,0,-1,0.665293462961005
"1984-04-06",1984-04-06,0,111600,-0.0585939301757583,1.673611,0.00414911230865478,1.666667,1.694444,0,-1,0.665293462961005
"1984-04-09",1984-04-09,0,478800,-0.0585939301757583,1.673611,0.00414911230865478,1.666667,1.694444,0,-1,0.665293462961005
"1984-04-10",1984-04-10,0,0,-0.0585939301757583,1.673611,0.00414911230865478,1.666667,1.694444,0,-1,0.665293462961005
"1984-04-11",1984-04-11,0,43200,-0.0585939301757583,1.673611,0.00414911230865478,1.666667,1.694444,0,-1,0.665293462961005
"1984-04-12",1984-04-12,0,108000,-0.0585939301757583,1.673611,0.00414911230865478,1.666667,1.694444,0,-1,0.665293462961005
"1984-04-13",1984-04-13,0,82800,-0.0585939301757583,1.673611,0.00414911230865478,1.666667,1.694444,0,-1,0.665293462961005
"1984-04-16",1984-04-16,0,367200,-0.0585939301757583,1.673611,0.00414911230865478,1.666667,1.694444,0,-1,0.665293462961005
"1984-04-17",1984-04-17,0,82800,-0.0585939301757583,1.673611,0.00414911230865478,1.666667,1.694444,0,-1,0.665293462961005
"1984-04-18",1984-04-18,0,18000,-0.0585939301757583,1.673611,0.00414911230865478,1.666667,1.694444,0,-1,0.665293462961005
"1984-04-19",1984-04-19,0,259200,-0.0585939301757583,1.673611,0.00414911230865478,1.666667,1.694444,0,-1,0.665293462961005
"1984-04-23",1984-04-23,0.00414970981906786,252000,-0.0546873681640784,1.680556,0.00826452673995992,1.666667,1.694444,0,1.99187829230861,0.708903508426447
"1984-04-24",1984-04-24,0,18000,-0.0546873681640784,1.680556,0.00826452673995992,1.666667,1.694444,0,-1,0.708903508426447
"1984-04-25",1984-04-25,0,46800,-0.0546873681640784,1.680556,0.00826452673995992,1.666667,1.694444,0,-1,0.708903508426447
"1984-04-26",1984-04-26,0,194400,-0.0546873681640784,1.680556,0.00826452673995992,1.666667,1.694444,0,-1,0.708903508426447
"1984-04-27",1984-04-27,0,115200,-0.0546873681640784,1.680556,0.00826452673995992,1.666667,1.694444,0,-1,0.708903508426447
"1984-04-30",1984-04-30,0,3600,-0.0546873681640784,1.680556,0.00826452673995992,1.666667,1.694444,0,-1,0.708903508426447
"1984-05-01",1984-05-01,0,806400,-0.0546873681640784,1.680556,0.00826452673995992,1.666667,1.694444,0,-1,0.708903508426447
"1984-05-02",1984-05-02,0,133200,-0.0546873681640784,1.680556,0.00826452673995992,1.666667,1.694444,0,-1,0.708903508426447
"1984-05-03",1984-05-03,0,183600,-0.0546873681640784,1.680556,0.00826452673995992,1.666667,1.694444,0,-1,0.708903508426447
"1984-05-04",1984-05-04,0,561600,-0.0546873681640784,1.680556,0.00826452673995992,1.666667,1.694444,0,-1,0.708903508426447
"1984-05-07",1984-05-07,0,385200,-0.0546873681640784,1.680556,0.00826452673995992,1.666667,1.694444,0,-1,0.708903508426447
"1984-05-08",1984-05-08,0,28800,-0.0546873681640784,1.680556,0.00826452673995992,1.666667,1.694444,0,-1,0.708903508426447
"1984-05-09",1984-05-09,0,43200,-0.0546873681640784,1.680556,0.00826452673995992,1.666667,1.694444,0,-1,0.708903508426447
"1984-05-10",1984-05-10,0,1321200,-0.0546873681640784,1.680556,0.00826452673995992,1.666667,1.694444,0,-1,0.708903508426447
"1984-05-11",1984-05-11,0,61200,-0.0546873681640784,1.680556,0.00826452673995992,1.666667,1.694444,0,-1,0.708903508426447
"1984-05-14",1984-05-14,0,136800,-0.0546873681640784,1.680556,0.00826452673995992,1.666667,1.694444,0,-1,0.708903508426447
"1984-05-15",1984-05-15,0,795600,-0.0546873681640784,1.680556,0.00826452673995992,1.666667,1.694444,0,-1,0.708903508426447
"1984-05-16",1984-05-16,0,93600,-0.0546873681640784,1.680556,0.00826452673995992,1.666667,1.694444,0,-1,0.708903508426447
"1984-05-17",1984-05-17,0,208800,-0.0546873681640784,1.680556,0.00826452673995992,1.666667,1.694444,0,-1,0.708903508426447
"1984-05-18",1984-05-18,0,648000,-0.0546873681640784,1.680556,0.00826452673995992,1.666667,1.694444,0,-1,0.708903508426447
"1984-05-21",1984-05-21,0,234000,-0.0546873681640784,1.680556,0.00826452673995992,1.666667,1.694444,0,-1,0.708903508426447
"1984-05-22",1984-05-22,0,601200,-0.0546873681640784,1.680556,0.00826452673995992,1.666667,1.694444,0,-1,0.708903508426447
"1984-05-23",1984-05-23,0,698400,-0.0546873681640784,1.680556,0.00826452673995992,1.666667,1.694444,0,-1,0.708903508426447
"1984-05-24",1984-05-24,0,1371600,-0.0546873681640784,1.680556,0.00826452673995992,1.666667,1.694444,0,-1,0.708903508426447
"1984-05-25",1984-05-25,0,3229200,-0.0546873681640784,1.680556,0.00826452673995992,1.666667,1.694444,0,-1,0.708903508426447
"1984-05-29",1984-05-29,0,918000,-0.0546873681640784,1.680556,0.00826452673995992,1.666667,1.694444,0,-1,0.708903508426447
"1984-05-30",1984-05-30,0,194400,-0.0546873681640784,1.680556,0.00826452673995992,1.666667,1.694444,0,-1,0.708903508426447
"1984-05-31",1984-05-31,0,565200,-0.0546873681640784,1.680556,0.00826452673995992,1.666667,1.694444,0,-1,0.708903508426447
"1984-06-01",1984-06-01,0,309600,-0.0546873681640784,1.680556,0.00826452673995992,1.666667,1.694444,0,-1,0.708903508426447
"1984-06-04",1984-06-04,0,3600,-0.0546873681640784,1.680556,0.00826452673995992,1.666667,1.694444,0,-1,0.708903508426447
"1984-06-05",1984-06-05,-0.00826452673995989,367200,-0.0624999296875084,1.666667,0,1.666667,1.6875,1067,-1.14285861224826,0.62150328292074
"1984-06-06",1984-06-06,0,50400,-0.0624999296875084,1.666667,0,1.666667,1.666667,1067,-1,0.62150328292074
"1984-06-07",1984-06-07,0.0041663991667202,122400,-0.0585939301757581,1.673611,0.00414911230865478,0,1.673611,0,-0.937503937503933,0.665293462961006
"1984-06-08",1984-06-08,0,32400,-0.0585939301757581,1.673611,0.00414911230865478,0,1.673611,0,-1,0.665293462961006
"1984-06-11",1984-06-11,0,57600,-0.0585939301757581,1.673611,0.00414911230865478,0,1.673611,0,-1,0.665293462961006
"1984-06-12",1984-06-12,0,144000,-0.0585939301757581,1.673611,0.00414911230865478,0,1.673611,0,-1,0.665293462961006
"1984-06-13",1984-06-13,0,147600,-0.0585939301757581,1.673611,0.00414911230865478,0,1.673611,0,-1,0.665293462961006
"1984-06-14",1984-06-14,0,352800,-0.0585939301757581,1.673611,0.00414911230865478,0,1.673611,0,-1,0.665293462961006
"1984-06-15",1984-06-15,-0.0041491123086548,10800,-0.0624999296875082,1.666667,0,0,1.673611,1075,-1.066662186681,0.621503282920742
"1984-06-18",1984-06-18,0,115200,-0.0624999296875082,1.666667,0,1.666667,1.666667,1075,-1,0.621503282920742
"1984-06-19",1984-06-19,0,244800,-0.0624999296875082,1.666667,0,0,1.666667,0,-1,0.621503282920742
"1984-06-20",1984-06-20,0,151200,-0.0624999296875082,1.666667,0,0,1.666667,0,-1,0.621503282920742
"1984-06-21",1984-06-21,0,72000,-0.0624999296875082,1.666667,0,0,1.666667,0,-1,0.621503282920742
"1984-06-22",1984-06-22,0,39600,-0.0624999296875082,1.666667,0,0,1.666667,0,-1,0.621503282920742
"1984-06-25",1984-06-25,0,7200,-0.0624999296875082,1.666667,0,0,1.666667,0,-1,0.621503282920742
"1984-06-26",1984-06-26,0,14400,-0.0624999296875082,1.666667,0,0,1.666667,0,-1,0.621503282920742
"1984-06-27",1984-06-27,0,61200,-0.0624999296875082,1.666667,0,0,1.666667,0,-1,0.621503282920742
"1984-06-28",1984-06-28,0,64800,-0.0624999296875082,1.666667,0,0,1.666667,0,-1,0.621503282920742
"1984-06-29",1984-06-29,0,39600,-0.0624999296875082,1.666667,0,0,1.666667,0,-1,0.621503282920742
"1984-07-02",1984-07-02,0,208800,-0.0624999296875082,1.666667,0,0,1.666667,0,-1,0.621503282920742
"1984-07-03",1984-07-03,0,198000,-0.0624999296875082,1.666667,0,0,1.666667,0,-1,0.621503282920742
"1984-07-05",1984-07-05,0,61200,-0.0624999296875082,1.666667,0,0,1.666667,0,-1,0.621503282920742
"1984-07-06",1984-07-06,0,75600,-0.0624999296875082,1.666667,0,0,1.666667,0,-1,0.621503282920742
"1984-07-09",1984-07-09,0,147600,-0.0624999296875082,1.666667,0,0,1.666667,0,-1,0.621503282920742
"1984-07-10",1984-07-10,0,399600,-0.0624999296875082,1.666667,0,0,1.666667,0,-1,0.621503282920742
"1984-07-11",1984-07-11,0,7200,-0.0624999296875082,1.666667,0,0,1.666667,0,-1,0.621503282920742
"1984-07-12",1984-07-12,0,61200,-0.0624999296875082,1.666667,0,0,1.666667,0,-1,0.621503282920742
"1984-07-13",1984-07-13,0,2253600,-0.0624999296875082,1.666667,0,0,1.666667,0,-1,0.621503282920742
"1984-07-16",1984-07-16,0,756000,-0.0624999296875082,1.666667,0,0,1.666667,0,-1,0.621503282920742
"1984-07-17",1984-07-17,0,198000,-0.0624999296875082,1.666667,0,0,1.666667,0,-1,0.621503282920742
"1984-07-18",1984-07-18,0,36000,-0.0624999296875082,1.666667,0,0,1.666667,0,-1,0.621503282920742
"1984-07-19",1984-07-19,0,3600,-0.0624999296875082,1.666667,0,0,1.666667,0,-1,0.621503282920742
"1984-07-20",1984-07-20,0,93600,-0.0624999296875082,1.666667,0,0,1.666667,0,-1,0.621503282920742
"1984-07-23",1984-07-23,0,237600,-0.0624999296875082,1.666667,0,0,1.666667,0,-1,0.621503282920742
"1984-07-24",1984-07-24,0,54000,-0.0624999296875082,1.666667,0,0,1.666667,0,-1,0.621503282920742
"1984-07-25",1984-07-25,0,727200,-0.0624999296875082,1.666667,0,0,1.666667,0,-1,0.621503282920742
"1984-07-26",1984-07-26,0,68400,-0.0624999296875082,1.666667,0,0,1.666667,0,-1,0.621503282920742
"1984-07-27",1984-07-27,0,306000,-0.0624999296875082,1.666667,0,0,1.666667,0,-1,0.621503282920742
"1984-07-30",1984-07-30,0,39600,-0.0624999296875082,1.666667,0,0,1.666667,0,-1,0.621503282920742
"1984-07-31",1984-07-31,0,18000,-0.0624999296875082,1.666667,0,0,1.666667,0,-1,0.621503282920742
"1984-08-01",1984-08-01,0,0,-0.0624999296875082,1.666667,0,0,1.666667,0,-1,0.621503282920742
"1984-08-02",1984-08-02,0,46800,-0.0624999296875082,1.666667,0,0,1.666667,0,-1,0.621503282920742
"1984-08-03",1984-08-03,0.00833339833332036,187200,-0.0546873681640786,1.680556,0.00826452673995992,0,1.680556,0,-0.874998874998878,0.708903508426445
"1984-08-06",1984-08-06,0.008263931698795,151200,-0.0468753691405783,1.694444,0.0163929879063576,0,1.694444,0,1.98353619295532,0.795560979756895
"1984-08-07",1984-08-07,0.00409868959965628,111600,-0.0429688071288987,1.701389,0.0204080313202919,0,1.701389,0,1.24492444189367,0.838625376071896
"1984-08-08",1984-08-08,0.0122447012411623,2386800,-0.0312502460937187,1.722222,0.0322577460977737,0,1.722222,0,1.58063977811027,0.966750107805687
"1984-08-09",1984-08-09,0,939600,-0.0312502460937187,1.722222,0.0322577460977737,0,1.722222,0,-1,0.966750107805687
"1984-08-10",1984-08-10,0.0080645816857525,1339200,-0.0234376845702889,1.736111,0.0399997465599838,0,1.736111,0,1.24000438340435,1.05130971231337
"1984-08-13",1984-08-13,0,57600,-0.0234376845702889,1.736111,0.0399997465599838,0,1.736111,0,-1,1.05130971231337
"1984-08-14",1984-08-14,0.00400032025602048,82800,-0.0195311225586093,1.743056,0.0438247537657999,0,1.743056,0,1.09562578603042,1.09334101064622
"1984-08-15",1984-08-15,0,97200,-0.0195311225586093,1.743056,0.0438247537657999,0,1.743056,0,-1,1.09334101064622
"1984-08-16",1984-08-16,0,25200,-0.0195311225586093,1.743056,0.0438247537657999,0,1.743056,0,-1,1.09334101064622
"1984-08-17",1984-08-17,0,0,-0.0195311225586093,1.743056,0.0438247537657999,0,1.743056,0,-1,1.09334101064622
"1984-08-20",1984-08-20,0,64800,-0.0195311225586093,1.743056,0.0438247537657999,0,1.743056,0,-1,1.09334101064622
"1984-08-21",1984-08-21,0,453600,-0.0195311225586093,1.743056,0.0438247537657999,0,1.743056,0,-1,1.09334101064622
"1984-08-22",1984-08-22,0,14400,-0.0195311225586093,1.743056,0.0438247537657999,0,1.743056,0,-1,1.09334101064622
"1984-08-23",1984-08-23,0.00398380774914866,82800,-0.0156251230468591,1.75,0.0476188571428572,0,1.75,0,1.086574436843,1.13520124789027
"1984-08-24",1984-08-24,0,0,-0.0156251230468591,1.75,0.0476188571428572,0,1.75,0,-1,1.13520124789027
"1984-08-27",1984-08-27,0,3600,-0.0156251230468591,1.75,0.0476188571428572,0,1.75,0,-1,1.13520124789027
"1984-08-28",1984-08-28,0,0,-0.0156251230468591,1.75,0.0476188571428572,0,1.75,0,-1,1.13520124789027
"1984-08-29",1984-08-29,0,0,-0.0156251230468591,1.75,0.0476188571428572,0,1.75,0,-1,1.13520124789027
"1984-08-30",1984-08-30,0,0,-0.0156251230468591,1.75,0.0476188571428572,0,1.75,0,-1,1.13520124789027
"1984-08-31",1984-08-31,0,7200,-0.0156251230468591,1.75,0.0476188571428572,0,1.75,0,-1,1.13520124789027
"1984-09-04",1984-09-04,-0.00396800000000003,259200,-0.0195311225586093,1.743056,0.0438247537657999,1.666667,1.75,1130,-1.24998200014401,1.09334101064622
"1984-09-05",1984-09-05,0,46800,-0.0195311225586093,1.743056,0.0438247537657999,1.666667,1.75,0,-1,1.09334101064622
"1984-09-06",1984-09-06,0,75600,-0.0195311225586093,1.743056,0.0438247537657999,1.666667,1.75,0,-1,1.09334101064622
"1984-09-07",1984-09-07,0,61200,-0.0195311225586093,1.743056,0.0438247537657999,1.666667,1.75,0,-1,1.09334101064622
"1984-09-10",1984-09-10,0,3600,-0.0195311225586093,1.743056,0.0438247537657999,1.666667,1.75,0,-1,1.09334101064622
"1984-09-11",1984-09-11,0,82800,-0.0195311225586093,1.743056,0.0438247537657999,1.666667,1.75,0,-1,1.09334101064622
"1984-09-12",1984-09-12,0,39600,-0.0195311225586093,1.743056,0.0438247537657999,1.666667,1.75,0,-1,1.09334101064622
"1984-09-13",1984-09-13,0,39600,-0.0195311225586093,1.743056,0.0438247537657999,1.666667,1.75,0,-1,1.09334101064622
"1984-09-14",1984-09-14,0,176400,-0.0195311225586093,1.743056,0.0438247537657999,1.666667,1.75,0,-1,1.09334101064622
"1984-09-17",1984-09-17,0.00398380774914866,1432800,-0.0156251230468591,1.75,0.00396800000000008,1.743056,1.75,1130,-0.800011520073718,0.897901141347301
"1984-09-18",1984-09-18,0.00396800000000003,374400,-0.0117191235351091,1.756944,0.00790463441065858,0,1.756944,0,1.99209536558932,0.940536223157363
"1984-09-19",1984-09-19,-0.00395231720532929,511200,-0.0156251230468591,1.75,0.00396800000000008,1.743056,1.756944,1141,-1.33330133435732,0.897901141347301
"1984-09-20",1984-09-20,0,86400,-0.0156251230468591,1.75,0.00396800000000008,1.743056,1.756944,0,-1,0.897901141347301
"1984-09-21",1984-09-21,0,187200,-0.0156251230468591,1.75,0.00396800000000008,1.743056,1.756944,0,-1,0.897901141347301
"1984-09-24",1984-09-24,0,18000,-0.0156251230468591,1.75,0.00396800000000008,1.743056,1.756944,0,-1,0.897901141347301
"1984-09-25",1984-09-25,0,18000,-0.0156251230468591,1.75,0.00396800000000008,1.743056,1.756944,0,-1,0.897901141347301
"1984-09-26",1984-09-26,0,79200,-0.0156251230468591,1.75,0.00396800000000008,1.743056,1.756944,0,-1,0.897901141347301
"1984-09-27",1984-09-27,0,144000,-0.0156251230468591,1.75,0.00396800000000008,1.743056,1.756944,0,-1,0.897901141347301
"1984-09-28",1984-09-28,0,18000,-0.0156251230468591,1.75,0.00396800000000008,1.743056,1.756944,0,-1,0.897901141347301
"1984-10-01",1984-10-01,0,7200,-0.0156251230468591,1.75,0.00396800000000008,1.743056,1.756944,0,-1,0.897901141347301
"1984-10-02",1984-10-02,0,10800,-0.0156251230468591,1.75,0.00396800000000008,1.743056,1.756944,0,-1,0.897901141347301
"1984-10-03",1984-10-03,0,0,-0.0156251230468591,1.75,0.00396800000000008,1.743056,1.756944,0,-1,0.897901141347301
"1984-10-04",1984-10-04,0,61200,-0.0156251230468591,1.75,0.00396800000000008,1.743056,1.756944,0,-1,0.897901141347301
"1984-10-05",1984-10-05,0.00396800000000003,154800,-0.0117191235351091,1.756944,0.00395231720532929,1.75,1.756944,1141,-0.750017999855992,0.919050154949199
"1984-10-08",1984-10-08,0,626400,-0.0117191235351091,1.756944,0.00395231720532929,0,1.756944,0,-1,0.919050154949199
"1984-10-09",1984-10-09,0,21600,-0.0117191235351091,1.756944,0.00395231720532929,0,1.756944,0,-1,0.919050154949199
"1984-10-10",1984-10-10,0,61200,-0.0117191235351091,1.756944,0.00395231720532929,0,1.756944,0,-1,0.919050154949199
"1984-10-11",1984-10-11,0,136800,-0.0117191235351091,1.756944,0.00395231720532929,0,1.756944,0,-1,0.919050154949199
"1984-10-12",1984-10-12,0,115200,-0.0117191235351091,1.756944,0.00395231720532929,0,1.756944,0,-1,0.919050154949199
"1984-10-15",1984-10-15,0,75600,-0.0117191235351091,1.756944,0.00395231720532929,0,1.756944,0,-1,0.919050154949199
"1984-10-16",1984-10-16,0,28800,-0.0117191235351091,1.756944,0.00395231720532929,0,1.756944,0,-1,0.919050154949199
"1984-10-17",1984-10-17,0,14400,-0.0117191235351091,1.756944,0.00395231720532929,0,1.756944,0,-1,0.919050154949199
"1984-10-18",1984-10-18,0,36000,-0.0117191235351091,1.756944,0.00395231720532929,0,1.756944,0,-1,0.919050154949199
"1984-10-19",1984-10-19,0,0,-0.0117191235351091,1.756944,0.00395231720532929,0,1.756944,0,-1,0.919050154949199
"1984-10-22",1984-10-22,0,298800,-0.0117191235351091,1.756944,0.00395231720532929,0,1.756944,0,-1,0.919050154949199
"1984-10-23",1984-10-23,0,86400,-0.0117191235351091,1.756944,0.00395231720532929,0,1.756944,0,-1,0.919050154949199
"1984-10-24",1984-10-24,0,306000,-0.0117191235351091,1.756944,0.00395231720532929,0,1.756944,0,-1,0.919050154949199
"1984-10-25",1984-10-25,0,140400,-0.0117191235351091,1.756944,0.00395231720532929,0,1.756944,0,-1,0.919050154949199
"1984-10-26",1984-10-26,0,396000,-0.0117191235351091,1.756944,0.00395231720532929,0,1.756944,0,-1,0.919050154949199
"1984-10-29",1984-10-29,0,72000,-0.0117191235351091,1.756944,0.00395231720532929,0,1.756944,0,-1,0.919050154949199
"1984-10-30",1984-10-30,0,529200,-0.0117191235351091,1.756944,0.00395231720532929,0,1.756944,0,-1,0.919050154949199
"1984-10-31",1984-10-31,0,7200,-0.0117191235351091,1.756944,0.00395231720532929,0,1.756944,0,-1,0.919050154949199
"1984-11-01",1984-11-01,0,86400,-0.0117191235351091,1.756944,0.00395231720532929,0,1.756944,0,-1,0.919050154949199
"1984-11-02",1984-11-02,0,212400,-0.0117191235351091,1.756944,0.00395231720532929,0,1.756944,0,-1,0.919050154949199
"1984-11-05",1984-11-05,0,280800,-0.0117191235351091,1.756944,0.00395231720532929,0,1.756944,0,-1,0.919050154949199
"1984-11-06",1984-11-06,0,90000,-0.0117191235351091,1.756944,0.00395231720532929,0,1.756944,0,-1,0.919050154949199
"1984-11-07",1984-11-07,0,25200,-0.0117191235351091,1.756944,0.00395231720532929,0,1.756944,0,-1,0.919050154949199
"1984-11-08",1984-11-08,0,32400,-0.0117191235351091,1.756944,0.00395231720532929,0,1.756944,0,-1,0.919050154949199
"1984-11-09",1984-11-09,0,79200,-0.0117191235351091,1.756944,0.00395231720532929,0,1.756944,0,-1,0.919050154949199
"1984-11-12",1984-11-12,0,25200,-0.0117191235351091,1.756944,0.00395231720532929,0,1.756944,0,-1,0.919050154949199
"1984-11-13",1984-11-13,0,100800,-0.0117191235351091,1.756944,0.00395231720532929,0,1.756944,0,-1,0.919050154949199
"1984-11-14",1984-11-14,0,442800,-0.0117191235351091,1.756944,0.00395231720532929,0,1.756944,0,-1,0.919050154949199
"1984-11-15",1984-11-15,0,18000,-0.0117191235351091,1.756944,0.00395231720532929,0,1.756944,0,-1,0.919050154949199
"1984-11-16",1984-11-16,0,104400,-0.0117191235351091,1.756944,0.00395231720532929,0,1.756944,0,-1,0.919050154949199
"1984-11-19",1984-11-19,0,54000,-0.0117191235351091,1.756944,0.00395231720532929,0,1.756944,0,-1,0.919050154949199
"1984-11-20",1984-11-20,0.0039528863754337,93600,-0.00781256152342935,1.763889,0.00787407824415254,0,1.763889,0,1.99226879703258,0.961607438254255
"1984-11-21",1984-11-21,0.00393675565752724,154800,-0.00390656201167949,1.770833,0.0117645198615567,0,1.770833,0,1.49408216387655,1.00399140117506
"1984-11-23",1984-11-23,0,140400,-0.00390656201167949,1.770833,0.0117645198615567,0,1.770833,0,-1,1.00399140117506
"1984-11-26",1984-11-26,0,28800,-0.00390656201167949,1.770833,0.0117645198615567,0,1.770833,0,-1,1.00399140117506
"1984-11-27",1984-11-27,0,10800,-0.00390656201167949,1.770833,0.0117645198615567,0,1.770833,0,-1,1.00399140117506
"1984-11-28",1984-11-28,0,57600,-0.00390656201167949,1.770833,0.0117645198615567,0,1.770833,0,-1,1.00399140117506
"1984-11-29",1984-11-29,0,176400,-0.00390656201167949,1.770833,0.0117645198615567,0,1.770833,0,-1,1.00399140117506
"1984-11-30",1984-11-30,0,3600,-0.00390656201167949,1.770833,0.0117645198615567,0,1.770833,0,-1,1.00399140117506
"1984-12-03",1984-12-03,0,64800,-0.00390656201167949,1.770833,0.0117645198615567,0,1.770833,0,-1,1.00399140117506
"1984-12-04",1984-12-04,-0.00392131838518938,399600,-0.00781256152342957,1.763889,0.00787407824415254,1.75,1.770833,1194,-1.99985601151915,0.961607438254254
"1984-12-05",1984-12-05,0,1112400,-0.00781256152342957,1.763889,0.00787407824415254,1.75,1.770833,0,-1,0.961607438254254
"1984-12-06",1984-12-06,-0.00393732258662534,61200,-0.0117191235351093,1.756944,0.00395231720532929,1.75,1.770833,0,-1.50003599971201,0.919050154949198
"1984-12-07",1984-12-07,0,151200,-0.0117191235351093,1.756944,0.00395231720532929,1.75,1.770833,0,-1,0.919050154949198
"1984-12-10",1984-12-10,0,75600,-0.0117191235351093,1.756944,0.00395231720532929,1.75,1.770833,0,-1,0.919050154949198
"1984-12-11",1984-12-11,-0.0118575207860923,478800,-0.0234376845702892,1.736111,0,1.736111,1.763889,1199,-1.99995200153597,0.833858217848756
"1984-12-12",1984-12-12,-0.0119998087679877,356400,-0.035156245605469,1.715278,0,1.715278,1.736111,1200,-1.49998800009601,0.770152348956478
"1984-12-13",1984-12-13,-0.00809722972019698,313200,-0.0429688071288988,1.701389,0,1.701389,1.715278,1201,-1.222224,0.727680750384748
"1984-12-14",1984-12-14,-0.0408166503956473,522000,-0.0820316147460478,1.631944,0,1.631944,1.701389,1202,-1.90909685949548,0.515322757526098
"1984-12-17",1984-12-17,-0.012765756668121,1227600,-0.0937501757812278,1.611111,0,1.611111,1.631944,1203,-1.14285420409507,0.451616888633819
"1984-12-18",1984-12-18,-0.0344824161712011,1753200,-0.124999859375017,1.555556,0,1.555556,1.611111,1204,-1.33332933334134,0.281733552277532
"1984-12-19",1984-12-19,0.0357139183674519,1162800,-0.0937501757812278,1.611111,0.0344824161712012,1.555556,1.611111,1204,-0.750002250002249,0.639074399594148
"1984-12-20",1984-12-20,0,162000,-0.0937501757812278,1.611111,0.0344824161712012,0,1.611111,0,-1,0.639074399594148
"1984-12-21",1984-12-21,0,144000,-0.0937501757812278,1.611111,0.0344824161712012,0,1.611111,0,-1,0.639074399594148
"1984-12-24",1984-12-24,0,111600,-0.0937501757812278,1.611111,0.0344824161712012,0,1.611111,0,-1,0.639074399594148
"1984-12-26",1984-12-26,0.00431068995246136,104400,-0.0898436137695481,1.618056,0.0386265988321789,0,1.618056,0,1.1201824907049,0.682840838413883
"1984-12-27",1984-12-27,0.00429156963665044,226800,-0.0859376142577981,1.625,0.0427347692307692,0,1.625,0,1.10635599619938,0.726408445055678
"1984-12-28",1984-12-28,0.00427323076923081,1015200,-0.082031614746048,1.631944,0.0468079787051517,0,1.631944,0,1.09531371170831,0.769785992862839
"1984-12-31",1984-12-31,0.00425566073345653,198000,-0.0781250527343682,1.638889,0.050847250790017,0,1.638889,0,1.08629452064805,0.812982104029957
"1985-01-02",1985-01-02,0.00423701666189721,108000,-0.074219053222618,1.645833,0.0548518592105032,0,1.645833,0,1.07875761930618,0.855986714431897
"1985-01-03",1985-01-03,0,28800,-0.074219053222618,1.645833,0.0548518592105032,0,1.645833,0,-1,0.855986714431897
"1985-01-04",1985-01-04,0,10800,-0.074219053222618,1.645833,0.0548518592105032,0,1.645833,0,-1,0.855986714431897
"1985-01-07",1985-01-07,0,108000,-0.074219053222618,1.645833,0.0548518592105032,0,1.645833,0,-1,0.855986714431897
"1985-01-08",1985-01-08,0,334800,-0.074219053222618,1.645833,0.0548518592105032,0,1.645833,0,-1,0.855986714431897
"1985-01-09",1985-01-09,0.00421974769007547,385200,-0.0703124912109384,1.652778,0.0588233870489564,0,1.652778,0,1.07240461664593,0.898814546075004
"1985-01-10",1985-01-10,0.00420141119981016,115200,-0.0664064916991884,1.659722,0.062761113005672,0,1.659722,0,1.06694150327383,0.941455561880698
"1985-01-11",1985-01-11,0,3600,-0.0664064916991884,1.659722,0.062761113005672,0,1.659722,0,-1,0.941455561880698
"1985-01-14",1985-01-14,0.00836826890286448,183600,-0.0585939301757586,1.673611,0.0705390918200227,0,1.673611,0,1.12392990566703,1.02621075628868
"1985-01-15",1985-01-15,0.00829882212772265,1260000,-0.0507813686523286,1.6875,0.0781890370370371,0,1.6875,0,1.10844972652232,1.11026991885953
"1985-01-16",1985-01-16,0.004114962962963,608400,-0.0468753691405785,1.694444,0.0819667100240552,0,1.694444,0,1.04831461199898,1.15204083521592
"1985-01-17",1985-01-17,0,183600,-0.0468753691405785,1.694444,0.0819667100240552,0,1.694444,0,-1,1.15204083521592
"1985-01-18",1985-01-18,0.00409868959965628,79200,-0.0429688071288988,1.701389,0.085714084198264,0,1.701389,0,1.04571824553052,1.19365009540617
"1985-01-21",1985-01-21,0.00816333007912949,129600,-0.035156245605469,1.715278,0.0931172672884513,0,1.715278,0,1.08637067244472,1.27636777964602
"1985-01-22",1985-01-22,0,363600,-0.035156245605469,1.715278,0.0931172672884513,0,1.715278,0,-1,1.27636777964602
"1985-01-23",1985-01-23,-0.00404890635803641,32400,-0.0390628076171488,1.708333,0.0894304564742355,1.555556,1.715278,1228,-1.11112,1.23508776137036
"1985-01-24",1985-01-24,0.0040653666469008,93600,-0.035156245605469,1.715278,0.00404890635803645,1.708333,1.715278,1228,-0.8999928000576,0.792163506881741
"1985-01-25",1985-01-25,-0.00404890635803641,39600,-0.0390628076171488,1.708333,0,0,1.715278,1230,-1.11112,0.748915020705296
"1985-01-28",1985-01-28,0,21600,-0.0390628076171488,1.708333,0,1.708333,1.708333,1230,-1,0.748915020705296
"1985-01-29",1985-01-29,0,1670400,-0.0390628076171488,1.708333,0,0,1.708333,0,-1,0.748915020705296
"1985-01-30",1985-01-30,0.0243904437835012,1360800,-0.0156251230468594,1.75,0.0238097142857142,0,1.75,0,-0.399999999999997,1.00576708539018
"1985-01-31",1985-01-31,-0.00793657142857145,1213200,-0.0234376845702892,1.736111,0.0160001290240082,1.708333,1.75,1234,-1.50000000000001,0.920840068163226
"1985-02-01",1985-02-01,0,327600,-0.0234376845702892,1.736111,0.0160001290240082,1.708333,1.75,0,-1,0.920840068163226
"1985-02-04",1985-02-04,0,198000,-0.0234376845702892,1.736111,0.0160001290240082,1.708333,1.75,0,-1,0.920840068163226
"1985-02-05",1985-02-05,0.0119998087679878,820800,-0.0117191235351093,1.756944,0.0118575207860923,1.736111,1.756944,1234,-0.500011999903995,0.962025385557375
"1985-02-06",1985-02-06,0,237600,-0.0117191235351093,1.756944,0.0118575207860923,0,1.756944,0,-1,0.962025385557375
"1985-02-07",1985-02-07,0,295200,-0.0117191235351093,1.756944,0.0118575207860923,0,1.756944,0,-1,0.962025385557375
"1985-02-08",1985-02-08,0,374400,-0.0117191235351093,1.756944,0.0118575207860923,0,1.756944,0,-1,0.962025385557375
"1985-02-11",1985-02-11,0,1126800,-0.0117191235351093,1.756944,0.0118575207860923,0,1.756944,0,-1,0.962025385557375
"1985-02-12",1985-02-12,0,396000,-0.0117191235351093,1.756944,0.0118575207860923,0,1.756944,0,-1,0.962025385557375
"1985-02-13",1985-02-13,0,259200,-0.0117191235351093,1.756944,0.0118575207860923,0,1.756944,0,-1,0.962025385557375
"1985-02-14",1985-02-14,0,7200,-0.0117191235351093,1.756944,0.0118575207860923,0,1.756944,0,-1,0.962025385557375
"1985-02-15",1985-02-15,0,3600,-0.0117191235351093,1.756944,0.0118575207860923,0,1.756944,0,-1,0.962025385557375
"1985-02-19",1985-02-19,0,18000,-0.0117191235351093,1.756944,0.0118575207860923,0,1.756944,0,-1,0.962025385557375
"1985-02-20",1985-02-20,0.0039528863754337,151200,-0.00781256152342957,1.763889,0.0157481564883052,0,1.763889,0,1.32811544440017,1.00441346151629
"1985-02-21",1985-02-21,-0.00393732258662534,1342800,-0.0117191235351093,1.756944,0.0118575207860923,1.736111,1.763889,1248,-1.50003599971201,0.962025385557375
"1985-02-22",1985-02-22,0.0039528863754337,97200,-0.00781256152342957,1.763889,0.00393732258662538,1.756944,1.763889,1248,-0.666650667178645,0.940205967627745
"1985-02-25",1985-02-25,0,14400,-0.00781256152342957,1.763889,0.00393732258662538,0,1.763889,0,-1,0.940205967627745
"1985-02-26",1985-02-26,0.00787407824415257,219600,0,1.777778,0.0117191235351096,0,1.777778,0,2.97641945186765,1.02498194038686
"1985-02-27",1985-02-27,0,0,0,1.777778,0.0117191235351096,0,1.777778,0,0,1.02498194038686
"1985-02-28",1985-02-28,0.00390599951174997,64800,0,1.784722,0.0155643287862198,0,1.784722,0,1.32811372280446,1.0458857135426
"1985-03-01",1985-03-01,0.02334649317933,241200,0,1.826389,0.0380231155575291,0,1.826389,0,2.44296532666372,1.1679789058072
"1985-03-04",1985-03-04,-0.0038025853199948,86400,-0.003802585319995,1.819444,0.0343511534292894,1.756944,1.826389,1255,0,1.12734486052324
"1985-03-05",1985-03-05,0,39600,-0.003802585319995,1.819444,0.0343511534292894,1.756944,1.826389,0,-1,1.12734486052324
"1985-03-06",1985-03-06,0,43200,-0.003802585319995,1.819444,0.0343511534292894,1.756944,1.826389,0,-1,1.12734486052324
"1985-03-07",1985-03-07,0,25200,-0.003802585319995,1.819444,0.0343511534292894,1.756944,1.826389,0,-1,1.12734486052324
"1985-03-08",1985-03-08,0,367200,-0.003802585319995,1.819444,0.0343511534292894,1.756944,1.826389,0,-1,1.12734486052324
"1985-03-11",1985-03-11,0,46800,-0.003802585319995,1.819444,0.0343511534292894,1.756944,1.826389,0,-1,1.12734486052324
"1985-03-12",1985-03-12,0,1317600,-0.003802585319995,1.819444,0.0343511534292894,1.756944,1.826389,0,-1,1.12734486052324
"1985-03-13",1985-03-13,0.00763365071967043,248400,0,1.833333,0.00757581955923992,1.819444,1.833333,1255,0,1.00245760663332
"1985-03-14",1985-03-14,-0.00378763705229768,50400,-0.00378763705229768,1.826389,0.00380258531999478,1.819444,1.833333,1263,0,0.961354277157591
"1985-03-15",1985-03-15,0,118800,-0.00378763705229768,1.826389,0.00380258531999478,1.819444,1.833333,0,-1,0.961354277157591
"1985-03-18",1985-03-18,-0.0038025853199948,255600,-0.00757581955923992,1.819444,0,1.819444,1.826389,1265,-2.00014400921657,0.920088420494572
"1985-03-19",1985-03-19,0,543600,-0.00757581955923992,1.819444,0,1.819444,1.819444,1265,-1,0.920088420494572
"1985-03-20",1985-03-20,0,25200,-0.00757581955923992,1.819444,0,0,1.819444,0,-1,0.920088420494572
"1985-03-21",1985-03-21,0,50400,-0.00757581955923992,1.819444,0,0,1.819444,0,-1,0.920088420494572
"1985-03-22",1985-03-22,0,3600,-0.00757581955923992,1.819444,0,0,1.819444,0,-1,0.920088420494572
"1985-03-25",1985-03-25,-0.0038165505506078,194400,-0.0113634566115376,1.8125,0,0,1.819444,1270,-1.499964000288,0.899497606593375
"1985-03-26",1985-03-26,0,190800,-0.0113634566115376,1.8125,0,1.8125,1.8125,1270,-1,0.899497606593375
"1985-03-27",1985-03-27,-0.00383117241379314,118800,-0.0151510936638353,1.805556,0,0,1.8125,1272,-1.33331733307733,0.878906792692177
"1985-03-28",1985-03-28,-0.00769236733726345,129600,-0.0227269132230752,1.791667,0,1.791667,1.805556,1273,-1.50001800050401,0.837722199622804
"1985-03-29",1985-03-29,-0.00775199855776761,79200,-0.0303027327823151,1.777778,0,1.777778,1.791667,1274,-1.33334133346133,0.796537606553431
"1985-04-01",1985-04-01,-0.00390656201167974,79200,-0.0340909152892573,1.770833,0,1.770833,1.777778,1275,-1.1250112501125,0.775943827385255
"1985-04-02",1985-04-02,-0.00392131838518938,64800,-0.037878552341555,1.763889,0,1.763889,1.770833,1276,-1.111104,0.755353013484058
"1985-04-03",1985-04-03,-0.0118108339016798,1652400,-0.0492420089530926,1.743056,0,1.743056,1.763889,1277,-1.29999711998157,0.693577606513487
"1985-04-04",1985-04-04,0,2116800,-0.0492420089530926,1.743056,0,1.743056,1.743056,1277,-1,0.693577606513487
"1985-04-08",1985-04-08,0,0,-0.0492420089530926,1.743056,0,0,1.743056,0,-1,0.693577606513487
"1985-04-09",1985-04-09,-0.00796818920333027,4244400,-0.0568178285123325,1.729167,0,0,1.743056,1280,-1.15384871008119,0.652393013444114
"1985-04-10",1985-04-10,0,32400,-0.0568178285123325,1.729167,0,1.729167,1.729167,1280,-1,0.652393013444114
"1985-04-11",1985-04-11,0,144000,-0.0568178285123325,1.729167,0,0,1.729167,0,-1,0.652393013444114
"1985-04-12",1985-04-12,0,93600,-0.0568178285123325,1.729167,0,0,1.729167,0,-1,0.652393013444114
"1985-04-15",1985-04-15,0,18000,-0.0568178285123325,1.729167,0,0,1.729167,0,-1,0.652393013444114
"1985-04-16",1985-04-16,0,2926800,-0.0568178285123325,1.729167,0,0,1.729167,0,-1,0.652393013444114
"1985-04-17",1985-04-17,-0.00401638476792582,230400,-0.0606060110192747,1.722222,0,0,1.729167,1286,-1.06667242670353,0.631799234275939
"1985-04-18",1985-04-18,0,468000,-0.0606060110192747,1.722222,0,1.722222,1.722222,1286,-1,0.631799234275939
"1985-04-19",1985-04-19,0,849600,-0.0606060110192747,1.722222,0,0,1.722222,0,-1,0.631799234275939
"1985-04-22",1985-04-22,0,1116000,-0.0606060110192747,1.722222,0,0,1.722222,0,-1,0.631799234275939
"1985-04-23",1985-04-23,0.00403258116549433,532800,-0.0568178285123325,1.729167,0.00401638476792576,0,1.729167,0,-0.93749493749494,0.674227373539888
"1985-04-24",1985-04-24,0,136800,-0.0568178285123325,1.729167,0.00401638476792576,0,1.729167,0,-1,0.674227373539888
"1985-04-25",1985-04-25,0,57600,-0.0568178285123325,1.729167,0.00401638476792576,0,1.729167,0,-1,0.674227373539888
"1985-04-26",1985-04-26,0,54000,-0.0568178285123325,1.729167,0.00401638476792576,0,1.729167,0,-1,0.674227373539888
"1985-04-29",1985-04-29,0,43200,-0.0568178285123325,1.729167,0.00401638476792576,0,1.729167,0,-1,0.674227373539888
"1985-04-30",1985-04-30,0.00401580645478433,230400,-0.0530301914600346,1.736111,0.00800006451200419,0,1.736111,0,1.99185709892426,0.716474752502548
"1985-05-01",1985-05-01,0.00400032025602048,1882800,-0.0492420089530926,1.743056,0.0119525706575119,0,1.743056,0,1.49405928409413,0.758555627018498
"1985-05-02",1985-05-02,0,205200,-0.0492420089530926,1.743056,0.0119525706575119,0,1.743056,0,-1,0.758555627018498
"1985-05-03",1985-05-03,0.00398380774914866,61200,-0.0454543719007947,1.75,0.0158731428571429,0,1.75,0,1.32801079466257,0.800459933061147
"1985-05-06",1985-05-06,0,111600,-0.0454543719007947,1.75,0.0158731428571429,0,1.75,0,-1,0.800459933061147
"1985-05-07",1985-05-07,0.00396800000000003,540000,-0.0416667348484973,1.756944,0.0197627243668552,0,1.756944,0,1.24504167477848,0.8421957637404
"1985-05-08",1985-05-08,0.0039528863754337,478800,-0.037878552341555,1.763889,0.0236222347324577,0,1.763889,0,1.19529242496927,0.883771083270172
"1985-05-09",1985-05-09,0.0118108339016797,360000,-0.0265150957300175,1.784722,0.035019459613318,0,1.784722,0,1.48247869051949,1.00750547239019
"1985-05-10",1985-05-10,0.00389136235223188,1648800,-0.0227269132230752,1.791667,0.0387599927888386,0,1.791667,0,1.1068129896013,1.04843399362708
"1985-05-13",1985-05-13,0.00387572020916837,97200,-0.0189392761707775,1.798611,0.042471106870802,0,1.798611,0,1.09574599516004,1.08919961793718
"1985-05-14",1985-05-14,0,194400,-0.0189392761707775,1.798611,0.042471106870802,0,1.798611,0,-1,1.08919961793718
"1985-05-15",1985-05-15,0,180000,-0.0189392761707775,1.798611,0.042471106870802,0,1.798611,0,-1,1.08919961793718
"1985-05-16",1985-05-16,0.0193048969454763,327600,0,1.833333,0.0606060110192749,0,1.833333,0,1.42699391385394,1.29074679285195
"1985-05-17",1985-05-17,0,68400,0,1.833333,0.0606060110192749,0,1.833333,0,0,1.29074679285195
"1985-05-20",1985-05-20,0.00757581955923982,1404000,0,1.847222,0.0676691810729841,0,1.847222,0,1.11654240123909,1.3291444582355
"1985-05-21",1985-05-21,0.00375969970041499,2124000,0,1.854167,0.0711613355215577,0,1.854167,0,1.05160627619842,1.34812893361473
"1985-05-22",1985-05-22,0,2998800,0,1.854167,0.0711613355215577,0,1.854167,0,0,1.34812893361473
"1985-05-23",1985-05-23,0,327600,0,1.854167,0.0711613355215577,0,1.854167,0,0,1.34812893361473
"1985-05-24",1985-05-24,0,118800,0,1.854167,0.0711613355215577,0,1.854167,0,0,1.34812893361473
"1985-05-28",1985-05-28,0.00374507797841298,460800,0,1.861111,0.0746269298284734,0,1.861111,0,1.04870052369753,1.36696901951669
"1985-05-29",1985-05-29,0.00373164201382936,64800,0,1.868056,0.0780672528018432,0,1.868056,0,1.04610028821067,1.38567172231703
"1985-05-30",1985-05-30,0,61200,0,1.868056,0.0780672528018432,0,1.868056,0,0,1.38567172231703
"1985-05-31",1985-05-31,-0.00371776863220373,140400,-0.00371776863220374,1.861111,0.0746269298284734,1.722222,1.868056,1317,0,1.34675803283121
"1985-06-03",1985-06-03,0,46800,-0.00371776863220374,1.861111,0.0746269298284734,1.722222,1.868056,0,-1,1.34675803283121
"1985-06-04",1985-06-04,0,46800,-0.00371776863220374,1.861111,0.0746269298284734,1.722222,1.868056,0,-1,1.34675803283121
"1985-06-05",1985-06-05,0,392400,-0.00371776863220374,1.861111,0.0746269298284734,1.722222,1.868056,0,-1,1.34675803283121
"1985-06-06",1985-06-06,0,147600,-0.00371776863220374,1.861111,0.0746269298284734,1.722222,1.868056,0,-1,1.34675803283121
"1985-06-07",1985-06-07,0,165600,-0.00371776863220374,1.861111,0.0746269298284734,1.722222,1.868056,0,-1,1.34675803283121
"1985-06-10",1985-06-10,0,50400,-0.00371776863220374,1.861111,0.0746269298284734,1.722222,1.868056,0,-1,1.34675803283121
"1985-06-11",1985-06-11,0,122400,-0.00371776863220374,1.861111,0.0746269298284734,1.722222,1.868056,0,-1,1.34675803283121
"1985-06-12",1985-06-12,0.00373164201382936,417600,0,1.868056,0.00371776863220374,1.861111,1.868056,1317,0,0.981484000249424
"1985-06-13",1985-06-13,0,18000,0,1.868056,0.00371776863220374,0,1.868056,0,0,0.981484000249424
"1985-06-14",1985-06-14,0.00371723331634601,201600,0,1.875,0.0074074666666667,0,1.875,0,1.99244961144229,1.00154238613229
"1985-06-17",1985-06-17,0.00740746666666669,316800,0,1.888889,0.0147059991349413,0,1.888889,0,1.98529400086506,1.04121955734249
"1985-06-18",1985-06-18,0.00735299956747063,262800,0,1.902778,0.0218979828440312,0,1.902778,0,1.48905100857798,1.08031749520971
"1985-06-19",1985-06-19,0,46800,0,1.902778,0.0218979828440312,0,1.902778,0,0,1.08031749520971
"1985-06-20",1985-06-20,0.00364940103364651,36000,0,1.909722,0.0254544902347043,0,1.909722,0,1.16241255717498,1.09965181389137
"1985-06-21",1985-06-21,0.0145455726016667,489600,0,1.9375,0.0394265806451614,0,1.9375,0,1.54890474260639,1.17560859366727
"1985-06-24",1985-06-24,0,331200,0,1.9375,0.0394265806451614,0,1.9375,0,0,1.17560859366727
"1985-06-25",1985-06-25,0,705600,0,1.9375,0.0394265806451614,0,1.9375,0,0,1.17560859366727
"1985-06-26",1985-06-26,0.00358400000000003,241200,0,1.944444,0.0428569812244529,0,1.944444,0,1.08700730631868,1.19425735514031
"1985-06-27",1985-06-27,0.0178575469388678,320400,0,1.979167,0.0596493373222169,0,1.979167,0,1.39182312001441,1.28554600677126
"1985-06-28",1985-06-28,0,104400,0,1.979167,0.0596493373222169,0,1.979167,0,0,1.28554600677126
"1985-07-01",1985-07-01,-0.0035090520405807,111600,-0.00350905204058061,1.972222,0.0563379781789271,1.861111,1.979167,1338,0,1.24846805672546
"1985-07-02",1985-07-02,0,46800,-0.00350905204058061,1.972222,0.0563379781789271,1.861111,1.979167,0,-1,1.24846805672546
"1985-07-03",1985-07-03,0,205200,-0.00350905204058061,1.972222,0.0563379781789271,1.861111,1.979167,0,-1,1.24846805672546
"1985-07-05",1985-07-05,0.00352140884748268,158400,0,1.979167,0.00350905204058072,1.972222,1.979167,1338,0,0.980349349691078
"1985-07-08",1985-07-08,0.00350854677750794,36000,0,1.986111,0.00699306332828331,0,1.986111,0,1.99286395511137,0.999289556227297
"1985-07-09",1985-07-09,0,46800,0,1.986111,0.00699306332828331,0,1.986111,0,0,0.999289556227297
"1985-07-10",1985-07-10,0,28800,0,1.986111,0.00699306332828331,0,1.986111,0,0,0.999289556227297
"1985-07-11",1985-07-11,0,244800,0,1.986111,0.00699306332828331,0,1.986111,0,0,0.999289556227297
"1985-07-12",1985-07-12,0.00349678341240745,252000,0,1.993056,0.0104532938361993,0,1.993056,0,1.49480897647833,1.0181004827918
"1985-07-15",1985-07-15,0.0104527920941508,302400,0,2.013889,0.0206898195481479,0,2.013889,0,1.97926317506736,1.0737495307389
"1985-07-16",1985-07-16,0.0241378745303243,496800,0,2.0625,0.0437711515151515,0,2.0625,0,2.11558884857794,1.19922707902617
"1985-07-17",1985-07-17,0.0033667878787878,284400,0,2.069444,0.0469797684788764,0,2.069444,0,1.0733043763451,1.21667015339366
"1985-07-18",1985-07-18,0,118800,0,2.069444,0.0469797684788764,0,2.069444,0,0,1.21667015339366
"1985-07-19",1985-07-19,-0.00671098130705623,190800,-0.00671098130705627,2.055556,0.0405408560992745,1.972222,2.069444,1351,0,1.14518309959629
"1985-07-22",1985-07-22,-0.00675680934987919,93600,-0.0134224458356931,2.041667,0.0340138719977352,1.972222,2.069444,0,-2.00007200460833,1.07321463262844
"1985-07-23",1985-07-23,-0.00680277439954695,147600,-0.0201339103643297,2.027778,0.0273974764495917,1.972222,2.069444,0,-1.50001800050401,1.00076009626369
"1985-07-24",1985-07-24,-0.0171231762056794,6724800,-0.0369123300751314,1.993056,0.0104532938361993,1.972222,2.069444,0,-1.83334133346135,0.817433177888457
"1985-07-25",1985-07-25,-0.00348459852608255,252000,-0.0402683039502397,1.986111,0.00699306332828331,1.972222,2.069444,0,-1.09091742158454,0.780378097365829
"1985-07-26",1985-07-26,-0.00349627991587583,147600,-0.043623794603768,1.979167,0.00350905204058072,1.972222,2.069444,0,-1.08332833331333,0.743196363819493
"1985-07-29",1985-07-29,-0.0035090520405807,208800,-0.0469797684788764,1.972222,0,1.972222,2.055556,1357,-1.07692989354985,0.70587587373423
"1985-07-30",1985-07-30,-0.00352090180517195,54000,-0.0503352591324044,1.965278,0,1.965278,1.972222,1358,-1.07142416325523,0.687634346724114
"1985-07-31",1985-07-31,0,1706400,-0.0503352591324044,1.965278,0,1.965278,1.965278,1358,-1,0.687634346724114
"1985-08-01",1985-08-01,0.00706719354717237,882000,-0.0436237946037679,1.979167,0.0070175988180885,0,1.979167,0,-0.86666474665438,0.762269953173966
"1985-08-02",1985-08-02,0.00701759881808864,21600,-0.0369123300751312,1.993056,0.0139373906202334,0,1.993056,0,1.98606260937979,0.836373849210249
"1985-08-05",1985-08-05,0,43200,-0.0369123300751312,1.993056,0.0139373906202334,0,1.993056,0,-1,0.836373849210249
"1985-08-06",1985-08-06,0,25200,-0.0369123300751312,1.993056,0.0139373906202334,0,1.993056,0,-1,0.836373849210249
"1985-08-07",1985-08-07,-0.00696869531011675,1040400,-0.0436237946037679,1.979167,0.0070175988180885,1.965278,1.993056,1364,-1.18182175210766,0.762269953173966
"1985-08-08",1985-08-08,-0.0035090520405807,82800,-0.0469797684788764,1.972222,0.00352090180517195,1.965278,1.993056,0,-1.07692989354985,0.725016628995008
"1985-08-09",1985-08-09,0,79200,-0.0469797684788764,1.972222,0.00352090180517195,1.965278,1.993056,0,-1,0.725016628995008
"1985-08-12",1985-08-12,0,36000,-0.0469797684788764,1.972222,0.00352090180517195,1.965278,1.993056,0,-1,0.725016628995008
"1985-08-13",1985-08-13,0,3092400,-0.0469797684788764,1.972222,0.00352090180517195,1.965278,1.993056,0,-1,0.725016628995008
"1985-08-14",1985-08-14,0.00352140884748268,28800,-0.043623794603768,1.979167,0.0070175988180885,1.965278,1.993056,0,1.99312539979961,0.762269953173965
"1985-08-15",1985-08-15,0,0,-0.043623794603768,1.979167,0.0070175988180885,1.965278,1.993056,0,-1,0.762269953173965
"1985-08-16",1985-08-16,-0.00701759881808853,126000,-0.0503352591324044,1.965278,0,1.965278,1.979167,1371,-1.15384871008119,0.687634346724114
"1985-08-19",1985-08-19,0,28800,-0.0503352591324044,1.965278,0,1.965278,1.965278,1371,-1,0.687634346724114
"1985-08-20",1985-08-20,0,86400,-0.0503352591324044,1.965278,0,0,1.965278,0,-1,0.687634346724114
"1985-08-21",1985-08-21,-0.00353385119051858,72000,-0.0536912330075129,1.958333,0,0,1.965278,1374,-1.06667242670353,0.669390192765984
"1985-08-22",1985-08-22,-0.01063812947032,118800,-0.063758188189678,1.9375,0,1.9375,1.958333,1375,-1.18749718749719,0.614662984787619
"1985-08-23",1985-08-23,0,378000,-0.063758188189678,1.9375,0,1.9375,1.9375,1375,-1,0.614662984787619
"1985-08-26",1985-08-26,-0.0107525161290323,140400,-0.0738251433718429,1.916667,0,0,1.9375,1377,-1.15789274237555,0.559935776809255
"1985-08-27",1985-08-27,0,140400,-0.0738251433718429,1.916667,0,1.916667,1.916667,1377,-1,0.559935776809255
"1985-08-28",1985-08-28,0,187200,-0.0738251433718429,1.916667,0,0,1.916667,0,-1,0.559935776809255
"1985-08-29",1985-08-29,-0.00724643352235929,46800,-0.0805366079004793,1.902778,0,0,1.916667,1380,-1.09091028099779,0.523450095841009
"1985-08-30",1985-08-30,-0.0145986552293542,284400,-0.0939595369577528,1.875,0,1.875,1.902778,1381,-1.16666866667467,0.450478733904514
"1985-09-03",1985-09-03,0.00740746666666669,403200,-0.0872480724291163,1.888889,0.0073529995674706,1.875,1.888889,1381,-0.928570693875873,0.526937686762032
"1985-09-04",1985-09-04,0,975600,-0.0872480724291163,1.888889,0.0073529995674706,0,1.888889,0,-1,0.526937686762032
"1985-09-05",1985-09-05,0,799200,-0.0872480724291163,1.888889,0.0073529995674706,0,1.888889,0,-1,0.526937686762032
"1985-09-06",1985-09-06,0,39600,-0.0872480724291163,1.888889,0.0073529995674706,0,1.888889,0,-1,0.526937686762032
"1985-09-09",1985-09-09,0,1357200,-0.0872480724291163,1.888889,0.0073529995674706,0,1.888889,0,-1,0.526937686762032
"1985-09-10",1985-09-10,0.00367623507786856,28800,-0.083892581775588,1.895833,0.0109888370969384,0,1.895833,0,1.49446997733451,0.564944796617223
"1985-09-11",1985-09-11,0,3099600,-0.083892581775588,1.895833,0.0109888370969384,0,1.895833,0,-1,0.564944796617223
"1985-09-12",1985-09-12,0,777600,-0.083892581775588,1.895833,0.0109888370969384,0,1.895833,0,-1,0.564944796617223
"1985-09-13",1985-09-13,0,64800,-0.083892581775588,1.895833,0.0109888370969384,0,1.895833,0,-1,0.564944796617223
"1985-09-16",1985-09-16,0.00366329734739293,457200,-0.0805366079004796,1.902778,0.0145986552293542,0,1.902778,0,1.32849864827112,0.60281308360485
"1985-09-17",1985-09-17,0,144000,-0.0805366079004796,1.902778,0.0145986552293542,0,1.902778,0,-1,0.60281308360485
"1985-09-18",1985-09-18,0,18000,-0.0805366079004796,1.902778,0.0145986552293542,0,1.902778,0,-1,0.60281308360485
"1985-09-19",1985-09-19,0,7200,-0.0805366079004796,1.902778,0.0145986552293542,0,1.902778,0,-1,0.60281308360485
"1985-09-20",1985-09-20,0,68400,-0.0805366079004796,1.902778,0.0145986552293542,0,1.902778,0,-1,0.60281308360485
"1985-09-23",1985-09-23,0.00729932761467697,82800,-0.0738251433718431,1.916667,0.0217393005670781,0,1.916667,0,1.48913034971645,0.678117610532566
"1985-09-24",1985-09-24,0,928800,-0.0738251433718431,1.916667,0.0217393005670781,0,1.916667,0,-1,0.678117610532566
"1985-09-25",1985-09-25,0,118800,-0.0738251433718431,1.916667,0.0217393005670781,0,1.916667,0,-1,0.678117610532566
"1985-09-26",1985-09-26,0,0,-0.0738251433718431,1.916667,0.0217393005670781,0,1.916667,0,-1,0.678117610532566
"1985-09-30",1985-09-30,-0.00362347763069953,36000,-0.0771811172469515,1.909722,0.018181703933871,1.875,1.916667,1400,-1.04545841324283,0.640533216419837
"1985-10-01",1985-10-01,0,14400,-0.0771811172469515,1.909722,0.018181703933871,1.875,1.916667,0,-1,0.640533216419837
"1985-10-02",1985-10-02,0.00363665496862893,75600,-0.0738251433718431,1.916667,0.00362347763069948,1.909722,1.916667,1400,-0.956518200373149,0.579634167267132
"1985-10-03",1985-10-03,0,471600,-0.0738251433718431,1.916667,0.00362347763069948,0,1.916667,0,-1,0.579634167267132
"1985-10-04",1985-10-04,0,3600,-0.0738251433718431,1.916667,0.00362347763069948,0,1.916667,0,-1,0.579634167267132
"1985-10-07",1985-10-07,0,331200,-0.0738251433718431,1.916667,0.00362347763069948,0,1.916667,0,-1,0.579634167267132
"1985-10-08",1985-10-08,-0.00362347763069953,14400,-0.0771811172469515,1.909722,0,0,1.916667,1406,-1.04545841324283,0.541691622851124
"1985-10-09",1985-10-09,0.00363665496862893,428400,-0.0738251433718431,1.916667,0.00362347763069948,1.909722,1.916667,1406,-0.956518200373149,0.579634167267132
"1985-10-10",1985-10-10,0.00724643352235941,172800,-0.0671136788432064,1.930556,0.0107917097457935,0,1.930556,0,2.97827414590944,0.655088664794227
"1985-10-11",1985-10-11,0.00719378251653934,140400,-0.0604026975361499,1.944444,0.0178570326530361,0,1.944444,0,1.65469912309276,0.729981087802613
"1985-10-14",1985-10-14,0.0178575469388678,241200,-0.0436237946037682,1.979167,0.0350879940904431,0,1.979167,0,1.96493979555317,0.914869655100387
"1985-10-15",1985-10-15,0.0245613432317739,212400,-0.0201339103643298,2.027778,0.0582193908800668,0,2.027778,0,1.65923964561782,1.16831794178945
"1985-10-16",1985-10-16,0.0136987382247959,205200,-0.00671098130705627,2.055556,0.0709462549305396,0,2.055556,0,1.21860180702836,1.31047663228747
"1985-10-17",1985-10-17,0.0202699415632558,183600,0,2.097222,0.0894039829832035,0,2.097222,0,1.26016493852614,1.44730183581243
"1985-10-18",1985-10-18,0.00662257023815326,194400,0,2.111111,0.095394794494463,0,2.111111,0,1.06700832906276,1.47986981506764
"1985-10-21",1985-10-21,0.0296052647160666,594000,0,2.173611,0.121405808122981,0,2.173611,0,1.27266701255934,1.62127405565648
"1985-10-22",1985-10-22,-0.00958451167205176,442800,-0.00958451167205177,2.152778,0.112903420603518,1.909722,2.173611,1416,0,1.52294785117597
"1985-10-23",1985-10-23,0,122400,-0.00958451167205177,2.152778,0.112903420603518,1.909722,2.173611,0,-1,1.52294785117597
"1985-10-24",1985-10-24,0,10800,-0.00958451167205177,2.152778,0.112903420603518,1.909722,2.173611,0,-1,1.52294785117597
"1985-10-25",1985-10-25,0,144000,-0.00958451167205177,2.152778,0.112903420603518,1.909722,2.173611,0,-1,1.52294785117597
"1985-10-28",1985-10-28,0,201600,-0.00958451167205177,2.152778,0.112903420603518,1.909722,2.173611,0,-1,1.52294785117597
"1985-10-29",1985-10-29,-0.00322606418311595,338400,-0.01277965560535,2.145833,0.110032327772012,1.909722,2.173611,0,-1.33336533384535,1.48996983597018
"1985-10-30",1985-10-30,0,104400,-0.01277965560535,2.145833,0.110032327772012,1.909722,2.173611,0,-1,1.48996983597018
"1985-10-31",1985-10-31,-0.00647254469476435,205200,-0.019169483408025,2.131944,0.104234445182425,1.909722,2.173611,0,-1.5,1.42371352019765
"1985-11-01",1985-11-01,0,205200,-0.019169483408025,2.131944,0.104234445182425,1.909722,2.173611,0,-1,1.42371352019765
"1985-11-04",1985-11-04,0,72000,-0.019169483408025,2.131944,0.104234445182425,1.909722,2.173611,0,-1,1.42371352019765
"1985-11-05",1985-11-05,0.00651471145583574,100800,-0.01277965560535,2.145833,0.110032327772012,1.909722,2.173611,0,1.05562348012157,1.48996983597018
"1985-11-06",1985-11-06,0.00970905005189118,97200,-0.00319468386937705,2.166667,0.118589981755387,1.909722,2.173611,0,1.07777399748469,1.58859898778914
"1985-11-07",1985-11-07,0,187200,-0.00319468386937705,2.166667,0.118589981755387,1.909722,2.173611,0,-1,1.58859898778914
"1985-11-08",1985-11-08,0.00641030670610678,50400,0,2.180556,0.0222933967300084,2.131944,2.180556,1416,0,1.0824670923405
"1985-11-11",1985-11-11,0.031846923445213,712800,0,2.25,0.0524693333333334,0,2.25,0,2.35358182374721,1.24651319451823
"1985-11-12",1985-11-12,0,316800,0,2.25,0.0524693333333334,0,2.25,0,0,1.24651319451823
"1985-11-13",1985-11-13,0.00617288888888881,172800,0,2.263889,0.0582824511272416,0,2.263889,0,1.11079076909512,1.27811517354299
"1985-11-14",1985-11-14,0,421200,0,2.263889,0.0582824511272416,0,2.263889,0,0,1.27811517354299
"1985-11-15",1985-11-15,0,165600,0,2.263889,0.0582824511272416,0,2.263889,0,0,1.27811517354299
"1985-11-18",1985-11-18,0,39600,0,2.263889,0.0582824511272416,0,2.263889,0,0,1.27811517354299
"1985-11-19",1985-11-19,0.00920230629681937,194400,0,2.284722,0.0668694046803069,0,2.284722,0,1.14733343205347,1.32479661639194
"1985-11-20",1985-11-20,0.00607907657912003,140400,0,2.298611,0.0725077013901005,0,2.298611,0,1.08431803358725,1.35544821174495
"1985-11-21",1985-11-21,0,586800,0,2.298611,0.0725077013901005,0,2.298611,0,0,1.35544821174495
"1985-11-22",1985-11-22,0,43200,0,2.298611,0.0725077013901005,0,2.298611,0,0,1.35544821174495
"1985-11-25",1985-11-25,0,32400,0,2.298611,0.0725077013901005,0,2.298611,0,0,1.35544821174495
"1985-11-26",1985-11-26,0,21600,0,2.298611,0.0725077013901005,0,2.298611,0,0,1.35544821174495
"1985-11-27",1985-11-27,0.0151056442347139,442800,0,2.333333,0.0863095837585121,0,2.333333,0,1.19035057109528,1.4304796858303
"1985-11-29",1985-11-29,0.00595242942177555,212400,0,2.347222,0.0917160796890963,0,2.347222,0,1.06264073692802,1.45987113755261
"1985-12-02",1985-12-02,0.002958816848172,7200,0,2.354167,0.0943955972537208,0,2.354167,0,1.02921535213572,1.47443785731914
"1985-12-03",1985-12-03,0.00589975137702647,46800,0,2.368056,0.099707101521248,0,2.368056,0,1.05626855936141,1.50331290379217
"1985-12-04",1985-12-04,0,57600,0,2.368056,0.099707101521248,0,2.368056,0,0,1.50331290379217
"1985-12-05",1985-12-05,-0.00586514845932709,82800,-0.00586514845932695,2.354167,0.0943955972537208,2.131944,2.368056,1447,0,1.44255302285338
"1985-12-06",1985-12-06,0.00589975137702647,18000,0,2.368056,0.00586514845932706,2.354167,2.368056,1447,0,0.993157848029707
"1985-12-09",1985-12-09,-0.00586514845932709,18000,-0.00586514845932695,2.354167,0,0,2.368056,1449,0,0.929388179098184
"1985-12-10",1985-12-10,0.00294966329916284,97200,-0.00293278537331887,2.361111,0.00294098837369372,2.354167,2.361111,1449,-0.500035999712003,0.961317607713759
"1985-12-11",1985-12-11,0,54000,-0.00293278537331887,2.361111,0.00294098837369372,0,2.361111,0,-1,0.961317607713759
"1985-12-12",1985-12-12,0,32400,-0.00293278537331887,2.361111,0.00294098837369372,0,2.361111,0,-1,0.961317607713759
"1985-12-13",1985-12-13,0,86400,-0.00293278537331887,2.361111,0.00294098837369372,0,2.361111,0,-1,0.961317607713759
"1985-12-16",1985-12-16,0,190800,-0.00293278537331887,2.361111,0.00294098837369372,0,2.361111,0,-1,0.961317607713759
"1985-12-17",1985-12-17,0,72000,-0.00293278537331887,2.361111,0.00294098837369372,0,2.361111,0,-1,0.961317607713759
"1985-12-18",1985-12-18,-0.00588240027681895,43200,-0.00879793383264593,2.347222,0,0,2.361111,1456,-2.99985601151911,0.913444614020444
"1985-12-19",1985-12-19,0,86400,-0.00879793383264593,2.347222,0,2.347222,2.347222,1456,-1,0.913444614020444
"1985-12-20",1985-12-20,0,622800,-0.00879793383264593,2.347222,0,0,2.347222,0,-1,0.913444614020444
"1985-12-23",1985-12-23,0,248400,-0.00879793383264593,2.347222,0,0,2.347222,0,-1,0.913444614020444
"1985-12-24",1985-12-24,0.002958816848172,54000,-0.00586514845932706,2.354167,0.00295008807786368,0,2.354167,0,-0.666650667178654,0.945425807245944
"1985-12-26",1985-12-26,0,676800,-0.00586514845932706,2.354167,0.00295008807786368,0,2.354167,0,-1,0.945425807245944
"1985-12-27",1985-12-27,0.00294966329916284,64800,-0.00293278537331887,2.361111,0.00588240027681897,0,2.361111,0,1.99397445824016,0.977308069383595
"1985-12-30",1985-12-30,0.00294141190312526,194400,0,2.368056,0.00879793383264593,0,2.368056,0,1.49563671607258,1.00910141310745
"1985-12-31",1985-12-31,-0.00586514845932709,356400,-0.00586514845932706,2.354167,0.00295008807786368,2.347222,2.368056,1464,0,0.945425807245944
"1986-01-02",1986-01-02,0,28800,-0.00586514845932706,2.354167,0.00295008807786368,2.347222,2.368056,0,-1,0.945425807245944
"1986-01-03",1986-01-03,0.00884941467618912,489600,0,2.375,0.00877178947368429,2.354167,2.375,1464,2.97339918069037,1.00895928395871
"1986-01-06",1986-01-06,-0.00584799999999992,64800,-0.00584799999999996,2.361111,0.00294098837369372,2.354167,2.375,1467,0,0.945469562869117
"1986-01-07",1986-01-07,0.00882338865051226,349200,0,2.381944,0.00874621737538739,2.361111,2.381944,1467,2.97390409755433,1.00882026580311
"1986-01-08",1986-01-08,0.0145775887258475,1836000,0,2.416667,0.022988686484319,0,2.416667,0,2.62841471891736,1.08624691119345
"1986-01-09",1986-01-09,0.0258620653983358,781200,0,2.479167,0.0476192204881719,0,2.479167,0,2.07141980559237,1.22014642029578
"1986-01-10",1986-01-10,0.022408736482859,464400,0,2.534722,0.0684931128541906,0,2.534722,0,1.43835014836506,1.33362361654445
"1986-01-13",1986-01-13,0.0109589927416104,572400,0,2.5625,0.0785908292682926,0,2.5625,0,1.14742674107393,1.38851805247878
"1986-01-14",1986-01-14,-0.0216803902439025,410400,-0.0216803902439024,2.506944,0.0581716225013401,2.361111,2.5625,1473,0,1.15965109521843
"1986-01-15",1986-01-15,0,205200,-0.0216803902439024,2.506944,0.0581716225013401,2.361111,2.5625,0,-1,1.15965109521843
"1986-01-16",1986-01-16,0.00277030520027571,288000,-0.0189701463414634,2.513889,0.0607735663746488,2.361111,2.5625,0,1.04472874851047,1.18852985746211
"1986-01-17",1986-01-17,0.00552490583315344,39600,-0.0135500487804877,2.527778,0.0659341920057853,2.361111,2.5625,0,1.08491562926097,1.24605007367625
"1986-01-20",1986-01-20,0,414000,-0.0135500487804877,2.527778,0.0659341920057853,2.361111,2.5625,0,-1,1.24605007367625
"1986-01-21",1986-01-21,0,68400,-0.0135500487804877,2.527778,0.0659341920057853,2.361111,2.5625,0,-1,1.24605007367625
"1986-01-22",1986-01-22,0,140400,-0.0135500487804877,2.527778,0.0659341920057853,2.361111,2.5625,0,-1,1.24605007367625
"1986-01-23",1986-01-23,0.00549454896751211,356400,-0.00812995121951221,2.541667,0.0710384169129944,2.361111,2.5625,0,1.07741392973711,1.30326367740502
"1986-01-24",1986-01-24,-0.00546452387350499,219600,-0.0135500487804878,2.527778,0.0659341920057853,2.361111,2.5625,0,-1.66668266692267,1.24605007367625
"1986-01-27",1986-01-27,0,1011600,-0.0135500487804878,2.527778,0.0659341920057853,2.361111,2.5625,0,-1,1.24605007367625
"1986-01-28",1986-01-28,0.00549454896751211,345600,-0.00812995121951232,2.541667,0.0710384169129944,2.361111,2.5625,0,1.07741392973711,1.30326367740502
"1986-01-29",1986-01-29,-0.0027324586580382,489600,-0.0108401951219513,2.534722,0.0684931128541906,2.361111,2.5625,0,-1.33336533384534,1.27469282742004
"1986-01-30",1986-01-30,0,28800,-0.0108401951219513,2.534722,0.0684931128541906,2.361111,2.5625,0,-1,1.27469282742004
"1986-01-31",1986-01-31,-0.00136977546255563,154800,-0.0121951219512196,2.53125,0.0672154074074074,2.361111,2.5625,0,-1.124991000072,1.26038099117016
"1986-02-03",1986-02-03,0.00411535802469132,104400,-0.00812995121951254,2.541667,0.0710384169129944,2.361111,2.5625,0,1.05687698182672,1.30326367740502
"1986-02-04",1986-02-04,-0.00546452387350499,136800,-0.0135500487804879,2.527778,0.0659341920057853,2.361111,2.5625,0,-1.66668266692262,1.24605007367625
"1986-02-05",1986-02-05,0.00274707668157561,604800,-0.0108401951219514,2.534722,0.0684931128541906,2.361111,2.5625,0,1.03881022532559,1.27469282742004
"1986-02-06",1986-02-06,0.00273994544569384,68400,-0.00812995121951254,2.541667,0.0710384169129944,2.361111,2.5625,0,1.03716145978388,1.30326367740502
"1986-02-07",1986-02-07,0.00546452387350517,18000,-0.00270985365853693,2.555556,0.0760871606804938,2.361111,2.5625,0,1.0710706120279,1.36017566780416
"1986-02-10",1986-02-10,-0.00543482514176964,46800,-0.00812995121951254,2.541667,0.0710384169129944,2.361111,2.5625,0,-3.00014400921634,1.30326367740502
"1986-02-11",1986-02-11,0.00273206521546697,46800,-0.00542009756097583,2.548611,0.0735694854962173,2.361111,2.5625,0,1.03562957471762,1.33175501727225
"1986-02-12",1986-02-12,-0.00272462137219069,140400,-0.00812995121951254,2.541667,0.0710384169129944,2.361111,2.5625,0,-1.499964000288,1.30326367740502
"1986-02-13",1986-02-13,0,133200,-0.00812995121951254,2.541667,0.0710384169129944,2.361111,2.5625,0,-1,1.30326367740502
"1986-02-14",1986-02-14,0,1155600,-0.00812995121951254,2.541667,0.0710384169129944,2.361111,2.5625,0,-1,1.30326367740502
"1986-02-18",1986-02-18,0.00819658908897196,856800,-3.33066907387547e-16,2.5625,0.0216803902439024,2.506944,2.5625,1473,-4.0967885094828e-14,1.07913459181277
"1986-02-19",1986-02-19,-0.00542009756097554,597600,-0.00542009756097583,2.548611,0.0163489053449115,2.506944,2.5625,1498,-16273299570615,1.020685529635
"1986-02-20",1986-02-20,0.0054496351149704,115200,-3.33066907387547e-16,2.5625,0.0054200975609755,2.548611,2.5625,1498,-6.14503528101774e-14,0.990738408126149
"1986-02-21",1986-02-21,0,738000,-3.33066907387547e-16,2.5625,0.0054200975609755,0,2.5625,0,-1,0.990738408126149
"1986-02-24",1986-02-24,-0.00542009756097554,147600,-0.00542009756097572,2.548611,0,0,2.5625,1501,-16273299570614.7,0.931807619001738
"1986-02-25",1986-02-25,0,104400,-0.00542009756097572,2.548611,0,2.548611,2.548611,1501,-1,0.931807619001738
"1986-02-26",1986-02-26,-0.00272462137219069,36000,-0.00812995121951232,2.541667,0,0,2.548611,1503,-1.49996400028799,0.917075982466353
"1986-02-27",1986-02-27,0.00546452387350517,61200,-0.00270985365853671,2.555556,0.00543482514176963,2.541667,2.555556,1503,-0.333317333077339,0.976086835459388
"1986-02-28",1986-02-28,0,525600,-0.00270985365853671,2.555556,0.00543482514176963,0,2.555556,0,-1,0.976086835459388
"1986-03-03",1986-03-03,-0.00543482514176964,457200,-0.00812995121951232,2.541667,0,0,2.555556,1506,-3.0001440092165,0.917075982466353
"1986-03-04",1986-03-04,0,1929600,-0.00812995121951232,2.541667,0,2.541667,2.541667,1506,-1,0.917075982466353
"1986-03-05",1986-03-05,0.00273206521546697,140400,-0.00542009756097572,2.548611,0.00272462137219065,0,2.548611,0,-0.666682666922674,0.946619537580888
"1986-03-06",1986-03-06,0,475200,-0.00542009756097572,2.548611,0.00272462137219065,0,2.548611,0,-1,0.946619537580888
"1986-03-07",1986-03-07,0,169200,-0.00542009756097572,2.548611,0.00272462137219065,0,2.548611,0,-1,0.946619537580888
"1986-03-10",1986-03-10,-0.00272462137219069,14400,-0.00812995121951232,2.541667,0,0,2.548611,1511,-1.49996400028799,0.917075982466353
"1986-03-11",1986-03-11,0.00273206521546697,223200,-0.00542009756097561,2.548611,0.00272462137219065,2.541667,2.548611,1511,-0.666682666922661,0.946619537580888
"1986-03-12",1986-03-12,-0.00272462137219069,781200,-0.00812995121951232,2.541667,0,0,2.548611,1513,-1.49996400028802,0.917075982466353
"1986-03-13",1986-03-13,0,129600,-0.00812995121951232,2.541667,0,2.541667,2.541667,1513,-1,0.917075982466353
"1986-03-14",1986-03-14,0.00819658908897196,1087200,-1.11022302462516e-16,2.5625,0.00812995121951221,0,2.5625,0,-1.36559616982764e-14,1.00547004466154
"1986-03-17",1986-03-17,0,97200,-1.11022302462516e-16,2.5625,0.00812995121951221,0,2.5625,0,-1,1.00547004466154
"1986-03-18",1986-03-18,0.00542009756097554,1656000,0,2.576389,0.0134770021141993,0,2.576389,0,1.65769778321105,1.03453833403893
"1986-03-19",1986-03-19,0,561600,0,2.576389,0.0134770021141993,0,2.576389,0,0,1.03453833403893
"1986-03-20",1986-03-20,0,2948400,0,2.576389,0.0134770021141993,0,2.576389,0,0,1.03453833403893
"1986-03-21",1986-03-21,0.00269524516678199,892800,0,2.583333,0.0161287762746809,0,2.583333,0,1.19676291047604,1.04895423173255
"1986-03-24",1986-03-24,-0.00806438813734044,108000,-0.00806438813734045,2.5625,0.00812995121951221,2.541667,2.583333,1521,0,0.961629435577234
"1986-03-25",1986-03-25,0.00542009756097554,190800,-0.00268800034683891,2.576389,0.0134770021141993,2.541667,2.583333,0,1.65769778321105,1.01992549913847
"1986-03-26",1986-03-26,0,601200,-0.00268800034683891,2.576389,0.0134770021141993,2.541667,2.583333,0,-1,1.01992549913847
"1986-03-27",1986-03-27,0.0242587590616169,446400,0,2.638889,0.0289474093074774,2.5625,2.638889,1521,2.14791160988084,1.11864044601381
"1986-03-31",1986-03-31,0.0763158283656494,590400,0,2.840278,0.0977995815902528,0,2.840278,0,3.37852622842453,1.49294301159563
"1986-04-01",1986-04-01,-0.00244518318277295,388800,-0.00244518318277287,2.833333,0.0955881288927211,2.5625,2.840278,1526,0,1.46762804041622
"1986-04-02",1986-04-02,-0.00245082381774408,374400,-0.00489001428733393,2.826389,0.0933661290077197,2.5625,2.840278,0,-1.99985601151918,1.44225764534204
"1986-04-03",1986-04-03,-0.00245719892060151,198000,-0.00733519747010691,2.819444,0.0911328616564117,2.5625,2.840278,0,-1.500035999712,1.4168240826846
"1986-04-04",1986-04-04,-0.0147780909995019,504000,-0.0220048882538961,2.777778,0.0775000737999941,2.5625,2.840278,0,-2.99990400307184,1.26296270088468
"1986-04-07",1986-04-07,0,122400,-0.0220048882538961,2.777778,0.0775000737999941,2.5625,2.840278,0,-1,1.26296270088468
"1986-04-08",1986-04-08,0,223200,-0.0220048882538961,2.777778,0.0775000737999941,2.5625,2.840278,0,-1,1.26296270088468
"1986-04-09",1986-04-09,0.00500003959999677,36000,-0.0171148739665624,2.791667,0.0820896618400403,2.5625,2.840278,0,1.05922043444617,1.31449686973067
"1986-04-10",1986-04-10,0.00497516358505519,43200,-0.0122248596792285,2.805556,0.0866338080580107,2.5625,2.840278,0,1.05535588911092,1.3657840022084
"1986-04-11",1986-04-11,-0.00495053386922245,136800,-0.0171148739665623,2.791667,0.0820896618400403,2.5625,2.840278,0,-1.40000576003687,1.31449686973067
"1986-04-14",1986-04-14,0.0497512776416386,514800,0,2.930556,0.0521327693447933,2.777778,2.930556,1526,0,1.24468352436817
"1986-04-15",1986-04-15,0,75600,0,2.930556,0.0521327693447933,0,2.930556,0,0,1.24468352436817
"1986-04-16",1986-04-16,-0.00473937368881545,273600,-0.0047393736888155,2.916667,0.047619080272105,2.777778,2.930556,1537,0,1.19438089750411
"1986-04-17",1986-04-17,0,97200,-0.0047393736888155,2.916667,0.047619080272105,2.777778,2.930556,0,-1,1.19438089750411
"1986-04-18",1986-04-18,0.0023807997279087,385200,-0.00236985746049567,2.923611,0.0498811230358622,2.777778,2.930556,0,1.04750286546551,1.21955954264922
"1986-04-21",1986-04-21,-0.0047506320095253,68400,-0.00710923114931117,2.909722,0.0453459127710482,2.777778,2.930556,0,-2.99985601151903,1.16913991965911
"1986-04-22",1986-04-22,0.00477330824044368,219600,-0.00236985746049556,2.923611,0.0498811230358622,2.777778,2.930556,0,1.10001365035284,1.21955954264922
"1986-04-23",1986-04-23,0.00712577699290352,126000,0,2.944444,0.0117923791384723,2.909722,2.944444,1537,0,1.02538018142084
"1986-04-24",1986-04-24,-0.00707535955854472,1072800,-0.00707535955854477,2.923611,0.0047506320095253,2.909722,2.944444,1543,0,0.948635046495847
"1986-04-25",1986-04-25,-0.00237514498337853,25200,-0.00943369953716222,2.916667,0.00238114258501232,2.909722,2.944444,0,-1.33331733307735,0.92293304441584
"1986-04-28",1986-04-28,-0.00714308489793309,1764000,-0.0165093987183998,2.895833,0,2.895833,2.923611,1545,-1.75004500126003,0.871522609304641
"1986-04-29",1986-04-29,-0.00239792833357458,133200,-0.0188677386970172,2.888889,0,2.888889,2.895833,1546,-1.14284832651046,0.858701914252562
"1986-04-30",1986-04-30,-0.0144231917529541,255600,-0.0330187974367996,2.847222,0,2.847222,2.888889,1547,-1.750013500135,0.781772205045337
"1986-05-01",1986-05-01,0.0170731330398543,114000,-0.0165093987183998,2.895833,0.0167865343063637,2.847222,2.895833,1547,-0.500000000000002,0.962779611804054
"1986-05-02",1986-05-02,-0.0215827362972934,164400,-0.0377358170167271,2.833333,0,0,2.895833,1549,-2.28571722449651,0.756128968642928
"1986-05-05",1986-05-05,0,97200,-0.0377358170167271,2.833333,0,2.833333,2.833333,1549,-1,0.756128968642928
"1986-05-06",1986-05-06,0,349200,-0.0377358170167271,2.833333,0,0,2.833333,0,-1,0.756128968642928
"1986-05-07",1986-05-07,0.00735317733566785,61200,-0.0306601178354895,2.854167,0.00729950279713831,0,2.854167,0,-0.812493812493812,0.834277192625821
"1986-05-08",1986-05-08,0.00729915243221581,524400,-0.0235847582769445,2.875,0.0144928695652173,0,2.875,0,1.98545982760622,0.91184658070127
"1986-05-09",1986-05-09,0.00724626086956525,13200,-0.0165093987183996,2.895833,0.0215827362972933,0,2.895833,0,1.48919689093812,0.988853309274058
"1986-05-12",1986-05-12,-0.00719413032450424,15600,-0.0235847582769445,2.875,0.0144928695652173,2.833333,2.895833,1555,-1.42856555100698,0.91184658070127
"1986-05-13",1986-05-13,0,87600,-0.0235847582769445,2.875,0.0144928695652173,2.833333,2.895833,0,-1,0.91184658070127
"1986-05-14",1986-05-14,0,27600,-0.0235847582769445,2.875,0.0144928695652173,2.833333,2.895833,0,-1,0.91184658070127
"1986-05-15",1986-05-15,0.00724626086956525,262800,-0.0165093987183998,2.895833,0.00719413032450422,2.875,2.895833,1555,-0.700002880018438,0.910632216864046
"1986-05-16",1986-05-16,0,276000,-0.0165093987183998,2.895833,0.00719413032450422,0,2.895833,0,-1,0.910632216864046
"1986-05-19",1986-05-19,0.0143886059727891,427200,-0.00235833997861734,2.9375,0.0212765957446809,0,2.9375,0,2.95749378798571,1.06411873991937
"1986-05-20",1986-05-20,0.00709208510638301,262800,0,2.958333,0.0281689045824118,0,2.958333,0,1.32393851537335,1.11440824380074
"1986-05-21",1986-05-21,0,243600,0,2.958333,0.0281689045824118,0,2.958333,0,0,1.11440824380074
"1986-05-22",1986-05-22,0,78000,0,2.958333,0.0281689045824118,0,2.958333,0,0,1.11440824380074
"1986-05-23",1986-05-23,0.0211267629438606,2400,0,3.020833,0.0482757570511181,0,3.020833,0,1.71379603739581,1.22371556432946
"1986-05-27",1986-05-27,0.0896554029964582,867600,0,3.291667,0.126582366928368,0,3.291667,0,2.62206901891425,1.64941549517104
"1986-05-28",1986-05-28,0.0253163518666986,1454400,0,3.375,0.148148148148148,0,3.375,0,1.17036955259325,1.76665402188285
"1986-05-29",1986-05-29,0,387600,0,3.375,0.148148148148148,0,3.375,0,0,1.76665402188285
"1986-05-30",1986-05-30,0,120000,0,3.375,0.148148148148148,0,3.375,0,0,1.76665402188285
"1986-06-02",1986-06-02,0.0123457777777777,444000,0,3.416667,0.158536667459837,0,3.416667,0,1.0701225053539,1.82312935595062
"1986-06-03",1986-06-03,0,787200,0,3.416667,0.158536667459837,0,3.416667,0,0,1.82312935595062
"1986-06-04",1986-06-04,0,1384800,0,3.416667,0.158536667459837,0,3.416667,0,0,1.82312935595062
"1986-06-05",1986-06-05,0,78000,0,3.416667,0.158536667459837,0,3.416667,0,0,1.82312935595062
"1986-06-06",1986-06-06,0,572400,0,3.416667,0.158536667459837,0,3.416667,0,0,1.82312935595062
"1986-06-09",1986-06-09,0,277200,0,3.416667,0.158536667459837,0,3.416667,0,0,1.82312935595062
"1986-06-10",1986-06-10,-0.00609775550265794,991200,-0.00609775550265801,3.395833,0.153374150024456,2.875,3.416667,1575,0,1.76191488863433
"1986-06-11",1986-06-11,0.0122700380142368,218400,0,3.4375,0.012121309090909,3.395833,3.4375,1575,0,1.02716835049397
"1986-06-12",1986-06-12,-0.00606050909090912,369600,-0.00606050909090916,3.416667,0.0060977555026579,3.395833,3.4375,1577,0,0.961475497044336
"1986-06-13",1986-06-13,0,45600,-0.00606050909090916,3.416667,0.0060977555026579,3.395833,3.4375,0,-1,0.961475497044336
"1986-06-16",1986-06-16,-0.0121952183224177,187200,-0.0181818181818182,3.375,0,3.375,3.416667,1579,-3.00004800076798,0.862430798906625
"1986-06-17",1986-06-17,-0.00617274074074077,732000,-0.0242423272727273,3.354167,0,3.354167,3.375,1580,-1.333328,0.82948392117933
"1986-06-18",1986-06-18,-0.0310559969136897,382800,-0.0545454545454547,3.25,0,3.25,3.354167,1581,-2.250009000036,0.664746369591986
"1986-06-19",1986-06-19,0.0192307692307692,135600,-0.0363636363636366,3.3125,0.0188679245283019,3.25,3.3125,1581,-0.666666666666669,0.866160693799353
"1986-06-20",1986-06-20,-0.00943396226415094,382800,-0.0454545454545457,3.28125,0.00952380952380949,3.25,3.3125,1583,-1.25,0.765941970312574
"1986-06-23",1986-06-23,0.0253967238095238,722400,-0.0212122181818184,3.364583,0.0247677052401442,3.28125,3.364583,1583,2.60060905021515,0.980601785390615
"1986-06-24",1986-06-24,0.00309607461013739,298800,-0.0181818181818184,3.375,0.0277777777777778,0,3.375,0,1.12153215279528,1.01343973796642
"1986-06-25",1986-06-25,-0.00617274074074077,778800,-0.0242423272727276,3.354167,0.0217392276532444,3.28125,3.375,1586,-1.333328,0.947665358519577
"1986-06-26",1986-06-26,0.0186335385208906,544800,-0.00606050909090916,3.416667,0.0182926811421774,3.354167,3.416667,1586,-0.249996999988,1.02777103722286
"1986-06-27",1986-06-27,0.030487606781697,886800,0,3.520833,0.0473370932390148,0,3.520833,0,2.58776134953064,1.21861268577908
"1986-06-30",1986-06-30,0.00295867483632422,877200,0,3.53125,0.0501473982300885,0,3.53125,0,1.05936792478752,1.23389040808399
"1986-07-01",1986-07-01,0.0442477876106195,652800,0,3.6875,0.0903953898305085,0,3.6875,0,1.80259381385555,1.4526914424752
"1986-07-02",1986-07-02,0.0508474576271186,964800,0,3.875,0.134408516129032,0,3.875,0,1.48689569657311,1.69196096072881
"1986-07-03",1986-07-03,0.0107527741935484,591600,0,3.916667,0.143617009053872,0,3.916667,0,1.06851123120799,1.74202129161792
"1986-07-07",1986-07-07,-0.0585107184246197,519600,-0.0585107184246195,3.6875,0.0903953898305085,3.354167,3.916667,1593,0,1.13460834800979
"1986-07-08",1986-07-08,-0.0677966101694915,273600,-0.12234050022634,3.4375,0.0242423272727273,3.354167,3.916667,0,-2.09090750413454,0.427979776792492
"1986-07-09",1986-07-09,0.0121213090909091,217200,-0.111702118153011,3.479167,0.0359281402703578,3.354167,3.916667,0,1.48204171431911,0.549341285261554
"1986-07-10",1986-07-10,-0.00598821499514102,342000,-0.117021436849239,3.458333,0.0301202920597873,3.354167,3.916667,0,-1.04762057142857,0.488850425165425
"1986-07-11",1986-07-11,0,126000,-0.117021436849239,3.458333,0.0301202920597873,3.354167,3.916667,0,-1,0.488850425165425
"1986-07-14",1986-07-14,0.0481928721149756,1155600,-0.0744681638750497,3.625,0.0747125517241379,3.354167,3.916667,0,2.48047235318427,0.962601584557102
"1986-07-15",1986-07-15,-0.00574703448275865,145200,-0.0797872272521507,3.604167,0.069364155434529,3.354167,3.916667,0,-1.07142734694017,0.904609840954714
"1986-07-16",1986-07-16,-0.011560785057962,202800,-0.0904256093254799,3.5625,0.0584794385964913,3.354167,3.916667,0,-1.1333344,0.787603349006871
"1986-07-17",1986-07-17,0.00584785964912284,61200,-0.0851065459483789,3.583333,0.0639533082747265,3.354167,3.916667,0,1.09360332126314,0.84627720632794
"1986-07-18",1986-07-18,-0.00581386100594059,214800,-0.0904256093254799,3.5625,0.0584794385964913,3.354167,3.916667,0,-1.06249887500225,0.787603349006871
"1986-07-21",1986-07-21,0,51600,-0.0904256093254799,3.5625,0.0584794385964913,3.354167,3.916667,0,-1,0.787603349006871
"1986-07-22",1986-07-22,0,55200,-0.0904256093254799,3.5625,0.0584794385964913,3.354167,3.916667,0,-1,0.787603349006871
"1986-07-23",1986-07-23,0,34800,-0.0904256093254799,3.5625,0.0584794385964913,3.354167,3.916667,0,-1,0.787603349006871
"1986-07-24",1986-07-24,-0.00584785964912284,550800,-0.0957446727025808,3.541667,0.0529411714878898,3.354167,3.916667,0,-1.05882253287291,0.728579406530842
"1986-07-25",1986-07-25,0.0117645165398103,343200,-0.0851065459483786,3.583333,0.0639533082747265,3.354167,3.916667,0,1.20800704777294,0.846277206327941
"1986-07-28",1986-07-28,-0.0116277220118812,174000,-0.0957446727025808,3.541667,0.0529411714878898,3.354167,3.916667,0,-1.1249977500045,0.728579406530842
"1986-07-29",1986-07-29,0.0117645165398103,855600,-0.0851065459483786,3.583333,0.0639533082747265,3.354167,3.916667,0,1.20800704777294,0.846277206327941
"1986-07-30",1986-07-30,-0.00581386100594059,75600,-0.0904256093254797,3.5625,0.0584794385964913,3.354167,3.916667,0,-1.06249887500225,0.787603349006872
"1986-07-31",1986-07-31,0.00584785964912284,1575600,-0.0851065459483786,3.583333,0.0639533082747265,3.354167,3.916667,0,1.09360332126314,0.846277206327941
"1986-08-01",1986-08-01,0,693600,-0.0851065459483786,3.583333,0.0639533082747265,3.354167,3.916667,0,-1,0.846277206327941
"1986-08-04",1986-08-04,-0.0116277220118812,92400,-0.0957446727025807,3.541667,0.0529411714878898,3.354167,3.916667,0,-1.1249977500045,0.728579406530843
"1986-08-05",1986-08-05,0.00588225826990513,331200,-0.0904256093254795,3.5625,0.0584794385964913,3.354167,3.916667,0,1.10461172189717,0.787603349006873
"1986-08-06",1986-08-06,-0.00584785964912284,642000,-0.0957446727025807,3.541667,0.0529411714878898,3.354167,3.916667,0,-1.05882253287291,0.728579406530843
"1986-08-07",1986-08-07,0.00588225826990513,967200,-0.0904256093254795,3.5625,0.0584794385964913,3.354167,3.916667,0,1.10461172189717,0.787603349006873
"1986-08-08",1986-08-08,0.00584785964912284,333600,-0.0851065459483784,3.583333,0.0639533082747265,3.354167,3.916667,0,1.09360332126314,0.846277206327943
"1986-08-11",1986-08-11,-0.0116277220118812,72000,-0.0957446727025807,3.541667,0.0529411714878898,3.354167,3.916667,0,-1.1249977500045,0.728579406530843
"1986-08-12",1986-08-12,0.00588225826990513,117600,-0.0904256093254795,3.5625,0.0584794385964913,3.354167,3.916667,0,1.10461172189717,0.787603349006873
"1986-08-13",1986-08-13,0.0175438596491228,1712400,-0.0744681638750492,3.625,0.0747125517241379,3.354167,3.916667,0,1.27758667862144,0.962601584557105
"1986-08-14",1986-08-14,0.0114943448275862,244800,-0.0638297818017202,3.666667,0.0852272649793395,3.354167,3.916667,0,1.14073556601339,1.07759661795922
"1986-08-15",1986-08-15,0.0113634535124134,358800,-0.0531916550475181,3.708333,0.0955054467870065,3.354167,3.916667,0,1.12059734417335,1.19130440229832
"1986-08-18",1986-08-18,0.0112360459538019,261600,-0.0425532729741889,3.75,0.105555466666667,3.354167,3.916667,0,1.10522980853724,1.30377321296981
"1986-08-19",1986-08-19,0,333600,-0.0425532729741889,3.75,0.105555466666667,3.354167,3.916667,0,-1,1.30377321296981
"1986-08-20",1986-08-20,-0.0166666666666667,116400,-0.0585107184246191,3.6875,0.0903953898305085,3.354167,3.916667,0,-1.37499925000151,1.13460834800979
"1986-08-21",1986-08-21,-0.0056496271186441,525600,-0.0638297818017202,3.666667,0.0852272649793395,3.354167,3.916667,0,-1.09090750413454,1.07759661795922
"1986-08-22",1986-08-22,0,560400,-0.0638297818017202,3.666667,0.0852272649793395,3.354167,3.916667,0,-1,1.07759661795922
"1986-08-25",1986-08-25,0,284400,-0.0638297818017202,3.666667,0.0852272649793395,3.354167,3.916667,0,-1,1.07759661795922
"1986-08-26",1986-08-26,-0.00568199948345454,27600,-0.0691491004979483,3.645833,0.0799998244571268,3.354167,3.916667,0,-1.083336,1.02026104083577
"1986-08-27",1986-08-27,0,112800,-0.0691491004979483,3.645833,0.0799998244571268,3.354167,3.916667,0,-1,1.02026104083577
"1986-08-28",1986-08-28,0,270000,-0.0691491004979483,3.645833,0.0799998244571268,3.354167,3.916667,0,-1,1.02026104083577
"1986-08-29",1986-08-29,0,218400,-0.0691491004979483,3.645833,0.0799998244571268,3.354167,3.916667,0,-1,1.02026104083577
"1986-09-02",1986-09-02,-0.00571419480815498,241200,-0.0744681638750492,3.625,0.0747125517241379,3.354167,3.916667,0,-1.07692165680823,0.962601584557105
"1986-09-03",1986-09-03,0,74400,-0.0744681638750492,3.625,0.0747125517241379,3.354167,3.916667,0,-1,0.962601584557105
"1986-09-04",1986-09-04,0,106800,-0.0744681638750492,3.625,0.0747125517241379,3.354167,3.916667,0,-1,0.962601584557105
"1986-09-05",1986-09-05,-0.0517241379310345,1855200,-0.12234050022634,3.4375,0.0242423272727273,3.354167,3.916667,0,-1.64285640816411,0.427979776792495
"1986-09-08",1986-09-08,-0.00606050909090912,478800,-0.127659563603441,3.416667,0.0182926811421774,3.354167,3.916667,0,-1.04347753497215,0.366719445568853
"1986-09-09",1986-09-09,-0.0121952183224177,958800,-0.13829794567677,3.375,0.00617274074074081,3.354167,3.916667,0,-1.083334,0.242997880827832
"1986-09-10",1986-09-10,-0.00617274074074077,220800,-0.143617009053871,3.354167,0,3.354167,3.75,1639,-1.03846089940868,0.180524735509974
"1986-09-11",1986-09-11,0,312000,-0.143617009053871,3.354167,0,3.354167,3.354167,1639,-1,0.180524735509974
"1986-09-12",1986-09-12,-0.0248449167855983,1184400,-0.164893773200529,3.270833,0,0,3.354167,1641,-1.14814933333333,0.0648573986151301
"1986-09-15",1986-09-15,0,529200,-0.164893773200529,3.270833,0,3.270833,3.270833,1641,-1,0.0648573986151301
"1986-09-16",1986-09-16,-0.0063693254898676,726000,-0.17021283657763,3.25,0,0,3.270833,1643,-1.03225751508902,0.0359412583898879
"1986-09-17",1986-09-17,0.0128206153846154,112800,-0.159574454504301,3.291667,0.012658327832068,3.25,3.291667,1643,-0.937499531250235,0.162589670460209
"1986-09-18",1986-09-18,-0.0189873398493833,79200,-0.175531899954731,3.229167,0,0,3.291667,1645,-1.1,0.0070251181646469
"1986-09-19",1986-09-19,0,85200,-0.175531899954731,3.229167,0,3.229167,3.229167,1645,-1,0.0070251181646469
"1986-09-22",1986-09-22,0.00645150901145717,43200,-0.17021283657763,3.25,0.00641015384615384,0,3.25,0,-0.969697454545455,0.0707889175245268
"1986-09-23",1986-09-23,-0.0128206153846154,30000,-0.180851218650959,3.208333,0,0,3.25,1648,-1.06250046874976,-0.0218924100575333
"1986-09-24",1986-09-24,-0.0389610430089395,214800,-0.21276610955182,3.083333,0,3.083333,3.208333,1649,-1.17647042214549,-0.195392027402861
"1986-09-25",1986-09-25,-0.0202702724616511,264000,-0.22872355500225,3.020833,0,3.020833,3.083333,1650,-1.07499994000005,-0.282141836075525
"1986-09-26",1986-09-26,0.0344828727705239,264000,-0.202127727478491,3.125,0.0333334399999999,3.020833,3.125,1650,-0.883720644673008,0.0436529477906388
"1986-09-29",1986-09-29,-0.00666656000000003,172800,-0.207446790855592,3.104167,0.0268458494662175,3.020833,3.125,1652,-1.0263153573409,-0.0205318223227934
"1986-09-30",1986-09-30,-0.01677873645329,1200000,-0.220744832277035,3.052083,0.010238908968072,3.020833,3.125,0,-1.06410338461538,-0.183104927644852
"1986-10-01",1986-10-01,0.010238908968072,76800,-0.21276610955182,3.083333,0.020270272461651,3.020833,3.125,0,1.97972972753834,-0.0851963032029336
"1986-10-02",1986-10-02,-0.0135132987581945,40800,-0.223404236306022,3.041667,0.00684953349594142,3.020833,3.125,0,-1.04999916000067,-0.215988039547387
"1986-10-03",1986-10-03,0.0136984094577086,156000,-0.21276610955182,3.083333,0.020270272461651,3.020833,3.125,0,2.95936540403253,-0.0851963032029336
"1986-10-06",1986-10-06,-0.0202702724616511,267600,-0.22872355500225,3.020833,0,3.020833,3.104167,1657,-1.07499994000005,-0.282141836075525
"1986-10-07",1986-10-07,0.0206896574554105,303600,-0.21276610955182,3.083333,0.020270272461651,3.020833,3.083333,1657,-0.930232610059453,-0.0851963032029336
"1986-10-08",1986-10-08,0,1419600,-0.21276610955182,3.083333,0.020270272461651,0,3.083333,0,-1,-0.0851963032029336
"1986-10-09",1986-10-09,0.00675697370345655,1599600,-0.207446790855592,3.104167,0.0268458494662175,0,3.104167,0,1.32439509715554,-0.0205318223227934
"1986-10-10",1986-10-10,0.0067113012927462,98400,-0.202127727478491,3.125,0.0333334399999999,0,3.125,0,1.24166084004704,0.0436529477906388
"1986-10-13",1986-10-13,0,9600,-0.202127727478491,3.125,0.0333334399999999,0,3.125,0,-1,0.0436529477906388
"1986-10-14",1986-10-14,-0.00666656000000003,282000,-0.207446790855592,3.104167,0.0268458494662175,3.020833,3.125,1663,-1.0263153573409,-0.0205318223227934
"1986-10-15",1986-10-15,0.0268455273186011,890400,-0.186170282028061,3.1875,0.0261436862745098,3.104167,3.1875,1663,-0.897436307692307,0.091316941504554
"1986-10-16",1986-10-16,0,270000,-0.186170282028061,3.1875,0.0261436862745098,0,3.1875,0,-1,0.091316941504554
"1986-10-17",1986-10-17,-0.00653584313725493,268800,-0.191489345405162,3.166667,0.019736840027701,3.104167,3.1875,1666,-1.02857095836756,0.0275711233191185
"1986-10-20",1986-10-20,0,127200,-0.191489345405162,3.166667,0.019736840027701,3.104167,3.1875,0,-1,0.0275711233191185
"1986-10-21",1986-10-21,0.00657884141275357,228000,-0.186170282028061,3.1875,0.00653584313725497,3.166667,3.1875,1666,-0.972222666666666,-0.0152776037141236
"1986-10-22",1986-10-22,0,52800,-0.186170282028061,3.1875,0.00653584313725497,0,3.1875,0,-1,-0.0152776037141236
"1986-10-23",1986-10-23,-0.00653584313725493,325200,-0.191489345405162,3.166667,0,0,3.1875,1670,-1.02857095836756,-0.0797246905080177
"1986-10-24",1986-10-24,-0.026315997229895,325200,-0.21276610955182,3.083333,0,3.083333,3.166667,1671,-1.111112,-0.195392027402861
"1986-10-27",1986-10-27,0.0135136230825538,210000,-0.202127727478491,3.125,0.0133334399999999,3.083333,3.125,1671,-0.949999640000288,-0.0650734883324129
"1986-10-28",1986-10-28,0.01333344,481200,-0.191489345405161,3.166667,0.026315997229895,0,3.166667,0,1.97368400277011,0.0633375390835118
"1986-10-29",1986-10-29,0.00657884141275357,652800,-0.18617028202806,3.1875,0.0326798431372549,0,3.1875,0,1.24182423534118,0.12684959358593
"1986-10-30",1986-10-30,0.0261436862745098,375600,-0.164893773200529,3.270833,0.0573248466063538,0,3.270833,0,1.75413469292341,0.376493712255604
"1986-10-31",1986-10-31,0,614400,-0.164893773200529,3.270833,0.0573248466063538,0,3.270833,0,-1,0.376493712255604
"1986-11-03",1986-11-03,0,343200,-0.164893773200529,3.270833,0.0573248466063538,0,3.270833,0,-1,0.376493712255604
"1986-11-04",1986-11-04,0,478800,-0.164893773200529,3.270833,0.0573248466063538,0,3.270833,0,-1,0.376493712255604
"1986-11-05",1986-11-05,0,1296000,-0.164893773200529,3.270833,0.0573248466063538,0,3.270833,0,-1,0.376493712255604
"1986-11-06",1986-11-06,0.00636963122238274,363600,-0.159574454504301,3.291667,0.0632913353629027,0,3.291667,0,1.10408207103493,0.437846993411175
"1986-11-07",1986-11-07,0,103200,-0.159574454504301,3.291667,0.0632913353629027,0,3.291667,0,-1,0.437846993411175
"1986-11-10",1986-11-10,0,147600,-0.159574454504301,3.291667,0.0632913353629027,0,3.291667,0,-1,0.437846993411175
"1986-11-11",1986-11-11,0,211200,-0.159574454504301,3.291667,0.0632913353629027,0,3.291667,0,-1,0.437846993411175
"1986-11-12",1986-11-12,0.00632901201731527,217200,-0.1542553911272,3.3125,0.0691824905660378,0,3.3125,0,1.0930799637795,0.498789349130649
"1986-11-13",1986-11-13,-0.00628920754716984,783600,-0.159574454504301,3.291667,0.0632913353629027,3.083333,3.3125,1685,-1.0344821878719,0.437846993411174
"1986-11-14",1986-11-14,0.00632901201731527,420000,-0.1542553911272,3.3125,0.00628920754716988,3.291667,3.3125,1685,-0.966667200000001,0.156881223194651
"1986-11-17",1986-11-17,-0.012578716981132,54000,-0.164893773200529,3.270833,0,0,3.3125,1687,-1.06896603091529,0.0648573986151301
"1986-11-18",1986-11-18,-0.0063693254898676,74400,-0.17021283657763,3.25,0,3.25,3.270833,1688,-1.03225751508902,0.0359412583898879
"1986-11-19",1986-11-19,-0.0192307692307692,259200,-0.186170282028061,3.1875,0,3.1875,3.25,1689,-1.09374995312502,-0.0508085502827755
"1986-11-20",1986-11-20,-0.00653584313725493,61200,-0.191489345405162,3.166667,0,3.166667,3.1875,1690,-1.02857095836756,-0.0797246905080177
"1986-11-21",1986-11-21,0.00657884141275357,241200,-0.18617028202806,3.1875,0.00653584313725497,3.166667,3.1875,1690,-0.972222666666666,-0.015277603714123
"1986-11-24",1986-11-24,-0.00653584313725493,2310000,-0.191489345405162,3.166667,0,0,3.1875,1692,-1.02857095836756,-0.0797246905080177
"1986-11-25",1986-11-25,0,192000,-0.191489345405162,3.166667,0,3.166667,3.166667,1692,-1,-0.0797246905080177
"1986-11-26",1986-11-26,0.00657884141275357,356400,-0.18617028202806,3.1875,0.00653584313725497,0,3.1875,0,-0.972222666666666,-0.015277603714123
"1986-11-28",1986-11-28,0.013072,85200,-0.175531899954731,3.229167,0.0193548367117587,0,3.229167,0,2.96133739829743,0.112244239035303
"1986-12-01",1986-12-01,0,177600,-0.175531899954731,3.229167,0.0193548367117587,0,3.229167,0,-1,0.112244239035303
"1986-12-02",1986-12-02,0.0322578547346731,265200,-0.148936327750099,3.333333,0.0499998049999806,0,3.333333,0,2.58332352499796,0.423422237512565
"1986-12-03",1986-12-03,0.0312501031250103,190800,-0.12234050022634,3.4375,0.0787877818181818,0,3.4375,0,1.5757617818352,0.724506420764454
"1986-12-04",1986-12-04,-0.0181818181818182,132000,-0.13829794567677,3.375,0.0617282962962963,3.166667,3.4375,1699,-1.13043469187152,0.545015758947419
"1986-12-05",1986-12-05,0,189600,-0.13829794567677,3.375,0.0617282962962963,3.166667,3.4375,0,-1,0.545015758947419
"1986-12-08",1986-12-08,-0.0185185185185185,190800,-0.1542553911272,3.3125,0.0440250566037736,3.166667,3.4375,0,-1.11538454437874,0.362025442294749
"1986-12-09",1986-12-09,-0.0188679245283019,316800,-0.17021283657763,3.25,0.0256409230769231,3.166667,3.4375,0,-1.10344821878719,0.175333567642846
"1986-12-10",1986-12-10,0.0128206153846154,104400,-0.159574454504301,3.291667,0.0379746796987667,3.166667,3.4375,0,1.48101843232563,0.300217506165376
"1986-12-11",1986-12-11,-0.012658327832068,94800,-0.17021283657763,3.25,0.0256409230769231,3.166667,3.4375,0,-1.0666672,0.175333567642847
"1986-12-12",1986-12-12,0.00641015384615388,106800,-0.164893773200529,3.270833,0.0318469331818532,3.166667,3.4375,0,1.24203536223372,0.237987575930723
"1986-12-15",1986-12-15,-0.0382165644042359,157200,-0.19680866410139,3.145833,0,3.145833,3.375,1706,-1.1935481873051,-0.108642218730197
"1986-12-16",1986-12-16,0.0132451404763062,1052400,-0.18617028202806,3.1875,0.013072,3.145833,3.1875,1706,-0.945945560263299,0.0202550483672515
"1986-12-17",1986-12-17,-0.0196078431372549,882000,-0.202127727478491,3.125,0,0,3.1875,1708,-1.08571424653063,-0.137558358955439
"1986-12-18",1986-12-18,0.01333344,272400,-0.191489345405161,3.166667,0.0131579986149475,3.125,3.166667,1708,-0.947368022160832,-0.00819357571225204
"1986-12-19",1986-12-19,0.0328945228532082,703200,-0.164893773200529,3.270833,0.0445858898941035,0,3.270833,0,3.38850088063195,0.307240644093164
"1986-12-22",1986-12-22,-0.0063693254898676,459600,-0.17021283657763,3.25,0.0384615384615384,3.125,3.270833,1711,-1.03225751508902,0.245030558626527
"1986-12-23",1986-12-23,0.00641015384615388,518400,-0.164893773200529,3.270833,0.00636932548986757,3.25,3.270833,1711,-0.968750515624741,0.0994831016661818
"1986-12-24",1986-12-24,0,85200,-0.164893773200529,3.270833,0.00636932548986757,0,3.270833,0,-1,0.0994831016661818
"1986-12-26",1986-12-26,0,99600,-0.164893773200529,3.270833,0.00636932548986757,0,3.270833,0,-1,0.0994831016661818
"1986-12-29",1986-12-29,-0.0063693254898676,271200,-0.17021283657763,3.25,0,0,3.270833,1715,-1.03225751508902,0.0359412583898891
"1986-12-30",1986-12-30,0.00320523076923074,424800,-0.167553177229516,3.260417,0.00319499008869106,3.25,3.260417,1715,-0.984374507812746,0.0677690167905718
"1986-12-31",1986-12-31,0,709200,-0.167553177229516,3.260417,0.00319499008869106,0,3.260417,0,-1,0.0677690167905718
"1987-01-02",1987-01-02,0.00319468337945735,94800,-0.164893773200529,3.270833,0.00636932548986757,0,3.270833,0,1.99353528901775,0.0994831016661818
"1987-01-05",1987-01-05,-0.00318450987867623,265200,-0.167553177229516,3.260417,0.00319499008869106,3.25,3.270833,1719,-1.01612798335176,0.0677690167905718
"1987-01-06",1987-01-06,0.0159743370249879,536400,-0.1542553911272,3.3125,0.0157231698113208,3.260417,3.3125,1719,4.9211951758393,0.208167277969676
"1987-01-07",1987-01-07,-0.00628920754716984,595200,-0.159574454504301,3.291667,0.00949366992469169,3.260417,3.3125,1721,-1.0344821878719,0.145385571669327
"1987-01-08",1987-01-08,0,409200,-0.159574454504301,3.291667,0.00949366992469169,3.260417,3.3125,0,-1,0.145385571669327
"1987-01-09",1987-01-09,0.00949366992469165,698400,-0.151595731779086,3.322917,0.00940438777134667,3.291667,3.322917,1721,-0.949999999999999,0.18827510948853
"1987-01-12",1987-01-12,0.00940438777134668,112800,-0.143617009053871,3.354167,0.0186335385208906,0,3.354167,0,1.98136646147911,0.281822647296877
"1987-01-13",1987-01-13,0.00621108012809145,1432800,-0.13829794567677,3.375,0.0246912592592593,0,3.375,0,1.32509771193363,0.343670506867696
"1987-01-14",1987-01-14,-0.0123457777777777,116400,-0.148936327750099,3.333333,0.0124998012499802,3.291667,3.375,1726,-1.07692364497007,0.219560149395636
"1987-01-15",1987-01-15,0.0625002062500206,1123200,-0.0957446727025801,3.541667,0.0588237121107094,3.333333,3.541667,1726,4.70597179381573,0.760558790394258
"1987-01-16",1987-01-16,-0.0235295977854496,279600,-0.117021436849239,3.458333,0.0361445817970681,3.333333,3.541667,1728,-1.222224,0.52160040283079
"1987-01-19",1987-01-19,0.0180722908985341,201600,-0.101063991398808,3.520833,0.0532544429116633,3.333333,3.541667,0,1.47337277854417,0.701364922580969
"1987-01-20",1987-01-20,-0.00591706564895299,194400,-0.106383054775909,3.5,0.0476191428571429,3.333333,3.541667,0,-1.05263064820101,0.641813477785125
"1987-01-21",1987-01-21,0,108000,-0.106383054775909,3.5,0.0476191428571429,3.333333,3.541667,0,-1,0.641813477785125
"1987-01-22",1987-01-22,0.0208334285714285,342000,-0.0877659499773653,3.572917,0.0320701544424346,3.458333,3.572917,1728,-0.824999340000529,0.658492745786386
"1987-01-23",1987-01-23,0.00874635486914473,324000,-0.0797872272521503,3.604167,0.0404626089745563,0,3.604167,0,1.26169049317134,0.747491733702835
"1987-01-26",1987-01-26,-0.011560785057962,292800,-0.0904256093254794,3.5625,0.0292398596491228,3.458333,3.604167,1734,-1.1333344,0.628647588372575
"1987-01-27",1987-01-27,0,175200,-0.0904256093254794,3.5625,0.0292398596491228,3.458333,3.604167,0,-1,0.628647588372575
"1987-01-28",1987-01-28,0.00584785964912284,957600,-0.0851065459483783,3.583333,0.0348837241752301,3.458333,3.604167,0,1.19301954913031,0.688245592392065
"1987-01-29",1987-01-29,-0.00581386100594059,105600,-0.0904256093254794,3.5625,0.0292398596491228,3.458333,3.604167,0,-1.06249887500225,0.628647588372575
"1987-01-30",1987-01-30,0,217200,-0.0904256093254794,3.5625,0.0292398596491228,3.458333,3.604167,0,-1,0.628647588372575
"1987-02-02",1987-02-02,0.0087719298245614,679200,-0.0824468866002642,3.59375,0.037681252173913,3.458333,3.604167,0,1.28869470052479,0.717912618965718
"1987-02-03",1987-02-03,0.0144926608695652,88800,-0.0691491004979481,3.645833,0.0228570535183592,3.5625,3.645833,1734,-0.838710876169416,0.709614549117366
"1987-02-04",1987-02-04,0,57600,-0.0691491004979481,3.645833,0.0228570535183592,0,3.645833,0,-1,0.709614549117366
"1987-02-05",1987-02-05,-0.00571419480815498,364800,-0.0744681638750492,3.625,0.0172413793103449,3.5625,3.645833,1742,-1.07692165680823,0.650169796738847
"1987-02-06",1987-02-06,0.0172413793103448,312000,-0.0585107184246191,3.6875,0.0169491525423728,3.625,3.6875,1742,-0.785714530611964,0.735330966660443
"1987-02-09",1987-02-09,0.0056496271186441,631200,-0.0531916550475179,3.708333,0.0224718222446582,0,3.708333,0,1.32583751243483,0.794270116616397
"1987-02-10",1987-02-10,0,168000,-0.0531916550475179,3.708333,0.0224718222446582,0,3.708333,0,-1,0.794270116616397
"1987-02-11",1987-02-11,0,265200,-0.0531916550475179,3.708333,0.0224718222446582,0,3.708333,0,-1,0.794270116616397
"1987-02-12",1987-02-12,0.0112360459538019,91200,-0.0425532729741886,3.75,0.0333333333333333,0,3.75,0,1.48333913335653,0.911150454642953
"1987-02-13",1987-02-13,-0.00555546666666669,38400,-0.0478723363512897,3.729167,0.0279330477825208,3.625,3.75,1748,-1.1249977500045,0.852876624318378
"1987-02-17",1987-02-17,-0.00558677045034449,783600,-0.0531916550475179,3.708333,0.0224718222446582,3.625,3.75,0,-1.11111466666667,0.794270116616397
"1987-02-18",1987-02-18,0.00280907890418684,686400,-0.0505319956994038,3.71875,0.0252100840336135,3.625,3.75,0,1.12185312606797,0.82361495300174
"1987-02-19",1987-02-19,0.00280121008403359,1242000,-0.0478723363512897,3.729167,0.0279330477825208,3.625,3.75,0,1.10801089537332,0.852876624318378
"1987-02-20",1987-02-20,-0.00558677045034449,198000,-0.0531916550475179,3.708333,0.0224718222446582,3.625,3.75,0,-1.11111466666667,0.794270116616397
"1987-02-23",1987-02-23,0,38400,-0.0531916550475179,3.708333,0.0224718222446582,3.625,3.75,0,-1,0.794270116616397
"1987-02-24",1987-02-24,0,204000,-0.0531916550475179,3.708333,0.0224718222446582,3.625,3.75,0,-1,0.794270116616397
"1987-02-25",1987-02-25,0.00561815780837368,1123200,-0.04787233635129,3.729167,0.0279330477825208,3.625,3.75,0,1.24302548669193,0.852876624318377
"1987-02-26",1987-02-26,-0.00558677045034449,684000,-0.0531916550475181,3.708333,0.0224718222446582,3.625,3.75,0,-1.11111466666667,0.794270116616396
"1987-02-27",1987-02-27,0,495600,-0.0531916550475181,3.708333,0.0224718222446582,3.625,3.75,0,-1,0.794270116616396
"1987-03-02",1987-03-02,-0.01685393409923,969600,-0.0691491004979483,3.645833,0.00571419480815494,3.625,3.75,0,-1.29999904000308,0.616420452491289
"1987-03-03",1987-03-03,0,78000,-0.0691491004979483,3.645833,0.00571419480815494,3.625,3.75,0,-1,0.616420452491289
"1987-03-04",1987-03-04,0,360000,-0.0691491004979483,3.645833,0.00571419480815494,3.625,3.75,0,-1,0.616420452491289
"1987-03-05",1987-03-05,-0.00571419480815498,1035600,-0.0744681638750494,3.625,0,3.625,3.729167,1761,-1.07692165680823,0.55644011042587
"1987-03-06",1987-03-06,-0.00574703448275865,180000,-0.0797872272521503,3.604167,0,3.604167,3.625,1762,-1.07142734694017,0.527523970200629
"1987-03-09",1987-03-09,0,1221600,-0.0797872272521503,3.604167,0,3.604167,3.604167,1762,-1,0.527523970200629
"1987-03-10",1987-03-10,-0.011560785057962,357600,-0.0904256093254795,3.5625,0,0,3.604167,1764,-1.1333344,0.469690301753207
"1987-03-11",1987-03-11,0.00584785964912284,2530800,-0.0851065459483784,3.583333,0.00581386100594061,3.5625,3.583333,1764,-0.941177467127088,0.530212461342984
"1987-03-12",1987-03-12,-0.00581386100594059,650400,-0.0904256093254794,3.5625,0,0,3.583333,1766,-1.06249887500225,0.469690301753208
"1987-03-13",1987-03-13,0.00292407017543857,271200,-0.0877659499773654,3.572917,0.00291554491750012,3.5625,3.572917,1766,-0.970587321800169,0.49999890627612
"1987-03-16",1987-03-16,-0.00291554491750015,913200,-0.0904256093254795,3.5625,0,0,3.572917,1768,-1.030304,0.469690301753207
"1987-03-17",1987-03-17,-0.0087719298245614,284400,-0.0984043320506945,3.53125,0,3.53125,3.5625,1769,-1.08823521107274,0.426315397416875
"1987-03-18",1987-03-18,-0.00294994690265484,948000,-0.101063991398809,3.520833,0,3.520833,3.53125,1770,-1.02702786851644,0.411856633305785
"1987-03-19",1987-03-19,0,1904400,-0.101063991398809,3.520833,0,3.520833,3.520833,1770,-1,0.411856633305785
"1987-03-20",1987-03-20,0.00591734967264843,1231200,-0.0957446727025807,3.541667,0.00588254062281968,0,3.541667,0,-0.947366825487454,0.472753545391377
"1987-03-23",1987-03-23,-0.00588254062281965,922800,-0.101063991398809,3.520833,0,0,3.541667,1773,-1.05555733333333,0.411856633305784
"1987-03-24",1987-03-24,0,1140000,-0.101063991398809,3.520833,0,3.520833,3.520833,1773,-1,0.411856633305784
"1987-03-25",1987-03-25,0,882000,-0.101063991398809,3.520833,0,0,3.520833,0,-1,0.411856633305784
"1987-03-26",1987-03-26,0.00591734967264843,157200,-0.0957446727025807,3.541667,0.00588254062281968,0,3.541667,0,-0.947366825487452,0.472753545391377
"1987-03-27",1987-03-27,-0.00588254062281965,843600,-0.101063991398809,3.520833,0,0,3.541667,1777,-1.05555733333333,0.411856633305784
"1987-03-30",1987-03-30,-0.00887574048527721,1368000,-0.109042714124024,3.489583,0,3.489583,3.520833,1778,-1.07894723545729,0.368481728969452
"1987-03-31",1987-03-31,-0.00298488386721285,1599600,-0.111702118153011,3.479167,0,3.479167,3.489583,1779,-1.02438864485675,0.354024352855301
"1987-04-01",1987-04-01,-0.00299410749757051,1611600,-0.114361777501125,3.46875,0,3.46875,3.479167,1780,-1.02381028571429,0.33956558874421
"1987-04-02",1987-04-02,-0.00300309909909907,997200,-0.117021436849239,3.458333,0,3.458333,3.46875,1781,-1.02325654083234,0.325106824633121
"1987-04-03",1987-04-03,0,1570800,-0.117021436849239,3.458333,0,3.458333,3.458333,1781,-1,0.325106824633121
"1987-04-06",1987-04-06,-0.00602400058062659,123600,-0.12234050022634,3.4375,0,0,3.458333,1783,-1.04545375206727,0.296190684407879
"1987-04-07",1987-04-07,0,567600,-0.12234050022634,3.4375,0,3.4375,3.4375,1783,-1,0.296190684407879
"1987-04-08",1987-04-08,-0.0121213090909091,567600,-0.132978882299669,3.395833,0,0,3.4375,1785,-1.08695715689937,0.238357015960457
"1987-04-09",1987-04-09,-0.0122697435356804,364800,-0.143617009053871,3.354167,0,3.354167,3.395833,1786,-1.07999861760177,0.180524735509974
"1987-04-10",1987-04-10,0,595200,-0.143617009053871,3.354167,0,3.354167,3.354167,1786,-1,0.180524735509974
"1987-04-13",1987-04-13,-0.0186335385208906,187200,-0.159574454504301,3.291667,0,0,3.354167,1788,-1.11111111111111,0.0937749268373096
"1987-04-14",1987-04-14,0,664800,-0.159574454504301,3.291667,0,3.291667,3.291667,1788,-1,0.0937749268373096
"1987-04-15",1987-04-15,-0.0189873398493833,218400,-0.175531899954732,3.229167,0,0,3.291667,1790,-1.1,0.0070251181646457
"1987-04-16",1987-04-16,0.00645150901145717,308400,-0.170212836577631,3.25,0.00641015384615384,3.229167,3.25,1790,-0.969697454545455,0.0707889175245262
"1987-04-20",1987-04-20,0.00641015384615388,666000,-0.164893773200529,3.270833,0.0127386509797351,0,3.270833,0,1.98726134902027,0.134108804717231
"1987-04-21",1987-04-21,0,421200,-0.164893773200529,3.270833,0.0127386509797351,0,3.270833,0,-1,0.134108804717231
"1987-04-22",1987-04-22,-0.0127386509797352,1744800,-0.175531899954732,3.229167,0,0,3.270833,1794,-1.06451503017803,0.0070251181646457
"1987-04-23",1987-04-23,0.0129030180229143,380400,-0.164893773200529,3.270833,0.0127386509797351,3.229167,3.270833,1794,-0.939394909090909,0.134108804717231
"1987-04-24",1987-04-24,-0.0191082822021179,210000,-0.18085121865096,3.208333,0,0,3.270833,1796,-1.09677409365255,-0.0218924100575345
"1987-04-27",1987-04-27,-0.0227270672963187,751200,-0.199468068130377,3.135417,0,3.135417,3.208333,1797,-1.10294013840928,-0.12309959484435
"1987-04-28",1987-04-28,-0.0033223650952967,1304400,-0.202127727478491,3.125,0,3.125,3.135417,1798,-1.01333376,-0.13755835895544
"1987-04-29",1987-04-29,-0.00333343999999997,1032000,-0.204787386826605,3.114583,0,3.114583,3.125,1799,-1.01315831024913,-0.152017123066531
"1987-04-30",1987-04-30,0.0100334458898671,2451600,-0.19680866410139,3.145833,0.0099337758870226,3.114583,3.145833,1799,-0.961038993422134,-0.0546390162581442
"1987-05-01",1987-05-01,0.0198675517740452,2317200,-0.18085121865096,3.208333,0.0292207822567047,0,3.208333,0,2.94155843548659,0.136961165717425
"1987-05-04",1987-05-04,0,262800,-0.18085121865096,3.208333,0.0292207822567047,0,3.208333,0,-1,0.136961165717425
"1987-05-05",1987-05-05,0,195600,-0.18085121865096,3.208333,0.0292207822567047,0,3.208333,0,-1,0.136961165717425
"1987-05-06",1987-05-06,0.0129871182324278,901200,-0.17021283657763,3.25,0.0416667692307692,0,3.25,0,1.42592928774892,0.262455224551046
"1987-05-07",1987-05-07,0,34800,-0.17021283657763,3.25,0.0416667692307692,0,3.25,0,-1,0.262455224551046
"1987-05-08",1987-05-08,-0.00641015384615388,9600,-0.175531899954731,3.229167,0.0354840737564827,3.114583,3.25,1806,-1.03124948437526,0.19992796209814
"1987-05-11",1987-05-11,0.0129030180229143,123600,-0.164893773200529,3.270833,0.0127386509797351,3.229167,3.270833,1806,-0.939394909090909,0.134108804717231
"1987-05-12",1987-05-12,-0.0063693254898676,1370400,-0.17021283657763,3.25,0.00641015384615384,3.229167,3.270833,1808,-1.03225751508902,0.0707889175245268
"1987-05-13",1987-05-13,0.00641015384615388,280800,-0.164893773200529,3.270833,0.00636932548986757,3.25,3.270833,1808,-0.968750515624742,0.0994831016661806
"1987-05-14",1987-05-14,0.0127389567122503,711600,-0.1542553911272,3.3125,0.0188679245283019,0,3.3125,0,2.96231124603654,0.2252631766126
"1987-05-15",1987-05-15,-0.00628920754716984,198000,-0.159574454504301,3.291667,0.012658327832068,3.25,3.3125,1811,-1.0344821878719,0.162589670460209
"1987-05-18",1987-05-18,-0.00632931581475277,163200,-0.164893773200529,3.270833,0.00636932548986757,3.25,3.3125,0,-1.0333344,0.09948310166618
"1987-05-19",1987-05-19,0,325200,-0.164893773200529,3.270833,0.00636932548986757,3.25,3.3125,0,-1,0.09948310166618
"1987-05-20",1987-05-20,-0.0063693254898676,57600,-0.170212836577631,3.25,0,3.25,3.291667,1814,-1.03225751508902,0.0359412583898873
"1987-05-21",1987-05-21,0.0128206153846154,349200,-0.159574454504301,3.291667,0.012658327832068,3.25,3.291667,1814,-0.937499531250234,0.162589670460209
"1987-05-22",1987-05-22,0,464400,-0.159574454504301,3.291667,0.012658327832068,0,3.291667,0,-1,0.162589670460209
"1987-05-26",1987-05-26,0.00632901201731527,696000,-0.1542553911272,3.3125,0.0188679245283019,0,3.3125,0,1.49055426424514,0.225263176612599
"1987-05-27",1987-05-27,0.00628920754716984,110400,-0.148936327750099,3.333333,0.0249999024999903,0,3.333333,0,1.32499483249949,0.287514722400178
"1987-05-28",1987-05-28,0,40800,-0.148936327750099,3.333333,0.0249999024999903,0,3.333333,0,-1,0.287514722400178
"1987-05-29",1987-05-29,0,40800,-0.148936327750099,3.333333,0.0249999024999903,0,3.333333,0,-1,0.287514722400178
"1987-06-01",1987-06-01,0.0125001012500101,186000,-0.13829794567677,3.375,0.0370370370370371,0,3.375,0,1.48148725928237,0.41078612781494
"1987-06-02",1987-06-02,-0.00308651851851849,60000,-0.140957605024884,3.364583,0.0340556318569047,3.25,3.375,1822,-1.01923137278069,0.38011948571012
"1987-06-03",1987-06-03,0.00928792661676053,129600,-0.132978882299669,3.395833,0.00920245489103855,3.364583,3.395833,1822,-0.943396294766738,0.288384522154745
"1987-06-04",1987-06-04,0,21600,-0.132978882299669,3.395833,0.00920245489103855,0,3.395833,0,-1,0.288384522154745
"1987-06-05",1987-06-05,0,80400,-0.132978882299669,3.395833,0.00920245489103855,0,3.395833,0,-1,0.288384522154745
"1987-06-08",1987-06-08,0.018404909782077,241200,-0.117021436849239,3.458333,0.0271084363478011,0,3.458333,0,2.94578312730439,0.472477008281371
"1987-06-09",1987-06-09,0,139200,-0.117021436849239,3.458333,0.0271084363478011,0,3.458333,0,-1,0.472477008281371
"1987-06-10",1987-06-10,0.0120482903179075,696000,-0.10638305477591,3.5,0.0386905714285714,0,3.5,0,1.42725205290971,0.593274890230189
"1987-06-11",1987-06-11,0.0178571428571429,307200,-0.0904256093254795,3.5625,0.055555649122807,0,3.5625,0,1.435896319737,0.771708688534484
"1987-06-12",1987-06-12,0.0175438596491228,205200,-0.0744681638750494,3.625,0.0718391724137931,0,3.625,0,1.29310292559072,0.946980969954929
"1987-06-15",1987-06-15,0.0114943448275862,80400,-0.0638297818017203,3.666667,0.0823865379648602,0,3.666667,0,1.14681914054235,1.06215351174508
"1987-06-16",1987-06-16,-0.00568199948345454,121200,-0.0691491004979483,3.645833,0.077142864195919,3.364583,3.666667,1832,-1.083336,1.00472968546845
"1987-06-17",1987-06-17,0.0285715226122535,295200,-0.0425532729741891,3.75,0.0277778666666666,3.645833,3.75,1832,-0.615384331361645,0.880949150059596
"1987-06-18",1987-06-18,0,267600,-0.0425532729741891,3.75,0.0277778666666666,0,3.75,0,-1,0.880949150059596
"1987-06-19",1987-06-19,-0.0111112,56400,-0.0531916550475183,3.708333,0.0168539340992301,3.645833,3.75,1835,-1.250001499997,0.763729468786878
"1987-06-22",1987-06-22,0.00561815780837368,282000,-0.0478723363512902,3.729167,0.0223465454885768,3.645833,3.75,0,1.32589491314065,0.822506600077686
"1987-06-23",1987-06-23,0,163200,-0.0478723363512902,3.729167,0.0223465454885768,3.645833,3.75,0,-1,0.822506600077686
"1987-06-24",1987-06-24,0,172800,-0.0478723363512902,3.729167,0.0223465454885768,3.645833,3.75,0,-1,0.822506600077686
"1987-06-25",1987-06-25,0.00558650229394396,174000,-0.0425532729741892,3.75,0.0111112,3.708333,3.75,1835,-0.888890666666666,0.79034378662372
"1987-06-26",1987-06-26,0,344400,-0.0425532729741892,3.75,0.0111112,0,3.75,0,-1,0.79034378662372
"1987-06-29",1987-06-29,0,31200,-0.0425532729741892,3.75,0.0111112,0,3.75,0,-1,0.79034378662372
"1987-06-30",1987-06-30,0.00277786666666664,246000,-0.0398936136260751,3.760417,0.0138505915700307,0,3.760417,0,1.24654326895661,0.819694764862558
"1987-07-01",1987-07-01,-0.00277017149959696,229200,-0.0425532729741892,3.75,0.0111112,3.708333,3.760417,1843,-1.0666688,0.79034378662372
"1987-07-02",1987-07-02,-0.00277786666666664,518400,-0.0452129323223033,3.739583,0.00835654670587604,3.708333,3.760417,0,-1.06250187499625,0.760909840741393
"1987-07-06",1987-07-06,0.00278560470512351,320400,-0.0425532729741892,3.75,0.0111112,3.708333,3.760417,0,1.3296401481472,0.79034378662372
"1987-07-07",1987-07-07,-0.00555546666666669,92400,-0.0478723363512902,3.729167,0.0055867704503445,3.708333,3.760417,0,-1.1249977500045,0.731395069571132
"1987-07-08",1987-07-08,-0.0167597750382324,86400,-0.0638297818017205,3.666667,0,3.666667,3.75,1847,-1.33333333333334,0.614273778873291
"1987-07-09",1987-07-09,-0.0142047259813885,295200,-0.0771278232231637,3.614583,0,3.614583,3.666667,1848,-1.208336,0.541981346314779
"1987-07-10",1987-07-10,-0.0144091310117931,118800,-0.0904256093254797,3.5625,0,3.5625,3.614583,1849,-1.17241230915904,0.469690301753206
"1987-07-13",1987-07-13,0,462000,-0.0904256093254797,3.5625,0,3.5625,3.5625,1849,-1,0.469690301753206
"1987-07-14",1987-07-14,0.00584785964912284,1222800,-0.0851065459483786,3.583333,0.00581386100594061,0,3.583333,0,-0.941177467127088,0.530212461342983
"1987-07-15",1987-07-15,-0.0116277220118812,778800,-0.0957446727025807,3.541667,0,0,3.583333,1852,-1.1249977500045,0.440774161527964
"1987-07-16",1987-07-16,0.0117645165398103,39600,-0.0851065459483786,3.583333,0.0116277220118812,3.541667,3.583333,1852,-0.888890666666665,0.561818480707518
"1987-07-17",1987-07-17,-0.00581386100594059,75600,-0.0904256093254795,3.5625,0.00584785964912282,3.541667,3.583333,1854,-1.06249887500225,0.501481148683053
"1987-07-20",1987-07-20,0.011696,115200,-0.0797872272521505,3.604167,0.0115607850579621,3.5625,3.604167,1854,1.97692587572553,0.59037211810747
"1987-07-21",1987-07-21,0.0057802538006702,168000,-0.0744681638750495,3.625,0.0172413793103449,0,3.625,0,1.49136751733572,0.650169796738845
"1987-07-22",1987-07-22,0,46800,-0.0744681638750495,3.625,0.0172413793103449,0,3.625,0,-1,0.650169796738845
"1987-07-23",1987-07-23,0,114000,-0.0744681638750495,3.625,0.0172413793103449,0,3.625,0,-1,0.650169796738845
"1987-07-24",1987-07-24,0,134400,-0.0744681638750495,3.625,0.0172413793103449,0,3.625,0,-1,0.650169796738845
"1987-07-27",1987-07-27,-0.00574703448275865,499200,-0.0797872272521505,3.604167,0.0115607850579621,3.5625,3.625,1860,-1.07142734694018,0.59037211810747
"1987-07-28",1987-07-28,0,32400,-0.0797872272521505,3.604167,0.0115607850579621,3.5625,3.625,0,-1,0.59037211810747
"1987-07-29",1987-07-29,0.0057802538006702,187200,-0.0744681638750495,3.625,0.0057470344827586,3.604167,3.625,1860,-0.9333344,0.587682839305201
"1987-07-30",1987-07-30,0.00574703448275865,123600,-0.0691491004979484,3.645833,0.01142838961631,0,3.645833,0,1.98857161038371,0.647484654331466
"1987-07-31",1987-07-31,0,52800,-0.0691491004979484,3.645833,0.01142838961631,0,3.645833,0,-1,0.647484654331466
"1987-08-03",1987-08-03,0,367200,-0.0691491004979484,3.645833,0.01142838961631,0,3.645833,0,-1,0.647484654331466
"1987-08-04",1987-08-04,-0.00571419480815498,34800,-0.0744681638750495,3.625,0.0057470344827586,3.604167,3.645833,1866,-1.07692165680823,0.587682839305201
"1987-08-05",1987-08-05,0.0172413793103448,200400,-0.0585107184246194,3.6875,0.0169491525423728,3.625,3.6875,1866,2.94919972956856,0.735330966660441
"1987-08-06",1987-08-06,0.0847457627118644,487200,0,4,0.09375,0,4,0,5.53125000000002,1.47092818289075
"1987-08-07",1987-08-07,0,410400,0,4,0.09375,0,4,0,0,1.47092818289075
"1987-08-10",1987-08-10,-0.01041675,126000,-0.0104167499999999,3.958333,0.0842104491966694,3.625,4,1870,0,1.36243930966346
"1987-08-11",1987-08-11,0.0105264008864337,522000,0,4,0.01041675,3.958333,4,1870,0,1.01790181873818
"1987-08-12",1987-08-12,-0.01041675,91200,-0.0104167500000001,3.958333,0,0,4,1872,0,0.904644208389705
"1987-08-13",1987-08-13,0.0289475392797928,832800,0,4.072917,0.0281331537077727,3.958333,4.072917,1872,0,1.11421389054135
"1987-08-14",1987-08-14,0.0127876408971751,616800,0,4.125,0.0404041212121212,0,4.125,0,1.43617461560871,1.18092281876783
"1987-08-17",1987-08-17,0.0303030303030303,582000,0,4.25,0.0686275294117646,0,4.25,0,1.69852795588526,1.3343543482075
"1987-08-18",1987-08-18,-0.0196077647058823,529200,-0.0196077647058824,4.166667,0.0500001559999875,3.958333,4.25,1876,0,1.12649583309721
"1987-08-19",1987-08-19,-0.0250000779999938,596400,-0.0441176470588237,4.0625,0.0256411076923077,3.958333,4.25,0,-2.250009000036,0.860828599703517
"1987-08-20",1987-08-20,0,368400,-0.0441176470588237,4.0625,0.0256411076923077,3.958333,4.25,0,-1,0.860828599703517
"1987-08-21",1987-08-21,0,346800,-0.0441176470588237,4.0625,0.0256411076923077,3.958333,4.25,0,-1,0.860828599703517
"1987-08-24",1987-08-24,-0.0102564923076924,484800,-0.0539216470588237,4.020833,0.0155440427394024,3.958333,4.25,0,-1.222224,0.752640006334379
"1987-08-25",1987-08-25,-0.0103625293564791,138000,-0.0637254117647061,3.979167,0.00523576919490931,3.958333,4.25,0,-1.18181500826908,0.643304494227688
"1987-08-26",1987-08-26,0.0209423228529992,214800,-0.0441176470588237,4.0625,0.0256411076923077,3.958333,4.25,0,4.89729526604004,0.860828599703517
"1987-08-27",1987-08-27,-0.00512812307692299,97200,-0.0490195294117648,4.041667,0.0206187199489716,3.958333,4.25,0,-1.11110933333333,0.806877073768978
"1987-08-28",1987-08-28,-0.0206187199489716,139200,-0.0686275294117648,3.958333,0,3.958333,4.166667,1884,-1.40000384000614,0.588191678920391
"1987-08-31",1987-08-31,0,122400,-0.0686275294117648,3.958333,0,3.958333,3.958333,1884,-1,0.588191678920391
"1987-09-01",1987-09-01,0.00526332675901694,106800,-0.0637254117647059,3.979167,0.00523576919490931,0,3.979167,0,-0.928569224492315,0.64330449422769
"1987-09-02",1987-09-02,0,637200,-0.0637254117647059,3.979167,0.00523576919490931,0,3.979167,0,-1,0.64330449422769
"1987-09-03",1987-09-03,-0.0104712870809393,103200,-0.0735294117647058,3.9375,0,0,3.979167,1888,-1.15384757396624,0.561543468993903
"1987-09-04",1987-09-04,-0.0211639365079365,158400,-0.0931371764705883,3.854167,0,3.854167,3.9375,1889,-1.2666656,0.454949350153405
"1987-09-08",1987-09-08,-0.0108108963623008,212400,-0.102941176470588,3.8125,0,3.8125,3.854167,1890,-1.10526408864344,0.401651651165885
"1987-09-09",1987-09-09,-0.00546439344262298,202800,-0.107843058823529,3.791667,0,3.791667,3.8125,1891,-1.04761828571428,0.375003441239397
"1987-09-10",1987-09-10,0.00549441709939193,2400,-0.102941176470588,3.8125,0.00546439344262295,3.791667,3.8125,1891,-0.954546148760835,0.431357852395414
"1987-09-11",1987-09-11,0.00546439344262298,117600,-0.0980392941176469,3.833333,0.0108693922495124,0,3.833333,0,1.9891306077505,0.487389375198025
"1987-09-14",1987-09-14,0,2439600,-0.0980392941176469,3.833333,0.0108693922495124,0,3.833333,0,-1,0.487389375198025
"1987-09-15",1987-09-15,0,61200,-0.0980392941176469,3.833333,0.0108693922495124,0,3.833333,0,-1,0.487389375198025
"1987-09-16",1987-09-16,-0.00543469612475621,63600,-0.102941176470588,3.8125,0.00546439344262295,3.791667,3.833333,1896,-1.04999916000067,0.431357852395414
"1987-09-17",1987-09-17,-0.0109290491803278,146400,-0.112745176470588,3.770833,0,3.770833,3.8125,1897,-1.09523885714286,0.348353952178367
"1987-09-18",1987-09-18,-0.0220993610695568,169200,-0.13235294117647,3.6875,0,3.6875,3.770833,1898,-1.17391222684367,0.241759833337869
"1987-09-21",1987-09-21,0,104400,-0.13235294117647,3.6875,0,3.6875,3.6875,1898,-1,0.241759833337869
"1987-09-22",1987-09-22,0,111600,-0.13235294117647,3.6875,0,0,3.6875,0,-1,0.241759833337869
"1987-09-23",1987-09-23,0.0169491525423729,613200,-0.117647058823529,3.75,0.0166666666666667,0,3.75,0,-0.888888888888889,0.412311105687754
"1987-09-24",1987-09-24,0,296400,-0.117647058823529,3.75,0.0166666666666667,0,3.75,0,-1,0.412311105687754
"1987-09-25",1987-09-25,-0.00555546666666669,132000,-0.122548941176471,3.729167,0.0111732727442885,3.6875,3.75,1903,-1.041666,0.355799038591254
"1987-09-28",1987-09-28,-0.00558677045034449,549600,-0.127451058823529,3.708333,0.00561788814542818,3.6875,3.75,0,-1.04000130560083,0.298948691093875
"1987-09-29",1987-09-29,0,222000,-0.127451058823529,3.708333,0.00561788814542818,3.6875,3.75,0,-1,0.298948691093875
"1987-09-30",1987-09-30,0,80400,-0.127451058823529,3.708333,0.00561788814542818,3.6875,3.75,0,-1,0.298948691093875
"1987-10-01",1987-10-01,0.00280907890418684,480000,-0.125,3.71875,0.00840336134453779,3.6875,3.75,0,1.49582211802782,0.327416164317163
"1987-10-02",1987-10-02,0.0196079327731092,684000,-0.10784305882353,3.791667,0.0219781958700487,3.708333,3.791667,1903,2.6154053085358,0.494483986707634
"1987-10-05",1987-10-05,0.0164835150344163,424800,-0.0931371764705884,3.854167,0.0378380075383344,0,3.854167,0,1.72161572142048,0.660648935635418
"1987-10-06",1987-10-06,-0.00540557791086888,217200,-0.0980392941176472,3.833333,0.0326086984877129,3.708333,3.854167,1910,-1.05263330748068,0.605571239751381
"1987-10-07",1987-10-07,-0.0135868707466844,160800,-0.110294117647059,3.78125,0.0192838347107438,3.708333,3.854167,0,-1.12499910000072,0.466511827853139
"1987-10-08",1987-10-08,0.00826446280991736,38400,-0.102941176470588,3.8125,0.0273224918032786,3.708333,3.854167,0,1.41685988358198,0.550185509154474
"1987-10-09",1987-10-09,-0.0109290491803278,52800,-0.112745176470588,3.770833,0.016574587100516,3.708333,3.854167,0,-1.09523885714286,0.438458741460875
"1987-10-12",1987-10-12,0.00552503916243435,58800,-0.10784305882353,3.791667,0.0219781958700487,3.708333,3.854167,0,1.32601770027589,0.494483986707634
"1987-10-13",1987-10-13,0,264000,-0.10784305882353,3.791667,0.0219781958700487,3.708333,3.854167,0,-1,0.494483986707634
"1987-10-14",1987-10-14,-0.0054946808356324,133200,-0.112745176470588,3.770833,0.016574587100516,3.708333,3.854167,0,-1.04545603305893,0.438458741460875
"1987-10-15",1987-10-15,0.0110498131314752,336000,-0.102941176470589,3.8125,0.0273224918032786,3.708333,3.854167,0,1.64845685974452,0.550185509154473
"1987-10-16",1987-10-16,-0.0327868852459016,908400,-0.132352941176471,3.6875,0,3.6875,3.833333,1918,-1.28571428571428,0.241759833337868
"1987-10-19",1987-10-19,-0.0508474576271186,350400,-0.176470588235294,3.5,0,3.5,3.6875,1919,-1.33333333333333,0.00192210659584189
"1987-10-20",1987-10-20,-0.0833334285714285,336000,-0.245098117647059,3.208333,0,3.208333,3.5,1920,-1.38888933333333,-0.371159228047712
"1987-10-21",1987-10-21,0.0129871182324278,261600,-0.235294117647059,3.25,0.0128206153846153,3.208333,3.25,1920,-0.959999692800098,-0.248164538076512
"1987-10-22",1987-10-22,-0.0448716923076923,5300400,-0.269607764705883,3.104167,0,0,3.25,1922,-1.145833,-0.504401556814697
"1987-10-23",1987-10-23,-0.0134229247331087,404400,-0.279411764705882,3.0625,0,3.0625,3.104167,1923,-1.03636393785133,-0.557699255802217
"1987-10-26",1987-10-26,-0.0884352653061225,369600,-0.343137176470588,2.791667,0,2.791667,3.0625,1924,-1.22806989473684,-0.904131101384739
"1987-10-27",1987-10-27,-0.0671641710848751,218400,-0.387254823529412,2.604167,0,2.604167,2.791667,1925,-1.12857145795919,-1.14396882812677
"1987-10-28",1987-10-28,-0.0320002519039677,324000,-0.406862823529412,2.520833,0,2.520833,2.604167,1926,-1.05063332671055,-1.2505642261018
"1987-10-29",1987-10-29,0.0826449034902351,643200,-0.35784305882353,2.729167,0.0763361128139098,2.520833,2.729167,1926,-0.87951770997249,-0.569089335611567
"1987-10-30",1987-10-30,0.0992365069634801,648000,-0.294117647058824,3,0.159722333333333,0,3,0,2.0923561266828,0.230656838913345
"1987-11-02",1987-11-02,0.0694443333333334,315600,-0.245098117647059,3.208333,0.214285736549167,0,3.208333,0,1.3416141129241,0.793766994301994
"1987-11-03",1987-11-03,-0.0324673280485536,228000,-0.269607764705883,3.104167,0.187919657673057,2.520833,3.208333,1930,-1.09999932800022,0.517190175998069
"1987-11-04",1987-11-04,0.0201342260258549,186000,-0.254901882352941,3.166667,0.203947557479204,2.520833,3.208333,0,1.08529123565153,0.684268906135067
"1987-11-05",1987-11-05,0.0263156814404546,243600,-0.235294117647059,3.25,0.0448716923076924,3.104167,3.25,1930,-0.923077207100679,-0.0739245696889145
"1987-11-06",1987-11-06,0.0128206153846154,384000,-0.225490117647059,3.291667,0.0569620195481499,0,3.291667,0,1.2694421943695,0.0451000389194254
"1987-11-09",1987-11-09,-0.012658327832068,79200,-0.235294117647059,3.25,0.0448716923076924,3.104167,3.291667,1934,-1.04347862381865,-0.0739245696889145
"1987-11-10",1987-11-10,-0.0192307692307692,97200,-0.25,3.1875,0.0261436862745098,3.104167,3.291667,0,-1.0625,-0.255681946186871
"1987-11-11",1987-11-11,-0.00326807843137252,60000,-0.25245105882353,3.177083,0.0229506122439987,3.104167,3.291667,0,-1.00980423529412,-0.286365268698113
"1987-11-12",1987-11-12,-0.00327847903249622,33600,-0.254901882352941,3.166667,0.019736840027701,3.104167,3.291667,0,-1.00970811348874,-0.317159834073552
"1987-11-13",1987-11-13,0,286800,-0.254901882352941,3.166667,0.019736840027701,3.104167,3.291667,0,-1,-0.317159834073552
"1987-11-16",1987-11-16,-0.00328957860109696,2511600,-0.257352941176471,3.15625,0.0165015445544555,3.104167,3.291667,0,-1.00961569526637,-0.34807268593462
"1987-11-17",1987-11-17,-0.0099009900990099,1236000,-0.264705882352941,3.125,0.00666655999999999,3.104167,3.291667,0,-1.02857142857143,-0.441511781388184
"1987-11-18",1987-11-18,0.00666656000000003,518400,-0.259804,3.145833,0.013244822595478,3.104167,3.291667,0,1.98675517740454,-0.3791020190673
"1987-11-19",1987-11-19,-0.00662241129773898,124800,-0.264705882352941,3.125,0.00666655999999999,3.104167,3.291667,0,-1.01886761694563,-0.441511781388184
"1987-11-20",1987-11-20,0,165600,-0.264705882352941,3.125,0.00666655999999999,3.104167,3.291667,0,-1,-0.441511781388184
"1987-11-23",1987-11-23,0.00666656000000003,74400,-0.259804,3.145833,0.013244822595478,3.104167,3.291667,0,1.98675517740454,-0.3791020190673
"1987-11-24",1987-11-24,0.00662272917856727,1232400,-0.254901882352941,3.166667,0.019736840027701,3.104167,3.291667,0,1.4901551066784,-0.317159834073553
"1987-11-25",1987-11-25,-0.00328957860109696,662400,-0.257352941176471,3.15625,0.0165015445544555,3.104167,3.291667,0,-1.00961569526637,-0.34807268593462
"1987-11-27",1987-11-27,-0.00330043564356432,32400,-0.259804,3.145833,0.013244822595478,3.104167,3.291667,0,-1.00952411428571,-0.3791020190673
"1987-11-30",1987-11-30,-0.0198675517740452,446400,-0.274509882352941,3.083333,0,3.083333,3.25,1948,-1.05660375649698,-0.531051045875728
"1987-12-01",1987-12-01,-0.0270269218407483,273600,-0.294117647058824,3,0,3,3.083333,1949,-1.07142826530621,-0.637645164716225
"1987-12-02",1987-12-02,0.00694433333333337,136800,-0.289215764705882,3.020833,0.00689644214029705,3,3.020833,1949,-0.9833336,-0.57350567599757
"1987-12-03",1987-12-03,-0.0275860995957076,142800,-0.308823529411765,2.9375,0,0,3.020833,1951,-1.06779632059761,-0.717591073630233
"1987-12-04",1987-12-04,-0.0354611063829787,142800,-0.333333411764706,2.833333,0,2.833333,2.9375,1952,-1.07936533333333,-0.850834681531762
"1987-12-07",1987-12-07,-0.00735282439444996,46800,-0.338235294117647,2.8125,0,2.8125,2.833333,1953,-1.01470564359867,-0.877482891458251
"1987-12-08",1987-12-08,0.00740728888888892,50400,-0.333333411764706,2.833333,0.00735282439444995,2.8125,2.833333,1953,-0.985507478260869,-0.810862361939402
"1987-12-09",1987-12-09,-0.00735282439444996,25200,-0.338235294117647,2.8125,0,0,2.833333,1955,-1.01470564359867,-0.87748289145825
"1987-12-10",1987-12-10,-0.00740728888888892,297600,-0.343137176470588,2.791667,0,2.791667,2.8125,1956,-1.01449252173913,-0.904131101384739
"1987-12-11",1987-12-11,-0.0074629244820388,330000,-0.348039294117647,2.770833,0,2.770833,2.791667,1957,-1.01428617469398,-0.93078059044577
"1987-12-14",1987-12-14,0.0225563936909947,78000,-0.333333411764706,2.833333,0.0220588261245678,2.770833,2.833333,1957,-0.957746488395158,-0.730915804052646
"1987-12-15",1987-12-15,-0.0147056487888999,208800,-0.343137176470588,2.791667,0.00746292448203878,2.770833,2.833333,1959,-1.02941128719734,-0.863560242285362
"1987-12-16",1987-12-16,0.0223880570282917,169200,-0.328431294117647,2.854167,0.0218978076615699,2.791667,2.854167,1959,2.93421268220949,-0.705141663173203
"1987-12-17",1987-12-17,-0.00729950279713829,457200,-0.333333411764706,2.833333,0.0147056487888999,2.791667,2.854167,1961,-1.01492585431065,-0.770890042347044
"1987-12-18",1987-12-18,0.00735317733566785,139200,-0.328431294117647,2.854167,0.00729950279713831,2.833333,2.854167,1961,-0.985293650519141,-0.784502746240576
"1987-12-21",1987-12-21,-0.00729950279713829,74400,-0.333333411764706,2.833333,0,0,2.854167,1963,-1.01492585431065,-0.850834681531761
"1987-12-22",1987-12-22,0.0147060017301178,157200,-0.323529411764706,2.875,0.0144928695652173,2.833333,2.875,1963,-0.970588006920469,-0.718749079693126
"1987-12-23",1987-12-23,0.0144928695652174,98400,-0.313725411764706,2.916667,0.0285716538775252,0,2.916667,0,1.97142834612248,-0.588914578544489
"1987-12-24",1987-12-24,0.014285484081659,145200,-0.303921647058824,2.958333,0.0422535258877212,0,2.958333,0,1.47886174419039,-0.461239099533494
"1987-12-28",1987-12-28,-0.0211267629438606,200400,-0.318627529411765,2.895833,0.0215827362972933,2.833333,2.958333,1967,-1.0483870842872,-0.653558072648337
"1987-12-29",1987-12-29,0,540000,-0.318627529411765,2.895833,0.0215827362972933,2.833333,2.958333,0,-1,-0.653558072648337
"1987-12-30",1987-12-30,0.0071944756482849,420000,-0.313725411764706,2.916667,0.0285716538775252,2.833333,2.958333,0,1.32381981060985,-0.588914578544488
"1987-12-31",1987-12-31,0.0285713110204216,244800,-0.294117647058824,3,0.0347223333333333,2.895833,3,1967,1.21527208337933,-0.448883386855727
"1988-01-04",1988-01-04,0.0416666666666667,504000,-0.264705882352941,3.125,0.07333344,0,3.125,0,2.1119963136118,-0.079089167896027
"1988-01-05",1988-01-05,0.00666656000000003,115200,-0.259804,3.145833,0.0794702070961809,0,3.145833,0,1.08368306595437,-0.0190795171852902
"1988-01-06",1988-01-06,0.00662272917856727,8400,-0.254901882352941,3.166667,0.0855265173129981,0,3.166667,0,1.0762085621532,0.0404940231722484
"1988-01-07",1988-01-07,0,90000,-0.254901882352941,3.166667,0.0855265173129981,0,3.166667,0,-1,0.0404940231722484
"1988-01-08",1988-01-08,0.00657884141275357,174000,-0.25,3.1875,0.0915033725490195,0,3.1875,0,1.06988306578822,0.0996343415505376
"1988-01-11",1988-01-11,-0.00653584313725493,240000,-0.254901882352941,3.166667,0.0855265173129981,2.895833,3.1875,1976,-1.01960752941176,0.040494023172249
"1988-01-12",1988-01-12,-0.0197368400277011,122400,-0.269607764705883,3.104167,0.0671143015179273,2.895833,3.1875,0,-1.05769232544379,-0.13954661596809
"1988-01-13",1988-01-13,-0.00671162344036252,32400,-0.274509882352941,3.083333,0.0608108173849532,2.895833,3.1875,0,-1.01818240528943,-0.200463873275945
"1988-01-14",1988-01-14,0.0135136230825538,117600,-0.264705882352941,3.125,0.07333344,2.895833,3.1875,0,1.20592754962944,-0.0790891678960264
"1988-01-15",1988-01-15,-0.00666656000000003,182400,-0.269607764705882,3.104167,0.0671143015179273,2.895833,3.1875,0,-1.01851822222222,-0.139546615968089
"1988-01-18",1988-01-18,0.0067113012927462,96000,-0.264705882352941,3.125,0.07333344,2.895833,3.1875,0,1.0926648768059,-0.0790891678960264
"1988-01-19",1988-01-19,0.00333343999999997,46800,-0.262254823529412,3.135417,0.0764121646339226,2.895833,3.1875,0,1.04198254757888,-0.0490274855029776
"1988-01-20",1988-01-20,0.00332204615845363,229200,-0.259804,3.145833,0.0794702070961809,2.895833,3.1875,0,1.04002036163887,-0.0190795171852896
"1988-01-21",1988-01-21,0.0132451404763062,75600,-0.25,3.1875,0.0326798431372549,3.083333,3.1875,1976,-0.962263860448646,-0.220149294105495
"1988-01-22",1988-01-22,0.0196078431372549,379200,-0.235294117647059,3.25,0.0512821538461539,0,3.25,0,1.56922888615987,-0.0390752378398734
"1988-01-25",1988-01-25,0.0320513846153846,157200,-0.210784235294118,3.354167,0.08074553234827,0,3.354167,0,1.5745347317218,0.254340777095636
"1988-01-26",1988-01-26,0.0124221602561829,462000,-0.200980470588235,3.395833,0.0920245489103851,0,3.395833,0,1.13968595207803,0.368953560637195
"1988-01-27",1988-01-27,0.0214724929052753,478800,-0.183823529411765,3.46875,0.111111207207207,0,3.46875,0,1.20740833313303,0.565985430787316
"1988-01-28",1988-01-28,0.00300309909909907,486000,-0.181372470588235,3.479167,0.113772635806214,0,3.479167,0,1.0239528366751,0.593778557646133
"1988-01-29",1988-01-29,0,417600,-0.181372470588235,3.479167,0.113772635806214,0,3.479167,0,-1,0.593778557646133
"1988-02-01",1988-02-01,0,195600,-0.181372470588235,3.479167,0.113772635806214,0,3.479167,0,-1,0.593778557646133
"1988-02-02",1988-02-02,-0.01197614256516,81600,-0.191176470588236,3.4375,0.1030304,3.083333,3.479167,1992,-1.05405450986141,0.482082607898456
"1988-02-03",1988-02-03,0,294000,-0.191176470588236,3.4375,0.1030304,3.083333,3.479167,0,-1,0.482082607898456
"1988-02-04",1988-02-04,-0.0303031272727272,297600,-0.215686352941177,3.333333,0.0750000075000008,3.083333,3.479167,0,-1.12820553846154,0.196456766014167
"1988-02-05",1988-02-05,-0.00624990062499009,159600,-0.220588235294118,3.3125,0.0691824905660378,3.083333,3.479167,0,-1.02272690082658,0.138182661921914
"1988-02-08",1988-02-08,-0.012578716981132,98400,-0.230392235294118,3.270833,0.0573248466063538,3.083333,3.479167,0,-1.0444448,0.0204229945067708
"1988-02-09",1988-02-09,-0.0063693254898676,357600,-0.235294117647059,3.25,0.0512821538461539,3.083333,3.479167,0,-1.02127624807617,-0.0390752378398734
"1988-02-10",1988-02-10,0.0128206153846154,30000,-0.225490117647059,3.291667,0.0632913353629027,3.083333,3.479167,0,1.23417857121946,0.079508236501192
"1988-02-11",1988-02-11,-0.012658327832068,133200,-0.235294117647059,3.25,0.0512821538461539,3.083333,3.479167,0,-1.04347862381865,-0.0390752378398734
"1988-02-12",1988-02-12,-0.0128206153846154,164400,-0.245098117647059,3.208333,0.0389610430089395,3.083333,3.479167,0,-1.041667,-0.159354460347764
"1988-02-16",1988-02-16,0,85200,-0.245098117647059,3.208333,0.0389610430089395,3.083333,3.479167,0,-1,-0.159354460347764
"1988-02-17",1988-02-17,0.0129871182324278,540000,-0.235294117647059,3.25,0.0512821538461539,3.083333,3.479167,0,1.31624181196554,-0.0390752378398734
"1988-02-18",1988-02-18,0,184800,-0.235294117647059,3.25,0.0512821538461539,3.083333,3.479167,0,-1,-0.0390752378398734
"1988-02-19",1988-02-19,-0.00641015384615388,703200,-0.240196,3.229167,0.0451614921123621,3.083333,3.479167,0,-1.020833,-0.0989973346178574
"1988-02-22",1988-02-22,0.0451611824349748,302400,-0.205882352941177,3.375,0.0864198518518519,3.083333,3.479167,0,1.9135738836272,0.311836413874523
"1988-02-23",1988-02-23,-0.00925925925925926,147600,-0.213235294117647,3.34375,0.0778817196261682,3.083333,3.479167,0,-1.03571428571429,0.225447425015222
"1988-02-24",1988-02-24,-0.00311536448598128,44400,-0.215686352941176,3.333333,0.0750000075000008,3.083333,3.479167,0,-1.01149462068966,0.196456766014168
"1988-02-25",1988-02-25,0.0125001012500101,175200,-0.205882352941177,3.375,0.0864198518518519,3.083333,3.479167,0,1.15226457613155,0.311836413874523
"1988-02-26",1988-02-26,0.0123457777777777,74400,-0.196078352941176,3.416667,0.0975611612135452,3.083333,3.479167,0,1.12892071813306,0.425701855894109
"1988-02-29",1988-02-29,0,46800,-0.196078352941176,3.416667,0.0975611612135452,3.083333,3.479167,0,-1,0.425701855894109
"1988-03-01",1988-03-01,-0.00609775550265794,98400,-0.200980470588235,3.395833,0.0920245489103851,3.083333,3.479167,0,-1.02500081000032,0.368953560637196
"1988-03-02",1988-03-02,-0.018404909782077,73200,-0.215686352941176,3.333333,0.0750000075000008,3.083333,3.479167,0,-1.0731707031529,0.196456766014169
"1988-03-03",1988-03-03,0.0125001012500101,14400,-0.205882352941176,3.375,0.0864198518518519,3.083333,3.479167,0,1.15226457613155,0.311836413874525
"1988-03-04",1988-03-04,0.00617274074074077,115200,-0.200980470588235,3.395833,0.0920245489103851,3.083333,3.479167,0,1.06485427755814,0.368953560637197
"1988-03-07",1988-03-07,0.00613516624639663,109200,-0.196078352941176,3.416667,0.0975611612135452,3.083333,3.479167,0,1.06016451445529,0.42570185589411
"1988-03-08",1988-03-08,0.0121949256395195,92400,-0.186274588235294,3.458333,0.108433745391204,3.083333,3.479167,0,1.11144377580604,0.538105142201325
"1988-03-09",1988-03-09,-0.0120480011612532,31200,-0.196078352941176,3.416667,0.0975611612135452,3.083333,3.479167,0,-1.0526307146818,0.42570185589411
"1988-03-10",1988-03-10,0.00609746281975975,114000,-0.191176470588235,3.4375,0.1030304,3.083333,3.479167,0,1.05605959091122,0.482082607898458
"1988-03-11",1988-03-11,0.0121213090909091,177600,-0.181372470588235,3.479167,0.0778444955358567,3.208333,3.479167,1992,-0.948717538461538,0.39846162523988
"1988-03-14",1988-03-14,-0.00598821499514102,56400,-0.186274588235294,3.458333,0.0722891635941363,3.208333,3.479167,2020,-1.02702790357963,0.341611564003659
"1988-03-15",1988-03-15,0.00602428973728088,96000,-0.181372470588235,3.479167,0.00598821499514102,3.458333,3.479167,2020,-0.973683379501735,0.00782776042737051
"1988-03-16",1988-03-16,0,103200,-0.181372470588235,3.479167,0.00598821499514102,0,3.479167,0,-1,0.00782776042737051
"1988-03-17",1988-03-17,0.0299399252752168,758400,-0.156862823529412,3.583333,0.0348837241752301,0,3.583333,0,5.82539608272843,0.298155375849956
"1988-03-18",1988-03-18,-0.00581386100594059,663600,-0.161764705882353,3.5625,0.0292398596491228,3.458333,3.583333,2024,-1.03124948437526,0.24082530212922
"1988-03-21",1988-03-21,0.0175438596491228,118800,-0.147058823529411,3.625,0.0172413793103449,3.5625,3.625,2024,-0.909090909090909,0.255543610736838
"1988-03-22",1988-03-22,-0.0172413793103448,24000,-0.161764705882353,3.5625,0,0,3.625,2026,-1.1,0.0818680155098531
"1988-03-23",1988-03-23,0.011696,148800,-0.151960705882353,3.604167,0.0115607850579621,3.5625,3.604167,2026,-0.939393454545455,0.198013862404215
"1988-03-24",1988-03-24,-0.011560785057962,73200,-0.161764705882353,3.5625,0,0,3.604167,2028,-1.06451667846022,0.0818680155098525
"1988-03-25",1988-03-25,0,291600,-0.161764705882353,3.5625,0,3.5625,3.5625,2028,-1,0.0818680155098525
"1988-03-28",1988-03-28,0.011696,51600,-0.151960705882353,3.604167,0.0115607850579621,0,3.604167,0,-0.939393454545454,0.198013862404215
"1988-03-29",1988-03-29,-0.00578053125729185,141600,-0.156862823529412,3.583333,0.00581386100594061,3.5625,3.604167,2031,-1.03225911342406,0.140122244800876
"1988-03-30",1988-03-30,-0.00581386100594059,40800,-0.161764705882353,3.5625,0,3.5625,3.583333,2032,-1.03124948437526,0.0818680155098525
"1988-03-31",1988-03-31,0.0087719298245614,128400,-0.154411764705882,3.59375,0.00869565217391299,3.5625,3.59375,2032,-0.954545454545454,0.169113333498618
"1988-04-04",1988-04-04,-0.0144926608695652,132000,-0.166666588235294,3.541667,0,0,3.59375,2034,-1.07936457142857,0.0552198055833644
"1988-04-05",1988-04-05,0,190800,-0.166666588235294,3.541667,0,3.541667,3.541667,2034,-1,0.0552198055833644
"1988-04-06",1988-04-06,0.00588225826990513,39600,-0.161764705882353,3.5625,0.00584785964912282,0,3.5625,0,-0.970588692041738,0.113658862439699
"1988-04-07",1988-04-07,0,7200,-0.161764705882353,3.5625,0.00584785964912282,0,3.5625,0,-1,0.113658862439699
"1988-04-08",1988-04-08,-0.00584785964912284,139200,-0.166666588235294,3.541667,0,0,3.5625,2038,-1.03030254545454,0.0552198055833644
"1988-04-11",1988-04-11,-0.0117647988927248,45600,-0.176470588235294,3.5,0,3.5,3.541667,2039,-1.05882402768189,0.00192210659584491
"1988-04-12",1988-04-12,0.0119048571428571,3600,-0.166666588235294,3.541667,0.0117647988927247,3.5,3.541667,2039,-0.944444,0.119177038348884
"1988-04-13",1988-04-13,-0.0117647988927248,386400,-0.176470588235294,3.5,0,0,3.541667,2041,-1.0588240276819,0.0019221065958437
"1988-04-14",1988-04-14,0,604800,-0.176470588235294,3.5,0,3.5,3.5,2041,-1,0.0019221065958437
"1988-04-15",1988-04-15,0,304800,-0.176470588235294,3.5,0,0,3.5,0,-1,0.0019221065958437
"1988-04-18",1988-04-18,-0.0178571428571429,43200,-0.191176470588235,3.4375,0,0,3.5,2044,-1.08333333333333,-0.0780238023181645
"1988-04-19",1988-04-19,0.0121213090909091,148800,-0.181372470588235,3.479167,0.01197614256516,3.4375,3.479167,2044,-0.948717538461538,0.0403800616499269
"1988-04-20",1988-04-20,-0.00598821499514102,129600,-0.186274588235294,3.458333,0.00602400058062658,3.4375,3.479167,2046,-1.02702790357963,-0.0186271866749391
"1988-04-21",1988-04-21,0.00301214486864044,28800,-0.183823529411764,3.46875,0.00900900900900903,3.4375,3.479167,0,1.49551927965983,0.010925024266341
"1988-04-22",1988-04-22,-0.00300309909909907,24000,-0.186274588235294,3.458333,0.00602400058062658,3.4375,3.479167,0,-1.01333376,-0.0186271866749391
"1988-04-25",1988-04-25,0,116400,-0.186274588235294,3.458333,0.00602400058062658,3.4375,3.479167,0,-1,-0.0186271866749391
"1988-04-26",1988-04-26,0.0120482903179075,15600,-0.176470588235294,3.5,0.0119048571428572,3.458333,3.5,2046,1.97623771504001,0.0666407410806906
"1988-04-27",1988-04-27,-0.00595228571428574,506400,-0.181372470588235,3.479167,0.00598821499514102,3.458333,3.5,2051,-1.02777733333333,0.00782776042737172
"1988-04-28",1988-04-28,-0.01197614256516,330000,-0.191176470588235,3.4375,0,3.4375,3.479167,2052,-1.05405450986141,-0.0780238023181633
"1988-04-29",1988-04-29,0.0121213090909091,244800,-0.181372470588235,3.479167,0.01197614256516,3.4375,3.479167,2052,-0.948717538461538,0.0403800616499281
"1988-05-02",1988-05-02,0,3600,-0.181372470588235,3.479167,0.01197614256516,0,3.479167,0,-1,0.0403800616499281
"1988-05-03",1988-05-03,-0.00598821499514102,424800,-0.186274588235294,3.458333,0.00602400058062658,3.4375,3.479167,2055,-1.02702790357963,-0.0186271866749385
"1988-05-04",1988-05-04,0.0120482903179075,162000,-0.176470588235294,3.5,0.0119048571428572,3.458333,3.5,2055,1.97623771504001,0.0666407410806912
"1988-05-05",1988-05-05,0,1200,-0.176470588235294,3.5,0.0119048571428572,0,3.5,0,-1,0.0666407410806912
"1988-05-06",1988-05-06,0,18000,-0.176470588235294,3.5,0.0119048571428572,0,3.5,0,-1,0.0666407410806912
"1988-05-09",1988-05-09,-0.00892857142857143,658800,-0.183823529411764,3.46875,0.00300309909909902,3.458333,3.5,2059,-1.04166666666667,-0.0217250347426894
"1988-05-10",1988-05-10,-0.00300309909909907,18000,-0.186274588235294,3.458333,0,3.458333,3.46875,2060,-1.01333376,-0.0513755923916733
"1988-05-11",1988-05-11,0.00602428973728088,207600,-0.181372470588235,3.479167,0.00598821499514102,3.458333,3.479167,2060,-0.973683379501735,0.00782776042737232
"1988-05-12",1988-05-12,0.00598792757001894,36000,-0.176470588235294,3.5,0.0119048571428572,0,3.5,0,1.98804771580797,0.0666407410806912
"1988-05-13",1988-05-13,-0.0119048571428571,20400,-0.186274588235294,3.458333,0,0,3.5,2063,-1.055556,-0.0513755923916733
"1988-05-16",1988-05-16,0.0120482903179075,18000,-0.176470588235294,3.5,0.0119048571428572,3.458333,3.5,2063,-0.947368022160834,0.0666407410806912
"1988-05-17",1988-05-17,-0.00595228571428574,523200,-0.181372470588235,3.479167,0.00598821499514102,3.458333,3.5,2065,-1.02777733333333,0.00782776042737232
"1988-05-18",1988-05-18,-0.0239522851303199,324000,-0.200980470588235,3.395833,0,3.395833,3.479167,2066,-1.10810901972282,-0.131321501305682
"1988-05-19",1988-05-19,0.00613516624639663,148800,-0.196078352941176,3.416667,0.0060977555026579,3.395833,3.416667,2066,-0.975608985128201,-0.0715226510369648
"1988-05-20",1988-05-20,0,298800,-0.196078352941176,3.416667,0.0060977555026579,0,3.416667,0,-1,-0.0715226510369648
"1988-05-23",1988-05-23,-0.00609775550265794,31200,-0.200980470588235,3.395833,0,0,3.416667,2069,-1.02500081000032,-0.131321501305682
"1988-05-24",1988-05-24,-0.0061348717678402,1114800,-0.205882352941176,3.375,0,3.375,3.395833,2070,-1.02438984414055,-0.15796971123217
"1988-05-25",1988-05-25,-0.0123457777777777,276000,-0.215686352941176,3.333333,0,3.333333,3.375,2071,-1.04761942857143,-0.21126741021969
"1988-05-26",1988-05-26,0.00625020062502,165600,-0.210784235294117,3.354167,0.00621137826470763,3.333333,3.354167,2071,-0.977272008264724,-0.150850870051967
"1988-05-27",1988-05-27,-0.00621137826470769,2302800,-0.215686352941176,3.333333,0,0,3.354167,2073,-1.02325656679314,-0.21126741021969
"1988-05-31",1988-05-31,0,19200,-0.215686352941176,3.333333,0,3.333333,3.333333,2073,-1,-0.21126741021969
"1988-06-01",1988-06-01,0.0125001012500101,306000,-0.205882352941176,3.375,0.0123457777777778,0,3.375,0,-0.954545107438143,-0.0908540902849236
"1988-06-02",1988-06-02,0.00308651851851849,586800,-0.203431294117647,3.385417,0.0153848107928801,0,3.385417,0,1.24615970494565,-0.0610081843047898
"1988-06-03",1988-06-03,-0.00307702123549326,178800,-0.205882352941176,3.375,0.0123457777777778,3.333333,3.385417,2077,-1.01204858295849,-0.0908540902849236
"1988-06-06",1988-06-06,0.0123457777777777,274800,-0.196078352941176,3.416667,0.0121952183224177,3.375,3.416667,2077,-0.952380571428571,-0.0383748809477003
"1988-06-07",1988-06-07,0.00609746281975975,56400,-0.191176470588235,3.4375,0.0181818181818182,0,3.4375,0,1.49089730918517,0.0208184123391569
"1988-06-08",1988-06-08,0.00909090909090909,478800,-0.183823529411764,3.46875,0.027027027027027,0,3.46875,0,1.48648648648648,0.108876768521344
"1988-06-09",1988-06-09,-0.00600590990990994,136800,-0.188725411764705,3.447917,0.0211481308859812,3.375,3.46875,2081,-1.02666624,0.0502689873071812
"1988-06-10",1988-06-10,-0.0211481308859813,712800,-0.205882352941176,3.375,0,3.375,3.447917,2082,-1.0909095442741,-0.157969711232171
"1988-06-13",1988-06-13,0.0185185185185185,674400,-0.191176470588235,3.4375,0.0181818181818182,3.375,3.4375,2082,-0.928571428571429,0.0208184123391569
"1988-06-14",1988-06-14,0.0121213090909091,198000,-0.181372470588235,3.479167,0.0299402127003389,0,3.479167,0,1.64671169851864,0.138038527853056
"1988-06-15",1988-06-15,-0.00299410749757051,288000,-0.183823529411764,3.46875,0.027027027027027,3.375,3.479167,2085,-1.01351395178982,0.108876768521344
"1988-06-16",1988-06-16,-0.00900900900900901,159600,-0.191176470588235,3.4375,0.0181818181818182,3.375,3.479167,0,-1.04,0.0208184123391569
"1988-06-17",1988-06-17,-0.00606050909090912,343200,-0.196078352941176,3.416667,0.0121952183224177,3.375,3.479167,0,-1.02564061538461,-0.0383748809477003
"1988-06-20",1988-06-20,-0.00609775550265794,858000,-0.200980470588235,3.395833,0.00613487176784022,3.375,3.479167,0,-1.02500081000032,-0.0979703641362225
"1988-06-21",1988-06-21,0.0306749477963139,205200,-0.176470588235293,3.5,0.029762,3.395833,3.5,2085,4.85128314433826,0.163717916190559
"1988-06-22",1988-06-22,0.00595228571428574,354000,-0.171568705882352,3.520833,0.0355029619411088,0,3.520833,0,1.192895703955,0.221575842705791
"1988-06-23",1988-06-23,0.00591734967264843,153600,-0.166666588235294,3.541667,0.0411766549480794,0,3.541667,0,1.15980900456649,0.279069352782031
"1988-06-24",1988-06-24,0.0176470571626299,51600,-0.151960705882352,3.604167,0.0578036478331886,0,3.604167,0,1.40379659071565,0.449404945688102
"1988-06-27",1988-06-27,0,30000,-0.151960705882352,3.604167,0.0578036478331886,0,3.604167,0,-1,0.449404945688102
"1988-06-28",1988-06-28,-0.00578053125729185,26400,-0.156862823529411,3.583333,0.0523255862628452,3.395833,3.604167,2094,-1.03225911342406,0.392974951056766
"1988-06-29",1988-06-29,0.00290707003786695,1363200,-0.154411764705882,3.59375,0.0550725565217391,3.395833,3.604167,0,1.05249764895314,0.42123310990656
"1988-06-30",1988-06-30,0.00289864347826084,118800,-0.151960705882352,3.604167,0.00578053125729183,3.583333,3.604167,2094,-0.984126476190477,0.166590542622537
"1988-07-01",1988-07-01,0,154800,-0.151960705882352,3.604167,0.00578053125729183,0,3.604167,0,-1,0.166590542622537
"1988-07-05",1988-07-05,0.0057802538006702,135600,-0.147058823529411,3.625,0.0114943448275862,0,3.625,0,1.98845820841928,0.224300881857507
"1988-07-06",1988-07-06,-0.00287365517241377,124800,-0.149509882352941,3.614583,0.00864553393849299,3.583333,3.625,2099,-1.0166672,0.195489084569009
"1988-07-07",1988-07-07,0.002881936865193,294000,-0.147058823529411,3.625,0.00287365517241378,3.614583,3.625,2099,-0.983606041386996,0.177436038701019
"1988-07-08",1988-07-08,-0.00862068965517241,406800,-0.154411764705882,3.59375,0,0,3.625,2101,-1.05,0.121840969966859
"1988-07-11",1988-07-11,0.00289864347826084,74400,-0.151960705882353,3.604167,0.00289026562864592,3.59375,3.604167,2101,-0.984126476190477,0.150878128559955
"1988-07-12",1988-07-12,-0.0173410388586322,26400,-0.166666588235294,3.541667,0,0,3.604167,2103,-1.09677424349638,0.055219805583365
"1988-07-13",1988-07-13,0,2400,-0.166666588235294,3.541667,0,3.541667,3.541667,2103,-1,0.055219805583365
"1988-07-14",1988-07-14,0,22800,-0.166666588235294,3.541667,0,0,3.541667,0,-1,0.055219805583365
"1988-07-15",1988-07-15,0.00882352858131496,172800,-0.159313647058823,3.572917,0.00874635486914477,0,3.572917,0,-0.95588233217992,0.14274075973985
"1988-07-18",1988-07-18,0.00291526503414443,3600,-0.156862823529411,3.583333,0.0116277220118812,0,3.583333,0,1.32943634072078,0.171728264165413
"1988-07-19",1988-07-19,-0.0116277220118812,154800,-0.166666588235294,3.541667,0,0,3.583333,2108,-1.06249896875052,0.055219805583365
"1988-07-20",1988-07-20,0.00294098795849531,390000,-0.164215764705882,3.552083,0.0029323639115415,3.541667,3.552083,2108,-0.985295051903553,0.0844845448552269
"1988-07-21",1988-07-21,-0.00293236391154154,212400,-0.166666588235294,3.541667,0,0,3.552083,2110,-1.01492441078237,0.055219805583365
"1988-07-22",1988-07-22,-0.00588254062281965,34800,-0.171568705882353,3.520833,0,3.520833,3.541667,2111,-1.02941271972363,0.0285703165223343
"1988-07-25",1988-07-25,-0.00591706564895299,93600,-0.176470588235294,3.5,0,3.5,3.520833,2112,-1.02857095836756,0.00192210659584551
"1988-07-26",1988-07-26,0.00595228571428574,58800,-0.171568705882353,3.520833,0.005917065648953,3.5,3.520833,2112,-0.972222666666666,0.0607373895381738
"1988-07-27",1988-07-27,0.00591734967264843,531600,-0.166666588235294,3.541667,0.0117647988927247,0,3.541667,0,1.98828263715588,0.119177038348884
"1988-07-28",1988-07-28,-0.00588254062281965,159600,-0.171568705882353,3.520833,0.005917065648953,3.5,3.541667,2115,-1.02941271972363,0.0607373895381738
"1988-07-29",1988-07-29,0,6000,-0.171568705882353,3.520833,0.005917065648953,3.5,3.541667,0,-1,0.0607373895381738
"1988-08-01",1988-08-01,0.0118344153216014,87600,-0.161764705882353,3.5625,0.0116959999999999,3.520833,3.5625,2115,1.976655439351,0.145451235354613
"1988-08-02",1988-08-02,-0.00584785964912284,1308000,-0.166666588235294,3.541667,0.00588254062281968,3.520833,3.5625,2118,-1.03030254545454,0.0871991894467779
"1988-08-03",1988-08-03,0,9600,-0.166666588235294,3.541667,0.00588254062281968,3.520833,3.5625,0,-1,0.0871991894467779
"1988-08-04",1988-08-04,0.0117645165398103,276000,-0.156862823529411,3.583333,0.0116277220118812,3.541667,3.583333,2118,1.97664967527376,0.171728264165413
"1988-08-05",1988-08-05,-0.00581386100594059,482400,-0.161764705882352,3.5625,0.00584785964912282,3.541667,3.583333,2121,-1.03124948437526,0.1136588624397
"1988-08-08",1988-08-08,0,52800,-0.161764705882352,3.5625,0.00584785964912282,3.541667,3.583333,0,-1,0.1136588624397
"1988-08-09",1988-08-09,0.00584785964912284,693600,-0.156862823529411,3.583333,0.00581386100594061,3.5625,3.583333,2121,-0.969697454545454,0.140122244800878
"1988-08-10",1988-08-10,0,13200,-0.156862823529411,3.583333,0.00581386100594061,0,3.583333,0,-1,0.140122244800878
"1988-08-11",1988-08-11,-0.0174418620876151,222000,-0.171568705882352,3.520833,0,0,3.583333,2125,-1.09374995312502,0.0285703165223349
"1988-08-12",1988-08-12,0.0118344153216014,187200,-0.161764705882352,3.5625,0.0116959999999999,3.520833,3.5625,2125,-0.942856711836932,0.145451235354614
"1988-08-15",1988-08-15,-0.011696,711600,-0.171568705882352,3.520833,0,0,3.5625,2127,-1.06060654545455,0.0285703165223349
"1988-08-16",1988-08-16,0,48000,-0.171568705882352,3.520833,0,3.520833,3.520833,2127,-1,0.0285703165223349
"1988-08-17",1988-08-17,0.00591734967264843,87600,-0.166666588235294,3.541667,0.00588254062281968,0,3.541667,0,-0.971427670204495,0.0871991894467779
"1988-08-18",1988-08-18,-0.00294127031140982,3e+05,-0.169117647058823,3.53125,0.00294994690265482,3.520833,3.541667,2130,-1.01470635986182,0.0579319217267449
"1988-08-19",1988-08-19,0.00294994690265484,51600,-0.166666588235294,3.541667,0.00294127031140978,3.53125,3.541667,2130,-0.985506782608695,0.0712094975150723
"1988-08-22",1988-08-22,-0.0176470571626299,236400,-0.181372470588235,3.479167,0,0,3.541667,2132,-1.08823533564016,-0.0247261033306432
"1988-08-23",1988-08-23,-0.00598821499514102,136800,-0.186274588235294,3.458333,0,3.458333,3.479167,2133,-1.02702790357963,-0.0513755923916745
"1988-08-24",1988-08-24,0,56400,-0.186274588235294,3.458333,0,3.458333,3.458333,2133,-1,-0.0513755923916745
"1988-08-25",1988-08-25,-0.00602400058062659,106800,-0.191176470588235,3.4375,0,0,3.458333,2135,-1.0263153573409,-0.0780238023181627
"1988-08-26",1988-08-26,0.00303039999999997,103200,-0.188725411764706,3.447917,0.0030212444209069,3.4375,3.447917,2135,-0.987179076923078,-0.0482746008605549
"1988-08-29",1988-08-29,-0.00302124442090685,1124400,-0.191176470588235,3.4375,0,0,3.447917,2137,-1.0129874339688,-0.0780238023181633
"1988-08-30",1988-08-30,0.00606050909090912,15600,-0.186274588235294,3.458333,0.00602400058062658,3.4375,3.458333,2137,-0.974359384615384,-0.0186271866749385
"1988-08-31",1988-08-31,-0.00602400058062659,582000,-0.191176470588235,3.4375,0,0,3.458333,2139,-1.0263153573409,-0.0780238023181627
"1988-09-01",1988-09-01,0.00606050909090912,25200,-0.186274588235294,3.458333,0.00602400058062658,3.4375,3.458333,2139,-0.974359384615385,-0.0186271866749385
"1988-09-02",1988-09-02,-0.00602400058062659,489600,-0.191176470588235,3.4375,0,0,3.458333,2141,-1.0263153573409,-0.0780238023181627
"1988-09-06",1988-09-06,0,10800,-0.191176470588235,3.4375,0,3.4375,3.4375,2141,-1,-0.0780238023181627
"1988-09-07",1988-09-07,0,186000,-0.191176470588235,3.4375,0,0,3.4375,0,-1,-0.0780238023181627
"1988-09-08",1988-09-08,0.00303039999999997,194400,-0.188725411764706,3.447917,0.0030212444209069,0,3.447917,0,-0.987179076923078,-0.0482746008605549
"1988-09-09",1988-09-09,0,691200,-0.188725411764706,3.447917,0.0030212444209069,0,3.447917,0,-1,-0.0482746008605549
"1988-09-12",1988-09-12,0,0,-0.188725411764706,3.447917,0.0030212444209069,0,3.447917,0,-1,-0.0482746008605549
"1988-09-13",1988-09-13,0.0030209543907235,238800,-0.186274588235294,3.458333,0.00602400058062658,0,3.458333,0,1.99388058077682,-0.0186271866749385
"1988-09-14",1988-09-14,0,654000,-0.186274588235294,3.458333,0.00602400058062658,0,3.458333,0,-1,-0.0186271866749385
"1988-09-15",1988-09-15,0.00301214486864044,4537200,-0.183823529411764,3.46875,0.00900900900900903,0,3.46875,0,1.49551927965983,0.0109250242663422
"1988-09-16",1988-09-16,-0.00300309909909907,14400,-0.186274588235294,3.458333,0.00602400058062658,3.4375,3.46875,2150,-1.01333376,-0.0186271866749373
"1988-09-19",1988-09-19,0,1196400,-0.186274588235294,3.458333,0.00602400058062658,3.4375,3.46875,0,-1,-0.0186271866749373
"1988-09-20",1988-09-20,0.00602428973728088,165600,-0.181372470588235,3.479167,0.00598821499514102,3.458333,3.479167,2150,-0.973683379501736,0.00782776042737172
"1988-09-21",1988-09-21,-0.00299410749757051,2833200,-0.183823529411764,3.46875,0.00300309909909902,3.458333,3.479167,2153,-1.01351395178982,-0.0217250347426894
"1988-09-22",1988-09-22,-0.00300309909909907,110400,-0.186274588235294,3.458333,0,3.458333,3.46875,2154,-1.01333376,-0.0513755923916733
"1988-09-23",1988-09-23,0.0120482903179075,2211600,-0.176470588235294,3.5,0.0119048571428572,3.458333,3.5,2154,-0.947368022160834,0.0666407410806912
"1988-09-26",1988-09-26,0,14400,-0.176470588235294,3.5,0.0119048571428572,0,3.5,0,-1,0.0666407410806912
"1988-09-27",1988-09-27,0.00595228571428574,1342800,-0.171568705882352,3.520833,0.0177514809705545,0,3.520833,0,1.49111247262679,0.125073079614063
"1988-09-28",1988-09-28,0.00591734967264843,199200,-0.166666588235294,3.541667,0.0235295977854496,0,3.541667,0,1.3255005497558,0.183134271114404
"1988-09-29",1988-09-29,0,423600,-0.166666588235294,3.541667,0.0235295977854496,0,3.541667,0,-1,0.183134271114404
"1988-09-30",1988-09-30,0,1528800,-0.166666588235294,3.541667,0.0235295977854496,0,3.541667,0,-1,0.183134271114404
"1988-10-03",1988-10-03,0.00588225826990513,657600,-0.161764705882352,3.5625,0.0292398596491228,0,3.5625,0,1.24268421057347,0.240825302129221
"1988-10-04",1988-10-04,0.011696,1058400,-0.151960705882352,3.604167,0.0404626089745563,0,3.604167,0,1.38381679871607,0.35513347799958
"1988-10-05",1988-10-05,0.0057802538006702,1347600,-0.147058823529411,3.625,0.0459771034482759,0,3.625,0,1.13628618157537,0.411760254483457
"1988-10-06",1988-10-06,0,159600,-0.147058823529411,3.625,0.0459771034482759,0,3.625,0,-1,0.411760254483457
"1988-10-07",1988-10-07,0.0114943448275862,816000,-0.137254823529411,3.666667,0.0568183584710583,0,3.666667,0,1.23579682515187,0.52399450455739
"1988-10-10",1988-10-10,0.0397726327479425,302400,-0.102941176470588,3.8125,0.092896262295082,0,3.8125,0,1.63496913312624,0.906665627590711
"1988-10-11",1988-10-11,-0.0163934426229508,745200,-0.117647058823529,3.75,0.0777778666666666,3.458333,3.8125,2167,-1.14285714285715,0.744531254847906
"1988-10-12",1988-10-12,-0.00555546666666669,1042800,-0.12254894117647,3.729167,0.0726258706032741,3.458333,3.8125,0,-1.041666,0.689875136376784
"1988-10-13",1988-10-13,0,196800,-0.12254894117647,3.729167,0.0726258706032741,3.458333,3.8125,0,-1,0.689875136376784
"1988-10-14",1988-10-14,0.0111730045878879,198000,-0.112745176470588,3.770833,0.0828729355025799,3.458333,3.8125,0,1.14109386660962,0.798877898590919
"1988-10-17",1988-10-17,0.0220996262629503,363600,-0.0931371764705879,3.854167,0.0324324296274655,3.729167,3.854167,2167,-0.826085686201262,0.631262474563707
"1988-10-18",1988-10-18,0.0270268517165967,680400,-0.0686275294117645,3.958333,0.0578945732963851,0,3.958333,0,1.78508283102407,0.902925210189429
"1988-10-19",1988-10-19,-0.0105261482548336,274800,-0.0784312941176469,3.916667,0.0478723363512905,3.729167,3.958333,2173,-1.14285469388035,0.795144685085406
"1988-10-20",1988-10-20,0,129600,-0.0784312941176469,3.916667,0.0478723363512905,3.729167,3.958333,0,-1,0.795144685085406
"1988-10-21",1988-10-21,0.00531906337710102,40800,-0.0735294117647056,3.9375,0.0529099682539683,3.729167,3.958333,0,1.10523054203395,0.849179083175793
"1988-10-24",1988-10-24,-0.0105820952380952,225600,-0.0833334117647055,3.895833,0.0427805812004776,3.729167,3.958333,0,-1.1333344,0.740814776466422
"1988-10-25",1988-10-25,-0.00534750847893123,93600,-0.0882352941176469,3.875,0.0376343225806451,3.729167,3.958333,0,-1.05882253287291,0.686189848584837
"1988-10-26",1988-10-26,-0.00537625806451616,46800,-0.0931371764705881,3.854167,0.0324324296274655,3.729167,3.958333,0,-1.05555466666667,0.631262474563706
"1988-10-27",1988-10-27,-0.00540557791086888,60000,-0.0980392941176469,3.833333,0.0271737414933689,3.729167,3.958333,0,-1.05263330748068,0.57602506452753
"1988-10-28",1988-10-28,0.0108696531191002,6000,-0.088235294117647,3.875,0.0376343225806451,3.729167,3.958333,0,1.38495181422951,0.686189848584836
"1988-10-31",1988-10-31,0,140400,-0.088235294117647,3.875,0.0376343225806451,3.729167,3.958333,0,-1,0.686189848584836
"1988-11-01",1988-11-01,-0.00537625806451616,459600,-0.0931371764705881,3.854167,0.0324324296274655,3.729167,3.958333,0,-1.05555466666667,0.631262474563706
"1988-11-02",1988-11-02,-0.00540557791086888,138000,-0.0980392941176471,3.833333,0.0271737414933689,3.729167,3.958333,0,-1.05263330748068,0.576025064527529
"1988-11-03",1988-11-03,0.0108696531191002,4800,-0.0882352941176472,3.875,0.0376343225806451,3.729167,3.958333,0,1.38495181422951,0.686189848584835
"1988-11-04",1988-11-04,-0.0107527741935484,4800,-0.0980392941176471,3.833333,0.0271737414933689,3.729167,3.958333,0,-1.111112,0.576025064527529
"1988-11-07",1988-11-07,-0.00543469612475621,402000,-0.102941176470588,3.8125,0.0218578360655738,3.729167,3.958333,0,-1.04999916000067,0.520477882004472
"1988-11-08",1988-11-08,-0.0109290491803278,230400,-0.112745176470588,3.770833,0.0110495479380817,3.729167,3.958333,0,-1.09523885714286,0.408422850582287
"1988-11-09",1988-11-09,-0.00276225438782365,277200,-0.115196,3.760417,0.00831024857083673,3.729167,3.958333,0,-1.02173772400854,0.38020767230258
"1988-11-10",1988-11-10,0.00831024857083669,554400,-0.10784305882353,3.791667,0.0164835150344163,3.729167,3.958333,0,1.98351648496557,0.464613133463037
"1988-11-11",1988-11-11,-0.0274726129694406,280800,-0.132352941176471,3.6875,0,3.6875,3.9375,2190,-1.22727361983536,0.241759833337868
"1988-11-14",1988-11-14,-0.0141242033898305,463200,-0.144607764705883,3.635417,0,3.635417,3.6875,2191,-1.092592,0.175138668954374
"1988-11-15",1988-11-15,0.0200571213701207,542400,-0.127451058823529,3.708333,0.0196627433404714,3.635417,3.708333,2191,-0.881356952600379,0.375301043654943
"1988-11-16",1988-11-16,0,272400,-0.127451058823529,3.708333,0.0196627433404714,0,3.708333,0,-1,0.375301043654943
"1988-11-17",1988-11-17,0,351600,-0.127451058823529,3.708333,0.0196627433404714,0,3.708333,0,-1,0.375301043654943
"1988-11-18",1988-11-18,-0.0112357762908564,30000,-0.137254823529412,3.666667,0.00852272649793395,3.635417,3.708333,2195,-1.07692179881736,0.261443907319972
"1988-11-21",1988-11-21,0.00568172675620669,354000,-0.132352941176471,3.6875,0.0141242033898306,3.635417,3.708333,0,1.65724001506496,0.318543548220538
"1988-11-22",1988-11-22,0,193200,-0.132352941176471,3.6875,0.0141242033898306,3.635417,3.708333,0,-1,0.318543548220538
"1988-11-23",1988-11-23,0,27600,-0.132352941176471,3.6875,0.0141242033898306,3.635417,3.708333,0,-1,0.318543548220538
"1988-11-25",1988-11-25,-0.0169491525423729,133200,-0.147058823529412,3.625,0,3.625,3.6875,2199,-1.11111111111111,0.16181392442386
"1988-11-28",1988-11-28,-0.00574703448275865,16800,-0.151960705882353,3.604167,0,3.604167,3.625,2200,-1.0333328,0.135165714497371
"1988-11-29",1988-11-29,0.0115605076013404,177600,-0.142156941176471,3.645833,0.01142838961631,3.604167,3.645833,2200,-0.935484869927675,0.250590538030702
"1988-11-30",1988-11-30,-0.00571419480815498,858000,-0.147058823529412,3.625,0.0057470344827586,3.604167,3.645833,2202,-1.0344821878719,0.193056653303191
"1988-12-01",1988-12-01,0.0172413793103448,250800,-0.132352941176471,3.6875,0.0169491525423728,3.625,3.6875,2202,2.94919972956856,0.333900880899775
"1988-12-02",1988-12-02,-0.0056496271186441,424800,-0.137254823529412,3.666667,0.0113637262396612,3.625,3.6875,2204,-1.03703644444444,0.276888496167197
"1988-12-05",1988-12-05,0.00568172675620669,15600,-0.132352941176471,3.6875,0.00564962711864414,3.666667,3.6875,2204,-0.964286265306437,0.272473024439584
"1988-12-06",1988-12-06,-0.0056496271186441,268800,-0.137254823529412,3.666667,0,0,3.6875,2206,-1.03703644444445,0.215111623411378
"1988-12-07",1988-12-07,0.00568172675620669,69600,-0.132352941176471,3.6875,0.00564962711864414,3.666667,3.6875,2206,-0.964286265306438,0.272473024439583
"1988-12-08",1988-12-08,-0.0056496271186441,13200,-0.137254823529412,3.666667,0,0,3.6875,2208,-1.03703644444445,0.215111623411377
"1988-12-09",1988-12-09,0.00568172675620669,166800,-0.132352941176471,3.6875,0.00564962711864414,3.666667,3.6875,2208,-0.964286265306437,0.272473024439582
"1988-12-12",1988-12-12,-0.00282494915254235,378000,-0.134804000000001,3.677083,0.00283268014347249,3.666667,3.6875,2210,-1.01851911111111,0.243834449641165
"1988-12-13",1988-12-13,-0.00283268014347248,81600,-0.137254823529412,3.666667,0,3.666667,3.677083,2211,-1.01818064396762,0.215111623411377
"1988-12-14",1988-12-14,0.0113634535124134,1536000,-0.12745105882353,3.708333,0.0112357762908564,3.666667,3.708333,2211,-0.928572530612875,0.329489338923389
"1988-12-15",1988-12-15,-0.00280880924124133,528000,-0.129901882352942,3.697917,0.00845070346359855,3.666667,3.708333,2213,-1.01922952662798,0.301025321384871
"1988-12-16",1988-12-16,0.00281672087285902,3294000,-0.12745105882353,3.708333,0.00280880924124138,3.697917,3.708333,2213,-0.981133271627635,0.283677634191838
"1988-12-19",1988-12-19,-0.00561788814542818,859200,-0.132352941176471,3.6875,0,0,3.708333,2215,-1.03846089940868,0.241759833337866
"1988-12-20",1988-12-20,-0.00282494915254235,750000,-0.134804000000001,3.677083,0,3.677083,3.6875,2216,-1.01851911111111,0.22843508880735
"1988-12-21",1988-12-21,0,72000,-0.134804000000001,3.677083,0,3.677083,3.677083,2216,-1,0.22843508880735
"1988-12-22",1988-12-22,0.00849858433981501,28800,-0.12745105882353,3.708333,0.00842696704961499,0,3.708333,0,-0.945454577190064,0.314219747995906
"1988-12-23",1988-12-23,-0.00561788814542818,132000,-0.132352941176471,3.6875,0.00282494915254239,3.677083,3.708333,2219,-1.03846089940868,0.257117166017105
"1988-12-27",1988-12-27,-0.0056496271186441,92400,-0.137254823529412,3.666667,0,3.666667,3.6875,2220,-1.03703644444445,0.215111623411377
"1988-12-28",1988-12-28,0.00568172675620669,26400,-0.132352941176471,3.6875,0.00564962711864414,3.666667,3.6875,2220,-0.964286265306437,0.272473024439582
"1988-12-29",1988-12-29,-0.0112995254237288,21600,-0.142156941176471,3.645833,0,0,3.6875,2222,-1.07407466666667,0.188462134350345
"1988-12-30",1988-12-30,0.0171428587102042,252000,-0.12745105882353,3.708333,0.0168539340992301,3.645833,3.708333,2222,-0.89655178121281,0.360031452727458
"1989-01-03",1989-01-03,-0.00280880924124133,219600,-0.129901882352942,3.697917,0.0140846860543381,3.645833,3.708333,2224,-1.01922952662798,0.331653463798393
"1989-01-04",1989-01-04,-0.00281699129536977,324000,-0.132352941176471,3.6875,0.0112995254237288,3.645833,3.708333,0,-1.01886853969421,0.303187689798058
"1989-01-05",1989-01-05,0.00282494915254235,146400,-0.129901882352942,3.697917,0.0140846860543381,3.645833,3.708333,0,1.24648474393097,0.331653463798393
"1989-01-06",1989-01-06,0.00845070346359856,151200,-0.122548941176471,3.729167,0.0111732727442885,3.6875,3.729167,2224,-0.943396192239212,0.35579903859125
"1989-01-09",1989-01-09,0.00558650229394396,486000,-0.11764705882353,3.75,0.0166666666666667,0,3.75,0,1.49165486676107,0.412311105687749
"1989-01-10",1989-01-10,-0.00555546666666669,266400,-0.122548941176471,3.729167,0.0111732727442885,3.6875,3.75,2229,-1.041666,0.35579903859125
"1989-01-11",1989-01-11,0,877200,-0.122548941176471,3.729167,0.0111732727442885,3.6875,3.75,0,-1,0.35579903859125
"1989-01-12",1989-01-12,-0.00558677045034449,76800,-0.12745105882353,3.708333,0.00561788814542818,3.6875,3.75,0,-1.04000130560084,0.29894869109387
"1989-01-13",1989-01-13,0,57600,-0.12745105882353,3.708333,0.00561788814542818,3.6875,3.75,0,-1,0.29894869109387
"1989-01-16",1989-01-16,0.00561815780837368,80400,-0.122548941176471,3.729167,0.0111732727442885,3.6875,3.75,0,1.98887419169804,0.35579903859125
"1989-01-17",1989-01-17,0,651600,-0.122548941176471,3.729167,0.0111732727442885,3.6875,3.75,0,-1,0.35579903859125
"1989-01-18",1989-01-18,0,602400,-0.122548941176471,3.729167,0.0111732727442885,3.6875,3.75,0,-1,0.35579903859125
"1989-01-19",1989-01-19,-0.00558677045034449,422400,-0.12745105882353,3.708333,0.00561788814542818,3.6875,3.75,0,-1.04000130560084,0.29894869109387
"1989-01-20",1989-01-20,0.0112360459538019,3312000,-0.11764705882353,3.75,0.0111112,3.708333,3.75,2229,1.97782506742186,0.382109801104395
"1989-01-23",1989-01-23,-0.00555546666666669,237600,-0.122548941176471,3.729167,0.0055867704503445,3.708333,3.75,2238,-1.041666,0.325429014350561
"1989-01-24",1989-01-24,0,5335200,-0.122548941176471,3.729167,0.0055867704503445,3.708333,3.75,0,-1,0.325429014350561
"1989-01-25",1989-01-25,0.00558650229394396,63600,-0.11764705882353,3.75,0.00555546666666673,3.729167,3.75,2238,-0.960000614400394,0.351907046835226
"1989-01-26",1989-01-26,0.00555546666666669,278400,-0.112745176470589,3.770833,0.0110495479380817,0,3.770833,0,1.98895045206191,0.408422850582282
"1989-01-27",1989-01-27,0.0138123327126923,657600,-0.10049011764706,3.822917,0.0245231586246837,0,3.822917,0,2.2193811694473,0.548292177683503
"1989-01-30",1989-01-30,0.00817438620822791,441600,-0.0931371764705892,3.854167,0.0324324296274655,0,3.854167,0,1.32252252345751,0.6312624745637
"1989-01-31",1989-01-31,0,519600,-0.0931371764705892,3.854167,0.0324324296274655,0,3.854167,0,-1,0.6312624745637
"1989-02-01",1989-02-01,0.0108106369028639,238800,-0.0833334117647068,3.895833,0.0427805812004776,0,3.895833,0,1.31906803442961,0.740814776466415
"1989-02-02",1989-02-02,0.0213905472847527,534000,-0.0637254117647068,3.979167,0.0628272198678769,0,3.979167,0,1.46859201312523,0.956390153369099
"1989-02-03",1989-02-03,0.0183244382555444,1119600,-0.046568705882354,4.052083,0.0796913587406772,0,4.052083,0,1.26842089954426,1.14133841357527
"1989-02-06",1989-02-06,-0.0025705297744393,236400,-0.0490195294117655,4.041667,0.0773195812519935,3.729167,4.052083,2248,-1.05262812188947,1.11512120249822
"1989-02-07",1989-02-07,-0.00515480369857306,667200,-0.0539216470588244,4.020833,0.072538700314089,3.729167,4.052083,0,-1.10000336000538,1.06248130614184
"1989-02-08",1989-02-08,0.00259075669146178,603600,-0.051470588235295,4.03125,0.0749353178294574,3.729167,4.052083,0,1.03303915709809,1.08883483473216
"1989-02-09",1989-02-09,0.00258406201550396,436800,-0.0490195294117655,4.041667,0.0773195812519935,3.729167,4.052083,0,1.03181761940294,1.11512120249822
"1989-02-10",1989-02-10,-0.0154639162503988,259200,-0.0637254117647068,3.979167,0.0628272198678769,3.729167,4.052083,0,-1.30000048000077,0.956390153369099
"1989-02-13",1989-02-13,0.00523551788602994,181200,-0.0588235294117655,4,0.06770825,3.729167,4.052083,0,1.077689736111,1.00957321383934
"1989-02-14",1989-02-14,-0.00260424999999997,61200,-0.0612745882352949,3.989583,0.0652739897879052,3.729167,4.052083,0,-1.041668,0.983015047435961
"1989-02-15",1989-02-15,-0.00261079917374828,247200,-0.0637254117647068,3.979167,0.0628272198678769,3.729167,4.052083,0,-1.03999738880334,0.956390153369099
"1989-02-16",1989-02-16,0,354000,-0.0637254117647068,3.979167,0.0628272198678769,3.729167,4.052083,0,-1,0.956390153369099
"1989-02-17",1989-02-17,0.00523551788602994,267600,-0.0588235294117655,4,0.06770825,3.729167,4.052083,0,1.077689736111,1.00957321383934
"1989-02-21",1989-02-21,-0.00520825000000003,495600,-0.0637254117647068,3.979167,0.0628272198678769,3.729167,4.052083,0,-1.083332,0.956390153369099
"1989-02-22",1989-02-22,-0.00523576919490934,556800,-0.0686275294117654,3.958333,0.0578945732963851,3.729167,4.052083,0,-1.07692563313924,0.902925210189425
"1989-02-23",1989-02-23,0.00263166337950847,646800,-0.0661764705882361,3.96875,0.0603673700787402,3.729167,4.052083,0,1.04271206507898,0.92969287379004
"1989-02-24",1989-02-24,-0.0131232755905512,20400,-0.0784312941176478,3.916667,0.0478723363512905,3.729167,4.052083,0,-1.185184,0.795144685085401
"1989-02-27",1989-02-27,0,470400,-0.0784312941176478,3.916667,0.0478723363512905,3.729167,4.052083,0,-1,0.795144685085401
"1989-02-28",1989-02-28,0,254400,-0.0784312941176478,3.916667,0.0478723363512905,3.729167,4.052083,0,-1,0.795144685085401
"1989-03-01",1989-03-01,0,103200,-0.0784312941176478,3.916667,0.0478723363512905,3.729167,4.052083,0,-1,0.795144685085401
"1989-03-02",1989-03-02,-0.00265965934811407,169200,-0.0808823529411772,3.90625,0.045333248,3.729167,4.052083,0,-1.03125103125103,0.768016639183017
"1989-03-03",1989-03-03,0.00533324800000003,424800,-0.0759804705882359,3.927083,0.0503977125006017,3.729167,4.052083,0,1.11171633897932,0.822196907910613
"1989-03-06",1989-03-06,-0.00530495535744982,63600,-0.080882352941177,3.90625,0.045333248,3.729167,4.052083,0,-1.06451503017803,0.768016639183019
"1989-03-07",1989-03-07,-0.00266675199999997,64800,-0.0833334117647064,3.895833,0.0427805812004776,3.729167,4.052083,0,-1.030304,0.740814776466417
"1989-03-08",1989-03-08,0.0106952736423763,74400,-0.0735294117647063,3.9375,0.0529099682539683,3.729167,4.052083,0,1.23677534921797,0.849179083175789
"1989-03-09",1989-03-09,0.00529092063492066,273600,-0.0686275294117651,3.958333,0.0578945732963851,3.729167,4.052083,0,1.09420918603638,0.902925210189426
"1989-03-10",1989-03-10,0,294000,-0.0686275294117651,3.958333,0.0578945732963851,3.729167,4.052083,0,-1,0.902925210189426
"1989-03-13",1989-03-13,0.00526332675901694,1533600,-0.0637254117647063,3.979167,0.0628272198678769,3.729167,4.052083,0,1.08520049964337,0.956390153369102
"1989-03-14",1989-03-14,0.00523551788602994,1249200,-0.0588235294117652,4,0.06770825,3.729167,4.052083,0,1.077689736111,1.00957321383934
"1989-03-15",1989-03-15,0.015625,236400,-0.044117647058824,4.0625,0.0410257230769231,3.895833,4.0625,2248,-0.750000000000003,0.944464319798171
"1989-03-16",1989-03-16,0.00512812307692299,495600,-0.0392157647058829,4.083333,0.0459183710953771,0,4.083333,0,1.1192580569337,0.99771053883721
"1989-03-17",1989-03-17,-0.0153061236984591,272400,-0.0539216470588241,4.020833,0.0310880854788049,3.895833,4.083333,2276,-1.37499925000149,0.837142424834359
"1989-03-20",1989-03-20,0.010362778061163,49200,-0.044117647058824,4.0625,0.0410257230769231,3.895833,4.083333,0,1.31966064957244,0.944464319798171
"1989-03-21",1989-03-21,-0.00512812307692299,62400,-0.0490195294117651,4.041667,0.0360826361993702,3.895833,4.083333,0,-1.11110933333333,0.890943898889535
"1989-03-22",1989-03-22,0.00257715442662627,21600,-0.0465687058823536,4.052083,0.0385604144831189,3.895833,4.083333,0,1.06866954703803,0.917737364400261
"1989-03-23",1989-03-23,0.00257077656109224,48000,-0.044117647058824,4.0625,0.0410257230769231,3.895833,4.083333,0,1.06393366427333,0.944464319798171
"1989-03-27",1989-03-27,0.0102564923076924,1112400,-0.0343136470588239,4.104167,0.0203047293153521,4.020833,4.104167,2276,-0.777775999999999,0.885116028554512
"1989-03-28",1989-03-28,0,477600,-0.0343136470588239,4.104167,0.0203047293153521,0,4.104167,0,-1,0.885116028554512
"1989-03-29",1989-03-29,0,19200,-0.0343136470588239,4.104167,0.0203047293153521,0,4.104167,0,-1,0.885116028554512
"1989-03-30",1989-03-30,0.0101521210028733,121200,-0.0245098823529417,4.145833,0.0301507561930257,0,4.145833,0,1.48491298380566,0.991938619026549
"1989-03-31",1989-03-31,-0.0100500912603087,31200,-0.0343136470588239,4.104167,0.0203047293153521,4.020833,4.145833,2285,-1.39999232002456,0.885116028554512
"1989-04-03",1989-04-03,0.0101521210028733,313200,-0.0245098823529417,4.145833,0.0100500912603086,4.104167,4.145833,2285,-0.714289632662026,0.882664935934653
"1989-04-04",1989-04-04,-0.0100500912603087,7200,-0.0343136470588239,4.104167,0,0,4.145833,2287,-1.39999232002456,0.774732985809437
"1989-04-05",1989-04-05,0.00253790842331692,21600,-0.0318628235294123,4.114583,0.00253148374938583,4.104167,4.114583,2287,-0.928575836744775,0.801818411514117
"1989-04-06",1989-04-06,0.00253172678738048,208800,-0.0294117647058827,4.125,0.00505042424242419,0,4.125,0,1.99504509703034,0.828836927175338
"1989-04-07",1989-04-07,0,58800,-0.0294117647058827,4.125,0.00505042424242419,0,4.125,0,-1,0.828836927175338
"1989-04-10",1989-04-10,0.010101090909091,36000,-0.0196077647058827,4.166667,0.0149999988000001,0,4.166667,0,2.97004728315659,0.936223715292149
"1989-04-11",1989-04-11,0,753600,-0.0196077647058827,4.166667,0.0149999988000001,0,4.166667,0,-1,0.936223715292149
"1989-04-12",1989-04-12,-0.0100000791999937,489600,-0.0294117647058827,4.125,0.00505042424242419,4.104167,4.166667,2293,-1.50000600002399,0.828836927175338
"1989-04-13",1989-04-13,0.010101090909091,163200,-0.0196077647058827,4.166667,0.0100000791999938,4.125,4.166667,2293,1.98004736235659,0.909042543341625
"1989-04-14",1989-04-14,0,578400,-0.0196077647058827,4.166667,0.0100000791999938,0,4.166667,0,-1,0.909042543341625
"1989-04-17",1989-04-17,0.00499991960000635,145200,-0.0147058823529415,4.1875,0.0149253731343284,0,4.1875,0,1.49252549263186,0.962466236085048
"1989-04-18",1989-04-18,0,145200,-0.0147058823529415,4.1875,0.0149253731343284,0,4.1875,0,-1,0.962466236085048
"1989-04-19",1989-04-19,0.00497504477611932,343200,-0.00980400000000026,4.208333,0.0198019025585665,0,4.208333,0,1.32672747142395,1.01562482925887
"1989-04-20",1989-04-20,-0.00247508930495741,97200,-0.012254823529412,4.197917,0.0173698050723728,4.125,4.208333,2299,-1.24998200014399,0.989079699264011
"1989-04-21",1989-04-21,-0.00744416814339111,52800,-0.0196077647058824,4.166667,0.0100000791999938,4.125,4.208333,0,-1.60000384002455,0.909042543341626
"1989-04-24",1989-04-24,0.0099998392000127,211200,-0.00980400000000026,4.208333,0.00990083246739248,4.166667,4.208333,2299,-0.500006000024011,0.961799426017973
"1989-04-25",1989-04-25,0.0346536265072181,1182000,0,4.354167,0.0430621976603103,0,4.354167,0,4.34935120881318,1.19537297772554
"1989-04-26",1989-04-26,-0.00956945381286486,271200,-0.00956945381286489,4.3125,0.0338163478260869,4.166667,4.354167,2303,0,1.09308693221949
"1989-04-27",1989-04-27,0.00483084057971007,848400,-0.00478484173895943,4.333333,0.0384613875739528,4.166667,4.354167,0,1.13736077508295,1.14434955404262
"1989-04-28",1989-04-28,0.00961546227811256,1645200,0,4.375,0.0142857142857142,4.3125,4.375,2303,0,1.03893475365184
"1989-05-01",1989-05-01,-0.00476182857142849,408000,-0.00476182857142848,4.354167,0.00956945381286489,4.3125,4.375,2306,0,0.987408811499775
"1989-05-02",1989-05-02,0.0143540658867701,848400,0,4.416667,0.0141509423282308,4.354167,4.416667,2306,1.47876175641359,1.03820208992051
"1989-05-03",1989-05-03,0.00943381060876886,994800,0,4.458333,0.0233643381954644,0,4.458333,0,1.65108002375595,1.08828907478227
"1989-05-04",1989-05-04,0,1318800,0,4.458333,0.0233643381954644,0,4.458333,0,0,1.08828907478227
"1989-05-05",1989-05-05,0.00233652353917941,3112800,0,4.46875,0.0256409510489509,0,4.46875,0,1.0974396464578,1.10066547488185
"1989-05-08",1989-05-08,0.002331076923077,1165200,0,4.479167,0.0279069746673879,0,4.479167,0,1.08837517821047,1.11298430849201
"1989-05-09",1989-05-09,-0.013953487333694,1171200,-0.0139534873336939,4.416667,0.0141509423282308,4.354167,4.479167,2312,0,0.962346442456479
"1989-05-10",1989-05-10,0,596400,-0.0139534873336939,4.416667,0.0141509423282308,4.354167,4.479167,0,-1,0.962346442456479
"1989-05-11",1989-05-11,0,566400,-0.0139534873336939,4.416667,0.0141509423282308,4.354167,4.479167,0,-1,0.962346442456479
"1989-05-12",1989-05-12,0.0165092817728842,1171200,0,4.489583,0.0162411520179044,4.416667,4.489583,2312,1.14770816255139,1.04956514243592
"1989-05-15",1989-05-15,0.00232026003305883,153600,0,4.5,0.0185184444444444,0,4.5,0,1.14021741955432,1.0619452369133
"1989-05-16",1989-05-16,0,482400,0,4.5,0.0185184444444444,0,4.5,0,0,1.0619452369133
"1989-05-17",1989-05-17,0.00462955555555548,592800,0,4.520833,0.0230413288878397,0,4.520833,0,1.2442367368903,1.08653309223964
"1989-05-18",1989-05-18,0.0138248858119731,1141200,0,4.583333,0.0363634935537085,0,4.583333,0,1.57818560425565,1.15895666651786
"1989-05-19",1989-05-19,0.0136363646280992,1983600,0,4.645833,0.049327214301504,0,4.645833,0,1.35650372065182,1.22943162430797
"1989-05-22",1989-05-22,0.00896868225784275,121200,0,4.6875,0.0577777066666666,0,4.6875,0,1.17131501311853,1.27537122022543
"1989-05-23",1989-05-23,0.00444437333333326,661200,0,4.708333,0.0619467654475585,0,4.708333,0,1.07215687540082,1.29803556538713
"1989-05-24",1989-05-24,0,277200,0,4.708333,0.0619467654475585,0,4.708333,0,0,1.29803556538713
"1989-05-25",1989-05-25,0,2346000,0,4.708333,0.0619467654475585,0,4.708333,0,0,1.29803556538713
"1989-05-26",1989-05-26,0.00884962894510655,247200,0,4.75,0.0701753684210525,0,4.75,0,1.13283345650162,1.3427688991661
"1989-05-30",1989-05-30,0,2594400,0,4.75,0.0701753684210525,0,4.75,0,0,1.3427688991661
"1989-05-31",1989-05-31,0.0131578947368421,103200,0,4.8125,0.0822510129870129,0,4.8125,0,1.17207810714304,1.40841598904338
"1989-06-01",1989-06-01,0.012987012987013,1092000,0,4.875,0.0940170256410255,0,4.875,0,1.14305006378305,1.47237982020586
"1989-06-02",1989-06-02,0.0170939487179486,512400,0,4.958333,0.109243570369316,0,4.958333,0,1.16195518444104,1.55515621734462
"1989-06-05",1989-06-05,-0.00630252143210228,714000,-0.0063025214321023,4.927083,0.103593952040183,4.416667,4.958333,2330,0,1.49018053933043
"1989-06-06",1989-06-06,-0.00211402974132957,830400,-0.00840322745567901,4.916667,0.101694908359667,4.416667,4.958333,0,-1.33331199999997,1.46843661279492
"1989-06-07",1989-06-07,0,184800,-0.00840322745567901,4.916667,0.101694908359667,4.416667,4.958333,0,-1,1.46843661279492
"1989-06-08",1989-06-08,-0.00423742344153075,331200,-0.0126050428642047,4.895833,0.0978722109189589,4.416667,4.958333,0,-1.50002400038405,1.42481277860888
"1989-06-09",1989-06-09,0,170400,-0.0126050428642047,4.895833,0.0978722109189589,4.416667,4.958333,0,-1,1.42481277860888
"1989-06-12",1989-06-12,-0.010638230511539,998400,-0.0231091780241465,4.84375,0.0881719741935483,4.416667,4.958333,0,-1.83332799999998,1.31497531114892
"1989-06-13",1989-06-13,-0.00215060645161297,386400,-0.0252100857284092,4.833333,0.0862067645659836,4.416667,4.958333,0,-1.09091226447204,1.29287058883154
"1989-06-14",1989-06-14,0.00431048305589553,604800,-0.0210082703198836,4.854167,0.0901287491757082,4.416667,4.958333,0,1.04549509112736,1.33703418001957
"1989-06-15",1989-06-15,-0.0128755355965297,788400,-0.0336133131840883,4.791667,0.0782608641209833,4.416667,4.958333,0,-1.60000384002459,1.2039914683135
"1989-06-16",1989-06-16,0.00434775621928645,166800,-0.0294116994562488,4.8125,0.0822510129870129,4.416667,4.958333,0,1.05098523905718,1.24852452593337
"1989-06-19",1989-06-19,-0.00432893506493499,295200,-0.0336133131840883,4.791667,0.0782608641209833,4.416667,4.958333,0,-1.14285518366899,1.2039914683135
"1989-06-20",1989-06-20,0,430800,-0.0336133131840883,4.791667,0.0782608641209833,4.416667,4.958333,0,-1,1.2039914683135
"1989-06-21",1989-06-21,0,160800,-0.0336133131840883,4.791667,0.0782608641209833,4.416667,4.958333,0,-1,1.2039914683135
"1989-06-22",1989-06-22,-0.00434796491492432,156000,-0.0378151285926138,4.770833,0.0742356733090426,4.416667,4.958333,0,-1.125004500018,1.15926681499782
"1989-06-23",1989-06-23,0.00873369493335867,961200,-0.0294116994562488,4.8125,0.0822510129870129,4.416667,4.958333,0,1.10797153606464,1.24852452593337
"1989-06-26",1989-06-26,-0.00865807792207799,13200,-0.0378151285926137,4.770833,0.0742356733090426,4.416667,4.958333,0,-1.28571722449651,1.15926681499782
"1989-06-27",1989-06-27,0,24000,-0.0378151285926137,4.770833,0.0742356733090426,4.416667,4.958333,0,-1,1.15926681499782
"1989-06-28",1989-06-28,-0.00436674266317846,388800,-0.0420167423204534,4.75,0.0701753684210525,4.416667,4.958333,0,-1.11110933333334,1.11435236666593
"1989-06-29",1989-06-29,0,481200,-0.0420167423204534,4.75,0.0701753684210525,4.416667,4.958333,0,-1,1.11435236666593
"1989-06-30",1989-06-30,-0.00219305263157902,225600,-0.044117650024716,4.739583,0.0681317322642097,4.416667,4.958333,0,-1.05000168000269,1.09182129249725
"1989-07-03",1989-07-03,0.00219787268204826,178800,-0.0420167423204534,4.75,0.0701753684210525,4.416667,4.958333,0,1.02999536469905,1.11435236666593
"1989-07-05",1989-07-05,0,969600,-0.0420167423204534,4.75,0.0701753684210525,4.416667,4.958333,0,-1,1.11435236666593
"1989-07-06",1989-07-06,0.00877200000000007,796800,-0.0336133131840883,4.791667,0.0782608641209833,4.416667,4.958333,0,1.11521842894244,1.2039914683135
"1989-07-07",1989-07-07,-0.00434796491492432,260400,-0.0378151285926138,4.770833,0.0742356733090426,4.416667,4.958333,0,-1.125004500018,1.15926681499782
"1989-07-10",1989-07-10,0,12000,-0.0378151285926138,4.770833,0.0742356733090426,4.416667,4.958333,0,-1,1.15926681499782
"1989-07-11",1989-07-11,0.00436695227018022,190800,-0.0336133131840884,4.791667,0.0782608641209833,4.416667,4.958333,0,1.05422178627227,1.20399146831349
"1989-07-12",1989-07-12,0,43200,-0.0336133131840884,4.791667,0.0782608641209833,4.416667,4.958333,0,-1,1.20399146831349
"1989-07-13",1989-07-13,0.00434775621928645,194400,-0.0294116994562489,4.8125,0.0822510129870129,4.416667,4.958333,0,1.05098523905718,1.24852452593337
"1989-07-14",1989-07-14,0.0021645714285715,1137600,-0.0273107917519863,4.822917,0.0842332555173559,4.416667,4.958333,0,1.02409991632147,1.27072184459155
"1989-07-17",1989-07-17,0.00863917002925808,205200,-0.0189075642963072,4.864583,0.0920769570588064,4.416667,4.958333,0,1.09311882217154,1.35904537898166
"1989-07-18",1989-07-18,0.0192719499286989,624000,-4.44089209850063e-16,4.958333,0.044117650024716,4.739583,4.958333,2330,-2.34873832975301e-14,1.20111075642951
"1989-07-19",1989-07-19,-0.00840322745567902,314400,-0.00840322745567945,4.916667,0.0360170823039268,4.739583,4.958333,2361,-18922386019053.8,1.1113908148274
"1989-07-20",1989-07-20,0.010593151824193,224400,0,4.96875,0.0104821132075471,4.916667,4.96875,2361,0,1.01825715416869
"1989-07-21",1989-07-21,-0.00209650314465416,98400,-0.00209650314465426,4.958333,0.00840322745567901,4.916667,4.96875,2363,0,0.995558396461361
"1989-07-24",1989-07-24,-0.00630252143210228,116400,-0.00838581132075478,4.927083,0.00211402974132957,4.916667,4.96875,0,-3.9999040030716,0.92717759060029
"1989-07-25",1989-07-25,0.00634249514367832,169200,-0.00209650314465426,4.958333,0.00840322745567901,4.916667,4.96875,0,3.974980716399,0.995558396461361
"1989-07-26",1989-07-26,0.00840342913636505,1299600,0,5,0.0145834,4.927083,5,2363,1.73545225056884,1.04055306899179
"1989-07-27",1989-07-27,0.05,1465200,0,5.25,0.0615080000000001,0,5.25,0,4.21767214778447,1.29565029521678
"1989-07-28",1989-07-28,0.0158729523809523,1677600,0,5.333333,0.0761718797607425,0,5.333333,0,1.23840605711033,1.3753678645229
"1989-07-31",1989-07-31,0,429600,0,5.333333,0.0761718797607425,0,5.333333,0,0,1.3753678645229
"1989-08-01",1989-08-01,0.0117187507324219,603600,0,5.395833,0.0868725922392335,0,5.395833,0,1.1404811396555,1.43354038111109
"1989-08-02",1989-08-02,0.0154441399502173,631200,0,5.479167,0.100760571816847,0,5.479167,0,1.15986606615086,1.50903990733228
"1989-08-03",1989-08-03,0.0190112840145225,691200,0,5.583333,0.117537320449989,0,5.583333,0,1.16650112569465,1.60024371176297
"1989-08-04",1989-08-04,0.0335820915571398,1453200,0,5.770833,0.146209394726896,0,5.770833,0,1.24394017293517,1.75611433438214
"1989-08-07",1989-08-07,0.0234657630882752,1292400,0,5.90625,0.165784888888889,0,5.90625,0,1.1338867054238,1.86253302016119
"1989-08-08",1989-08-08,-0.0335097566137567,1347600,-0.0335097566137567,5.708333,0.136861321860515,4.927083,5.90625,2375,0,1.5231253814149
"1989-08-09",1989-08-09,-0.0182480594597406,990000,-0.0511463280423281,5.604167,0.120817955639081,4.927083,5.90625,0,-1.5263115346332,1.34003040193831
"1989-08-10",1989-08-10,-0.0185874189687781,728400,-0.0687830687830688,5.5,0.104166727272727,4.927083,5.90625,0,-1.34482907015621,1.15362996779273
"1989-08-11",1989-08-11,-0.0265150909090908,960000,-0.0934743703703704,5.354167,0.0797666565125819,4.927083,5.90625,0,-1.35897353846154,0.886753469806349
"1989-08-14",1989-08-14,-0.00583657551211981,661200,-0.0987653756613757,5.322917,0.0743641127599775,4.927083,5.90625,0,-1.05660380776079,0.828619895955412
"1989-08-15",1989-08-15,0.0215263548163534,391200,-0.0793650793650795,5.4375,0.0938697931034483,4.927083,5.90625,0,1.26229964453995,1.04012530515184
"1989-08-16",1989-08-16,0.0229885057471264,282000,-0.0582010582010584,5.5625,0.114232269662921,4.927083,5.90625,0,1.21692256780659,1.26587671025922
"1989-08-17",1989-08-17,0.0112359550561798,2118000,-0.0476190476190478,5.625,0.124074133333333,4.927083,5.90625,0,1.08615659742605,1.37690746322378
"1989-08-18",1989-08-18,0,236400,-0.0476190476190478,5.625,0.124074133333333,4.927083,5.90625,0,-1,1.37690746322378
"1989-08-21",1989-08-21,-0.0148147555555555,505200,-0.0617283386243387,5.541667,0.110902369269031,4.927083,5.90625,0,-1.29629511111111,1.2285988686541
"1989-08-22",1989-08-22,-0.0112781948103341,1022400,-0.0723103492063493,5.479167,0.100760571816847,4.927083,5.90625,0,-1.17142872816341,1.11593757913129
"1989-08-23",1989-08-23,0.00380222030100555,268800,-0.0687830687830688,5.5,0.104166727272727,4.927083,5.90625,0,1.03380444745859,1.15362996779273
"1989-08-24",1989-08-24,0.00378781818181812,494400,-0.0652557883597886,5.520833,0.107547176304735,4.927083,5.90625,0,1.03245229182594,1.19118260806152
"1989-08-25",1989-08-25,0.0113207554004984,1314000,-0.054673777777778,5.583333,0.117537320449989,4.927083,5.90625,0,1.09289080837369,1.30301946140489
"1989-08-28",1989-08-28,0.00373146290934119,2404800,-0.0511463280423282,5.604167,0.120817955639081,4.927083,5.90625,0,1.02791143422814,1.34003040193831
"1989-08-29",1989-08-29,-0.00371759085694639,160800,-0.0546737777777779,5.583333,0.117537320449989,4.927083,5.90625,0,-1.06896780024033,1.30301946140489
"1989-08-30",1989-08-30,0.0074627467141939,750000,-0.0476190476190477,5.625,0.124074133333333,4.927083,5.90625,0,1.05561478565547,1.37690746322378
"1989-08-31",1989-08-31,0,514800,-0.0476190476190477,5.625,0.124074133333333,4.927083,5.90625,0,-1,1.37690746322378
"1989-09-01",1989-09-01,-0.00555555555555556,357600,-0.052910052910053,5.59375,0.11918069273743,4.927083,5.90625,0,-1.11111111111111,1.3215415379652
"1989-09-05",1989-09-05,-0.00186225698324028,956400,-0.0546737777777779,5.583333,0.117537320449989,4.927083,5.90625,0,-1.0333344,1.30301946140489
"1989-09-06",1989-09-06,-0.00746256760970541,440400,-0.0617283386243387,5.541667,0.110902369269031,4.927083,5.90625,0,-1.12903006035606,1.2285988686541
"1989-09-07",1989-09-07,0.003759338119739,159600,-0.0582010582010584,5.5625,0.114232269662921,4.927083,5.90625,0,1.03002551177075,1.26587671025922
"1989-09-08",1989-09-08,-0.00749069662921354,331200,-0.0652557883597886,5.520833,0.107547176304735,4.927083,5.90625,0,-1.12121309090909,1.19118260806152
"1989-09-11",1989-09-11,-0.00188667181202534,266400,-0.0670193439153441,5.510417,0.105860228000894,4.927083,5.90625,0,-1.02702527392409,1.17242455868846
"1989-09-12",1989-09-12,-0.00189041954538111,427200,-0.0687830687830691,5.5,0.104166727272727,4.927083,5.90625,0,-1.02631665374034,1.15362996779273
"1989-09-13",1989-09-13,0,1500000,-0.0687830687830691,5.5,0.104166727272727,4.927083,5.90625,0,-1,1.15362996779273
"1989-09-14",1989-09-14,-0.00757581818181824,196800,-0.0758377989417993,5.458333,0.0973282502185191,4.927083,5.90625,0,-1.10256492307692,1.07810202246364
"1989-09-15",1989-09-15,0,163200,-0.0758377989417993,5.458333,0.0973282502185191,4.927083,5.90625,0,-1,1.07810202246364
"1989-09-18",1989-09-18,0,32400,-0.0758377989417993,5.458333,0.0973282502185191,4.927083,5.90625,0,-1,1.07810202246364
"1989-09-19",1989-09-19,-0.0152671154361597,314400,-0.0899470899470902,5.375,0.0833333953488373,4.927083,5.90625,0,-1.1860456289893,0.925318841400229
"1989-09-20",1989-09-20,0,253200,-0.0899470899470902,5.375,0.0833333953488373,4.927083,5.90625,0,-1,0.925318841400229
"1989-09-21",1989-09-21,-0.00387590697674412,158400,-0.0934743703703707,5.354167,0.0797666565125819,4.927083,5.90625,0,-1.03921505882353,0.886753469806348
"1989-09-22",1989-09-22,0,609600,-0.0934743703703707,5.354167,0.0797666565125819,4.927083,5.90625,0,-1,0.886753469806348
"1989-09-25",1989-09-25,-0.00778216293963194,615600,-0.100529100529101,5.3125,0.0725490823529412,4.927083,5.90625,0,-1.075472347455,0.809164630616343
"1989-09-26",1989-09-26,0.00784320000000006,182400,-0.0934743703703705,5.354167,0.0797666565125819,4.927083,5.90625,0,1.09948539561849,0.886753469806349
"1989-09-27",1989-09-27,0,114000,-0.0934743703703705,5.354167,0.0797666565125819,4.927083,5.90625,0,-1,0.886753469806349
"1989-09-28",1989-09-28,-0.0116731510242396,346800,-0.104056380952381,5.291667,0.0688977594395114,4.927083,5.90625,0,-1.11320761552158,0.770139432759266
"1989-09-29",1989-09-29,0.00787388926778637,433200,-0.0970018201058205,5.333333,0.0761718797607425,4.927083,5.90625,0,1.10557847425528,0.84803475464514
"1989-10-02",1989-10-02,-0.00781237548827334,956400,-0.104056380952381,5.291667,0.0688977594395114,4.927083,5.90625,0,-1.07272606677756,0.770139432759266
"1989-10-03",1989-10-03,0.0275589903899848,906000,-0.0793650793650795,5.4375,0.0938697931034483,4.927083,5.90625,0,1.36245059152992,1.04012530515184
"1989-10-04",1989-10-04,0.0191571494252874,751200,-0.0617283386243388,5.541667,0.110902369269031,4.927083,5.90625,0,1.18144895820545,1.2285988686541
"1989-10-05",1989-10-05,0.003759338119739,3e+05,-0.0582010582010585,5.5625,0.114232269662921,4.927083,5.90625,0,1.03002551177075,1.26587671025922
"1989-10-06",1989-10-06,0.0112359550561798,1158000,-0.0476190476190478,5.625,0.124074133333333,4.927083,5.90625,0,1.08615659742605,1.37690746322378
"1989-10-09",1989-10-09,-0.00370364444444438,194400,-0.0511463280423282,5.604167,0.120817955639081,4.927083,5.90625,0,-1.07407288888889,1.34003040193831
"1989-10-10",1989-10-10,0.00557620784676831,181200,-0.045855322751323,5.635417,0.125693271678032,4.927083,5.90625,0,1.04035257849848,1.39529779627271
"1989-10-11",1989-10-11,-0.00184848787587508,758400,-0.0476190476190479,5.625,0.124074133333333,4.927083,5.90625,0,-1.03846281656962,1.37690746322378
"1989-10-12",1989-10-12,-0.00740746666666673,168000,-0.0546737777777782,5.583333,0.117537320449989,4.927083,5.90625,0,-1.14814933333333,1.30301946140489
"1989-10-13",1989-10-13,0,672000,-0.0546737777777782,5.583333,0.117537320449989,4.927083,5.90625,0,-1,1.30301946140489
"1989-10-16",1989-10-16,-0.0335820915571398,1081200,-0.0864198095238098,5.395833,0.0868725922392335,4.927083,5.90625,0,-1.58064456191528,0.963734486113252
"1989-10-17",1989-10-17,-0.0115830122985645,1267200,-0.0970018201058204,5.333333,0.0761718797607425,4.927083,5.90625,0,-1.12244889962521,0.848034754645141
"1989-10-18",1989-10-18,0,315600,-0.0970018201058204,5.333333,0.0761718797607425,4.927083,5.90625,0,-1,0.848034754645141
"1989-10-19",1989-10-19,0.0117187507324219,568800,-0.0864198095238099,5.395833,0.0868725922392335,4.927083,5.90625,0,1.1404811396555,0.963734486113251
"1989-10-20",1989-10-20,0.0038611276516528,103200,-0.0828923597883601,5.416667,0.0903847328994012,4.927083,5.90625,0,1.04042863887952,1.00200396488733
"1989-10-23",1989-10-23,0.00384609207100966,250800,-0.0793650793650796,5.4375,0.0938697931034483,4.927083,5.90625,0,1.03855806276405,1.04012530515184
"1989-10-24",1989-10-24,-0.0114942528735632,438000,-0.0899470899470902,5.375,0.0833333953488373,4.927083,5.90625,0,-1.13333333333333,0.925318841400229
"1989-10-25",1989-10-25,0,242400,-0.0899470899470902,5.375,0.0833333953488373,4.927083,5.90625,0,-1,0.925318841400229
"1989-10-26",1989-10-26,0,310800,-0.0899470899470902,5.375,0.0833333953488373,4.927083,5.90625,0,-1,0.925318841400229
"1989-10-27",1989-10-27,-0.0155038139534883,634800,-0.104056380952381,5.291667,0.0688977594395114,4.927083,5.90625,0,-1.15686211764706,0.770139432759265
"1989-10-30",1989-10-30,0,526800,-0.104056380952381,5.291667,0.0688977594395114,4.927083,5.90625,0,-1,0.770139432759265
"1989-10-31",1989-10-31,0.00787388926778637,284400,-0.0970018201058205,5.333333,0.0761718797607425,4.927083,5.90625,0,1.10557847425528,0.84803475464514
"1989-11-01",1989-11-01,0.00781256298828525,228000,-0.0899470899470902,5.375,0.0833333953488373,4.927083,5.90625,0,1.09401783979323,0.925318841400229
"1989-11-02",1989-11-02,0,181200,-0.0899470899470902,5.375,0.0833333953488373,4.927083,5.90625,0,-1,0.925318841400229
"1989-11-03",1989-11-03,0,183600,-0.0899470899470902,5.375,0.0833333953488373,4.927083,5.90625,0,-1,0.925318841400229
"1989-11-06",1989-11-06,-0.00775200000000006,2044800,-0.0970018201058206,5.333333,0.0761718797607425,4.927083,5.90625,0,-1.078432,0.848034754645139
"1989-11-07",1989-11-07,0,1159200,-0.0970018201058206,5.333333,0.0761718797607425,4.927083,5.90625,0,-1,0.848034754645139
"1989-11-08",1989-11-08,-0.00390618774413667,140400,-0.100529100529101,5.3125,0.0725490823529412,4.927083,5.90625,0,-1.03636303338878,0.809164630616343
"1989-11-09",1989-11-09,0.00784320000000006,158400,-0.0934743703703707,5.354167,0.0797666565125819,4.927083,5.90625,0,1.09948539561849,0.886753469806348
"1989-11-10",1989-11-10,-0.00389117485502426,172800,-0.0970018201058204,5.333333,0.0761718797607425,4.927083,5.90625,0,-1.03773707938843,0.848034754645141
"1989-11-13",1989-11-13,0,331200,-0.0970018201058204,5.333333,0.0761718797607425,4.927083,5.90625,0,-1,0.848034754645141
"1989-11-14",1989-11-14,-0.00390618774413667,446400,-0.100529100529101,5.3125,0.0725490823529412,4.927083,5.90625,0,-1.03636303338878,0.809164630616344
"1989-11-15",1989-11-15,0.00392150588235288,477600,-0.0970018201058203,5.333333,0.0761718797607425,4.927083,5.90625,0,1.04993581297385,0.848034754645141
"1989-11-16",1989-11-16,0.00781256298828525,411600,-0.08994708994709,5.375,0.0833333953488373,4.927083,5.90625,0,1.09401783979323,0.92531884140023
"1989-11-17",1989-11-17,-0.00387590697674412,217200,-0.0934743703703704,5.354167,0.0797666565125819,4.927083,5.90625,0,-1.03921505882353,0.886753469806349
"1989-11-20",1989-11-20,-0.00389117485502426,446400,-0.0970018201058203,5.333333,0.0761718797607425,4.927083,5.90625,0,-1.03773707938843,0.848034754645141
"1989-11-21",1989-11-21,-0.00195300012206238,500400,-0.0987653756613757,5.322917,0.0743641127599775,4.927083,5.90625,0,-1.01818064396762,0.828619895955412
"1989-11-22",1989-11-22,-0.00195700966218341,99600,-0.1005291005291,5.3125,0.0725490823529412,4.927083,5.90625,0,-1.01785772449013,0.809164630616345
"1989-11-24",1989-11-24,0.00588235294117647,709200,-0.0952380952380952,5.34375,0.0779727719298247,4.927083,5.90625,0,1.07475889978178,0.867413159972919
"1989-11-27",1989-11-27,-0.00584795321637427,207600,-0.1005291005291,5.3125,0.0725490823529412,4.927083,5.90625,0,-1.05555555555555,0.809164630616345
"1989-11-28",1989-11-28,0.00392150588235288,190800,-0.0970018201058201,5.333333,0.0761718797607425,4.927083,5.90625,0,1.04993581297385,0.848034754645142
"1989-11-29",1989-11-29,0,189600,-0.0970018201058201,5.333333,0.0761718797607425,4.927083,5.90625,0,-1,0.848034754645142
"1989-11-30",1989-11-30,-0.00390618774413667,186000,-0.1005291005291,5.3125,0.0725490823529412,4.927083,5.90625,0,-1.03636303338878,0.809164630616346
"1989-12-01",1989-12-01,0.00784320000000006,211200,-0.0934743703703701,5.354167,0.0797666565125819,4.927083,5.90625,0,1.09948539561849,0.886753469806351
"1989-12-04",1989-12-04,0,380400,-0.0934743703703701,5.354167,0.0797666565125819,4.927083,5.90625,0,-1,0.886753469806351
"1989-12-05",1989-12-05,0.0116731510242396,139200,-0.0828923597883595,5.416667,0.0903847328994012,4.927083,5.90625,0,1.13311422154374,1.00200396488733
"1989-12-06",1989-12-06,0.00769218414201931,62400,-0.075837798941799,5.458333,0.0973282502185191,4.927083,5.90625,0,1.07682179386253,1.07810202246364
"1989-12-07",1989-12-07,-0.00763346611502071,895200,-0.0828923597883595,5.416667,0.0903847328994012,4.927083,5.90625,0,-1.09302169821641,1.00200396488733
"1989-12-08",1989-12-08,-0.0038462766863831,385200,-0.0864198095238096,5.395833,0.0868725922392335,4.927083,5.90625,0,-1.04255458216483,0.963734486113253
"1989-12-11",1989-12-11,-0.00386094232345583,1459200,-0.0899470899470899,5.375,0.0833333953488373,4.927083,5.90625,0,-1.04081564681427,0.925318841400231
"1989-12-12",1989-12-12,0.00387590697674412,306000,-0.0864198095238093,5.395833,0.0868725922392335,4.927083,5.90625,0,1.04247033107893,0.963734486113254
"1989-12-13",1989-12-13,-0.00772188464691167,186000,-0.0934743703703701,5.354167,0.0797666565125819,4.927083,5.90625,0,-1.08163129362854,0.886753469806351
"1989-12-14",1989-12-14,0,430800,-0.0934743703703701,5.354167,0.0797666565125819,4.927083,5.90625,0,-1,0.886753469806351
"1989-12-15",1989-12-15,-0.00778216293963194,550800,-0.1005291005291,5.3125,0.0725490823529412,4.927083,5.90625,0,-1.075472347455,0.809164630616346
"1989-12-18",1989-12-18,-0.0156862117647058,831600,-0.114638391534391,5.229167,0.0577690481103397,4.927083,5.90625,0,-1.14035031578947,0.652112961806194
"1989-12-19",1989-12-19,-0.0219124766908383,769200,-0.134038857142857,5.114583,0.0366598801896459,4.927083,5.90625,0,-1.16923183716029,0.431889557692374
"1989-12-20",1989-12-20,0.00203672518365629,348000,-0.132275132275132,5.125,0.0386179512195123,4.927083,5.90625,0,1.05341182294478,0.452122437888499
"1989-12-21",1989-12-21,0.00406497560975603,915600,-0.128747851851852,5.145833,0.0425101242111822,4.927083,5.90625,0,1.10078662561735,0.492456974277925
"1989-12-22",1989-12-22,-0.00809703696175125,384000,-0.135802412698413,5.104167,0.0346940058975345,4.927083,5.90625,0,-1.05479361981649,0.411615176886986
"1989-12-26",1989-12-26,-0.00408176299874214,132000,-0.139329862433862,5.083333,0.0307377069336201,4.927083,5.90625,0,-1.02597486793761,0.370931110640866
"1989-12-27",1989-12-27,0.00819678742274023,229200,-0.132275132275132,5.125,0.0386179512195123,4.927083,5.90625,0,1.25637059728984,0.452122437888498
"1989-12-28",1989-12-28,-0.00406497560975603,561600,-0.135802412698413,5.104167,0.0346940058975345,4.927083,5.90625,0,-1.02666624,0.411615176886986
"1989-12-29",1989-12-29,0.00816313416077478,560400,-0.128747851851852,5.145833,0.0425101242111822,4.927083,5.90625,0,1.22528728267159,0.492456974277925
"1990-01-02",1990-01-02,-0.00809703696175125,297600,-0.135802412698412,5.104167,0.0346940058975345,4.927083,5.90625,0,-1.05479361981649,0.411615176886987
"1990-01-03",1990-01-03,0.0244897943190338,562800,-0.114638391534391,5.229167,0.0577690481103397,4.927083,5.90625,0,1.6651016974216,0.652112961806194
"1990-01-04",1990-01-04,0.00796799949207958,74400,-0.107583830687831,5.270833,0.0652173954287681,4.927083,5.90625,0,1.12893318415429,0.730955437716152
"1990-01-05",1990-01-05,0.023715416519552,939600,-0.0864198095238093,5.395833,0.0868725922392335,4.927083,5.90625,0,1.33204633009482,0.963734486113254
"1990-01-08",1990-01-08,0,525600,-0.0864198095238093,5.395833,0.0868725922392335,4.927083,5.90625,0,-1,0.963734486113254
"1990-01-09",1990-01-09,-0.00386094232345583,470400,-0.0899470899470897,5.375,0.0833333953488373,4.927083,5.90625,0,-1.04081564681427,0.925318841400232
"1990-01-10",1990-01-10,-0.0310078139534884,368400,-0.118165841269841,5.208333,0.0540000034560002,4.927083,5.90625,0,-1.31372611764706,0.612446870246513
"1990-01-11",1990-01-11,0.00400012825600834,174000,-0.114638391534391,5.229167,0.0577690481103397,4.927083,5.90625,0,1.06979711876149,0.652112961806194
"1990-01-12",1990-01-12,-0.0159363814542547,184800,-0.128747851851852,5.145833,0.0425101242111822,4.927083,5.90625,0,-1.12307796828454,0.492456974277926
"1990-01-15",1990-01-15,-0.0202427867363747,903600,-0.146384423280423,5.041667,0.0227274034560396,4.927083,5.90625,0,-1.13698536460915,0.289033660208809
"1990-01-16",1990-01-16,0.00413216501605514,1492800,-0.142857142857143,5.0625,0.0267490370370371,4.927083,5.90625,0,1.17695085973091,0.330071986023034
"1990-01-17",1990-01-17,0.0205761975308643,1123200,-0.125220402116402,5.166667,0.0463710937825103,4.927083,5.90625,0,1.73356123879541,0.532622799268362
"1990-01-18",1990-01-18,-0.0060483867065557,584400,-0.130511407407407,5.135417,0.0405680785026806,4.927083,5.90625,0,-1.04225354017061,0.472312133321226
"1990-01-19",1990-01-19,0.0101419222625932,1075200,-0.121693121693122,5.1875,0.0502008674698796,4.927083,5.90625,0,1.23744750362191,0.572618112959131
"1990-01-22",1990-01-22,-0.00401599999999993,542400,-0.125220402116402,5.166667,0.0463710937825103,4.927083,5.90625,0,-1.02898504347826,0.532622799268362
"1990-01-23",1990-01-23,0.00403219328824553,735600,-0.121693121693122,5.1875,0.0502008674698796,4.927083,5.90625,0,1.08258967764124,0.572618112959131
"1990-01-24",1990-01-24,-0.0080321927710844,180000,-0.128747851851852,5.145833,0.0425101242111822,4.927083,5.90625,0,-1.05797147826087,0.492456974277925
"1990-01-25",1990-01-25,0.00809723129374784,272400,-0.121693121693122,5.1875,0.0502008674698796,4.927083,5.90625,0,1.18091556779489,0.572618112959131
"1990-01-26",1990-01-26,-0.00401599999999993,285600,-0.125220402116402,5.166667,0.0463710937825103,4.927083,5.90625,0,-1.02898504347826,0.532622799268362
"1990-01-29",1990-01-29,0,609600,-0.125220402116402,5.166667,0.0463710937825103,4.927083,5.90625,0,-1,0.532622799268362
"1990-01-30",1990-01-30,-0.0120967734131114,1126800,-0.135802412698412,5.104167,0.0346940058975345,4.927083,5.90625,0,-1.08450708034122,0.411615176886987
"1990-01-31",1990-01-31,0.00408156708038739,601200,-0.132275132275132,5.125,0.0386179512195123,4.927083,5.90625,0,1.11310153499042,0.452122437888498
"1990-02-01",1990-02-01,-0.00406497560975603,223200,-0.135802412698413,5.104167,0.0346940058975345,4.927083,5.90625,0,-1.02666624,0.411615176886986
"1990-02-02",1990-02-02,0.0285713613994212,735600,-0.111111111111111,5.25,0.0615080000000001,4.927083,5.90625,0,1.77287108850037,0.691614538977603
"1990-02-05",1990-02-05,0.0158729523809523,705600,-0.0970018201058203,5.333333,0.0761718797607425,4.927083,5.90625,0,1.23840605711033,0.848034754645141
"1990-02-06",1990-02-06,-0.00390618774413667,295200,-0.100529100529101,5.3125,0.0725490823529412,4.927083,5.90625,0,-1.03636303338878,0.809164630616344
"1990-02-07",1990-02-07,0,489600,-0.100529100529101,5.3125,0.0725490823529412,4.927083,5.90625,0,-1,0.809164630616344
"1990-02-08",1990-02-08,0,355200,-0.100529100529101,5.3125,0.0725490823529412,4.927083,5.90625,0,-1,0.809164630616344
"1990-02-09",1990-02-09,0,160800,-0.100529100529101,5.3125,0.0725490823529412,4.927083,5.90625,0,-1,0.809164630616344
"1990-02-12",1990-02-12,-0.00392150588235288,372000,-0.104056380952381,5.291667,0.0688977594395114,4.927083,5.90625,0,-1.03508715789474,0.770139432759267
"1990-02-13",1990-02-13,-0.00787407824415262,147600,-0.111111111111111,5.25,0.0615080000000001,4.927083,5.90625,0,-1.06779718931373,0.691614538977603
"1990-02-14",1990-02-14,0,270000,-0.111111111111111,5.25,0.0615080000000001,4.927083,5.90625,0,-1,0.691614538977603
"1990-02-15",1990-02-15,0,176400,-0.111111111111111,5.25,0.0615080000000001,4.927083,5.90625,0,-1,0.691614538977603
"1990-02-16",1990-02-16,0.00793657142857149,144000,-0.104056380952381,5.291667,0.0688977594395114,4.927083,5.90625,0,1.1201430617076,0.770139432759267
"1990-02-20",1990-02-20,-0.00393713361025943,297600,-0.107583830687831,5.270833,0.0652173954287681,4.927083,5.90625,0,-1.03389940821663,0.730955437716152
"1990-02-21",1990-02-21,-0.0197627206174051,866400,-0.125220402116402,5.166667,0.0463710937825103,4.927083,5.90625,0,-1.16393329105139,0.532622799268361
"1990-02-22",1990-02-22,0.00403219328824553,226800,-0.121693121693122,5.1875,0.0502008674698796,4.927083,5.90625,0,1.08258967764124,0.57261811295913
"1990-02-23",1990-02-23,0,18000,-0.121693121693122,5.1875,0.0502008674698796,4.927083,5.90625,0,-1,0.57261811295913
"1990-02-26",1990-02-26,-0.0120481927710843,609600,-0.132275132275132,5.125,0.0386179512195123,4.927083,5.90625,0,-1.08695652173913,0.452122437888498
"1990-02-27",1990-02-27,0.0162600975609755,916800,-0.118165841269842,5.208333,0.0540000034560002,4.927083,5.90625,0,1.39831352391154,0.61244687024651
"1990-02-28",1990-02-28,0.012000000768,236400,-0.107583830687831,5.270833,0.0652173954287681,4.927083,5.90625,0,1.2077294676825,0.730955437716151
"1990-03-01",1990-03-01,-0.0019761582277411,224400,-0.109347386243386,5.260417,0.0633664593510364,4.927083,5.90625,0,-1.01639238484334,0.711305898031955
"1990-03-02",1990-03-02,0.00198007116165873,73200,-0.107583830687831,5.270833,0.0652173954287681,4.927083,5.90625,0,1.02921002840758,0.73095543771615
"1990-03-05",1990-03-05,-0.011857708259776,201600,-0.118165841269842,5.208333,0.0540000034560002,4.927083,5.90625,0,-1.0983606041387,0.61244687024651
"1990-03-06",1990-03-06,0.0080000645120042,189600,-0.111111111111111,5.25,0.0615080000000001,4.927083,5.90625,0,1.13903696413867,0.691614538977602
"1990-03-07",1990-03-07,0,202800,-0.111111111111111,5.25,0.0615080000000001,4.927083,5.90625,0,-1,0.691614538977602
"1990-03-08",1990-03-08,0.00793657142857149,307200,-0.104056380952381,5.291667,0.0688977594395114,4.927083,5.90625,0,1.1201430617076,0.770139432759266
"1990-03-09",1990-03-09,0.00393694463389319,217200,-0.100529100529101,5.3125,0.0725490823529412,4.927083,5.90625,0,1.05299625043156,0.809164630616344
"1990-03-12",1990-03-12,0,144000,-0.100529100529101,5.3125,0.0725490823529412,4.927083,5.90625,0,-1,0.809164630616344
"1990-03-13",1990-03-13,0.0117647058823529,81600,-0.0899470899470901,5.375,0.0833333953488373,4.927083,5.90625,0,1.14864851003121,0.92531884140023
"1990-03-14",1990-03-14,-0.00387590697674412,157200,-0.0934743703703705,5.354167,0.0797666565125819,4.927083,5.90625,0,-1.03921505882353,0.886753469806349
"1990-03-15",1990-03-15,-0.00778216293963194,196800,-0.100529100529101,5.3125,0.0725490823529412,4.927083,5.90625,0,-1.075472347455,0.809164630616344
"1990-03-16",1990-03-16,0.00392150588235288,506400,-0.0970018201058203,5.333333,0.0761718797607425,4.927083,5.90625,0,1.04993581297385,0.848034754645141
"1990-03-19",1990-03-19,-0.00781237548827334,319200,-0.104056380952381,5.291667,0.0688977594395114,4.927083,5.90625,0,-1.07272606677756,0.770139432759267
"1990-03-20",1990-03-20,-0.0137795896831755,526800,-0.116402116402116,5.21875,0.0558882874251497,4.927083,5.90625,0,-1.11864467451914,0.632300365522673
"1990-03-21",1990-03-21,0.00199607185628749,553200,-0.114638391534392,5.229167,0.0577690481103397,4.927083,5.90625,0,1.03365214380041,0.652112961806192
"1990-03-22",1990-03-22,-0.00796819072712735,666000,-0.121693121693122,5.1875,0.0502008674698796,4.927083,5.90625,0,-1.06153898414227,0.57261811295913
"1990-03-23",1990-03-23,0.00200809638554223,189600,-0.119929396825397,5.197917,0.0521043333319867,4.927083,5.90625,0,1.03791699143942,0.592554141891036
"1990-03-26",1990-03-26,-0.0060120236625556,139200,-0.125220402116402,5.166667,0.0463710937825103,4.927083,5.90625,0,-1.04411766782008,0.53262279926836
"1990-03-27",1990-03-27,0,471600,-0.125220402116402,5.166667,0.0463710937825103,4.927083,5.90625,0,-1,0.53262279926836
"1990-03-28",1990-03-28,0,15600,-0.125220402116402,5.166667,0.0463710937825103,4.927083,5.90625,0,-1,0.53262279926836
"1990-03-29",1990-03-29,-0.00806458012486586,787200,-0.132275132275132,5.125,0.0386179512195123,4.927083,5.90625,0,-1.05633850426524,0.452122437888498
"1990-03-30",1990-03-30,0,906000,-0.132275132275132,5.125,0.0386179512195123,4.927083,5.90625,0,-1,0.452122437888498
"1990-04-02",1990-04-02,-0.0121951219512195,362400,-0.142857142857143,5.0625,0.0267490370370371,4.927083,5.90625,0,-1.08,0.330071986023033
"1990-04-03",1990-04-03,0.00823051851851859,123600,-0.135802412698413,5.104167,0.0346940058975345,4.927083,5.90625,0,1.29701887396906,0.411615176886984
"1990-04-04",1990-04-04,-0.0122448971595169,496800,-0.146384423280423,5.041667,0.0227274034560396,4.927083,5.90625,0,-1.07792211030529,0.289033660208806
"1990-04-05",1990-04-05,0.00826433003211027,712800,-0.139329862433863,5.083333,0.0307377069336201,4.927083,5.90625,0,1.35245132569034,0.370931110640865
"1990-04-06",1990-04-06,-0.00409829535070782,630000,-0.142857142857143,5.0625,0.0267490370370371,4.927083,5.90625,0,-1.02531604037831,0.330071986023033
"1990-04-09",1990-04-09,0.00411516049382709,330000,-0.139329862433863,5.083333,0.0307377069336201,4.927083,5.90625,0,1.14911452292881,0.370931110640865
"1990-04-10",1990-04-10,-0.00409829535070782,210000,-0.142857142857143,5.0625,0.0267490370370371,4.927083,5.90625,0,-1.02531604037831,0.330071986023033
"1990-04-11",1990-04-11,-0.00411516049382709,43200,-0.146384423280423,5.041667,0.0227274034560396,4.927083,5.90625,0,-1.02469096296296,0.289033660208806
"1990-04-12",1990-04-12,0.00826433003211027,93600,-0.139329862433863,5.083333,0.0307377069336201,4.927083,5.90625,0,1.35245132569034,0.370931110640865
"1990-04-16",1990-04-16,0.0040984920720324,478800,-0.135802412698413,5.104167,0.0346940058975345,4.927083,5.90625,0,1.12871158451924,0.411615176886984
"1990-04-17",1990-04-17,0.00816313416077478,140400,-0.128747851851852,5.145833,0.0425101242111822,4.927083,5.90625,0,1.22528728267159,0.492456974277925
"1990-04-18",1990-04-18,0,555600,-0.128747851851852,5.145833,0.0425101242111822,4.927083,5.90625,0,-1,0.492456974277925
"1990-04-19",1990-04-19,-0.00404851848087562,1048800,-0.132275132275132,5.125,0.0386179512195123,4.927083,5.90625,0,-1.02739680990825,0.452122437888498
"1990-04-20",1990-04-20,0.00406497560975603,81600,-0.128747851851852,5.145833,0.0425101242111822,4.927083,5.90625,0,1.10078662561735,0.492456974277924
"1990-04-23",1990-04-23,0.00404871281287222,56400,-0.125220402116402,5.166667,0.0463710937825103,4.927083,5.90625,0,1.09082470688976,0.53262279926836
"1990-04-24",1990-04-24,0,70800,-0.125220402116402,5.166667,0.0463710937825103,4.927083,5.90625,0,-1,0.53262279926836
"1990-04-25",1990-04-25,-0.00806458012486586,76800,-0.132275132275133,5.125,0.0386179512195123,4.927083,5.90625,0,-1.05633850426524,0.452122437888497
"1990-04-26",1990-04-26,-0.00406497560975603,273600,-0.135802412698413,5.104167,0.0346940058975345,4.927083,5.90625,0,-1.02666624,0.411615176886984
"1990-04-27",1990-04-27,-0.00408176299874214,442800,-0.139329862433863,5.083333,0.0307377069336201,4.927083,5.90625,0,-1.02597486793761,0.370931110640864
"1990-04-30",1990-04-30,0,1083600,-0.139329862433863,5.083333,0.0307377069336201,4.927083,5.90625,0,-1,0.370931110640864
"1990-05-01",1990-05-01,0.00819678742274023,166000,-0.132275132275133,5.125,0.0386179512195123,4.927083,5.90625,0,1.25637059728984,0.452122437888497
"1990-05-02",1990-05-02,-0.0162600975609755,106800,-0.146384423280424,5.041667,0.0227274034560396,4.927083,5.90625,0,-1.10666624,0.289033660208805
"1990-05-03",1990-05-03,0,242400,-0.146384423280424,5.041667,0.0227274034560396,4.927083,5.90625,0,-1,0.289033660208805
"1990-05-04",1990-05-04,0.00413216501605514,348400,-0.142857142857143,5.0625,0.0267490370370371,4.927083,5.90625,0,1.17695085973091,0.330071986023031
"1990-05-07",1990-05-07,0.00411516049382709,1182400,-0.139329862433863,5.083333,0.0307377069336201,4.927083,5.90625,0,1.14911452292881,0.370931110640863
"1990-05-08",1990-05-08,0,895200,-0.139329862433863,5.083333,0.0307377069336201,4.927083,5.90625,0,-1,0.370931110640863
"1990-05-09",1990-05-09,0.0163935748454805,415600,-0.125220402116403,5.166667,0.0463710937825103,4.927083,5.90625,0,1.50860615213267,0.532622799268358
"1990-05-10",1990-05-10,0.0241935468262228,126400,-0.104056380952381,5.291667,0.0688977594395114,4.927083,5.90625,0,1.48579112156931,0.770139432759265
"1990-05-11",1990-05-11,0.0236220457560916,247600,-0.0828923597883602,5.416667,0.0903847328994012,4.927083,5.90625,0,1.31186752130531,1.00200396488733
"1990-05-14",1990-05-14,-0.0153847375147855,174400,-0.0970018201058206,5.333333,0.0761718797607425,4.927083,5.90625,0,-1.17021424355012,0.848034754645139
"1990-05-15",1990-05-15,0.0390626274414143,377200,-0.0617283386243391,5.541667,0.110902369269031,4.927083,5.90625,0,1.45594896197097,1.2285988686541
"1990-05-16",1990-05-16,-0.00375951857085615,168000,-0.065255788359789,5.520833,0.107547176304735,4.927083,5.90625,0,-1.0571447379609,1.19118260806151
"1990-05-17",1990-05-17,-0.0113207554004984,68800,-0.0758377989417995,5.458333,0.0973282502185191,4.927083,5.90625,0,-1.16216202191393,1.07810202246364
"1990-05-18",1990-05-18,0.00763364932113895,53200,-0.0687830687830695,5.5,0.104166727272727,4.927083,5.90625,0,1.07026199524655,1.15362996779273
"1990-05-21",1990-05-21,0.0151514545454545,131200,-0.0546737777777784,5.583333,0.117537320449989,4.927083,5.90625,0,1.12835761982092,1.30301946140489
"1990-05-22",1990-05-22,-0.00746256760970541,193600,-0.0617283386243391,5.541667,0.110902369269031,4.927083,5.90625,0,-1.12903006035606,1.2285988686541
"1990-05-23",1990-05-23,0,1092000,-0.0617283386243391,5.541667,0.110902369269031,4.927083,5.90625,0,-1,1.2285988686541
"1990-05-24",1990-05-24,-0.0150377133811903,31600,-0.0758377989417997,5.458333,0.0973282502185191,4.927083,5.90625,0,-1.22857346612431,1.07810202246363
"1990-05-25",1990-05-25,-0.00763346611502071,34000,-0.0828923597883603,5.416667,0.0903847328994012,4.927083,5.90625,0,-1.09302169821641,1.00200396488733
"1990-05-29",1990-05-29,0,117600,-0.0828923597883603,5.416667,0.0903847328994012,4.927083,5.90625,0,-1,1.00200396488733
"1990-05-30",1990-05-30,0.00769218414201931,338800,-0.0758377989417997,5.458333,0.0973282502185191,4.927083,5.90625,0,1.07682179386253,1.07810202246363
"1990-05-31",1990-05-31,-0.0305342308723193,667200,-0.104056380952382,5.291667,0.0688977594395114,4.927083,5.90625,0,-1.37209125797859,0.770139432759264
"1990-06-01",1990-06-01,-0.00393713361025943,437200,-0.107583830687831,5.270833,0.0652173954287681,4.927083,5.90625,0,-1.03389940821663,0.730955437716148
"1990-06-04",1990-06-04,0,286800,-0.107583830687831,5.270833,0.0652173954287681,4.927083,5.90625,0,-1,0.730955437716148
"1990-06-05",1990-06-05,0.011857708259776,612000,-0.0970018201058208,5.333333,0.0761718797607425,4.927083,5.90625,0,1.16796874913441,0.848034754645138
"1990-06-06",1990-06-06,0.0234375014648438,177600,-0.0758377989417998,5.458333,0.0973282502185191,4.927083,5.90625,0,1.27774515377892,1.07810202246363
"1990-06-07",1990-06-07,-0.00763346611502071,120400,-0.0828923597883604,5.416667,0.0903847328994012,4.927083,5.90625,0,-1.09302169821641,1.00200396488733
"1990-06-08",1990-06-08,0.00769218414201931,176800,-0.0758377989417998,5.458333,0.0973282502185191,4.927083,5.90625,0,1.07682179386253,1.07810202246363
"1990-06-11",1990-06-11,-0.0152671154361597,162000,-0.0899470899470908,5.375,0.0833333953488373,4.927083,5.90625,0,-1.1860456289893,0.925318841400226
"1990-06-12",1990-06-12,0,655200,-0.0899470899470908,5.375,0.0833333953488373,4.927083,5.90625,0,-1,0.925318841400226
"1990-06-13",1990-06-13,0.00775200000000006,687600,-0.0828923597883606,5.416667,0.0903847328994012,4.927083,5.90625,0,1.08461598763673,1.00200396488733
"1990-06-14",1990-06-14,-0.00769236875739275,655600,-0.0899470899470909,5.375,0.0833333953488373,4.927083,5.90625,0,-1.08510712177506,0.925318841400226
"1990-06-15",1990-06-15,-0.0232558139534884,217200,-0.111111111111112,5.25,0.0615080000000001,4.927083,5.90625,0,-1.23529411764706,0.691614538977598
"1990-06-18",1990-06-18,0.0158729523809523,366000,-0.0970018201058211,5.333333,0.0761718797607425,4.927083,5.90625,0,1.23840605711033,0.848034754645136
"1990-06-19",1990-06-19,-0.0234375014648438,204400,-0.118165841269842,5.208333,0.0540000034560002,4.927083,5.90625,0,-1.21818169123974,0.612446870246506
"1990-06-20",1990-06-20,-0.00799987251199171,18400,-0.125220402116403,5.166667,0.0463710937825103,4.927083,5.90625,0,-1.05970050879976,0.532622799268356
"1990-06-21",1990-06-21,0,370800,-0.125220402116403,5.166667,0.0463710937825103,4.927083,5.90625,0,-1,0.532622799268356
"1990-06-22",1990-06-22,-0.00806458012486586,792000,-0.132275132275133,5.125,0.0386179512195123,4.927083,5.90625,0,-1.05633850426524,0.452122437888492
"1990-06-25",1990-06-25,0,320400,-0.132275132275133,5.125,0.0386179512195123,4.927083,5.90625,0,-1,0.452122437888492
"1990-06-26",1990-06-26,-0.00813014634146348,302400,-0.139329862433863,5.083333,0.0307377069336201,4.927083,5.90625,0,-1.05333376,0.370931110640861
"1990-06-27",1990-06-27,-0.0163933781241559,546400,-0.153439153439154,5,0.0145834,4.927083,5.90625,0,-1.10126537670263,0.206408453232925
"1990-06-28",1990-06-28,0.00833340000000007,396400,-0.146384423280424,5.041667,0.0227274034560396,4.927083,5.90625,0,1.55844339838718,0.289033660208802
"1990-06-29",1990-06-29,0,344400,-0.146384423280424,5.041667,0.0227274034560396,4.927083,5.90625,0,-1,0.289033660208802
"1990-07-02",1990-07-02,-0.0082645283792048,505600,-0.153439153439154,5,0.0145834,4.927083,5.90625,0,-1.04819317520701,0.206408453232925
"1990-07-03",1990-07-03,-0.00416659999999993,774400,-0.156966433862435,4.979167,0.0104603842369618,4.927083,5.90625,0,-1.02298813793103,0.164818981251716
"1990-07-05",1990-07-05,0,428400,-0.156966433862435,4.979167,0.0104603842369618,4.927083,5.90625,0,-1,0.164818981251716
"1990-07-06",1990-07-06,-0.00418423402950748,249600,-0.160493883597884,4.958333,0.0063025214321023,4.927083,5.90625,0,-1.02247263729353,0.123039149101734
"1990-07-09",1990-07-09,-0.00420161372783951,371200,-0.164021164021165,4.9375,0.00210977215189878,4.927083,5.90625,0,-1.02197766260126,0.0810705832805384
"1990-07-10",1990-07-10,-0.0210971139240507,254800,-0.181657904761906,4.833333,0,4.833333,5.708333,2607,-1.10752722580645,-0.0262778153531902
"1990-07-11",1990-07-11,-0.0172413115338835,587200,-0.195767195767197,4.75,0,4.75,4.833333,2608,-1.07766956810266,-0.102980461714606
"1990-07-12",1990-07-12,-0.0394736842105263,1723600,-0.227513227513228,4.5625,0,4.5625,4.75,2609,-1.16216216216216,-0.27556210635437
"1990-07-13",1990-07-13,0.0776256438356165,1783200,-0.167548444444445,4.916667,0.0720339612180366,4.5625,4.916667,2609,-0.736433860465117,0.442025545596825
"1990-07-16",1990-07-16,0.0254237270899168,623200,-0.146384423280424,5.041667,0.0950413821460244,0,5.041667,0,1.31939685863377,0.682155719450819
"1990-07-17",1990-07-17,0,398400,-0.146384423280424,5.041667,0.0950413821460244,0,5.041667,0,-1,0.682155719450819
"1990-07-18",1990-07-18,-0.0247933867905199,1322400,-0.167548444444445,4.916667,0.0720339612180366,4.5625,5.041667,2613,-1.14457836899407,0.442025545596825
"1990-07-19",1990-07-19,0.00847444010342765,84400,-0.160493883597885,4.958333,0.0798318709130669,4.5625,5.041667,0,1.10825324004364,0.522768355077315
"1990-07-20",1990-07-20,0,519600,-0.160493883597885,4.958333,0.0798318709130669,4.5625,5.041667,0,-1,0.522768355077315
"1990-07-23",1990-07-23,-0.0336133131840881,434800,-0.188712465608466,4.791667,0.0478261531947024,4.5625,5.041667,0,-1.17582341069946,0.195369681200575
"1990-07-24",1990-07-24,0.00434775621928645,2634400,-0.185185185185186,4.8125,0.051948051948052,4.5625,5.041667,0,1.08618503638729,0.236953080757656
"1990-07-25",1990-07-25,-0.00432893506493499,334000,-0.188712465608466,4.791667,0.0478261531947024,4.5625,5.041667,0,-1.01904731428571,0.195369681200575
"1990-07-26",1990-07-26,-0.00869572113421077,391600,-0.195767195767197,4.75,0.0394736842105263,4.5625,5.041667,0,-1.03738348781562,0.111611188528258
"1990-07-27",1990-07-27,-0.00877200000000007,154000,-0.202821925925927,4.708333,0.0309733827237793,4.5625,5.041667,0,-1.03603632432432,0.0270490307985557
"1990-07-30",1990-07-30,0.00884962894510655,197200,-0.195767195767197,4.75,0.0394736842105263,4.5625,5.041667,0,1.27443891300323,0.111611188528258
"1990-07-31",1990-07-31,0.00877200000000007,337600,-0.188712465608467,4.791667,0.0478261531947024,4.5625,5.041667,0,1.21159588093246,0.195369681200575
"1990-08-01",1990-08-01,-0.0173914422684215,95200,-0.202821925925927,4.708333,0.0309733827237793,4.5625,5.041667,0,-1.07476697563125,0.0270490307985551
"1990-08-02",1990-08-02,-0.0176990455008173,712000,-0.216931216931218,4.625,0.0135135135135135,4.5625,5.041667,0,-1.06956491977324,-0.1445710832832
"1990-08-03",1990-08-03,-0.027027027027027,728400,-0.238095238095239,4.5,0,4.5,4.958333,2625,-1.09756097560976,-0.333089321234293
"1990-08-06",1990-08-06,-0.0185184444444444,286000,-0.25220452910053,4.416667,0,4.416667,4.5,2626,-1.05925902222222,-0.409791967595708
"1990-08-07",1990-08-07,-0.0188680740476927,675600,-0.266313989417991,4.333333,0,4.333333,4.416667,2627,-1.05594451601556,-0.486495534392563
"1990-08-08",1990-08-08,-0.00961523150886381,139200,-0.273368550264551,4.291667,0,4.291667,4.333333,2628,-1.02648963677041,-0.524846397355551
"1990-08-09",1990-08-09,0.00970858177020708,389200,-0.26631398941799,4.333333,0.00961523150886379,4.291667,4.333333,2628,-0.974193955962624,-0.434224041669721
"1990-08-10",1990-08-10,-0.0384613875739527,619200,-0.294532571428572,4.166667,0,0,4.333333,2630,-1.10595981860454,-0.639900827115394
"1990-08-13",1990-08-13,0.0099998392000127,175200,-0.287478010582012,4.208333,0.00990083246739248,4.166667,4.208333,2630,-0.9760482828356,-0.547725852710857
"1990-08-14",1990-08-14,-0.00990083246739251,463600,-0.294532571428572,4.166667,0,0,4.208333,2632,-1.02453947984501,-0.639900827115394
"1990-08-15",1990-08-15,0.0299999976000002,1021600,-0.273368550264551,4.291667,0.029126211330003,4.166667,4.291667,2632,-0.928143698805978,-0.366506939571647
"1990-08-16",1990-08-16,-0.029126211330003,250800,-0.294532571428572,4.166667,0,0,4.291667,2634,-1.07741937082206,-0.639900827115394
"1990-08-17",1990-08-17,0,187600,-0.294532571428572,4.166667,0,4.166667,4.166667,2634,-1,-0.639900827115394
"1990-08-20",1990-08-20,0,314400,-0.294532571428572,4.166667,0,0,4.166667,0,-1,-0.639900827115394
"1990-08-21",1990-08-21,-0.0500001559999876,440400,-0.329806052910054,3.958333,0,0,4.166667,2637,-1.11976088522364,-0.83165882367209
"1990-08-22",1990-08-22,0.0157894750138504,426400,-0.319224042328043,4.020833,0.0155440427394024,3.958333,4.020833,2637,-0.967914443993251,-0.689629190292189
"1990-08-23",1990-08-23,-0.020725307417642,534000,-0.333333333333334,3.9375,0,0,4.020833,2639,-1.04419871041791,-0.850834255153585
"1990-08-24",1990-08-24,0,790800,-0.333333333333334,3.9375,0,3.9375,3.9375,2639,-1,-0.850834255153585
"1990-08-27",1990-08-27,0.0370369523809523,514000,-0.308642031746033,4.083333,0.0357142069970781,0,4.083333,0,-0.925926095238096,-0.522450471624586
"1990-08-28",1990-08-28,0.0204083281965984,410400,-0.294532571428572,4.166667,0.055000075599994,0,4.166667,0,1.54000551109797,-0.340902716791106
"1990-08-29",1990-08-29,-0.0050001595999874,518400,-0.298060021164022,4.145833,0.0502511799196927,3.9375,4.166667,2643,-1.01197643343261,-0.385895593850005
"1990-08-30",1990-08-30,-0.00502504563015434,490800,-0.301587301587303,4.125,0.0454545454545454,3.9375,4.166667,0,-1.01183412793673,-0.431147073870522
"1990-08-31",1990-08-31,0.00505042424242416,1270000,-0.298060021164022,4.145833,0.0502511799196927,3.9375,4.166667,0,1.10552595823324,-0.385895593850005
"1990-09-04",1990-09-04,-0.00502504563015434,506800,-0.301587301587303,4.125,0.0454545454545454,3.9375,4.166667,0,-1.01183412793673,-0.431147073870522
"1990-09-05",1990-09-05,0.0202019393939393,967600,-0.287478010582012,4.208333,0.0198019025585665,4.125,4.208333,2643,-0.95321656140351,-0.493900449469963
"1990-09-06",1990-09-06,0,519600,-0.287478010582012,4.208333,0.0198019025585665,0,4.208333,0,-1,-0.493900449469963
"1990-09-07",1990-09-07,-0.00495041623369625,680400,-0.291005291005292,4.1875,0.0149253731343284,4.125,4.208333,2649,-1.0122697399225,-0.539586264198787
"1990-09-10",1990-09-10,0.0199004179104477,772800,-0.276896000000001,4.270833,0.0195121185960677,4.1875,4.270833,2649,1.30731194593653,-0.437948593464447
"1990-09-11",1990-09-11,-0.0195121185960677,730000,-0.291005291005292,4.1875,0,0,4.270833,2651,-1.05095519980531,-0.620725395633901
"1990-09-12",1990-09-12,0.0149253731343284,266800,-0.280423280423282,4.25,0.0147058823529411,4.1875,4.25,2651,-0.963636363636364,-0.483252271839971
"1990-09-13",1990-09-13,-0.0196077647058823,361200,-0.294532571428573,4.166667,0,0,4.25,2653,-1.05031426415094,-0.639900827115395
"1990-09-14",1990-09-14,0.0099998392000127,431200,-0.287478010582012,4.208333,0.00990083246739248,4.166667,4.208333,2653,-0.9760482828356,-0.547725852710858
"1990-09-17",1990-09-17,0,69600,-0.287478010582012,4.208333,0.00990083246739248,0,4.208333,0,-1,-0.547725852710858
"1990-09-18",1990-09-18,0,328800,-0.287478010582012,4.208333,0.00990083246739248,0,4.208333,0,-1,-0.547725852710858
"1990-09-19",1990-09-19,-0.0148514863248702,705600,-0.298060021164022,4.145833,0,0,4.208333,2657,-1.03680980872445,-0.659077179032328
"1990-09-20",1990-09-20,-0.0251254693568215,827200,-0.315696592592594,4.041667,0,4.041667,4.145833,2658,-1.05917120773089,-0.754955256875238
"1990-09-21",1990-09-21,-0.0206187199489716,549600,-0.329806052910054,3.958333,0,3.958333,4.041667,2659,-1.0446931029619,-0.831658823672092
"1990-09-24",1990-09-24,-0.0368420241551179,356400,-0.354497354497356,3.8125,0,3.8125,3.958333,2660,-1.07486612622612,-0.965888684913429
"1990-09-25",1990-09-25,-0.0163934426229508,738400,-0.365079365079366,3.75,0,3.75,3.8125,2661,-1.02985074626866,-1.02341589979335
"1990-09-26",1990-09-26,-0.0666666666666667,1110000,-0.407407407407408,3.5,0,3.5,3.75,2662,-1.11594202898551,-1.25352475931304
"1990-09-27",1990-09-27,-0.0357142857142857,1400800,-0.428571428571429,3.375,0,3.375,3.5,2663,-1.05194805194805,-1.36857918907288
"1990-09-28",1990-09-28,0.037037037037037,1438800,-0.407407407407408,3.5,0.0357142857142857,3.375,3.5,2663,-0.950617283950617,-1.0593704090933
"1990-10-01",1990-10-01,0.0357142857142857,1084000,-0.386243386243387,3.625,0.0689655172413793,0,3.625,0,1.93103448275862,-0.763551584301291
"1990-10-02",1990-10-02,0.074712551724138,902800,-0.340388063492065,3.895833,0.133689765449392,0,3.895833,0,1.93850159901618,-0.162405451380062
"1990-10-03",1990-10-03,0.0053477651634451,456400,-0.336860613756615,3.916667,0.138297945676771,0,3.916667,0,1.03446920721185,-0.118177548806348
"1990-10-04",1990-10-04,0.0319148909008605,64800,-0.315696592592594,4.041667,0.164948522478472,0,4.041667,0,1.19270406853323,0.141757992767131
"1990-10-05",1990-10-05,0,320400,-0.315696592592594,4.041667,0.164948522478472,0,4.041667,0,-1,0.141757992767131
"1990-10-08",1990-10-08,0.0515463050271088,361600,-0.280423280423282,4.25,0.205882352941177,0,4.25,0,1.24816124356644,0.556044544042139
"1990-10-09",1990-10-09,-0.0294117647058824,694800,-0.301587301587303,4.125,0.181818181818182,3.375,4.25,2671,-1.07547169811321,0.310169536059374
"1990-10-10",1990-10-10,0.00505042424242416,765600,-0.298060021164022,4.145833,0.185929582788308,3.375,4.25,0,1.02261270533569,0.351695866288601
"1990-10-11",1990-10-11,-0.0552762255498472,336000,-0.336860613756615,3.916667,0.138297945676771,3.375,4.25,0,-1.13017711144575,-0.118177548806349
"1990-10-12",1990-10-12,0.0159574454504302,454000,-0.326278603174604,3.979167,0.151832531783662,3.375,4.25,0,1.09786541687701,0.0129280316637165
"1990-10-15",1990-10-15,-0.00523576919490934,403600,-0.329806052910054,3.958333,0.147368349252072,3.375,4.25,0,-1.01081115862679,-0.0305170530963469
"1990-10-16",1990-10-16,0.00526332675901694,516400,-0.326278603174604,3.979167,0.151832531783662,3.375,4.25,0,1.03029268193779,0.0129280316637171
"1990-10-17",1990-10-17,0,172000,-0.326278603174604,3.979167,0.151832531783662,3.375,4.25,0,-1,0.0129280316637171
"1990-10-18",1990-10-18,0.0157068049669693,152800,-0.315696592592594,4.041667,0.164948522478472,3.375,4.25,0,1.08638458794521,0.14175799276713
"1990-10-19",1990-10-19,0.0206184725263115,242400,-0.301587301587303,4.125,0.181818181818182,3.375,4.25,0,1.10227226704568,0.310169536059373
"1990-10-22",1990-10-22,0.0606060606060606,588000,-0.259259259259261,4.375,0.104761828571429,3.916667,4.375,2671,-0.859649122807018,0.121375262121138
"1990-10-23",1990-10-23,-0.0333332571428571,509200,-0.283950560846562,4.229167,0.0738916197917936,3.916667,4.375,2681,-1.09523787755102,-0.180674988269412
"1990-10-24",1990-10-24,-0.0147783239583587,700800,-0.294532571428573,4.166667,0.0599999952000004,3.916667,4.375,0,-1.03726708815246,-0.313721544840583
"1990-10-25",1990-10-25,0,158800,-0.294532571428573,4.166667,0.0599999952000004,3.916667,4.375,0,-1,-0.313721544840583
"1990-10-26",1990-10-26,-0.0050001595999874,492400,-0.298060021164022,4.145833,0.0552762255498472,3.916667,4.375,0,-1.01197643343261,-0.358577828713886
"1990-10-29",1990-10-29,-0.0150753780965128,443200,-0.308642031746033,4.083333,0.0408161665972381,3.916667,4.375,0,-1.03550295185743,-0.494714577396128
"1990-10-30",1990-10-30,0,473200,-0.308642031746033,4.083333,0.0408161665972381,3.916667,4.375,0,-1,-0.494714577396128
"1990-10-31",1990-10-31,-0.0102039192003198,175600,-0.315696592592594,4.041667,0.0309278325007974,3.916667,4.375,0,-1.02285677296333,-0.586821606634119
"1990-11-01",1990-11-01,0.0103091125518256,148000,-0.308642031746033,4.083333,0.0408161665972381,3.916667,4.375,0,1.31972282882047,-0.494714577396129
"1990-11-02",1990-11-02,0.0408164114952174,262000,-0.280423280423282,4.25,0.078431294117647,3.916667,4.375,0,1.92157423531671,-0.136820426257449
"1990-11-05",1990-11-05,0.00980400000000008,637600,-0.273368550264551,4.291667,0.0873786339900091,3.916667,4.375,0,1.11407869745131,-0.0498280240038413
"1990-11-06",1990-11-06,0,247200,-0.273368550264551,4.291667,0.0873786339900091,3.916667,4.375,0,-1,-0.0498280240038413
"1990-11-07",1990-11-07,0,194400,-0.273368550264551,4.291667,0.0873786339900091,3.916667,4.375,0,-1,-0.0498280240038413
"1990-11-08",1990-11-08,-0.038835026109901,240400,-0.301587301587303,4.125,0.0505049696969697,3.916667,4.375,0,-1.10322603421441,-0.403691342431111
"1990-11-09",1990-11-09,0.010101090909091,247200,-0.294532571428573,4.166667,0.0599999952000004,3.916667,4.375,0,1.1880018057629,-0.313721544840583
"1990-11-12",1990-11-12,0.0199999184000064,521200,-0.280423280423282,4.25,0.078431294117647,3.916667,4.375,0,1.30718833986918,-0.136820426257449
"1990-11-13",1990-11-13,0.0294117647058824,220800,-0.259259259259261,4.375,0.0761903999999999,4.041667,4.375,2681,-0.924528301886793,-0.0339482180546506
"1990-11-14",1990-11-14,0.0476189714285713,238000,-0.223985947089949,4.583333,0.118181681322304,0,4.583333,0,1.55113611849136,0.386086976387336
"1990-11-15",1990-11-15,-0.00909076429750998,128400,-0.231040507936509,4.541667,0.110091735039139,4.041667,4.583333,2698,-1.03149555111923,0.303756562034573
"1990-11-16",1990-11-16,0.00917416446428135,164400,-0.223985947089949,4.583333,0.00909076429750999,4.541667,4.583333,2698,-0.969466129945925,-0.206966354687733
"1990-11-19",1990-11-19,0,681600,-0.223985947089949,4.583333,0.00909076429750999,0,4.583333,0,-1,-0.206966354687733
"1990-11-20",1990-11-20,0.0181819649586885,539200,-0.209876486772488,4.666667,0.0267857123724491,0,4.666667,0,2.94647529028839,-0.0340673558123499
"1990-11-21",1990-11-21,-0.0178572844387655,304800,-0.223985947089949,4.583333,0.00909076429750999,4.541667,4.666667,2702,-1.0672274466494,-0.206966354687733
"1990-11-23",1990-11-23,0.00454560033058926,93600,-0.220458497354499,4.604167,0.0135746596507034,4.541667,4.666667,0,1.49323634476163,-0.163414104685728
"1990-11-26",1990-11-26,-0.0135746596507034,321600,-0.231040507936509,4.541667,0,4.541667,4.604167,2704,-1.048000012288,-0.294737537835868
"1990-11-27",1990-11-27,0,311200,-0.231040507936509,4.541667,0,4.541667,4.541667,2704,-1,-0.294737537835868
"1990-11-28",1990-11-28,0.00917416446428135,189600,-0.223985947089949,4.583333,0.00909076429750999,0,4.583333,0,-0.969466129945926,-0.206966354687733
"1990-11-29",1990-11-29,0,316000,-0.223985947089949,4.583333,0.00909076429750999,0,4.583333,0,-1,-0.206966354687733
"1990-11-30",1990-11-30,0.00454560033058926,295200,-0.220458497354499,4.604167,0.0135746596507034,0,4.604167,0,1.49323634476163,-0.163414104685729
"1990-12-03",1990-12-03,0.018099473802753,116400,-0.206349206349208,4.6875,0.03111104,0,4.6875,0,2.29184677925888,0.00862194856955373
"1990-12-04",1990-12-04,0.00444437333333326,355600,-0.202821925925928,4.708333,0.0353980910016346,0,4.708333,0,1.13779838287742,0.0511031688953216
"1990-12-05",1990-12-05,0.0530973488918477,294000,-0.160493883597885,4.958333,0.0840334846409064,0,4.958333,0,2.37395526885972,0.545609679406995
"1990-12-06",1990-12-06,0.0420169440011392,646800,-0.125220402116404,5.166667,0.120967734131114,0,5.166667,0,1.43951824261526,0.938154141861187
"1990-12-07",1990-12-07,-0.0483870936524456,430000,-0.167548444444446,4.916667,0.0762711812697504,4.541667,5.166667,2713,-1.33802832136487,0.46506043736142
"1990-12-10",1990-12-10,0.00847444010342765,178000,-0.160493883597885,4.958333,0.0840334846409064,4.541667,5.166667,0,1.1017724288772,0.545609679406996
"1990-12-11",1990-12-11,-0.0336133131840881,228400,-0.188712465608467,4.791667,0.0521739094139889,4.541667,5.166667,0,-1.17582341069946,0.219005483143314
"1990-12-12",1990-12-12,0.0086955124385729,301200,-0.181657904761906,4.833333,0.0603446938168753,4.541667,5.166667,0,1.1566067119497,0.301775359529085
"1990-12-13",1990-12-13,-0.00862055231865864,98400,-0.188712465608467,4.791667,0.0521739094139889,4.541667,5.166667,0,-1.03883431803205,0.219005483143314
"1990-12-14",1990-12-14,-0.0260869547069945,315600,-0.209876486772488,4.666667,0.0267857123724491,4.541667,5.166667,0,-1.11214956625034,-0.0340673558123499
"1990-12-17",1990-12-17,-0.0446429968112147,415200,-0.24514996825397,4.458333,0,4.458333,4.958333,2719,-1.16806780990059,-0.371441104632722
"1990-12-18",1990-12-18,0.0186917397152704,937600,-0.231040507936509,4.541667,0.0183487692955033,4.458333,4.541667,2719,-0.942445595983748,-0.19498772319866
"1990-12-19",1990-12-19,0.0229356313441737,1040400,-0.213403936507938,4.645833,0.0403587472903137,0,4.645833,0,2.19953429248273,0.0205436779703757
"1990-12-20",1990-12-20,0.0179373645156855,278400,-0.199294476190478,4.729167,0.057268859399552,0,4.729167,0,1.41899496997759,0.189176055971166
"1990-12-21",1990-12-21,0.0220262891963848,763600,-0.181657904761906,4.833333,0.077586212247325,0,4.833333,0,1.35477138991059,0.39550580214372
"1990-12-24",1990-12-24,0.0172415184304497,37200,-0.167548444444446,4.916667,0.0932204682562395,0,4.916667,0,1.20150817466223,0.557202215804809
"1990-12-26",1990-12-26,0.00847444010342765,292000,-0.160493883597885,4.958333,0.100840342913637,0,4.958333,0,1.08174036024419,0.636977169527953
"1990-12-27",1990-12-27,0.00840342913636505,312000,-0.153439153439155,5,0.1083334,0,5,0,1.0743061444444,0.716063622559725
"1990-12-28",1990-12-28,-0.0166665999999999,279600,-0.167548444444446,4.916667,0.0932204682562395,4.458333,5,2727,-1.09195365517241,0.557202215804808
"1990-12-31",1990-12-31,0,137200,-0.167548444444446,4.916667,0.0932204682562395,4.458333,5,0,-1,0.557202215804808
"1991-01-02",1991-01-02,-0.00847464349324458,858400,-0.174603174603176,4.875,0.0854701538461539,4.458333,5,0,-1.04210561418294,0.476717229174294
"1991-01-03",1991-01-03,-0.00854707692307699,530400,-0.181657904761906,4.833333,0.077586212247325,4.458333,5,0,-1.04040436363636,0.39550580214372
"1991-01-04",1991-01-04,-0.0258620707491083,235200,-0.202821925925928,4.708333,0.0530973488918477,4.458333,5,0,-1.11650481817326,0.147322030516606
"1991-01-07",1991-01-07,-0.0309733827237792,536800,-0.227513227513229,4.5625,0.0228311232876713,4.458333,5,0,-1.12173881829876,-0.151444772966648
"1991-01-08",1991-01-08,0.0136986301369863,372000,-0.216931216931218,4.625,0.0360361081081082,4.458333,5,0,1.57837648433038,-0.0221310111574718
"1991-01-09",1991-01-09,0.027027027027027,306000,-0.195767195767197,4.75,0.0614035789473685,4.458333,5,0,1.70394590789766,0.230829153492781
"1991-01-10",1991-01-10,-0.0175437894736841,176400,-0.209876486772488,4.666667,0.0446429968112146,4.458333,5,0,-1.07207178378378,0.0630105889807804
"1991-01-11",1991-01-11,-0.00892864221938277,59200,-0.216931216931218,4.625,0.0360361081081082,4.458333,5,0,-1.0336137233247,-0.0221310111574724
"1991-01-14",1991-01-14,-0.00900908108108115,396400,-0.223985947089949,4.583333,0.0272727292561985,4.458333,5,0,-1.03252058536585,-0.108123342104112
"1991-01-15",1991-01-15,0,54000,-0.223985947089949,4.583333,0.0272727292561985,4.458333,5,0,-1,-0.108123342104112
"1991-01-16",1991-01-16,0.00909098247934426,233200,-0.216931216931218,4.625,0.0360361081081082,4.458333,5,0,1.32132386786768,-0.0221310111574724
"1991-01-17",1991-01-17,0.0180179459459459,620400,-0.202821925925928,4.708333,0.0530973488918477,4.458333,5,0,1.4734484848518,0.147322030516606
"1991-01-18",1991-01-18,-0.00884941655571076,78000,-0.209876486772488,4.666667,0.0446429968112146,4.458333,5,0,-1.03478204249543,0.0630105889807804
"1991-01-21",1991-01-21,0.0178570701530663,366400,-0.195767195767197,4.75,0.0614035789473685,4.458333,5,0,1.37543586527201,0.23082915349278
"1991-01-22",1991-01-22,0.00877200000000007,514000,-0.188712465608467,4.791667,0.0695653516824104,4.458333,5,0,1.13292014691909,0.313550959987577
"1991-01-23",1991-01-23,0.0173912335727837,100800,-0.174603174603176,4.875,0.0854701538461539,4.458333,5,0,1.22863108974643,0.476717229174294
"1991-01-24",1991-01-24,0.00854707692307699,7e+05,-0.167548444444446,4.916667,0.0932204682562395,4.458333,5,0,1.09067860605512,0.557202215804808
"1991-01-25",1991-01-25,0.0254237270899168,1024000,-0.146384423280425,5.041667,0.0950413821460244,4.5625,5.041667,2727,1.01953341282067,0.682155719450816
"1991-01-28",1991-01-28,-0.0082645283792048,6e+05,-0.153439153439155,5,0.0875,4.5625,5.041667,2747,-1.04819317520701,0.602806555843427
"1991-01-29",1991-01-29,0.00833340000000007,421600,-0.146384423280425,5.041667,0.00826452837920477,5,5.041667,2747,-0.954022620689655,0.210408817048941
"1991-01-30",1991-01-30,0.00826433003211027,864000,-0.139329862433864,5.083333,0.0163933781241559,0,5.083333,0,1.98358301550575,0.292950723139345
"1991-01-31",1991-01-31,0.0163935748454805,452400,-0.125220402116404,5.166667,0.0322581269510887,0,5.166667,0,1.96775348599785,0.455900169933188
"1991-02-01",1991-02-01,-0.00806458012486586,396400,-0.132275132275134,5.125,0.024390243902439,5,5.166667,2751,-1.05633850426524,0.374776042349129
"1991-02-04",1991-02-04,0.00813014634146348,313200,-0.125220402116404,5.166667,0.00806458012486588,5.125,5.166667,2751,-0.946666240000001,0.324376263753619
"1991-02-05",1991-02-05,0.0645160603538025,799200,-0.0687830687830703,5.5,0.0681818181818182,0,5.5,0,8.454478364173,0.958004421809396
"1991-02-06",1991-02-06,0.0151514545454545,1182000,-0.0546737777777794,5.583333,0.0820894974381789,0,5.583333,0,1.20397929575996,1.11031368818514
"1991-02-07",1991-02-07,-0.00746256760970541,759600,-0.0617283386243401,5.541667,0.0751880255526001,5.125,5.583333,2755,-1.12903006035606,1.03444420311603
"1991-02-08",1991-02-08,0,1036000,-0.0617283386243401,5.541667,0.0751880255526001,5.125,5.583333,0,-1,1.03444420311603
"1991-02-11",1991-02-11,0,772800,-0.0617283386243401,5.541667,0.0751880255526001,5.125,5.583333,0,-1,1.03444420311603
"1991-02-12",1991-02-12,-0.0112781948103341,976000,-0.0723103492063506,5.479167,0.064638840174063,5.125,5.583333,0,-1.1714287281634,0.919568221725623
"1991-02-13",1991-02-13,-0.0190114665240173,648000,-0.0899470899470913,5.375,0.0465116279069767,5.125,5.583333,0,-1.24390340987583,0.725143864114957
"1991-02-14",1991-02-14,-0.0193799069767443,1570000,-0.107583830687832,5.270833,0.0276679226983666,5.125,5.583333,0,-1.19607905882353,0.52682442030233
"1991-02-15",1991-02-15,0.0355731247793281,1226400,-0.0758377989418005,5.458333,0.0610686449507569,5.125,5.583333,0,2.20720021580667,0.880983139664009
"1991-02-19",1991-02-19,0,1570800,-0.0758377989418005,5.458333,0.0610686449507569,5.125,5.583333,0,-1,0.880983139664009
"1991-02-20",1991-02-20,0.0152672986422779,1092400,-0.0617283386243401,5.541667,0.0751880255526001,5.125,5.583333,0,1.23120507444088,1.03444420311603
"1991-02-21",1991-02-21,0.007518676239478,705600,-0.0546737777777793,5.583333,0.055970152595233,5.270833,5.583333,2755,-0.885716009797497,0.968320524253016
"1991-02-22",1991-02-22,0.0074627467141939,952000,-0.047619047619049,5.625,0.0629630222222223,0,5.625,0,1.12493926320981,1.04468779729223
"1991-02-25",1991-02-25,0,152800,-0.047619047619049,5.625,0.0629630222222223,0,5.625,0,-1,1.04468779729223
"1991-02-26",1991-02-26,0.00370364444444438,478000,-0.0440917671957686,5.645833,0.0664206681281575,0,5.645833,0,1.0549155009385,1.08266010461011
"1991-02-27",1991-02-27,0.00369015519941888,865600,-0.0405643174603189,5.666667,0.0698530547145263,0,5.666667,0,1.05167648388821,1.12049601457367
"1991-02-28",1991-02-28,-0.0147059991349413,91600,-0.0546737777777792,5.583333,0.055970152595233,5.270833,5.666667,2769,-1.3478293535017,0.968320524253016
"1991-03-01",1991-03-01,0.0074627467141939,753600,-0.0476190476190489,5.625,0.0629630222222223,5.270833,5.666667,0,1.12493926320981,1.04468779729223
"1991-03-04",1991-03-04,0.0111111111111111,379600,-0.0370370370370384,5.6875,0.018315076923077,5.583333,5.6875,2769,-0.777777777777786,0.859494413542498
"1991-03-05",1991-03-05,0.018315076923077,1123600,-0.0194002962962978,5.791667,0.0359713360592038,0,5.791667,0,1.96402866394079,1.05135851837765
"1991-03-06",1991-03-06,0.010791366285389,259600,-0.00881828571428722,5.854167,0.0462634564405151,0,5.854167,0,1.28612004748369,1.16483701171804
"1991-03-07",1991-03-07,-0.00355883253757549,166800,-0.0123457354497372,5.833333,0.0428571453061226,5.583333,5.854167,2774,-1.40001536009826,1.12714285630267
"1991-03-08",1991-03-08,0.0071429146938809,108400,-0.0052910052910069,5.875,0.00709225531914903,5.833333,5.875,2774,-0.428569469396782,0.971065188370267
"1991-03-11",1991-03-11,0.00709225531914899,1457200,0,5.916667,0.0140846189248103,0,5.916667,0,1.98591538107517,1.03784153455624
"1991-03-12",1991-03-12,-0.00704230946240516,136800,-0.00704230946240514,5.875,0.00709225531914903,5.833333,5.916667,2777,0,0.961544535314089
"1991-03-13",1991-03-13,0.0212765957446809,380800,0,6,0.0208333333333334,5.875,6,2777,2.93747650018796,1.07452971785879
"1991-03-14",1991-03-14,0,427200,0,6,0.0208333333333334,0,6,0,0,1.07452971785879
"1991-03-15",1991-03-15,0.0208333333333333,268800,0,6.125,0.0408163265306123,0,6.125,0,1.95918367346939,1.18316369952936
"1991-03-18",1991-03-18,-0.0272109387755103,678400,-0.0272109387755102,5.958333,0.0139859588243892,5.875,6.125,2781,0,0.889377766669736
"1991-03-19",1991-03-19,-0.00699289549610593,591600,-0.034013551020408,5.916667,0.00704230946240514,5.875,6.125,0,-1.249995500009,0.814648664943165
"1991-03-20",1991-03-20,-0.00704230946240516,36400,-0.0408163265306122,5.875,0,5.875,5.958333,2783,-1.20000192000307,0.739382327598534
"1991-03-21",1991-03-21,0.0212765957446809,258400,-0.0204081632653061,6,0.0208333333333334,5.875,6,2783,-0.500000000000001,0.963584374876085
"1991-03-22",1991-03-22,0.00347216666666661,57600,-0.0170068571428572,6.020833,0.0242213992648525,0,6.020833,0,1.16262716471292,1.00049358622315
"1991-03-25",1991-03-25,0.010380623412076,179200,-0.00680277551020414,6.083333,0.0342465224244669,0,6.083333,0,1.41389529357876,1.11046605335648
"1991-03-26",1991-03-26,0.027397316569716,154000,0,6.25,0.0600000000000001,0,6.25,0,1.75200270720434,1.2874523219331
"1991-03-27",1991-03-27,-0.0133332799999999,323200,-0.0133332799999999,6.166667,0.0472973487947379,5.875,6.25,2788,0,1.14591262137845
"1991-03-28",1991-03-28,0.00675664828342431,328800,-0.00666672000000001,6.208333,0.0536912243592603,5.875,6.25,0,1.13518465046045,1.21691335203571
"1991-04-01",1991-04-01,0,434800,-0.00666672000000001,6.208333,0.0536912243592603,5.875,6.25,0,-1,1.21691335203571
"1991-04-02",1991-04-02,-0.0134227658213565,291600,-0.02,6.125,0.0408163265306123,5.875,6.25,0,-2.99997600019199,1.0744372634063
"1991-04-03",1991-04-03,0.0170068571428572,605200,-0.00333327999999999,6.229167,0.0568562377602013,5.875,6.25,0,1.39297782512493,1.25224103596551
"1991-04-04",1991-04-04,0.0167223001085056,190800,0,6.333333,0.0328946859418255,6.125,6.333333,2788,0,1.14009911205603
"1991-04-05",1991-04-05,-0.00657884245151792,44400,-0.00657884245151796,6.291667,0.0264901178018481,6.125,6.333333,2794,0,1.06951711393925
"1991-04-08",1991-04-08,-0.0198675486162888,294400,-0.0263156855955623,6.166667,0.00675681044557785,6.125,6.333333,0,-4.00004800076803,0.854944674082269
"1991-04-09",1991-04-09,-0.00675681044557787,203200,-0.0328946859418254,6.125,0,6.125,6.291667,2796,-1.250003000012,0.782446915071859
"1991-04-10",1991-04-10,-0.013605387755102,162400,-0.0460525287396066,6.041667,0,6.041667,6.125,2797,-1.39999903999847,0.710916647348353
"1991-04-11",1991-04-11,0.0344827015457819,744400,-0.0131578427977811,6.25,0.0333332799999999,6.041667,6.25,2797,-0.285713795917246,1.07095318277503
"1991-04-12",1991-04-12,0.02,878400,0,6.375,0.0522875294117646,0,6.375,0,1.56862839215837,1.24552484989497
"1991-04-15",1991-04-15,0.0130718431372548,392800,0,6.458333,0.064516029136311,0,6.458333,0,1.23387029110224,1.31200290960405
"1991-04-16",1991-04-16,0.0129033296982365,208800,0,6.541667,0.0764331171244271,0,6.541667,0,1.18471514982637,1.37678803489968
"1991-04-17",1991-04-17,0.00636932451621266,841600,0,6.583333,0.0822783839128295,0,6.583333,0,1.07647557771178,1.40856478620425
"1991-04-18",1991-04-18,-0.0316455205896466,1120800,-0.0316455205896466,6.375,0.0522875294117646,6.041667,6.583333,2803,0,1.07348961624642
"1991-04-19",1991-04-19,0,120400,-0.0316455205896466,6.375,0.0522875294117646,6.041667,6.583333,0,-1,1.07348961624642
"1991-04-22",1991-04-22,-0.0196078431372549,387600,-0.050632863323183,6.25,0.0333332799999999,6.041667,6.583333,0,-1.60000096000153,0.867226911506772
"1991-04-23",1991-04-23,0.01,230400,-0.0411391919564148,6.3125,0.0429042376237623,6.041667,6.583333,0,1.28712918811957,0.970868369814201
"1991-04-24",1991-04-24,-0.00330027722772272,83200,-0.0443036984457569,6.291667,0.0397350972325776,6.041667,6.583333,0,-1.076921940827,0.936436627165123
"1991-04-25",1991-04-25,-0.0066225691855593,357600,-0.050632863323183,6.25,0.0333332799999999,6.041667,6.583333,0,-1.14285861224826,0.867226911506772
"1991-04-26",1991-04-26,0,496800,-0.050632863323183,6.25,0.0333332799999999,6.041667,6.583333,0,-1,0.867226911506772
"1991-04-29",1991-04-29,0.03,736000,-0.0221518492228784,6.4375,0.0614886213592233,6.041667,6.583333,0,1.84466159223525,1.17512036571241
"1991-04-30",1991-04-30,0.0161812815533981,474000,-0.00632901297868416,6.541667,0.0764331171244271,6.041667,6.583333,0,1.24304489895612,1.34238148363224
"1991-05-01",1991-05-01,0.00636932451621266,950800,0,6.583333,0.050632863323183,6.25,6.583333,2803,0,1.23652955255571
"1991-05-02",1991-05-02,-0.0063290129786841,1137600,-0.00632901297868416,6.541667,0.0445860359446606,6.25,6.583333,2813,0,1.16925050175236
"1991-05-03",1991-05-03,0.00636932451621266,207600,0,6.583333,0.00632901297868405,6.541667,6.583333,2813,0,0.995679564831388
"1991-05-06",1991-05-06,-0.0189873427335363,408000,-0.0189873427335364,6.458333,0,0,6.583333,2815,0,0.858051708220728
"1991-05-07",1991-05-07,-0.00322575500520021,1030000,-0.0221518492228783,6.4375,0,6.4375,6.458333,2816,-1.16666399999999,0.840848432587008
"1991-05-08",1991-05-08,0.00323619417475723,162000,-0.0189873427335364,6.458333,0.00322575500520017,6.4375,6.458333,2816,-0.857144816331019,0.875587950496804
"1991-05-09",1991-05-09,-0.0258063497190373,295200,-0.0443036984457568,6.291667,0,0,6.458333,2818,-2.33332799999998,0.720423851610069
"1991-05-10",1991-05-10,-0.0066225691855593,139200,-0.0506328633231827,6.25,0,6.25,6.291667,2819,-1.14285861224825,0.686016474572184
"1991-05-13",1991-05-13,0,173200,-0.0506328633231827,6.25,0,6.25,6.25,2819,-1,0.686016474572184
"1991-05-14",1991-05-14,0.0133332799999999,358800,-0.0379746854670726,6.333333,0.0131578427977811,0,6.333333,0,-0.750000750000752,0.826360670601018
"1991-05-15",1991-05-15,-0.0296052647160666,308400,-0.0664556995673772,6.145833,0,0,6.333333,2822,-1.75,0.599998444862688
"1991-05-16",1991-05-16,-0.00338977645503867,87600,-0.0696202060567193,6.125,0,6.125,6.145833,2823,-1.04761828571429,0.582795169228966
"1991-05-17",1991-05-17,0.00680277551020414,483600,-0.0632910411792933,6.166667,0.00675681044557785,6.125,6.166667,2823,-0.909090115701904,0.653934742232187
"1991-05-20",1991-05-20,0.02027026917458,118000,-0.044303698445757,6.291667,0.0264901178018481,0,6.291667,0,3.92050628254417,0.864432656663805
"1991-05-21",1991-05-21,0,148800,-0.044303698445757,6.291667,0.0264901178018481,0,6.291667,0,-1,0.864432656663805
"1991-05-22",1991-05-22,-0.0132451383711186,178000,-0.0569620282006092,6.208333,0.0134227658213565,6.125,6.291667,2827,-1.28571722449652,0.724579572067815
"1991-05-23",1991-05-23,0,91600,-0.0569620282006092,6.208333,0.0134227658213565,6.125,6.291667,0,-1,0.724579572067815
"1991-05-24",1991-05-24,0,41200,-0.0569620282006092,6.208333,0.0134227658213565,6.125,6.291667,0,-1,0.724579572067815
"1991-05-28",1991-05-28,0.0134229268951908,644800,-0.044303698445757,6.291667,0.0132451383711186,6.208333,6.291667,2827,-0.777775999999999,0.792428686162489
"1991-05-29",1991-05-29,-0.0066225691855593,1141600,-0.050632863323183,6.25,0.00666672000000001,6.208333,6.291667,2831,-1.14285861224825,0.722258909883696
"1991-05-30",1991-05-30,0.0133332799999999,628000,-0.0379746854670728,6.333333,0.0131578427977811,6.25,6.333333,2831,1.97366063038212,0.826360670601017
"1991-05-31",1991-05-31,0.0131580006925265,681600,-0.0253163557122206,6.416667,0.0259740765727753,0,6.416667,0,1.97403761178508,0.96484859582054
"1991-06-03",1991-06-03,0,152800,-0.0253163557122206,6.416667,0.0259740765727753,0,6.416667,0,-1,0.96484859582054
"1991-06-04",1991-06-04,0.00974025923427225,319200,-0.0158226843454524,6.479167,0.0353698245468901,0,6.479167,0,1.36173559232373,1.06753755808894
"1991-06-05",1991-06-05,0.00321538247123429,805600,-0.0126581778561102,6.5,0.0384615384615384,0,6.5,0,1.08741106166782,1.10154838549525
"1991-06-06",1991-06-06,-0.0128204615384615,109600,-0.0253163557122206,6.416667,0.0259740765727753,6.25,6.5,2837,-2.00000000000001,0.96484859582054
"1991-06-07",1991-06-07,-0.00974025923427225,68400,-0.0348100270789888,6.354167,0.0163934942219807,6.25,6.5,0,-1.375001500006,0.861154814399666
"1991-06-10",1991-06-10,-0.00327879327062079,82000,-0.0379746854670727,6.333333,0.0131578427977811,6.25,6.5,0,-1.09091226447204,0.826360670601017
"1991-06-11",1991-06-11,0.0131580006925265,626400,-0.0253163557122205,6.416667,0.0259740765727753,6.25,6.5,0,1.97403761178508,0.964848595820541
"1991-06-12",1991-06-12,-0.016233817338503,109200,-0.0411391919564148,6.3125,0.00990099009900991,6.25,6.5,0,-1.62500450001801,0.791452095621539
"1991-06-13",1991-06-13,-0.00330027722772272,97600,-0.0443036984457569,6.291667,0.00662256918555926,6.25,6.5,0,-1.076921940827,0.756426268886279
"1991-06-14",1991-06-14,0,616000,-0.0443036984457569,6.291667,0.00662256918555926,6.25,6.5,0,-1,0.756426268886279
"1991-06-17",1991-06-17,0,246400,-0.0443036984457569,6.291667,0.00662256918555926,6.25,6.5,0,-1,0.756426268886279
"1991-06-18",1991-06-18,0.00662241024517021,222400,-0.0379746854670728,6.333333,0.0131578427977811,6.25,6.5,0,1.9868184731799,0.826360670601017
"1991-06-19",1991-06-19,-0.00657884245151792,466800,-0.044303698445757,6.291667,0.00662256918555926,6.25,6.5,0,-1.166664,0.756426268886278
"1991-06-20",1991-06-20,-0.0066225691855593,648000,-0.050632863323183,6.25,0,6.25,6.416667,2847,-1.14285861224825,0.686016474572183
"1991-06-21",1991-06-21,0.00666672000000005,124800,-0.0443036984457569,6.291667,0.00662256918555926,6.25,6.291667,2847,-0.874998874998875,0.756426268886279
"1991-06-24",1991-06-24,-0.0066225691855593,68400,-0.0506328633231828,6.25,0,0,6.291667,2849,-1.14285861224825,0.686016474572183
"1991-06-25",1991-06-25,0,494400,-0.0506328633231828,6.25,0,6.25,6.25,2849,-1,0.686016474572183
"1991-06-26",1991-06-26,-0.00666672000000005,1186000,-0.056962028200609,6.208333,0,0,6.25,2851,-1.12500112500113,0.651609097534296
"1991-06-27",1991-06-27,0.00671146344759541,127600,-0.050632863323183,6.25,0.00666672000000001,6.208333,6.25,2851,-0.888888,0.722258909883696
"1991-06-28",1991-06-28,0.0133332799999999,428800,-0.0379746854670727,6.333333,0.0197368431440443,0,6.333333,0,2.96050278758434,0.862126233646093
"1991-07-01",1991-07-01,0.0394736862880888,590800,-2.22044604925031e-16,6.583333,0.056962028200609,0,6.583333,0,2.88607594359879,1.27093692959359
"1991-07-02",1991-07-02,0.0189873427335363,812400,0,6.708333,0.0745341651942443,0,6.708333,0,1.30848861160192,1.36646472111279
"1991-07-03",1991-07-03,-0.00621108105396666,527200,-0.00621108105396673,6.666667,0.0687500965624953,6.208333,6.708333,2856,0,1.30125522730827
"1991-07-05",1991-07-05,-0.00625004968749757,148000,-0.0124223111762639,6.625,0.0628931320754718,6.208333,6.708333,0,-2.00002400038402,1.23564863779273
"1991-07-08",1991-07-08,0.0188679245283019,469200,0,6.75,0.0185185185185185,6.625,6.75,2856,0,1.06194563960381
"1991-07-09",1991-07-09,0.00308637037037032,291600,0,6.770833,0.021538413368045,0,6.770833,0,1.16307432187443,1.07836275982658
"1991-07-10",1991-07-10,-0.00307687399763067,592800,-0.00307687399763057,6.75,0.0185185185185185,6.625,6.770833,2860,0,1.0452187623957
"1991-07-11",1991-07-11,0.00308637037037032,379200,0,6.770833,0.00307687399763068,6.75,6.770833,2860,0,0.977999890772049
"1991-07-12",1991-07-12,0.00307702168994578,186000,0,6.791667,0.00613501810380279,0,6.791667,0,1.99391268817865,0.994624946262789
"1991-07-15",1991-07-15,0.012269888968349,385600,0,6.875,0.0181818181818182,0,6.875,0,2.96361280018851,1.06011522822126
"1991-07-16",1991-07-16,0.0121211636363636,642400,0,6.958333,0.0299400732905424,0,6.958333,0,1.64670403097983,1.12403688687113
"1991-07-17",1991-07-17,0.0359281454336836,1634400,0,7.208333,0.0635837717264172,0,7.208333,0,2.12370127185034,1.30693485831769
"1991-07-18",1991-07-18,-0.0173410412643256,898000,-0.0173410412643255,7.083333,0.047058778685119,6.75,7.208333,2866,0,1.12282819753412
"1991-07-19",1991-07-19,0,897600,-0.0173410412643255,7.083333,0.047058778685119,6.75,7.208333,0,-1,1.12282819753412
"1991-07-22",1991-07-22,-0.0117646593771604,866400,-0.0289016891977658,7,0.0357142857142857,6.75,7.208333,0,-1.66666400000001,0.998308480563221
"1991-07-23",1991-07-23,0,446400,-0.0289016891977658,7,0.0357142857142857,6.75,7.208333,0,-1,0.998308480563221
"1991-07-24",1991-07-24,-0.00892857142857143,876400,-0.0375722098299287,6.9375,0.027027027027027,6.75,7.208333,0,-1.30000048000077,0.903946006342665
"1991-07-25",1991-07-25,0.00300295495495491,688000,-0.0346820825286511,6.958333,0.0299400732905424,6.75,7.208333,0,1.10778271175007,0.935493925337837
"1991-07-26",1991-07-26,0.0179640727168418,403200,-0.0173410412643257,7.083333,0.047058778685119,6.75,7.208333,0,1.57176564761397,1.12282819753412
"1991-07-29",1991-07-29,-0.00588225910034151,250800,-0.0231212958668807,7.041667,0.0414201637197557,6.75,7.208333,0,-1.33332799999999,1.06075154790043
"1991-07-30",1991-07-30,0.00887573922481708,575200,-0.0144507752347178,7.104167,0.0498534170156755,6.75,7.208333,0,1.20360260652223,1.15373316707317
"1991-07-31",1991-07-31,0.0439882677307558,895200,0,7.416667,0.0646067836131783,6.9375,7.416667,2866,1.29593491240257,1.31249628014565
"1991-08-01",1991-08-01,-0.00842696591339479,489600,-0.00842696591339476,7.354167,0.0566572665537783,6.9375,7.416667,2876,0,1.22346844865256
"1991-08-02",1991-08-02,0.0084985831842002,482800,0,7.416667,0.00842696591339476,7.354167,7.416667,2876,0,1.00708471211864
"1991-08-05",1991-08-05,-0.0252808977401844,572400,-0.0252808977401843,7.229167,0,0,7.416667,2878,0,0.823837917899868
"1991-08-06",1991-08-06,-0.00288193646653905,238800,-0.0280899762656192,7.208333,0,7.208333,7.229167,2879,-1.11111466666668,0.808566863056851
"1991-08-07",1991-08-07,0.0115607866617706,494400,-0.0168539318267896,7.291667,0.0114286623346899,7.208333,7.291667,2879,-0.599998080006143,0.931779502719789
"1991-08-08",1991-08-08,0.00857142817959185,556800,-0.00842696591339476,7.354167,0.0198301180813545,0,7.354167,0,1.73512153046672,1.0232642183535
"1991-08-09",1991-08-09,0.00283281573562304,436800,-0.00561802221941476,7.375,0.0225989152542373,0,7.375,0,1.13962585404301,1.0535866126571
"1991-08-12",1991-08-12,0.0112993898305084,530800,0,7.458333,0.0335195545707063,0,7.458333,0,1.48323732327911,1.1434960990092
"1991-08-13",1991-08-13,0.0167597772853532,971200,0,7.583333,0.0494505516242001,0,7.583333,0,1.4752747241879,1.23010212568486
"1991-08-14",1991-08-14,0.0164835172080667,396000,0,7.708333,0.0648648676698321,0,7.708333,0,1.31171171077672,1.31389930813065
"1991-08-15",1991-08-15,-0.00810810845872901,890400,-0.00810810845872911,7.645833,0.0572207109415024,7.208333,7.708333,2886,0,1.22826492539795
"1991-08-16",1991-08-16,0,784800,-0.00810810845872911,7.645833,0.0572207109415024,7.208333,7.708333,0,-1,1.22826492539795
"1991-08-19",1991-08-19,-0.0381470534342039,384400,-0.0459458614463074,7.354167,0.0198301180813545,7.208333,7.708333,0,-5.66665599999992,0.819299428425167
"1991-08-20",1991-08-20,-0.00283295171295412,240000,-0.0486486507523741,7.333333,0.0170454553202479,7.208333,7.708333,0,-1.0588255224951,0.789467873092176
"1991-08-21",1991-08-21,0.0511363659607439,316800,0,7.708333,0.0486486507523741,7.333333,7.708333,2886,2.85405404774289,1.22574273448898
"1991-08-22",1991-08-22,0.00540544888239783,238800,0,7.75,0.0537634838709677,0,7.75,0,1.10513823178013,1.25354861330642
"1991-08-23",1991-08-23,-0.00537638709677424,314400,-0.00537638709677424,7.708333,0.0486486507523741,7.333333,7.75,2892,0,1.19651496407647
"1991-08-26",1991-08-26,0.00540544888239783,491200,0,7.75,0.00537638709677424,7.708333,7.75,2892,0,0.990500783976456
"1991-08-27",1991-08-27,0.0107526451612903,304000,0,7.833333,0.015957447487551,0,7.833333,0,2.96806148819256,1.04802283331105
"1991-08-28",1991-08-28,0.015957447487551,572800,0,7.958333,0.0314136138811985,0,7.958333,0,1.96858638611879,1.13204752771636
"1991-08-29",1991-08-29,-0.0104711627422476,214800,-0.0104711627422477,7.875,0.0211640634920636,7.708333,7.958333,2896,0,1.01940306308119
"1991-08-30",1991-08-30,0.0105819682539682,149200,0,7.958333,0.0104711627422476,7.875,7.958333,2896,0,1.0181976239154
"1991-09-03",1991-09-03,0.00261788492640364,875200,0,7.979167,0.01305487151729,0,7.979167,0,1.24674516466238,1.03224349626991
"1991-09-04",1991-09-04,-0.00261104949927739,126400,-0.00261104949927726,7.958333,0.0104711627422476,7.875,7.979167,2899,0,1.00400311858553
"1991-09-05",1991-09-05,-0.0104711627422476,493200,-0.0130548715172899,7.875,0,7.875,7.958333,2900,-4.99985600460791,0.890302530857982
"1991-09-06",1991-09-06,0.00529104761904766,210400,-0.00783289784510066,7.916667,0.00526319977839163,7.875,7.916667,2900,-0.599998080006131,0.947303307928667
"1991-09-09",1991-09-09,-0.0105263995567833,56400,-0.0182768451894789,7.833333,0,0,7.916667,2902,-2.33334400000005,0.861914201512706
"1991-09-10",1991-09-10,-0.0132977877999058,1273600,-0.0313315913804032,7.729167,0,7.729167,7.833333,2903,-1.71427787758684,0.790944400121197
"1991-09-11",1991-09-11,-0.00808625302053895,594000,-0.0391644892255042,7.666667,0,7.666667,7.729167,2904,-1.25000000000001,0.748362246760509
"1991-09-12",1991-09-12,0.0108695212665425,1008400,-0.0287206672074916,7.75,0.0107526451612903,7.666667,7.75,2904,-0.733334399999999,0.863593063500751
"1991-09-13",1991-09-13,0.00537638709677424,535600,-0.0234986935353024,7.791667,0.0160427800623409,0,7.791667,0,1.49198451373577,0.920740268566098
"1991-09-16",1991-09-16,-0.00534763613486053,757600,-0.0287206672074916,7.75,0.0107526451612903,7.666667,7.791667,2907,-1.222224,0.863593063500751
"1991-09-17",1991-09-17,0.00268812903225802,158800,-0.0261097430345797,7.770833,0.0134047405213829,7.666667,7.791667,0,1.24664585507203,0.89220453135423
"1991-09-18",1991-09-18,0,196800,-0.0261097430345797,7.770833,0.0134047405213829,7.666667,7.791667,0,-1,0.89220453135423
"1991-09-19",1991-09-19,0.00268105105334276,160000,-0.0234986935353024,7.791667,0.00534763613486056,7.75,7.791667,2907,-0.899997120009217,0.862598024413196
"1991-09-20",1991-09-20,0.0106951439274804,427200,-0.0130548715172896,7.875,0.0158730158730159,0,7.875,0,2.96823034939527,0.976593353177866
"1991-09-23",1991-09-23,0.0105819682539682,272800,-0.00261104949927693,7.958333,0.0261779696828468,0,7.958333,0,1.64921209001934,1.08939037566174
"1991-09-24",1991-09-24,-0.0104711627422476,90000,-0.0130548715172896,7.875,0.0158730158730159,7.75,7.958333,2913,-4.99985600460842,0.976593353177866
"1991-09-25",1991-09-25,0.00793650793650794,476800,-0.00522197367218857,7.9375,0.0236220472440944,7.75,7.958333,0,1.48818897637795,1.06130173475771
"1991-09-26",1991-09-26,0.0052493858267717,80800,0,7.979167,0.01305487151729,7.875,7.979167,2913,0,1.03224349626991
"1991-09-27",1991-09-27,0.00783289784510087,161200,0,8.041667,0.0207254291927284,0,8.041667,0,1.5875628622832,1.07394311622625
"1991-09-30",1991-09-30,0.0207253048404018,404400,0,8.208333,0.0406090980958009,0,8.208333,0,1.9593851455703,1.18203713907034
"1991-10-01",1991-10-01,-0.00507606111983996,696000,-0.00507606111983994,8.166667,0.0357143250728847,7.875,8.208333,2918,0,1.12783247599454
"1991-10-02",1991-10-02,0.010204040399835,323200,0,8.25,0.0101009696969696,8.166667,8.25,2918,0,1.01618513539087
"1991-10-03",1991-10-03,0.0050505454545455,444400,0,8.291667,0.0150753762783769,0,8.291667,0,1.49246822143221,1.04322761036204
"1991-10-04",1991-10-04,0.00502504502411871,205200,0,8.333333,0.0199999207999968,0,8.333333,0,1.32666146639957,1.06999901913029
"1991-10-07",1991-10-07,-0.0150000006,264000,-0.0150000006000002,8.208333,0.00507606111983994,8.166667,8.333333,2922,0,0.907323284965011
"1991-10-08",1991-10-08,0.0101523658945124,174400,-0.00499992019999695,8.291667,0.0150753762783769,8.166667,8.333333,0,2.96989652458169,1.01604643514977
"1991-10-09",1991-10-09,0,358000,-0.00499992019999695,8.291667,0.0150753762783769,8.166667,8.333333,0,-1,1.01604643514977
"1991-10-10",1991-10-10,0,360000,-0.00499992019999695,8.291667,0.0150753762783769,8.166667,8.333333,0,-1,1.01604643514977
"1991-10-11",1991-10-11,0.0201004213024955,729600,0,8.458333,0.0295566514110995,8.208333,8.458333,2922,1.96059128908734,1.12195248214696
"1991-10-14",1991-10-14,0.0147783257055498,547600,0,8.583333,0.0436893220850222,0,8.583333,0,1.47815533895749,1.19878222791077
"1991-10-15",1991-10-15,-0.0194173988123261,832800,-0.019417398812326,8.416667,0.0247525534751465,8.208333,8.583333,2928,0,0.990276631196633
"1991-10-16",1991-10-16,-0.0247525534751465,1402800,-0.0436893220850221,8.208333,0,8.208333,8.416667,2929,-2.25000900003602,0.723763799217116
"1991-10-17",1991-10-17,-0.0355329151485447,1314000,-0.0776698282590224,7.916667,0,7.916667,8.208333,2930,-1.777776,0.539034832519296
"1991-10-18",1991-10-18,0,728800,-0.0776698282590224,7.916667,0,7.916667,7.916667,2930,-1,0.539034832519296
"1991-10-21",1991-10-21,-0.0105263995567833,369600,-0.0873786441700444,7.833333,0,0,7.916667,2932,-1.12500112500113,0.486254584870286
"1991-10-22",1991-10-22,0.00531919171571033,976800,-0.0825242362145333,7.875,0.00529104761904764,7.833333,7.875,2932,-0.944443999999999,0.541408546243612
"1991-10-23",1991-10-23,0.0158730158730159,527200,-0.0679611288528594,8,0.020833375,0,8,0,3.93747637518899,0.705071377618654
"1991-10-24",1991-10-24,0.00260412499999996,277200,-0.0655339831275333,8.020833,0.0233766243481195,0,8.020833,0,1.12207572455828,0.73209204474162
"1991-10-25",1991-10-25,-0.00259736114690328,91200,-0.0679611288528592,8,0.020833375,7.833333,8.020833,2936,-1.03703644444444,0.705071377618656
"1991-10-28",1991-10-28,-0.010416625,211600,-0.0776698282590224,7.916667,0.0105263995567833,7.833333,8.020833,0,-1.14285665306095,0.596259727970112
"1991-10-29",1991-10-29,0.0184210097506943,1136400,-0.0606795751720223,8.0625,0.0180878139534884,7.916667,8.0625,2936,1.71832865130343,0.729730493289185
"1991-10-30",1991-10-30,0.0180878139534883,297600,-0.0436893220850223,8.208333,0.0355329151485447,0,8.208333,0,1.96446708485145,0.916932160675318
"1991-10-31",1991-10-31,-0.0101522440670962,251200,-0.0533980214911852,8.125,0.0256409846153846,7.916667,8.208333,2940,-1.22222133333333,0.810376828721849
"1991-11-01",1991-11-01,0.0102563692307692,358000,-0.0436893220850223,8.208333,0.0101522440670961,8.125,8.208333,2940,-0.818182413223576,0.778954665020453
"1991-11-04",1991-11-04,-0.00507606111983996,549600,-0.0485436135356743,8.166667,0.00510208142440494,8.125,8.208333,2942,-1.11110933333333,0.725110865254774
"1991-11-05",1991-11-05,-0.0153061218242399,1202400,-0.0631067208973484,8.041667,0,8.041667,8.166667,2943,-1.30000048000077,0.618204570634906
"1991-11-06",1991-11-06,0.00518126403393716,615600,-0.0582524294466962,8.083333,0.0051545569135899,8.041667,8.083333,2943,-0.923078059172994,0.672615891251909
"1991-11-07",1991-11-07,0,561600,-0.0582524294466962,8.083333,0.0051545569135899,0,8.083333,0,-1,0.672615891251909
"1991-11-08",1991-11-08,-0.00515455691358989,334000,-0.0631067208973483,8.041667,0,0,8.083333,2946,-1.083332,0.618204570634906
"1991-11-11",1991-11-11,0,530800,-0.0631067208973483,8.041667,0,8.041667,8.041667,2946,-1,0.618204570634906
"1991-11-12",1991-11-12,-0.0207254291927284,442000,-0.0825242362145333,7.875,0,0,8.041667,2948,-1.30769330177637,0.512644708694791
"1991-11-13",1991-11-13,0.0105819682539682,571200,-0.0728155368083703,7.958333,0.0104711627422476,7.875,7.958333,2948,-0.88235335640158,0.622348933337349
"1991-11-14",1991-11-14,-0.00523551854389598,280800,-0.0776698282590221,7.916667,0.00526319977839163,7.875,7.958333,2950,-1.0666656,0.567647280244705
"1991-11-15",1991-11-15,-0.0473684190581718,746400,-0.121359150344044,7.541667,0,7.541667,7.916667,2951,-1.56250056250057,0.301525618172467
"1991-11-18",1991-11-18,0.0386739430420356,507600,-0.0873786441700443,7.833333,0.0372339590312322,7.541667,7.833333,2951,-0.720000460800295,0.688670368281166
"1991-11-19",1991-11-19,-0.0212765115436813,514000,-0.10679604298237,7.666667,0.0163043471172023,7.541667,7.833333,2953,-1.22222133333333,0.469331034056405
"1991-11-20",1991-11-20,-0.0108696517013196,483600,-0.116504858893392,7.583333,0.00549441782393034,7.541667,7.833333,0,-1.0909098842981,0.357784532067413
"1991-11-21",1991-11-21,0.0109890993841363,163200,-0.10679604298237,7.666667,0.0163043471172023,7.541667,7.833333,0,2.96743852391248,0.469331034056405
"1991-11-22",1991-11-22,-0.00815217355860115,192400,-0.114077596663207,7.604167,0.00821917772189906,7.541667,7.833333,0,-1.06818186776863,0.385792582308475
"1991-11-25",1991-11-25,0,510000,-0.114077596663207,7.604167,0.00821917772189906,7.541667,7.833333,0,-1,0.385792582308475
"1991-11-26",1991-11-26,0.0136985418652693,411600,-0.101941751531718,7.708333,0.0216215360701204,7.541667,7.833333,0,2.63062033717951,0.524626474775187
"1991-11-27",1991-11-27,0.00810810845872901,147600,-0.0946601978508812,7.770833,0.0294905320961085,7.541667,7.833333,0,1.36394250623398,0.6069897385216
"1991-11-29",1991-11-29,0.00804289578736282,151600,-0.0873786441700443,7.833333,0.0319148949751019,7.583333,7.833333,2953,1.08220817688513,0.659754224364502
"1991-12-02",1991-12-02,0.00265965968764518,445200,-0.0849513819398591,7.854167,0.0344828420378636,0,7.854167,0,1.08046233787594,0.686909789570045
"1991-12-03",1991-12-03,0.00795755934397626,75600,-0.0776698282590221,7.916667,0.0421053455955644,0,7.916667,0,1.2210520684267,0.767933040936055
"1991-12-04",1991-12-04,-0.0078947365096953,370000,-0.0849513819398593,7.854167,0.0344828420378636,7.583333,7.916667,2963,-1.0937500937501,0.686909789570044
"1991-12-05",1991-12-05,0.00530495468201775,99600,-0.0800970904892071,7.895833,0.0395778380824418,7.583333,7.916667,0,1.14775452786008,0.740997318136046
"1991-12-06",1991-12-06,-0.00263848032246878,337200,-0.0825242362145332,7.875,0.0370370793650794,7.583333,7.916667,0,-1.03030254545455,0.713990190883377
"1991-12-09",1991-12-09,-0.00529104761904766,364000,-0.0873786441700443,7.833333,0.0319148949751019,7.583333,7.916667,0,-1.0588240276819,0.659754224364502
"1991-12-10",1991-12-10,-0.015957447487551,880800,-0.101941751531718,7.708333,0.016216216917458,7.583333,7.916667,0,-1.16666666666667,0.495241420396354
"1991-12-11",1991-12-11,0.00270278930606665,613200,-0.0995144893015332,7.729167,0.0188680099679566,7.583333,7.916667,0,1.16352723104263,0.522852799373389
"1991-12-12",1991-12-12,0.0242587590616169,1328800,-0.0776698282590221,7.916667,0.0263158725761738,7.708333,7.916667,2963,1.39473493075666,0.682096384453084
"1991-12-13",1991-12-13,0.0131578099723027,896800,-0.0655339831275331,8.020833,0.0389610405801991,0,8.020833,0,1.48051486673765,0.816813946540234
"1991-12-16",1991-12-16,0.0129870550851764,1102000,-0.0533980214911852,8.125,0.0512820923076923,0,8.125,0,1.31624031452987,0.949770141603448
"1991-12-17",1991-12-17,-0.0102563692307692,152400,-0.0631067208973483,8.041667,0.0414508583854567,7.708333,8.125,2972,-1.18181758677643,0.843544775959507
"1991-12-18",1991-12-18,0,281200,-0.0631067208973483,8.041667,0.0414508583854567,7.708333,8.125,0,-1,0.843544775959507
"1991-12-19",1991-12-19,0.00518126403393716,87600,-0.0582524294466961,8.083333,0.0463917544903816,7.708333,8.125,0,1.11919888507444,0.896794567663245
"1991-12-20",1991-12-20,0,456400,-0.0582524294466961,8.083333,0.0463917544903816,7.708333,8.125,0,-1,0.896794567663245
"1991-12-23",1991-12-23,0.0103093612498707,740400,-0.0485436135356742,8.166667,0.01530612182424,8.041667,8.166667,2972,-0.833332000000001,0.78058331259126
"1991-12-24",1991-12-24,0.017857101311955,642000,-0.031553360448674,8.3125,0.0325814135338346,0,8.3125,0,2.12865243776096,0.966861840968686
"1991-12-26",1991-12-26,0.00501257142857147,248800,-0.0266989524931631,8.354167,0.0374064822979957,0,8.354167,0,1.14809267741409,1.01948259133198
"1991-12-27",1991-12-27,0.00249372558628522,562800,-0.0242718067678371,8.375,0.0398009552238806,0,8.375,0,1.06401224543943,1.04569446194651
"1991-12-30",1991-12-30,0,1112800,-0.0242718067678371,8.375,0.0398009552238806,0,8.375,0,-1,1.04569446194651
"1991-12-31",1991-12-31,-0.00746268656716418,626800,-0.0315533604486741,8.3125,0.0325814135338346,8.041667,8.375,2981,-1.30000048000076,0.966861840968686
"1992-01-02",1992-01-02,0.00250622556390973,2024800,-0.0291262147233482,8.333333,0.0349999213999967,8.041667,8.375,0,1.07422967894412,0.993204373253153
"1992-01-03",1992-01-03,0.0175000807000033,642000,-0.012135845131489,8.479167,0.0196560581953392,8.3125,8.479167,2981,-0.416663999999995,1.00215531182987
"1992-01-06",1992-01-06,0.00245696304837488,538000,-0.00970869940616303,8.5,0.0220588235294118,0,8.5,0,1.12224044669558,1.02841226264385
"1992-01-07",1992-01-07,0,1420000,-0.00970869940616303,8.5,0.0220588235294118,0,8.5,0,-1,1.02841226264385
"1992-01-08",1992-01-08,0.0196078823529412,702000,0,8.666667,0.0408654215051761,0,8.666667,0,1.85256577490132,1.18343059561015
"1992-01-09",1992-01-09,0,632800,0,8.666667,0.0408654215051761,0,8.666667,0,0,1.18343059561015
"1992-01-10",1992-01-10,-0.00961546116863619,310000,-0.00961546116863632,8.583333,0.0315533604486742,8.3125,8.666667,2988,0,1.08053449380119
"1992-01-13",1992-01-13,0.0242719232726961,283200,0,8.791667,0.0236967573953837,8.583333,8.791667,2988,0,1.09009621252758
"1992-01-14",1992-01-14,0,293200,0,8.791667,0.0236967573953837,0,8.791667,0,0,1.09009621252758
"1992-01-15",1992-01-15,0,238000,0,8.791667,0.0236967573953837,0,8.791667,0,0,1.09009621252758
"1992-01-16",1992-01-16,-0.0189573831674926,492000,-0.0189573831674926,8.625,0.00483095652173915,8.583333,8.791667,2992,0,0.884477212346621
"1992-01-17",1992-01-17,-0.00483095652173917,132400,-0.0236967573953837,8.583333,0,8.583333,8.625,2993,-1.250001499997,0.832449814600313
"1992-01-20",1992-01-20,-0.00485429145065202,146400,-0.0284360178792031,8.541667,0,8.541667,8.583333,2994,-1.19999616001229,0.806685669487088
"1992-01-21",1992-01-21,-0.039024466769777,764800,-0.0663507842141883,8.208333,0,8.208333,8.541667,2995,-2.333336,0.600568798485029
"1992-01-22",1992-01-22,0.0152284270143524,582000,-0.0521327752745868,8.333333,0.0150000006000001,8.208333,8.333333,2995,-0.785714530611966,0.759407300877539
"1992-01-23",1992-01-23,0.0225000009,719200,-0.0308057618651844,8.520833,0.0366748180606286,0,8.520833,0,2.44498777290905,0.993179091740773
"1992-01-24",1992-01-24,-0.00733496361212572,634000,-0.0379147663349853,8.458333,0.0295566514110995,8.208333,8.520833,2998,-1.2307686627233,0.915835611144896
"1992-01-27",1992-01-27,0.00492614797738518,484000,-0.0331753921070942,8.5,0.0343137647058824,8.208333,8.520833,0,1.160948993464,0.967461573346264
"1992-01-28",1992-01-28,0.00980388235294114,669600,-0.0236967573953836,8.583333,0.0145631073616741,8.458333,8.583333,2998,-0.714287183671788,0.911619552715924
"1992-01-29",1992-01-29,0.00485440795551103,690400,-0.0189573831674925,8.625,0.0193237101449276,0,8.625,0,1.32689471175513,0.963264484899557
"1992-01-30",1992-01-30,-0.0144927536231884,295600,-0.0331753921070941,8.5,0.00490200000000007,8.458333,8.625,3002,-1.749998500003,0.807569755518248
"1992-01-31",1992-01-31,-0.00490200000000004,294400,-0.0379147663349851,8.458333,0,8.458333,8.5,3003,-1.14285812244786,0.755156142561886
"1992-02-03",1992-02-03,0.00492614797738518,273600,-0.0331753921070941,8.5,0.00490200000000007,8.458333,8.5,3003,-0.874999250001499,0.807569755518248
"1992-02-04",1992-02-04,-0.00490200000000004,451600,-0.0379147663349851,8.458333,0,0,8.5,3005,-1.14285812244786,0.755156142561886
"1992-02-05",1992-02-05,0,302400,-0.0379147663349851,8.458333,0,8.458333,8.458333,3005,-1,0.755156142561886
"1992-02-06",1992-02-06,0.00985229595477037,404800,-0.028436017879203,8.541667,0.00975617522902739,0,8.541667,0,-0.749998500002998,0.859723377629296
"1992-02-07",1992-02-07,0.0195121163117222,544000,-0.009478748455782,8.708333,0.0287081350701679,0,8.708333,0,2.94256041904137,1.06581014733467
"1992-02-10",1992-02-10,0,704800,-0.009478748455782,8.708333,0.0287081350701679,0,8.708333,0,-1,1.06581014733467
"1992-02-11",1992-02-11,-0.00239230631166719,685600,-0.0118483786976916,8.6875,0.0263789352517986,8.458333,8.708333,3010,-1.24999400004799,1.04026579501457
"1992-02-12",1992-02-12,0.00239804316546759,1531600,-0.009478748455782,8.708333,0.0023923063116672,8.6875,8.708333,3010,-0.800003839987721,0.922748833607855
"1992-02-13",1992-02-13,0,497200,-0.009478748455782,8.708333,0.0023923063116672,0,8.708333,0,-1,0.922748833607855
"1992-02-14",1992-02-14,-0.0143540675350839,217600,-0.0236967573953836,8.583333,0,0,8.708333,3013,-2.49998800009601,0.832449814600314
"1992-02-18",1992-02-18,-0.00485429145065202,454800,-0.028436017879203,8.541667,0,8.541667,8.583333,3014,-1.19999616001229,0.806685669487089
"1992-02-19",1992-02-19,-0.0219512186555622,318000,-0.0497630312886053,8.354167,0,8.354167,8.541667,3015,-1.75,0.690745161429447
"1992-02-20",1992-02-20,0.00997502204588437,596400,-0.0402843965768948,8.4375,0.00987650370370363,8.354167,8.4375,3015,-0.809524571428571,0.795965922458265
"1992-02-21",1992-02-21,0.00740740740740741,345600,-0.0331753921070941,8.5,0.0171568235294117,0,8.5,0,1.73713533089427,0.87419091990174
"1992-02-24",1992-02-24,-0.00735294117647059,84000,-0.0402843965768949,8.4375,0.00987650370370363,8.354167,8.5,3018,-1.21428546938804,0.795965922458264
"1992-02-25",1992-02-25,0.00246909629629626,162400,-0.0379147663349851,8.458333,0.0123151926035543,8.354167,8.5,0,1.24691823878284,0.822105492659557
"1992-02-26",1992-02-26,0.0147783257055498,563200,-0.0236967573953836,8.583333,0.0169902530870001,8.4375,8.583333,3018,1.37961732584649,0.924814297949224
"1992-02-27",1992-02-27,0.0218446610425111,1279600,-0.00236974398598111,8.770833,0.0380047140334333,0,8.770833,0,2.23685390905167,1.1549961782945
"1992-02-28",1992-02-28,0.00237537301189074,170800,0,8.791667,0.040284396576895,0,8.791667,0,1.05998420462936,1.18027195712262
"1992-03-02",1992-03-02,0.0142180089396016,176800,0,8.916667,0.0537383531312765,0,8.916667,0,1.33397438456601,1.25341199451823
"1992-03-03",1992-03-03,-0.0140186910647218,353200,-0.0140186910647219,8.791667,0.040284396576895,8.4375,8.916667,3024,0,1.10406184119375
"1992-03-04",1992-03-04,0.0142180089396016,274800,0,8.916667,0.0140186910647219,8.791667,8.916667,3024,0,1.03748312949281
"1992-03-05",1992-03-05,-0.0280373821294437,228000,-0.0280373821294435,8.666667,0,0,8.916667,3026,0,0.808852781706219
"1992-03-06",1992-03-06,-0.0144230763683432,324000,-0.0420560731941654,8.541667,0,8.541667,8.666667,3027,-1.5,0.732642665777355
"1992-03-09",1992-03-09,-0.00975617522902739,660400,-0.0514019420036657,8.458333,0,8.458333,8.541667,3028,-1.222224,0.681835515370827
"1992-03-10",1992-03-10,-0.00246301487538971,181600,-0.0537383531312764,8.4375,0,8.4375,8.458333,3029,-1.04545375206727,0.66913403260966
"1992-03-11",1992-03-11,0,157600,-0.0537383531312764,8.4375,0,8.4375,8.4375,3029,-1,0.66913403260966
"1992-03-12",1992-03-12,-0.00740740740740741,924400,-0.0607476986636374,8.375,0,0,8.4375,3031,-1.13043469187152,0.631028974645227
"1992-03-13",1992-03-13,0.0199005373134329,941200,-0.0420560731941654,8.541667,0.0195122333848885,8.375,8.541667,3031,-0.69230726627245,0.838717445614363
"1992-03-16",1992-03-16,-0.00487808761451369,310800,-0.0467290075989155,8.5,0.0147058823529411,8.375,8.541667,3033,-1.111112,0.787184999488099
"1992-03-17",1992-03-17,0.00980388235294114,109600,-0.0373832509389438,8.583333,0.00970869940616303,8.5,8.583333,3033,-0.800000959999231,0.810825245590796
"1992-03-18",1992-03-18,-0.00485429145065202,186000,-0.0420560731941654,8.541667,0.00487808761451369,8.5,8.583333,3035,-1.1249977500045,0.759161519848458
"1992-03-19",1992-03-19,-0.00243910234383999,432000,-0.0443925964713047,8.520833,0.00244494875090262,8.5,8.583333,0,-1.05555733333333,0.733232101544717
"1992-03-20",1992-03-20,-0.00733496361212572,380400,-0.0514019420036657,8.458333,0,8.458333,8.541667,3037,-1.15789447091458,0.681835515370827
"1992-03-23",1992-03-23,0,97200,-0.0514019420036657,8.458333,0,8.458333,8.458333,3037,-1,0.681835515370827
"1992-03-24",1992-03-24,-0.00492602975077942,238800,-0.0560747642588872,8.416667,0,0,8.458333,3039,-1.09090750413454,0.656432549848491
"1992-03-25",1992-03-25,-0.00990106891480923,387600,-0.0654206330683875,8.333333,0,8.333333,8.416667,3040,-1.166668,0.605625399441964
"1992-03-26",1992-03-26,-0.00499992019999673,358000,-0.070093455323609,8.291667,0,8.291667,8.333333,3041,-1.07142734694017,0.580222433919628
"1992-03-27",1992-03-27,0.00502504502411871,630400,-0.0654206330683875,8.333333,0.00499992019999673,8.291667,8.333333,3041,-0.933334400000002,0.632806574654229
"1992-03-30",1992-03-30,0.0100000804000033,385200,-0.056074764258887,8.416667,0.0148514845603372,0,8.416667,0,2.97034431876472,0.737169999217592
"1992-03-31",1992-03-31,0.00495041564552801,391200,-0.0514019420036657,8.458333,0.0197043554563292,0,8.458333,0,1.32675998660445,0.788954732614251
"1992-04-01",1992-04-01,0.00492614797738518,364000,-0.0467290075989154,8.5,0.0245097647058823,0,8.5,0,1.24387548530594,0.840482058908348
"1992-04-02",1992-04-02,0.00490200000000004,703200,-0.0420560731941654,8.541667,0.0292682915407496,0,8.541667,0,1.19414820549972,0.891754517309163
"1992-04-03",1992-04-03,-0.00243910234383999,31600,-0.0443925964713048,8.520833,0.0268947883381824,8.291667,8.541667,3047,-1.05555733333334,0.866149297649978
"1992-04-06",1992-04-06,-0.0024449487509026,72400,-0.0467290075989155,8.5,0.0245097647058823,8.291667,8.541667,0,-1.05263064820101,0.840482058908348
"1992-04-07",1992-04-07,0,92800,-0.0467290075989155,8.5,0.0245097647058823,8.291667,8.541667,0,-1,0.840482058908348
"1992-04-08",1992-04-08,0,1972800,-0.0467290075989155,8.5,0.0245097647058823,8.291667,8.541667,0,-1,0.840482058908348
"1992-04-09",1992-04-09,0.00490200000000004,708000,-0.0420560731941655,8.541667,0.00487808761451369,8.5,8.541667,3047,-0.899999280000578,0.759161519848458
"1992-04-10",1992-04-10,0.00243898527067371,187600,-0.0397196620665546,8.5625,0.00729927007299269,0,8.5625,0,1.49633845265003,0.78502532960533
"1992-04-13",1992-04-13,0.0121654890510949,290400,-0.0280373821294437,8.666667,0.0192308069526613,0,8.666667,0,2.63462055251461,0.913397636892881
"1992-04-14",1992-04-14,0.0240384221523683,529200,-0.00467293440475014,8.875,0.0422535211267606,0,8.875,0,2.19717878874101,1.16557317664882
"1992-04-15",1992-04-15,0.00938963380281686,175200,0,8.958333,0.0511627553921025,0,8.958333,0,1.21085187761309,1.23941021636488
"1992-04-16",1992-04-16,-0.0139534888912926,193600,-0.0139534888912928,8.833333,0.0377358127447476,8.5,8.958333,3056,0,1.09056137932946
"1992-04-20",1992-04-20,0.00471701904592529,421200,-0.00930228871822469,8.875,0.0422535211267606,8.5,8.958333,0,1.11971938732502,1.14040651684607
"1992-04-21",1992-04-21,0.0140845070422535,604000,0,9,0.0185185555555556,8.833333,9,3056,0,1.06194584094906
"1992-04-22",1992-04-22,0.0046296666666667,404800,0,9.041667,0.0230415475376389,0,9.041667,0,1.24424107855034,1.08653428089031
"1992-04-23",1992-04-23,0.0161289947970877,609600,0,9.1875,0.0385487891156463,0,9.1875,0,1.67301215565821,1.17083663643411
"1992-04-24",1992-04-24,0.00680272108843537,508000,0,9.25,0.0450450810810811,0,9.25,0,1.16852129767153,1.20615257010494
"1992-04-27",1992-04-27,0,128400,0,9.25,0.0450450810810811,0,9.25,0,0,1.20615257010494
"1992-04-28",1992-04-28,0.00900897297297294,369600,0,9.333333,0.0535714304846939,0,9.333333,0,1.18928480533236,1.25250454929467
"1992-04-29",1992-04-29,0.0312500368303585,852400,0,9.625,0.0822511168831169,0,9.625,0,1.53535412698411,1.40841655385604
"1992-04-30",1992-04-30,0.034632,1490400,0,9.958333,0.112970715078518,0,9.958333,0,1.37348548396072,1.57541817540194
"1992-05-01",1992-05-01,-0.0167363352882455,894000,-0.0167363352882455,9.791667,0.0978724051788118,8.833333,9.958333,3066,0,1.40235479957555
"1992-05-04",1992-05-04,0.00851060396559643,816000,-0.00836816764412274,9.875,0.105485265822785,8.833333,9.958333,0,1.07778352468262,1.48923281214287
"1992-05-05",1992-05-05,0.00421944303797472,727200,-0.00418403361285458,9.916667,0.109243761033823,8.833333,9.958333,0,1.03563052319888,1.532411500691
"1992-05-06",1992-05-06,-0.00840342828896046,265200,-0.0125523016753909,9.833333,0.101694918701523,8.833333,9.958333,0,-3.0000480007681,1.44588096636061
"1992-05-07",1992-05-07,-0.00847454266015395,1400800,-0.0209204693195134,9.75,0.0940171282051282,8.833333,9.958333,0,-1.66666399999998,1.35864997422071
"1992-05-08",1992-05-08,0,553200,-0.0209204693195134,9.75,0.0940171282051282,8.833333,9.958333,0,-1,1.35864997422071
"1992-05-11",1992-05-11,-0.00854697435897432,133600,-0.0292886369636363,9.666667,0.0862069625445876,8.833333,9.958333,0,-1.39999903999847,1.27069934808936
"1992-05-12",1992-05-12,0.0043102757134387,657600,-0.0251046033507816,9.708333,0.0901287584593565,8.833333,9.958333,0,1.0454927977858,1.31476524590734
"1992-05-13",1992-05-13,-0.00214588848569571,361600,-0.0271966201572088,9.6875,0.0881720774193548,8.833333,9.958333,0,-1.083332,1.29275522151827
"1992-05-14",1992-05-14,0.00645161290322581,556800,-0.0209204693195136,9.75,0.0940171282051282,8.833333,9.958333,0,1.06629140377371,1.35864997422071
"1992-05-15",1992-05-15,-0.0042735384615385,245200,-0.0251046033507817,9.708333,0.0901287584593565,8.833333,9.958333,0,-1.20000192000307,1.31476524590734
"1992-05-18",1992-05-18,0.00643776846138261,463200,-0.0188284525130864,9.770833,0.0959488305654185,8.833333,9.958333,0,1.06457508353104,1.38052420646857
"1992-05-19",1992-05-19,0.00213226446506666,283600,-0.0167363352882455,9.791667,0.0978724051788118,8.833333,9.958333,0,1.02004792139787,1.40235479957555
"1992-05-20",1992-05-20,0.00425525091897011,472000,-0.0125523016753907,9.833333,0.101694918701523,8.833333,9.958333,0,1.03905609058781,1.44588096636061
"1992-05-21",1992-05-21,-0.00423722048261757,414400,-0.0167363352882454,9.791667,0.0978724051788118,8.833333,9.958333,0,-1.33332800000001,1.40235479957555
"1992-05-22",1992-05-22,0,142000,-0.0167363352882454,9.791667,0.0978724051788118,8.833333,9.958333,0,-1,1.40235479957555
"1992-05-26",1992-05-26,0,282400,-0.0167363352882454,9.791667,0.0978724051788118,8.833333,9.958333,0,-1,1.40235479957555
"1992-05-27",1992-05-27,0,201600,-0.0167363352882454,9.791667,0.0978724051788118,8.833333,9.958333,0,-1,1.40235479957555
"1992-05-28",1992-05-28,0,53200,-0.0167363352882454,9.791667,0.0978724051788118,8.833333,9.958333,0,-1,1.40235479957555
"1992-05-29",1992-05-29,0.0127659570122227,523200,-0.00418403361285447,9.916667,0.109243761033823,8.833333,9.958333,0,1.11618551556219,1.532411500691
"1992-06-01",1992-06-01,-0.00420171414448023,562000,-0.00836816764412263,9.875,0.105485265822785,8.833333,9.958333,0,-2.00002400038408,1.48923281214287
"1992-06-02",1992-06-02,-0.0126582278481013,791200,-0.0209204693195134,9.75,0.0940171282051282,8.833333,9.958333,0,-2.50000600002402,1.35864997422071
"1992-06-03",1992-06-03,-0.0042735384615385,610000,-0.0251046033507816,9.708333,0.0901287584593565,8.833333,9.958333,0,-1.20000192000308,1.31476524590734
"1992-06-04",1992-06-04,0,86400,-0.0251046033507816,9.708333,0.0901287584593565,8.833333,9.958333,0,-1,1.31476524590734
"1992-06-05",1992-06-05,0.0171674168984521,769200,-0.00836816764412263,9.875,0.105485265822785,8.833333,9.958333,0,1.17038409965842,1.48923281214287
"1992-06-08",1992-06-08,0.0126582278481013,789600,0,10,0.0333333,9.666667,10,3066,0,1.14248355922497
"1992-06-09",1992-06-09,-0.0125,664000,-0.0124999999999998,9.875,0.0210970126582278,9.666667,10,3092,0,1.00800914094564
"1992-06-10",1992-06-10,-0.00632911392405063,504400,-0.0187499999999999,9.8125,0.0148619617834395,9.666667,10,0,-1.50000000000001,0.940136386624103
"1992-06-11",1992-06-11,-0.0191082802547771,1159200,-0.0375,9.625,0,9.625,9.875,3094,-2.00000000000001,0.757410945833224
"1992-06-12",1992-06-12,0.021644987012987,530800,-0.0166667,9.833333,0.0211864074978443,9.625,9.833333,3094,-0.444445333333335,0.985843597991907
"1992-06-15",1992-06-15,-0.0127118648376903,406000,-0.0291667000000001,9.708333,0.0085836569470783,9.625,9.833333,3096,-1.749998500003,0.849376967778369
"1992-06-16",1992-06-16,-0.0128755369227652,768400,-0.0416667000000001,9.583333,0,9.583333,9.708333,3097,-1.42857093877607,0.734759423763527
"1992-06-17",1992-06-17,-0.0130434787145558,662400,-0.0541667000000001,9.458333,0,9.458333,9.583333,3098,-1.29999976000019,0.66680540118662
"1992-06-18",1992-06-18,0,1060800,-0.0541667000000001,9.458333,0,9.458333,9.458333,3098,-1,0.66680540118662
"1992-06-19",1992-06-19,-0.00881053775543742,684000,-0.0625,9.375,0,0,9.458333,3100,-1.15384544378742,0.621502900679409
"1992-06-22",1992-06-22,0.0088888533333333,396400,-0.0541667000000001,9.458333,0.00881053775543739,9.375,9.458333,3100,-0.866667200000002,0.714702319710434
"1992-06-23",1992-06-23,0,354000,-0.0541667000000001,9.458333,0.00881053775543739,0,9.458333,0,-1,0.714702319710434
"1992-06-24",1992-06-24,-0.00440521601428067,74800,-0.0583333,9.416667,0.00442481400266148,9.375,9.458333,3103,-1.07692179881735,0.668209135599943
"1992-06-25",1992-06-25,0.00442470780797487,114400,-0.0541667000000001,9.458333,0.00440521601428068,9.416667,9.458333,3103,-0.928572530612876,0.690753573065866
"1992-06-26",1992-06-26,0.0176211812377509,244000,-0.0375,9.625,0.021644987012987,0,9.625,0,4.91349049463614,0.875080060725814
"1992-06-29",1992-06-29,0.017316051948052,236800,-0.0208332999999999,9.791667,0.0382978710366683,0,9.791667,0,1.76936447287723,1.05621604192569
"1992-06-30",1992-06-30,0.00425525091897011,320400,-0.0166667,9.833333,0.0423728149956886,0,9.833333,0,1.1064013181077,1.10101972706647
"1992-07-01",1992-07-01,0,232000,-0.0166667,9.833333,0.0423728149956886,0,9.833333,0,-1,1.10101972706647
"1992-07-02",1992-07-02,0,151600,-0.0166667,9.833333,0.0423728149956886,0,9.833333,0,-1,1.10101972706647
"1992-07-06",1992-07-06,0,305200,-0.0166667,9.833333,0.0423728149956886,0,9.833333,0,-1,1.10101972706647
"1992-07-07",1992-07-07,-0.00423722048261757,1020400,-0.0208332999999999,9.791667,0.0382978710366683,9.416667,9.833333,3111,-1.24999550000899,1.05621604192569
"1992-07-08",1992-07-08,0.00425525091897011,162000,-0.0166666999999999,9.833333,0.00423722048261754,9.791667,9.833333,3111,-0.800002880004607,0.893702363024472
"1992-07-09",1992-07-09,0.00423732217753638,177600,-0.0124999999999998,9.875,0.0084387848101265,0,9.875,0,1.99158501303983,0.939194940867758
"1992-07-10",1992-07-10,0,162400,-0.0124999999999998,9.875,0.0084387848101265,0,9.875,0,-1,0.939194940867758
"1992-07-13",1992-07-13,0.0126582278481013,978400,0,10,0.0208332999999999,0,10,0,2.46875592502372,1.07452953664806
"1992-07-14",1992-07-14,-0.00416670000000003,716400,-0.00416670000000019,9.958333,0.0167363352882455,9.791667,10,3116,0,1.02960559597682
"1992-07-15",1992-07-15,-0.01046018445055,474400,-0.0145833000000001,9.854167,0.00634249450004243,9.791667,10,0,-3.49996400028786,0.916473342924263
"1992-07-16",1992-07-16,-0.00634249450004247,869200,-0.0208333000000002,9.791667,0,9.791667,9.958333,3118,-1.42857240816551,0.848016490479826
"1992-07-17",1992-07-17,-0.00425535304662631,149200,-0.025,9.75,0,9.75,9.791667,3119,-1.20000192000306,0.82536496841013
"1992-07-20",1992-07-20,0,3120400,-0.025,9.75,0,9.75,9.75,3119,-1,0.82536496841013
"1992-07-21",1992-07-21,-0.00213671794871791,222400,-0.0270833,9.729167,0,0,9.75,3121,-1.083332,0.814039479191373
"1992-07-22",1992-07-22,-0.0128479652985708,297600,-0.0395833000000001,9.604167,0,9.604167,9.729167,3122,-1.4615390295865,0.746085456614465
"1992-07-23",1992-07-23,-0.00216926673599081,1144000,-0.0416667000000002,9.583333,0,9.583333,9.604167,3123,-1.05263330748068,0.734759423763527
"1992-07-24",1992-07-24,0,602400,-0.0416667000000002,9.583333,0,9.583333,9.583333,3123,-1,0.734759423763527
"1992-07-27",1992-07-27,0.0086957220415904,181600,-0.0333333000000001,9.666667,0.00862075832342224,0,9.666667,0,-0.799998560001152,0.82692768436211
"1992-07-28",1992-07-28,-0.0043103791617111,868000,-0.0375,9.625,0.00432903896103898,9.583333,9.666667,3126,-1.12500112500112,0.780944994736804
"1992-07-29",1992-07-29,0.004329038961039,218400,-0.0333333,9.666667,0.00431037916171106,9.625,9.666667,3126,-0.888888000000001,0.803495076132515
"1992-07-30",1992-07-30,-0.0043103791617111,892800,-0.0374999999999999,9.625,0,0,9.666667,3128,-1.12500112500112,0.757410945833224
"1992-07-31",1992-07-31,0.00865797402597399,236800,-0.0291666999999999,9.708333,0.0085836569470783,9.625,9.708333,3128,-0.777778666666666,0.84937696777837
"1992-08-03",1992-08-03,-0.00643776846138261,138400,-0.0354166999999999,9.645833,0.00215979273122391,9.625,9.708333,3130,-1.21428546938804,0.780477763373504
"1992-08-04",1992-08-04,-0.0021597927312239,325200,-0.0374999999999999,9.625,0,9.625,9.645833,3131,-1.05882253287291,0.757410945833224
"1992-08-05",1992-08-05,-0.004329038961039,412800,-0.0416666999999999,9.583333,0,9.583333,9.625,3132,-1.111112,0.734759423763528
"1992-08-06",1992-08-06,-0.00869561769376058,292000,-0.0499999999999999,9.5,0,9.5,9.583333,3133,-1.19999904000077,0.689456923256317
"1992-08-07",1992-08-07,-0.00438600000000004,34800,-0.0541666999999999,9.458333,0,9.458333,9.5,3134,-1.083334,0.666805401186621
"1992-08-10",1992-08-10,0.00440532174115675,223200,-0.0499999999999997,9.5,0.004386,9.458333,9.5,3134,-0.923076355029932,0.713300630698103
"1992-08-11",1992-08-11,0,118000,-0.0499999999999997,9.5,0.004386,0,9.5,0,-1,0.713300630698103
"1992-08-12",1992-08-12,-0.00877189473684207,256800,-0.0583332999999997,9.416667,0,0,9.5,3137,-1.166666,0.644154422749107
"1992-08-13",1992-08-13,0.0132743358132978,72000,-0.0458332999999997,9.541667,0.0131004362235655,9.416667,9.541667,3137,-0.785714163265236,0.783326632438294
"1992-08-14",1992-08-14,0.0131004362235655,270000,-0.0333332999999997,9.666667,0.0258620680737218,0,9.666667,0,1.97413793192629,0.920656992524297
"1992-08-17",1992-08-17,-0.0043103791617111,126000,-0.0374999999999995,9.625,0.021644987012987,9.416667,9.666667,3140,-1.12500112500112,0.875080060725816
"1992-08-18",1992-08-18,-0.00865797402597399,351600,-0.0458332999999997,9.541667,0.0131004362235655,9.416667,9.666667,0,-1.22222133333334,0.783326632438294
"1992-08-19",1992-08-19,0.00436674220552858,120000,-0.0416666999999996,9.583333,0.0173912353875212,9.416667,9.666667,0,1.32753101429075,0.829303775936643
"1992-08-20",1992-08-20,0.017391339735351,342400,-0.0249999999999996,9.75,0.0213674871794871,9.541667,9.75,3140,1.22863538462708,0.941525504906664
"1992-08-21",1992-08-21,0.0042735384615385,576000,-0.0208332999999997,9.791667,0.0255319140244454,0,9.791667,0,1.19489548817683,0.986816191443734
"1992-08-24",1992-08-24,-0.00851070609325263,295600,-0.0291666999999998,9.708333,0.0171673138941566,9.541667,9.791667,3145,-1.40000384000615,0.896040489216306
"1992-08-25",1992-08-25,0.0042918799756869,194800,-0.0249999999999999,9.75,0.0213674871794871,9.541667,9.791667,0,1.24466106411441,0.941525504906662
"1992-08-26",1992-08-26,0,1036000,-0.0249999999999999,9.75,0.0213674871794871,9.541667,9.791667,0,-1,0.941525504906662
"1992-08-27",1992-08-27,0,859600,-0.0249999999999999,9.75,0.0213674871794871,9.541667,9.791667,0,-1,0.941525504906662
"1992-08-28",1992-08-28,-0.0042735384615385,42400,-0.0291666999999999,9.708333,0.0171673138941566,9.541667,9.791667,0,-1.166668,0.896040489216305
"1992-08-31",1992-08-31,0,100800,-0.0291666999999999,9.708333,0.0171673138941566,9.541667,9.791667,0,-1,0.896040489216305
"1992-09-01",1992-09-01,0.00643776846138261,454800,-0.0229167,9.770833,0.0234540903523783,9.541667,9.791667,0,1.36620618094259,0.964194440454995
"1992-09-02",1992-09-02,0.00639658870436124,306400,-0.0166666999999999,9.833333,0.0127118648376904,9.708333,9.833333,3145,-0.727273123966361,0.939773256931343
"1992-09-03",1992-09-03,-0.00211861024130879,856000,-0.0187499999999998,9.8125,0.01061574522293,9.708333,9.833333,3153,-1.12499775000449,0.917052586942559
"1992-09-04",1992-09-04,0.00212310828025474,272800,-0.0166667,9.833333,0.00211861024130877,9.8125,9.833333,3153,-0.888890666666677,0.882184915970907
"1992-09-08",1992-09-08,-0.00423722048261757,424000,-0.0208332999999998,9.791667,0,0,9.833333,3155,-1.24999550000899,0.848016490479827
"1992-09-09",1992-09-09,0.00425525091897011,308400,-0.0166666999999999,9.833333,0.00423722048261754,9.791667,9.833333,3155,-0.800002880004611,0.893702363024472
"1992-09-10",1992-09-10,0.00211871193622759,365200,-0.0145832999999997,9.854167,0.00634249450004243,0,9.854167,0,1.49685260091171,0.916473342924265
"1992-09-11",1992-09-11,-0.00211423248662223,236400,-0.0166666999999999,9.833333,0.00423722048261754,9.791667,9.854167,3158,-1.14286204082754,0.893702363024472
"1992-09-14",1992-09-14,0.00211871193622759,524800,-0.0145832999999997,9.854167,0.00211423248662224,9.833333,9.854167,3158,-0.874996250007489,0.893487149938582
"1992-09-15",1992-09-15,0.00211413100671012,374800,-0.0124999999999998,9.875,0.00421944303797472,0,9.875,0,1.99573276102471,0.916257241184199
"1992-09-16",1992-09-16,-0.00421944303797472,377200,-0.0166666999999999,9.833333,0,0,9.875,3161,-1.33333600000001,0.870667468917342
"1992-09-17",1992-09-17,0,572400,-0.0166666999999999,9.833333,0,9.833333,9.833333,3161,-1,0.870667468917342
"1992-09-18",1992-09-18,-0.00847454266015395,107200,-0.0249999999999999,9.75,0,0,9.833333,3163,-1.499997000006,0.825364968410131
"1992-09-21",1992-09-21,0,83200,-0.0249999999999999,9.75,0,9.75,9.75,3163,-1,0.825364968410131
"1992-09-22",1992-09-22,0,550800,-0.0249999999999999,9.75,0,0,9.75,0,-1,0.825364968410131
"1992-09-23",1992-09-23,0.0042735384615385,111600,-0.0208332999999998,9.791667,0.00425535304662628,0,9.791667,0,-0.833331999999996,0.87114995904008
"1992-09-24",1992-09-24,-0.00851070609325263,570000,-0.0291666999999999,9.708333,0,0,9.791667,3167,-1.40000384000615,0.802713446340435
"1992-09-25",1992-09-25,0.0042918799756869,271600,-0.025,9.75,0.00427353846153855,9.708333,9.75,3167,-0.857141877552144,0.848597298738024
"1992-09-28",1992-09-28,0,247200,-0.025,9.75,0.00427353846153855,0,9.75,0,-1,0.848597298738024
"1992-09-29",1992-09-29,-0.00641025641025641,358800,-0.0312499999999999,9.6875,0,0,9.75,3170,-1.24999999999999,0.791387957121678
"1992-09-30",1992-09-30,0.00215050322580642,144000,-0.0291667,9.708333,0.00214588848569575,9.6875,9.708333,3170,-0.933334400000003,0.814379186708794
"1992-10-01",1992-10-01,-0.00858365694707832,835600,-0.0375,9.625,0,0,9.708333,3172,-1.28571281632821,0.757410945833224
"1992-10-02",1992-10-02,-0.0108225454545455,186400,-0.0479167,9.520833,0,9.520833,9.625,3173,-1.27777866666667,0.700782412475074
"1992-10-05",1992-10-05,-0.0196936549564518,377200,-0.0666667000000001,9.333333,0,9.333333,9.520833,3174,-1.39130407561456,0.598851378609713
"1992-10-06",1992-10-06,0.00446432158801152,161200,-0.0624999999999999,9.375,0.00444448000000008,9.333333,9.375,3174,-0.937499531250232,0.645664524220419
"1992-10-07",1992-10-07,-0.00444448000000004,391200,-0.0666667000000001,9.333333,0,0,9.375,3176,-1.0666672,0.598851378609713
"1992-10-08",1992-10-08,0.00446432158801152,291600,-0.0624999999999999,9.375,0.00444448000000008,9.333333,9.375,3176,-0.937499531250232,0.645664524220419
"1992-10-09",1992-10-09,-0.00444448000000004,241600,-0.0666667000000001,9.333333,0,0,9.375,3178,-1.0666672,0.598851378609713
"1992-10-12",1992-10-12,0,126400,-0.0666667000000001,9.333333,0,9.333333,9.333333,3178,-1,0.598851378609713
"1992-10-13",1992-10-13,0.00892864317602305,106800,-0.0583332999999998,9.416667,0.00884962800532296,0,9.416667,0,-0.874999062500465,0.692263848450782
"1992-10-14",1992-10-14,-0.00663716790664892,38800,-0.0645832999999998,9.354167,0.00222724268232555,9.333333,9.416667,3181,-1.10714291836738,0.622285419422173
"1992-10-15",1992-10-15,-0.0022272426823255,123600,-0.0666667,9.333333,0,9.333333,9.354167,3182,-1.03225911342406,0.598851378609713
"1992-10-16",1992-10-16,-0.00446421444515044,86800,-0.0708332999999999,9.291667,0,9.291667,9.333333,3183,-1.06249896875051,0.576200400172198
"1992-10-19",1992-10-19,0.0179371473385776,529600,-0.0541666999999999,9.458333,0.0176210755108749,9.291667,9.458333,3183,-0.764706712803159,0.762599238234251
"1992-10-20",1992-10-20,0.0088106434823135,66400,-0.0458332999999999,9.541667,0.0262008724471311,0,9.541667,0,1.48690540659457,0.854544819550574
"1992-10-21",1992-10-21,0.00873358921454707,674400,-0.0375,9.625,0.034632,0,9.625,0,1.321788046176,0.9456816426239
"1992-10-22",1992-10-22,-0.00865797402597399,634800,-0.0458333,9.541667,0.0262008724471311,9.291667,9.625,3187,-1.22222133333333,0.854544819550573
"1992-10-23",1992-10-23,0,85600,-0.0458333,9.541667,0.0262008724471311,9.291667,9.625,0,-1,0.854544819550573
"1992-10-26",1992-10-26,0,145600,-0.0458333,9.541667,0.0262008724471311,9.291667,9.625,0,-1,0.854544819550573
"1992-10-27",1992-10-27,0.00218337110276429,42400,-0.04375,9.5625,0.0283224052287582,9.291667,9.625,0,1.08097183732748,0.877403643692558
"1992-10-28",1992-10-28,-0.0152505098039215,452400,-0.0583332999999998,9.416667,0.0132743358132978,9.291667,9.625,0,-1.33333257142857,0.716317983993129
"1992-10-29",1992-10-29,0.00663716790664892,312400,-0.0520832999999998,9.479167,0.0197802190846517,9.291667,9.625,0,1.49010989045768,0.785663070377927
"1992-10-30",1992-10-30,0.00219776695568288,180000,-0.0499999999999997,9.5,0.0219297894736842,9.291667,9.625,0,1.10867272904477,0.808674315976442
"1992-11-02",1992-11-02,-0.00438600000000004,568800,-0.0541666999999998,9.458333,0.0176210755108749,9.291667,9.625,0,-1.083334,0.762599238234252
"1992-11-03",1992-11-03,0.0088106434823135,398400,-0.0458332999999997,9.541667,0.0262008724471311,9.291667,9.625,0,1.48690540659457,0.854544819550574
"1992-11-04",1992-11-04,0.00873358921454707,345600,-0.0374999999999999,9.625,0.021644987012987,9.416667,9.625,3187,-0.818182413223575,0.875080060725815
"1992-11-05",1992-11-05,0.00865797402597399,850000,-0.0291666999999998,9.708333,0.0300428508169218,0,9.708333,0,1.38798192851287,0.966036051355457
"1992-11-06",1992-11-06,0,512400,-0.0291666999999998,9.708333,0.0300428508169218,0,9.708333,0,-1,0.966036051355457
"1992-11-09",1992-11-09,0,232800,-0.0291666999999998,9.708333,0.0300428508169218,0,9.708333,0,-1,0.966036051355457
"1992-11-10",1992-11-10,0.00643776846138261,794400,-0.0229166999999998,9.770833,0.0362472677611008,0,9.770833,0,1.20651891466586,1.03374226977201
"1992-11-11",1992-11-11,0.0106610152890752,788800,-0.0124999999999998,9.875,0.0464134683544304,0,9.875,0,1.28046805238765,1.1456375411014
"1992-11-12",1992-11-12,0,186000,-0.0124999999999998,9.875,0.0464134683544304,0,9.875,0,-1,1.1456375411014
"1992-11-13",1992-11-13,0.0210970126582278,1002400,0,10.083333,0.0661156385492773,0,10.083333,0,1.42449252110172,1.32069890113708
"1992-11-16",1992-11-16,-0.00826443002527038,295600,-0.00826443002527022,10,0.0583332999999999,9.416667,10.083333,3204,0,1.23346350321699
"1992-11-17",1992-11-17,0.0166667,369600,0,10.166667,0.0163934748723451,10,10.166667,3204,0,1.05039321849109
"1992-11-18",1992-11-18,0.00819668825584625,464400,0,10.25,0.024390243902439,0,10.25,0,1.48780195122537,1.09386622834815
"1992-11-19",1992-11-19,-0.00813004878048777,529600,-0.00813004878048773,10.166667,0.0163934748723451,10,10.25,3207,0,1.00619565702064
"1992-11-20",1992-11-20,0.0143442290378941,484000,0,10.3125,0.0141413818181818,10.166667,10.3125,3207,0,1.03815011591126
"1992-11-23",1992-11-23,-0.00808077575757572,202800,-0.00808077575757571,10.229167,0.00610997943429803,10.166667,10.3125,3209,0,0.950559130536225
"1992-11-24",1992-11-24,0.0224031927526454,282400,0,10.458333,0.0219122875509892,10.229167,10.458333,3209,3.58631117937742,1.08039526020007
"1992-11-25",1992-11-25,0.0119521916160061,474000,0,10.583333,0.0334645049910079,0,10.583333,0,1.52720271277643,1.14319683177866
"1992-11-27",1992-11-27,0.00787407898816003,299200,0,10.666667,0.0410156237182617,0,10.666667,0,1.22564561254627,1.18424714317648
"1992-11-30",1992-11-30,0.00390618737793158,391200,0,10.708333,0.0447470208481562,0,10.708333,0,1.09097501858135,1.20453221876114
"1992-12-01",1992-12-01,0.00389108183318546,371200,0,10.75,0.0484495813953488,0,10.75,0,1.08274429173189,1.22466052940244
"1992-12-02",1992-12-02,-0.0135658604651162,306400,-0.0135658604651162,10.604167,0.0353634566486929,10.229167,10.75,3215,0,1.07977176101843
"1992-12-03",1992-12-03,0.0117878188828976,248800,-0.001937953488372,10.729167,0.0466019402997455,10.229167,10.75,0,1.31779935323342,1.20408081901633
"1992-12-04",1992-12-04,-0.00194180964840986,166800,-0.00387599999999988,10.708333,0.0447470208481562,10.229167,10.75,0,-2.00004800076804,1.18346103544049
"1992-12-07",1992-12-07,0,146400,-0.00387599999999988,10.708333,0.0447470208481562,10.229167,10.75,0,-1,1.18346103544049
"1992-12-08",1992-12-08,-0.0214007166194775,430000,-0.0251937674418604,10.479167,0.0238568580880523,10.229167,10.75,0,-6.49994000048019,0.954005144090988
"1992-12-09",1992-12-09,-0.00596421452201306,303600,-0.0310077209302324,10.416667,0.017999999424,10.229167,10.75,0,-1.23076951479325,0.890558853491254
"1992-12-10",1992-12-10,0.00199996793600099,95200,-0.0290697674418604,10.4375,0.0199600479041916,10.229167,10.75,0,1.1088915857174,0.911749646593382
"1992-12-11",1992-12-11,0.0119760479041916,229600,-0.0174418604651161,10.5625,0.0315581538461538,10.229167,10.75,0,1.58106603739797,1.03801372709333
"1992-12-14",1992-12-14,-0.00591715976331361,219200,-0.0232558139534883,10.5,0.025793619047619,10.229167,10.75,0,-1.33333333333334,0.975069338736933
"1992-12-15",1992-12-15,0,532400,-0.0232558139534883,10.5,0.025793619047619,10.229167,10.75,0,-1,0.975069338736933
"1992-12-16",1992-12-16,-0.0178571428571429,552000,-0.0406976744186045,10.3125,0.00808077575757571,10.229167,10.75,0,-1.75,0.783957056123925
"1992-12-17",1992-12-17,-0.0121212121212121,234400,-0.0523255813953487,10.1875,0,10.1875,10.729167,3226,-1.28571428571429,0.676814314404799
"1992-12-18",1992-12-18,0.00613496932515337,452800,-0.0465116279069766,10.25,0.00609756097560976,10.1875,10.25,3226,-0.888888888888888,0.741569140229646
"1992-12-21",1992-12-21,0,235200,-0.0465116279069766,10.25,0.00609756097560976,0,10.25,0,-1,0.741569140229646
"1992-12-22",1992-12-22,0.00304878048780488,1015200,-0.0436046511627907,10.28125,0.00911854103343468,0,10.28125,0,1.49544072948329,0.773795421058348
"1992-12-23",1992-12-23,0.00911854103343465,190800,-0.0348837209302326,10.375,0.0180722891566265,0,10.375,0,1.98192771084337,0.869880660420444
"1992-12-24",1992-12-24,0.00602409638554217,80800,-0.0290697674418604,10.4375,0.0239520958083832,0,10.4375,0,1.3253493013972,0.933451703666144
"1992-12-28",1992-12-28,0.0119760479041916,225600,-0.0174418604651161,10.5625,0.0355029585798816,0,10.5625,0,1.48224852071006,1.05945895508831
"1992-12-29",1992-12-29,-0.00887573964497041,228400,-0.0261627906976742,10.46875,0.0268656716417911,10.1875,10.5625,3233,-1.50000000000001,0.965094100567577
"1992-12-30",1992-12-30,0.00895522388059702,141200,-0.0174418604651161,10.5625,0.00887573964497046,10.46875,10.5625,3233,-0.666666666666664,0.91470482415525
"1992-12-31",1992-12-31,-0.00591715976331361,587200,-0.0232558139534883,10.5,0.00297619047619047,10.46875,10.5625,3235,-1.33333333333334,0.851026454233747
"1993-01-04",1993-01-04,0.00892857142857143,546000,-0.0145348837209303,10.59375,0.00884955752212391,10.5,10.59375,3235,2.97345132743364,0.930365750774284
"1993-01-05",1993-01-05,-0.00589970501474926,222400,-0.0203488372093023,10.53125,0.0029673590504451,10.5,10.59375,3237,-1.39999999999999,0.866781704825785
"1993-01-06",1993-01-06,0.00890207715133531,572400,-0.0116279069767441,10.625,0.00882352941176467,10.53125,10.625,3237,2.9735294117647,0.946027514654762
"1993-01-07",1993-01-07,-0.00294117647058824,331200,-0.01453488372093,10.59375,0.00589970501474923,10.53125,10.625,3239,-1.24999999999999,0.91432940326351
"1993-01-08",1993-01-08,-0.00294985250737463,178000,-0.0174418604651162,10.5625,0.00295857988165682,10.53125,10.625,0,-1.20000000000001,0.882537239503459
"1993-01-11",1993-01-11,-0.0236686390532544,507600,-0.0406976744186046,10.3125,0,10.3125,10.59375,3241,-2.33333333333334,0.740027358662387
"1993-01-12",1993-01-12,-0.00303030303030303,339200,-0.0436046511627907,10.28125,0,10.28125,10.3125,3242,-1.07142857142857,0.72422409759799
"1993-01-13",1993-01-13,-0.0151975683890578,360800,-0.0581395348837208,10.125,0,10.125,10.28125,3243,-1.33333333333333,0.645207792276005
"1993-01-14",1993-01-14,0.00925925925925926,492000,-0.0494186046511627,10.21875,0.00917431192660545,10.125,10.21875,3243,-0.849999999999999,0.742492087452247
"1993-01-15",1993-01-15,0.0214067278287462,984800,-0.0290697674418604,10.4375,0.0299401197604791,0,10.4375,0,3.26347305389224,0.966004528852687
"1993-01-18",1993-01-18,0.0179640718562874,276400,-0.0116279069767441,10.625,0.0470588235294118,0,10.625,0,1.57176470588235,1.15388687783118
"1993-01-19",1993-01-19,0.00588235294117647,443600,-0.00581395348837199,10.6875,0.0526315789473685,0,10.6875,0,1.11842105263158,1.21578869175897
"1993-01-20",1993-01-20,0,472000,-0.00581395348837199,10.6875,0.0526315789473685,0,10.6875,0,-1,1.21578869175897
"1993-01-21",1993-01-21,0.00292397660818713,373600,-0.00290697674418583,10.71875,0.0553935860058309,0,10.71875,0,1.05247813411079,1.24660711202404
"1993-01-22",1993-01-22,0.0145772594752187,400800,0,10.875,0.0689655172413793,0,10.875,0,1.24500907441016,1.33619175881585
"1993-01-25",1993-01-25,-0.0114942528735632,514000,-0.0114942528735632,10.75,0.0581395348837209,10.125,10.875,3251,0,1.2148517773099
"1993-01-26",1993-01-26,0.0116279069767442,234800,0,10.875,0.0114942528735632,10.75,10.875,3251,0,1.02375947110593
"1993-01-27",1993-01-27,0.00574712643678161,355200,0,10.9375,0.0171428571428571,0,10.9375,0,1.49142857142857,1.05446710166942
"1993-01-28",1993-01-28,0.00571428571428571,406400,0,11,0.0227272727272727,0,11,0,1.32575757575758,1.08482578188559
"1993-01-29",1993-01-29,0,69600,0,11,0.0227272727272727,0,11,0,0,1.08482578188559
"1993-02-01",1993-02-01,0.00568181818181818,445200,0,11.0625,0.0282485875706214,0,11.0625,0,1.24293785310734,1.11484142616712
"1993-02-02",1993-02-02,-0.00282485875706215,422400,-0.00282485875706207,11.03125,0.0254957507082153,10.75,11.0625,3257,0,1.08451927784293
"1993-02-03",1993-02-03,0.0028328611898017,295200,-1.11022302462516e-16,11.0625,0.00282485875706218,11.03125,11.0625,3257,-3.93018950717317e-14,0.976629854824263
"1993-02-04",1993-02-04,0.00564971751412429,637200,0,11.125,0.0084269662921348,0,11.125,0,2.98314606741569,1.00708471417759
"1993-02-05",1993-02-05,-0.00561797752808989,434400,-0.00561797752808979,11.0625,0.00282485875706218,11.03125,11.125,3260,0,0.946088721081834
"1993-02-08",1993-02-08,0.0310734463276836,1314000,0,11.40625,0.0301369863013699,11.0625,11.40625,3260,10.6684931506848,1.1251073693658
"1993-02-09",1993-02-09,0.00821917808219178,658000,0,11.5,0.0380434782608695,0,11.5,0,1.26235177865613,1.1680896040154
"1993-02-10",1993-02-10,0,982000,0,11.5,0.0380434782608695,0,11.5,0,0,1.1680896040154
"1993-02-11",1993-02-11,0.0108695652173913,284400,0,11.625,0.0483870967741935,0,11.625,0,1.27188940092166,1.22432084289391
"1993-02-12",1993-02-12,0,89600,0,11.625,0.0483870967741935,0,11.625,0,0,1.22432084289391
"1993-02-16",1993-02-16,-0.032258064516129,472000,-0.032258064516129,11.25,0.0166666666666667,11.0625,11.625,3266,0,0.876513157446513
"1993-02-17",1993-02-17,-0.00555555555555556,617200,-0.0376344086021505,11.1875,0.0111731843575419,11.0625,11.625,0,-1.16666666666667,0.817421283185486
"1993-02-18",1993-02-18,0.0111731843575419,218400,-0.0268817204301074,11.3125,0.0220994475138122,11.0625,11.625,0,1.97790055248619,0.935275039026117
"1993-02-19",1993-02-19,0.00552486187845304,106800,-0.0215053763440858,11.375,0.0274725274725275,11.0625,11.625,0,1.24313186813187,0.993712367364101
"1993-02-22",1993-02-22,-0.00824175824175824,682800,-0.0295698924731179,11.28125,0.0193905817174516,11.0625,11.625,0,-1.375,0.905935004531312
"1993-02-23",1993-02-23,0.0138504155124654,325200,-0.0161290322580641,11.4375,0.0327868852459017,11.0625,11.625,0,1.69086651053864,1.05183046300541
"1993-02-24",1993-02-24,0.0163934426229508,319600,0,11.625,0.0376344086021505,11.1875,11.625,3266,1.14784946236559,1.16586576970947
"1993-02-25",1993-02-25,0,242000,0,11.625,0.0376344086021505,0,11.625,0,0,1.16586576970947
"1993-02-26",1993-02-26,0.00537634408602151,256400,0,11.6875,0.0427807486631016,0,11.6875,0,1.13674560733384,1.1938429304047
"1993-03-01",1993-03-01,-0.0106951871657754,564400,-0.0106951871657756,11.5625,0.0324324324324324,11.1875,11.6875,3275,0,1.07944367401276
"1993-03-02",1993-03-02,0.0324324324324324,552000,0,11.9375,0.0314136125654451,11.5625,11.9375,3275,0,1.1320475205635
"1993-03-03",1993-03-03,0.00523560209424084,318000,0,12,0.0364583333333334,0,12,0,1.16059027777778,1.15947224607992
"1993-03-04",1993-03-04,0.00520833333333333,148400,0,12.0625,0.0414507772020726,0,12.0625,0,1.13693560325685,1.18661277754954
"1993-03-05",1993-03-05,-0.0103626943005181,508400,-0.0103626943005182,11.9375,0.0314136125654451,11.5625,12.0625,3279,0,1.0757125795671
"1993-03-08",1993-03-08,0.0104712041884817,171600,-1.11022302462516e-16,12.0625,0.0103626943005182,11.9375,12.0625,3279,-1.07136521876327e-14,1.01760795456034
"1993-03-09",1993-03-09,0.0103626943005181,560400,0,12.1875,0.0205128205128206,0,12.1875,0,1.97948717948718,1.07278730702349
"1993-03-10",1993-03-10,0.0153846153846154,753200,0,12.375,0.0353535353535354,0,12.375,0,1.72348484848485,1.15346620873096
"1993-03-11",1993-03-11,0.00252525252525253,1151200,0,12.40625,0.0377833753148614,0,12.40625,0,1.06872975890608,1.16667560069817
"1993-03-12",1993-03-12,-0.00251889168765743,1791200,-0.0025188916876574,12.375,0.0353535353535354,11.9375,12.40625,3284,0,1.13977270292201
"1993-03-15",1993-03-15,-0.0202020202020202,621600,-0.0226700251889168,12.125,0.0154639175257731,11.9375,12.40625,0,-9.00000000000009,0.922098293337314
"1993-03-16",1993-03-16,0.0103092783505155,682800,-0.0125944584382871,12.25,0.0255102040816326,11.9375,12.40625,0,1.64965986394558,1.03148716324758
"1993-03-17",1993-03-17,-0.0127551020408163,960000,-0.0251889168765742,12.09375,0.0129198966408268,11.9375,12.40625,0,-2,0.894574671316224
"1993-03-18",1993-03-18,0,471200,-0.0251889168765742,12.09375,0.0129198966408268,11.9375,12.40625,0,-1,0.894574671316224
"1993-03-19",1993-03-19,0.00258397932816537,143600,-0.0226700251889167,12.125,0.0154639175257731,11.9375,12.40625,0,1.19690721649485,0.922098293337315
"1993-03-22",1993-03-22,-0.0154639175257732,249600,-0.0377833753148612,11.9375,0,11.9375,12.375,3290,-1.66666666666667,0.755870426429718
"1993-03-23",1993-03-23,0,424000,-0.0377833753148612,11.9375,0,11.9375,11.9375,3290,-1,0.755870426429718
"1993-03-24",1993-03-24,0.0157068062827225,663600,-0.0226700251889166,12.125,0.0154639175257731,0,12.125,0,-0.599999999999996,0.922098293337315
"1993-03-25",1993-03-25,-0.0103092783505155,416000,-0.0327455919395463,12,0.00520833333333337,11.9375,12.125,3293,-1.44444444444445,0.811571614121327
"1993-03-26",1993-03-26,0.015625,1575600,-0.0176322418136017,12.1875,0.0153846153846153,12,12.1875,3293,2.95384615384612,0.949054192995962
"1993-03-29",1993-03-29,0.00512820512820513,410400,-0.0125944584382869,12.25,0.0204081632653061,0,12.25,0,1.3265306122449,1.00375082750191
"1993-03-30",1993-03-30,0.0102040816326531,90000,-0.00251889168765729,12.375,0.0303030303030303,0,12.375,0,1.48484848484848,1.11231653218386
"1993-03-31",1993-03-31,0.00252525252525253,644000,0,12.40625,0.0327455919395466,0,12.40625,0,1.08060453400504,1.13928858908028
"1993-04-01",1993-04-01,0.00503778337531486,408000,0,12.46875,0.0375939849624061,0,12.46875,0,1.14806246385194,1.16564601379525
"1993-04-02",1993-04-02,0.0025062656641604,1142000,0,12.5,0.04,0,12.5,0,1.064,1.17872588581005
"1993-04-05",1993-04-05,0.005,573200,0,12.5625,0.0447761194029851,0,12.5625,0,1.11940298507463,1.20469040786928
"1993-04-06",1993-04-06,0.00497512437810945,901200,0,12.625,0.0495049504950495,0,12.625,0,1.10561056105611,1.23039785545269
"1993-04-07",1993-04-07,0,198000,0,12.625,0.0495049504950495,0,12.625,0,0,1.23039785545269
"1993-04-08",1993-04-08,-0.0099009900990099,575200,-0.00990099009900991,12.5,0.04,12,12.625,3303,0,1.1249009174323
"1993-04-12",1993-04-12,-0.005,439200,-0.0148514851485149,12.4375,0.035175879396985,12,12.625,0,-1.5,1.07176296121374
"1993-04-13",1993-04-13,0.0050251256281407,886800,-0.00990099009901002,12.5,0.04,12,12.625,0,1.13714285714286,1.1249009174323
"1993-04-14",1993-04-14,-0.045,2849200,-0.0544554455445546,11.9375,0,11.9375,12.5,3306,-5.49999999999995,0.665235687486329
"1993-04-15",1993-04-15,-0.031413612565445,6574000,-0.0841584158415843,11.5625,0,11.5625,11.9375,3307,-1.54545454545454,0.503760782353084
"1993-04-16",1993-04-16,-0.00810810810810811,2345600,-0.0915841584158418,11.46875,0,11.46875,11.5625,3308,-1.08823529411765,0.463392056069772
"1993-04-19",1993-04-19,0.00272479564032698,302800,-0.0891089108910894,11.5,0.00271739130434778,11.46875,11.5,3308,-0.972972972972974,0.491620911767884
"1993-04-20",1993-04-20,-0.0326086956521739,741200,-0.118811881188119,11.125,0,0,11.5,3310,-1.33333333333333,0.315373393030964
"1993-04-21",1993-04-21,0.0449438202247191,2850000,-0.0792079207920794,11.625,0.043010752688172,11.125,11.625,3310,-0.666666666666666,0.764493559279703
"1993-04-22",1993-04-22,-0.0161290322580645,758400,-0.0940594059405944,11.4375,0.0273224043715847,11.125,11.625,3312,-1.1875,0.598469196657099
"1993-04-23",1993-04-23,-0.0109289617486339,622400,-0.103960396039604,11.3125,0.0165745856353591,11.125,11.625,0,-1.10526315789474,0.486215626915033
"1993-04-26",1993-04-26,-0.0386740331491713,1112400,-0.138613861386139,10.875,0,10.875,11.4375,3314,-1.33333333333333,0.207723456275468
"1993-04-27",1993-04-27,0.014367816091954,1362000,-0.126237623762376,11.03125,0.0141643059490085,10.875,11.03125,3314,-0.910714285714286,0.352006392047265
"1993-04-28",1993-04-28,0.0084985835694051,489200,-0.118811881188119,11.125,0.0224719101123596,0,11.125,0,1.58651685393258,0.437537928000686
"1993-04-29",1993-04-29,0,232000,-0.118811881188119,11.125,0.0224719101123596,0,11.125,0,-1,0.437537928000686
"1993-04-30",1993-04-30,0,470800,-0.118811881188119,11.125,0.0224719101123596,0,11.125,0,-1,0.437537928000686
"1993-05-03",1993-05-03,0.0112359550561798,134800,-0.108910891089109,11.25,0.0333333333333333,0,11.25,0,1.48333333333333,0.550409088280465
"1993-05-04",1993-05-04,0,234000,-0.108910891089109,11.25,0.0333333333333333,0,11.25,0,-1,0.550409088280465
"1993-05-05",1993-05-05,-0.0222222222222222,455200,-0.128712871287129,11,0.0113636363636364,10.875,11.25,3321,-1.18181818181818,0.323324808814041
"1993-05-06",1993-05-06,0.00568181818181818,133600,-0.123762376237624,11.0625,0.0169491525423728,10.875,11.25,0,1.49152542372881,0.380601956403998
"1993-05-07",1993-05-07,-0.0225988700564972,628000,-0.143564356435644,10.8125,0,10.8125,11.0625,3323,-1.16,0.180810972086594
"1993-05-10",1993-05-10,-0.023121387283237,444800,-0.163366336633664,10.5625,0,10.5625,10.8125,3324,-1.13793103448276,0.073161035331097
"1993-05-11",1993-05-11,-0.00591715976331361,592400,-0.168316831683169,10.5,0,10.5,10.5625,3325,-1.03030303030303,0.0462485511422228
"1993-05-12",1993-05-12,0.00892857142857143,807600,-0.160891089108911,10.59375,0.00884955752212391,10.5,10.59375,3325,-0.955882352941177,0.134726319957858
"1993-05-13",1993-05-13,0.0117994100294985,2372800,-0.150990099009901,10.71875,0.0204081632653061,0,10.71875,0,2.30612244897959,0.251387588785988
"1993-05-14",1993-05-14,-0.0145772594752187,1065600,-0.163366336633664,10.5625,0.00591715976331364,10.5,10.71875,3328,-1.08196721311475,0.105328619982887
"1993-05-17",1993-05-17,0,1064400,-0.163366336633664,10.5625,0.00591715976331364,10.5,10.71875,0,-1,0.105328619982887
"1993-05-18",1993-05-18,-0.0118343195266272,842800,-0.173267326732674,10.4375,0,10.4375,10.5625,3330,-1.06060606060606,0.0193360669533481
"1993-05-19",1993-05-19,0.0179640718562874,655200,-0.158415841584159,10.625,0.0176470588235295,10.4375,10.625,3330,-0.914285714285714,0.196008610216782
"1993-05-20",1993-05-20,-0.00588235294117647,410000,-0.163366336633664,10.5625,0.0118343195266272,10.4375,10.625,3332,-1.03125,0.137496204634677
"1993-05-21",1993-05-21,-0.0177514792899408,227600,-0.178217821782178,10.375,0,10.375,10.5625,3333,-1.09090909090909,-0.0075764172355255
"1993-05-24",1993-05-24,0.00903614457831325,532000,-0.170792079207921,10.46875,0.008955223880597,10.375,10.46875,3333,-0.958333333333334,0.0814757879088529
"1993-05-25",1993-05-25,0.0149253731343284,219200,-0.158415841584159,10.625,0.0235294117647059,0,10.625,0,2.62745098039217,0.227986973782385
"1993-05-26",1993-05-26,0,228000,-0.158415841584159,10.625,0.0235294117647059,0,10.625,0,-1,0.227986973782385
"1993-05-27",1993-05-27,0.0176470588235294,420400,-0.143564356435644,10.8125,0.0404624277456648,0,10.8125,0,1.71965317919075,0.400777750370224
"1993-05-28",1993-05-28,-0.0115606936416185,329200,-0.153465346534654,10.6875,0.0292397660818714,10.375,10.8125,3338,-1.06896551724138,0.285942781666523
"1993-06-01",1993-06-01,-0.0175438596491228,152800,-0.168316831683169,10.5,0.0119047619047619,10.375,10.8125,0,-1.09677419354839,0.110966667882134
"1993-06-02",1993-06-02,0.00595238095238095,342000,-0.163366336633664,10.5625,0.0177514792899408,10.375,10.8125,0,1.49112426035503,0.169663789286467
"1993-06-03",1993-06-03,-0.0118343195266272,504400,-0.173267326732674,10.4375,0.00598802395209586,10.375,10.8125,0,-1.06060606060606,0.0518888921398907
"1993-06-04",1993-06-04,0.00598802395209581,1218400,-0.168316831683169,10.5,0.0119047619047619,10.375,10.8125,0,1.98809523809522,0.110966667882134
"1993-06-07",1993-06-07,-0.0297619047619048,566000,-0.193069306930693,10.1875,0,10.1875,10.6875,3343,-1.14705882352941,-0.0883138698021486
"1993-06-08",1993-06-08,-0.0122699386503067,801200,-0.202970297029703,10.0625,0,10.0625,10.1875,3344,-1.05128205128205,-0.142138838179897
"1993-06-09",1993-06-09,-0.0062111801242236,352000,-0.207920792079208,10,0,10,10.0625,3345,-1.02439024390244,-0.169051322368772
"1993-06-10",1993-06-10,0,642800,-0.207920792079208,10,0,10,10,3345,-1,-0.169051322368772
"1993-06-11",1993-06-11,0.009375,832000,-0.200495049504951,10.09375,0.00928792569659442,0,10.09375,0,-0.964285714285715,-0.0781904430871399
"1993-06-14",1993-06-14,0.00928792569659443,644400,-0.193069306930693,10.1875,0.0184049079754601,0,10.1875,0,1.98159509202454,0.0117411327650768
"1993-06-15",1993-06-15,-0.00613496932515337,556800,-0.198019801980198,10.125,0.0123456790123457,10,10.1875,3349,-1.02564102564103,-0.0481112699644474
"1993-06-16",1993-06-16,-0.00308641975308642,541600,-0.200495049504951,10.09375,0.00928792569659442,10,10.1875,0,-1.0125,-0.0781904430871393
"1993-06-17",1993-06-17,0.00928792569659443,114400,-0.193069306930693,10.1875,0.00920245398773001,10.09375,10.1875,3349,-0.962962962962962,-0.0382863685185356
"1993-06-18",1993-06-18,-0.0122699386503067,1246000,-0.202970297029703,10.0625,0,0,10.1875,3352,-1.05128205128205,-0.142138838179896
"1993-06-21",1993-06-21,0.0062111801242236,848000,-0.198019801980199,10.125,0.00617283950617287,10.0625,10.125,3352,-0.975609756097562,-0.0816688119777357
"1993-06-22",1993-06-22,0.00925925925925926,417200,-0.190594059405941,10.21875,0.0152905198776758,0,10.21875,0,2.47706422018347,0.00826655893070639
"1993-06-23",1993-06-23,0.00305810397553517,468800,-0.188118811881189,10.25,0.0182926829268293,0,10.25,0,1.19634146341464,0.0380435254748819
"1993-06-24",1993-06-24,0.00609756097560976,623200,-0.183168316831684,10.3125,0.0242424242424243,0,10.3125,0,1.32525252525253,0.0973007181186915
"1993-06-25",1993-06-25,0,558400,-0.183168316831684,10.3125,0.0242424242424243,0,10.3125,0,-1,0.0973007181186915
"1993-06-28",1993-06-28,0.0121212121212121,1208800,-0.173267326732674,10.4375,0.0359281437125748,0,10.4375,0,1.48203592814371,0.214653018072601
"1993-06-29",1993-06-29,0.00598802395209581,1200400,-0.168316831683169,10.5,0.0416666666666666,0,10.5,0,1.15972222222222,0.272761959731912
"1993-06-30",1993-06-30,0,824800,-0.168316831683169,10.5,0.0416666666666666,0,10.5,0,-1,0.272761959731912
"1993-07-01",1993-07-01,0.00892857142857143,979600,-0.160891089108911,10.59375,0.0501474926253688,0,10.59375,0,1.20353982300885,0.359235185108701
"1993-07-02",1993-07-02,-0.00294985250737463,478800,-0.163366336633664,10.5625,0.0473372781065089,10.0625,10.59375,3362,-1.01538461538462,0.330501712545418
"1993-07-06",1993-07-06,0.0118343195266272,455200,-0.153465346534654,10.6875,0.0116959064327485,10.5625,10.6875,3362,-0.93939393939394,0.190568714891915
"1993-07-07",1993-07-07,0.00584795321637427,509200,-0.148514851485149,10.75,0.0174418604651163,0,10.75,0,1.49127906976744,0.2487180542841
"1993-07-08",1993-07-08,0.0116279069767442,890400,-0.138613861386139,10.875,0.0287356321839081,0,10.875,0,1.64750957854406,0.363939600130425
"1993-07-09",1993-07-09,0.0172413793103448,596800,-0.123762376237624,11.0625,0.0451977401129944,0,11.0625,0,1.5728813559322,0.534170369007176
"1993-07-12",1993-07-12,-0.0141242937853107,175600,-0.136138613861387,10.90625,0.0315186246418339,10.5625,11.0625,3367,-1.1,0.392525084810242
"1993-07-13",1993-07-13,-0.00859598853868195,502400,-0.143564356435644,10.8125,0.023121387283237,10.5625,11.0625,0,-1.05454545454545,0.306506273962951
"1993-07-14",1993-07-14,-0.0115606936416185,492400,-0.153465346534654,10.6875,0.0116959064327485,10.5625,11.0625,0,-1.06896551724138,0.190568714891914
"1993-07-15",1993-07-15,-0.0175438596491228,492800,-0.168316831683169,10.5,0,10.5,10.90625,3370,-1.09677419354839,0.046248551142221
"1993-07-16",1993-07-16,0,330400,-0.168316831683169,10.5,0,10.5,10.5,3370,-1,0.046248551142221
"1993-07-19",1993-07-19,-0.0238095238095238,662000,-0.188118811881189,10.25,0,0,10.5,3372,-1.11764705882353,-0.0614013856132762
"1993-07-20",1993-07-20,-0.00609756097560976,508400,-0.193069306930694,10.1875,0,10.1875,10.25,3373,-1.02631578947368,-0.0883138698021498
"1993-07-21",1993-07-21,-0.00613496932515337,759600,-0.198019801980199,10.125,0,10.125,10.1875,3374,-1.02564102564103,-0.115226353991024
"1993-07-22",1993-07-22,0.00617283950617284,84400,-0.193069306930694,10.1875,0.00613496932515334,10.125,10.1875,3374,-0.975,-0.0549622022797415
"1993-07-23",1993-07-23,-0.0184049079754601,614000,-0.207920792079209,10,0,0,10.1875,3376,-1.07692307692308,-0.169051322368772
"1993-07-26",1993-07-26,0.015625,580000,-0.195544554455446,10.15625,0.0153846153846153,10,10.15625,3376,-0.940476190476191,-0.0181343918019322
"1993-07-27",1993-07-27,0.00923076923076923,672800,-0.188118811881189,10.25,0.024390243902439,0,10.25,0,1.58536585365854,0.0711918291709331
"1993-07-28",1993-07-28,0.0121951219512195,261600,-0.178217821782179,10.375,0.036144578313253,0,10.375,0,1.48192771084337,0.188917142022999
"1993-07-29",1993-07-29,0.00602409638554217,125200,-0.173267326732674,10.4375,0.0419161676646707,0,10.4375,0,1.15968063872255,0.247205843259143
"1993-07-30",1993-07-30,0,157200,-0.173267326732674,10.4375,0.0419161676646707,0,10.4375,0,-1,0.247205843259143
"1993-08-02",1993-08-02,0,421200,-0.173267326732674,10.4375,0.0419161676646707,0,10.4375,0,-1,0.247205843259143
"1993-08-03",1993-08-03,0.00598802395209581,482400,-0.168316831683169,10.5,0.0476190476190477,0,10.5,0,1.13605442176871,0.305121018101867
"1993-08-04",1993-08-04,0,216000,-0.168316831683169,10.5,0.0476190476190477,0,10.5,0,-1,0.305121018101867
"1993-08-05",1993-08-05,0,136400,-0.168316831683169,10.5,0.0476190476190477,0,10.5,0,-1,0.305121018101867
"1993-08-06",1993-08-06,-0.0119047619047619,262000,-0.178217821782179,10.375,0.036144578313253,10,10.5,3386,-1.05882352941176,0.188917142023
"1993-08-09",1993-08-09,0.0120481927710843,232000,-0.168316831683169,10.5,0.0119047619047619,10.375,10.5,3386,-0.944444444444445,0.110966667882132
"1993-08-10",1993-08-10,-0.0119047619047619,383600,-0.178217821782179,10.375,0,0,10.5,3388,-1.05882352941176,-0.00757641723552731
"1993-08-11",1993-08-11,0.0240963855421687,282800,-0.158415841584159,10.625,0.0235294117647059,10.375,10.625,3388,-0.888888888888889,0.227986973782383
"1993-08-12",1993-08-12,-0.0176470588235294,228400,-0.173267326732674,10.4375,0.00598802395209586,10.375,10.625,3390,-1.09375,0.0518888921398889
"1993-08-13",1993-08-13,0,105600,-0.173267326732674,10.4375,0.00598802395209586,10.375,10.625,0,-1,0.0518888921398889
"1993-08-16",1993-08-16,-0.00598802395209581,561200,-0.178217821782179,10.375,0,10.375,10.4375,3392,-1.02857142857143,-0.00757641723552791
"1993-08-17",1993-08-17,0,114400,-0.178217821782179,10.375,0,10.375,10.375,3392,-1,-0.00757641723552791
"1993-08-18",1993-08-18,0.00602409638554217,769200,-0.173267326732674,10.4375,0.00598802395209586,0,10.4375,0,-0.972222222222222,0.0518888921398889
"1993-08-19",1993-08-19,-0.0119760479041916,278000,-0.183168316831684,10.3125,0,0,10.4375,3395,-1.05714285714286,-0.0344889014244015
"1993-08-20",1993-08-20,-0.00606060606060606,336000,-0.188118811881189,10.25,0,10.25,10.3125,3396,-1.02702702702703,-0.0614013856132756
"1993-08-23",1993-08-23,-0.00609756097560976,327200,-0.193069306930694,10.1875,0,10.1875,10.25,3397,-1.02631578947368,-0.0883138698021498
"1993-08-24",1993-08-24,0,910400,-0.193069306930694,10.1875,0,10.1875,10.1875,3397,-1,-0.0883138698021498
"1993-08-25",1993-08-25,0.0122699386503067,1312000,-0.183168316831684,10.3125,0.0121212121212121,0,10.3125,0,-0.948717948717949,0.0314059083471441
"1993-08-26",1993-08-26,-0.0151515151515152,109200,-0.195544554455446,10.15625,0,0,10.3125,3400,-1.06756756756757,-0.101770111896587
"1993-08-27",1993-08-27,0.00307692307692308,464800,-0.193069306930694,10.1875,0.00306748466257667,10.15625,10.1875,3400,-0.9873417721519,-0.0716380360409469
"1993-08-30",1993-08-30,-0.00306748466257669,428000,-0.195544554455446,10.15625,0,0,10.1875,3402,-1.01282051282051,-0.101770111896587
"1993-08-31",1993-08-31,-0.00923076923076923,218000,-0.202970297029704,10.0625,0,10.0625,10.15625,3403,-1.0379746835443,-0.142138838179899
"1993-09-01",1993-09-01,0,755600,-0.202970297029704,10.0625,0,10.0625,10.0625,3403,-1,-0.142138838179899
"1993-09-02",1993-09-02,0,99600,-0.202970297029704,10.0625,0,0,10.0625,0,-1,-0.142138838179899
"1993-09-03",1993-09-03,0.0062111801242236,201600,-0.198019801980199,10.125,0.00617283950617287,0,10.125,0,-0.975609756097562,-0.0816688119777375
"1993-09-07",1993-09-07,-0.00617283950617284,375200,-0.202970297029704,10.0625,0,0,10.125,3407,-1.025,-0.142138838179899
"1993-09-08",1993-09-08,-0.0124223602484472,658400,-0.212871287128714,9.9375,0,9.9375,10.0625,3408,-1.04878048780488,-0.195963806557648
"1993-09-09",1993-09-09,0.0188679245283019,1060400,-0.198019801980199,10.125,0.0185185185185185,9.9375,10.125,3408,-0.930232558139536,-0.0145537279511634
"1993-09-10",1993-09-10,0.037037037037037,563200,-0.168316831683169,10.5,0.0535714285714286,0,10.5,0,2.89285714285715,0.337480076471822
"1993-09-13",1993-09-13,0.0119047619047619,144400,-0.158415841584159,10.625,0.0647058823529412,0,10.625,0,1.2078431372549,0.451835518741604
"1993-09-14",1993-09-14,-0.0176470588235294,290400,-0.173267326732674,10.4375,0.0479041916167665,9.9375,10.625,3412,-1.09375,0.279758668445684
"1993-09-15",1993-09-15,0,220400,-0.173267326732674,10.4375,0.0479041916167665,9.9375,10.625,0,-1,0.279758668445684
"1993-09-16",1993-09-16,-0.0119760479041916,110000,-0.183168316831684,10.3125,0.0363636363636364,9.9375,10.625,0,-1.05714285714286,0.163195527890235
"1993-09-17",1993-09-17,-0.0121212121212121,460000,-0.193069306930694,10.1875,0.0245398773006135,9.9375,10.625,0,-1.05405405405405,0.0450928002874814
"1993-09-20",1993-09-20,-0.0184049079754601,516400,-0.207920792079209,10,0.00624999999999998,9.9375,10.625,0,-1.07692307692308,-0.135074311080321
"1993-09-21",1993-09-21,0,364400,-0.207920792079209,10,0.00624999999999998,9.9375,10.625,0,-1,-0.135074311080321
"1993-09-22",1993-09-22,-0.0125,152800,-0.217821782178219,9.875,0,9.875,10.4375,3418,-1.04761904761905,-0.222876290746522
"1993-09-23",1993-09-23,0.00632911392405063,444000,-0.212871287128714,9.9375,0.00628930817610063,9.875,9.9375,3418,-0.977272727272727,-0.161773103374298
"1993-09-24",1993-09-24,0.0251572327044025,514400,-0.193069306930694,10.1875,0.0306748466257669,0,10.1875,0,4.87730061349694,0.0784444678098909
"1993-09-27",1993-09-27,0.00613496932515337,138800,-0.188118811881189,10.25,0.0365853658536586,0,10.25,0,1.19268292682927,0.137488436563036
"1993-09-28",1993-09-28,0.00609756097560976,448400,-0.183168316831684,10.3125,0.0424242424242425,0,10.3125,0,1.15959595959596,0.196142932776009
"1993-09-29",1993-09-29,0,446000,-0.183168316831684,10.3125,0.0424242424242425,0,10.3125,0,-1,0.196142932776009
"1993-09-30",1993-09-30,0.00606060606060606,651600,-0.178217821782179,10.375,0.0481927710843374,0,10.375,0,1.13597246127367,0.254414995109174
"1993-10-01",1993-10-01,0.0271084337349398,410400,-0.155940594059407,10.65625,0.0733137829912024,0,10.65625,0,1.52126099706745,0.512087078781015
"1993-10-04",1993-10-04,0.0117302052785924,324800,-0.146039603960397,10.78125,0.0840579710144927,0,10.78125,0,1.14655072463768,0.62432091079918
"1993-10-05",1993-10-05,0.00289855072463768,509200,-0.143564356435645,10.8125,0.0867052023121387,0,10.8125,0,1.0314929240582,0.65216835412294
"1993-10-06",1993-10-06,-0.0289017341040462,600400,-0.168316831683169,10.5,0.0595238095238095,9.875,10.8125,3428,-1.17241379310345,0.369839134841777
"1993-10-07",1993-10-07,-0.00297619047619048,550400,-0.170792079207922,10.46875,0.0567164179104478,9.875,10.8125,0,-1.01470588235294,0.341121008501211
"1993-10-08",1993-10-08,0,302800,-0.170792079207922,10.46875,0.0567164179104478,9.875,10.8125,0,-1,0.341121008501211
"1993-10-11",1993-10-11,-0.0149253731343284,742400,-0.183168316831684,10.3125,0.0424242424242425,9.875,10.8125,0,-1.07246376811594,0.196142932776009
"1993-10-12",1993-10-12,0,616000,-0.183168316831684,10.3125,0.0424242424242425,9.875,10.8125,0,-1,0.196142932776009
"1993-10-13",1993-10-13,0,396400,-0.183168316831684,10.3125,0.0424242424242425,9.875,10.8125,0,-1,0.196142932776009
"1993-10-14",1993-10-14,0.0242424242424242,412000,-0.163366336633665,10.5625,0.0650887573964497,9.875,10.8125,0,1.53423499577346,0.427004466500786
"1993-10-15",1993-10-15,0.0029585798816568,564400,-0.160891089108912,10.59375,0.0678466076696165,9.875,10.8125,0,1.04237060874229,0.455453270173344
"1993-10-18",1993-10-18,0.00589970501474926,311200,-0.155940594059407,10.65625,0.0733137829912024,9.875,10.8125,0,1.08058141017468,0.512087078781015
"1993-10-19",1993-10-19,-0.0146627565982405,108400,-0.168316831683169,10.5,0.0595238095238095,9.875,10.8125,0,-1.07936507936508,0.369839134841777
"1993-10-20",1993-10-20,0.0238095238095238,433600,-0.14851485148515,10.75,0.0813953488372093,9.875,10.8125,0,1.36744186046512,0.596389797700831
"1993-10-21",1993-10-21,0,204800,-0.14851485148515,10.75,0.0813953488372093,9.875,10.8125,0,-1,0.596389797700831
"1993-10-22",1993-10-22,0.00290697674418605,492800,-0.146039603960397,10.78125,0.0840579710144927,9.875,10.8125,0,1.03271221532091,0.624320910799179
"1993-10-25",1993-10-25,-0.00869565217391304,292800,-0.153465346534655,10.6875,0.0760233918128655,9.875,10.8125,0,-1.05084745762712,0.540273626398803
"1993-10-26",1993-10-26,-0.0233918128654971,674000,-0.173267326732674,10.4375,0.0538922155688623,9.875,10.8125,0,-1.12903225806452,0.312311493632225
"1993-10-27",1993-10-27,-0.00898203592814371,459600,-0.180693069306932,10.34375,0.0453172205438066,9.875,10.8125,0,-1.04285714285714,0.225326334906554
"1993-10-28",1993-10-28,0.00906344410876133,332000,-0.173267326732674,10.4375,0.0538922155688623,9.875,10.8125,0,1.18922155688623,0.312311493632225
"1993-10-29",1993-10-29,-0.0239520958083832,521200,-0.193069306930694,10.1875,0.0306748466257669,9.875,10.8125,0,-1.11428571428571,0.0784444678098902
"1993-11-01",1993-11-01,0.0122699386503067,694000,-0.183168316831684,10.3125,0.0424242424242425,9.875,10.8125,0,1.3830303030303,0.196142932776008
"1993-11-02",1993-11-02,0.00606060606060606,883200,-0.178217821782179,10.375,0.0481927710843374,9.875,10.8125,0,1.13597246127367,0.254414995109173
"1993-11-03",1993-11-03,-0.0180722891566265,920000,-0.193069306930694,10.1875,0.0306748466257669,9.875,10.8125,0,-1.08333333333333,0.0784444678098896
"1993-11-04",1993-11-04,-0.0245398773006135,1284400,-0.212871287128714,9.9375,0.00628930817610063,9.875,10.8125,0,-1.1025641025641,-0.161773103374299
"1993-11-05",1993-11-05,0.00628930817610063,787600,-0.207920792079209,10,0.0125,9.875,10.8125,0,1.98749999999999,-0.101097299791868
"1993-11-08",1993-11-08,-0.01875,429600,-0.222772277227724,9.8125,0,9.8125,10.78125,3451,-1.07142857142857,-0.249788774935397
"1993-11-09",1993-11-09,0.00955414012738853,772800,-0.215346534653466,9.90625,0.00946372239747639,9.8125,9.90625,3451,-0.966666666666667,-0.15797220821531
"1993-11-10",1993-11-10,0.00946372239747634,1149600,-0.207920792079209,10,0.01875,0,10,0,1.98124999999999,-0.0671202885034137
"1993-11-11",1993-11-11,-0.009375,330800,-0.215346534653466,9.90625,0.00946372239747639,9.8125,10,3454,-1.03571428571429,-0.15797220821531
"1993-11-12",1993-11-12,-0.0220820189274448,531600,-0.232673267326734,9.6875,0,9.6875,9.90625,3455,-1.08045977011494,-0.303613743313145
"1993-11-15",1993-11-15,-0.0193548387096774,859600,-0.247524752475249,9.5,0,9.5,9.6875,3456,-1.06382978723404,-0.384351195879767
"1993-11-16",1993-11-16,0.0328947368421053,2046400,-0.222772277227724,9.8125,0.0318471337579618,9.5,9.8125,3456,-0.9,-0.0766575072235311
"1993-11-17",1993-11-17,-0.00955414012738853,1465600,-0.230198019801981,9.71875,0.022508038585209,9.5,9.8125,3458,-1.03333333333333,-0.167796560244213
"1993-11-18",1993-11-18,-0.022508038585209,855600,-0.247524752475248,9.5,0,9.5,9.71875,3459,-1.0752688172043,-0.384351195879767
"1993-11-19",1993-11-19,0.00328947368421053,1436800,-0.245049504950496,9.53125,0.00327868852459012,9.5,9.53125,3459,-0.99,-0.353070947863519
"1993-11-22",1993-11-22,-0.00983606557377049,366400,-0.252475247524753,9.4375,0,0,9.53125,3461,-1.03030303030303,-0.411263680068641
"1993-11-23",1993-11-23,-0.00662251655629139,468800,-0.257425742574258,9.375,0,9.375,9.4375,3462,-1.01960784313725,-0.438176164257515
"1993-11-24",1993-11-24,-0.00666666666666667,482400,-0.262376237623763,9.3125,0,9.3125,9.375,3463,-1.01923076923077,-0.46508864844639
"1993-11-26",1993-11-26,0.00335570469798658,301600,-0.259900990099011,9.34375,0.00334448160535117,9.3125,9.34375,3463,-0.990566037735849,-0.433450728070505
"1993-11-29",1993-11-29,0.0100334448160535,348400,-0.252475247524753,9.4375,0.0132450331125827,0,9.4375,0,3.96026490066224,-0.339259417735495
"1993-11-30",1993-11-30,0.00662251655629139,641600,-0.247524752475248,9.5,0.0197368421052632,0,9.5,0,1.49013157894737,-0.277055370758334
"1993-12-01",1993-12-01,0.0263157894736842,811200,-0.227722772277229,9.75,0.0448717948717948,0,9.75,0,2.27350427350427,-0.0327637421815266
"1993-12-02",1993-12-02,0.0224358974358974,1686800,-0.210396039603961,9.96875,0.0658307210031348,0,9.96875,0,1.46708463949843,0.175369419640877
"1993-12-03",1993-12-03,0.00940438871473354,990400,-0.202970297029704,10.0625,0.0745341614906833,0,10.0625,0,1.13220940550133,0.263052849235199
"1993-12-06",1993-12-06,0,505600,-0.202970297029704,10.0625,0.0745341614906833,0,10.0625,0,-1,0.263052849235199
"1993-12-07",1993-12-07,0.0031055900621118,632400,-0.200495049504952,10.09375,0.0773993808049536,0,10.09375,0,1.03844169246646,0.292085345567213
"1993-12-08",1993-12-08,0.00309597523219814,662800,-0.198019801980199,10.125,0.0802469135802469,0,10.125,0,1.03679012345679,0.321021692181711
"1993-12-09",1993-12-09,0.00308641975308642,188400,-0.195544554455446,10.15625,0.083076923076923,0,10.15625,0,1.03526627218935,0.349862776614548
"1993-12-10",1993-12-10,0.0153846153846154,826000,-0.183168316831684,10.3125,0.0969696969696969,0,10.3125,0,1.1672278338945,0.492669576747967
"1993-12-13",1993-12-13,0,1081200,-0.183168316831684,10.3125,0.0969696969696969,0,10.3125,0,-1,0.492669576747967
"1993-12-14",1993-12-14,-0.00606060606060606,1133200,-0.188118811881189,10.25,0.0914634146341463,9.3125,10.3125,3476,-1.02702702702703,0.435823169827506
"1993-12-15",1993-12-15,-0.00609756097560976,426400,-0.193069306930694,10.1875,0.0858895705521472,9.3125,10.3125,0,-1.02631578947368,0.378609475511565
"1993-12-16",1993-12-16,-0.0245398773006135,579200,-0.212871287128714,9.9375,0.0628930817610063,9.3125,10.3125,0,-1.1025641025641,0.145943225275847
"1993-12-17",1993-12-17,0,1196800,-0.212871287128714,9.9375,0.0628930817610063,9.3125,10.3125,0,-1,0.145943225275847
"1993-12-20",1993-12-20,0,733600,-0.212871287128714,9.9375,0.0628930817610063,9.3125,10.3125,0,-1,0.145943225275847
"1993-12-21",1993-12-21,0.0125786163522013,1284400,-0.202970297029704,10.0625,0.0745341614906833,9.3125,10.3125,0,1.18509316770186,0.263052849235199
"1993-12-22",1993-12-22,0,753600,-0.202970297029704,10.0625,0.0745341614906833,9.3125,10.3125,0,-1,0.263052849235199
"1993-12-23",1993-12-23,-0.0062111801242236,357200,-0.207920792079209,10,0.06875,9.3125,10.3125,0,-1.02439024390244,0.204695801804215
"1993-12-27",1993-12-27,0.0125,223600,-0.198019801980199,10.125,0.0802469135802469,9.3125,10.3125,0,1.1672278338945,0.321021692181711
"1993-12-28",1993-12-28,0.0123456790123457,495200,-0.188118811881189,10.25,0.0914634146341463,9.3125,10.3125,0,1.13977485928705,0.435823169827506
"1993-12-29",1993-12-29,-0.00609756097560976,606000,-0.193069306930694,10.1875,0.0858895705521472,9.3125,10.3125,0,-1.02631578947368,0.378609475511565
"1993-12-30",1993-12-30,-0.0122699386503067,534400,-0.202970297029704,10.0625,0.0745341614906833,9.3125,10.3125,0,-1.05128205128205,0.263052849235198
"1993-12-31",1993-12-31,-0.015527950310559,986800,-0.215346534653466,9.90625,0.0599369085173501,9.3125,10.3125,0,-1.0609756097561,0.116416274114157
"1994-01-03",1994-01-03,0.00315457413249211,256400,-0.212871287128714,9.9375,0.0628930817610063,9.3125,10.3125,0,1.04932141674942,0.145943225275846
"1994-01-04",1994-01-04,0.0125786163522013,798400,-0.202970297029704,10.0625,0.0745341614906833,9.3125,10.3125,0,1.18509316770186,0.263052849235198
"1994-01-05",1994-01-05,0,789600,-0.202970297029704,10.0625,0.0745341614906833,9.3125,10.3125,0,-1,0.263052849235198
"1994-01-06",1994-01-06,-0.0093167701863354,1582400,-0.210396039603961,9.96875,0.0658307210031348,9.3125,10.3125,0,-1.03658536585366,0.175369419640876
"1994-01-07",1994-01-07,-0.00313479623824451,213200,-0.212871287128714,9.9375,0.0628930817610063,9.3125,10.3125,0,-1.01176470588235,0.145943225275846
"1994-01-10",1994-01-10,0.00628930817610063,359600,-0.207920792079209,10,0.06875,9.3125,10.3125,0,1.093125,0.204695801804215
"1994-01-11",1994-01-11,0.00625,220800,-0.202970297029704,10.0625,0.0745341614906833,9.3125,10.3125,0,1.0841332580463,0.263052849235199
"1994-01-12",1994-01-12,-0.0062111801242236,554000,-0.207920792079209,10,0.06875,9.3125,10.3125,0,-1.02439024390244,0.204695801804215
"1994-01-13",1994-01-13,-0.00625,1012400,-0.212871287128714,9.9375,0.0628930817610063,9.3125,10.3125,0,-1.02380952380952,0.145943225275847
"1994-01-14",1994-01-14,0.00628930817610063,213200,-0.207920792079209,10,0.06875,9.3125,10.3125,0,1.093125,0.204695801804215
"1994-01-17",1994-01-17,-0.003125,324400,-0.210396039603961,9.96875,0.0658307210031348,9.3125,10.3125,0,-1.01190476190476,0.175369419640876
"1994-01-18",1994-01-18,0,130000,-0.210396039603961,9.96875,0.0658307210031348,9.3125,10.3125,0,-1,0.175369419640876
"1994-01-19",1994-01-19,-0.00313479623824451,350400,-0.212871287128714,9.9375,0.0628930817610063,9.3125,10.3125,0,-1.01176470588235,0.145943225275847
"1994-01-20",1994-01-20,0.0125786163522013,251600,-0.202970297029704,10.0625,0.0745341614906833,9.3125,10.3125,0,1.18509316770186,0.263052849235199
"1994-01-21",1994-01-21,0.0062111801242236,590000,-0.198019801980199,10.125,0.0802469135802469,9.3125,10.3125,0,1.07664609053498,0.321021692181711
"1994-01-24",1994-01-24,0,528800,-0.198019801980199,10.125,0.0802469135802469,9.3125,10.3125,0,-1,0.321021692181711
"1994-01-25",1994-01-25,-0.0123456790123457,353600,-0.207920792079209,10,0.06875,9.3125,10.3125,0,-1.05,0.204695801804214
"1994-01-26",1994-01-26,-0.00625,43600,-0.212871287128714,9.9375,0.0628930817610063,9.3125,10.3125,0,-1.02380952380952,0.145943225275846
"1994-01-27",1994-01-27,0.0188679245283019,188000,-0.198019801980199,10.125,0.0802469135802469,9.3125,10.3125,0,1.27592592592593,0.321021692181711
"1994-01-28",1994-01-28,0.037037037037037,1215600,-0.16831683168317,10.5,0.0565476190476191,9.90625,10.5,3476,-0.850000000000001,0.353659605656798
"1994-01-31",1994-01-31,0.0238095238095238,687600,-0.14851485148515,10.75,0.0784883720930233,0,10.75,0,1.38800489596083,0.580586536636433
"1994-02-01",1994-02-01,-0.00581395348837209,565600,-0.153465346534655,10.6875,0.0730994152046783,9.90625,10.75,3510,-1.03333333333333,0.524377948603033
"1994-02-02",1994-02-02,0.00584795321637427,707200,-0.14851485148515,10.75,0.0058139534883721,10.6875,10.75,3510,-0.967741935483872,0.185505010026507
"1994-02-03",1994-02-03,-0.00872093023255814,311600,-0.155940594059407,10.65625,0,0,10.75,3512,-1.05,0.113529761614402
"1994-02-04",1994-02-04,-0.00293255131964809,446800,-0.15841584158416,10.625,0,10.625,10.65625,3513,-1.01587301587302,0.100073519519965
"1994-02-07",1994-02-07,-0.0352941176470588,683200,-0.188118811881189,10.25,0,10.25,10.625,3514,-1.1875,-0.0614013856132793
"1994-02-08",1994-02-08,-0.024390243902439,592400,-0.207920792079209,10,0,10,10.25,3515,-1.10526315789474,-0.169051322368776
"1994-02-09",1994-02-09,0.00625,499600,-0.202970297029704,10.0625,0.00621118012422361,10,10.0625,3515,-0.976190476190476,-0.108372864228643
"1994-02-10",1994-02-10,-0.0062111801242236,423200,-0.207920792079209,10,0,0,10.0625,3517,-1.02439024390244,-0.169051322368776
"1994-02-11",1994-02-11,0.00625,342800,-0.202970297029704,10.0625,0.00621118012422361,10,10.0625,3517,-0.976190476190476,-0.108372864228643
"1994-02-14",1994-02-14,0,142400,-0.202970297029704,10.0625,0.00621118012422361,0,10.0625,0,-1,-0.108372864228643
"1994-02-15",1994-02-15,-0.0124223602484472,180000,-0.212871287128714,9.9375,0,0,10.0625,3520,-1.04878048780488,-0.195963806557649
"1994-02-16",1994-02-16,0.0251572327044025,476400,-0.193069306930694,10.1875,0.0245398773006135,9.9375,10.1875,3520,-0.906976744186047,0.0450928002874802
"1994-02-17",1994-02-17,0.00613496932515337,402800,-0.188118811881189,10.25,0.0304878048780488,0,10.25,0,1.24237804878049,0.104340132866982
"1994-02-18",1994-02-18,0.0121951219512195,625600,-0.178217821782179,10.375,0.0421686746987951,0,10.375,0,1.38313253012048,0.221666068566084
"1994-02-22",1994-02-22,0.0150602409638554,958000,-0.165841584158417,10.53125,0.0563798219584569,0,10.53125,0,1.33700720644341,0.366203648776413
"1994-02-23",1994-02-23,-0.0029673590504451,442800,-0.16831683168317,10.5,0.0535714285714286,9.9375,10.53125,3525,-1.01492537313433,0.33748007647182
"1994-02-24",1994-02-24,0,667600,-0.16831683168317,10.5,0.0535714285714286,9.9375,10.53125,0,-1,0.33748007647182
"1994-02-25",1994-02-25,0.0238095238095238,847600,-0.14851485148515,10.75,0.0232558139534884,10.5,10.75,3525,-0.882352941176473,0.280324576412889
"1994-02-28",1994-02-28,-0.0116279069767442,509200,-0.15841584158416,10.625,0.0117647058823529,10.5,10.75,3528,-1.06666666666667,0.164030246651171
"1994-03-01",1994-03-01,0,311200,-0.15841584158416,10.625,0.0117647058823529,10.5,10.75,0,-1,0.164030246651171
"1994-03-02",1994-03-02,-0.00588235294117647,1153600,-0.163366336633665,10.5625,0.00591715976331364,10.5,10.75,0,-1.03125,0.105328619982882
"1994-03-03",1994-03-03,-0.00591715976331361,871200,-0.16831683168317,10.5,0,10.5,10.625,3531,-1.03030303030303,0.0462485511422168
"1994-03-04",1994-03-04,-0.00595238095238095,719200,-0.173267326732675,10.4375,0,10.4375,10.5,3532,-1.02941176470588,0.0193360669533426
"1994-03-07",1994-03-07,0,1696000,-0.173267326732675,10.4375,0,10.4375,10.4375,3532,-1,0.0193360669533426
"1994-03-08",1994-03-08,0,771600,-0.173267326732675,10.4375,0,0,10.4375,0,-1,0.0193360669533426
"1994-03-09",1994-03-09,-0.0029940119760479,537200,-0.175742574257427,10.40625,0,0,10.4375,3535,-1.01428571428571,0.00587982485890555
"1994-03-10",1994-03-10,0,253600,-0.175742574257427,10.40625,0,10.40625,10.40625,3535,-1,0.00587982485890555
"1994-03-11",1994-03-11,-0.003003003003003,128000,-0.17821782178218,10.375,0,0,10.40625,3537,-1.01408450704225,-0.00757641723553153
"1994-03-14",1994-03-14,0.0120481927710843,122400,-0.16831683168317,10.5,0.0119047619047619,10.375,10.5,3537,-0.944444444444445,0.110966667882128
"1994-03-15",1994-03-15,-0.0119047619047619,536800,-0.17821782178218,10.375,0,0,10.5,3539,-1.05882352941176,-0.00757641723553153
"1994-03-16",1994-03-16,0.00301204819277108,471200,-0.175742574257427,10.40625,0.00300300300300305,10.375,10.40625,3539,-0.986111111111112,0.0222051155680721
"1994-03-17",1994-03-17,-0.003003003003003,173600,-0.17821782178218,10.375,0,0,10.40625,3541,-1.01408450704225,-0.00757641723553153
"1994-03-18",1994-03-18,0.0180722891566265,665600,-0.163366336633665,10.5625,0.0177514792899408,10.375,10.5625,3541,-0.916666666666668,0.169663789286461
"1994-03-21",1994-03-21,0.0118343195266272,494800,-0.153465346534655,10.6875,0.0292397660818714,0,10.6875,0,1.64717348927876,0.285942781666517
"1994-03-22",1994-03-22,0,674800,-0.153465346534655,10.6875,0.0292397660818714,0,10.6875,0,-1,0.285942781666517
"1994-03-23",1994-03-23,0,836000,-0.153465346534655,10.6875,0.0292397660818714,0,10.6875,0,-1,0.285942781666517
"1994-03-24",1994-03-24,-0.0087719298245614,631200,-0.160891089108912,10.59375,0.0206489675516224,10.375,10.6875,3546,-1.04838709677419,0.19887171000095
"1994-03-25",1994-03-25,0.0147492625368732,410800,-0.14851485148515,10.75,0.0145348837209303,10.59375,10.75,3546,-0.923076923076924,0.232914793219699
"1994-03-28",1994-03-28,-0.0116279069767442,66400,-0.15841584158416,10.625,0.00294117647058822,10.59375,10.75,3548,-1.06666666666667,0.116062701302767
"1994-03-29",1994-03-29,0.0117647058823529,116800,-0.14851485148515,10.75,0.0116279069767442,10.625,10.75,3548,3.95348837209304,0.217111532155301
"1994-03-30",1994-03-30,-0.0232558139534884,412400,-0.16831683168317,10.5,0,0,10.75,3550,-1.13333333333333,0.0462485511422168
"1994-03-31",1994-03-31,-0.0119047619047619,329200,-0.17821782178218,10.375,0,10.375,10.5,3551,-1.05882352941176,-0.00757641723553153
"1994-04-04",1994-04-04,0,394000,-0.17821782178218,10.375,0,10.375,10.375,3551,-1,-0.00757641723553153
"1994-04-05",1994-04-05,0.0120481927710843,423600,-0.16831683168317,10.5,0.0119047619047619,0,10.5,0,-0.944444444444445,0.110966667882128
"1994-04-06",1994-04-06,-0.0119047619047619,262400,-0.17821782178218,10.375,0,0,10.5,3554,-1.05882352941176,-0.00757641723553153
"1994-04-07",1994-04-07,0,729600,-0.17821782178218,10.375,0,10.375,10.375,3554,-1,-0.00757641723553153
"1994-04-08",1994-04-08,0,79600,-0.17821782178218,10.375,0,0,10.375,0,-1,-0.00757641723553153
"1994-04-11",1994-04-11,0.00602409638554217,323200,-0.173267326732675,10.4375,0.00598802395209586,0,10.4375,0,-0.972222222222222,0.0518888921398853
"1994-04-12",1994-04-12,0.0119760479041916,152400,-0.163366336633665,10.5625,0.0177514792899408,0,10.5625,0,2.96449704142009,0.169663789286463
"1994-04-13",1994-04-13,0,262000,-0.163366336633665,10.5625,0.0177514792899408,0,10.5625,0,-1,0.169663789286463
"1994-04-14",1994-04-14,-0.0029585798816568,536000,-0.165841584158417,10.53125,0.0148367952522255,10.375,10.5625,3560,-1.01515151515152,0.140362386799748
"1994-04-15",1994-04-15,0.0029673590504451,336400,-0.163366336633665,10.5625,0.00295857988165682,10.53125,10.5625,3560,-0.985074626865671,0.0892448276569868
"1994-04-18",1994-04-18,-0.0118343195266272,675600,-0.173267326732675,10.4375,0,0,10.5625,3562,-1.06060606060606,0.0193360669533432
"1994-04-19",1994-04-19,0,676400,-0.173267326732675,10.4375,0,10.4375,10.4375,3562,-1,0.0193360669533432
"1994-04-20",1994-04-20,-0.00598802395209581,1508000,-0.178217821782179,10.375,0,0,10.4375,3564,-1.02857142857143,-0.00757641723553093
"1994-04-21",1994-04-21,0.00903614457831325,576000,-0.170792079207922,10.46875,0.008955223880597,10.375,10.46875,3564,-0.958333333333334,0.0814757879088475
"1994-04-22",1994-04-22,0.00895522388059702,872400,-0.163366336633665,10.5625,0.0177514792899408,0,10.5625,0,1.98224852071006,0.169663789286462
"1994-04-25",1994-04-25,0.00591715976331361,124000,-0.15841584158416,10.625,0.0235294117647059,0,10.625,0,1.32549019607843,0.227986973782378
"1994-04-26",1994-04-26,0.0176470588235294,504800,-0.143564356435645,10.8125,0.0404624277456648,0,10.8125,0,1.71965317919075,0.400777750370217
"1994-04-28",1994-04-28,-0.0346820809248555,278000,-0.173267326732675,10.4375,0.00598802395209586,10.375,10.8125,3569,-1.20689655172414,0.0518888921398853
"1994-04-29",1994-04-29,0,328000,-0.173267326732675,10.4375,0.00598802395209586,10.375,10.8125,0,-1,0.0518888921398853
"1994-05-02",1994-05-02,-0.0239520958083832,294400,-0.193069306930694,10.1875,0,10.1875,10.4375,3571,-1.11428571428571,-0.088313869802154
"1994-05-03",1994-05-03,0.00306748466257669,218000,-0.190594059405942,10.21875,0.00305810397553519,10.1875,10.21875,3571,-0.987179487179487,-0.0582327903800331
"1994-05-04",1994-05-04,0.00305810397553517,291600,-0.18811881188119,10.25,0.00609756097560976,0,10.25,0,1.99390243902438,-0.0282530819172275
"1994-05-05",1994-05-05,-0.00609756097560976,191600,-0.193069306930695,10.1875,0,0,10.25,3574,-1.02631578947368,-0.0883138698021546
"1994-05-06",1994-05-06,0,158800,-0.193069306930695,10.1875,0,10.1875,10.1875,3574,-1,-0.0883138698021546
"1994-05-09",1994-05-09,0.0122699386503067,245200,-0.183168316831685,10.3125,0.0121212121212121,0,10.3125,0,-0.948717948717949,0.0314059083471399
"1994-05-10",1994-05-10,0.0121212121212121,195600,-0.173267326732675,10.4375,0.0239520958083832,0,10.4375,0,1.97604790419162,0.149547367699511
"1994-05-11",1994-05-11,0.00598802395209581,306000,-0.16831683168317,10.5,0.0297619047619048,0,10.5,0,1.24255952380953,0.208043842991995
"1994-05-12",1994-05-12,-0.0119047619047619,99600,-0.17821782178218,10.375,0.0180722891566265,10.1875,10.5,3579,-1.05882352941176,0.0906703623937319
"1994-05-13",1994-05-13,0.0120481927710843,140400,-0.16831683168317,10.5,0.0119047619047619,10.375,10.5,3579,-0.944444444444445,0.110966667882128
"1994-05-16",1994-05-16,-0.0178571428571429,243200,-0.183168316831685,10.3125,0,0,10.5,3581,-1.08823529411765,-0.0344889014244069
"1994-05-17",1994-05-17,-0.0121212121212121,378000,-0.193069306930695,10.1875,0,10.1875,10.3125,3582,-1.05405405405405,-0.0883138698021546
"1994-05-18",1994-05-18,0.00613496932515337,824800,-0.18811881188119,10.25,0.00609756097560976,10.1875,10.25,3582,-0.974358974358975,-0.0282530819172281
"1994-05-19",1994-05-19,0.00609756097560976,414000,-0.183168316831685,10.3125,0.0121212121212121,0,10.3125,0,1.98787878787878,0.0314059083471393
"1994-05-20",1994-05-20,0.00606060606060606,361600,-0.17821782178218,10.375,0.0180722891566265,0,10.375,0,1.49096385542169,0.0906703623937313
"1994-05-23",1994-05-23,-0.00602409638554217,281200,-0.183168316831685,10.3125,0.0121212121212121,10.1875,10.375,3586,-1.02777777777778,0.0314059083471399
"1994-05-24",1994-05-24,-0.0121212121212121,416400,-0.193069306930695,10.1875,0,10.1875,10.3125,3587,-1.05405405405405,-0.0883138698021546
"1994-05-25",1994-05-25,0.00613496932515337,450000,-0.18811881188119,10.25,0.00609756097560976,10.1875,10.25,3587,-0.974358974358975,-0.0282530819172281
"1994-05-26",1994-05-26,-0.00609756097560976,254800,-0.193069306930695,10.1875,0,0,10.25,3589,-1.02631578947368,-0.0883138698021546
"1994-05-27",1994-05-27,0.00613496932515337,326400,-0.18811881188119,10.25,0.00609756097560976,10.1875,10.25,3589,-0.974358974358975,-0.0282530819172281
"1994-05-31",1994-05-31,0.0121951219512195,291200,-0.17821782178218,10.375,0.0180722891566265,0,10.375,0,2.96385542168674,0.0906703623937313
"1994-06-01",1994-06-01,-0.0120481927710843,152000,-0.18811881188119,10.25,0.00609756097560976,10.1875,10.375,3592,-1.05555555555556,-0.0282530819172281
"1994-06-02",1994-06-02,0.00609756097560976,54800,-0.183168316831685,10.3125,0.0121212121212121,10.1875,10.375,0,1.98787878787878,0.0314059083471393
"1994-06-03",1994-06-03,0.00909090909090909,126400,-0.175742574257427,10.40625,0.015015015015015,10.25,10.40625,3592,1.23873873873874,0.0875062784047388
"1994-06-06",1994-06-06,0.00900900900900901,172000,-0.16831683168317,10.5,0.0238095238095238,0,10.5,0,1.58571428571429,0.175684784622039
"1994-06-07",1994-06-07,0.00595238095238095,240000,-0.163366336633665,10.5625,0.0295857988165681,0,10.5625,0,1.24260355029586,0.233998958590041
"1994-06-08",1994-06-08,0,292400,-0.163366336633665,10.5625,0.0295857988165681,0,10.5625,0,-1,0.233998958590041
"1994-06-09",1994-06-09,0.00591715976331361,91600,-0.15841584158416,10.625,0.0352941176470588,0,10.625,0,1.19294117647059,0.291943700913584
"1994-06-10",1994-06-10,0,313600,-0.15841584158416,10.625,0.0352941176470588,0,10.625,0,-1,0.291943700913584
"1994-06-13",1994-06-13,0.00588235294117647,185200,-0.153465346534655,10.6875,0.0409356725146199,0,10.6875,0,1.1598440545809,0.349525492849587
"1994-06-14",1994-06-14,-0.00292397660818713,276400,-0.155940594059408,10.65625,0.0381231671554252,10.25,10.6875,3601,-1.01612903225806,0.320779566541038
"1994-06-15",1994-06-15,0.0146627565982405,679200,-0.143564356435645,10.8125,0.0144508670520231,10.65625,10.8125,3601,-0.920634920634921,0.259370535759311
"1994-06-16",1994-06-16,0,273200,-0.143564356435645,10.8125,0.0144508670520231,0,10.8125,0,-1,0.259370535759311
"1994-06-17",1994-06-17,-0.0289017341040462,864000,-0.16831683168317,10.5,0,0,10.8125,3604,-1.17241379310345,0.046248551142215
"1994-06-20",1994-06-20,-0.0297619047619048,713600,-0.193069306930695,10.1875,0,10.1875,10.5,3605,-1.14705882352941,-0.0883138698021558
"1994-06-21",1994-06-21,0.00613496932515337,944800,-0.18811881188119,10.25,0.00609756097560976,10.1875,10.25,3605,-0.974358974358975,-0.0282530819172293
"1994-06-22",1994-06-22,0.0213414634146341,450800,-0.170792079207923,10.46875,0.0268656716417911,0,10.46875,0,4.40597014925374,0.178842745630981
"1994-06-23",1994-06-23,-0.00597014925373134,184000,-0.175742574257428,10.40625,0.021021021021021,10.1875,10.46875,3608,-1.02898550724638,0.120156859823071
"1994-06-24",1994-06-24,-0.015015015015015,140800,-0.18811881188119,10.25,0.00609756097560976,10.1875,10.46875,0,-1.07042253521127,-0.0282530819172293
"1994-06-27",1994-06-27,0,410400,-0.18811881188119,10.25,0.00609756097560976,10.1875,10.46875,0,-1,-0.0282530819172293
"1994-06-28",1994-06-28,0,220000,-0.18811881188119,10.25,0.00609756097560976,10.1875,10.46875,0,-1,-0.0282530819172293
"1994-06-29",1994-06-29,-0.00609756097560976,93600,-0.193069306930695,10.1875,0,10.1875,10.40625,3612,-1.02631578947368,-0.0883138698021558
"1994-06-30",1994-06-30,0.0122699386503067,291200,-0.183168316831685,10.3125,0.0121212121212121,10.1875,10.3125,3612,-0.94871794871795,0.0314059083471381
"1994-07-01",1994-07-01,0,173600,-0.183168316831685,10.3125,0.0121212121212121,0,10.3125,0,-1,0.0314059083471381
"1994-07-05",1994-07-05,-0.00606060606060606,266400,-0.18811881188119,10.25,0.00609756097560976,10.1875,10.3125,3615,-1.02702702702703,-0.02825308191723
"1994-07-06",1994-07-06,0,271200,-0.18811881188119,10.25,0.00609756097560976,10.1875,10.3125,0,-1,-0.02825308191723
"1994-07-07",1994-07-07,-0.0121951219512195,470800,-0.1980198019802,10.125,0,10.125,10.25,3617,-1.05263157894737,-0.115226353991031
"1994-07-08",1994-07-08,0,110000,-0.1980198019802,10.125,0,10.125,10.125,3617,-1,-0.115226353991031
"1994-07-11",1994-07-11,0,235600,-0.1980198019802,10.125,0,0,10.125,0,-1,-0.115226353991031
"1994-07-12",1994-07-12,-0.00771604938271605,2165600,-0.204207920792081,10.046875,0,0,10.125,3620,-1.03125,-0.148866959227123
"1994-07-13",1994-07-13,0.00777604976671851,429200,-0.1980198019802,10.125,0.00771604938271608,10.046875,10.125,3620,-0.969696969696971,-0.073279426474421
"1994-07-14",1994-07-14,0.0246913580246914,685600,-0.17821782178218,10.375,0.0316265060240963,0,10.375,0,4.09879518072287,0.164355447115677
"1994-07-15",1994-07-15,-0.00301204819277108,233200,-0.180693069306933,10.34375,0.0287009063444109,10.046875,10.375,3623,-1.01388888888889,0.134994703686493
"1994-07-18",1994-07-18,-0.0332326283987915,662000,-0.20792079207921,10,0,10,10.34375,3624,-1.15068493150685,-0.169051322368778
"1994-07-19",1994-07-19,-0.021875,1020000,-0.225247524752477,9.78125,0,9.78125,10,3625,-1.08333333333333,-0.263245017029838
"1994-07-20",1994-07-20,-0.0159744408945687,398400,-0.237623762376239,9.625,0,9.625,9.78125,3626,-1.05494505494505,-0.330526227502023
"1994-07-21",1994-07-21,-0.00649350649350649,853200,-0.242574257425744,9.5625,0,9.5625,9.625,3627,-1.02083333333333,-0.357438711690897
"1994-07-22",1994-07-22,0,682400,-0.242574257425744,9.5625,0,9.5625,9.5625,3627,-1,-0.357438711690897
"1994-07-25",1994-07-25,-0.0065359477124183,286800,-0.247524752475249,9.5,0,0,9.5625,3629,-1.02040816326531,-0.384351195879771
"1994-07-26",1994-07-26,-0.00328947368421053,570000,-0.250000000000002,9.46875,0,9.46875,9.5,3630,-1.01,-0.397807437974207
"1994-07-27",1994-07-27,-0.00825082508250825,1043600,-0.256188118811883,9.390625,0,9.390625,9.46875,3631,-1.02475247524752,-0.431448043210301
"1994-07-28",1994-07-28,0.00499168053244592,529600,-0.252475247524754,9.4375,0.00496688741721851,9.390625,9.4375,3631,-0.985507246376812,-0.384262081693715
"1994-07-29",1994-07-29,-0.0132450331125828,445200,-0.262376237623764,9.3125,0,0,9.4375,3633,-1.03921568627451,-0.465088648446393
"1994-08-01",1994-08-01,0.00335570469798658,770400,-0.259900990099011,9.34375,0.00334448160535117,9.3125,9.34375,3633,-0.990566037735849,-0.433450728070509
"1994-08-02",1994-08-02,-0.00334448160535117,1003200,-0.262376237623764,9.3125,0,0,9.34375,3635,-1.00952380952381,-0.465088648446393
"1994-08-03",1994-08-03,0.00671140939597315,1050800,-0.257425742574259,9.375,0.00666666666666671,9.3125,9.375,3635,-0.981132075471698,-0.401934018883167
"1994-08-04",1994-08-04,0.00666666666666667,1354400,-0.252475247524754,9.4375,0.0132450331125827,0,9.4375,0,1.9867549668874,-0.339259417735498
"1994-08-05",1994-08-05,-0.00662251655629139,673600,-0.257425742574259,9.375,0.00666666666666671,9.3125,9.4375,3638,-1.01960784313725,-0.401934018883167
"1994-08-08",1994-08-08,-0.0133333333333333,757200,-0.267326732673269,9.25,0,9.25,9.375,3639,-1.03846153846154,-0.492001132635266
"1994-08-09",1994-08-09,0.00675675675675676,628400,-0.262376237623764,9.3125,0.00671140939597314,9.25,9.3125,3639,-0.981481481481482,-0.428603267197046
"1994-08-10",1994-08-10,0.00335570469798658,347200,-0.259900990099011,9.34375,0.0100334448160535,0,9.34375,0,1.49498327759197,-0.397087371507615
"1994-08-11",1994-08-11,0,510000,-0.259900990099011,9.34375,0.0100334448160535,0,9.34375,0,-1,-0.397087371507615
"1994-08-12",1994-08-12,-0.0100334448160535,2012400,-0.267326732673269,9.25,0,0,9.34375,3643,-1.02857142857143,-0.492001132635266
"1994-08-15",1994-08-15,0.0337837837837838,355200,-0.242574257425744,9.5625,0.0326797385620915,9.25,9.5625,3643,-0.907407407407408,-0.179781136326432
"1994-08-16",1994-08-16,0.0065359477124183,842800,-0.237623762376239,9.625,0.038961038961039,0,9.625,0,1.19220779220779,-0.118721481807766
"1994-08-17",1994-08-17,0,386400,-0.237623762376239,9.625,0.038961038961039,0,9.625,0,-1,-0.118721481807766
"1994-08-18",1994-08-18,0,290000,-0.237623762376239,9.625,0.038961038961039,0,9.625,0,-1,-0.118721481807766
"1994-08-19",1994-08-19,-0.00649350649350649,805600,-0.242574257425744,9.5625,0.0326797385620915,9.25,9.625,3648,-1.02083333333333,-0.179781136326432
"1994-08-22",1994-08-22,-0.0065359477124183,651600,-0.247524752475249,9.5,0.0263157894736842,9.25,9.625,0,-1.02040816326531,-0.241290095717861
"1994-08-23",1994-08-23,0.00657894736842105,420400,-0.242574257425744,9.5625,0.0326797385620915,9.25,9.625,0,1.24183006535948,-0.179781136326432
"1994-08-24",1994-08-24,-0.0130718954248366,526800,-0.252475247524754,9.4375,0.0198675496688742,9.25,9.625,0,-1.04081632653061,-0.303257286568924
"1994-08-25",1994-08-25,-0.00662251655629139,551200,-0.257425742574259,9.375,0.0133333333333333,9.25,9.625,0,-1.01960784313725,-0.365691873508817
"1994-08-26",1994-08-26,0.00333333333333333,178800,-0.254950495049506,9.40625,0.0166112956810631,9.25,9.625,0,1.24584717607974,-0.334415573223669
"1994-08-29",1994-08-29,0.00664451827242525,502800,-0.250000000000001,9.46875,0.023102310231023,9.25,9.625,0,1.39075907590759,-0.272215845092794
"1994-08-30",1994-08-30,-0.0033003300330033,304000,-0.252475247524754,9.4375,0.0198675496688742,9.25,9.625,0,-1.00990099009901,-0.303257286568924
"1994-08-31",1994-08-31,0.0132450331125828,345200,-0.242574257425744,9.5625,0.0326797385620915,9.25,9.625,0,1.64488017429194,-0.179781136326432
"1994-09-01",1994-09-01,0,504000,-0.242574257425744,9.5625,0.0326797385620915,9.25,9.625,0,-1,-0.179781136326432
"1994-09-02",1994-09-02,-0.0163398692810458,463600,-0.254950495049506,9.40625,0.0166112956810631,9.25,9.625,0,-1.05102040816327,-0.334415573223669
"1994-09-06",1994-09-06,0.00996677740863787,345600,-0.247524752475249,9.5,0.0263157894736842,9.25,9.625,0,1.58421052631579,-0.24129009571786
"1994-09-07",1994-09-07,-0.0131578947368421,676000,-0.257425742574259,9.375,0.0133333333333333,9.25,9.625,0,-1.04,-0.365691873508817
"1994-09-08",1994-09-08,0.0266666666666667,444800,-0.237623762376239,9.625,0.025974025974026,9.375,9.625,3648,1.94805194805195,-0.189323063705851
"1994-09-09",1994-09-09,-0.00649350649350649,458800,-0.242574257425744,9.5625,0.0196078431372549,9.375,9.625,3662,-1.02083333333333,-0.250844166472217
"1994-09-12",1994-09-12,0,59200,-0.242574257425744,9.5625,0.0196078431372549,9.375,9.625,0,-1,-0.250844166472217
"1994-09-13",1994-09-13,0.0065359477124183,445600,-0.237623762376239,9.625,0.00649350649350644,9.5625,9.625,3662,-0.979591836734694,-0.29522543655298
"1994-09-14",1994-09-14,0.00649350649350649,607600,-0.232673267326734,9.6875,0.0129032258064516,0,9.6875,0,1.98709677419357,-0.233467655491824
"1994-09-15",1994-09-15,0.00645161290322581,366000,-0.227722772277229,9.75,0.0192307692307693,0,9.75,0,1.49038461538461,-0.172156609005955
"1994-09-16",1994-09-16,-0.0128205128205128,463200,-0.237623762376239,9.625,0.00649350649350644,9.5625,9.75,3667,-1.04347826086956,-0.29522543655298
"1994-09-19",1994-09-19,-0.012987012987013,134400,-0.247524752475249,9.5,0,9.5,9.625,3668,-1.04166666666667,-0.38435119587977
"1994-09-20",1994-09-20,-0.0197368421052632,529600,-0.262376237623764,9.3125,0,9.3125,9.5,3669,-1.06,-0.465088648446392
"1994-09-21",1994-09-21,-0.0100671140939597,529600,-0.269801980198021,9.21875,0,9.21875,9.3125,3670,-1.02830188679245,-0.505457374729704
"1994-09-22",1994-09-22,0.0101694915254237,279600,-0.262376237623764,9.3125,0.0100671140939598,9.21875,9.3125,3670,-0.972477064220184,-0.410360576572373
"1994-09-23",1994-09-23,-0.0335570469798658,678400,-0.287128712871288,9,0,0,9.3125,3672,-1.09433962264151,-0.599651069390763
"1994-09-26",1994-09-26,0.00694444444444444,285200,-0.282178217821784,9.0625,0.00689655172413794,9,9.0625,3672,-0.982758620689655,-0.535246710676698
"1994-09-27",1994-09-27,-0.0137931034482759,382800,-0.292079207920793,8.9375,0,0,9.0625,3674,-1.03508771929825,-0.626563553579637
"1994-09-28",1994-09-28,0.013986013986014,548400,-0.282178217821784,9.0625,0.0137931034482759,8.9375,9.0625,3674,-0.966101694915255,-0.497754836151508
"1994-09-29",1994-09-29,0.0137931034482759,684000,-0.272277227722774,9.1875,0.0272108843537415,0,9.1875,0,1.97278911564626,-0.3709864928472
"1994-09-30",1994-09-30,0.0119047619047619,1343600,-0.26361386138614,9.296875,0.0386554621848739,0,9.296875,0,1.42058823529412,-0.261673237491074
"1994-10-03",1994-10-03,-0.0184873949579832,280400,-0.277227722772279,9.125,0.0205479452054794,8.9375,9.296875,3678,-1.05164319248826,-0.434120858420839
"1994-10-04",1994-10-04,0,998800,-0.277227722772279,9.125,0.0205479452054794,8.9375,9.296875,0,-1,-0.434120858420839
"1994-10-05",1994-10-05,-0.00684931506849315,316400,-0.282178217821784,9.0625,0.0137931034482759,8.9375,9.296875,0,-1.01785714285714,-0.497754836151508
"1994-10-06",1994-10-06,0.00689655172413793,843600,-0.277227722772279,9.125,0.0205479452054794,8.9375,9.296875,0,1.48972602739726,-0.434120858420839
"1994-10-07",1994-10-07,0.0136986301369863,166800,-0.267326732673269,9.25,0.0337837837837838,8.9375,9.296875,0,1.64414414414415,-0.308341612157139
"1994-10-10",1994-10-10,-0.00337837837837838,385200,-0.269801980198021,9.21875,0.0305084745762711,8.9375,9.296875,0,-1.00925925925926,-0.339603489118269
"1994-10-11",1994-10-11,0.0101694915254237,650800,-0.262376237623764,9.3125,0.0268456375838926,9.0625,9.3125,3678,-0.972477064220184,-0.319147123449008
"1994-10-12",1994-10-12,0.0100671140939597,324400,-0.254950495049507,9.40625,0.0365448504983389,0,9.40625,0,1.36129568106313,-0.226050354496376
"1994-10-13",1994-10-13,0.00664451827242525,781200,-0.250000000000001,9.46875,0.0429042904290429,0,9.46875,0,1.17401740174017,-0.164565908337298
"1994-10-14",1994-10-14,0.0099009900990099,668000,-0.242574257425744,9.5625,0.0522875816993464,0,9.5625,0,1.21870286576169,-0.0731865911077542
"1994-10-17",1994-10-17,-0.0065359477124183,362000,-0.247524752475249,9.5,0.0460526315789473,9.0625,9.5625,3688,-1.02040816326531,-0.133994270596428
"1994-10-18",1994-10-18,-0.0131578947368421,388800,-0.257425742574259,9.375,0.0333333333333333,9.0625,9.5625,0,-1.04,-0.256965437385766
"1994-10-19",1994-10-19,-0.01,571200,-0.264851485148516,9.28125,0.0235690235690236,9.0625,9.5625,0,-1.02884615384615,-0.350416093762823
"1994-10-20",1994-10-20,-0.0168350168350168,520400,-0.277227722772279,9.125,0.00684931506849318,9.0625,9.5625,0,-1.04672897196262,-0.508591020148956
"1994-10-21",1994-10-21,-0.00684931506849315,478800,-0.282178217821784,9.0625,0,9.0625,9.5,3692,-1.01785714285714,-0.572738585201889
"1994-10-24",1994-10-24,0,125200,-0.282178217821784,9.0625,0,9.0625,9.0625,3692,-1,-0.572738585201889
"1994-10-25",1994-10-25,-0.00689655172413793,488400,-0.287128712871289,9,0,0,9.0625,3694,-1.01754385964912,-0.599651069390763
"1994-10-26",1994-10-26,-0.00694444444444444,456400,-0.292079207920794,8.9375,0,8.9375,9,3695,-1.01724137931034,-0.626563553579637
"1994-10-27",1994-10-27,-0.0034965034965035,243200,-0.294554455445546,8.90625,0,8.90625,8.9375,3696,-1.00847457627119,-0.640019795674074
"1994-10-28",1994-10-28,0.0210526315789474,804800,-0.279702970297031,9.09375,0.020618556701031,8.90625,9.09375,3696,-0.949579831932773,-0.447193233702244
"1994-10-31",1994-10-31,-0.00171821305841924,593600,-0.280940594059407,9.078125,0.0189328743545611,8.90625,9.09375,3698,-1.00442477876106,-0.463085266447823
"1994-11-01",1994-11-01,-0.00860585197934595,361200,-0.287128712871288,9,0.0104166666666666,8.90625,9.09375,0,-1.02202643171806,-0.54302271724334
"1994-11-02",1994-11-02,0,317600,-0.287128712871288,9,0.0104166666666666,8.90625,9.09375,0,-1,-0.54302271724334
"1994-11-03",1994-11-03,0.00347222222222222,320800,-0.284653465346536,9.03125,0.013840830449827,8.90625,9.09375,0,1.32871972318339,-0.510951618906671
"1994-11-04",1994-11-04,-0.0103806228373702,172400,-0.292079207920794,8.9375,0.00349650349650354,8.90625,9.09375,0,-1.02608695652174,-0.607555435376306
"1994-11-07",1994-11-07,-0.013986013986014,208000,-0.301980198019803,8.8125,0,8.8125,9.078125,3703,-1.03389830508474,-0.680388521957384
"1994-11-08",1994-11-08,-0.00709219858156028,240800,-0.306930693069308,8.75,0,8.75,8.8125,3704,-1.01639344262295,-0.707301006146259
"1994-11-09",1994-11-09,0.00714285714285714,392400,-0.301980198019803,8.8125,0.00709219858156029,8.75,8.8125,3704,-0.983870967741935,-0.641833048154884
"1994-11-10",1994-11-10,-0.00709219858156028,239200,-0.306930693069308,8.75,0,0,8.8125,3706,-1.01639344262295,-0.707301006146259
"1994-11-11",1994-11-11,-0.0214285714285714,390400,-0.321782178217823,8.5625,0,8.5625,8.75,3707,-1.04838709677419,-0.788038458712881
"1994-11-14",1994-11-14,-0.0072992700729927,355600,-0.326732673267328,8.5,0,8.5,8.5625,3708,-1.01538461538462,-0.814950942901756
"1994-11-15",1994-11-15,0.0110294117647059,1795200,-0.319306930693071,8.59375,0.0109090909090909,8.5,8.59375,3708,-0.977272727272727,-0.715276887824052
"1994-11-16",1994-11-16,-0.00363636363636364,676800,-0.321782178217823,8.5625,0.00729927007299269,8.5,8.59375,3710,-1.0077519379845,-0.748357277646075
"1994-11-17",1994-11-17,-0.0145985401459854,595600,-0.331683168316833,8.4375,0,8.4375,8.5625,3711,-1.03076923076923,-0.84186342709063
"1994-11-18",1994-11-18,-0.00740740740740741,394800,-0.336633663366338,8.375,0,8.375,8.4375,3712,-1.01492537313433,-0.868775911279504
"1994-11-21",1994-11-21,-0.00186567164179104,251200,-0.337871287128714,8.359375,0,8.359375,8.375,3713,-1.00367647058824,-0.875504032326722
"1994-11-22",1994-11-22,-0.0168224299065421,347600,-0.3490099009901,8.21875,0,8.21875,8.359375,3714,-1.03296703296703,-0.936057121751689
"1994-11-23",1994-11-23,0.0114068441064639,1483200,-0.341584158415843,8.3125,0.0112781954887218,8.21875,8.3125,3714,-0.97872340425532,-0.834376495398989
"1994-11-25",1994-11-25,0.0225563909774436,660000,-0.326732673267328,8.5,0.0330882352941176,0,8.5,0,2.93382352941177,-0.635072647845237
"1994-11-28",1994-11-28,0,382000,-0.326732673267328,8.5,0.0330882352941176,0,8.5,0,-1,-0.635072647845237
"1994-11-29",1994-11-29,0,624400,-0.326732673267328,8.5,0.0330882352941176,0,8.5,0,-1,-0.635072647845237
"1994-11-30",1994-11-30,-0.00735294117647059,722400,-0.331683168316833,8.4375,0.0259259259259259,8.21875,8.5,3719,-1.01515151515151,-0.700921750634823
"1994-12-01",1994-12-01,-0.037037037037037,977600,-0.356435643564358,8.125,0,8.125,8.4375,3720,-1.07462686567164,-0.976425848035
"1994-12-02",1994-12-02,0.0307692307692308,583200,-0.336633663366338,8.375,0.0298507462686567,8.125,8.375,3720,-0.944444444444445,-0.706497648409279
"1994-12-05",1994-12-05,0,505200,-0.336633663366338,8.375,0.0298507462686567,0,8.375,0,-1,-0.706497648409279
"1994-12-06",1994-12-06,0.0149253731343284,718400,-0.326732673267328,8.5,0.0441176470588235,0,8.5,0,1.47794117647059,-0.575113216159731
"1994-12-07",1994-12-07,-0.00367647058823529,430000,-0.329207920792081,8.46875,0.040590405904059,8.125,8.5,3724,-1.00757575757576,-0.607744676259372
"1994-12-08",1994-12-08,-0.029520295202952,799200,-0.3490099009901,8.21875,0.0114068441064639,8.125,8.5,0,-1.06015037593985,-0.874045846396337
"1994-12-09",1994-12-09,-0.00380228136882129,974400,-0.351485148514853,8.1875,0.00763358778625955,8.125,8.5,0,-1.00709219858156,-0.908014724104504
"1994-12-12",1994-12-12,0.0114503816793893,401200,-0.344059405940595,8.28125,0.0188679245283019,8.125,8.5,0,2.47169811320754,-0.806572528012767
"1994-12-13",1994-12-13,0.0113207547169811,536400,-0.336633663366338,8.375,0.0298507462686567,8.125,8.5,0,1.5820895522388,-0.706497648409278
"1994-12-14",1994-12-14,0.0111940298507463,1267200,-0.329207920792081,8.46875,0.040590405904059,8.125,8.5,0,1.35977859778598,-0.607744676259372
"1994-12-15",1994-12-15,-0.011070110701107,695600,-0.336633663366338,8.375,0.0298507462686567,8.125,8.5,0,-1.02255639097744,-0.706497648409278
"1994-12-16",1994-12-16,0.0149253731343284,490000,-0.326732673267328,8.5,0.0367647058823529,8.1875,8.5,3724,1.23161764705882,-0.615086170616735
"1994-12-19",1994-12-19,0.00735294117647059,170400,-0.321782178217823,8.5625,0.0437956204379562,0,8.5625,0,1.19124087591241,-0.549951372312039
"1994-12-20",1994-12-20,0,258400,-0.321782178217823,8.5625,0.0437956204379562,0,8.5625,0,-1,-0.549951372312039
"1994-12-21",1994-12-21,0.0109489051094891,1107200,-0.314356435643566,8.65625,0.0541516245487365,0,8.65625,0,1.23646209386282,-0.453284075056687
"1994-12-22",1994-12-22,0.00180505415162455,1037600,-0.31311881188119,8.671875,0.0558558558558558,0,8.671875,0,1.03147147147147,-0.437291204191848
"1994-12-23",1994-12-23,-0.0126126126126126,122400,-0.321782178217823,8.5625,0.0437956204379562,8.1875,8.671875,3736,-1.02766798418972,-0.549951372312039
"1994-12-27",1994-12-27,0.0072992700729927,98800,-0.316831683168318,8.625,0.0507246376811594,8.1875,8.671875,0,1.15821256038648,-0.485370520588731
"1994-12-28",1994-12-28,0.0036231884057971,702800,-0.314356435643566,8.65625,0.0541516245487365,8.1875,8.671875,0,1.06756059824652,-0.453284075056687
"1994-12-29",1994-12-29,0.0252707581227437,853600,-0.297029702970298,8.875,0.0352112676056338,8.5625,8.875,3736,-0.94488188976378,-0.46205625586173
"1994-12-30",1994-12-30,-0.0140845070422535,513600,-0.306930693069308,8.75,0.0214285714285715,8.5625,8.875,3740,-1.03333333333333,-0.590808396014418
"1995-01-03",1995-01-03,0.0214285714285714,211600,-0.292079207920794,8.9375,0.0209790209790209,8.75,8.9375,3740,-0.951612903225807,-0.512514844359653
"1995-01-04",1995-01-04,0.027972027972028,448000,-0.272277227722774,9.1875,0.0476190476190477,0,9.1875,0,2.26984126984128,-0.260041149864494
"1995-01-05",1995-01-05,-0.0136054421768707,558400,-0.282178217821784,9.0625,0.0344827586206896,8.75,9.1875,3743,-1.03636363636364,-0.385279212575939
"1995-01-06",1995-01-06,0.0137931034482759,154400,-0.272277227722774,9.1875,0.0136054421768708,9.0625,9.1875,3743,-0.964912280701754,-0.44495005483567
"1995-01-09",1995-01-09,-0.0204081632653061,409200,-0.287128712871289,9,0,0,9.1875,3745,-1.05454545454545,-0.599651069390763
"1995-01-10",1995-01-10,0,307600,-0.287128712871289,9,0,9,9,3745,-1,-0.599651069390763
"1995-01-11",1995-01-11,0,198800,-0.287128712871289,9,0,0,9,0,-1,-0.599651069390763
"1995-01-12",1995-01-12,0.00694444444444444,772000,-0.282178217821784,9.0625,0.00689655172413794,0,9.0625,0,-0.982758620689656,-0.535246710676699
"1995-01-13",1995-01-13,0.0137931034482759,695200,-0.272277227722774,9.1875,0.0204081632653061,0,9.1875,0,2.95918367346939,-0.407968273841435
"1995-01-16",1995-01-16,0.00680272108843537,538000,-0.267326732673269,9.25,0.027027027027027,0,9.25,0,1.32432432432432,-0.345073516252765
"1995-01-17",1995-01-17,-0.0405405405405405,5561200,-0.297029702970299,8.875,0,0,9.25,3751,-1.11111111111111,-0.653476037768511
"1995-01-18",1995-01-18,-0.0422535211267606,2142800,-0.326732673267328,8.5,0,8.5,8.875,3752,-1.1,-0.814950942901756
"1995-01-19",1995-01-19,-0.00735294117647059,957600,-0.331683168316833,8.4375,0,8.4375,8.5,3753,-1.01515151515151,-0.841863427090629
"1995-01-20",1995-01-20,-0.0222222222222222,1805200,-0.346534653465348,8.25,0,8.25,8.4375,3754,-1.04477611940298,-0.922600879657252
"1995-01-23",1995-01-23,-0.0227272727272727,1739200,-0.361386138613863,8.0625,0,8.0625,8.25,3755,-1.04285714285714,-1.00333833222387
"1995-01-24",1995-01-24,0.0155038759689922,660400,-0.351485148514853,8.1875,0.0152671755725191,8.0625,8.1875,3755,-0.972602739726028,-0.86651608436288
"1995-01-25",1995-01-25,0.0190839694656489,917200,-0.33910891089109,8.34375,0.0337078651685393,0,8.34375,0,2.20786516853932,-0.69898535091936
"1995-01-26",1995-01-26,0.0149812734082397,448400,-0.32920792079208,8.46875,0.0479704797047971,0,8.46875,0,1.42312423124231,-0.567624220125404
"1995-01-27",1995-01-27,-0.011070110701107,280800,-0.336633663366338,8.375,0.0373134328358209,8.0625,8.46875,3759,-1.02255639097744,-0.665928082691721
"1995-01-30",1995-01-30,-0.00746268656716418,253200,-0.341584158415843,8.3125,0.0300751879699248,8.0625,8.46875,0,-1.01470588235294,-0.732189995283338
"1995-01-31",1995-01-31,-0.0075187969924812,498400,-0.346534653465348,8.25,0.0227272727272727,8.0625,8.46875,0,-1.01449275362319,-0.799048111335602
"1995-02-01",1995-02-01,-0.00378787878787879,836800,-0.3490099009901,8.21875,0.0190114068441065,8.0625,8.46875,0,-1.00714285714286,-0.832704996159434
"1995-02-02",1995-02-02,0.00760456273764259,688400,-0.344059405940595,8.28125,0.0264150943396226,8.0625,8.46875,0,1.38943396226415,-0.765543684192747
"1995-02-03",1995-02-03,0.0490566037735849,1368000,-0.311881188118813,8.6875,0.0539568345323741,8.21875,8.6875,3759,2.04265159301131,-0.440886774175821
"1995-02-06",1995-02-06,0.0143884892086331,826800,-0.301980198019803,8.8125,0.0673758865248227,0,8.8125,0,1.24869976359338,-0.31411152083363
"1995-02-07",1995-02-07,-0.0141843971631206,1004000,-0.311881188118813,8.6875,0.0539568345323741,8.21875,8.8125,3766,-1.0327868852459,-0.440886774175822
"1995-02-08",1995-02-08,0.00359712230215827,337200,-0.309405940594061,8.71875,0.057347670250896,8.21875,8.8125,0,1.06284348864994,-0.408996857923703
"1995-02-09",1995-02-09,-0.025089605734767,523600,-0.326732673267328,8.5,0.0330882352941176,8.21875,8.8125,0,-1.056,-0.635072647845237
"1995-02-10",1995-02-10,0.0147058823529412,824000,-0.316831683168318,8.625,0.0471014492753623,8.21875,8.8125,0,1.42351046698873,-0.505067338726967
"1995-02-13",1995-02-13,0,330800,-0.316831683168318,8.625,0.0471014492753623,8.21875,8.8125,0,-1,-0.505067338726967
"1995-02-14",1995-02-14,0,542000,-0.316831683168318,8.625,0.0471014492753623,8.21875,8.8125,0,-1,-0.505067338726967
"1995-02-15",1995-02-15,0.0072463768115942,254000,-0.311881188118813,8.6875,0.0539568345323741,8.21875,8.8125,0,1.14554510237964,-0.440886774175822
"1995-02-16",1995-02-16,0,200800,-0.311881188118813,8.6875,0.0539568345323741,8.21875,8.8125,0,-1,-0.440886774175822
"1995-02-17",1995-02-17,-0.0215827338129496,786800,-0.326732673267328,8.5,0.0330882352941176,8.21875,8.8125,0,-1.04761904761905,-0.635072647845237
"1995-02-21",1995-02-21,0.00367647058823529,260800,-0.324257425742576,8.53125,0.0366300366300366,8.21875,8.8125,0,1.10704110704111,-0.602362033915283
"1995-02-22",1995-02-22,-0.00366300366300366,210800,-0.326732673267328,8.5,0.0330882352941176,8.21875,8.8125,0,-1.00763358778626,-0.635072647845237
"1995-02-23",1995-02-23,0.00735294117647059,433200,-0.321782178217823,8.5625,0.0401459854014599,8.21875,8.8125,0,1.21330089213301,-0.569791962845442
"1995-02-24",1995-02-24,0,92400,-0.321782178217823,8.5625,0.0401459854014599,8.21875,8.8125,0,-1,-0.569791962845442
"1995-02-27",1995-02-27,-0.0072992700729927,878800,-0.326732673267328,8.5,0.0330882352941176,8.21875,8.8125,0,-1.01538461538462,-0.635072647845237
"1995-02-28",1995-02-28,0,722000,-0.326732673267328,8.5,0.0330882352941176,8.21875,8.8125,0,-1,-0.635072647845237
"1995-03-01",1995-03-01,0,306000,-0.326732673267328,8.5,0.0330882352941176,8.21875,8.8125,0,-1,-0.635072647845237
"1995-03-02",1995-03-02,0.0147058823529412,289600,-0.316831683168318,8.625,0.0471014492753623,8.21875,8.8125,0,1.42351046698873,-0.505067338726967
"1995-03-03",1995-03-03,-0.0108695652173913,448800,-0.324257425742576,8.53125,0.0366300366300366,8.21875,8.8125,0,-1.0234375,-0.602362033915284
"1995-03-06",1995-03-06,-0.00366300366300366,2299600,-0.326732673267328,8.5,0.0330882352941176,8.21875,8.8125,0,-1.00763358778626,-0.635072647845237
"1995-03-07",1995-03-07,0.00735294117647059,733200,-0.321782178217823,8.5625,0.0401459854014599,8.21875,8.8125,0,1.21330089213301,-0.569791962845443
"1995-03-08",1995-03-08,-0.0072992700729927,586400,-0.326732673267328,8.5,0.0330882352941176,8.21875,8.8125,0,-1.01538461538462,-0.635072647845237
"1995-03-09",1995-03-09,-0.00735294117647059,1728000,-0.331683168316833,8.4375,0.0259259259259259,8.21875,8.8125,0,-1.01515151515151,-0.700921750634823
"1995-03-10",1995-03-10,0.0111111111111111,544400,-0.324257425742576,8.53125,0.0366300366300366,8.21875,8.8125,0,1.41287284144427,-0.602362033915284
"1995-03-13",1995-03-13,0.0384615384615385,1354800,-0.298267326732675,8.859375,0.0476190476190477,8.4375,8.859375,3766,1.3,-0.401331691856083
"1995-03-14",1995-03-14,0.00529100529100529,623600,-0.294554455445546,8.90625,0.0526315789473685,0,8.90625,0,1.10526315789474,-0.353897595350254
"1995-03-15",1995-03-15,0.0105263157894737,725600,-0.287128712871289,9,0.0625,0,9,0,1.1875,-0.259880956506227
"1995-03-16",1995-03-16,-0.0277777777777778,579200,-0.306930693069308,8.75,0.0357142857142857,8.4375,9,3792,-1.06896551724138,-0.513146655926525
"1995-03-17",1995-03-17,0,1023200,-0.306930693069308,8.75,0.0357142857142857,8.4375,9,0,-1,-0.513146655926525
"1995-03-20",1995-03-20,-0.0142857142857143,875200,-0.316831683168318,8.625,0.0217391304347826,8.4375,9,0,-1.03225806451613,-0.642945065694604
"1995-03-21",1995-03-21,0.0144927536231884,243600,-0.306930693069308,8.75,0.0357142857142857,8.4375,9,0,1.64285714285714,-0.513146655926524
"1995-03-22",1995-03-22,-0.00357142857142857,647600,-0.309405940594061,8.71875,0.032258064516129,8.4375,9,0,-1.00806451612903,-0.545392028687387
"1995-03-23",1995-03-23,0.00716845878136201,676400,-0.304455445544556,8.78125,0.0391459074733096,8.4375,9,0,1.2135231316726,-0.481035013633037
"1995-03-24",1995-03-24,-0.0106761565836299,483200,-0.311881188118813,8.6875,0.0287769784172662,8.4375,9,0,-1.02439024390244,-0.577772575050166
"1995-03-27",1995-03-27,0,243600,-0.311881188118813,8.6875,0.0287769784172662,8.4375,9,0,-1,-0.577772575050166
"1995-03-28",1995-03-28,0.0143884892086331,694800,-0.301980198019803,8.8125,0.0425531914893617,8.4375,9,0,1.47872340425532,-0.449055679142381
"1995-03-29",1995-03-29,0,552800,-0.301980198019803,8.8125,0.0425531914893617,8.4375,9,0,-1,-0.449055679142381
"1995-03-30",1995-03-30,-0.00354609929078014,572800,-0.304455445544556,8.78125,0.0391459074733096,8.4375,9,0,-1.00819672131148,-0.481035013633037
"1995-03-31",1995-03-31,0,673600,-0.304455445544556,8.78125,0.0391459074733096,8.4375,9,0,-1,-0.481035013633037
"1995-04-03",1995-04-03,0,430400,-0.304455445544556,8.78125,0.0391459074733096,8.4375,9,0,-1,-0.481035013633037
"1995-04-04",1995-04-04,0.00355871886120996,514800,-0.301980198019803,8.8125,0.0425531914893617,8.4375,9,0,1.08704061895551,-0.449055679142381
"1995-04-05",1995-04-05,0.024822695035461,1408000,-0.284653465346536,9.03125,0.0449826989619377,8.625,9.03125,3792,1.05709342560554,-0.341654400029945
"1995-04-06",1995-04-06,0.0449826989619377,1280800,-0.252475247524754,9.4375,0.0860927152317881,0,9.4375,0,1.91390728476821,0.0567640250968108
"1995-04-07",1995-04-07,-0.0132450331125828,1376000,-0.262376237623764,9.3125,0.0738255033557047,8.625,9.4375,3808,-1.03921568627451,-0.0637494547035834
"1995-04-10",1995-04-10,-0.00167785234899329,459200,-0.26361386138614,9.296875,0.0722689075630252,8.625,9.4375,0,-1.00471698113208,-0.078939731401911
"1995-04-11",1995-04-11,0.0218487394957983,375600,-0.247524752475249,9.5,0.0213815789473685,9.296875,9.5,3808,-0.938967136150235,-0.268114051998217
"1995-04-12",1995-04-12,-0.0131578947368421,699600,-0.257425742574259,9.375,0.0083333333333333,9.296875,9.5,3811,-1.04,-0.392873482539579
"1995-04-13",1995-04-13,0,190000,-0.257425742574259,9.375,0.0083333333333333,9.296875,9.5,0,-1,-0.392873482539579
"1995-04-17",1995-04-17,0.0133333333333333,458400,-0.247524752475249,9.5,0.0131578947368421,9.375,9.5,3811,1.57894736842106,-0.312820645798814
"1995-04-18",1995-04-18,-0.0131578947368421,539600,-0.257425742574259,9.375,0,0,9.5,3814,-1.04,-0.438176164257517
"1995-04-19",1995-04-19,0,239200,-0.257425742574259,9.375,0,9.375,9.375,3814,-1,-0.438176164257517
"1995-04-20",1995-04-20,0.00666666666666667,187600,-0.252475247524754,9.4375,0.00662251655629142,0,9.4375,0,-0.980769230769231,-0.37526154890207
"1995-04-21",1995-04-21,0.00662251655629139,442000,-0.247524752475249,9.5,0.0131578947368421,0,9.5,0,1.98684210526315,-0.312820645798814
"1995-04-24",1995-04-24,-0.0197368421052632,557200,-0.262376237623764,9.3125,0,0,9.5,3818,-1.06,-0.465088648446392
"1995-04-25",1995-04-25,-0.00671140939597315,506400,-0.267326732673269,9.25,0,9.25,9.3125,3819,-1.0188679245283,-0.492001132635265
"1995-04-26",1995-04-26,0.0135135135135135,508400,-0.257425742574259,9.375,0.0133333333333333,9.25,9.375,3819,-0.962962962962963,-0.365691873508816
"1995-04-27",1995-04-27,-0.02,712400,-0.272277227722774,9.1875,0,0,9.375,3821,-1.05769230769231,-0.518913616824139
"1995-04-28",1995-04-28,-0.00510204081632653,290000,-0.275990099009902,9.140625,0,9.140625,9.1875,3822,-1.01363636363636,-0.539097979965794
"1995-05-01",1995-05-01,0.00512820512820513,77600,-0.272277227722774,9.1875,0.00510204081632648,9.140625,9.1875,3822,-0.986547085201794,-0.491177281078463
"1995-05-02",1995-05-02,0.00680272108843537,191200,-0.267326732673269,9.25,0.0118243243243243,0,9.25,0,2.31756756756759,-0.427720300467921
"1995-05-03",1995-05-03,0.00675675675675676,775200,-0.262376237623764,9.3125,0.0184563758389261,0,9.3125,0,1.56088207094918,-0.364753850010689
"1995-05-04",1995-05-04,-0.00671140939597315,942400,-0.267326732673268,9.25,0.0118243243243243,9.140625,9.3125,3826,-1.0188679245283,-0.42772030046792
"1995-05-05",1995-05-05,0.0101351351351351,624800,-0.259900990099011,9.34375,0.0100334448160535,9.25,9.34375,3826,-0.972222222222223,-0.397087371507614
"1995-05-08",1995-05-08,0.0133779264214047,769600,-0.250000000000001,9.46875,0.023102310231023,0,9.46875,0,2.3025302530253,-0.272215845092793
"1995-05-09",1995-05-09,0.0033003300330033,485200,-0.247524752475249,9.5,0.0263157894736842,0,9.5,0,1.1390977443609,-0.241290095717859
"1995-05-10",1995-05-10,-0.00328947368421053,428400,-0.250000000000001,9.46875,0.023102310231023,9.25,9.5,3830,-1.01,-0.272215845092793
"1995-05-11",1995-05-11,0.0033003300330033,162800,-0.247524752475249,9.5,0.00328947368421051,9.46875,9.5,3830,-0.990099009900991,-0.366468558359531
"1995-05-12",1995-05-12,0,810800,-0.247524752475249,9.5,0.00328947368421051,0,9.5,0,-1,-0.366468558359531
"1995-05-15",1995-05-15,0.00657894736842105,339200,-0.242574257425744,9.5625,0.00980392156862742,0,9.5625,0,2.98039215686275,-0.304141439081556
"1995-05-16",1995-05-16,0,306000,-0.242574257425744,9.5625,0.00980392156862742,0,9.5625,0,-1,-0.304141439081556
"1995-05-17",1995-05-17,0,138400,-0.242574257425744,9.5625,0.00980392156862742,0,9.5625,0,-1,-0.304141439081556
"1995-05-18",1995-05-18,-0.0261437908496732,682800,-0.262376237623764,9.3125,0,0,9.5625,3836,-1.08163265306122,-0.465088648446392
"1995-05-19",1995-05-19,0.0134228187919463,290400,-0.252475247524754,9.4375,0.0132450331125827,9.3125,9.4375,3836,-0.962264150943397,-0.339259417735498
"1995-05-22",1995-05-22,-0.00662251655629139,484400,-0.257425742574259,9.375,0.00666666666666671,9.3125,9.4375,3838,-1.01960784313725,-0.401934018883167
"1995-05-23",1995-05-23,0.0133333333333333,835600,-0.247524752475249,9.5,0.0131578947368421,9.375,9.5,3838,1.97368421052631,-0.312820645798815
"1995-05-24",1995-05-24,0,417600,-0.247524752475249,9.5,0.0131578947368421,0,9.5,0,-1,-0.312820645798815
"1995-05-25",1995-05-25,-0.0131578947368421,178000,-0.257425742574259,9.375,0,0,9.5,3841,-1.04,-0.438176164257518
"1995-05-26",1995-05-26,0.0116666666666667,420400,-0.248762376237625,9.484375,0.0115321252059308,9.375,9.484375,3841,-0.966346153846154,-0.328386973198704
"1995-05-30",1995-05-30,-0.0115321252059308,244000,-0.257425742574259,9.375,0,0,9.484375,3843,-1.03482587064677,-0.438176164257518
"1995-05-31",1995-05-31,0.0333333333333333,2367600,-0.232673267326734,9.6875,0.032258064516129,9.375,9.6875,3843,-0.903846153846154,-0.128248523759838
"1995-06-01",1995-06-01,0.00645161290322581,1046800,-0.227722772277229,9.75,0.0384615384615384,0,9.75,0,1.19230769230769,-0.0676119588876358
"1995-06-02",1995-06-02,0.0192307692307692,964000,-0.212871287128714,9.9375,0.0566037735849056,0,9.9375,0,1.47169811320755,0.111752522092495
"1995-06-05",1995-06-05,0.0125786163522013,673200,-0.202970297029704,10.0625,0.0683229813664596,0,10.0625,0,1.20703933747412,0.229286875283938
"1995-06-06",1995-06-06,0.0124223602484472,898400,-0.193069306930695,10.1875,0.0797546012269938,0,10.1875,0,1.16731734523146,0.345257807989155
"1995-06-07",1995-06-07,-0.0184049079754601,371600,-0.207920792079209,10,0.0625,9.375,10.1875,3849,-1.07692307692308,0.170718790515759
"1995-06-08",1995-06-08,-0.0125,636800,-0.217821782178219,9.875,0.0506329113924051,9.375,10.1875,0,-1.04761904761905,0.0523805095649983
"1995-06-09",1995-06-09,-0.00632911392405063,548400,-0.222772277227724,9.8125,0.0445859872611465,9.375,10.1875,0,-1.02272727272727,-0.00740500013878738
"1995-06-12",1995-06-12,0,384000,-0.222772277227724,9.8125,0.0445859872611465,9.375,10.1875,0,-1,-0.00740500013878738
"1995-06-13",1995-06-13,0.0222929936305732,1133200,-0.205445544554457,10.03125,0.0654205607476636,9.375,10.1875,0,1.46728971962617,0.200052140688913
"1995-06-14",1995-06-14,0.00934579439252336,450000,-0.1980198019802,10.125,0.0740740740740741,9.375,10.1875,0,1.13227513227513,0.287464150168421
"1995-06-15",1995-06-15,-0.0169753086419753,461200,-0.211633663366338,9.953125,0.0580847723704867,9.375,10.1875,0,-1.06875,0.126531829132653
"1995-06-16",1995-06-16,0.00156985871271586,187600,-0.210396039603962,9.96875,0.0595611285266457,9.375,10.1875,0,1.02541726679658,0.141285897345246
"1995-06-19",1995-06-19,0.00313479623824451,273600,-0.20792079207921,10,0.0625,9.375,10.1875,0,1.04934210526316,0.170718790515758
"1995-06-20",1995-06-20,-0.00625,579600,-0.212871287128714,9.9375,0.0566037735849056,9.375,10.1875,0,-1.02380952380952,0.111752522092494
"1995-06-21",1995-06-21,0.0125786163522013,1080800,-0.202970297029705,10.0625,0.0683229813664596,9.375,10.1875,0,1.20703933747412,0.229286875283937
"1995-06-22",1995-06-22,0.0031055900621118,468000,-0.200495049504952,10.09375,0.0712074303405573,9.375,10.1875,0,1.04221784407543,0.258423910234996
"1995-06-23",1995-06-23,-0.00309597523219814,135600,-0.202970297029705,10.0625,0.0683229813664596,9.375,10.1875,0,-1.01234567901235,0.229286875283937
"1995-06-26",1995-06-26,-0.0062111801242236,154400,-0.20792079207921,10,0.0625,9.375,10.1875,0,-1.02439024390244,0.170718790515758
"1995-06-27",1995-06-27,-0.003125,141200,-0.210396039603962,9.96875,0.0595611285266457,9.375,10.1875,0,-1.01190476190476,0.141285897345245
"1995-06-28",1995-06-28,-0.00313479623824451,200800,-0.212871287128715,9.9375,0.0566037735849056,9.375,10.1875,0,-1.01176470588235,0.111752522092494
"1995-06-29",1995-06-29,0.00628930817610063,226800,-0.20792079207921,10,0.0625,9.375,10.1875,0,1.10416666666667,0.170718790515758
"1995-06-30",1995-06-30,0.00625,297200,-0.202970297029705,10.0625,0.0683229813664596,9.375,10.1875,0,1.09316770186335,0.229286875283937
"1995-07-03",1995-07-03,0,75200,-0.202970297029705,10.0625,0.0683229813664596,9.375,10.1875,0,-1,0.229286875283937
"1995-07-05",1995-07-05,-0.0015527950310559,318800,-0.204207920792081,10.046875,0.0668740279937792,9.375,10.1875,0,-1.00609756097561,0.214681777420717
"1995-07-06",1995-07-06,-0.0015552099533437,470800,-0.205445544554457,10.03125,0.0654205607476636,9.375,10.1875,0,-1.00606060606061,0.200052140688912
"1995-07-07",1995-07-07,0.0155763239875389,707600,-0.193069306930695,10.1875,0.0368098159509203,9.8125,10.1875,3849,-0.939759036144579,0.111796135332295
"1995-07-10",1995-07-10,0,257200,-0.193069306930695,10.1875,0.0368098159509203,0,10.1875,0,-1,0.111796135332295
"1995-07-11",1995-07-11,0.00613496932515337,532000,-0.18811881188119,10.25,0.0426829268292683,0,10.25,0,1.15955284552846,0.170636740259085
"1995-07-12",1995-07-12,0,623200,-0.18811881188119,10.25,0.0426829268292683,0,10.25,0,-1,0.170636740259085
"1995-07-13",1995-07-13,-0.00609756097560976,370800,-0.193069306930695,10.1875,0.0368098159509203,9.8125,10.25,3874,-1.02631578947368,0.111796135332294
"1995-07-14",1995-07-14,0,486800,-0.193069306930695,10.1875,0.0368098159509203,9.8125,10.25,0,-1,0.111796135332294
"1995-07-17",1995-07-17,-0.00306748466257669,239200,-0.195544554455447,10.15625,0.0338461538461539,9.8125,10.25,0,-1.01282051282051,0.0822284723116482
"1995-07-18",1995-07-18,-0.00923076923076923,528400,-0.202970297029705,10.0625,0.0248447204968945,9.8125,10.25,0,-1.0379746835443,-0.00707494237487156
"1995-07-19",1995-07-19,-0.0093167701863354,342400,-0.210396039603962,9.96875,0.0156739811912225,9.8125,10.25,0,-1.03658536585366,-0.097298758724147
"1995-07-20",1995-07-20,0.00313479623824451,446000,-0.20792079207921,10,0.01875,9.8125,10.25,0,1.19625000000001,-0.0671202885034173
"1995-07-21",1995-07-21,-0.00625,512800,-0.212871287128715,9.9375,0.0125786163522013,9.8125,10.25,0,-1.02380952380952,-0.127582400190953
"1995-07-24",1995-07-24,0.0125786163522013,408400,-0.202970297029705,10.0625,0.0248447204968945,9.8125,10.25,0,1.97515527950311,-0.00707494237487156
"1995-07-25",1995-07-25,-0.0124223602484472,1051600,-0.212871287128715,9.9375,0.0125786163522013,9.8125,10.25,0,-1.04878048780488,-0.127582400190953
"1995-07-26",1995-07-26,-0.00628930817610063,1376400,-0.21782178217822,9.875,0.00632911392405067,9.8125,10.25,0,-1.02325581395349,-0.188469190707586
"1995-07-27",1995-07-27,0,543600,-0.21782178217822,9.875,0.00632911392405067,9.8125,10.25,0,-1,-0.188469190707586
"1995-07-28",1995-07-28,0.00949367088607595,1119600,-0.210396039603962,9.96875,0.0156739811912225,9.8125,10.25,0,2.47648902821315,-0.097298758724147
"1995-07-31",1995-07-31,0,1026800,-0.210396039603962,9.96875,0.0156739811912225,9.8125,10.25,0,-1,-0.097298758724147
"1995-08-01",1995-08-01,0.00626959247648903,1259200,-0.205445544554457,10.03125,0.0218068535825545,9.8125,10.25,0,1.39127725856698,-0.0370460066199237
"1995-08-02",1995-08-02,0.00311526479750779,2463200,-0.202970297029705,10.0625,0.0248447204968945,9.8125,10.25,0,1.13930789707187,-0.00707494237487156
"1995-08-03",1995-08-03,0.0031055900621118,577600,-0.200495049504952,10.09375,0.0278637770897833,9.8125,10.25,0,1.12151702786377,0.0227938629094957
"1995-08-04",1995-08-04,0,263600,-0.200495049504952,10.09375,0.0278637770897833,9.8125,10.25,0,-1,0.0227938629094957
"1995-08-07",1995-08-07,-0.00619195046439629,356000,-0.205445544554457,10.03125,0.0218068535825545,9.8125,10.25,0,-1.02469135802469,-0.0370460066199237
"1995-08-08",1995-08-08,0.00623052959501558,576800,-0.200495049504952,10.09375,0.0278637770897833,9.8125,10.25,0,1.27775320654578,0.0227938629094957
"1995-08-09",1995-08-09,-0.00309597523219814,919600,-0.202970297029705,10.0625,0.0248447204968945,9.8125,10.25,0,-1.01234567901235,-0.00707494237487216
"1995-08-10",1995-08-10,-0.0031055900621118,320800,-0.205445544554457,10.03125,0.0218068535825545,9.8125,10.25,0,-1.01219512195122,-0.0370460066199237
"1995-08-11",1995-08-11,-0.00934579439252336,170400,-0.212871287128715,9.9375,0.0125786163522013,9.8125,10.25,0,-1.03614457831325,-0.127582400190953
"1995-08-14",1995-08-14,0,104400,-0.212871287128715,9.9375,0.0125786163522013,9.8125,10.25,0,-1,-0.127582400190953
"1995-08-15",1995-08-15,0.0125786163522013,240800,-0.202970297029705,10.0625,0.0248447204968945,9.8125,10.25,0,1.97515527950311,-0.00707494237487156
"1995-08-16",1995-08-16,0.0124223602484472,2261200,-0.193069306930695,10.1875,0.0368098159509203,9.8125,10.25,0,1.48159509202454,0.111796135332294
"1995-08-17",1995-08-17,0.0368098159509202,1185200,-0.163366336633665,10.5625,0.0650887573964497,9.875,10.5625,3874,1.76824457593688,0.427004466500782
"1995-08-18",1995-08-18,0.0118343195266272,1217200,-0.153465346534655,10.6875,0.0760233918128655,0,10.6875,0,1.16799574694312,0.540273626398799
"1995-08-21",1995-08-21,0.00584795321637427,485600,-0.14851485148515,10.75,0.0813953488372093,0,10.75,0,1.07066189624329,0.596389797700827
"1995-08-22",1995-08-22,-0.00581395348837209,698400,-0.153465346534655,10.6875,0.0760233918128655,9.875,10.75,3902,-1.03333333333333,0.540273626398799
"1995-08-23",1995-08-23,-0.0087719298245614,144400,-0.160891089108913,10.59375,0.0678466076696165,9.875,10.75,0,-1.04838709677419,0.45545327017334
"1995-08-24",1995-08-24,0.00294985250737463,349600,-0.15841584158416,10.625,0.0705882352941176,9.875,10.75,0,1.04040920716113,0.483813882307202
"1995-08-25",1995-08-25,0.00588235294117647,212000,-0.153465346534655,10.6875,0.0760233918128655,9.875,10.75,0,1.07699805068226,0.540273626398798
"1995-08-28",1995-08-28,0.0263157894736842,1794800,-0.131188118811883,10.96875,0.0341880341880342,10.59375,10.96875,3902,-0.854838709677421,0.433949338324669
"1995-08-29",1995-08-29,0.0113960113960114,506000,-0.121287128712873,11.09375,0.0450704225352113,0,11.09375,0,1.31830985915493,0.546934471777197
"1995-08-30",1995-08-30,0.00563380281690141,846400,-0.116336633663368,11.15625,0.0504201680672269,0,11.15625,0,1.1186974789916,0.602929894259135
"1995-08-31",1995-08-31,0.00840336134453781,714000,-0.108910891089111,11.25,0.0583333333333333,0,11.25,0,1.15694444444444,0.68631713343427
"1995-09-01",1995-09-01,-0.0166666666666667,240400,-0.123762376237626,11.0625,0.0423728813559322,10.59375,11.25,3910,-1.13636363636363,0.51881352774685
"1995-09-05",1995-09-05,0.0282485875706215,1521200,-0.099009900990101,11.375,0.0274725274725275,11.0625,11.375,3910,-0.800000000000002,0.572372829955478
"1995-09-06",1995-09-06,-0.0151098901098901,554000,-0.11262376237624,11.203125,0.0125523012552301,11.0625,11.375,3912,-1.1375,0.417252347298251
"1995-09-07",1995-09-07,0.0097629009762901,1014800,-0.103960396039606,11.3125,0.0220994475138122,11.0625,11.375,0,1.76058931860038,0.516250554020838
"1995-09-08",1995-09-08,0.00552486187845304,798800,-0.099009900990101,11.375,0.0151098901098901,11.203125,11.375,3912,-0.952380952380952,0.505165554879416
"1995-09-11",1995-09-11,0.010989010989011,327200,-0.0891089108910911,11.5,0.0258152173913043,0,11.5,0,1.70849802371542,0.617188127399117
"1995-09-12",1995-09-12,0,510400,-0.0891089108910911,11.5,0.0258152173913043,0,11.5,0,-1,0.617188127399117
"1995-09-13",1995-09-13,0.00815217391304348,945200,-0.0816831683168338,11.59375,0.0336927223719676,0,11.59375,0,1.30514966661938,0.700381505786883
"1995-09-14",1995-09-14,0.0161725067385445,747200,-0.0668316831683189,11.78125,0.0490716180371353,0,11.78125,0,1.45644562334218,0.864723584212602
"1995-09-15",1995-09-15,0.0106100795755968,734400,-0.056930693069309,11.90625,0.0590551181102362,0,11.90625,0,1.20344754203022,0.972822071739474
"1995-09-18",1995-09-18,-0.0131233595800525,723200,-0.0693069306930714,11.75,0.0465425531914894,11.203125,11.90625,3920,-1.21739130434782,0.837518531748606
"1995-09-19",1995-09-19,0,959600,-0.0693069306930714,11.75,0.0465425531914894,11.203125,11.90625,0,-1,0.837518531748606
"1995-09-20",1995-09-20,0,1130400,-0.0693069306930714,11.75,0.0465425531914894,11.203125,11.90625,0,-1,0.837518531748606
"1995-09-21",1995-09-21,-0.0159574468085106,498000,-0.0841584158415862,11.5625,0.0310810810810811,11.203125,11.90625,0,-1.21428571428571,0.672727541192951
"1995-09-22",1995-09-22,-0.0162162162162162,254000,-0.099009900990101,11.375,0.0151098901098901,11.203125,11.90625,0,-1.17647058823529,0.505165554879416
"1995-09-25",1995-09-25,0,171600,-0.099009900990101,11.375,0.0151098901098901,11.203125,11.90625,0,-1,0.505165554879416
"1995-09-26",1995-09-26,0.010989010989011,387600,-0.0891089108910912,11.5,0.0258152173913043,11.203125,11.90625,0,1.70849802371542,0.617188127399116
"1995-09-27",1995-09-27,-0.00815217391304348,183200,-0.0965346534653486,11.40625,0.0178082191780822,11.203125,11.90625,0,-1.08333333333333,0.533290782127441
"1995-09-28",1995-09-28,0.00821917808219178,255200,-0.0891089108910911,11.5,0.0258152173913043,11.203125,11.90625,0,1.4496237458194,0.617188127399117
"1995-09-29",1995-09-29,0,654000,-0.0891089108910911,11.5,0.0258152173913043,11.203125,11.90625,0,-1,0.617188127399117
"1995-10-02",1995-10-02,-0.0108695652173913,155600,-0.099009900990101,11.375,0.0151098901098901,11.203125,11.90625,0,-1.11111111111111,0.505165554879416
"1995-10-03",1995-10-03,0.00274725274725275,114800,-0.0965346534653486,11.40625,0.0178082191780822,11.203125,11.90625,0,1.17858032378581,0.533290782127441
"1995-10-04",1995-10-04,-0.0191780821917808,646000,-0.113861386138616,11.1875,0,11.1875,11.75,3932,-1.17948717948718,0.342285877219828
"1995-10-05",1995-10-05,-0.00558659217877095,310800,-0.118811881188121,11.125,0,11.125,11.1875,3933,-1.04347826086956,0.315373393030954
"1995-10-06",1995-10-06,0,601600,-0.118811881188121,11.125,0,11.125,11.125,3933,-1,0.315373393030954
"1995-10-09",1995-10-09,-0.0112359550561798,406800,-0.128712871287131,11,0,0,11.125,3935,-1.08333333333333,0.261548424653206
"1995-10-10",1995-10-10,0.00284090909090909,614800,-0.126237623762378,11.03125,0.00283286118980175,11,11.03125,3935,-0.98076923076923,0.290405011807566
"1995-10-11",1995-10-11,0.0084985835694051,916000,-0.118811881188121,11.125,0.0112359550561798,0,11.125,0,3.9662921348314,0.376455660515815
"1995-10-12",1995-10-12,-0.0112359550561798,1299200,-0.128712871287131,11,0,0,11.125,3938,-1.08333333333333,0.261548424653206
"1995-10-13",1995-10-13,0.0170454545454545,3347600,-0.113861386138616,11.1875,0.0167597765363129,11,11.1875,3938,-0.884615384615386,0.433397415870431
"1995-10-16",1995-10-16,0.0363128491620112,3428800,-0.0816831683168336,11.59375,0.0512129380053908,0,11.59375,0,3.05570530098831,0.795627036083357
"1995-10-17",1995-10-17,-0.00808625336927224,892000,-0.0891089108910911,11.5,0.0434782608695652,11,11.59375,3941,-1.09090909090909,0.713210115823007
"1995-10-18",1995-10-18,0.016304347826087,980400,-0.0742574257425763,11.6875,0.0160427807486631,11.5,11.6875,3941,-0.833333333333338,0.644799469546103
"1995-10-19",1995-10-19,0,951600,-0.0742574257425763,11.6875,0.0160427807486631,0,11.6875,0,-1,0.644799469546103
"1995-10-20",1995-10-20,0.0267379679144385,1792000,-0.0495049504950515,12,0.0416666666666666,0,12,0,2.59722222222223,0.918661580264883
"1995-10-23",1995-10-23,-0.0104166666666667,847200,-0.0594059405940613,11.875,0.031578947368421,11.5,12,3945,-1.19999999999999,0.809996523491737
"1995-10-24",1995-10-24,0.0105263157894737,1485600,-0.0495049504950514,12,0.0104166666666666,11.875,12,3945,-0.833333333333339,0.748776523822616
"1995-10-25",1995-10-25,-0.00520833333333333,1748000,-0.0544554455445564,11.9375,0.00523560209424079,11.875,12,3947,-1.1,0.693698105319578
"1995-10-26",1995-10-26,-0.0157068062827225,1125600,-0.0693069306930713,11.75,0,11.75,11.9375,3948,-1.27272727272726,0.584498234919696
"1995-10-27",1995-10-27,0.00531914893617021,634000,-0.0643564356435663,11.8125,0.00529100529100535,11.75,11.8125,3948,-0.92857142857143,0.640174326548532
"1995-10-30",1995-10-30,0.00529100529100529,2364800,-0.0594059405940613,11.875,0.0105263157894737,0,11.875,0,1.98947368421051,0.695547643362209
"1995-10-31",1995-10-31,0.00526315789473684,464800,-0.0544554455445564,11.9375,0.0157068062827225,0,11.9375,0,1.49214659685863,0.750622940986097
"1995-11-01",1995-11-01,0,862000,-0.0544554455445564,11.9375,0.0157068062827225,0,11.9375,0,-1,0.750622940986097
"1995-11-02",1995-11-02,0.00523560209424084,832000,-0.0495049504950515,12,0.0208333333333334,0,12,0,1.32638888888889,0.805404875970038
"1995-11-03",1995-11-03,-0.00520833333333333,421600,-0.0544554455445564,11.9375,0.0157068062827225,11.75,12,3954,-1.09999999999999,0.750622940986097
"1995-11-06",1995-11-06,0.0104712041884817,1230000,-0.0445544554455466,12.0625,0.0103626943005182,11.9375,12.0625,3954,-0.818181818181827,0.775395596860467
"1995-11-07",1995-11-07,-0.00259067357512953,150400,-0.0470297029702992,12.03125,0.00779220779220779,11.9375,12.0625,3956,-1.05555555555556,0.74796536290848
"1995-11-08",1995-11-08,0,829600,-0.0470297029702992,12.03125,0.00779220779220779,11.9375,12.0625,0,-1,0.74796536290848
"1995-11-09",1995-11-09,0.00519480519480519,847200,-0.0420792079207942,12.09375,0.0051679586563308,12.03125,12.09375,3956,-0.894736842105268,0.760611584295209
"1995-11-10",1995-11-10,0.00258397932816537,826000,-0.0396039603960416,12.125,0.00773195876288657,0,12.125,0,1.49613402061854,0.788006556079894
"1995-11-13",1995-11-13,0.0103092783505155,1586800,-0.0297029702970318,12.25,0.0178571428571429,0,12.25,0,2.30952380952382,0.896875283540556
"1995-11-14",1995-11-14,0.00127551020408163,462400,-0.0284653465346556,12.265625,0.0191082802547771,0,12.265625,0,1.07006369426751,0.910404990105026
"1995-11-15",1995-11-15,-0.00382165605095541,516400,-0.0321782178217844,12.21875,0.0153452685421995,12.03125,12.265625,3962,-1.13043478260869,0.869763684333477
"1995-11-16",1995-11-16,0.00255754475703325,1344000,-0.0297029702970319,12.25,0.0178571428571429,12.03125,12.265625,0,1.16369047619048,0.896875283540556
"1995-11-17",1995-11-17,0.0102040816326531,874800,-0.0198019801980222,12.375,0.0126262626262627,12.21875,12.375,3962,-0.666666666666695,0.922263503653797
"1995-11-20",1995-11-20,-0.00505050505050505,608400,-0.0247524752475272,12.3125,0.00761421319796951,12.21875,12.375,3965,-1.24999999999998,0.868103905864377
"1995-11-21",1995-11-21,0.0152284263959391,397600,-0.00990099009901235,12.5,0.015,12.3125,12.5,3965,1.97000000000001,0.988992872278472
"1995-11-22",1995-11-22,0,338400,-0.00990099009901235,12.5,0.015,0,12.5,0,-1,0.988992872278472
"1995-11-24",1995-11-24,0.0025,51200,-0.00742574257425999,12.53125,0.0174563591022444,0,12.53125,0,1.16375727348296,1.01580267292418
"1995-11-27",1995-11-27,0.00249376558603491,95200,-0.00495049504950762,12.5625,0.0199004975124378,0,12.5625,0,1.14001421464108,1.04254603795521
"1995-11-28",1995-11-28,-0.00497512437810945,463200,-0.00990099009901246,12.5,0.015,12.3125,12.5625,3970,-1.99999999999944,0.988992872278471
"1995-11-29",1995-11-29,0.00125,451600,-0.00866336633663634,12.515625,0.0162297128589264,12.3125,12.5625,0,1.08198085726176,1.00240610815598
"1995-11-30",1995-11-30,0.0436953807740325,978400,0,13.0625,0.0430622009569378,12.5,13.0625,3970,2.6532940743467,1.19537299564707
"1995-12-01",1995-12-01,0.0143540669856459,1069200,0,13.25,0.0566037735849056,0,13.25,0,1.31446540880503,1.26898934221409
"1995-12-04",1995-12-04,0.0188679245283019,1060400,0,13.5,0.0740740740740741,0,13.5,0,1.30864197530864,1.3639635177234
"1995-12-05",1995-12-05,-0.00462962962962963,438400,-0.00462962962962976,13.4375,0.0697674418604651,12.5,13.5,3975,0,1.31538312259951
"1995-12-06",1995-12-06,0,411200,-0.00462962962962976,13.4375,0.0697674418604651,12.5,13.5,0,-1,1.31538312259951
"1995-12-07",1995-12-07,-0.00465116279069767,802400,-0.00925925925925941,13.375,0.0654205607476636,12.5,13.5,0,-1.99999999999998,1.26658392150727
"1995-12-08",1995-12-08,0.00467289719626168,350000,-0.00462962962962954,13.4375,0.0697674418604651,12.5,13.5,0,1.06644518272425,1.31538312259951
"1995-12-11",1995-12-11,0.00813953488372093,1112800,0,13.546875,0.0126874279123415,13.375,13.546875,3975,0,1.0302459545878
"1995-12-12",1995-12-12,0.0126874279123414,1641200,0,13.71875,0.0250569476082004,0,13.71875,0,1.97494305239179,1.09749064424203
"1995-12-13",1995-12-13,0,703200,0,13.71875,0.0250569476082004,0,13.71875,0,0,1.09749064424203
"1995-12-14",1995-12-14,-0.00455580865603645,1109200,-0.00455580865603644,13.65625,0.0205949656750573,13.375,13.71875,3982,0,1.04846703261875
"1995-12-15",1995-12-15,-0.011441647597254,913600,-0.0159453302961277,13.5,0.0092592592592593,13.375,13.71875,0,-3.50000000000002,0.924925379788732
"1995-12-18",1995-12-18,-0.0162037037037037,808000,-0.031890660592255,13.28125,0,13.28125,13.65625,3984,-1.99999999999998,0.787905119973659
"1995-12-19",1995-12-19,-0.0164705882352941,1562800,-0.0478359908883826,13.0625,0,13.0625,13.28125,3985,-1.50000000000001,0.701221173178515
"1995-12-20",1995-12-20,0.00956937799043062,1018800,-0.0387243735763096,13.1875,0.00947867298578198,13.0625,13.1875,3985,-0.809523809523807,0.80228397370745
"1995-12-21",1995-12-21,0.0165876777251185,892800,-0.0227790432801822,13.40625,0.0256410256410257,0,13.40625,0,2.70512820512821,0.976831670681022
"1995-12-22",1995-12-22,0.00932400932400932,444400,-0.0136674259681094,13.53125,0.0346420323325635,0,13.53125,0,1.35103926096997,1.07529772351849
"1995-12-26",1995-12-26,0.0184757505773672,793200,0,13.78125,0.0521541950113379,0,13.78125,0,1.50551776266062,1.24480000118642
"1995-12-27",1995-12-27,0.00680272108843537,964800,0,13.875,0.0585585585585585,0,13.875,0,1.12279670975323,1.2796161823927
"1995-12-28",1995-12-28,0,792400,0,13.875,0.0585585585585585,0,13.875,0,0,1.2796161823927
"1995-12-29",1995-12-29,0.00900900900900901,320000,0,14,0.0669642857142857,0,14,0,1.14354395604396,1.32531242022595
"1996-01-02",1996-01-02,-0.0245535714285714,1316800,-0.0245535714285714,13.65625,0.0434782608695652,13.0625,14,3993,0,1.06415371544668
"1996-01-03",1996-01-03,0.0045766590389016,1233200,-0.0200892857142857,13.71875,0.0478359908883826,13.0625,14,0,1.1002277904328,1.11211303195077
"1996-01-04",1996-01-04,-0.0250569476082005,890400,-0.0446428571428571,13.375,0.0233644859813084,13.0625,14,0,-2.22222222222222,0.845596940419009
"1996-01-05",1996-01-05,-0.022196261682243,2085200,-0.0658482142857143,13.078125,0.00119474313022705,13.0625,14,0,-1.475,0.609795938477913
"1996-01-08",1996-01-08,0.00597371565113501,98000,-0.0602678571428572,13.15625,0.00712589073634207,13.0625,14,0,5.96437054631807,0.672376182766379
"1996-01-09",1996-01-09,-0.0190023752969121,1096800,-0.0781249999999999,12.90625,0,12.90625,13.71875,3998,-1.29629629629629,0.536560372458276
"1996-01-10",1996-01-10,-0.0387409200968523,2135200,-0.113839285714286,12.40625,0,12.40625,12.90625,3999,-1.45714285714286,0.342406022238541
"1996-01-11",1996-01-11,0.0125944584382872,972000,-0.102678571428571,12.5625,0.0124378109452736,12.40625,12.5625,3999,-0.901960784313726,0.470695199544802
"1996-01-12",1996-01-12,-0.00124378109452736,1903200,-0.103794642857143,12.546875,0.0112079701120797,12.40625,12.5625,4001,-1.01086956521739,0.457942065560846
"1996-01-15",1996-01-15,0.0062266500622665,609600,-0.0982142857142856,12.625,0.00618811881188119,12.546875,12.625,4001,-0.946236559139784,0.460989155695767
"1996-01-16",1996-01-16,0,664800,-0.0982142857142856,12.625,0.00618811881188119,0,12.625,0,-1,0.460989155695767
"1996-01-17",1996-01-17,0.0148514851485149,336800,-0.0848214285714285,12.8125,0.0207317073170732,0,12.8125,0,3.35024390243902,0.612860664358653
"1996-01-18",1996-01-18,-0.0146341463414634,545600,-0.0982142857142856,12.625,0.00618811881188119,12.546875,12.8125,4005,-1.1578947368421,0.460989155695767
"1996-01-19",1996-01-19,0,236000,-0.0982142857142856,12.625,0.00618811881188119,12.546875,12.8125,0,-1,0.460989155695767
"1996-01-22",1996-01-22,-0.00247524752475248,132800,-0.100446428571429,12.59375,0.00372208436724564,12.546875,12.8125,0,-1.02272727272727,0.435448351980938
"1996-01-23",1996-01-23,0.0173697270471464,1418400,-0.0848214285714285,12.8125,0.0170731707317073,12.59375,12.8125,4005,4.58699186991873,0.592971682141022
"1996-01-24",1996-01-24,0.0268292682926829,3084000,-0.060267857142857,13.15625,0.0427553444180523,0,13.15625,0,2.50424160162877,0.866069358757565
"1996-01-25",1996-01-25,-0.0118764845605701,332800,-0.0714285714285714,13,0.03125,12.59375,13.15625,4010,-1.18518518518519,0.742849369566743
"1996-01-26",1996-01-26,-0.00480769230769231,1564000,-0.0758928571428571,12.9375,0.0265700483091788,12.59375,13.15625,0,-1.0625,0.693138352360725
"1996-01-29",1996-01-29,0.0120772946859903,508000,-0.0647321428571427,13.09375,0.0381861575178998,12.59375,13.15625,0,1.43718811021914,0.816960494598412
"1996-01-30",1996-01-30,0.00715990453460621,299600,-0.0580357142857142,13.1875,0.018957345971564,12.9375,13.1875,4010,-0.896551724137932,0.748830427748868
"1996-01-31",1996-01-31,0.004739336492891,364800,-0.0535714285714285,13.25,0.0235849056603774,0,13.25,0,1.24410377358491,0.798256625171904
"1996-02-01",1996-02-01,0.00589622641509434,544000,-0.0479910714285714,13.328125,0.0293083235638921,0,13.328125,0,1.24267291910902,0.859707583948339
"1996-02-02",1996-02-02,-0.00117233294255569,514800,-0.0491071428571428,13.3125,0.028169014084507,12.9375,13.328125,4016,-1.02325581395349,0.847446607537234
"1996-02-05",1996-02-05,0.00938967136150235,525600,-0.0401785714285715,13.4375,0.00930232558139532,13.3125,13.4375,4016,-0.818181818181821,0.793419804972813
"1996-02-06",1996-02-06,0,177600,-0.0401785714285715,13.4375,0.00930232558139532,0,13.4375,0,-1,0.793419804972813
"1996-02-07",1996-02-07,-0.00465116279069767,408000,-0.0446428571428571,13.375,0.00467289719626163,13.3125,13.4375,4019,-1.11111111111111,0.743983448715223
"1996-02-08",1996-02-08,0.014018691588785,887200,-0.0312499999999999,13.5625,0.0138248847926268,13.375,13.5625,4019,2.95852534562217,0.866544479787382
"1996-02-09",1996-02-09,0,652000,-0.0312499999999999,13.5625,0.0138248847926268,0,13.5625,0,-1,0.866544479787382
"1996-02-12",1996-02-12,-0.00921658986175115,1578000,-0.0401785714285715,13.4375,0.00465116279069766,13.375,13.5625,4022,-1.28571428571429,0.768134587269778
"1996-02-13",1996-02-13,0.00465116279069767,98000,-0.0357142857142856,13.5,0.0092592592592593,13.375,13.5625,0,1.99074074074076,0.817454976364142
"1996-02-14",1996-02-14,-0.00462962962962963,638800,-0.0401785714285713,13.4375,0.00465116279069766,13.375,13.5625,0,-1.125,0.768134587269779
"1996-02-15",1996-02-15,0,483200,-0.0401785714285713,13.4375,0.00465116279069766,13.375,13.5625,0,-1,0.768134587269779
"1996-02-16",1996-02-16,0,360400,-0.0401785714285713,13.4375,0.00465116279069766,13.375,13.5625,0,-1,0.768134587269779
"1996-02-20",1996-02-20,0,323200,-0.0401785714285713,13.4375,0.00465116279069766,13.375,13.5625,0,-1,0.768134587269779
"1996-02-21",1996-02-21,-0.00465116279069767,104400,-0.044642857142857,13.375,0,13.375,13.5,4028,-1.11111111111111,0.718580075789277
"1996-02-22",1996-02-22,0.00467289719626168,762800,-0.0401785714285713,13.4375,0.00465116279069766,13.375,13.4375,4028,-0.9,0.768134587269779
"1996-02-23",1996-02-23,0.00465116279069767,617600,-0.0357142857142854,13.5,0.0092592592592593,0,13.5,0,1.99074074074076,0.817454976364144
"1996-02-26",1996-02-26,0,300400,-0.0357142857142854,13.5,0.0092592592592593,0,13.5,0,-1,0.817454976364144
"1996-02-27",1996-02-27,-0.0185185185185185,718800,-0.0535714285714283,13.25,0,0,13.5,4032,-1.50000000000001,0.670041488234344
"1996-02-28",1996-02-28,0,506800,-0.0535714285714283,13.25,0,13.25,13.25,4032,-1,0.670041488234344
"1996-02-29",1996-02-29,-0.00471698113207547,763600,-0.058035714285714,13.1875,0,0,13.25,4034,-1.08333333333333,0.645772194456878
"1996-03-01",1996-03-01,0.00710900473933649,746400,-0.0513392857142855,13.28125,0.00705882352941178,13.1875,13.28125,4034,-0.884615384615385,0.720550171401802
"1996-03-04",1996-03-04,0.0117647058823529,388000,-0.0401785714285713,13.4375,0.0186046511627908,0,13.4375,0,2.63565891472868,0.843990240378885
"1996-03-05",1996-03-05,0.0255813953488372,1032800,-0.0156249999999997,13.78125,0.0430839002267573,0,13.78125,0,2.3157596371882,1.11054843163964
"1996-03-06",1996-03-06,0.00226757369614512,849600,-0.0133928571428568,13.8125,0.0452488687782805,0,13.8125,0,1.05025005953798,1.13445254427465
"1996-03-07",1996-03-07,0.0135746606334842,770400,0,14,0.0580357142857143,0,14,0,1.28258928571429,1.27677383267101
"1996-03-08",1996-03-08,-0.0178571428571429,928400,-0.0178571428571429,13.75,0.0409090909090909,13.1875,14,4040,0,1.08659082143305
"1996-03-11",1996-03-11,-0.0181818181818182,983600,-0.0357142857142858,13.5,0.0231481481481481,13.1875,14,0,-2,0.892959445894038
"1996-03-12",1996-03-12,-0.0185185185185185,1085600,-0.0535714285714287,13.25,0.00471698113207553,13.1875,14,0,-1.5,0.695684515621854
"1996-03-13",1996-03-13,0.0188679245283019,834400,-0.0357142857142858,13.5,0.0231481481481481,13.1875,14,0,4.90740740740735,0.892959445894038
"1996-03-14",1996-03-14,0,502400,-0.0357142857142858,13.5,0.0231481481481481,13.1875,14,0,-1,0.892959445894038
"1996-03-15",1996-03-15,0,317600,-0.0357142857142858,13.5,0.0231481481481481,13.1875,14,0,-1,0.892959445894038
"1996-03-18",1996-03-18,0.00231481481481481,403600,-0.0334821428571428,13.53125,0.0254041570438799,13.1875,14,0,1.09745958429561,0.917358483137513
"1996-03-19",1996-03-19,0.0023094688221709,431600,-0.0312499999999999,13.5625,0.0276497695852534,13.1875,14,0,1.08839547549225,0.941701002453085
"1996-03-20",1996-03-20,-0.00460829493087558,549600,-0.0357142857142856,13.5,0.0231481481481481,13.1875,14,0,-1.14285714285714,0.892959445894039
"1996-03-21",1996-03-21,0.00462962962962963,124000,-0.0312499999999999,13.5625,0.0276497695852534,13.1875,14,0,1.19447004608295,0.941701002453085
"1996-03-22",1996-03-22,0.0161290322580645,690000,-0.0156250000000001,13.78125,0.0430839002267573,13.1875,14,0,1.55820105820106,1.11054843163963
"1996-03-25",1996-03-25,0.00226757369614512,1115200,-0.0133928571428572,13.8125,0.0452488687782805,13.1875,14,0,1.05025005953798,1.13445254427465
"1996-03-26",1996-03-26,0.00226244343891403,440800,-0.0111607142857144,13.84375,0.0474040632054176,13.1875,14,0,1.04762979683973,1.15830352162412
"1996-03-27",1996-03-27,-0.00225733634311512,494000,-0.0133928571428572,13.8125,0.0452488687782805,13.1875,14,0,-1.19999999999999,1.13445254427465
"1996-03-28",1996-03-28,-0.0271493212669683,517600,-0.0401785714285715,13.4375,0.0186046511627908,13.1875,14,0,-2.99999999999999,0.843990240378884
"1996-03-29",1996-03-29,0.00465116279069767,969200,-0.0357142857142856,13.5,0.0231481481481481,13.1875,14,0,1.24421296296296,0.892959445894039
"1996-04-01",1996-04-01,0.0138888888888889,650800,-0.0223214285714286,13.6875,0.0365296803652968,13.1875,14,0,1.57808219178082,1.03851364261826
"1996-04-02",1996-04-02,0.00228310502283105,1229600,-0.0200892857142855,13.71875,0.0387243735763098,13.1875,14,0,1.06007972665148,1.06257934806784
"1996-04-03",1996-04-03,-0.00455580865603645,615200,-0.0245535714285714,13.65625,0.034324942791762,13.1875,14,0,-1.22222222222224,1.01439333278167
"1996-04-04",1996-04-04,-0.0160183066361556,431200,-0.0401785714285713,13.4375,0.0186046511627908,13.1875,14,0,-1.63636363636363,0.843990240378885
"1996-04-08",1996-04-08,-0.0186046511627907,576000,-0.0580357142857142,13.1875,0,13.1875,13.84375,4060,-1.44444444444445,0.645772194456876
"1996-04-09",1996-04-09,-0.00947867298578199,532800,-0.0669642857142855,13.0625,0,13.0625,13.1875,4061,-1.15384615384615,0.597233606901943
"1996-04-10",1996-04-10,-0.00478468899521531,378400,-0.0714285714285712,13,0,13,13.0625,4062,-1.06666666666667,0.572964313124477
"1996-04-11",1996-04-11,-0.0240384615384615,481600,-0.0937499999999999,12.6875,0,12.6875,13,4063,-1.3125,0.451617844237142
"1996-04-12",1996-04-12,0.00985221674876847,1885600,-0.0848214285714284,12.8125,0.00975609756097562,12.6875,12.8125,4063,-0.904761904761904,0.553193717705759
"1996-04-15",1996-04-15,0.0292682926829268,1086800,-0.0580357142857142,13.1875,0.0379146919431279,0,13.1875,0,3.88625592417061,0.85188866104086
"1996-04-16",1996-04-16,0.0308056872037915,1676000,-0.0290178571428571,13.59375,0.0666666666666667,0,13.59375,0,1.75833333333334,1.16594405775392
"1996-04-17",1996-04-17,-0.00344827586206897,970000,-0.0323660714285713,13.546875,0.063437139561707,12.6875,13.59375,4067,-1.11538461538461,1.13018533879656
"1996-04-18",1996-04-18,0.00115340253748558,810400,-0.0312499999999999,13.5625,0.0645161290322581,12.6875,13.59375,0,1.01700879765396,1.1421183962283
"1996-04-19",1996-04-19,0.00691244239631336,620000,-0.0245535714285714,13.65625,0.00800915331807783,13.546875,13.65625,4067,-0.785714285714287,0.871332232619763
"1996-04-22",1996-04-22,0.011441647597254,277200,-0.013392857142857,13.8125,0.0192307692307693,0,13.8125,0,2.4010989010989,0.993009782349864
"1996-04-23",1996-04-23,0,508000,-0.013392857142857,13.8125,0.0192307692307693,0,13.8125,0,-1,0.993009782349864
"1996-04-24",1996-04-24,0.00904977375565611,387600,-0.0044642857142857,13.9375,0.0280269058295964,0,13.9375,0,1.45739910313901,1.0893669991069
"1996-04-25",1996-04-25,-0.00896860986547085,556800,-0.013392857142857,13.8125,0.0192307692307693,13.546875,13.9375,4073,-2.99999999999998,0.993009782349864
"1996-04-26",1996-04-26,0.00452488687782805,232400,-0.0089285714285714,13.875,0.0236486486486487,13.546875,13.9375,0,1.22972972972973,1.0412960903437
"1996-04-29",1996-04-29,0.0202702702702703,790000,0,14.15625,0.0242825607064018,13.8125,14.15625,4073,1.02680542415642,1.09328082784138
"1996-04-30",1996-04-30,-0.00662251655629139,533200,-0.00662251655629131,14.0625,0.0177777777777778,13.8125,14.15625,4076,0,1.02191660339564
"1996-05-01",1996-05-01,-0.00444444444444444,554400,-0.0110375275938189,14,0.0133928571428571,13.8125,14.15625,0,-1.66666666666668,0.974077342952057
"1996-05-02",1996-05-02,-0.0357142857142857,1083600,-0.0463576158940397,13.5,0,13.5,14.0625,4078,-4.20000000000002,0.709258095397931
"1996-05-03",1996-05-03,0,1852800,-0.0463576158940397,13.5,0,13.5,13.5,4078,-1,0.709258095397931
"1996-05-06",1996-05-06,-0.0185185185185185,5e+05,-0.0640176600441501,13.25,0,0,13.5,4080,-1.38095238095238,0.613252412287069
"1996-05-07",1996-05-07,-0.00471698113207547,710800,-0.0684326710816777,13.1875,0,13.1875,13.25,4081,-1.06896551724138,0.589250991509354
"1996-05-08",1996-05-08,0.004739336492891,1191600,-0.0640176600441501,13.25,0.00471698113207553,13.1875,13.25,4081,-0.935483870967742,0.638895439674582
"1996-05-09",1996-05-09,0.0141509433962264,583600,-0.0507726269315675,13.4375,0.0186046511627908,0,13.4375,0,3.94418604651159,0.786397545432356
"1996-05-10",1996-05-10,0,382800,-0.0507726269315675,13.4375,0.0186046511627908,0,13.4375,0,-1,0.786397545432356
"1996-05-13",1996-05-13,0.0116279069767442,514800,-0.0397350993377483,13.59375,0.0298850574712644,0,13.59375,0,1.60632183908045,0.907725016173662
"1996-05-14",1996-05-14,0.0183908045977011,1210400,-0.0220750551876382,13.84375,0.0474040632054176,0,13.84375,0,1.58621288418128,1.09896965217921
"1996-05-15",1996-05-15,0.00225733634311512,805600,-0.0198675496688744,13.875,0.0495495495495496,0,13.875,0,1.04525954525955,1.12263391676548
"1996-05-16",1996-05-16,-0.00900900900900901,307600,-0.0286975717439295,13.75,0.0409090909090909,13.1875,13.875,4088,-1.44444444444444,1.02765876148776
"1996-05-17",1996-05-17,-0.00454545454545455,345600,-0.0331125827814572,13.6875,0.0365296803652968,13.1875,13.875,0,-1.15384615384616,0.979849455672723
"1996-05-20",1996-05-20,0.0091324200913242,455600,-0.0242825607064021,13.8125,0.0452488687782805,13.1875,13.875,0,1.23868778280543,1.07525261132961
"1996-05-21",1996-05-21,-0.00452488687782805,753200,-0.0286975717439297,13.75,0.0409090909090909,13.1875,13.875,0,-1.18181818181818,1.02765876148776
"1996-05-22",1996-05-22,0.00454545454545455,235600,-0.0242825607064019,13.8125,0.0452488687782805,13.1875,13.875,0,1.10608345902463,1.07525261132961
"1996-05-23",1996-05-23,0.00452488687782805,559200,-0.0198675496688744,13.875,0.0135135135135135,13.6875,13.875,4088,-0.818181818181823,0.926730428255475
"1996-05-24",1996-05-24,0,301600,-0.0198675496688744,13.875,0.0135135135135135,0,13.875,0,-1,0.926730428255475
"1996-05-28",1996-05-28,0,360800,-0.0198675496688744,13.875,0.0135135135135135,0,13.875,0,-1,0.926730428255475
"1996-05-29",1996-05-29,-0.00900900900900901,464000,-0.0286975717439297,13.75,0.00454545454545452,13.6875,13.875,4096,-1.44444444444445,0.829974332173122
"1996-05-30",1996-05-30,-0.00454545454545455,321600,-0.0331125827814572,13.6875,0,13.6875,13.75,4097,-1.15384615384615,0.781262357731077
"1996-05-31",1996-05-31,0,486000,-0.0331125827814572,13.6875,0,13.6875,13.6875,4097,-1,0.781262357731077
"1996-06-03",1996-06-03,0.0136986301369863,514800,-0.0198675496688744,13.875,0.0135135135135135,0,13.875,0,-0.600000000000001,0.926730428255475
"1996-06-04",1996-06-04,0.0157657657657658,1059200,-0.00441501103752773,14.09375,0.0288248337028825,0,14.09375,0,2.13303769401331,1.09397266480393
"1996-06-05",1996-06-05,0.0155210643015521,923600,0,14.3125,0.0436681222707423,0,14.3125,0,1.51494793416191,1.19866697889812
"1996-06-06",1996-06-06,0.00436681222707424,1196400,0,14.375,0.0478260869565217,0,14.375,0,1.09521739130435,1.22127101298863
"1996-06-07",1996-06-07,-0.0130434782608696,1514400,-0.0130434782608696,14.1875,0.0352422907488987,13.6875,14.375,4103,0,1.08195290196331
"1996-06-10",1996-06-10,0.00440528634361234,353600,-0.00869565217391322,14.25,0.0394736842105263,13.6875,14.375,0,1.12006578947368,1.12859230027505
"1996-06-11",1996-06-11,0,301200,-0.00869565217391322,14.25,0.0394736842105263,13.6875,14.375,0,-1,1.12859230027505
"1996-06-12",1996-06-12,0.0043859649122807,3e+05,-0.00434782608695672,14.3125,0.0436681222707423,13.6875,14.375,0,1.10625909752547,1.17503079713224
"1996-06-13",1996-06-13,0,499600,-0.00434782608695672,14.3125,0.0436681222707423,13.6875,14.375,0,-1,1.17503079713224
"1996-06-14",1996-06-14,-0.00873362445414847,632000,-0.0130434782608698,14.1875,0.0352422907488987,13.6875,14.375,0,-2.99999999999992,1.08195290196331
"1996-06-17",1996-06-17,0.00440528634361234,410000,-0.00869565217391322,14.25,0.0394736842105263,13.6875,14.375,0,1.12006578947368,1.12859230027505
"1996-06-18",1996-06-18,0,172400,-0.00869565217391322,14.25,0.0394736842105263,13.6875,14.375,0,-1,1.12859230027505
"1996-06-19",1996-06-19,-0.0043859649122807,159200,-0.0130434782608698,14.1875,0.0352422907488987,13.6875,14.375,0,-1.5,1.08195290196331
"1996-06-20",1996-06-20,-0.00440528634361234,660000,-0.0173913043478263,14.125,0.0309734513274337,13.6875,14.375,0,-1.33333333333332,1.03510993536355
"1996-06-21",1996-06-21,0,1045200,-0.0173913043478263,14.125,0.0309734513274337,13.6875,14.375,0,-1,1.03510993536355
"1996-06-24",1996-06-24,0,668400,-0.0173913043478263,14.125,0.0309734513274337,13.6875,14.375,0,-1,1.03510993536355
"1996-06-25",1996-06-25,0.00442477876106195,404000,-0.0130434782608698,14.1875,0.0352422907488987,13.6875,14.375,0,1.13782252989301,1.08195290196331
"1996-06-26",1996-06-26,-0.00220264317180617,167200,-0.0152173913043481,14.15625,0.0331125827814569,13.6875,14.375,0,-1.16666666666666,1.05855703321623
"1996-06-27",1996-06-27,0.011037527593819,701600,-0.00434782608695683,14.3125,0.0436681222707423,13.6875,14.375,0,1.31877729257642,1.17503079713224
"1996-06-28",1996-06-28,0.00873362445414847,713600,0,14.4375,0.0216450216450217,14.125,14.4375,4103,0,1.07894231672742
"1996-07-01",1996-07-01,0.00649350649350649,754800,0,14.53125,0.0279569892473118,0,14.53125,0,1.2916129032258,1.11325620384348
"1996-07-02",1996-07-02,0.0021505376344086,877200,0,14.5625,0.0300429184549357,0,14.5625,0,1.07461208319578,1.12459598628098
"1996-07-03",1996-07-03,0,497600,0,14.5625,0.0300429184549357,0,14.5625,0,0,1.12459598628098
"1996-07-05",1996-07-05,-0.00858369098712446,186800,-0.00858369098712441,14.4375,0.0216450216450217,14.125,14.5625,4122,0,1.03227861023684
"1996-07-08",1996-07-08,-0.00865800865800866,7e+05,-0.0171673819742489,14.3125,0.0131004366812227,14.125,14.5625,0,-2.00000000000001,0.939163790183037
"1996-07-09",1996-07-09,0,138400,-0.0171673819742489,14.3125,0.0131004366812227,14.125,14.5625,0,-1,0.939163790183037
"1996-07-10",1996-07-10,0.00218340611353712,186400,-0.0150214592274679,14.34375,0.0152505446623094,14.125,14.5625,0,1.16412490922294,0.962518395708846
"1996-07-11",1996-07-11,-0.0108932461873638,416000,-0.0257510729613736,14.1875,0.00440528634361237,14.125,14.5625,0,-1.71428571428572,0.84523044830433
"1996-07-12",1996-07-12,0.013215859030837,740400,-0.0128755364806867,14.375,0.0173913043478261,14.125,14.5625,0,3.94782608695649,0.985822180891598
"1996-07-15",1996-07-15,0.0195652173913043,1928800,0,14.65625,0.0319829424307037,14.1875,14.65625,4122,1.83901918976546,1.1351425809249
"1996-07-16",1996-07-16,-0.0106609808102345,1468000,-0.0106609808102346,14.5,0.021551724137931,14.1875,14.65625,4129,0,1.02047859900151
"1996-07-17",1996-07-17,0.0193965517241379,1056000,0,14.78125,0.0190274841437632,14.5,14.78125,4129,0,1.06471254053091
"1996-07-18",1996-07-18,0.00422832980972516,681200,0,14.84375,0.0231578947368422,0,14.84375,0,1.21707602339182,1.08716678170643
"1996-07-19",1996-07-19,0,639200,0,14.84375,0.0231578947368422,0,14.84375,0,0,1.08716678170643
"1996-07-22",1996-07-22,-0.00105263157894737,197200,-0.00105263157894753,14.828125,0.0221285563751317,14.5,14.84375,4133,0,1.07584852311827
"1996-07-23",1996-07-23,-0.00105374077976818,344000,-0.00210526315789494,14.8125,0.0210970464135021,14.5,14.84375,0,-1.99999999999989,1.06451845901413
"1996-07-24",1996-07-24,-0.00527426160337553,445200,-0.00736842105263169,14.734375,0.0159066808059385,14.5,14.84375,0,-3.49999999999971,1.00768974124744
"1996-07-25",1996-07-25,-0.00106044538706257,768800,-0.00842105263157911,14.71875,0.0148619957537155,14.5,14.84375,0,-1.14285714285715,0.996288053111003
"1996-07-26",1996-07-26,0.00212314225053079,627200,-0.00631578947368439,14.75,0.0169491525423728,14.5,14.84375,0,1.14043583535109,1.01907939708699
"1996-07-29",1996-07-29,0,310000,-0.00631578947368439,14.75,0.0169491525423728,14.5,14.84375,0,-1,1.01907939708699
"1996-07-30",1996-07-30,0.00423728813559322,598400,-0.00210526315789472,14.8125,0.0210970464135021,14.5,14.84375,0,1.24472573839663,1.06451845901413
"1996-07-31",1996-07-31,-0.00210970464135021,761200,-0.00421052631578944,14.78125,0.0190274841437632,14.5,14.84375,0,-2,1.041822764505
"1996-08-01",1996-08-01,0.0274841437632135,1291200,0,15.1875,0.0308641975308642,14.71875,15.1875,4133,1.62208504801098,1.12906072363038
"1996-08-02",1996-08-02,0.00411522633744856,345200,0,15.25,0.0348360655737705,0,15.25,0,1.12868852459016,1.15065307648319
"1996-08-05",1996-08-05,0.00409836065573771,534400,0,15.3125,0.0387755102040817,0,15.3125,0,1.11308523409364,1.17206916523109
"1996-08-06",1996-08-06,-0.0122448979591837,867600,-0.0122448979591837,15.125,0.0268595041322314,14.71875,15.3125,4144,0,1.04072271579082
"1996-08-07",1996-08-07,0.00413223140495868,414800,-0.00816326530612232,15.1875,0.0308641975308642,14.71875,15.3125,0,1.14909781576448,1.0846825864373
"1996-08-08",1996-08-08,0.00205761316872428,477600,-0.0061224489795918,15.21875,0.0328542094455853,14.71875,15.3125,0,1.06447638603696,1.10659546590207
"1996-08-09",1996-08-09,-0.00205338809034908,346800,-0.00816326530612232,15.1875,0.0308641975308642,14.71875,15.3125,0,-1.33333333333332,1.0846825864373
"1996-08-12",1996-08-12,0.00823045267489712,1072000,0,15.3125,0.0122448979591837,15.125,15.3125,4144,0,1.02784021935357
"1996-08-13",1996-08-13,0.00918367346938776,1010800,0,15.453125,0.0212335692618807,0,15.453125,0,1.73407482305358,1.07670552916476
"1996-08-14",1996-08-14,0.0131445904954499,774000,0,15.65625,0.0339321357285429,0,15.65625,0,1.59804201121566,1.14573902295435
"1996-08-15",1996-08-15,0.0259481037924152,1746800,0,16.0625,0.0583657587548638,0,16.0625,0,1.7200732433051,1.27856806061565
"1996-08-16",1996-08-16,-0.0116731517509728,833600,-0.0116731517509726,15.875,0.047244094488189,15.125,16.0625,4152,0,1.15464810523168
"1996-08-19",1996-08-19,0.00984251968503937,481600,-0.00194552529182879,16.03125,0.0565302144249513,15.125,16.0625,0,1.19655620532814,1.2580129493804
"1996-08-20",1996-08-20,-0.00194931773879142,534800,-0.00389105058365757,16,0.0546875,15.125,16.0625,0,-2,1.23741885920113
"1996-08-21",1996-08-21,0,212800,-0.00389105058365757,16,0.0546875,15.125,16.0625,0,-1,1.23741885920113
"1996-08-22",1996-08-22,0.01171875,750000,0,16.1875,0.0193050193050193,15.875,16.1875,4152,0,1.06622131098002
"1996-08-23",1996-08-23,-0.0115830115830116,96400,-0.0115830115830114,16,0.0078125,15.875,16.1875,4157,0,0.940775299224869
"1996-08-26",1996-08-26,0.005859375,209600,-0.00579150579150578,16.09375,0.0135922330097087,15.875,16.1875,0,1.73980582524271,1.00368027704411
"1996-08-27",1996-08-27,0.00970873786407767,392000,0,16.25,0.0153846153846153,16,16.25,4157,1.13186813186813,1.0449087336586
"1996-08-28",1996-08-28,0.0230769230769231,1514800,0,16.625,0.0375939849624061,0,16.625,0,2.4436090225564,1.16564601379525
"1996-08-29",1996-08-29,-0.0075187969924812,784000,-0.00751879699248115,16.5,0.0303030303030303,16,16.625,4161,0,1.08513543794655
"1996-08-30",1996-08-30,-0.00568181818181818,351600,-0.0131578947368421,16.40625,0.0247619047619048,16,16.625,0,-1.75000000000002,1.02435614630201
"1996-09-03",1996-09-03,0.00571428571428571,725200,-0.00751879699248115,16.5,0.0303030303030303,16,16.625,0,1.22377622377622,1.08513543794655
"1996-09-04",1996-09-04,-0.0113636363636364,460800,-0.018796992481203,16.3125,0.0191570881226054,16,16.625,0,-2.50000000000002,0.963230609351601
"1996-09-05",1996-09-05,0.00383141762452107,524800,-0.0150375939849623,16.375,0.0229007633587787,16,16.625,0,1.19541984732824,1.00401973269629
"1996-09-06",1996-09-06,0,284000,-0.0150375939849623,16.375,0.0229007633587787,16,16.625,0,-1,1.00401973269629
"1996-09-09",1996-09-09,0.00286259541984733,401600,-0.0122180451127818,16.421875,0.0256898192197906,16,16.625,0,1.12178877259752,1.03450991290944
"1996-09-10",1996-09-10,0.00856327307326356,482000,-0.00375939849624041,16.5625,0.0339622641509434,16,16.625,0,1.32201257861635,1.1254655107309
"1996-09-11",1996-09-11,0.0188679245283019,710800,0,16.875,0.0333333333333333,16.3125,16.875,4161,0,1.1424837404357
"1996-09-12",1996-09-12,-0.0037037037037037,916400,-0.00370370370370365,16.8125,0.0297397769516728,16.3125,16.875,4170,0,1.10281348630847
"1996-09-13",1996-09-13,-0.00185873605947955,1027200,-0.00555555555555554,16.78125,0.0279329608938548,16.3125,16.875,0,-1.50000000000002,1.08292379016966
"1996-09-16",1996-09-16,0.00186219739292365,441200,-0.00370370370370365,16.8125,0.0297397769516728,16.3125,16.875,0,1.06468401486989,1.10281348630847
"1996-09-17",1996-09-17,-0.00371747211895911,260400,-0.00740740740740731,16.75,0.0261194029850746,16.3125,16.875,0,-2,1.06299744315945
"1996-09-18",1996-09-18,-0.0298507462686567,966800,-0.0370370370370371,16.25,0,16.25,16.8125,4174,-5.00000000000007,0.75992776148422
"1996-09-19",1996-09-19,-0.0269230769230769,868400,-0.0629629629629629,15.8125,0,15.8125,16.25,4175,-1.7,0.618986085028413
"1996-09-20",1996-09-20,0.00395256916996047,1510400,-0.0592592592592592,15.875,0.00393700787401574,15.8125,15.875,4175,-0.941176470588236,0.660523451992891
"1996-09-23",1996-09-23,0.0137795275590551,858400,-0.0462962962962964,16.09375,0.0174757281553398,0,16.09375,0,4.43883495145632,0.804595130513557
"1996-09-24",1996-09-24,0.0058252427184466,388800,-0.0407407407407407,16.1875,0.0231660231660231,0,16.1875,0,1.32561132561132,0.865731193175535
"1996-09-25",1996-09-25,0.00386100386100386,126000,-0.0370370370370371,16.25,0.0269230769230769,0,16.25,0,1.16217948717949,0.906290271649866
"1996-09-26",1996-09-26,0.00384615384615385,864400,-0.0333333333333333,16.3125,0.0306513409961686,0,16.3125,0,1.13847837985769,0.946692840137482
"1996-09-27",1996-09-27,0.00383141762452107,177200,-0.0296296296296296,16.375,0.0343511450381679,0,16.375,0,1.12070610687023,0.986940690737468
"1996-09-30",1996-09-30,0.00381679389312977,988000,-0.025925925925926,16.4375,0.0380228136882129,0,16.4375,0,1.10688635403464,1.02703558829265
"1996-10-01",1996-10-01,0.0114068441064639,294800,-0.0148148148148148,16.625,0.0488721804511278,0,16.625,0,1.28533834586466,1.14641981303274
"1996-10-02",1996-10-02,0.018796992481203,1421600,0,16.9375,0.0664206642066421,0,16.9375,0,1.35906897530514,1.32235711876965
"1996-10-03",1996-10-03,-0.018450184501845,940400,-0.018450184501845,16.625,0.0488721804511278,15.8125,16.9375,4185,0,1.12665677352972
"1996-10-04",1996-10-04,0.0169172932330827,521200,-0.00184501845018437,16.90625,0.0646950092421442,15.8125,16.9375,0,1.32375941987772,1.30294578902276
"1996-10-07",1996-10-07,-0.00924214417744917,296800,-0.0110701107011069,16.75,0.0559701492537313,15.8125,16.9375,0,-6.00000000000036,1.20536407224467
"1996-10-08",1996-10-08,0,445200,-0.0110701107011069,16.75,0.0559701492537313,15.8125,16.9375,0,-1,1.20536407224467
"1996-10-09",1996-10-09,-0.00186567164179104,1151600,-0.0129151291512914,16.71875,0.0542056074766355,15.8125,16.9375,0,-1.16666666666668,1.18574134127048
"1996-10-10",1996-10-10,-0.00934579439252336,467600,-0.0221402214022139,16.5625,0.0452830188679245,15.8125,16.9375,0,-1.71428571428572,1.08708470808216
"1996-10-11",1996-10-11,0.0113207547169811,218800,-0.0110701107011069,16.75,0.0559701492537313,15.8125,16.9375,0,1.23600746268657,1.20536407224467
"1996-10-14",1996-10-14,-0.0149253731343284,663600,-0.025830258302583,16.5,0.0416666666666666,15.8125,16.9375,0,-2.33333333333336,1.04736482568475
"1996-10-15",1996-10-15,0.0132575757575758,720800,-0.0129151291512916,16.71875,0.0542056074766355,15.8125,16.9375,0,1.30093457943925,1.18574134127048
"1996-10-16",1996-10-16,0.014018691588785,497200,0,16.953125,0.0267281105990783,16.5,16.953125,4185,0,1.10657562405097
"1996-10-17",1996-10-17,0.00276497695852535,238000,0,17,0.0294117647058824,0,17,0,1.10040567951319,1.12116483139196
"1996-10-18",1996-10-18,0.00551470588235294,160000,0,17.09375,0.0347349177330896,0,17.09375,0,1.18098720292504,1.15010320427126
"1996-10-21",1996-10-21,-0.00548446069469835,68000,-0.00548446069469832,17,0.0294117647058824,16.5,17.09375,4197,0,1.09134953812239
"1996-10-22",1996-10-22,0,296400,-0.00548446069469832,17,0.0294117647058824,16.5,17.09375,0,-1,1.09134953812239
"1996-10-23",1996-10-23,-0.00919117647058824,297200,-0.0146252285191957,16.84375,0.0204081632653061,16.5,17.09375,0,-2.66666666666669,0.992710907827783
"1996-10-24",1996-10-24,0.025974025974026,1220000,0,17.28125,0.0253164556962026,16.84375,17.28125,4197,1.24050632911392,1.09890141371971
"1996-10-25",1996-10-25,-0.00180831826401447,306800,-0.0018083182640144,17.25,0.0235507246376812,16.84375,17.28125,4201,0,1.07947173145134
"1996-10-28",1996-10-28,-0.00181159420289855,150000,-0.00361663652802902,17.21875,0.0217785843920145,16.84375,17.28125,0,-2.00000000000012,1.06000720677914
"1996-10-29",1996-10-29,0.00181488203266788,110800,-0.00180831826401462,17.25,0.0235507246376812,16.84375,17.28125,0,1.08137077294686,1.07947173145134
"1996-10-30",1996-10-30,0.00181159420289855,510800,-3.33066907387547e-16,17.28125,0.0036166365280289,17.21875,17.28125,4201,-1.84185999785298e-13,0.980934213586195
"1996-10-31",1996-10-31,0.00180831826401447,205600,0,17.3125,0.00541516245487361,0,17.3125,0,1.49729241877257,0.990711579301233
"1996-11-01",1996-11-01,0.0036101083032491,334400,0,17.375,0.00899280575539574,0,17.375,0,1.66067146282976,1.0101607995905
"1996-11-04",1996-11-04,-0.00359712230215827,573200,-0.00359712230215825,17.3125,0.00541516245487361,17.21875,17.375,4207,0,0.971156464890612
"1996-11-05",1996-11-05,-0.00541516245487365,1899600,-0.00899280575539563,17.21875,0,17.21875,17.3125,4208,-2.5,0.912385227537393
"1996-11-06",1996-11-06,0.00544464609800363,634000,-0.00359712230215825,17.3125,0.00541516245487361,17.21875,17.3125,4208,-0.4,0.971156464890612
"1996-11-07",1996-11-07,0.0072202166064982,256400,0,17.4375,0.0125448028673835,0,17.4375,0,2.31660692951016,1.02947059894579
"1996-11-08",1996-11-08,0.021505376344086,1064800,0,17.8125,0.0333333333333333,0,17.8125,0,2.65714285714287,1.1424837404357
"1996-11-11",1996-11-11,0.0157894736842105,954800,0,18.09375,0.0483592400690847,0,18.09375,0,1.45077720207254,1.22416940488048
"1996-11-12",1996-11-12,0.00690846286701209,1897600,0,18.21875,0.0548885077186964,0,18.21875,0,1.13501592746876,1.25966460498227
"1996-11-13",1996-11-13,-0.00471695368782168,789600,-0.00471695368782166,18.132813,0.0504093325177951,17.21875,18.21875,4214,0,1.20967148897231
"1996-11-14",1996-11-14,-0.0142180366609416,644800,-0.0188679245283017,17.875,0.0367132867132867,17.21875,18.21875,0,-4.00002327286259,1.05828614514887
"1996-11-15",1996-11-15,-0.00786713286713287,620800,-0.0265866209262435,17.734375,0.0290748898678415,17.21875,18.21875,0,-1.40909090909092,0.974800044270726
"1996-11-18",1996-11-18,0,373200,-0.0265866209262435,17.734375,0.0290748898678415,17.21875,18.21875,0,-1,0.974800044270726
"1996-11-19",1996-11-19,0.0431718061674009,1244000,0,18.5,0.0413851351351351,17.734375,18.5,4214,1.42339782964783,1.18625592614965
"1996-11-20",1996-11-20,0.0101351351351351,1504400,0,18.6875,0.0510033444816054,0,18.6875,0,1.23240734420859,1.23854360735601
"1996-11-21",1996-11-21,-0.020066889632107,528000,-0.020066889632107,18.3125,0.0315699658703071,17.734375,18.6875,4220,0,1.02380743775551
"1996-11-22",1996-11-22,0,335200,-0.020066889632107,18.3125,0.0315699658703071,17.734375,18.6875,0,-1,1.02380743775551
"1996-11-25",1996-11-25,0.00511945392491468,602000,-0.0150501672240803,18.40625,0.0365025466893039,17.734375,18.6875,0,1.1562428302666,1.0778950518446
"1996-11-26",1996-11-26,-0.0118845500848896,1191200,-0.0267558528428095,18.1875,0.0249140893470791,17.734375,18.6875,0,-1.77777777777779,0.95126059451033
"1996-11-27",1996-11-27,0.00171821305841924,452400,-0.0250836120401339,18.21875,0.0265866209262435,17.734375,18.6875,0,1.0671319571775,0.969443853546344
"1996-11-29",1996-11-29,-0.00343053173241852,240000,-0.028428093645485,18.15625,0.0232358003442341,17.734375,18.6875,0,-1.13333333333333,0.933046036266415
"1996-12-02",1996-12-02,-0.00860585197934595,483200,-0.0367892976588629,18,0.0147569444444444,17.734375,18.6875,0,-1.29411764705882,0.841498051343546
"1996-12-03",1996-12-03,-0.0104166666666667,933600,-0.0468227424749164,17.8125,0.00438596491228072,17.734375,18.6875,0,-1.27272727272727,0.730573034317342
"1996-12-04",1996-12-04,-0.0315789473684211,1052800,-0.0769230769230769,17.25,0,17.25,18.40625,4228,-1.64285714285714,0.54309441309067
"1996-12-05",1996-12-05,0.0208333333333333,2150800,-0.0576923076923078,17.609375,0.0204081632653061,17.25,17.609375,4228,-0.750000000000002,0.758584406191694
"1996-12-06",1996-12-06,-0.0239574090505768,1535600,-0.0802675585284282,17.1875,0,0,17.609375,4230,-1.39130434782608,0.524912734809223
"1996-12-09",1996-12-09,0.0254545454545455,868800,-0.05685618729097,17.625,0.024822695035461,17.1875,17.625,4230,-0.708333333333334,0.787128641088102
"1996-12-10",1996-12-10,-0.0283687943262411,623800,-0.0836120401337794,17.125,0,0,17.625,4232,-1.47058823529412,0.506731056527776
"1996-12-11",1996-12-11,-0.00364963503649635,905800,-0.0869565217391305,17.0625,0,17.0625,17.125,4233,-1.04,0.488549378246329
"1996-12-12",1996-12-12,-0.0256410256410256,554000,-0.110367892976589,16.625,0,16.625,17.0625,4234,-1.26923076923077,0.361277630276202
"1996-12-13",1996-12-13,0.0244360902255639,410400,-0.0886287625418063,17.03125,0.0238532110091743,16.625,17.03125,4234,-0.803030303030304,0.609132270261537
"1996-12-16",1996-12-16,-0.0311926605504587,717200,-0.117056856187291,16.5,0,0,17.03125,4236,-1.32075471698113,0.324914273713308
"1996-12-17",1996-12-17,-0.00378787878787879,832800,-0.120401337792642,16.4375,0,16.4375,16.5,4237,-1.02857142857143,0.306732595431861
"1996-12-18",1996-12-18,0.0342205323193916,979000,-0.0903010033444819,17,0.0330882352941176,16.4375,17,4237,-0.750000000000001,0.6502459950214
"1996-12-19",1996-12-19,0.0220588235294118,761400,-0.0702341137123749,17.375,0.0539568345323741,0,17.375,0,1.63069544364508,0.872784485812873
"1996-12-20",1996-12-20,0.0287769784172662,1032200,-0.0434782608695655,17.875,0.0804195804195804,0,17.875,0,1.49044289044289,1.16209791458174
"1996-12-23",1996-12-23,-0.00699300699300699,734400,-0.0501672240802679,17.75,0.073943661971831,16.4375,17.875,4241,-1.15384615384615,1.09052938134648
"1996-12-24",1996-12-24,0.0140845070422535,261600,-0.0367892976588632,18,0.0138888888888888,17.75,18,4241,-0.733333333333335,0.836779021997926
"1996-12-26",1996-12-26,0.0104166666666667,407800,-0.0267558528428096,18.1875,0.0240549828178694,0,18.1875,0,1.73195876288661,0.946590214951779
"1996-12-27",1996-12-27,0.00859106529209622,436800,-0.0183946488294318,18.34375,0.0323679727427598,0,18.34375,0,1.34558286687759,1.0372364990584
"1996-12-30",1996-12-30,0.0221465076660988,275000,0,18.75,0.0533333333333333,0,18.75,0,1.64771929824561,1.25121017655875
"1996-12-31",1996-12-31,-0.0333333333333333,361200,-0.0333333333333333,18.125,0.0206896551724138,17.75,18.75,4246,0,0.892537910267763
"1997-01-02",1997-01-02,-0.0413793103448276,1147600,-0.0733333333333333,17.375,0,17.375,18.125,4247,-2.2,0.56260941444609
"1997-01-03",1997-01-03,0.0719424460431655,1546000,-0.0066666666666666,18.625,0.0671140939597316,17.375,18.625,4247,-0.0909090909090901,1.28988468068306
"1997-01-06",1997-01-06,0.0369127516778524,1369400,0,19.3125,0.100323624595469,0,19.3125,0,1.49482200647249,1.50666452162456
"1997-01-07",1997-01-07,-0.00647249190938511,1236800,-0.00647249190938515,19.1875,0.0944625407166124,17.375,19.3125,4250,0,1.4396152346191
"1997-01-08",1997-01-08,0.00651465798045603,660400,-1.11022302462516e-16,19.3125,0.00647249190938515,19.1875,19.3125,4250,-1.71529457304586e-14,0.996459562471081
"1997-01-09",1997-01-09,-0.0129449838187702,728800,-0.0129449838187703,19.0625,0,0,19.3125,4252,-116598048605062,0.890899915749672
"1997-01-10",1997-01-10,0.00327868852459016,502200,-0.00970873786407778,19.125,0.00326797385620914,19.0625,19.125,4252,-0.750000000000004,0.926258947739686
"1997-01-13",1997-01-13,0.0065359477124183,838600,-0.00323624595469263,19.25,0.00974025974025972,0,19.25,0,2.98051948051948,0.99663092553394
"1997-01-14",1997-01-14,0.025974025974026,769400,0,19.75,0.0348101265822784,0,19.75,0,3.57383966244726,1.15051206377812
"1997-01-15",1997-01-15,0.0253164556962025,911600,0,20.25,0.058641975308642,0,20.25,0,1.68462401795735,1.28006966269018
"1997-01-16",1997-01-16,-0.0185185185185185,414400,-0.0185185185185185,19.875,0.0408805031446541,19.0625,20.25,4257,0,1.08283995821585
"1997-01-17",1997-01-17,0.0125786163522013,404000,-0.00617283950617298,20.125,0.0527950310559007,19.0625,20.25,0,1.29144768275203,1.21472625013635
"1997-01-20",1997-01-20,0.0062111801242236,241600,-1.11022302462516e-16,20.25,0.0185185185185185,19.875,20.25,4257,-1.79856129989271e-14,1.06194563960381
"1997-01-21",1997-01-21,-0.00617283950617284,483000,-0.00617283950617298,20.125,0.0124223602484472,19.875,20.25,4260,-55599995399637,0.995247419453173
"1997-01-22",1997-01-22,0,546200,-0.00617283950617298,20.125,0.0124223602484472,19.875,20.25,0,-1,0.995247419453173
"1997-01-23",1997-01-23,-0.0062111801242236,337000,-0.0123456790123458,20,0.00624999999999998,19.875,20.25,0,-1.99999999999998,0.928134940825823
"1997-01-24",1997-01-24,-0.009375,685400,-0.0216049382716051,19.8125,0,19.8125,20.125,4263,-1.74999999999999,0.843821616517438
"1997-01-27",1997-01-27,0.0126182965299685,743800,-0.00925925925925941,20.0625,0.0124610591900312,19.8125,20.0625,4263,-0.428571428571431,0.978679028346537
"1997-01-28",1997-01-28,0.00311526479750779,345200,-0.0061728395061732,20.125,0.015527950310559,0,20.125,0,1.24611801242236,1.0121304064288
"1997-01-29",1997-01-29,0.0372670807453416,473000,0,20.875,0.0508982035928144,0,20.875,0,3.27784431137725,1.23797202764956
"1997-01-30",1997-01-30,0.029940119760479,707200,0,21.5,0.0784883720930233,0,21.5,0,1.54206566347469,1.38796106230266
"1997-01-31",1997-01-31,-0.0465116279069767,1134400,-0.0465116279069767,20.5,0.0335365853658537,19.8125,21.5,4268,0,0.890736506861881
"1997-02-03",1997-02-03,0.00304878048780488,560600,-0.0436046511627908,20.5625,0.0364741641337386,19.8125,21.5,0,1.08759325780602,0.922509391439421
"1997-02-04",1997-02-04,0.0547112462006079,1271400,0,21.6875,0.0547550432276657,20.5,21.6875,4268,1.50120076849183,1.25893904905933
"1997-02-05",1997-02-05,0,1296400,0,21.6875,0.0547550432276657,0,21.6875,0,0,1.25893904905933
"1997-02-06",1997-02-06,0.00864553314121038,586200,0,21.875,0.0628571428571428,0,21.875,0,1.14796992481203,1.30298466995068
"1997-02-07",1997-02-07,0.0114285714285714,648400,0,22.125,0.0734463276836158,0,22.125,0,1.16846430405752,1.36055088633221
"1997-02-10",1997-02-10,0.00282485875706215,1494400,0,22.1875,0.076056338028169,0,22.1875,0,1.03553629469122,1.37473974248259
"1997-02-11",1997-02-11,-0.0028169014084507,716600,-0.0028169014084507,22.125,0.0734463276836158,20.5,22.1875,4275,0,1.34523730377967
"1997-02-12",1997-02-12,-0.00564971751412429,421800,-0.00845070422535199,22,0.0681818181818182,20.5,22.1875,0,-2.99999999999996,1.28599057087127
"1997-02-13",1997-02-13,0.00852272727272727,1066200,0,22.1875,0.0084507042253521,22,22.1875,4275,0,1.00721376122157
"1997-02-14",1997-02-14,0.0028169014084507,4e+05,0,22.25,0.0112359550561798,0,22.25,0,1.32958801498128,1.02235528104881
"1997-02-18",1997-02-18,0,505800,0,22.25,0.0112359550561798,0,22.25,0,0,1.02235528104881
"1997-02-19",1997-02-19,-0.0098314606741573,701600,-0.0098314606741573,22.03125,0.00141843971631206,22,22.25,4280,0,0.915537124275192
"1997-02-20",1997-02-20,-0.0354609929078014,922600,-0.0449438202247191,21.25,0,21.25,22.03125,4281,-4.57142857142857,0.716943943624503
"1997-02-21",1997-02-21,-0.0176470588235294,1318400,-0.0617977528089889,20.875,0,20.875,21.25,4282,-1.375,0.625320542397212
"1997-02-24",1997-02-24,0.0119760479041916,991000,-0.050561797752809,21.125,0.0118343195266272,20.875,21.125,4282,-0.818181818181816,0.750737979185654
"1997-02-25",1997-02-25,0.0236686390532544,674600,-0.0280898876404496,21.625,0.0346820809248555,0,21.625,0,2.9306358381503,0.997110297666333
"1997-02-26",1997-02-26,-0.0130057803468208,1127800,-0.0407303370786517,21.34375,0.0219619326500732,20.875,21.625,4285,-1.44999999999999,0.859241927302173
"1997-02-27",1997-02-27,-0.00439238653001464,207200,-0.0449438202247191,21.25,0.0176470588235295,20.875,21.625,0,-1.10344827586207,0.812879034321314
"1997-02-28",1997-02-28,0,562400,-0.0449438202247191,21.25,0.0176470588235295,20.875,21.625,0,-1,0.812879034321314
"1997-03-03",1997-03-03,-0.0205882352941176,953400,-0.0646067415730338,20.8125,0,20.8125,21.34375,4288,-1.4375,0.610049975525997
"1997-03-04",1997-03-04,0.00750750750750751,273800,-0.0575842696629214,20.96875,0.00745156482861398,20.8125,20.96875,4288,-0.891304347826086,0.688735497071789
"1997-03-05",1997-03-05,-0.0014903129657228,556200,-0.0589887640449438,20.9375,0.00597014925373129,20.8125,20.96875,4290,-1.02439024390244,0.673046761842473
"1997-03-06",1997-03-06,0.00298507462686567,737800,-0.056179775280899,21,0.00297619047619047,20.9375,21,4290,-0.952380952380955,0.67204120532462
"1997-03-07",1997-03-07,-0.00595238095238095,647000,-0.0617977528089889,20.875,0,0,21,4292,-1.1,0.625320542397212
"1997-03-10",1997-03-10,0.029940119760479,1045000,-0.0337078651685395,21.5,0.0290697674418605,20.875,21.5,4292,-0.545454545454547,0.936058821753333
"1997-03-11",1997-03-11,0.0145348837209302,1492800,-0.0196629213483148,21.8125,0.0429799426934098,0,21.8125,0,1.47851002865329,1.08803184515681
"1997-03-12",1997-03-12,-0.0200573065902579,258400,-0.0393258426966293,21.375,0.0233918128654971,20.875,21.8125,4295,-1.99999999999998,0.874650499733075
"1997-03-13",1997-03-13,-0.0467836257309941,487200,-0.0842696629213484,20.375,0,20.375,21.375,4296,-2.14285714285714,0.503156007427491
"1997-03-14",1997-03-14,0.0214723926380368,331200,-0.0646067415730337,20.8125,0.021021021021021,20.375,20.8125,4296,-0.766666666666666,0.724327010490166
"1997-03-17",1997-03-17,-0.03003003003003,818400,-0.0926966292134831,20.1875,0,0,20.8125,4298,-1.43478260869565,0.457344306813847
"1997-03-18",1997-03-18,0.00309597523219814,585600,-0.0898876404494382,20.25,0.00308641975308643,20.1875,20.25,4298,-0.96969696969697,0.489393644691706
"1997-03-19",1997-03-19,-0.00925925925925926,704600,-0.0983146067415731,20.0625,0,0,20.25,4300,-1.09375,0.426803173071416
"1997-03-20",1997-03-20,-0.00311526479750779,293600,-0.101123595505618,20,0,20,20.0625,4301,-1.02857142857143,0.411532606200201
"1997-03-21",1997-03-21,-0.009375,747400,-0.109550561797753,19.8125,0,19.8125,20,4302,-1.08333333333333,0.365720905586556
"1997-03-24",1997-03-24,0.0394321766561514,1332800,-0.074438202247191,20.59375,0.0379362670713201,19.8125,20.59375,4302,-0.679487179487179,0.76283674740059
"1997-03-25",1997-03-25,0.0136570561456753,1529800,-0.0617977528089889,20.875,0.0508982035928144,0,20.875,0,1.34167664670659,0.902019556482822
"1997-03-26",1997-03-26,-0.0329341317365269,1025600,-0.0926966292134831,20.1875,0.0185758513931888,19.8125,20.875,4305,-1.5,0.558328612810489
"1997-03-27",1997-03-27,-0.0464396284829721,1149600,-0.134831460674157,19.25,0,19.25,20.1875,4306,-1.45454545454546,0.22828580374562
"1997-03-31",1997-03-31,-0.025974025974026,1339800,-0.157303370786517,18.75,0,18.75,19.25,4307,-1.16666666666667,0.106121268775899
"1997-04-01",1997-04-01,-0.01,1050200,-0.165730337078652,18.5625,0,18.5625,18.75,4308,-1.05357142857143,0.0603095681622539
"1997-04-02",1997-04-02,-0.00505050505050505,598400,-0.169943820224719,18.46875,0,18.46875,18.5625,4309,-1.02542372881356,0.0374037178554307
"1997-04-03",1997-04-03,0.0186125211505922,1197000,-0.154494382022472,18.8125,0.0182724252491694,18.46875,18.8125,4309,-0.909090909090908,0.220726619480467
"1997-04-04",1997-04-04,0.0232558139534884,1581400,-0.134831460674157,19.25,0.0405844155844156,0,19.25,0,2.2210743801653,0.448915747177138
"1997-04-07",1997-04-07,0.0194805194805195,1322400,-0.117977528089888,19.625,0.0589171974522293,0,19.625,0,1.45171974522293,0.640202050239862
"1997-04-08",1997-04-08,0,770400,-0.117977528089888,19.625,0.0589171974522293,0,19.625,0,-1,0.640202050239862
"1997-04-09",1997-04-09,-0.00955414012738853,578600,-0.126404494382022,19.4375,0.0498392282958199,18.46875,19.625,4314,-1.07142857142857,0.545039587945648
"1997-04-10",1997-04-10,0.0128617363344051,510200,-0.115168539325843,19.6875,0.0126984126984127,19.4375,19.6875,4314,-0.911111111111111,0.404212429700032
"1997-04-11",1997-04-11,-0.0349206349206349,1968200,-0.146067415730337,19,0,0,19.6875,4316,-1.26829268292683,0.16720353626076
"1997-04-14",1997-04-14,0.03125,1239000,-0.11938202247191,19.59375,0.0303030303030303,19,19.59375,4316,-0.817307692307692,0.47701094596617
"1997-04-15",1997-04-15,0.0239234449760766,904200,-0.098314606741573,20.0625,0.0529595015576324,0,20.0625,0,1.74766355140187,0.714708066232145
"1997-04-16",1997-04-16,0.00623052959501558,816800,-0.092696629213483,20.1875,0.0588235294117647,0,20.1875,0,1.11072664359862,0.777127942469881
"1997-04-17",1997-04-17,0.00928792569659443,736400,-0.0842696629213481,20.375,0.0674846625766872,0,20.375,0,1.14723926380368,0.870024350173986
"1997-04-18",1997-04-18,0.00306748466257669,908000,-0.0814606741573032,20.4375,0.0703363914373089,0,20.4375,0,1.04225743675285,0.900797832835434
"1997-04-21",1997-04-21,0.00611620795107034,816600,-0.0758426966292133,20.5625,0.0759878419452887,0,20.5625,0,1.08034888330911,0.962062070210787
"1997-04-22",1997-04-22,0.0212765957446809,754400,-0.0561797752808987,21,0.0952380952380952,0,21,0,1.25333333333333,1.17360661005894
"1997-04-23",1997-04-23,0.00595238095238095,1141400,-0.0505617977528088,21.125,0.100591715976331,0,21.125,0,1.05621301775148,1.23325174896251
"1997-04-24",1997-04-24,-0.00591715976331361,183600,-0.0561797752808988,21,0.0952380952380952,19,21.125,4325,-1.11111111111111,1.17360661005894
"1997-04-25",1997-04-25,0.00595238095238095,1068600,-0.050561797752809,21.125,0.00591715976331364,21,21.125,4325,-0.900000000000002,0.718570394533864
"1997-04-28",1997-04-28,0.0207100591715976,516200,-0.0308988764044943,21.5625,0.0260869565217391,0,21.5625,0,4.40869565217388,0.935113868575864
"1997-04-29",1997-04-29,0.0521739130434783,1455000,0,22.6875,0.0743801652892562,0,22.6875,0,2.85123966942149,1.36562752807116
"1997-04-30",1997-04-30,-0.0192837465564738,1184000,-0.0192837465564738,22.25,0.0561797752808989,21,22.6875,4329,0,1.16185169907897
"1997-05-01",1997-05-01,-0.0105337078651685,475600,-0.0296143250688704,22.015625,0.0461320085166785,21,22.6875,0,-1.53571428571428,1.05106845627839
"1997-05-02",1997-05-02,0.0248403122782115,1317800,-0.00550964187327818,22.5625,0.0692520775623269,21,22.6875,0,1.50117195823567,1.3077974066776
"1997-05-05",1997-05-05,-0.00277008310249307,707400,-0.00826446280991733,22.5,0.0666666666666667,21,22.6875,0,-1.50000000000001,1.27876618791776
"1997-05-06",1997-05-06,0.0444444444444444,1070800,0,23.5,0.0631648936170213,22.015625,23.5,4329,0,1.30465770211747
"1997-05-07",1997-05-07,-0.0226063829787234,621000,-0.0226063829787234,22.96875,0.0414965986394558,22.015625,23.5,4334,0,1.06396630488331
"1997-05-08",1997-05-08,-0.00952380952380952,605600,-0.0319148936170213,22.75,0.0322802197802198,22.015625,23.5,0,-1.41176470588235,0.963259044151299
"1997-05-09",1997-05-09,0.00549450549450549,531400,-0.0265957446808511,22.875,0.037568306010929,22.015625,23.5,0,1.16381816067899,1.02092338799199
"1997-05-12",1997-05-12,0.00136612021857923,307800,-0.0252659574468084,22.90625,0.0388813096862211,22.015625,23.5,0,1.03494977055687,1.03529044984151
"1997-05-13",1997-05-13,-0.00409276944065484,623000,-0.0292553191489362,22.8125,0.0349315068493151,22.015625,23.5,0,-1.15789473684211,0.99213059653533
"1997-05-14",1997-05-14,0.010958904109589,328800,-0.0186170212765957,23.0625,0.0453929539295393,22.015625,23.5,0,1.29948456347309,1.10683560012522
"1997-05-15",1997-05-15,0.018970189701897,693400,0,23.5,0.0319148936170213,22.75,23.5,4334,0,1.1347726456752
"1997-05-16",1997-05-16,-0.0159574468085106,412200,-0.0159574468085106,23.125,0.0162162162162162,22.75,23.5,4341,0,0.96267976733782
"1997-05-19",1997-05-19,0,514400,-0.0159574468085106,23.125,0.0162162162162162,22.75,23.5,0,-1,0.96267976733782
"1997-05-20",1997-05-20,0.0189189189189189,516200,0,23.5625,0.0185676392572944,23.125,23.5625,4341,1.14500442086649,1.06221267574715
"1997-05-21",1997-05-21,0.00795755968169761,916600,0,23.75,0.0263157894736842,0,23.75,0,1.41729323308271,1.10433411372585
"1997-05-22",1997-05-22,-0.00526315789473684,209600,-0.00526315789473675,23.625,0.0211640211640212,23.125,23.75,4345,0,1.04771522329141
"1997-05-23",1997-05-23,0.0185185185185185,390400,0,24.0625,0.0181818181818182,23.625,24.0625,4345,0,1.06011522822126
"1997-05-27",1997-05-27,-0.00779220779220779,459800,-0.00779220779220779,23.875,0.0104712041884817,23.625,24.0625,4347,0,0.975836900091613
"1997-05-28",1997-05-28,-0.00785340314136126,437400,-0.0155844155844157,23.6875,0.00263852242744067,23.625,24.0625,0,-2.00000000000001,0.89089497229456
"1997-05-29",1997-05-29,0.00527704485488127,381200,-0.0103896103896104,23.8125,0.00787401574803148,23.625,24.0625,0,2.98425196850389,0.947597431558489
"1997-05-30",1997-05-30,0.031496062992126,711400,0,24.5625,0.0356234096692112,23.6875,24.5625,4347,4.52417302798983,1.15493333235818
"1997-06-02",1997-06-02,0.00254452926208651,926000,0,24.625,0.0380710659898477,0,24.625,0,1.06870920957215,1.16823957978803
"1997-06-03",1997-06-03,0.0101522842639594,350400,0,24.875,0.0477386934673367,0,24.875,0,1.25393634840871,1.22079591385766
"1997-06-04",1997-06-04,-0.0050251256281407,304800,-0.00502512562814073,24.75,0.0429292929292929,23.6875,24.875,4353,0,1.16733226480725
"1997-06-05",1997-06-05,0.0265151515151515,890000,0,25.40625,0.025830258302583,24.75,25.40625,4353,0,1.10169461003283
"1997-06-06",1997-06-06,0.013530135301353,736400,0,25.75,0.0388349514563107,0,25.75,0,1.50346740638003,1.17239230700676
"1997-06-09",1997-06-09,-0.00788834951456311,524600,-0.00788834951456319,25.546875,0.0311926605504587,24.75,25.75,4356,0,1.08796274782575
"1997-06-10",1997-06-10,-0.0140672782874618,728400,-0.0218446601941747,25.1875,0.0173697270471465,24.75,25.75,0,-2.76923076923074,0.93694583691568
"1997-06-11",1997-06-11,-0.00744416873449132,496400,-0.029126213592233,25,0.01,24.75,25.75,0,-1.33333333333333,0.857296761543357
"1997-06-12",1997-06-12,0.01,1264600,-0.0194174757281553,25.25,0.0198019801980198,24.75,25.75,0,1.98019801980198,0.963363303598032
"1997-06-13",1997-06-13,0.00247524752475248,986400,-0.0169902912621359,25.3125,0.0222222222222223,24.75,25.75,0,1.12222222222222,0.989715473930547
"1997-06-16",1997-06-16,-0.0123456790123457,450600,-0.0291262135922331,25,0.01,24.75,25.75,0,-1.71428571428572,0.857296761543356
"1997-06-17",1997-06-17,-0.01,1232000,-0.0388349514563107,24.75,0,24.75,25.546875,4362,-1.33333333333333,0.750153720121127
"1997-06-18",1997-06-18,0.0101010101010101,819400,-0.029126213592233,25,0.01,24.75,25,4362,-0.75,0.857296761543357
"1997-06-19",1997-06-19,0.03,1422000,0,25.75,0.0388349514563107,0,25.75,0,3.88349514563106,1.17239230700676
"1997-06-20",1997-06-20,-0.00970873786407767,568400,-0.00970873786407755,25.5,0.0294117647058824,24.75,25.75,4365,0,1.06838500803126
"1997-06-23",1997-06-23,-0.0269607843137255,388200,-0.0364077669902912,24.8125,0.0025188916876574,24.75,25.75,0,-3.75000000000004,0.777042181770251
"1997-06-24",1997-06-24,0.00566750629722922,422600,-0.0309466019417476,24.953125,0.0081402629931121,24.75,25.75,0,3.23168440826555,0.837290415818971
"1997-06-25",1997-06-25,0.00187852222917971,798600,-0.0291262135922331,25,0.01,24.75,25.75,0,1.22846153846154,0.857296761543356
"1997-06-26",1997-06-26,0.005,771400,-0.0242718446601943,25.125,0.0149253731343284,24.75,25.75,0,1.49253731343284,0.910462586597296
"1997-06-27",1997-06-27,-0.00497512437810945,354400,-0.0291262135922331,25,0.01,24.75,25.75,0,-1.2,0.857296761543356
"1997-06-30",1997-06-30,-0.0325,482800,-0.0606796116504855,24.1875,0,24.1875,25.5,4371,-2.08333333333333,0.631399117559541
"1997-07-01",1997-07-01,0.020671834625323,1158000,-0.0412621359223303,24.6875,0.020253164556962,24.1875,24.6875,4371,-0.680000000000002,0.847061484405558
"1997-07-02",1997-07-02,-0.00253164556962025,514400,-0.0436893203883497,24.625,0.0177664974619289,24.1875,24.6875,4373,-1.05882352941176,0.820348206012012
"1997-07-03",1997-07-03,0.0304568527918782,375400,-0.0145631067961166,25.375,0.0295566502463054,24.625,25.375,4373,1.66361717100633,1.0427827407737
"1997-07-07",1997-07-07,0.00492610837438424,631000,-0.00970873786407755,25.5,0.0343137254901961,0,25.5,0,1.1609477124183,1.09503364433593
"1997-07-08",1997-07-08,-0.017156862745098,291600,-0.0266990291262136,25.0625,0.0174563591022444,24.625,25.5,4376,-2.75000000000003,0.911026884965569
"1997-07-09",1997-07-09,-0.00748129675810474,685800,-0.0339805825242718,24.875,0.0100502512562815,24.625,25.5,0,-1.27272727272727,0.831180031863314
"1997-07-10",1997-07-10,-0.0125628140703518,327000,-0.046116504854369,24.5625,0,24.5625,25.0625,4378,-1.35714285714286,0.710568852600598
"1997-07-11",1997-07-11,0.0165394402035623,503400,-0.0303398058252426,24.96875,0.016270337922403,24.5625,24.96875,4378,-0.657894736842102,0.884786858402774
"1997-07-14",1997-07-14,0.00500625782227785,1155200,-0.0254854368932039,25.09375,0.0211706102117061,0,25.09375,0,1.30117827378102,0.937816227185549
"1997-07-15",1997-07-15,0.0161892901618929,1175600,-0.00970873786407755,25.5,0.0367647058823529,0,25.5,0,1.73659169550173,1.10835796248826
"1997-07-16",1997-07-16,0.0392156862745098,1618800,0,26.5,0.0731132075471698,0,26.5,0,1.98867924528302,1.35873993807038
"1997-07-17",1997-07-17,-0.0235849056603774,604000,-0.0235849056603774,25.875,0.0507246376811594,24.5625,26.5,4383,0,1.10881333056166
"1997-07-18",1997-07-18,-0.00483091787439614,440600,-0.0283018867924529,25.75,0.0461165048543689,24.5625,26.5,0,-1.2,1.05811901020222
"1997-07-21",1997-07-21,0.0169902912621359,625400,-0.0117924528301886,26.1875,0.0620525059665871,24.5625,26.5,0,1.34555960306494,1.23450283640774
"1997-07-22",1997-07-22,0.0238663484486874,1181000,0,26.8125,0.0396270396270396,25.75,26.8125,4383,0,1.17669835320169
"1997-07-23",1997-07-23,-0.00233100233100233,756400,-0.00233100233100236,26.75,0.0373831775700935,25.75,26.8125,4387,0,1.1518279181693
"1997-07-24",1997-07-24,0.00233644859813084,296800,0,26.8125,0.00233100233100236,26.75,26.8125,4387,0,0.973945092366166
"1997-07-25",1997-07-25,0.00466200466200466,264200,0,26.9375,0.00696055684454755,0,26.9375,0,2.98607888631086,0.999112840520923
"1997-07-28",1997-07-28,0.0266821345707657,542200,0,27.65625,0.0327683615819209,0,27.65625,0,4.70772128060264,1.13941237218363
"1997-07-29",1997-07-29,-0.0124293785310734,796800,-0.0124293785310735,27.3125,0.0205949656750573,26.75,27.65625,4391,0,1.00566377301482
"1997-07-30",1997-07-30,0.0091533180778032,785800,-0.00338983050847474,27.5625,0.0294784580498866,26.75,27.65625,0,1.43134290753338,1.10309918835991
"1997-07-31",1997-07-31,-0.00226757369614512,424200,-0.00564971751412446,27.5,0.0272727272727272,26.75,27.65625,0,-1.66666666666663,1.07882265302929
"1997-08-01",1997-08-01,-0.00454545454545455,462000,-0.0101694915254238,27.375,0.0228310502283106,26.75,27.65625,0,-1.79999999999996,1.03010532124033
"1997-08-04",1997-08-04,0.00684931506849315,364800,-0.00338983050847452,27.5625,0.0294784580498866,26.75,27.65625,0,1.29115646258503,1.10309918835992
"1997-08-05",1997-08-05,0.0090702947845805,268400,0,27.8125,0.0179775280898876,27.3125,27.8125,4391,0,1.05900464153972
"1997-08-06",1997-08-06,0.0157303370786517,229600,0,28.25,0.0331858407079646,0,28.25,0,1.84596238938053,1.14168192306016
"1997-08-07",1997-08-07,-0.00884955752212389,619800,-0.0088495575221238,28,0.0245535714285714,27.3125,28.25,4398,0,1.04664508680769
"1997-08-08",1997-08-08,-0.0401785714285714,505200,-0.0486725663716814,26.875,0,26.875,28,4399,-5.50000000000006,0.696673279636165
"1997-08-11",1997-08-11,0.0162790697674419,692800,-0.0331858407079647,27.3125,0.0160183066361556,26.875,27.3125,4399,-0.681818181818185,0.867944773731502
"1997-08-12",1997-08-12,-0.0068649885583524,334600,-0.0398230088495576,27.125,0.00921658986175111,26.875,27.3125,4401,-1.2,0.79488667061229
"1997-08-13",1997-08-13,-0.00115207373271889,596400,-0.0409292035398231,27.09375,0.00807381776239913,26.875,27.3125,0,-1.02777777777778,0.78266056341258
"1997-08-14",1997-08-14,-0.00115340253748558,299000,-0.0420353982300885,27.0625,0.00692840646651272,26.875,27.3125,0,-1.02702702702702,0.770420108691199
"1997-08-15",1997-08-15,-0.0277136258660508,461200,-0.0685840707964602,26.3125,0,26.3125,27.125,4404,-1.63157894736842,0.588427933938436
"1997-08-18",1997-08-18,-0.00237529691211401,751800,-0.0707964601769914,26.25,0,26.25,26.3125,4405,-1.03225806451613,0.576400673305354
"1997-08-19",1997-08-19,0.0107142857142857,602200,-0.0608407079646018,26.53125,0.0106007067137809,26.25,26.53125,4405,-0.859374999999998,0.688152199222974
"1997-08-20",1997-08-20,0.0200235571260306,787000,-0.0420353982300887,27.0625,0.0300230946882217,0,27.0625,0,2.83217859892226,0.89597026587717
"1997-08-21",1997-08-21,-0.0184757505773672,997600,-0.0597345132743363,26.5625,0.0117647058823529,26.25,27.0625,4408,-1.42105263157894,0.700493703601966
"1997-08-22",1997-08-22,-0.0117647058823529,540800,-0.0707964601769914,26.25,0,26.25,26.5625,4409,-1.18518518518519,0.576400673305354
"1997-08-25",1997-08-25,-0.019047619047619,935000,-0.0884955752212391,25.75,0,25.75,26.25,4410,-1.25,0.480182588240707
"1997-08-26",1997-08-26,-0.0218446601941748,970000,-0.108407079646018,25.1875,0,25.1875,25.75,4411,-1.225,0.371937242542979
"1997-08-27",1997-08-27,0.0223325062034739,569400,-0.088495575221239,25.75,0.0218446601941747,25.1875,25.75,4411,-0.816326530612244,0.598937190802293
"1997-08-28",1997-08-28,0,391000,-0.088495575221239,25.75,0.0218446601941747,0,25.75,0,-1,0.598937190802293
"1997-08-29",1997-08-29,0.0315533980582524,719600,-0.0597345132743362,26.5625,0.0517647058823529,0,26.5625,0,2.36967320261438,0.91794657584807
"1997-09-02",1997-09-02,0.0129411764705882,979800,-0.0475663716814159,26.90625,0.0638792102206737,0,26.90625,0,1.23403019744483,1.04995485343516
"1997-09-03",1997-09-03,0.00232288037166086,459600,-0.0453539823008849,26.96875,0.0660486674391657,0,26.96875,0,1.03396186663858,1.07377598165264
"1997-09-04",1997-09-04,0.00347624565469293,607400,-0.0420353982300885,27.0625,0.069284064665127,0,27.0625,0,1.04898504922815,1.10940553309332
"1997-09-05",1997-09-05,0.0161662817551963,549200,-0.0265486725663716,27.5,0.0840909090909091,0,27.5,0,1.21371212121212,1.27409112875708
"1997-09-08",1997-09-08,0.00454545454545455,214800,-0.0221238938053095,27.625,0.0882352941176471,0,27.625,0,1.04928457869634,1.32067586071719
"1997-09-09",1997-09-09,0.0135746606334842,917600,-0.0088495575221238,28,0.100446428571429,0,28,0,1.13839285714286,1.45922308102463
"1997-09-10",1997-09-10,-0.0178571428571429,1035400,-0.0265486725663716,27.5,0.0840909090909091,25.1875,28,4421,-3.00000000000003,1.27409112875708
"1997-09-11",1997-09-11,0.00113636363636364,1018200,-0.0254424778761062,27.53125,0.0851305334846765,25.1875,28,0,1.01236310089886,1.28575649183566
"1997-09-12",1997-09-12,0.0147559591373439,440200,-0.0110619469026547,27.9375,0.098434004474273,25.1875,28,0,1.15627143922446,1.43625563538895
"1997-09-15",1997-09-15,0.00223713646532438,445800,-0.0088495575221238,28,0.0178571428571429,27.5,28,4421,-0.800000000000002,1.01024114614149
"1997-09-16",1997-09-16,0.0178571428571429,846600,0,28.5,0.0350877192982456,0,28.5,0,1.96491228070175,1.15202114711316
"1997-09-17",1997-09-17,0.0131578947368421,516200,0,28.875,0.0476190476190477,0,28.875,0,1.35714285714286,1.22014548052359
"1997-09-18",1997-09-18,0.0108225108225108,662400,0,29.1875,0.0578158458244111,0,29.1875,0,1.21413276231263,1.27557855696035
"1997-09-19",1997-09-19,0.00214132762312634,655200,0,29.25,0.0598290598290598,0,29.25,0,1.03482114593226,1.28652303615427
"1997-09-22",1997-09-22,0.00961538461538462,369600,0,29.53125,0.0687830687830688,0,29.53125,0,1.14965986394558,1.33519991028343
"1997-09-23",1997-09-23,0,508600,0,29.53125,0.0687830687830688,0,29.53125,0,0,1.33519991028343
"1997-09-24",1997-09-24,-0.00105820105820106,190200,-0.0010582010582012,29.5,0.0677966101694916,27.5,29.53125,4431,0,1.32408448232358
"1997-09-25",1997-09-25,-0.0211864406779661,366600,-0.0222222222222223,28.875,0.0476190476190477,27.5,29.53125,0,-20.9999999999972,1.09933832927576
"1997-09-26",1997-09-26,0.0119047619047619,584400,-0.0105820105820107,29.21875,0.0588235294117647,27.5,29.53125,0,1.23529411764706,1.22352943434006
"1997-09-29",1997-09-29,0.00213903743315508,340200,-0.00846560846560862,29.28125,0.0608324439701174,27.5,29.53125,0,1.034151547492,1.24595598333631
"1997-09-30",1997-09-30,0.0096051227321238,438600,0,29.5625,0.0232558139534884,28.875,29.5625,4431,0,1.08769910207912
"1997-10-01",1997-10-01,0.0221987315010571,995200,0,30.21875,0.0444674250258531,0,30.21875,0,1.91209927611168,1.20301224589545
"1997-10-02",1997-10-02,0.0134436401240951,759200,0,30.625,0.0571428571428572,0,30.625,0,1.28504983388705,1.27191997391552
"1997-10-03",1997-10-03,-0.00816326530612245,628400,-0.00816326530612255,30.375,0.0493827160493827,28.875,30.625,4438,0,1.18535521247716
"1997-10-06",1997-10-06,0.00617283950617284,372400,-0.00204081632653064,30.5625,0.0552147239263804,28.875,30.625,0,1.1180981595092,1.25034348696735
"1997-10-07",1997-10-07,-0.00613496932515337,487600,-0.00816326530612232,30.375,0.0493827160493827,28.875,30.625,0,-3.99999999999989,1.18535521247716
"1997-10-08",1997-10-08,-0.022119341563786,665400,-0.0301020408163265,29.703125,0.0278800631246712,28.875,30.625,0,-3.68750000000005,0.949193627786015
"1997-10-09",1997-10-09,-0.00263019463440295,1397200,-0.0326530612244899,29.625,0.0253164556962026,28.875,30.625,0,-1.08474576271187,0.921388864947377
"1997-10-10",1997-10-10,0.00843881856540084,308200,-0.0244897959183675,29.875,0.0334728033472803,28.875,30.625,0,1.32217573221757,1.01010753273457
"1997-10-13",1997-10-13,0.00418410041841004,673200,-0.0204081632653064,30,0.0375,28.875,30.625,0,1.1203125,1.05418973831196
"1997-10-14",1997-10-14,0.00208333333333333,271000,-0.0183673469387755,30.0625,0.0395010395010394,28.875,30.625,0,1.05336105336105,1.07616256728471
"1997-10-15",1997-10-15,0.00415800415800416,375800,-0.0142857142857146,30.1875,0.0434782608695652,28.875,30.625,0,1.10068649885584,1.11997309113486
"1997-10-16",1997-10-16,-0.0082815734989648,478600,-0.0224489795918369,29.9375,0.035490605427975,28.875,30.625,0,-1.57142857142855,1.03217148848463
"1997-10-17",1997-10-17,0,865000,-0.0224489795918369,29.9375,0.035490605427975,28.875,30.625,0,-1,1.03217148848463
"1997-10-20",1997-10-20,0.0208768267223382,822400,-0.00204081632653075,30.5625,0.0552147239263804,28.875,30.625,0,1.55575604474919,1.25034348696735
"1997-10-21",1997-10-21,0.0102249488752556,818000,0,30.875,0.0404858299595142,29.625,30.875,4438,0,1.18136701381304
"1997-10-22",1997-10-22,0.0121457489878543,499800,0,31.25,0.052,0,31.25,0,1.2844,1.24396174748388
"1997-10-23",1997-10-23,-0.022,830000,-0.022,30.5625,0.0306748466257669,29.625,31.25,4452,0,1.00843227144063
"1997-10-24",1997-10-24,0,579600,-0.022,30.5625,0.0306748466257669,29.625,31.25,0,-1,1.00843227144063
"1997-10-27",1997-10-27,-0.0736196319018405,770400,-0.0939999999999999,28.3125,0,28.3125,30.5625,4454,-4.27272727272726,0.450258763785604
"1997-10-28",1997-10-28,0.00441501103752759,1027000,-0.09,28.4375,0.00439560439560438,28.3125,28.4375,4454,-0.957446808510639,0.495899971037258
"1997-10-29",1997-10-29,0.0351648351648352,1479000,-0.0579999999999998,29.4375,0.0382165605095541,0,29.4375,0,8.6942675159236,0.853723870061335
"1997-10-30",1997-10-30,-0.0106157112526539,418400,-0.0679999999999997,29.125,0.0278969957081545,28.3125,29.4375,4457,-1.17241379310345,0.743260176839956
"1997-10-31",1997-10-31,0.00429184549356223,524800,-0.0639999999999998,29.25,0.032051282051282,28.3125,29.4375,0,1.14891518737673,0.787589501500712
"1997-11-03",1997-11-03,0.00106837606837607,456000,-0.0629999999999998,29.28125,0.0330843116328708,28.3125,29.4375,0,1.03223052294557,0.798641704547657
"1997-11-04",1997-11-04,0.00747065101387407,471000,-0.0559999999999998,29.5,0.0127118644067796,29.125,29.5,4457,-0.888888888888889,0.725944778090833
"1997-11-05",1997-11-05,0.0296610169491525,713400,-0.0279999999999999,30.375,0.0411522633744856,0,30.375,0,3.23731138545954,1.03277294974692
"1997-11-06",1997-11-06,-0.00205761316872428,332600,-0.0299999999999999,30.3125,0.0391752577319587,29.125,30.375,4462,-1.07142857142857,1.01115266724926
"1997-11-07",1997-11-07,-0.00412371134020619,712000,-0.0339999999999999,30.1875,0.0351966873706004,29.125,30.375,0,-1.13333333333333,0.967778591211888
"1997-11-10",1997-11-10,-0.0062111801242236,350600,-0.04,30,0.0291666666666667,29.125,30.375,0,-1.1764705882353,0.902379527330625
"1997-11-11",1997-11-11,-0.003125,440400,-0.043,29.90625,0.0261233019853709,29.125,30.375,0,-1.075,0.869525852131165
"1997-11-12",1997-11-12,-0.00731452455590387,675400,-0.0499999999999999,29.6875,0.0189473684210526,29.125,30.375,0,-1.16279069767442,0.792460915372892
"1997-11-13",1997-11-13,0.00842105263157895,325400,-0.042,29.9375,0.0271398747390397,29.125,30.375,0,1.43238227789376,0.880488590565627
"1997-11-14",1997-11-14,-0.00730688935281837,297600,-0.0490000000000002,29.71875,0.0199789695057834,29.125,30.375,0,-1.16666666666667,0.803505352651215
"1997-11-17",1997-11-17,0.0136698212407992,353400,-0.0360000000000003,30.125,0.033195020746888,29.125,30.375,0,1.6614981436995,0.946024243684445
"1997-11-18",1997-11-18,-0.004149377593361,520000,-0.0400000000000001,30,0.0291666666666667,29.125,30.375,0,-1.11111111111111,0.902379527330625
"1997-11-19",1997-11-19,0.00208333333333333,389000,-0.038,30.0625,0.0311850311850311,29.125,30.375,0,1.06920106920107,0.92422464998688
"1997-11-20",1997-11-20,0.0353430353430353,972400,-0.00400000000000011,31.125,0.0461847389558233,29.6875,31.125,4462,1.4809906291834,1.19060282983634
"1997-11-21",1997-11-21,0.0140562248995984,1364000,0,31.5625,0.0594059405940595,0,31.5625,0,1.2862677572105,1.28422282383043
"1997-11-24",1997-11-24,-0.00297029702970297,835600,-0.00297029702970308,31.46875,0.0566037735849056,29.6875,31.5625,4474,0,1.25284185170077
"1997-11-25",1997-11-25,0.00099304865938431,627200,-0.00198019801980198,31.5,0.0575396825396826,29.6875,31.5625,0,1.01653439153439,1.26331225079797
"1997-11-26",1997-11-26,-0.0119047619047619,929800,-0.0138613861386139,31.125,0.0461847389558233,29.6875,31.5625,0,-7,1.1369931613321
"1997-11-28",1997-11-28,0,684600,-0.0138613861386139,31.125,0.0461847389558233,29.6875,31.5625,0,-1,1.1369931613321
"1997-12-01",1997-12-01,0.0451807228915663,1470600,0,32.53125,0.0432276657060519,31.125,32.53125,4474,0,1.19627251527083
"1997-12-02",1997-12-02,0.0045629356388088,591800,0,32.679688,0.0475735264057601,0,32.679688,0,1.10053424418658,1.21989801255915
"1997-12-03",1997-12-03,0.0136265682830265,797200,0,33.125,0.060377358490566,0,33.125,0,1.26913775480087,1.2895037641241
"1997-12-04",1997-12-04,0.0356132226415094,1815200,0,34.304688,0.0926896055722762,0,34.304688,0,1.53517159229083,1.46516353754019
"1997-12-05",1997-12-05,0.0202687166255528,677200,0,35,0.110714285714286,0,35,0,1.19446279904551,1.56315149924512
"1997-12-08",1997-12-08,-0.0198660571428572,609000,-0.0198660571428572,34.304688,0.0926896055722762,31.125,35,4483,0,1.3571652578922
"1997-12-09",1997-12-09,0.00387154082264212,570000,-0.0160714285714284,34.4375,0.0961887477313974,31.125,35,0,1.03775118188838,1.39681654276377
"1997-12-10",1997-12-10,-0.0163339382940109,795200,-0.032142857142857,33.875,0.0811808118081181,31.125,35,0,-2.00000000000001,1.22785911583983
"1997-12-11",1997-12-11,-0.0230627306273063,840000,-0.0544642857142855,33.09375,0.0594900849858357,31.125,35,0,-1.69444444444444,0.988594875737219
"1997-12-12",1997-12-12,-0.00661000944287063,1098200,-0.0607142857142855,32.875,0.0532319391634981,31.125,35,0,-1.11475409836066,0.920596569848709
"1997-12-15",1997-12-15,0,991800,-0.0607142857142855,32.875,0.0532319391634981,31.125,35,0,-1,0.920596569848709
"1997-12-16",1997-12-16,0.00190114068441065,924200,-0.0589285714285712,32.9375,0.0550284629981025,31.125,35,0,1.03374898346435,0.940070769057028
"1997-12-17",1997-12-17,-0.0170777988614801,1042000,-0.0749999999999998,32.375,0.0386100386100386,31.125,35,0,-1.27272727272727,0.763445472934649
"1997-12-18",1997-12-18,0.0212355212355212,1184400,-0.0553571428571425,33.0625,0.0586011342155009,31.125,35,0,1.51776937618147,0.978908394524359
"1997-12-19",1997-12-19,-0.00378071833648393,756800,-0.0589285714285711,32.9375,0.0550284629981025,31.125,35,0,-1.06451612903226,0.940070769057029
"1997-12-22",1997-12-22,0.0094876660341556,473400,-0.0499999999999997,33.25,0.0639097744360902,31.125,35,0,1.16139486647654,1.03689102364953
"1997-12-23",1997-12-23,0,490800,-0.0499999999999997,33.25,0.0639097744360902,31.125,35,0,-1,1.03689102364953
"1997-12-24",1997-12-24,-0.0178571428571429,300200,-0.0669642857142855,32.65625,0.0468899521531101,31.125,35,0,-1.33928571428572,0.852142476281347
"1997-12-26",1997-12-26,-0.0124401913875598,234400,-0.0785714285714284,32.25,0.0348837209302325,31.125,35,0,-1.17333333333333,0.723772575853293
"1997-12-29",1997-12-29,0.0658914728682171,1856200,-0.0178571428571426,34.375,0.0945454545454546,31.125,35,0,2.71030303030304,1.37817535467214
"1997-12-30",1997-12-30,0.0236363636363636,2733000,0,35.1875,0.0834813499111901,32.25,35.1875,4483,0,1.4151044964932
"1997-12-31",1997-12-31,-0.0088809946714032,734200,-0.00888099467140324,34.875,0.0752688172043011,32.25,35.1875,4499,0,1.32217858086253
"1998-01-02",1998-01-02,-0.000896057347670251,756800,-0.00976909413854354,34.84375,0.0744394618834081,32.25,35.1875,0,-1.1,1.31284194394726
"1998-01-05",1998-01-05,0.00538116591928251,806800,-0.00444049733570151,35.03125,0.0793933987511151,32.25,35.1875,0,1.06654987478908,1.36874110596296
"1998-01-06",1998-01-06,-0.0205173951828724,738200,-0.0248667850799289,34.3125,0.0601092896174863,32.25,35.1875,0,-5.6000000000001,1.1528626094849
"1998-01-07",1998-01-07,-0.0309653916211293,990400,-0.0550621669626998,33.25,0.0300751879699248,32.25,35.1875,0,-2.21428571428572,0.825435754795646
"1998-01-08",1998-01-08,-0.0150375939849624,764800,-0.069271758436945,32.75,0.0152671755725191,32.25,35.1875,0,-1.25806451612903,0.667686722105893
"1998-01-09",1998-01-09,-0.0353053435114504,1548600,-0.102131438721137,31.59375,0,31.59375,35.03125,4505,-1.47435897435897,0.406053646150493
"1998-01-12",1998-01-12,0.000989119683481701,659200,-0.101243339253997,31.625,0.000988142292490113,31.59375,31.625,4505,-0.991304347826087,0.416253500141986
"1998-01-13",1998-01-13,0.0296442687747036,632600,-0.0746003552397868,32.5625,0.0297504798464492,0,32.5625,0,30.1074856046067,0.717454657959918
"1998-01-14",1998-01-14,-0.0249520153550864,1517800,-0.0976909413854352,31.75,0.00492125984251968,31.59375,32.5625,4508,-1.30952380952381,0.456947170842363
"1998-01-15",1998-01-15,-0.00196850393700787,882200,-0.0994671403197159,31.6875,0.00295857988165682,31.59375,32.5625,0,-1.01818181818182,0.43662142197413
"1998-01-16",1998-01-16,0.00591715976331361,887200,-0.0941385435168739,31.875,0.00882352941176467,31.59375,32.5625,0,2.98235294117644,0.497473141992125
"1998-01-20",1998-01-20,0.0196078431372549,726400,-0.0763765541740676,32.5,0.0278846153846154,31.59375,32.5625,0,3.16025641025642,0.69765522930023
"1998-01-21",1998-01-21,-0.0163461538461538,702000,-0.0914742451154531,31.96875,0.0117302052785924,31.59375,32.5625,0,-1.19767441860465,0.527758750888119
"1998-01-22",1998-01-22,-0.0244379276637341,871400,-0.113676731793961,31.1875,0,31.1875,32.5,4513,-1.24271844660194,0.343289717660277
"1998-01-23",1998-01-23,-0.0140280561122244,1149400,-0.126110124333926,30.75,0,30.75,31.1875,4514,-1.109375,0.275697794670813
"1998-01-26",1998-01-26,0.0467479674796748,4967200,-0.0852575488454709,32.1875,0.0446601941747573,30.75,32.1875,4514,-0.67605633802817,0.740572729095435
"1998-01-27",1998-01-27,0.00776699029126214,3235600,-0.0781527531083483,32.4375,0.0520231213872833,0,32.4375,0,1.16486554410656,0.819223926851983
"1998-01-28",1998-01-28,0.0789980732177264,3479000,-0.00532859680284214,35,0.121428571428571,0,35,0,2.33412698412698,1.59242983731556
"1998-01-29",1998-01-29,-0.00446428571428571,16895600,-0.00976909413854377,34.84375,0.117488789237668,30.75,35,4518,-1.8333333333333,1.54687194098342
"1998-01-30",1998-01-30,-0.0331838565022422,4236000,-0.0426287744227356,33.6875,0.0871985157699443,30.75,35,0,-4.36363636363628,1.20356847034436
"1998-02-02",1998-02-02,0.0333951762523191,2328600,-0.0106571936056842,34.8125,0.116696588868941,30.75,35,0,1.3382864127736,1.53773729034482
"1998-02-03",1998-02-03,0.0269299820466786,1864600,0,35.75,0.0576923076923077,33.6875,35.75,4518,0,1.2749069639189
"1998-02-04",1998-02-04,-0.0148601398601399,1529800,-0.0148601398601399,35.21875,0.0434782608695652,33.6875,35.75,4522,0,1.1168503288586
"1998-02-05",1998-02-05,-0.00976042590949423,764800,-0.0244755244755246,34.875,0.0340501792114696,33.6875,35.75,0,-1.64705882352942,1.01332391789134
"1998-02-06",1998-02-06,0.00537634408602151,1085600,-0.0192307692307694,35.0625,0.0392156862745098,33.6875,35.75,0,1.15170278637771,1.06991745388298
"1998-02-09",1998-02-09,0.00445632798573975,558800,-0.01486013986014,35.21875,0.0434782608695652,33.6875,35.75,0,1.10869565217391,1.1168503288586
"1998-02-10",1998-02-10,0.0212954747116238,1813200,0,35.96875,0.0304083405734145,34.875,35.96875,4522,0,1.12658253851211
"1998-02-11",1998-02-11,-0.00781928757602085,982400,-0.00781928757602091,35.6875,0.0227670753064798,34.875,35.96875,4527,0,1.04253399795678
"1998-02-12",1998-02-12,0.0140105078809107,1194400,0,36.1875,0.0138169257340242,35.6875,36.1875,4527,0,1.03638626822581
"1998-02-13",1998-02-13,-0.0107944732297064,719000,-0.0107944732297064,35.796875,0.00305543430816235,35.6875,36.1875,4529,0,0.919201107516092
"1998-02-17",1998-02-17,-0.000436490615451768,648800,-0.0112262521588947,35.78125,0.00262008733624453,35.6875,36.1875,0,-1.04000000000001,0.914487132071228
"1998-02-18",1998-02-18,0.00524017467248908,587000,-0.00604490500863564,35.96875,0.00781928757602091,35.6875,36.1875,0,2.984361424848,0.970919128207478
"1998-02-19",1998-02-19,0.000868809730668983,447800,-0.00518134715025897,36,0.00868055555555558,35.6875,36.1875,0,1.11014660493827,0.980295836521931
"1998-02-20",1998-02-20,0.0199652777777778,1278200,0,36.71875,0.0255319148936171,35.78125,36.71875,4529,2.94127659574468,1.10007271925295
"1998-02-23",1998-02-23,0.00765957446808511,890400,0,37,0.0329391891891891,0,37,0,1.29011824324324,1.14034104603012
"1998-02-24",1998-02-24,-0.00844594594594595,921000,-0.00844594594594583,36.6875,0.024701873935264,35.78125,37,4535,0,1.04964546937152
"1998-02-25",1998-02-25,0.00596252129471891,1191800,-0.00253378378378377,36.90625,0.0304826418289585,35.78125,37,0,1.23402143128267,1.11321200001199
"1998-02-26",1998-02-26,0.0321761219305673,817400,0,38.09375,0.036915504511895,36.6875,38.09375,4535,1.21103363412633,1.16195757572708
"1998-02-27",1998-02-27,-0.00164068908941756,638400,-0.0016406890894175,38.03125,0.0353327855382087,36.6875,38.09375,4538,0,1.1444340921835
"1998-03-02",1998-03-02,-0.0028759244042728,573200,-0.00451189499589821,37.921875,0.0325504738360115,36.6875,38.09375,0,-2.75000000000005,1.11369975112598
"1998-03-03",1998-03-03,0.00206015657189946,1159200,-0.00246103363412631,38,0.0345394736842105,36.6875,38.09375,0,1.06110509660227,1.13566173671558
"1998-03-04",1998-03-04,-0.0180921052631579,713800,-0.0205086136177194,37.3125,0.016750418760469,36.6875,38.09375,0,-8.33333333333339,0.940842256909704
"1998-03-05",1998-03-05,-0.0251256281407035,1140000,-0.0451189499589827,36.375,0,36.375,38.03125,4542,-2.2,0.715991882031221
"1998-03-06",1998-03-06,0.00687285223367698,935400,-0.0385561936013125,36.625,0.00682593856655289,36.375,36.625,4542,-0.854545454545454,0.788777136203699
"1998-03-09",1998-03-09,0.00341296928327645,668600,-0.0352748154224775,36.75,0.0102040816326531,0,36.75,0,1.49489795918368,0.824980436766076
"1998-03-10",1998-03-10,0.00170068027210884,1134600,-0.0336341263330597,36.8125,0.0118845500848896,0,36.8125,0,1.16468590831918,0.84303531793144
"1998-03-11",1998-03-11,-0.00551782682512733,553800,-0.0389663658736669,36.609375,0.00640204865556981,36.375,36.8125,4546,-1.15853658536586,0.784242905768734
"1998-03-12",1998-03-12,0.0123772940674349,566600,-0.0270713699753896,37.0625,0.0122259696458684,36.609375,37.0625,4546,1.90969645868464,0.880568640031504
"1998-03-13",1998-03-13,0.0168634064080944,623200,-0.010664479081214,37.6875,0.0286069651741293,0,37.6875,0,2.33985246182879,1.05881414196745
"1998-03-16",1998-03-16,0.00580431177446103,698400,-0.00492206726825262,37.90625,0.0342126957955482,0,37.90625,0,1.19595684433134,1.1205062961428
"1998-03-17",1998-03-17,-0.00247320692497939,451000,-0.00738310090237893,37.8125,0.0318181818181819,36.609375,37.90625,4550,-1.5,1.09410997678163
"1998-03-18",1998-03-18,0.00371900826446281,969200,-0.00369155045118941,37.953125,0.00370522848909016,37.8125,37.953125,4550,-0.499999999999993,0.96134737177965
"1998-03-19",1998-03-19,0.0127624536846439,709400,0,38.4375,0.016260162601626,0,38.4375,0,4.3884372177055,1.04966849008675
"1998-03-20",1998-03-20,0.0130081300813008,829600,0,38.9375,0.028892455858748,0,38.9375,0,1.776886035313,1.11834170138216
"1998-03-23",1998-03-23,-0.0264847512038523,535400,-0.0264847512038522,37.90625,0.00247320692497943,37.8125,38.9375,4554,0,0.830738531801311
"1998-03-24",1998-03-24,0.00741962077493817,729200,-0.0192616372391653,38.1875,0.00981996726677581,37.8125,38.9375,0,3.97054009819962,0.909945057206548
"1998-03-25",1998-03-25,-0.000818330605564648,513600,-0.0200642054574639,38.15625,0.00900900900900903,37.8125,38.9375,0,-1.04166666666667,0.901173408039909
"1998-03-26",1998-03-26,-0.0204750204750205,1264200,-0.0401284109149277,37.375,0,37.375,38.1875,4557,-1.99999999999999,0.743122058260873
"1998-03-27",1998-03-27,-0.020066889632107,1019000,-0.059390048154093,36.625,0,36.625,37.375,4558,-1.48,0.638409599715398
"1998-03-30",1998-03-30,-0.0145051194539249,954000,-0.0730337078651685,36.09375,0,36.09375,36.625,4559,-1.22972972972973,0.564238274912353
"1998-03-31",1998-03-31,0.0354978354978355,1254000,-0.0401284109149278,37.375,0.0342809364548495,36.09375,37.375,4559,-0.54945054945055,0.929484260645701
"1998-04-01",1998-04-01,0,869000,-0.0401284109149278,37.375,0.0342809364548495,0,37.375,0,-1,0.929484260645701
"1998-04-02",1998-04-02,0.0267558528428094,513800,-0.014446227929374,38.375,0.0594462540716613,0,38.375,0,1.73409072852943,1.2059076369587
"1998-04-03",1998-04-03,0.0195439739413681,476000,0,39.125,0.0774760383386581,0,39.125,0,1.30329554903934,1.38245769023871
"1998-04-06",1998-04-06,-0.0223642172523962,753000,-0.0223642172523961,38.25,0.0563725490196079,36.09375,39.125,4564,0,1.14615324914091
"1998-04-07",1998-04-07,-0.00735294117647059,553200,-0.029552715654952,37.96875,0.0493827160493827,36.09375,39.125,0,-1.32142857142857,1.0690752771242
"1998-04-08",1998-04-08,0.000823045267489712,490200,-0.0287539936102236,38,0.0501644736842105,36.09375,39.125,0,1.01583059210526,1.07766727327036
"1998-04-09",1998-04-09,0.0164473684210526,282800,-0.0127795527156548,38.625,0.0655339805825242,36.09375,39.125,0,1.30638230144835,1.24806306014771
"1998-04-13",1998-04-13,0.0137540453074434,708400,0,39.15625,0.0303272146847566,37.96875,39.15625,4564,0,1.12614151207456
"1998-04-14",1998-04-14,-0.0183559457302474,459800,-0.0183559457302473,38.4375,0.0121951219512195,37.96875,39.15625,4569,0,0.927780792910153
"1998-04-15",1998-04-15,0.00650406504065041,443400,-0.0119712689545091,38.6875,0.018578352180937,37.96875,39.15625,0,1.52342487883683,0.99719124418284
"1998-04-16",1998-04-16,-0.0109046849757674,457200,-0.0227454110135673,38.265625,0.0077582686810943,37.96875,39.15625,0,-1.90000000000001,0.87979808489001
"1998-04-17",1998-04-17,0.00612494895875868,504000,-0.0167597765363127,38.5,0.0137987012987013,37.96875,39.15625,0,1.77857997265893,0.94517565568006
"1998-04-20",1998-04-20,-0.00162337662337662,471000,-0.0183559457302472,38.4375,0.0121951219512195,37.96875,39.15625,0,-1.0952380952381,0.927780792910153
"1998-04-21",1998-04-21,-0.0414634146341463,1602400,-0.0590582601755785,36.84375,0,36.84375,38.6875,4574,-3.21739130434785,0.640213305938016
"1998-04-22",1998-04-22,0.0627650551314674,1656600,0,39.15625,0.0590582601755786,36.84375,39.15625,4574,0,1.28233272118988
"1998-04-23",1998-04-23,-0.0638467677573823,2219200,-0.0638467677573823,36.65625,0,0,39.15625,4576,0,0.614181437752128
"1998-04-24",1998-04-24,-0.0230179028132992,1647200,-0.0853950518754988,35.8125,0,35.8125,36.65625,4577,-1.3375,0.49703803091564
"1998-04-27",1998-04-27,-0.0244328097731239,1325400,-0.107741420590583,34.9375,0,34.9375,35.8125,4578,-1.26168224299066,0.375555979381504
"1998-04-28",1998-04-28,0.0161001788908766,1587600,-0.0933758978451716,35.5,0.0158450704225352,34.9375,35.5,4578,-0.866666666666667,0.539790485797215
"1998-04-29",1998-04-29,0.00704225352112676,490600,-0.0869912210694335,35.75,0.0227272727272727,0,35.75,0,1.43434343434343,0.611913509841994
"1998-04-30",1998-04-30,0.020979020979021,770600,-0.0678371907422186,36.5,0.0428082191780822,0,36.5,0,1.88356164383562,0.825207469664257
"1998-05-01",1998-05-01,0.0201198630136986,547200,-0.0490822027134875,37.234375,0.0616869492236677,0,37.234375,0,1.44100713386488,1.02979647187826
"1998-05-04",1998-05-04,-0.0239194292908099,403800,-0.071827613727055,36.34375,0.0386930352536543,34.9375,37.234375,4583,-1.46341463414634,0.781142782071323
"1998-05-05",1998-05-05,-0.0214961306964746,851200,-0.091779728651237,35.5625,0.0175746924428822,34.9375,37.234375,0,-1.27777777777778,0.557870557098125
"1998-05-06",1998-05-06,-0.00351493848857645,603200,-0.094972067039106,35.4375,0.0141093474426808,34.9375,37.234375,0,-1.03478260869565,0.521677247717097
"1998-05-07",1998-05-07,0.00705467372134039,1012200,-0.0885873902633677,35.6875,0.021015761821366,34.9375,37.234375,0,1.48949211908932,0.593931896387451
"1998-05-08",1998-05-08,-0.00525394045534151,846800,-0.0933758978451714,35.5,0.0158450704225352,34.9375,37.234375,0,-1.05405405405405,0.539790485797216
"1998-05-11",1998-05-11,-0.0123239436619718,504400,-0.104549082202713,35.0625,0.00356506238859178,34.9375,37.234375,0,-1.11965811965812,0.412291384575492
"1998-05-12",1998-05-12,0.0120320855614973,802600,-0.0937749401436552,35.484375,0.0154117129018053,34.9375,37.234375,0,4.32298546895642,0.535265292508587
"1998-05-13",1998-05-13,0.000440334654337296,743600,-0.0933758978451714,35.5,0.0158450704225352,34.9375,37.234375,0,1.02811871227365,0.539790485797216
"1998-05-14",1998-05-14,0.00528169014084507,441600,-0.0885873902633678,35.6875,0.021015761821366,34.9375,37.234375,0,1.32632807939287,0.593931896387451
"1998-05-15",1998-05-15,0.000875656742556918,445400,-0.0877893056664005,35.71875,0.0218722659667542,34.9375,37.234375,0,1.04075532225139,0.602926773247732
"1998-05-18",1998-05-18,-0.0148731408573928,485000,-0.101356743814844,35.1875,0.00710479573712253,34.9375,37.234375,0,-1.15454545454546,0.448889092956665
"1998-05-19",1998-05-19,0.00088809946714032,867200,-0.100558659217877,35.21875,0.00798580301685892,34.9375,37.234375,0,1.1240017746229,0.458017176740523
"1998-05-20",1998-05-20,0.0168589174800355,769600,-0.0853950518754986,35.8125,0.0244328097731239,34.9375,37.234375,0,3.0595307349234,0.629862647470853
"1998-05-21",1998-05-21,0.0139616055846422,606600,-0.0726256983240221,36.3125,0.0378657487091222,34.9375,37.234375,0,1.54979100073764,0.7723067414917
"1998-05-22",1998-05-22,-0.00688468158347676,242600,-0.0790103750997604,36.0625,0.0311958405545927,34.9375,37.234375,0,-1.08791208791209,0.701337816765014
"1998-05-26",1998-05-26,-0.012998266897747,602600,-0.0909816440542696,35.59375,0.0184372256365233,34.9375,37.234375,0,-1.15151515151515,0.566898209804894
"1998-05-27",1998-05-27,-0.0166812993854258,823400,-0.106145251396648,35,0.00178571428571428,34.9375,37.234375,0,-1.16666666666667,0.393940986287788
"1998-05-28",1998-05-28,0.00803571428571428,472800,-0.0989624900239424,35.28125,0.00974313551815764,34.9375,37.234375,0,5.4561558901683,0.47624789113329
"1998-05-29",1998-05-29,-0.000442869796279894,335000,-0.0993615323224259,35.265625,0.00930438635356667,34.9375,37.234375,0,-1.00403225806452,0.47169338713357
"1998-06-01",1998-06-01,0.00132919805050953,375800,-0.0981644054269751,35.3125,0.0106194690265486,34.9375,37.234375,0,1.14134007585335,0.485350566792066
"1998-06-02",1998-06-02,-0.00884955752212389,342000,-0.106145251396648,35,0.00178571428571428,34.9375,37.234375,0,-1.08130081300813,0.393940986287787
"1998-06-03",1998-06-03,-0.0160714285714286,735800,-0.120510774142059,34.4375,0,34.4375,36.34375,4604,-1.13533834586466,0.306137664219143
"1998-06-04",1998-06-04,0.0108892921960073,865600,-0.110933758978451,34.8125,0.0107719928186715,34.4375,34.8125,4604,-0.920529801324503,0.416761420046778
"1998-06-05",1998-06-05,0.000897666068222621,677400,-0.110135674381484,34.84375,0.0116591928251121,0,34.84375,0,1.08236173393124,0.425923169485857
"1998-06-08",1998-06-08,0.000896860986547085,503400,-0.109337589784517,34.875,0.0125448028673835,0,34.875,0,1.07595809208712,0.435076275368053
"1998-06-09",1998-06-09,-0.014336917562724,633000,-0.122106943335993,34.375,0,0,34.875,4608,-1.11678832116788,0.297460374823848
"1998-06-10",1998-06-10,0.00181818181818182,727800,-0.120510774142059,34.4375,0.00181488203266789,34.375,34.4375,4608,-0.986928104575164,0.31600394698893
"1998-06-11",1998-06-11,0,428600,-0.120510774142059,34.4375,0.00181488203266789,0,34.4375,0,-1,0.31600394698893
"1998-06-12",1998-06-12,-0.00544464609800363,648000,-0.125299281723863,34.25,0,0,34.4375,4611,-1.03973509933775,0.280105796033256
"1998-06-15",1998-06-15,-0.0109489051094891,1066800,-0.13487629688747,33.875,0,33.875,34.25,4612,-1.07643312101911,0.228042059661484
"1998-06-16",1998-06-16,0.00968634686346864,942800,-0.126496408619313,34.203125,0.00959342165372312,33.875,34.203125,4612,-0.937869822485206,0.325750756318537
"1998-06-17",1998-06-17,0.029693924166286,879200,-0.100558659217877,35.21875,0.0381543921916593,0,35.21875,0,3.97714116702583,0.62202333593235
"1998-06-18",1998-06-18,-0.0115350488021295,767800,-0.110933758978451,34.8125,0.0269299820466786,33.875,35.21875,4615,-1.1031746031746,0.504601449230571
"1998-06-19",1998-06-19,0.0206463195691203,1486600,-0.092577813248204,35.53125,0.0202286719437115,34.8125,35.53125,4615,-0.834532374100719,0.567959799033918
"1998-06-22",1998-06-22,0.00967458223394899,540400,-0.0837988826815641,35.875,0.0296167247386759,0,35.875,0,1.46409634903803,0.666721366834619
"1998-06-23",1998-06-23,-0.0191637630662021,1735400,-0.101356743814844,35.1875,0.0106571936056838,34.8125,35.875,4618,-1.20952380952381,0.468201070953656
"1998-06-24",1998-06-24,0.0159857904085258,812200,-0.0869912210694331,35.75,0.0262237762237763,34.8125,35.875,0,2.46066433566434,0.630921628045326
"1998-06-25",1998-06-25,0.00699300699300699,1693600,-0.0806065442936948,36,0.0225694444444444,35.1875,36,4618,-0.926605504587155,0.645764662087611
"1998-06-26",1998-06-26,0.0277777777777778,965400,-0.055067837190742,37,0.0489864864864865,0,37,0,2.17047817047817,0.928212834119539
"1998-06-29",1998-06-29,0.0405405405405405,1608800,-0.0167597765363127,38.5,0.086038961038961,0,38.5,0,1.756381549485,1.33789695498816
"1998-06-30",1998-06-30,-0.00974025974025974,1048600,-0.02633679169992,38.125,0.0770491803278689,35.1875,38.5,4623,-1.57142857142858,1.23696187770415
"1998-07-01",1998-07-01,0.0163934426229508,460400,-0.0103750997605744,38.75,0.0161290322580645,38.125,38.75,4623,-0.393939393939388,0.99255324227118
"1998-07-02",1998-07-02,0,211200,-0.0103750997605744,38.75,0.0161290322580645,0,38.75,0,-1,0.99255324227118
"1998-07-06",1998-07-06,0.00806451612903226,463000,-0.00239425379090152,39.0625,0.024,0,39.0625,0,1.488,1.07872880281867
"1998-07-07",1998-07-07,0.004,584600,0,39.21875,0.0278884462151394,0,39.21875,0,1.16201859229747,1.11288358186302
"1998-07-08",1998-07-08,0.0143426294820717,863200,0,39.78125,0.0416339355852318,0,39.78125,0,1.49287397598474,1.18760848546189
"1998-07-09",1998-07-09,-0.00392772977219167,519800,-0.00392772977219169,39.625,0.0378548895899053,38.125,39.78125,4629,0,1.14571197230181
"1998-07-10",1998-07-10,0.0252365930599369,1047800,0,40.625,0.0246153846153846,39.625,40.625,4629,0,1.09509016571539
"1998-07-13",1998-07-13,-0.00307692307692308,904400,-0.00307692307692309,40.5,0.0216049382716049,39.625,40.625,4631,0,1.06199726659152
"1998-07-14",1998-07-14,0.00617283950617284,406600,0,40.75,0.00613496932515334,40.5,40.75,4631,0,0.994624681086353
"1998-07-15",1998-07-15,0.00613496932515337,864400,0,41,0.0121951219512195,0,41,0,1.98780487804879,1.02756962095605
"1998-07-16",1998-07-16,-0.0106707317073171,707600,-0.0106707317073171,40.5625,0.00154083204930666,40.5,41,4634,0,0.911639940965118
"1998-07-17",1998-07-17,-0.0107858243451464,550200,-0.0213414634146343,40.125,0,40.125,40.5625,4635,-2,0.845253950627761
"1998-07-20",1998-07-20,-0.00700934579439252,807600,-0.0282012195121951,39.84375,0,39.84375,40.125,4636,-1.32142857142856,0.807962108969703
"1998-07-21",1998-07-21,-0.0290196078431373,886400,-0.0564024390243902,38.6875,0,38.6875,39.84375,4637,-2,0.654651204375461
"1998-07-22",1998-07-22,-0.0161550888529887,1003000,-0.0716463414634146,38.0625,0,38.0625,38.6875,4638,-1.27027027027027,0.57178044513533
"1998-07-23",1998-07-23,-0.0180623973727422,722400,-0.0884146341463414,37.375,0,37.375,38.0625,4639,-1.23404255319149,0.480622609971187
"1998-07-24",1998-07-24,0.0117056856187291,591400,-0.0777439024390244,37.8125,0.0115702479338843,37.375,37.8125,4639,-0.879310344827587,0.601531732584845
"1998-07-27",1998-07-27,-0.0132231404958678,535200,-0.0899390243902439,37.3125,0,0,37.8125,4641,-1.15686274509804,0.472335534047174
"1998-07-28",1998-07-28,-0.0234505862646566,649800,-0.111280487804878,36.4375,0,36.4375,37.3125,4642,-1.23728813559322,0.356316471110991
"1998-07-29",1998-07-29,0.00514579759862779,442000,-0.106707317073171,36.625,0.00511945392491464,36.4375,36.625,4642,-0.958904109589041,0.409008697890637
"1998-07-30",1998-07-30,0.033703071672355,468200,-0.0766006097560975,37.859375,0.0375567478332646,0,37.859375,0,7.33608474343106,0.749018015596438
"1998-07-31",1998-07-31,-0.0276516714816343,348000,-0.102134146341463,36.8125,0.0101867572156197,36.4375,37.859375,4645,-1.33333333333333,0.461417417040325
"1998-08-03",1998-08-03,0.0033955857385399,306800,-0.0990853658536585,36.9375,0.0135363790186125,36.4375,37.859375,0,1.32882120699379,0.496201190938325
"1998-08-04",1998-08-04,-0.0211505922165821,571000,-0.118140243902439,36.15625,0,36.15625,36.9375,4647,-1.19230769230769,0.319024629452932
"1998-08-05",1998-08-05,-0.00432152117545376,691600,-0.121951219512195,36,0,36,36.15625,4648,-1.03225806451613,0.298306939642899
"1998-08-06",1998-08-06,-0.00694444444444444,735400,-0.128048780487805,35.75,0,35.75,36,4649,-1.05,0.265158635946846
"1998-08-07",1998-08-07,0.0034965034965035,550800,-0.125,35.875,0.00348432055749126,35.75,35.875,4649,-0.976190476190475,0.300674675621188
"1998-08-10",1998-08-10,-0.0121951219512195,510000,-0.135670731707317,35.4375,0,0,35.875,4651,-1.08536585365854,0.223723256326782
"1998-08-11",1998-08-11,-0.0216049382716049,883200,-0.154344512195122,34.671875,0,34.671875,35.4375,4652,-1.1376404494382,0.122206576257622
"1998-08-12",1998-08-12,0.0193780982424516,701200,-0.137957317073171,35.34375,0.0190097259062776,34.671875,35.34375,4652,-0.893827160493827,0.314635629914043
"1998-08-13",1998-08-13,0.00707338638373121,672600,-0.131859756097561,35.59375,0.0258999122036875,0,35.59375,0,1.36245584662189,0.385241203627158
"1998-08-14",1998-08-14,-0.0201931518876207,377800,-0.149390243902439,34.875,0.00582437275985659,34.671875,35.59375,4655,-1.13294797687861,0.180802737652233
"1998-08-17",1998-08-17,0.0017921146953405,469800,-0.147865853658536,34.9375,0.00760286225402507,34.671875,35.59375,0,1.30535296546031,0.198758254795408
"1998-08-18",1998-08-18,0.0107334525939177,533200,-0.138719512195122,35.3125,0.018141592920354,34.671875,35.59375,0,2.38615304528891,0.30577264167002
"1998-08-19",1998-08-19,-0.00884955752212389,428600,-0.146341463414634,35,0.00937500000000002,34.671875,35.59375,0,-1.05494505494506,0.216679241791371
"1998-08-20",1998-08-20,-0.0214285714285714,572400,-0.164634146341463,34.25,0,34.25,35.3125,4659,-1.125,0.0662688137705341
"1998-08-21",1998-08-21,-0.031021897810219,1465600,-0.190548780487805,33.1875,0,33.1875,34.25,4660,-1.15740740740741,-0.0746114769376886
"1998-08-24",1998-08-24,0.0131826741996234,367400,-0.179878048780488,33.625,0.0130111524163569,33.1875,33.625,4660,-0.944,0.0541308661346183
"1998-08-25",1998-08-25,0.0204460966542751,693000,-0.163109756097561,34.3125,0.0327868852459017,0,34.3125,0,2.51990632318502,0.252795948912662
"1998-08-26",1998-08-26,-0.0209471766848816,448800,-0.180640243902439,33.59375,0.012093023255814,33.1875,34.3125,4663,-1.10747663551402,0.0449960825962873
"1998-08-27",1998-08-27,-0.0586046511627907,569800,-0.228658536585366,31.625,0,31.625,33.59375,4664,-1.26582278481013,-0.281788375038016
"1998-08-28",1998-08-28,-0.0424901185770751,775600,-0.261432926829268,30.28125,0,30.28125,31.625,4665,-1.14333333333333,-0.459960507404297
"1998-08-31",1998-08-31,-0.0794633642930857,1473600,-0.320121951219512,27.875,0,27.875,30.28125,4666,-1.22448979591837,-0.7790129304788
"1998-09-01",1998-09-01,0.0964125560538117,3818800,-0.254573170731707,30.5625,0.0879345603271984,27.875,30.5625,4666,-0.795238095238095,0.0553719020749497
"1998-09-02",1998-09-02,0.0802658486707566,3918000,-0.194740853658537,33.015625,0.155702792238523,0,33.015625,0,1.77066663731716,0.749049548996404
"1998-09-03",1998-09-03,-0.00331282536677709,2057800,-0.197408536585366,32.90625,0.15289648622982,27.875,33.015625,4669,-1.01369863013699,0.719291183579527
"1998-09-04",1998-09-04,-0.0199430199430199,735000,-0.213414634146342,32.25,0.135658914728682,27.875,33.015625,0,-1.08108108108108,0.538567900540642
"1998-09-08",1998-09-08,0.0881782945736434,1616200,-0.144054878048781,35.09375,0.0810329474621549,32.25,35.09375,4669,-0.675000000000001,0.618665518050037
"1998-09-09",1998-09-09,-0.0267141585040071,946600,-0.166920731707317,34.15625,0.0558096980786825,32.25,35.09375,4672,-1.15873015873016,0.357237678544445
"1998-09-10",1998-09-10,-0.0713632204940531,1338000,-0.226371951219512,31.71875,0,31.71875,34.15625,4673,-1.35616438356164,-0.269357761151998
"1998-09-11",1998-09-11,0.0083743842364532,2405000,-0.219893292682927,31.984375,0.00830483634587198,31.71875,31.984375,4673,-0.971380471380471,-0.18898992555135
"1998-09-14",1998-09-14,0.0766976062530532,1192800,-0.160060975609756,34.4375,0.0789473684210527,0,34.4375,0,9.50619195046443,0.520313342028301
"1998-09-15",1998-09-15,0.0326678765880218,1098000,-0.132621951219512,35.5625,0.108084358523726,0,35.5625,0,1.36906854130053,0.827878763321351
"1998-09-16",1998-09-16,0.0175746924428823,1193800,-0.117378048780488,36.1875,0.123488773747841,0,36.1875,0,1.14252215061011,0.994492880955368
"1998-09-17",1998-09-17,-0.0379965457685665,1115200,-0.150914634146342,34.8125,0.0888689407540395,31.71875,36.1875,4678,-1.28571428571428,0.623972657597517
"1998-09-18",1998-09-18,0.0287253141831239,1614200,-0.126524390243902,35.8125,0.114310645724258,31.71875,36.1875,0,1.28628342764468,0.894875167897027
"1998-09-21",1998-09-21,-0.0087260034904014,1252400,-0.134146341463415,35.5,0.106514084507042,31.71875,36.1875,0,-1.06024096385542,0.811055172518806
"1998-09-22",1998-09-22,0.00880281690140845,705200,-0.126524390243902,35.8125,0.114310645724258,31.71875,36.1875,0,1.07319746729552,0.894875167897027
"1998-09-23",1998-09-23,0.0471204188481675,779800,-0.0853658536585368,37.5,0.0716666666666667,34.8125,37.5,4678,-0.674698795180724,0.88679982459348
"1998-09-24",1998-09-24,-0.0416666666666667,858800,-0.123475609756098,35.9375,0.0313043478260869,34.8125,37.5,4683,-1.44642857142857,0.460200372433227
"1998-09-25",1998-09-25,-0.011304347826087,1826200,-0.133384146341463,35.53125,0.0202286719437115,34.8125,37.5,0,-1.08024691358025,0.346123440609906
"1998-09-28",1998-09-28,0.0140721196130167,1443400,-0.121189024390244,36.03125,0.0338248048568951,34.8125,37.5,0,1.67212187488217,0.486333001837299
"1998-09-29",1998-09-29,-0.013009540329575,671600,-0.132621951219512,35.5625,0.0210896309314587,34.8125,37.5,0,-1.09433962264151,0.354947428691206
"1998-09-30",1998-09-30,-0.0404217926186292,642000,-0.167682926829268,34.125,0,34.125,36.03125,4687,-1.26436781609195,0.0496946619225061
"1998-10-01",1998-10-01,-0.0274725274725275,982800,-0.190548780487805,33.1875,0,33.1875,34.125,4688,-1.13636363636364,-0.0746114769376892
"1998-10-02",1998-10-02,0.0461393596986817,819800,-0.153201219512195,34.71875,0.0441044104410441,33.1875,34.71875,4688,-0.804000000000001,0.368187651428782
"1998-10-05",1998-10-05,-0.0621062106210621,1856000,-0.205792682926829,32.5625,0,0,34.71875,4690,-1.34328358208955,-0.157482236177821
"1998-10-06",1998-10-06,0,1012400,-0.205792682926829,32.5625,0,32.5625,32.5625,4690,-1,-0.157482236177821
"1998-10-07",1998-10-07,-0.0316698656429942,1102200,-0.23094512195122,31.53125,0,0,32.5625,4692,-1.12222222222222,-0.294218988924037
"1998-10-08",1998-10-08,-0.0386521308225966,1288400,-0.260670731707317,30.3125,0,30.3125,31.53125,4693,-1.12871287128713,-0.455816969442291
"1998-10-09",1998-10-09,0.0618556701030928,1070600,-0.214939024390244,32.1875,0.058252427184466,30.3125,32.1875,4693,-0.824561403508772,0.109474248442328
"1998-10-12",1998-10-12,0.0796116504854369,1847200,-0.152439024390244,34.75,0.127697841726619,0,34.75,0,2.19214628297362,0.826771982739674
"1998-10-13",1998-10-13,-0.0179856115107914,686800,-0.167682926829268,34.125,0.111721611721612,30.3125,34.75,4696,-1.1,0.657049295943215
"1998-10-14",1998-10-14,0.0238095238095238,503600,-0.147865853658537,34.9375,0.0232558139534884,34.125,34.9375,4696,-0.881818181818183,0.283852737449852
"1998-10-15",1998-10-15,0.0679785330948122,1186600,-0.0899390243902441,37.3125,0.085427135678392,0,37.3125,0,3.67336683417085,0.936744934572769
"1998-10-16",1998-10-16,-0.00251256281407035,1893400,-0.0922256097560978,37.21875,0.0831234256926953,34.125,37.3125,4699,-1.02542372881356,0.911790611856455
"1998-10-19",1998-10-19,-0.0260285474391268,538000,-0.115853658536586,36.25,0.0586206896551724,34.125,37.3125,0,-1.25619834710744,0.650136176803067
"1998-10-20",1998-10-20,0.0275862068965517,1213800,-0.0914634146341464,37.25,0.0838926174496645,34.125,37.3125,0,1.43110935649428,0.920115723739987
"1998-10-21",1998-10-21,0.00209731543624161,730000,-0.0895579268292686,37.328125,0.0288823775638343,36.25,37.328125,4699,-0.979166666666669,0.63142120199198
"1998-10-22",1998-10-22,-0.00586019254918376,794200,-0.094893292682927,37.109375,0.0231578947368422,36.25,37.328125,4703,-1.05957446808511,0.571296305436611
"1998-10-23",1998-10-23,-0.0366315789473684,478200,-0.128048780487805,35.75,0,35.75,37.109375,4704,-1.34939759036145,0.265158635946846
"1998-10-26",1998-10-26,0.0157342657342657,478400,-0.114329268292683,36.3125,0.0154905335628227,35.75,36.3125,4704,-0.892857142857143,0.423953844659475
"1998-10-27",1998-10-27,-0.00602409638554217,595400,-0.119664634146342,36.09375,0.00952380952380949,35.75,36.3125,4706,-1.04666666666667,0.362512046920847
"1998-10-28",1998-10-28,0.012987012987013,499400,-0.108231707317073,36.5625,0.0128205128205128,36.09375,36.5625,4706,1.34615384615385,0.442587056371228
"1998-10-29",1998-10-29,0.00683760683760684,392400,-0.102134146341464,36.8125,0.0195246179966044,0,36.8125,0,1.52292020373515,0.512181033226808
"1998-10-30",1998-10-30,0.00169779286926995,562000,-0.100609756097561,36.875,0.0211864406779662,0,36.875,0,1.08511422254974,0.529502312031466
"1998-11-02",1998-11-02,0,452000,-0.100609756097561,36.875,0.0211864406779662,0,36.875,0,-1,0.529502312031466
"1998-11-03",1998-11-03,0.0169491525423729,396600,-0.0853658536585369,37.5,0.0375,0,37.5,0,1.76999999999999,0.701058829549933
"1998-11-04",1998-11-04,0.02,770600,-0.0670731707317077,38.25,0.0563725490196079,0,38.25,0,1.50326797385621,0.903100990411067
"1998-11-05",1998-11-05,0.0408496732026144,1701000,-0.0289634146341466,39.8125,0.0934065934065934,0,39.8125,0,1.65695174390827,1.31160687158239
"1998-11-06",1998-11-06,-0.0235478806907378,565600,-0.0518292682926833,38.875,0.0715434083601286,36.09375,39.8125,4714,-1.78947368421052,1.06844542310214
"1998-11-09",1998-11-09,-0.0192926045016077,659400,-0.0701219512195125,38.125,0.0532786885245902,36.09375,39.8125,0,-1.35294117647058,0.869707617288783
"1998-11-10",1998-11-10,-0.0110655737704918,837800,-0.0804115853658539,37.703125,0.0426854537919602,36.09375,39.8125,0,-1.14673913043478,0.756181621827005
"1998-11-11",1998-11-11,-0.0302527973477,785400,-0.108231707317073,36.5625,0.0128205128205128,36.09375,39.8125,0,-1.34597156398104,0.442587056371228
"1998-11-12",1998-11-12,0.00854700854700855,657400,-0.100609756097561,36.875,0.0211864406779662,36.09375,39.8125,0,1.65254237288137,0.529502312031466
"1998-11-13",1998-11-13,0.0288135593220339,808200,-0.0746951219512197,37.9375,0.0485996705107083,36.09375,39.8125,0,2.29390444810543,0.819409741856497
"1998-11-16",1998-11-16,0.0329489291598023,520600,-0.0442073170731708,39.1875,0.0789473684210527,36.09375,39.8125,0,1.62444246208742,1.1501311122533
"1998-11-17",1998-11-17,0.0191387559808612,1134800,-0.0259146341463415,39.9375,0.0845070422535211,36.5625,39.9375,4714,1.07042253521127,1.279800199432
"1998-11-18",1998-11-18,0.0187793427230047,1229800,-0.00762195121951215,40.6875,0.101382488479263,0,40.6875,0,1.19969278033794,1.47098546682571
"1998-11-19",1998-11-19,0.00883256528417819,714000,0,41.046875,0.109250095165588,0,41.046875,0,1.07760321140603,1.55519168823688
"1998-11-20",1998-11-20,0.00647125999238675,850800,0,41.3125,0.114977307110439,0,41.3125,0,1.05242294696558,1.58632665542112
"1998-11-23",1998-11-23,0.0139939485627837,429400,0,41.890625,0.127191346512495,0,41.890625,0,1.10623000058894,1.65272610416373
"1998-11-24",1998-11-24,-0.00783289817232376,596200,-0.0078328981723238,41.5625,0.120300751879699,36.5625,41.890625,4726,0,1.57268445916453
"1998-11-25",1998-11-25,0.00300751879699248,444800,-0.00484893696381949,41.6875,0.122938530734633,36.5625,41.890625,0,1.02192653673163,1.60324604725992
"1998-11-27",1998-11-27,-0.0112443778110945,130800,-0.0160387914957106,41.21875,0.112964366944655,36.5625,41.890625,0,-3.30769230769231,1.48819163295093
"1998-11-30",1998-11-30,-0.020470053070508,499800,-0.0361805296531145,40.375,0.0944272445820433,36.5625,41.890625,0,-2.25581395348836,1.27792090006883
"1998-12-01",1998-12-01,0.00386996904024768,521200,-0.0324505781424841,40.53125,0.0979182729375482,36.5625,41.890625,0,1.03697056258453,1.31717647037689
"1998-12-02",1998-12-02,0.0150346954510409,399000,-0.0179037672510256,41.140625,0.111279908849221,36.5625,41.890625,0,1.13645702186961,1.46889576830861
"1998-12-03",1998-12-03,-0.0125332320546905,717800,-0.0302126072361059,40.625,0.1,36.5625,41.890625,0,-1.68750000000001,1.34065973864084
"1998-12-04",1998-12-04,0.0569230769230769,1164400,0,42.9375,0.0596797671033479,40.375,42.9375,4726,0,1.28571143285398
"1998-12-07",1998-12-07,-0.00582241630276565,511800,-0.0058224163027657,42.6875,0.0541727672035139,40.375,42.9375,4734,0,1.22412108050081
"1998-12-08",1998-12-08,-0.0431918008784773,1385800,-0.0487627365356624,40.84375,0.0114766641162969,40.375,42.9375,0,-8.37499999999995,0.758573925004764
"1998-12-09",1998-12-09,-0.0107115531752104,736000,-0.0589519650655023,40.40625,0.000773395204949678,40.375,42.9375,0,-1.2089552238806,0.644995585580252
"1998-12-10",1998-12-10,0.000773395204949729,923200,-0.0582241630276567,40.4375,0.00154559505409579,40.375,42.9375,0,1.99845440494599,0.653150078547775
"1998-12-11",1998-12-11,-0.0123647604327666,864600,-0.0698689956331878,39.9375,0,39.9375,42.6875,4738,-1.2,0.581442669029267
"1998-12-14",1998-12-14,-0.014866979655712,639800,-0.0836972343522562,39.34375,0,39.34375,39.9375,4739,-1.19791666666667,0.506267913340112
"1998-12-15",1998-12-15,0.00555996822875298,610000,-0.0786026200873362,39.5625,0.00552922590837279,39.34375,39.5625,4739,-0.939130434782608,0.564022527339264
"1998-12-16",1998-12-16,-0.0244865718799368,799600,-0.101164483260553,38.59375,0,0,39.5625,4741,-1.28703703703704,0.411310327206443
"1998-12-17",1998-12-17,0.0591093117408907,1124400,-0.0480349344978166,40.875,0.0558103975535168,38.59375,40.875,4741,-0.474820143884892,1.00354293292658
"1998-12-18",1998-12-18,0.0152905198776758,853000,-0.0334788937409024,41.5,0.0700301204819277,0,41.5,0,1.25478626836112,1.15997724453781
"1998-12-21",1998-12-21,0.0203313253012048,488200,-0.0138282387190685,42.34375,0.0885608856088561,0,42.34375,0,1.26461135579098,1.3675437314824
"1998-12-22",1998-12-22,0.0140221402214022,730400,0,42.9375,0.101164483260553,0,42.9375,0,1.14231562348375,1.51123569992145
"1998-12-23",1998-12-23,0.00946142649199418,593600,0,43.34375,0.10958904109589,0,43.34375,0,1.08327584507736,1.55703430738888
"1998-12-24",1998-12-24,0,264400,0,43.34375,0.10958904109589,0,43.34375,0,0,1.55703430738888
"1998-12-28",1998-12-28,0.00793078586878154,883600,0,43.6875,0.116595135908441,0,43.6875,0,1.06393061516452,1.59512169339432
"1998-12-29",1998-12-29,0.00286123032904149,403800,0,43.8125,0.119115549215407,0,43.8125,0,1.02161679633827,1.6088234712155
"1998-12-30",1998-12-30,-0.000713266761768902,540400,-0.000713266761768749,43.78125,0.118486795146324,38.59375,43.8125,4750,0,1.60152781410843
"1998-12-31",1998-12-31,-0.00285510349750178,882200,-0.0035663338088443,43.65625,0.1159627773801,38.59375,43.8125,0,-5.00000000000078,1.57229625068436
"1999-01-04",1999-01-04,-0.00286327845382963,1218200,-0.00641940085591997,43.53125,0.113424264178033,38.59375,43.8125,0,-1.80000000000006,1.54298588540632
"1999-01-05",1999-01-05,-0.00789662598707825,624800,-0.0142653352353779,43.1875,0.106367583212735,38.59375,43.8125,0,-2.22222222222225,1.46197047263892
"1999-01-06",1999-01-06,0.0155571635311143,932400,0,43.859375,0.0153188457427859,43.1875,43.859375,4750,0,1.04455118872054
"1999-01-07",1999-01-07,-0.00106875667972925,473800,-0.00106875667972928,43.8125,0.014265335235378,43.1875,43.859375,4755,0,1.03301386133262
"1999-01-08",1999-01-08,0.00570613409415121,522600,0,44.0625,0.00567375886524824,43.8125,44.0625,4755,0,0.992117392605945
"1999-01-11",1999-01-11,-0.025531914893617,638000,-0.0255319148936171,42.9375,0,0,44.0625,4757,0,0.822473307874943
"1999-01-12",1999-01-12,-0.0276564774381368,489000,-0.0524822695035462,41.75,0,41.75,42.9375,4758,-2.05555555555556,0.675962507425441
"1999-01-13",1999-01-13,0,441800,-0.0524822695035462,41.75,0,41.75,41.75,4758,-1,0.675962507425441
"1999-01-14",1999-01-14,-0.0119760479041916,519400,-0.0638297872340426,41.25,0,0,41.75,4760,-1.21621621621622,0.61427374934144
"1999-01-15",1999-01-15,0.0291666666666667,725200,-0.0365248226950355,42.453125,0.02834008097166,41.25,42.453125,4760,-0.572222222222223,0.916778123655432
"1999-01-19",1999-01-19,-0.0239234449760766,354600,-0.0595744680851065,41.4375,0.00452488687782804,41.25,42.453125,4762,-1.63106796116505,0.66200577482725
"1999-01-20",1999-01-20,0.0180995475113122,430200,-0.042553191489362,42.1875,0.0222222222222223,41.25,42.453125,0,4.91111111111114,0.850747321996775
"1999-01-21",1999-01-21,0.00592592592592593,622200,-0.0368794326241136,42.4375,0.0279823269513991,41.25,42.453125,0,1.25920471281296,0.912905483983723
"1999-01-22",1999-01-22,-0.0283505154639175,1132800,-0.0641843971631209,41.234375,0,41.234375,42.4375,4765,-1.74038461538462,0.612345975651314
"1999-01-25",1999-01-25,0.0246305418719212,622800,-0.0411347517730498,42.25,0.0240384615384616,41.234375,42.25,4765,-0.640883977900552,0.868332078157339
"1999-01-26",1999-01-26,-0.00887573964497041,654000,-0.0496453900709222,41.875,0.0152985074626866,41.234375,42.25,4767,-1.20689655172414,0.774552306667431
"1999-01-27",1999-01-27,-0.0298507462686567,511800,-0.0780141843971633,40.625,0,40.625,41.875,4768,-1.57142857142857,0.537162801736438
"1999-01-28",1999-01-28,0.0369230769230769,1426800,-0.043971631205674,42.125,0.0356083086053413,40.625,42.125,4768,-0.563636363636366,0.915807300539867
"1999-01-29",1999-01-29,0.0274480712166172,1241600,-0.017730496453901,43.28125,0.0613718411552346,0,43.28125,0,1.72352587244284,1.19852140741363
"1999-02-01",1999-02-01,-0.0194945848375451,998200,-0.0368794326241138,42.4375,0.0427098674521355,40.625,43.28125,4771,-2.07999999999998,0.992969133558871
"1999-02-02",1999-02-02,-0.0132547864506627,805800,-0.0496453900709223,41.875,0.0298507462686567,40.625,43.28125,0,-1.34615384615384,0.853662959816666
"1999-02-03",1999-02-03,0.0343283582089552,922000,-0.0170212765957449,43.3125,0.0331890331890332,41.875,43.3125,4771,1.11183261183261,1.04916614128861
"1999-02-04",1999-02-04,-0.0266955266955267,998400,-0.043262411347518,42.15625,0.00667160859896221,41.875,43.3125,4774,-2.54166666666664,0.762353634677344
"1999-02-05",1999-02-05,-0.0229799851742031,802000,-0.0652482269503548,41.1875,0,41.1875,42.15625,4775,-1.50819672131147,0.606562654580939
"1999-02-08",1999-02-08,0.0276934749620637,667200,-0.0393617021276598,42.328125,0.0269472129937246,41.1875,42.328125,4775,-0.603260869565219,0.893783855572889
"1999-02-09",1999-02-09,0.00221483942414175,714400,-0.0372340425531917,42.421875,0.029097605893186,0,42.421875,0,1.0798001967759,0.917040725524777
"1999-02-10",1999-02-10,-0.00626151012891344,776400,-0.043262411347518,42.15625,0.0229799851742031,41.1875,42.421875,4778,-1.16190476190476,0.851011217876274
"1999-02-11",1999-02-11,0.0644922164566345,2038800,0,44.875,0.0605849582172702,42.15625,44.875,4778,2.6364228591967,1.29063234304533
"1999-02-12",1999-02-12,-0.0194986072423398,1494600,-0.0194986072423399,44,0.0419034090909091,42.15625,44.875,4780,0,1.08307272641585
"1999-02-16",1999-02-16,0.00710227272727273,616200,-0.0125348189415043,44.3125,0.0486600846262342,42.15625,44.875,0,1.16124405345318,1.1576615831589
"1999-02-17",1999-02-17,-0.0232722143864598,569800,-0.0355153203342619,43.28125,0.0259927797833935,42.15625,44.875,0,-2.8333333333333,0.909505418717287
"1999-02-18",1999-02-18,0.0277978339350181,611000,-0.00870473537604466,44.484375,0.0523357920618195,42.15625,44.875,0,2.01347422237833,1.1984654784503
"1999-02-19",1999-02-19,-0.00561995082543028,526200,-0.0142757660167133,44.234375,0.0469798657718121,42.15625,44.875,0,-1.64000000000001,1.13906302421318
"1999-02-22",1999-02-22,0.0180148357470858,1138200,0,45.03125,0.0388619014573213,43.28125,45.03125,4780,0,1.17253881588493
"1999-02-23",1999-02-23,-0.0104094378903539,1553000,-0.0104094378903539,44.5625,0.0287517531556802,43.28125,45.03125,4786,0,1.06098774201616
"1999-02-24",1999-02-24,-0.00631136044880785,521600,-0.0166551006245662,44.28125,0.0225829216654905,43.28125,45.03125,0,-1.6,0.993498556351692
"1999-02-25",1999-02-25,0.00352858151023289,625800,-0.0131852879944483,44.4375,0.0260196905766527,43.28125,45.03125,0,1.1521844233474,1.03104495619052
"1999-02-26",1999-02-26,0.00562587904360056,514400,-0.00763358778625944,44.6875,0.0314685314685315,43.28125,45.03125,0,1.20941220941221,1.0908474376523
"1999-03-01",1999-03-01,0.013986013986014,1587000,0,45.3125,0.0227586206896552,44.28125,45.3125,4786,0,1.08499619949707
"1999-03-02",1999-03-02,-0.00551724137931034,938000,-0.00551724137931031,45.0625,0.0173370319001387,44.28125,45.3125,4791,0,1.02552919851648
"1999-03-03",1999-03-03,0.00832177531206657,1084200,0,45.4375,0.00825309491059145,45.0625,45.4375,4791,0,1.00613949339464
"1999-03-04",1999-03-04,0.0247592847317744,978600,0,46.5625,0.0322147651006711,0,46.5625,0,3.90335570469799,1.13640284356081
"1999-03-05",1999-03-05,0.00939597315436242,759800,0,47,0.0412234042553191,0,47,0,1.27964317375887,1.18537670504098
"1999-03-08",1999-03-08,-0.00964095744680851,463800,-0.00964095744680848,46.546875,0.0318898959382343,45.0625,47,4795,0,1.08222540304863
"1999-03-09",1999-03-09,-0.0104061765693186,535800,-0.0199468085106382,46.0625,0.0217096336499322,45.0625,47,0,-2.06896551724138,0.970856298309123
"1999-03-10",1999-03-10,-0.00542740841248304,1006800,-0.0252659574468084,45.8125,0.0163710777626194,45.0625,47,0,-1.26666666666666,0.912917585173685
"1999-03-11",1999-03-11,0.00886766712141883,1090400,-0.0166223404255319,46.21875,0.0250169033130494,45.0625,47,0,1.52811584403877,1.00690855884248
"1999-03-12",1999-03-12,0.00169033130493577,472800,-0.0149601063829787,46.296875,0.026662166722916,45.0625,47,0,1.06576606981602,1.02488917936686
"1999-03-15",1999-03-15,0.00708741140735741,761400,-0.00797872340425554,46.625,0.0335120643431636,45.0625,47,0,1.25691451454169,1.10008047169406
"1999-03-16",1999-03-16,-0.0157506702412869,994800,-0.0236037234042554,45.890625,0.0180456247871978,45.0625,47,0,-2.95833333333327,0.931057400851288
"1999-03-17",1999-03-17,0.00102145045965271,1042200,-0.0226063829787235,45.9375,0.0190476190476191,45.0625,47,0,1.055525606469,0.941926427602333
"1999-03-18",1999-03-18,0.0122448979591837,645200,-0.0106382978723407,46.5,0.0309139784946236,45.0625,47,0,1.62298387096774,1.07149813826545
"1999-03-19",1999-03-19,-0.0120967741935484,632400,-0.0226063829787237,45.9375,0.0190476190476191,45.0625,47,0,-2.12499999999997,0.941926427602331
"1999-03-22",1999-03-22,0.0054421768707483,378600,-0.0172872340425535,46.1875,0.0243572395128552,45.0625,47,0,1.27875507442489,0.999707838471764
"1999-03-23",1999-03-23,-0.0230040595399188,601200,-0.039893617021277,45.125,0.00138504155124652,45.0625,47,0,-2.30769230769229,0.751928005012346
"1999-03-24",1999-03-24,-0.00692520775623269,288800,-0.0465425531914897,44.8125,0,44.8125,46.625,4807,-1.16666666666666,0.708252716735033
"1999-03-25",1999-03-25,0.00418410041841004,390400,-0.0425531914893621,45,0.00416666666666665,44.8125,45,4807,-0.914285714285716,0.752591511607909
"1999-03-26",1999-03-26,-0.0104166666666667,310600,-0.0525265957446812,44.53125,0,0,45,4809,-1.234375,0.675721535714173
"1999-03-29",1999-03-29,0.0147368421052632,381000,-0.0385638297872345,45.1875,0.0145228215767634,44.53125,45.1875,4809,-0.734177215189877,0.830578356387468
"1999-03-30",1999-03-30,-0.00829875518672199,619800,-0.0465425531914897,44.8125,0.00627615062761511,44.53125,45.1875,4811,-1.20689655172413,0.742371891250636
"1999-03-31",1999-03-31,-0.00906555090655509,681800,-0.0551861702127663,44.40625,0,44.40625,44.8125,4812,-1.18571428571428,0.661263233038236
"1999-04-01",1999-04-01,-0.000703729767769177,460400,-0.0558510638297878,44.375,0,44.375,44.40625,4813,-1.01204819277109,0.65764865736925
"1999-04-05",1999-04-05,-0.00774647887323944,831600,-0.0631648936170217,44.03125,0,44.03125,44.375,4814,-1.13095238095238,0.617888325010422
"1999-04-06",1999-04-06,-0.0056777856635912,1115000,-0.068484042553192,43.78125,0,43.78125,44.03125,4815,-1.08421052631579,0.588971719658547
"1999-04-07",1999-04-07,0.0206995003568879,845200,-0.0492021276595749,44.6875,0.0202797202797202,43.78125,44.6875,4815,-0.718446601941749,0.804041499638413
"1999-04-08",1999-04-08,0.0356643356643357,1052600,-0.0152925531914899,46.28125,0.0540175557056043,0,46.28125,0,2.6636242985867,1.17179458917474
"1999-04-09",1999-04-09,0.0256583389601621,683600,0,47.46875,0.0776826859776168,0,47.46875,0,1.43810072416063,1.38358109330457
"1999-04-12",1999-04-12,0.0269914417379855,657400,0,48.75,0.101923076923077,0,48.75,0,1.31204367666232,1.51535965919103
"1999-04-13",1999-04-13,-0.0141025641025641,611800,-0.0141025641025639,48.0625,0.0890767230169051,43.78125,48.75,4820,0,1.36885666856793
"1999-04-14",1999-04-14,0.00520156046814044,682200,-0.00897435897435905,48.3125,0.0937904269081501,43.78125,48.75,0,1.05291734733383,1.42236045318453
"1999-04-15",1999-04-15,-0.00161707632600259,497600,-0.010576923076923,48.234375,0.0923226433430515,43.78125,48.75,0,-1.17857142857141,1.40566905520635
"1999-04-16",1999-04-16,-0.0262390670553936,744200,-0.0365384615384616,46.96875,0.0678642714570858,43.78125,48.75,0,-3.45454545454548,1.13157019711995
"1999-04-19",1999-04-19,0.0345974717232202,899400,-0.00320512820512819,48.59375,0.0990353697749197,43.78125,48.75,0,1.45931530168337,1.48223704549867
"1999-04-20",1999-04-20,0.00964630225080386,369600,0,49.0625,0.0426751592356688,46.96875,49.0625,4820,0,1.19326891229784
"1999-04-21",1999-04-21,-0.0114649681528662,637800,-0.0114649681528662,48.5,0.0315721649484536,46.96875,49.0625,4826,0,1.0705822059644
"1999-04-22",1999-04-22,0,857200,-0.0114649681528662,48.5,0.0315721649484536,46.96875,49.0625,0,-1,1.0705822059644
"1999-04-23",1999-04-23,-0.0206185567010309,718000,-0.0318471337579619,47.5,0.0111842105263158,46.96875,49.0625,0,-2.77777777777779,0.848942713420891
"1999-04-26",1999-04-26,-0.0203947368421053,790200,-0.0515923566878982,46.53125,0,46.53125,48.5,4829,-1.62,0.680800359870722
"1999-04-27",1999-04-27,-0.00335795836131632,1078200,-0.0547770700636943,46.375,0,46.375,46.53125,4830,-1.06172839506173,0.663487233099536
"1999-04-28",1999-04-28,-0.0128032345013477,900600,-0.0668789808917198,45.78125,0,45.78125,46.375,4831,-1.22093023255814,0.597697351369027
"1999-04-29",1999-04-29,0.0191126279863481,889800,-0.0490445859872612,46.65625,0.0187541862022773,45.78125,46.65625,4831,-0.733333333333334,0.796604652695758
"1999-04-30",1999-04-30,-0.00200937709310114,472800,-0.050955414012739,46.5625,0.0167785234899329,45.78125,46.65625,4833,-1.03896103896104,0.775476438348325
"1999-05-03",1999-05-03,0.00536912751677852,590800,-0.0458598726114652,46.8125,0.00534045393858473,46.5625,46.8125,4833,-0.900000000000002,0.740996414259939
"1999-05-04",1999-05-04,-0.0287049399198932,856200,-0.0732484076433123,45.46875,0,0,46.8125,4835,-1.59722222222222,0.563071097826653
"1999-05-05",1999-05-05,0.00171821305841924,880200,-0.0716560509554142,45.546875,0.00171526586620929,45.46875,45.546875,4835,-0.978260869565217,0.58105239844407
"1999-05-06",1999-05-06,-0.0126929674099485,757000,-0.08343949044586,44.96875,0,0,45.546875,4837,-1.16444444444444,0.507669092158857
"1999-05-07",1999-05-07,0.0114662960389159,472000,-0.0729299363057325,45.484375,0.0113363105462041,44.96875,45.484375,4837,-0.874045801526717,0.62643024272742
"1999-05-10",1999-05-10,-0.00515286843009275,401400,-0.0777070063694268,45.25,0.00621546961325969,44.96875,45.484375,4839,-1.06550218340611,0.572622013341035
"1999-05-11",1999-05-11,0.0103591160220994,308400,-0.0681528662420382,45.71875,0.0102529049897471,45.25,45.71875,4839,1.64957849168374,0.646510191632725
"1999-05-12",1999-05-12,-0.012987012987013,760400,-0.0802547770700638,45.125,0,0,45.71875,4841,-1.17757009345795,0.524982218930043
"1999-05-13",1999-05-13,0,664600,-0.0802547770700638,45.125,0,45.125,45.125,4841,-1,0.524982218930043
"1999-05-14",1999-05-14,-0.0263157894736842,752200,-0.104458598726115,43.9375,0,0,45.125,4843,-1.3015873015873,0.393402455469026
"1999-05-17",1999-05-17,-0.0106685633001422,620400,-0.114012738853503,43.46875,0,43.46875,43.9375,4844,-1.09146341463415,0.341463075155467
"1999-05-18",1999-05-18,0.0478073328540618,1113600,-0.0716560509554141,45.546875,0.0456260720411664,43.46875,45.546875,4844,-0.628491620111732,0.819765671578729
"1999-05-19",1999-05-19,-0.0113207547169811,617000,-0.0821656050955415,45.03125,0.0346981263011797,43.46875,45.546875,4846,-1.14666666666667,0.703224523511071
"1999-05-20",1999-05-20,-0.00485773768216516,360800,-0.086624203821656,44.8125,0.0299860529986054,43.46875,45.546875,0,-1.05426356589147,0.653369799184436
"1999-05-21",1999-05-21,0.0146443514644351,805800,-0.073248407643312,45.46875,0.0439862542955326,43.46875,45.546875,0,1.46689043394869,0.802194531224431
"1999-05-24",1999-05-24,-0.0278350515463918,1236000,-0.0990445859872611,44.203125,0.0166136443973135,43.46875,45.546875,0,-1.35217391304348,0.513151888296824
"1999-05-25",1999-05-25,-0.0187345351714387,1339600,-0.115923566878981,43.375,0,43.375,45.46875,4850,-1.17041800643087,0.331075199092755
"1999-05-26",1999-05-26,0.00540345821325648,1220800,-0.111146496815286,43.609375,0.00537441777140812,43.375,43.609375,4850,-0.958791208791208,0.386261953775615
"1999-05-27",1999-05-27,0.0111071300609101,1609800,-0.101273885350318,44.09375,0.0163004961020553,0,44.09375,0,3.03297897472241,0.499330324650922
"1999-05-28",1999-05-28,0.0248051027639972,810000,-0.0789808917197453,45.1875,0.0401106500691563,0,45.1875,0,2.46070118467736,0.749961871268428
"1999-06-01",1999-06-01,-0.00276625172890733,1297800,-0.0815286624203823,45.0625,0.0374479889042996,43.375,45.1875,4854,-1.03225806451613,0.721636286898572
"1999-06-02",1999-06-02,-0.00104022191400832,595600,-0.0824840764331209,45.015625,0.0364456785838251,43.375,45.1875,0,-1.01171875,0.71099346741549
"1999-06-03",1999-06-03,0.00485942381117668,488000,-0.0780254777070063,45.234375,0.00483592400690847,45.015625,45.234375,4854,-0.945945945945946,0.563391046801528
"1999-06-04",1999-06-04,0.0186528497409326,368200,-0.0608280254777069,46.078125,0.0230586639538827,0,46.078125,0,4.76820229617788,0.755946609907519
"1999-06-07",1999-06-07,0.0152594099694812,582800,-0.0464968152866242,46.78125,0.0377421509686039,0,46.78125,0,1.63678828244725,0.913679841026345
"1999-06-08",1999-06-08,-0.00801603206412826,548200,-0.054140127388535,46.40625,0.02996632996633,45.015625,46.78125,4859,-1.16438356164384,0.829856471500097
"1999-06-09",1999-06-09,-0.00269360269360269,731200,-0.056687898089172,46.28125,0.0273463875759622,45.015625,46.78125,0,-1.04705882352941,0.801763120135528
"1999-06-10",1999-06-10,-0.00911546252532073,852000,-0.0652866242038217,45.859375,0.0183986371379897,45.015625,46.78125,0,-1.15168539325843,0.706374827031363
"1999-06-11",1999-06-11,-0.0030664395229983,778200,-0.0681528662420382,45.71875,0.0153793574846206,45.015625,46.78125,0,-1.04390243902439,0.674379237118812
"1999-06-14",1999-06-14,0.00307587149692413,224000,-0.0652866242038217,45.859375,0.0183986371379897,45.015625,46.78125,0,1.1963202725724,0.706374827031363
"1999-06-15",1999-06-15,-0.0020442930153322,607000,-0.0671974522292993,45.765625,0.0163878456811198,45.015625,46.78125,0,-1.02926829268293,0.685055641524044
"1999-06-16",1999-06-16,0.0180949129395698,528200,-0.0503184713375797,46.59375,0.033869885982562,45.015625,46.78125,0,2.06676866756092,0.8718532103181
"1999-06-17",1999-06-17,0.0100603621730382,929200,-0.0407643312101912,47.0625,0.0285524568393094,45.71875,47.0625,4859,-0.810126582278481,0.894885334627525
"1999-06-18",1999-06-18,0.00929614873837981,833800,-0.0318471337579619,47.5,0.0375,0,47.5,0,1.31337209302326,0.9920038135828
"1999-06-21",1999-06-21,0.00394736842105263,725000,-0.0280254777070064,47.6875,0.0412844036697247,0,47.6875,0,1.10091743119266,1.03335280190123
"1999-06-22",1999-06-22,0.00589777195281782,493000,-0.0222929936305731,47.96875,0.0469055374592834,0,47.96875,0,1.13615635179153,1.09507472228485
"1999-06-23",1999-06-23,-0.00846905537459283,821800,-0.0305732484076433,47.5625,0.0387647831800263,45.71875,47.96875,4870,-1.37142857142858,1.00580483267291
"1999-06-24",1999-06-24,-0.0243101182654402,806600,-0.0541401273885349,46.40625,0.0148148148148148,45.71875,47.96875,0,-1.77083333333333,0.747487959285664
"1999-06-25",1999-06-25,0.00606060606060606,355400,-0.0484076433121018,46.6875,0.0207496653279786,45.71875,47.96875,0,1.40060240963855,0.810915344734768
"1999-06-28",1999-06-28,0.0441767068273092,1160200,-0.00636942675159224,48.75,0.0480769230769231,46.40625,48.75,4870,2.31699751861042,1.18800838531737
"1999-06-29",1999-06-29,-0.00448717948717949,489000,-0.0108280254777068,48.53125,0.0437862202189311,46.40625,48.75,4874,-1.69999999999999,1.14044436632709
"1999-06-30",1999-06-30,-0.000643915003219575,1160200,-0.011464968152866,48.5,0.0431701030927835,46.40625,48.75,0,-1.05882352941177,1.13363233000483
"1999-07-01",1999-07-01,0.0103092783505155,621000,-0.00127388535031825,49,0.0102040816326531,48.5,49,4874,-0.111111111111094,1.00982043434682
"1999-07-02",1999-07-02,-0.00446428571428571,576800,-0.00573248407643301,48.78125,0.00576553491351695,48.5,49,4877,-4.5000000000007,0.961452688550296
"1999-07-06",1999-07-06,-0.00192184497117233,717600,-0.0076433121019106,48.6875,0.00385109114249038,48.5,49,0,-1.33333333333332,0.9406572800685
"1999-07-07",1999-07-07,0.0160462130937099,937800,0,49.46875,0.0157927984838914,48.6875,49.46875,4877,4.10086333965045,1.0471277483421
"1999-07-08",1999-07-08,-0.0271636133922931,514000,-0.0271636133922931,48.125,0,0,49.46875,4880,0,0.813602869745524
"1999-07-09",1999-07-09,-0.0012987012987013,531400,-0.0284270372710044,48.0625,0,48.0625,48.125,4881,-1.04651162790697,0.806734490963272
"1999-07-12",1999-07-12,-0.00975292587776333,682400,-0.0379027163613392,47.59375,0,47.59375,48.0625,4882,-1.33333333333334,0.75522165009638
"1999-07-13",1999-07-13,-0.0167432698621142,565000,-0.0540113708149084,46.796875,0,46.796875,47.59375,4883,-1.425,0.667649820622666
"1999-07-14",1999-07-14,-0.0290484140233723,1583600,-0.0814908401768794,45.4375,0,45.4375,46.796875,4884,-1.50877192982456,0.518262582108681
"1999-07-15",1999-07-15,-0.00790921595598349,1854400,-0.0887555274794694,45.078125,0,45.078125,45.4375,4885,-1.08914728682171,0.478769404110732
"1999-07-16",1999-07-16,0.00138648180242634,1969800,-0.0874921036007581,45.140625,0.00138456213222571,45.078125,45.140625,4885,-0.985765124555161,0.493164708204375
"1999-07-19",1999-07-19,0.00138456213222568,1642200,-0.0862286797220468,45.203125,0.00276529554096094,0,45.203125,0,1.99723470445901,0.507539198125018
"1999-07-20",1999-07-20,0.00553059108192188,576400,-0.0811749842072016,45.453125,0.00825025782055688,0,45.453125,0,2.98349948435888,0.564830733300518
"1999-07-21",1999-07-21,-0.000343760742523204,719400,-0.0814908401768794,45.4375,0.00790921595598348,45.078125,45.453125,4889,-1.00389105058366,0.561259625279764
"1999-07-22",1999-07-22,0.00137551581843191,591800,-0.0802274162981681,45.5,0.00137362637362637,45.4375,45.5,4889,-0.984496124031008,0.532598435899384
"1999-07-23",1999-07-23,-0.0130494505494505,749200,-0.0922299431459255,44.90625,0,0,45.5,4891,-1.1496062992126,0.459881362459538
"1999-07-26",1999-07-26,-0.00069589422407794,339600,-0.0928616550852812,44.875,0,44.875,44.90625,4892,-1.00684931506849,0.456447173068411
"1999-07-27",1999-07-27,0.0226323119777159,379200,-0.0723310170562224,45.890625,0.0221314266258087,44.875,45.890625,4892,-0.778911564625849,0.688371885447159
"1999-07-28",1999-07-28,-0.0221314266258086,343600,-0.0928616550852812,44.875,0,0,45.890625,4894,-1.28384279475983,0.456447173068411
"1999-07-29",1999-07-29,-0.0153203342618384,388600,-0.106759317751106,44.1875,0,44.1875,44.875,4895,-1.14965986394558,0.380895006463638
"1999-07-30",1999-07-30,-0.0155586987270156,979800,-0.12065698041693,43.5,0,43.5,44.1875,4896,-1.1301775147929,0.305342839858864
"1999-08-02",1999-08-02,-0.0111350574712644,673000,-0.130448515476943,43.015625,0,43.015625,43.5,4897,-1.08115183246073,0.25211290429641
"1999-08-03",1999-08-03,0,543000,-0.130448515476943,43.015625,0,43.015625,43.015625,4897,-1,0.25211290429641
"1999-08-04",1999-08-04,-0.0272430076280421,734800,-0.15413771320278,41.84375,0,0,43.015625,4899,-1.18159806295399,0.123330802129183
"1999-08-05",1999-08-05,0.00373412994772218,758600,-0.150979153506001,42,0.00372023809523814,41.84375,42,4899,-0.979508196721311,0.160726160566036
"1999-08-06",1999-08-06,-0.0290178571428571,951400,-0.175615919140872,40.78125,0,0,42,4901,-1.16317991631799,0.00656836283089651
"1999-08-09",1999-08-09,0.039463601532567,1726800,-0.143082754264055,42.390625,0.0379653520088463,40.78125,42.390625,4901,-0.814748201438849,0.389820987477839
"1999-08-10",1999-08-10,-0.0047917434574272,774200,-0.147188881869867,42.1875,0.0333333333333333,40.78125,42.390625,4903,-1.02869757174393,0.342317612303323
"1999-08-11",1999-08-11,0.00296296296296296,543600,-0.144662034112444,42.3125,0.0361890694239291,40.78125,42.390625,0,1.08567208271787,0.37157907024975
"1999-08-12",1999-08-12,-0.0051698670605613,669400,-0.149084017687934,42.09375,0.0311804008908686,40.78125,42.390625,0,-1.03056768558952,0.320311010545801
"1999-08-13",1999-08-13,0.0185597624350408,552600,-0.133291219204043,42.875,0.0182215743440233,42.09375,42.875,4903,-0.894067796610168,0.335717393985189
"1999-08-16",1999-08-16,0.0160349854227405,764400,-0.119393556538218,43.5625,0.033715925394548,0,43.5625,0,1.8503299856528,0.495501839078114
"1999-08-17",1999-08-17,0.0247489239598278,929600,-0.0975994946304483,44.640625,0.0570528526426322,0,44.640625,0,1.69216333157084,0.740848419559319
"1999-08-18",1999-08-18,-0.00595029751487574,532800,-0.102969046114971,44.375,0.0514084507042254,42.09375,44.640625,4909,-1.05501618122977,0.680973024394297
"1999-08-19",1999-08-19,-0.00774647887323944,531000,-0.109917877447883,44.03125,0.0440028388928317,42.09375,44.640625,0,-1.06748466257669,0.60293765211373
"1999-08-20",1999-08-20,-0.0063875088715401,637600,-0.115603284902084,43.75,0.0378571428571428,42.09375,44.640625,0,-1.05172413793103,0.538619966220794
"1999-08-23",1999-08-23,0.0128571428571429,996200,-0.104232469993683,44.3125,0.0500705218617772,42.09375,44.640625,0,1.32261755861298,0.666831233870763
"1999-08-24",1999-08-24,0.0292665726375176,624400,-0.0780164245104229,45.609375,0.0407673860911271,43.75,45.609375,4909,-0.748484848484848,0.758775253746912
"1999-08-25",1999-08-25,-0.00102774922918808,1114400,-0.0789639924194563,45.5625,0.0397805212620027,43.75,45.609375,4914,-1.01214574898785,0.74825905486993
"1999-08-26",1999-08-26,-0.0240054869684499,292400,-0.101073910296904,44.46875,0.0161630358397751,43.75,45.609375,0,-1.28,0.49967017517317
"1999-08-27",1999-08-27,-0.0210822206605762,551600,-0.120025268477574,43.53125,0,43.53125,45.5625,4916,-1.1875,0.308777029249993
"1999-08-30",1999-08-30,-0.0445082555635319,719600,-0.159191408717624,41.59375,0,41.59375,43.53125,4917,-1.32631578947369,0.0958572870001756
"1999-08-31",1999-08-31,0.019534184823441,1029000,-0.142766898294377,42.40625,0.0191599115696389,41.59375,42.40625,4917,-0.896825396825397,0.289305656239437
"1999-09-01",1999-09-01,-0.00884303610906411,464800,-0.150347441566645,42.03125,0.0104089219330855,41.59375,42.40625,4919,-1.05309734513274,0.200522187759313
"1999-09-02",1999-09-02,-0.0193308550185874,759000,-0.166771951989892,41.21875,0,41.21875,42.03125,4920,-1.10924369747899,0.0546470143066626
"1999-09-03",1999-09-03,0.045489006823351,822600,-0.128869235628553,43.09375,0.0435097897026832,41.21875,43.09375,4920,-0.772727272727272,0.497231596316037
"1999-09-07",1999-09-07,-0.014140681653372,501200,-0.141187618445988,42.484375,0.0297903641044501,41.21875,43.09375,4922,-1.09558823529412,0.355681690641516
"1999-09-08",1999-09-08,-0.00993012136815006,448000,-0.14971572962729,42.0625,0.0200594353640416,41.21875,43.09375,0,-1.06040268456376,0.256419673755715
"1999-09-09",1999-09-09,-0.012630014858841,1012200,-0.160454832596336,41.53125,0.00752445447705041,41.21875,43.09375,0,-1.07172995780591,0.129894264170915
"1999-09-10",1999-09-10,0.00752445447705041,821000,-0.154137713202779,41.84375,0.0149365197908887,41.21875,43.09375,0,1.98506348020911,0.204530530376423
"1999-09-13",1999-09-13,-0.00746825989544436,416800,-0.160454832596336,41.53125,0.00752445447705041,41.21875,43.09375,0,-1.04098360655738,0.129894264170917
"1999-09-14",1999-09-14,-0.0127915726109857,930600,-0.171193935565382,41,0,41,42.484375,4927,-1.06692913385827,0.0306076885687817
"1999-09-15",1999-09-15,0.0198170731707317,1177800,-0.154769425142135,41.8125,0.0194319880418535,41,41.8125,4927,-0.904059040590406,0.225535153066883
"1999-09-16",1999-09-16,-0.0190582959641256,958800,-0.170878079595704,41.015625,0.000380952380952371,41,41.8125,4929,-1.10408163265306,0.0343957630000215
"1999-09-17",1999-09-17,0.020952380952381,883000,-0.153506001263423,41.875,0.0205223880597015,41.015625,41.875,4929,53.8712686567179,0.238331297243592
"1999-09-20",1999-09-20,0.00597014925373134,1853600,-0.148452305748578,42.125,0.0263353115727003,0,42.125,0,1.28324790936067,0.297405735223813
"1999-09-21",1999-09-21,-0.0333827893175074,402200,-0.176879343019583,40.71875,0,0,42.125,4932,-1.19148936170213,-0.000300015951352948
"1999-09-22",1999-09-22,0.000767459708365311,396000,-0.176247631080227,40.75,0.000766871165644223,40.71875,40.75,4932,-0.996428571428571,0.00730313188007492
"1999-09-23",1999-09-23,-0.000766871165644172,643600,-0.176879343019583,40.71875,0,0,40.75,4934,-1.00358422939068,-0.000300015951352948
"1999-09-24",1999-09-24,0.0145817344589409,476200,-0.164876816171825,41.3125,0.0143721633888049,40.71875,41.3125,4934,-0.932142857142857,0.14308128771219
"1999-09-27",1999-09-27,-0.0211800302571861,590800,-0.182564750473783,40.4375,0,0,41.3125,4936,-1.10727969348659,-0.0312077204714876
"1999-09-28",1999-09-28,0.0142967542503864,935600,-0.170878079595704,41.015625,0.014095238095238,40.4375,41.015625,4936,-0.935986159169549,0.108951033484401
"1999-09-29",1999-09-29,0.0106666666666667,1327400,-0.162034112444725,41.453125,0.024500565397663,0,41.453125,0,1.73821578834772,0.213596392674492
"1999-09-30",1999-09-30,0.00716170373162458,549000,-0.156032849020846,41.75,0.031437125748503,0,41.75,0,1.28311837862736,0.283930566185155
"1999-10-01",1999-10-01,0.0063622754491018,718400,-0.150663297536323,42.015625,0.0375604313871327,0,42.015625,0,1.19477943650498,0.346409435978746
"1999-10-04",1999-10-04,0.0371885459278542,740200,-0.11907770056854,43.578125,0.0720688418788096,0,43.578125,0,1.91874372091207,0.705717729986618
"1999-10-05",1999-10-05,-0.00215130871280029,816200,-0.120972836386607,43.484375,0.0700682716492993,40.4375,43.578125,4942,-1.0159151193634,0.684539418249812
"1999-10-06",1999-10-06,0.0147323032698527,736400,-0.108022741629816,44.125,0.0145184135977338,43.484375,44.125,4942,-0.892950391644908,0.452953396113491
"1999-10-07",1999-10-07,-0.00424929178470255,549200,-0.11181301326595,43.9375,0.0103129445234709,43.484375,44.125,4944,-1.03508771929825,0.409485976533219
"1999-10-08",1999-10-08,0.0704125177809388,1701000,-0.0492735312697403,47.03125,0.06578073089701,43.9375,47.03125,4944,6.37846259594454,1.05101146285618
"1999-10-11",1999-10-11,0.00598006644518272,3286200,-0.0435881238155394,47.3125,0.0713342140026421,0,47.3125,0,1.0844241623634,1.11210968868357
"1999-10-12",1999-10-12,-0.024108322324967,874000,-0.0666456096020207,46.171875,0.0483925549915397,43.9375,47.3125,4947,-1.52898550724638,0.862043534756093
"1999-10-13",1999-10-13,-0.0263959390862944,794400,-0.0912823752368913,44.953125,0.0225929787973583,43.9375,47.3125,0,-1.3696682464455,0.587855349848253
"1999-10-14",1999-10-14,0.0048661800486618,533000,-0.0868603916614017,45.171875,0.0273261847111727,43.9375,47.3125,0,1.20949897560067,0.637625906108415
"1999-10-15",1999-10-15,-0.0543064683500519,711000,-0.136449778900821,42.71875,0,42.71875,46.171875,4950,-1.5709090909091,0.219488105080717
"1999-10-18",1999-10-18,0.00292611558156547,1234000,-0.133922931143398,42.84375,0.0029175784099198,42.71875,42.84375,4950,-0.981481481481482,0.249085757776227
"1999-10-19",1999-10-19,0.0353756382202772,1189000,-0.103284902084649,44.359375,0.0369848538217682,0,44.359375,0,12.6765586474109,0.60084461544348
"1999-10-20",1999-10-20,0.0221909122930609,1126200,-0.0833859759949456,45.34375,0.0578911095796003,0,45.34375,0,1.56526533425224,0.822674715325257
"1999-10-21",1999-10-21,-0.0062026188835286,860400,-0.0890713834491464,45.0625,0.0520110957004161,42.71875,45.34375,4954,-1.06818181818182,0.759801363133233
"1999-10-22",1999-10-22,0.0249653259361997,1054800,-0.0663297536323428,46.1875,0.0243572395128552,45.0625,46.1875,4954,-0.744680851063827,0.733096919797127
"1999-10-25",1999-10-25,-0.0142083897158322,736000,-0.0795957043588116,45.53125,0.0102951269732326,45.0625,46.1875,4956,-1.2,0.584532773543758
"1999-10-26",1999-10-26,-0.0123541523678792,759000,-0.0909665192672134,44.96875,0,44.96875,45.53125,4957,-1.14285714285715,0.466749741241794
"1999-10-27",1999-10-27,0.0215427380125087,1226400,-0.0713834491471882,45.9375,0.0210884353741496,44.96875,45.9375,4957,-0.784722222222221,0.687853133448831
"1999-10-28",1999-10-28,0.0598639455782313,3285800,-0.0157927984838906,48.6875,0.076379974326059,0,48.6875,0,3.62188910513894,1.29064439876793
"1999-10-29",1999-10-29,-0.00834403080872914,1665200,-0.0240050536955141,48.28125,0.0686084142394822,44.96875,48.6875,4960,-1.52000000000002,1.2037512351168
"1999-11-01",1999-11-01,0.0058252427184466,721000,-0.0183196462413131,48.5625,0.074002574002574,44.96875,48.6875,0,1.07862242296205,1.26398332798291
"1999-11-02",1999-11-02,0.0115830115830116,1281200,-0.00694883133291146,49.125,0.017175572519084,48.28125,49.125,4960,-0.379310344827564,1.01686886968021
"1999-11-03",1999-11-03,-0.0089058524173028,1074600,-0.0157927984838905,48.6875,0.00834403080872914,48.28125,49.125,4963,-2.27272727272739,0.920779115422501
"1999-11-04",1999-11-04,0.00770218228498074,1314800,-0.00821225521162272,49.0625,0.0159235668789809,48.28125,49.125,0,1.90837824595786,1.00319418533524
"1999-11-05",1999-11-05,0.0222929936305732,713400,0,50.15625,0.0292834890965732,48.6875,50.15625,4963,1.8390031152648,1.12046748389988
"1999-11-08",1999-11-08,0.00996884735202492,1243200,0,50.65625,0.0388648982109808,0,50.65625,0,1.3271949282686,1.1725551072022
"1999-11-09",1999-11-09,-0.0431832202344232,791000,-0.0431832202344232,48.46875,0,0,50.65625,4967,0,0.726515131743661
"1999-11-10",1999-11-10,0.00451321727917473,717400,-0.0388648982109809,48.6875,0.00449293966623876,48.46875,48.6875,4967,-0.900000000000001,0.774415985806991
"1999-11-11",1999-11-11,-0.0121951219512195,417200,-0.0505860579888958,48.09375,0,0,48.6875,4969,-1.3015873015873,0.686270923431612
"1999-11-12",1999-11-12,0.0445094217024042,877000,-0.00832819247378158,50.234375,0.0426127527216175,48.09375,50.234375,4969,-0.164634146341462,1.14765491605361
"1999-11-15",1999-11-15,-0.0177293934681182,624600,-0.025909932140654,49.34375,0.0253324889170361,48.09375,50.234375,4971,-3.11111111111113,0.958133846375576
"1999-11-16",1999-11-16,0.025965801139962,1443800,-0.000616903146206105,50.625,0.0253086419753087,49.34375,50.625,4971,-0.0238095238095261,1.09550525179242
"1999-11-17",1999-11-17,-0.0160493827160494,1204200,-0.0166563849475633,49.8125,0.00941028858218318,49.34375,50.625,4973,-26.9999999999975,0.921880901883346
"1999-11-18",1999-11-18,0.00125470514429109,894000,-0.0154225786551512,49.875,0.0106516290726817,49.34375,50.625,0,1.13191311612364,0.935336596312712
"1999-11-19",1999-11-19,0.0025062656641604,928400,-0.0129549660703272,50,0.0131250000000001,49.34375,50.625,0,1.23220588235295,0.962197372723611
"1999-11-22",1999-11-22,-0.03375,832400,-0.0462677359654535,48.3125,0,48.3125,50,4976,-3.57142857142851,0.70974671161364
"1999-11-23",1999-11-23,-0.0109961190168176,638800,-0.0567550894509563,47.78125,0,47.78125,48.3125,4977,-1.22666666666667,0.652734083171571
"1999-11-24",1999-11-24,-0.0052321778940484,407600,-0.0616903146206047,47.53125,0,47.53125,47.78125,4978,-1.08695652173913,0.625904610963539
"1999-11-26",1999-11-26,0.00131492439184747,322000,-0.0604565083281926,47.59375,0.00131319763624427,47.53125,47.59375,4978,-0.98,0.639750943961249
"1999-11-29",1999-11-29,-0.0374261326329613,1327000,-0.0956199876619371,45.8125,0,0,47.59375,4980,-1.58163265306122,0.441451989533316
"1999-11-30",1999-11-30,0.0566166439290587,1381800,-0.0444170265268352,48.40625,0.0535829567462879,45.8125,48.40625,4980,-0.464516129032257,1.01110195988963
"1999-12-01",1999-12-01,-0.013557133634603,1248600,-0.0573719925971623,47.75,0.0405759162303665,45.8125,48.40625,4982,-1.29166666666667,0.869964137353329
"1999-12-02",1999-12-02,0.0150523560209424,1025000,-0.0431832202344232,48.46875,0.0148291424887169,47.75,48.46875,4982,-0.752688172043011,0.807131122421616
"1999-12-03",1999-12-03,0.0303030303030303,1147800,-0.0141887723627392,49.9375,0.0438047559449312,0,49.9375,0,2.95396419437341,1.12227503092247
"1999-12-06",1999-12-06,-0.0378598247809762,646200,-0.0515114127082049,48.046875,0.00617886178861793,47.75,49.9375,4985,-3.63043478260867,0.714830678471272
"1999-12-07",1999-12-07,0.000975609756097561,1173400,-0.0505860579888958,48.09375,0.00714749837556861,47.75,49.9375,0,1.15676618446702,0.725127024710156
"1999-12-08",1999-12-08,-0.0279402209226771,489400,-0.0771128932757559,46.75,0,46.75,48.09375,4987,-1.52439024390244,0.542062510313437
"1999-12-09",1999-12-09,0.0177139037433155,740000,-0.0607649599012956,47.578125,0.0174055829228243,46.75,47.578125,4987,-0.788,0.725557486994692
"1999-12-10",1999-12-10,0.0505747126436782,687700,-0.01326341764343,49.984375,0.0647077211628634,0,49.984375,0,3.71764171586639,1.24094080258897
"1999-12-13",1999-12-13,-0.0271959987496093,677300,-0.0400987045033929,48.625,0.038560411311054,46.75,49.984375,4990,-3.02325581395349,0.952910356738177
"1999-12-14",1999-12-14,0.0154241645244216,651400,-0.025293028994448,49.375,0.0531645569620253,46.75,49.984375,0,1.37873417721519,1.11279160882488
"1999-12-15",1999-12-15,0.0151898734177215,776500,-0.0104873534855028,50.125,0.029925187032419,48.625,50.125,4990,-0.414634146341462,1.06694333193941
"1999-12-16",1999-12-16,-0.00623441396508728,941800,-0.0166563849475632,49.8125,0.0238393977415308,48.625,50.125,4993,-1.58823529411764,1.00032218264966
"1999-12-17",1999-12-17,-0.0238393977415307,1270900,-0.040098704503393,48.625,0,48.625,49.8125,4994,-2.40740740740742,0.743283551873681
"1999-12-20",1999-12-20,0.0051413881748072,752300,-0.0351634793337446,48.875,0.00511508951406647,48.625,48.875,4994,-0.876923076923076,0.797920296747455
"1999-12-21",1999-12-21,0.0332480818414322,542400,-0.00308451573103019,50.5,0.0371287128712872,0,50.5,0,7.25866336633667,1.14634822485048
"1999-12-22",1999-12-22,-0.0136138613861386,532500,-0.0166563849475632,49.8125,0.0238393977415308,48.625,50.5,4997,-5.40000000000004,1.00032218264966
"1999-12-23",1999-12-23,0.0401505646173149,660200,0,51.8125,0.0386007237635706,49.8125,51.8125,4997,1.61919878102978,1.17111896989312
"1999-12-27",1999-12-27,0.0253317249698432,613100,0,53.125,0.0623529411764706,0,53.125,0,1.61533088235294,1.30024366735934
"1999-12-28",1999-12-28,-0.0264705882352941,943000,-0.026470588235294,51.71875,0.0368580060422961,49.8125,53.125,5000,0,1.01774235949777
"1999-12-29",1999-12-29,0.0199395770392749,279900,-0.00705882352941167,52.75,0.0556872037914692,49.8125,53.125,0,1.51085774221117,1.22563253758045
"1999-12-30",1999-12-30,0.0204383886255924,290500,0,53.828125,0.0391872278664731,51.71875,53.828125,5000,0,1.17430739493712
"1999-12-31",1999-12-31,-0.0153846153846154,82800,-0.0153846153846153,53,0.0241745283018868,51.71875,53.828125,5003,0,1.00905780883029
"2000-01-03",2000-01-03,-0.0477594339622642,710100,-0.062409288824383,50.46875,0,50.46875,53,5004,-4.05660377358491,0.621996035821477
"2000-01-04",2000-01-04,-0.065015479876161,1276900,-0.123367198838897,47.1875,0,47.1875,50.46875,5005,-1.97674418604651,0.29060922035209
"2000-01-05",2000-01-05,0.0225165562913907,929200,-0.103628447024673,48.25,0.022020725388601,47.1875,48.25,5005,-0.84,0.517627176883336
"2000-01-06",2000-01-06,0.0207253886010363,515900,-0.0850507982583453,49.25,0.0418781725888325,0,49.25,0,1.9017617199164,0.72657272720791
"2000-01-07",2000-01-07,0.0126903553299492,612500,-0.0734397677793901,49.875,0.0538847117794486,0,49.875,0,1.28670160249108,0.854965436210928
"2000-01-10",2000-01-10,-0.025062656641604,528000,-0.0966618287373001,48.625,0.0295629820051414,47.1875,49.875,5009,-1.31620553359684,0.596502089906221
"2000-01-11",2000-01-11,-0.0179948586118252,873100,-0.112917271407837,47.75,0.0117801047120419,47.1875,49.875,0,-1.16816816816817,0.411458828843105
"2000-01-12",2000-01-12,0.0458115183246073,787200,-0.0722786647314946,49.9375,0.0438047559449312,47.75,49.9375,5009,3.71853706021414,0.806479682321151
"2000-01-13",2000-01-13,0.097622027534418,2193600,0,54.8125,0.12884834663626,0,54.8125,0,2.94142368463919,1.66173409006935
"2000-01-14",2000-01-14,0.00114025085518814,995100,0,54.875,0.129840546697039,0,54.875,0,1.00770052613542,1.66712800889583
"2000-01-18",2000-01-18,0.0125284738041002,1015400,0,55.5625,0.140607424071991,0,55.5625,0,1.08292384504569,1.72566021915345
"2000-01-19",2000-01-19,0.0292463442069741,2081500,0,57.1875,0.165027322404372,0,57.1875,0,1.17367431693989,1.8584146449618
"2000-01-20",2000-01-20,-0.0568306010928962,467800,-0.0568306010928961,53.9375,0.114716106604867,47.75,57.1875,5016,0,1.27595724943884
"2000-01-21",2000-01-21,0.0208574739281576,903600,-0.0371584699453552,55.0625,0.132803632236095,47.75,57.1875,0,1.15767206686616,1.4812308949781
"2000-01-24",2000-01-24,-0.0295119182746879,481800,-0.0655737704918032,53.4375,0.106432748538012,47.75,57.1875,0,-1.76470588235294,1.18339556689366
"2000-01-25",2000-01-25,0.0245614035087719,537700,-0.0426229508196722,54.75,0.127853881278539,47.75,57.1875,0,1.20126448893572,1.42461577937616
"2000-01-26",2000-01-26,0.0410958904109589,979800,-0.00327868852459012,57,0.162280701754386,47.75,57.1875,0,1.26926691729323,1.82565912530724
"2000-01-27",2000-01-27,-0.0241228070175439,1014600,-0.0273224043715848,55.625,0.141573033707865,47.75,57.1875,0,-8.33333333333348,1.58237620119142
"2000-01-28",2000-01-28,-0.0292134831460674,788500,-0.0557377049180329,54,0.115740740740741,47.75,57.1875,0,-2.03999999999999,1.28746882564229
"2000-01-31",2000-01-31,0.118055555555556,2127600,0,60.375,0.114906832298137,53.4375,60.375,5016,0,1.58594353166222
"2000-02-01",2000-02-01,0.0041407867494824,2151200,0,60.625,0.118556701030928,0,60.625,0,1.03176372248537,1.60578539264389
"2000-02-02",2000-02-02,-0.0283505154639175,1931300,-0.0283505154639175,58.90625,0.0928381962864722,53.4375,60.625,5025,0,1.31184879904781
"2000-02-03",2000-02-03,-0.0312997347480106,1848800,-0.0587628865979382,57.0625,0.0635268346111719,53.4375,60.625,0,-2.07272727272727,0.987171368031665
"2000-02-04",2000-02-04,0.0197152245345016,953700,-0.0402061855670103,58.1875,0.0816326530612245,53.4375,60.625,0,1.28501055594652,1.18648062215461
"2000-02-07",2000-02-07,0.0182599355531686,447200,-0.0226804123711339,59.25,0.0981012658227848,53.4375,60.625,0,1.20174050632911,1.37128504382179
"2000-02-08",2000-02-08,0.00263713080168776,770300,-0.0201030927835052,59.40625,0.100473435034192,53.4375,60.625,0,1.02418082163887,1.3981920577093
"2000-02-09",2000-02-09,-0.0362966859547607,590100,-0.0556701030927835,57.25,0.0665938864628821,53.4375,60.625,0,-2.76923076923077,1.0206582153045
"2000-02-10",2000-02-10,0.00109170305676856,1246300,-0.054639175257732,57.3125,0.0676117775354417,53.4375,60.625,0,1.01528505282729,1.0317962542088
"2000-02-11",2000-02-11,-0.0256270447110142,1047200,-0.0788659793814434,55.84375,0.0430889759373251,53.4375,60.625,0,-1.44339622641509,0.766777709581889
"2000-02-14",2000-02-14,-0.012870733072188,660800,-0.0907216494845362,55.125,0.0306122448979592,53.4375,60.625,0,-1.15032679738562,0.634498946655089
"2000-02-15",2000-02-15,0.0634920634920635,956400,-0.0329896907216496,58.625,0.0884861407249466,53.4375,60.625,0,2.89054726368159,1.26296957488093
"2000-02-16",2000-02-16,-0.0191897654584222,902100,-0.0515463917525774,57.5,0.0706521739130435,53.4375,60.625,0,-1.5625,1.06513819374649
"2000-02-17",2000-02-17,0.0239130434782609,1179900,-0.0288659793814434,58.875,0.0923566878980892,53.4375,60.625,0,1.30720235178834,1.30642893676106
"2000-02-18",2000-02-18,-0.00530785562632696,2051200,-0.0340206185567011,58.5625,0.0875133404482391,53.4375,60.625,0,-1.17857142857143,1.25207666405337
"2000-02-22",2000-02-22,-0.0288153681963714,956700,-0.061855670103093,56.875,0.0604395604395604,53.4375,60.625,0,-1.81818181818182,0.95357458572018
"2000-02-23",2000-02-23,0.0120879120879121,1294600,-0.0505154639175258,57.5625,0.0716612377850163,53.4375,60.625,0,1.185667752443,1.07622824514775
"2000-02-24",2000-02-24,-0.0195439739413681,924600,-0.0690721649484537,56.4375,0.053156146179402,53.4375,60.625,0,-1.36734693877551,0.874748413662616
"2000-02-25",2000-02-25,-0.0132890365448505,1051800,-0.0814432989690723,55.6875,0.0404040404040404,53.4375,60.625,0,-1.17910447761194,0.738170397318528
"2000-02-28",2000-02-28,0.037037037037037,449200,-0.0474226804123713,57.75,0.0746753246753247,53.4375,60.625,0,1.84821428571428,1.10942715784596
"2000-02-29",2000-02-29,-0.0216450216450216,1126100,-0.0680412371134024,56.5,0.0542035398230089,53.4375,60.625,0,-1.43478260869565,0.88604683803724
"2000-03-01",2000-03-01,-0.00221238938053097,884300,-0.0701030927835055,56.375,0.0521064301552107,53.4375,60.625,0,-1.03030303030303,0.863437364079775
"2000-03-02",2000-03-02,0.00110864745011086,584000,-0.0690721649484537,56.4375,0.053156146179402,53.4375,60.625,0,1.02014561391108,0.874748413662616
"2000-03-03",2000-03-03,0.00996677740863787,639600,-0.0597938144329899,57,0.0625,53.4375,60.625,0,1.17578125,0.975984709173377
"2000-03-06",2000-03-06,-0.0087719298245614,896300,-0.0680412371134022,56.5,0.0542035398230089,53.4375,60.625,0,-1.13793103448276,0.886046838037241
"2000-03-07",2000-03-07,-0.00553097345132743,840700,-0.0731958762886601,56.1875,0.0489432703003337,53.4375,60.625,0,-1.07575757575758,0.82942804277358
"2000-03-08",2000-03-08,-0.0411568409343715,2636800,-0.111340206185567,53.875,0.00812064965197212,53.4375,60.625,0,-1.52112676056338,0.400138287558963
"2000-03-09",2000-03-09,-0.0174013921113689,1656700,-0.126804123711341,52.9375,0,52.9375,59.40625,5050,-1.13888888888889,0.271924990721916
"2000-03-10",2000-03-10,-0.0118063754427391,962700,-0.137113402061856,52.3125,0,52.3125,52.9375,5051,-1.08130081300813,0.215880436019312
"2000-03-13",2000-03-13,0.043010752688172,712700,-0.1,54.5625,0.0412371134020618,52.3125,54.5625,5051,-0.729323308270679,0.6418190517591
"2000-03-14",2000-03-14,-0.00687285223367698,862000,-0.10618556701031,54.1875,0.0346020761245674,52.3125,54.5625,5053,-1.06185567010309,0.572122121101261
"2000-03-15",2000-03-15,0.0461361014994233,1640500,-0.0649484536082477,56.6875,0.0441014332965821,54.1875,56.6875,5053,1.27453142227122,0.847941902450331
"2000-03-16",2000-03-16,0.175303197353914,5989700,0,66.625,0.186679174484053,0,66.625,0,4.23295028142589,1.97612108056616
"2000-03-17",2000-03-17,-0.049718574108818,3449900,-0.0497185741088179,63.3125,0.144126357354393,54.1875,66.625,5056,0,1.47450410429239
"2000-03-20",2000-03-20,-0.0513326752221125,1656000,-0.0984990619136958,60.0625,0.0978147762747138,54.1875,66.625,0,-1.9811320754717,0.95755301662311
"2000-03-21",2000-03-21,0.121227887617066,1861100,0,67.34375,0.108120649651972,60.0625,67.34375,5056,1.10536110973984,1.54905165896234
"2000-03-22",2000-03-22,0.088631090487239,1821900,0,73.3125,0.18073316283035,0,73.3125,0,1.67158783647812,1.9437966477535
"2000-03-23",2000-03-23,-0.0170502983802217,2352900,-0.0170502983802217,72.0625,0.16652211621856,60.0625,73.3125,5060,0,1.77384991628377
"2000-03-24",2000-03-24,-0.0685169124024285,2839700,-0.0843989769820971,67.125,0.105214152700186,60.0625,73.3125,0,-4.94999999999999,1.07443100721909
"2000-03-27",2000-03-27,-0.0661080074487896,1912800,-0.144927536231884,62.6875,0.0418743768693918,60.0625,73.3125,0,-1.71717171717172,0.401042876128712
"2000-03-28",2000-03-28,0.0508474576271186,2056000,-0.101449275362319,65.875,0.0882352941176471,60.0625,73.3125,0,2.10714285714286,0.889437559177445
"2000-03-29",2000-03-29,-0.00853889943074004,821600,-0.109121909633418,65.3125,0.0803827751196172,60.0625,73.3125,0,-1.07563025210084,0.805037829916616
"2000-03-30",2000-03-30,-0.0124401913875598,1057600,-0.120204603580563,64.5,0.0687984496124031,60.0625,73.3125,0,-1.1015625,0.681812617776403
"2000-03-31",2000-03-31,0.0474806201550388,1264100,-0.0784313725490193,67.5625,0.111008325624422,60.0625,73.3125,0,1.61352946541413,1.13837181394577
"2000-04-03",2000-04-03,0.0416281221091582,2609900,-0.0400682011935207,70.375,0.146536412078153,60.0625,73.3125,0,1.32004884547069,1.54006847005812
"2000-04-04",2000-04-04,-0.0324156305506217,1343300,-0.0711849957374251,68.09375,0.117944011014227,60.0625,73.3125,0,-1.77659574468085,1.21547006794744
"2000-04-05",2000-04-05,-0.0243230839834787,741200,-0.093776641091219,66.4375,0.0959548447789276,60.0625,73.3125,0,-1.31736526946108,0.973114429769677
"2000-04-06",2000-04-06,0.0366886171213547,849700,-0.0605285592497866,68.875,0.127949183303085,60.0625,73.3125,0,1.33343119461941,1.32779322228931
"2000-04-07",2000-04-07,-0.0281306715063521,566400,-0.0869565217391303,66.9375,0.102707749766573,60.0625,73.3125,0,-1.43661971830986,1.04690175796321
"2000-04-10",2000-04-10,0.00186741363211951,784000,-0.0852514919011079,67.0625,0.104380242311277,60.0625,73.3125,0,1.01628399559434,1.0652630565432
"2000-04-11",2000-04-11,0.0228331780055918,609900,-0.0643648763853365,68.59375,0.124373576309795,60.0625,73.3125,0,1.19154328018223,1.28749961752214
"2000-04-12",2000-04-12,-0.0259681093394077,1260900,-0.0886615515771524,66.8125,0.101028999064546,60.0625,73.3125,0,-1.37748344370861,1.02850643802611
"2000-04-13",2000-04-13,-0.0523854069223573,967100,-0.136402387041773,63.3125,0.0513326752221125,60.0625,73.3125,0,-1.53846153846154,0.498806684155608
"2000-04-14",2000-04-14,-0.0868706811451135,1656000,-0.211423699914748,57.8125,0,57.8125,72.0625,5076,-1.55,-0.18809425662006
"2000-04-17",2000-04-17,0.0172972972972973,1702700,-0.197783461210571,58.8125,0.0170031880977684,57.8125,58.8125,5076,-0.935483870967742,-0.0215067272814029
"2000-04-18",2000-04-18,0.190223166843783,1609200,-0.0451832907075871,70,0.174107142857143,0,70,0,10.2396763392857,1.66214456233777
"2000-04-19",2000-04-19,-0.0705357142857143,833300,-0.112531969309463,65.0625,0.111431316042267,57.8125,70,5079,-2.49056603773586,0.955289508206477
"2000-04-20",2000-04-20,0.00672430355427474,960700,-0.106564364876385,65.5,0.11736641221374,57.8125,70,0,1.05326237167676,1.0199964190551
"2000-04-24",2000-04-24,-0.0124045801526718,831100,-0.117647058823529,64.6875,0.106280193236715,57.8125,70,0,-1.104,0.899479074306742
"2000-04-25",2000-04-25,0.0154589371980676,1407400,-0.104006820119352,65.6875,0.11988582302569,57.8125,70,0,1.1280166075599,1.04759638332363
"2000-04-26",2000-04-26,0.00856327307326356,1182200,-0.096334185848252,66.25,0.127358490566038,57.8125,70,0,1.06233153638814,1.12993111782197
"2000-04-27",2000-04-27,-0.0245283018867925,721200,-0.11849957374254,64.625,0.10541586073501,57.8125,70,0,-1.23008849557522,0.890145739235665
"2000-04-28",2000-04-28,-0.00773694390715667,705500,-0.125319693094629,64.125,0.0984405458089669,57.8125,70,0,-1.05755395683453,0.815149319044114
"2000-05-01",2000-05-01,0.0204678362573099,766300,-0.107416879795396,65.4375,0.116523400191022,57.8125,70,0,1.18369315441573,1.01077898896886
"2000-05-02",2000-05-02,-0.0105062082139446,755000,-0.116794543904518,64.75,0.107142857142857,57.8125,70,0,-1.08730158730159,0.908803338355373
"2000-05-03",2000-05-03,-0.0028957528957529,571600,-0.119352088661551,64.5625,0.104549854791868,57.8125,70,0,-1.02189781021898,0.880803306798416
"2000-05-04",2000-05-04,-0.0145208131655373,899700,-0.132139812446718,63.625,0.0913555992141454,57.8125,70,0,-1.10714285714286,0.739556905820936
"2000-05-05",2000-05-05,-0.0068762278978389,517800,-0.138107416879795,63.1875,0.0850642927794263,57.8125,70,0,-1.04516129032258,0.672913521350652
"2000-05-08",2000-05-08,0.04648862512364,709500,-0.0980392156862743,66.125,0.125708884688091,57.8125,70,0,1.47781026069372,1.11169423852754
"2000-05-09",2000-05-09,0.00661625708884688,558800,-0.0920716112531967,66.5625,0.131455399061033,57.8125,70,0,1.04571287373363,1.17537595803257
"2000-05-10",2000-05-10,-0.0131455399061033,971000,-0.104006820119352,65.6875,0.11988582302569,57.8125,70,0,-1.12962962962963,1.04759638332363
"2000-05-11",2000-05-11,0.021883920076118,743800,-0.0843989769820969,67.125,0.138733705772812,57.8125,70,0,1.15721527593036,1.2566540845203
"2000-05-12",2000-05-12,0.0325884543761639,933700,-0.054560954816709,69.3125,0.165915238954013,57.8125,70,0,1.19592595058127,1.56663073662808
"2000-05-15",2000-05-15,0.0369702434625789,1230000,-0.0196078431372546,71.875,0.120869565217391,63.1875,71.875,5079,-0.359374999999997,1.51176432143675
"2000-05-16",2000-05-16,-0.0278260869565217,1167000,-0.0468883205456093,69.875,0.0957066189624329,63.1875,71.875,5097,-2.39130434782611,1.22666499378659
"2000-05-17",2000-05-17,-0.00447227191413238,264100,-0.0511508951406646,69.5625,0.0916442048517521,63.1875,71.875,0,-1.09090909090909,1.18140767614962
"2000-05-18",2000-05-18,-0.00539083557951483,463500,-0.0562659846547311,69.1875,0.0867208672086721,63.1875,71.875,0,-1.1,1.12683555569575
"2000-05-19",2000-05-19,-0.04516711833785,768800,-0.0988917306052851,66.0625,0.043519394512772,63.1875,71.875,0,-1.75757575757576,0.660251175406606
"2000-05-22",2000-05-22,0.0236518448438978,602800,-0.0775788576300082,67.625,0.0656192236598891,63.1875,71.875,0,1.50781563931528,0.896256594618584
"2000-05-23",2000-05-23,0.0203327171903882,493700,-0.0588235294117643,69,0.0842391304347826,63.1875,71.875,0,1.28375688916105,1.09944039962185
"2000-05-24",2000-05-24,0.0117753623188406,1123300,-0.0477408354646202,69.8125,0.0948970456580125,63.1875,71.875,0,1.12651976781125,1.2176293473338
"2000-05-25",2000-05-25,-0.081468218442256,1181300,-0.125319693094629,64.125,0.0146198830409356,63.1875,71.875,0,-2.62500000000002,0.359473222232105
"2000-05-26",2000-05-26,0.0282651072124756,878400,-0.100596760443307,65.9375,0.0417061611374407,63.1875,71.875,0,2.85270142180095,0.641124764380068
"2000-05-30",2000-05-30,-0.0208530805687204,795500,-0.119352088661551,64.5625,0.021297192642788,63.1875,71.875,0,-1.1864406779661,0.428215044137119
"2000-05-31",2000-05-31,0.0193610842207164,591100,-0.10230179028133,65.8125,0.0398860398860399,63.1875,71.875,0,1.87283087283088,0.621960908642655
"2000-06-01",2000-06-01,0.0303893637226971,998800,-0.0750213128729749,67.8125,0.0682027649769585,63.1875,71.875,0,1.70994075049375,0.924205192950536
"2000-06-02",2000-06-02,0.0331797235023042,1052600,-0.0443307757885759,70.0625,0.0981266726137378,63.1875,71.875,0,1.43874918629602,1.25372482055611
"2000-06-05",2000-06-05,-0.00178412132024978,1321600,-0.046035805626598,69.9375,0.0965147453083109,63.1875,71.875,0,-1.03846153846154,1.2356927741071
"2000-06-06",2000-06-06,-0.0116175156389634,709000,-0.0571184995737422,69.125,0.0858951175406871,63.1875,71.875,0,-1.24074074074074,1.11771196932497
"2000-06-07",2000-06-07,0.0253164556962025,761900,-0.0332480818414319,70.875,0.108465608465608,63.1875,71.875,0,1.26276803118908,1.37017969375582
"2000-06-08",2000-06-08,-0.0308641975308642,535400,-0.0630861040068198,68.6875,0.0800727934485896,63.1875,71.875,0,-1.89743589743591,1.05361812379058
"2000-06-09",2000-06-09,-0.0445859872611465,472400,-0.104859335038363,65.625,0.0371428571428571,63.1875,71.875,0,-1.66216216216217,0.593144448144758
"2000-06-12",2000-06-12,0.0447619047619048,513900,-0.064791133844842,68.5625,0.0783956244302644,63.1875,71.875,0,2.11065142696866,1.03523140239507
"2000-06-13",2000-06-13,-0.0227894257064722,738200,-0.0861040068201192,67,0.0569029850746269,63.1875,71.875,0,-1.32894736842106,0.802526862286989
"2000-06-14",2000-06-14,0.0139925373134328,1090000,-0.0733162830349529,67.9375,0.0699172033118676,63.1875,71.875,0,1.22870888443151,0.942794522344485
"2000-06-15",2000-06-15,-0.0367985280588776,1134500,-0.107416879795396,65.4375,0.0343839541547278,63.1875,71.875,0,-1.46511627906977,0.56424252733646
"2000-06-16",2000-06-16,-0.049665711556829,2068900,-0.151747655583973,62.1875,0,62.1875,70.875,5119,-1.41269841269841,0.136323924480264
"2000-06-19",2000-06-19,0.0804020100502513,1366000,-0.0835464620630859,67.1875,0.0744186046511628,62.1875,67.1875,5119,-0.550561797752808,0.911651043272056
"2000-06-20",2000-06-20,-0.00744186046511628,768300,-0.0903665814151747,66.6875,0.0674789128397376,62.1875,67.1875,5121,-1.08163265306123,0.836848281795303
"2000-06-21",2000-06-21,-0.0084348641049672,504400,-0.0980392156862744,66.125,0.0595463137996219,62.1875,67.1875,0,-1.08490566037736,0.752013211655445
"2000-06-22",2000-06-22,0.0491493383742911,859300,-0.053708439897698,69.375,0.0468468468468468,66.125,69.375,5121,-0.547826086956521,0.923971185636658
"2000-06-23",2000-06-23,-0.0477477477477477,408800,-0.0988917306052854,66.0625,0,0,69.375,5124,-1.84126984126984,0.423665742026266
"2000-06-26",2000-06-26,0.0255439924314096,321500,-0.0758738277919863,67.75,0.0249077490774908,66.0625,67.75,5124,-0.767241379310345,0.684205008474245
"2000-06-27",2000-06-27,0.00553505535055351,408600,-0.0707587382779197,68.125,0.0302752293577981,0,68.125,0,1.21549439347604,0.741191631231916
"2000-06-28",2000-06-28,-0.0211009174311927,519400,-0.0903665814151747,66.6875,0.00937207122774131,66.0625,68.125,5127,-1.27710843373494,0.520960791653354
"2000-06-29",2000-06-29,-0.0271790065604499,710700,-0.115089514066496,64.875,0,64.875,66.6875,5128,-1.27358490566038,0.335609378584749
"2000-06-30",2000-06-30,0.00289017341040462,926000,-0.112531969309463,65.0625,0.00288184438040351,64.875,65.0625,5128,-0.977777777777778,0.365179648364745
"2000-07-03",2000-07-03,0.0509125840537944,289700,-0.0673486786018754,68.375,0.0511882998171846,0,68.375,0,17.7623400365628,0.873419993981045
"2000-07-05",2000-07-05,0.0036563071297989,454300,-0.0639386189258311,68.625,0.0546448087431693,0,68.625,0,1.06752537080406,0.910748870605698
"2000-07-06",2000-07-06,-0.01183970856102,650400,-0.0750213128729752,67.8125,0.0433179723502304,64.875,68.625,5132,-1.17333333333333,0.788923452152267
"2000-07-07",2000-07-07,0.0175115207373272,772500,-0.0588235294117646,69,0.0172101449275363,67.8125,69,5132,-0.784090909090909,0.735049264064523
"2000-07-10",2000-07-10,0.0144927536231884,912400,-0.0451832907075873,70,0.03125,0,70,0,1.81578947368421,0.885527161458825
"2000-07-11",2000-07-11,0.00892857142857143,607700,-0.0366581415174765,70.625,0.0398230088495575,0,70.625,0,1.27433628318584,0.978478250854917
"2000-07-12",2000-07-12,0.0132743362831858,931000,-0.0238704177323104,71.5625,0.0524017467248908,0,71.5625,0,1.31586608442504,1.11637849952482
"2000-07-13",2000-07-13,-0.00611353711790393,1015000,-0.0298380221653879,71.125,0.046572934973638,67.8125,71.5625,5137,-1.25,1.0522493849875
"2000-07-14",2000-07-14,0.031634446397188,805600,0,73.375,0.030664395229983,71.125,73.375,5137,0,1.12797453402518
"2000-07-17",2000-07-17,0.0289608177172061,1453700,0,75.5,0.0579470198675497,0,75.5,0,1.88971670345842,1.27629166127146
"2000-07-18",2000-07-18,-0.0115894039735099,829500,-0.0115894039735099,74.625,0.0469011725293133,71.125,75.5,5140,0,1.15323915097767
"2000-07-19",2000-07-19,0.0125628140703518,457200,0,75.5625,0.0124069478908189,74.625,75.5625,5140,0,1.0287211749306
"2000-07-20",2000-07-20,0.00227460711331679,757500,0,75.734375,0.0146482360222818,0,75.734375,0,1.18064782339591,1.04090553847355
"2000-07-21",2000-07-21,-0.027027027027027,741500,-0.0270270270270269,73.6875,0,0,75.734375,5143,0,0.814345397181444
"2000-07-24",2000-07-24,0.0169635284139101,669300,-0.0105219723540334,74.9375,0.0166805671392828,73.6875,74.9375,5143,-0.389312977099238,0.994753116690254
"2000-07-25",2000-07-25,0.000625521267723103,437100,-0.00990303280379612,74.984375,0.017295269847885,0,74.984375,0,1.0368514273807,1.00145959300297
"2000-07-26",2000-07-26,-0.0306313815378204,895300,-0.040231070765422,72.6875,0,0,74.984375,5146,-4.06250000000002,0.742563966277014
"2000-07-27",2000-07-27,0.0361134995700774,850200,-0.00557045595213546,75.3125,0.0348547717842324,72.6875,75.3125,5146,-0.138461538461541,1.12047197830023
"2000-07-28",2000-07-28,-0.00746887966804979,1347800,-0.0129977305549824,74.75,0.0275919732441472,72.6875,75.3125,5148,-2.33333333333328,1.04061201333933
"2000-07-31",2000-07-31,0.00167224080267559,1169400,-0.0113472250876829,74.875,0.0292153589315526,72.6875,75.3125,0,1.05883543279203,1.05840993921463
"2000-08-01",2000-08-01,-0.00166944908180301,411000,-0.0129977305549823,74.75,0.0275919732441472,72.6875,75.3125,0,-1.14545454545455,1.04061201333933
"2000-08-02",2000-08-02,0.0125418060200669,847500,-0.000618939550237174,75.6875,0.0123864574731627,74.75,75.6875,5148,-0.0476190476190415,1.02524502785264
"2000-08-03",2000-08-03,0.0222956234516928,827400,0,77.375,0.0339256865912763,0,77.375,0,2.7389337641357,1.1457039633688
"2000-08-04",2000-08-04,0.0266558966074313,904900,0,79.4375,0.059008654602675,0,79.4375,0,1.73935034281218,1.28206304933219
"2000-08-07",2000-08-07,-0.012588512981904,1451300,-0.012588512981904,78.4375,0.0470119521912351,74.75,79.4375,5154,0,1.1484099067804
"2000-08-08",2000-08-08,-0.00398406374501992,502300,-0.016522423288749,78.125,0.0432,74.75,79.4375,0,-1.3125,1.10630090557463
"2000-08-09",2000-08-09,0.0016,1129100,-0.0149488591660109,78.25,0.0447284345047924,74.75,79.4375,0,1.03538042835167,1.12316436835613
"2000-08-10",2000-08-10,0.0231629392971246,827900,0,80.0625,0.024199843871975,78.125,80.0625,5154,0,1.09283115251065
"2000-08-11",2000-08-11,0.00312256049960968,469200,0,80.3125,0.0272373540856031,0,80.3125,0,1.12551776076315,1.10934403552141
"2000-08-14",2000-08-14,0.00933852140077821,1005600,0,81.0625,0.0362374710871242,0,81.0625,0,1.33043286705584,1.1582715678347
"2000-08-15",2000-08-15,-0.0131071703932151,911800,-0.013107170393215,80,0.0234375,78.125,81.0625,5160,0,1.01743200967005
"2000-08-16",2000-08-16,-0.0203125,404500,-0.0331534309946028,78.375,0.00318979266347685,78.125,81.0625,0,-2.5294117647059,0.798381033112776
"2000-08-17",2000-08-17,0.00239234449760766,534400,-0.0308404009252119,78.5625,0.00556881463802705,78.125,81.0625,0,1.74582338902149,0.823888537954856
"2000-08-18",2000-08-18,-0.0119331742243437,514000,-0.0424055512721664,77.625,0,77.625,80,5163,-1.375,0.730742790481146
"2000-08-21",2000-08-21,0.0120772946859903,211700,-0.0308404009252119,78.5625,0.0119331742243437,77.625,78.5625,5163,-0.727272727272727,0.858487244756145
"2000-08-22",2000-08-22,0.0119331742243437,703000,-0.0192752505782575,79.5,0.0235849056603774,0,79.5,0,1.97641509433962,0.98470168546387
"2000-08-23",2000-08-23,-0.00294811320754717,505400,-0.022166538164996,79.265625,0.0206978119455943,77.625,79.5,5166,-1.14999999999999,0.953288545190143
"2000-08-24",2000-08-24,-0.00019712201852947,267300,-0.0223592906707787,79.25,0.0205047318611987,77.625,79.5,0,-1.00869565217392,0.951191035066633
"2000-08-25",2000-08-25,-0.00157728706624606,327600,-0.0239013107170393,79.125,0.018957345971564,77.625,79.5,0,-1.06896551724138,0.934396030209268
"2000-08-28",2000-08-28,0.0260663507109005,471000,0,81.1875,0.0254041570438799,79.125,81.1875,5166,1.34006928406467,1.09937818646851
"2000-08-29",2000-08-29,-0.0161662817551963,540200,-0.0161662817551963,79.875,0.00938967136150237,79.125,81.1875,5170,0,0.924433178708907
"2000-08-30",2000-08-30,0.0297339593114241,646200,0,82.25,0.0288753799392097,79.875,82.25,5170,3.07522796352583,1.11824887118841
"2000-08-31",2000-08-31,0.0250759878419453,1106400,0,84.3125,0.0526315789473685,0,84.3125,0,1.82271468144044,1.24739521388777
"2000-09-01",2000-09-01,-0.0155670867309118,528900,-0.0155670867309118,83,0.0376506024096386,79.875,84.3125,5173,0,1.08132611140472
"2000-09-05",2000-09-05,0.00301204819277108,560800,-0.0126019273535951,83.25,0.0405405405405406,79.875,84.3125,0,1.07675675675676,1.1131563056658
"2000-09-06",2000-09-06,0.0159534534534535,506700,0,84.578125,0.0186587844079069,83,84.578125,5173,0,1.06270817011695
"2000-09-07",2000-09-07,0.0131165712174395,472100,0,85.6875,0.0313639679066375,0,85.6875,0,1.68092235919434,1.13177763622227
"2000-09-08",2000-09-08,0.0226112326768782,808600,0,87.625,0.0527817403708987,0,87.625,0,1.68287828019772,1.24821153970895
"2000-09-11",2000-09-11,0.014265335235378,768000,0,88.875,0.0661040787623066,0,88.875,0,1.25240430303722,1.3206360584151
"2000-09-12",2000-09-12,0.0119549929676512,1003700,0,89.9375,0.0771369006254343,0,89.9375,0,1.16690077329114,1.38061402849302
"2000-09-13",2000-09-13,-0.0173731758165393,1217200,-0.0173731758165392,88.375,0.0608203677510608,83,89.9375,5180,0,1.19746593049368
"2000-09-14",2000-09-14,-0.00495049504950495,754300,-0.0222376650451703,87.9375,0.0561478322672353,83,89.9375,0,-1.28000000000001,1.14561959508354
"2000-09-15",2000-09-15,-0.0305614783226724,1403400,-0.0521195274496178,85.25,0.0263929618768328,83,89.9375,0,-2.34374999999999,0.8214151241432
"2000-09-18",2000-09-18,-0.0337243401759531,668900,-0.08408617095205,82.375,0,82.375,88.375,5183,-1.61333333333333,0.504153528821442
"2000-09-19",2000-09-19,0.0197268588770865,662700,-0.0660180681028493,84,0.0193452380952381,82.375,84,5183,-0.78512396694215,0.707544490038716
"2000-09-20",2000-09-20,-0.0119047619047619,525400,-0.0771369006254342,83,0.00753012048192769,82.375,84,5185,-1.16842105263158,0.582868156813732
"2000-09-21",2000-09-21,-0.0218373493975904,732800,-0.0972897845726198,81.1875,0,81.1875,83,5186,-1.26126126126126,0.432374436175925
"2000-09-22",2000-09-22,0.0219399538106236,1032800,-0.0774843641417651,82.96875,0.0214689265536723,81.1875,82.96875,5186,-0.796428571428571,0.656755068722617
"2000-09-25",2000-09-25,0.023728813559322,852600,-0.0555941626129256,84.9375,0.0441501103752759,0,84.9375,0,2.05646566747996,0.899059462833661
"2000-09-26",2000-09-26,0.0117733627667403,584800,-0.0444753300903404,85.9375,0.0552727272727273,0,85.9375,0,1.25192727272727,1.01997113931624
"2000-09-27",2000-09-27,0.00509090909090909,508200,-0.0396108408617095,86.375,0.0600578871201157,0,86.375,0,1.08657361565999,1.07242973700993
"2000-09-28",2000-09-28,0.032561505065123,1308200,-0.00833912439193885,89.1875,0.0896986685353889,0,89.1875,0,1.49353686645672,1.40356967752962
"2000-09-29",2000-09-29,-0.00350385423966363,721300,-0.0118137595552467,88.875,0.0864978902953587,81.1875,89.1875,5192,-1.41666666666666,1.36727998207997
"2000-10-02",2000-10-02,-0.0182841068917018,650300,-0.0298818624044475,87.25,0.0694842406876791,81.1875,89.1875,0,-2.52941176470588,1.17656428620058
"2000-10-03",2000-10-03,-0.00716332378223496,981300,-0.0368311327310633,86.625,0.0627705627705628,81.1875,89.1875,0,-1.23255813953489,1.10228810272685
"2000-10-04",2000-10-04,-0.0404040404040404,1297000,-0.0757470465601112,83.125,0.0233082706766917,81.1875,89.1875,0,-2.0566037735849,0.676198952740964
"2000-10-05",2000-10-05,0.0203007518796992,813900,-0.0569840166782489,84.8125,0.0427413411938099,81.1875,89.1875,0,1.83374141250862,0.883845246249934
"2000-10-06",2000-10-06,-0.0243183492999263,730500,-0.0799166087560808,82.75,0.0188821752265861,81.1875,89.1875,0,-1.40243902439024,0.629470191641383
"2000-10-09",2000-10-09,0.00302114803625378,352800,-0.0771369006254343,83,0.0218373493975904,81.1875,89.1875,0,1.15650602409639,0.660646857353566
"2000-10-10",2000-10-10,-0.0323795180722892,1021500,-0.107018763029882,80.3125,0,80.3125,88.875,5199,-1.38738738738739,0.379484578437123
"2000-10-11",2000-10-11,-0.043579766536965,1619300,-0.14593467685893,76.8125,0,76.8125,80.3125,5200,-1.36363636363636,0.167925147481916
"2000-10-12",2000-10-12,-0.0496338486574451,1312000,-0.188325225851286,73,0,73,76.8125,5201,-1.29047619047619,-0.0625235183800074
"2000-10-13",2000-10-13,0.0368150684931507,1477100,-0.158443363446838,75.6875,0.0355078447563997,73,75.6875,5201,-0.841328413284133,0.292955972556438
"2000-10-16",2000-10-16,0,2113100,-0.158443363446838,75.6875,0.0355078447563997,0,75.6875,0,-1,0.292955972556438
"2000-10-17",2000-10-17,0.00412881915772089,612500,-0.15496872828353,76,0.0394736842105263,0,76,0,1.11168910648715,0.333404786967322
"2000-10-18",2000-10-18,-0.0263157894736842,998600,-0.1772063933287,74,0.0135135135135135,73,76,5205,-1.14349775784753,0.0713858415127317
"2000-10-19",2000-10-19,0.0337837837837838,1060100,-0.149409312022238,76.5,0.0326797385620915,74,76.5,5205,2.41830065359478,0.326693487939664
"2000-10-20",2000-10-20,-0.0138888888888889,676100,-0.161223071577484,75.4375,0.0190555095277548,74,76.5,5207,-1.07906976744186,0.188404395865452
"2000-10-23",2000-10-23,-0.0132560066280033,605400,-0.172341904100069,74.4375,0.00587741393786734,74,76.5,0,-1.06896551724138,0.0563184757450959
"2000-10-24",2000-10-24,0.0671704450041982,767000,-0.116747741487144,79.4375,0.0629425649095201,74.4375,79.4375,5207,10.7092278296055,0.66877075885112
"2000-10-25",2000-10-25,0.010228166797797,711100,-0.107713690062543,80.25,0.0724299065420561,0,80.25,0,1.15073014018691,0.769459011807954
"2000-10-26",2000-10-26,-0.00311526479750779,1058600,-0.110493398193189,80,0.06953125,74.4375,80.25,5211,-1.0258064516129,0.738589594114456
"2000-10-27",2000-10-27,0.0078125,748000,-0.103544127866574,80.625,0.00775193798449614,80,80.625,5211,-0.937106918238993,0.440515842848898
"2000-10-30",2000-10-30,0.0666666666666667,1339900,-0.0437804030576786,86,0.0697674418604651,0,86,0,8.99999999999999,1.10254691928487
"2000-10-31",2000-10-31,-0.00726744186046512,727700,-0.0507296733842945,85.375,0.0629575402635432,80,86,5214,-1.15873015873016,1.02774763292234
"2000-11-01",2000-11-01,0.0212298682284041,922500,-0.030576789437109,87.1875,0.0207885304659499,85.375,87.1875,5214,-0.602739726027397,0.908060887874764
"2000-11-02",2000-11-02,0.0136200716845878,773600,-0.0173731758165392,88.375,0.0339462517680339,0,88.375,0,1.63293176608301,1.05136958775408
"2000-11-03",2000-11-03,-0.0176803394625177,518300,-0.0347463516330785,86.8125,0.0165586753059755,85.375,88.375,5217,-2.00000000000001,0.86239895214367
"2000-11-06",2000-11-06,0.0165586753059755,718900,-0.0187630298818624,88.25,0.0325779036827195,85.375,88.375,0,1.96742209631728,1.03637511325679
"2000-11-07",2000-11-07,-0.0106232294617564,547200,-0.029186935371786,87.3125,0.0221904080171796,85.375,88.375,0,-1.55555555555556,0.923237639338756
"2000-11-08",2000-11-08,0.0186113099498926,629300,-0.0111188325225853,88.9375,0.0238931834153198,86.8125,88.9375,5217,1.07673474939361,1.03071849588156
"2000-11-09",2000-11-09,0.00404075895994378,826600,-0.00712300208478123,89.296875,0.0278215223097112,0,89.296875,0,1.16441253666821,1.07379683041782
"2000-11-10",2000-11-10,-0.015923009623797,692700,-0.0229325920778318,87.875,0.0120910384068279,86.8125,89.296875,5222,-3.21951219512189,0.902334838929693
"2000-11-13",2000-11-13,-0.0184921763869132,763300,-0.0410006949270326,86.25,0,86.25,87.875,5223,-1.78787878787879,0.738380041664708
"2000-11-14",2000-11-14,0.0036231884057971,540600,-0.0375260597637248,86.5625,0.00361010830324915,86.25,86.5625,5223,-0.915254237288136,0.776894987062949
"2000-11-15",2000-11-15,-0.0101083032490975,449500,-0.0472550382209869,85.6875,0,0,86.5625,5225,-1.25925925925926,0.704379418832621
"2000-11-16",2000-11-16,-0.0160466812545587,609700,-0.0625434329395413,84.3125,0,84.3125,85.6875,5226,-1.3235294117647,0.621266785243075
"2000-11-17",2000-11-17,-0.033358042994811,1479800,-0.093815149409312,81.5,0,81.5,84.3125,5227,-1.5,0.45126367108264
"2000-11-20",2000-11-20,0.00766871165644172,1356900,-0.0868658790826964,82.125,0.00761035007610356,81.5,82.125,5227,-0.925925925925927,0.530414452967246
"2000-11-21",2000-11-21,-0.00742009132420091,945300,-0.0936414176511468,81.515625,0.000191681042744918,81.5,82.125,5229,-1.078,0.453250172660475
"2000-11-22",2000-11-22,-0.0153344834195898,762000,-0.107539958304378,80.265625,0,80.265625,81.515625,5230,-1.14842300556586,0.376651193201116
"2000-11-24",2000-11-24,0.0184932840179093,149500,-0.0910354412786658,81.75,0.0181574923547401,80.265625,81.75,5230,-0.846526655896608,0.565085030641134
"2000-11-27",2000-11-27,-0.000764525993883792,463000,-0.0917303683113273,81.6875,0.0174062739097169,80.265625,81.75,5232,-1.00763358778626,0.557223318445928
"2000-11-28",2000-11-28,0.0359602142310635,716400,-0.0590687977762334,84.625,0.034711964549483,81.6875,84.625,5232,1.99422143587579,0.82886142996454
"2000-11-29",2000-11-29,0.0369276218611521,753800,-0.024322446143155,87.75,0.0690883190883191,0,87.75,0,1.99033157543796,1.2046347048272
"2000-11-30",2000-11-30,-0.0185185185185185,1254500,-0.0423905489923558,86.125,0.0515239477503628,81.6875,87.75,5235,-1.74285714285714,1.01092510839639
"2000-12-01",2000-12-01,-0.0188679245283019,677400,-0.0604586518415565,84.5,0.033284023668639,81.6875,87.75,0,-1.42622950819672,0.813542989853425
"2000-12-04",2000-12-04,-0.0116494082840237,794000,-0.0714037526059764,83.515625,0.021889616463985,81.6875,87.75,0,-1.18103448275862,0.69209823554243
"2000-12-05",2000-12-05,0.0581852198316183,1077700,-0.0173731758165392,88.375,0.05498585572843,83.515625,88.375,5235,2.51196067408939,1.16574764555679
"2000-12-06",2000-12-06,0.0141442715700141,2049800,-0.00347463516330782,89.625,0.0681659693165969,0,89.625,0,1.23970007220152,1.31295592409057
"2000-12-07",2000-12-07,0.00627615062761506,1006500,0,90.1875,0.0739778239778239,0,90.1875,0,1.08526035380255,1.36344027122631
"2000-12-08",2000-12-08,-0.0443520443520444,1562100,-0.0443520443520443,86.1875,0.0310007251631617,83.515625,90.1875,5241,0,0.888690945916519
"2000-12-11",2000-12-11,-0.0108774474256708,1131200,-0.0547470547470548,85.25,0.0203445747800587,83.515625,90.1875,0,-1.234375,0.774250061533637
"2000-12-12",2000-12-12,0.00659824046920821,623600,-0.0485100485100485,85.8125,0.0267662053896577,83.515625,90.1875,0,1.31564339284659,0.843066485059004
"2000-12-13",2000-12-13,-0.0203932993445011,731200,-0.0679140679140677,84.0625,0.00650557620817849,83.515625,90.1875,0,-1.4,0.62743669102028
"2000-12-14",2000-12-14,0.00297397769516729,859900,-0.065142065142065,84.3125,0.00945144551519639,83.515625,90.1875,0,1.45282219633589,0.658520883688251
"2000-12-15",2000-12-15,-0.011119347664937,1470500,-0.0755370755370753,83.375,0,83.375,86.1875,5246,-1.15957446808511,0.550629162648748
"2000-12-18",2000-12-18,0.0239880059970015,949800,-0.0533610533610532,85.375,0.0234260614934114,83.375,85.375,5246,-0.706422018348624,0.798536764506884
"2000-12-19",2000-12-19,-0.020497803806735,953400,-0.0727650727650726,83.625,0.00298953662182366,83.375,85.375,5248,-1.36363636363636,0.581950744892413
"2000-12-20",2000-12-20,-0.0194319880418535,1588300,-0.0907830907830905,82,0,82,83.625,5249,-1.24761904761905,0.467746917509901
"2000-12-21",2000-12-21,0.00838414634146342,773500,-0.0831600831600831,82.6875,0.00831443688586542,82,82.6875,5249,-0.916030534351146,0.554387994627833
"2000-12-22",2000-12-22,-0.00264550264550265,837100,-0.0855855855855855,82.46875,0.00568397120121256,82,82.6875,5251,-1.02916666666667,0.526902124939384
"2000-12-26",2000-12-26,-0.00492610837438424,538800,-0.0900900900900901,82.0625,0.000761614623000728,82,82.6875,0,-1.05263157894737,0.475654674471842
"2000-12-27",2000-12-27,-0.0144706778370145,1952800,-0.103257103257103,80.875,0,80.875,82.46875,5253,-1.14615384615385,0.399934171487207
"2000-12-28",2000-12-28,0.0131375579598145,634900,-0.0914760914760914,81.9375,0.0129672006102212,80.875,81.9375,5253,-0.885906040268456,0.534473418172962
"2000-12-29",2000-12-29,-0.0045766590389016,441700,-0.0956340956340955,81.5625,0.00842911877394636,80.875,81.9375,5255,-1.04545454545455,0.487198696254085
"2001-01-02",2001-01-02,-0.0183908045977011,958300,-0.112266112266112,80.0625,0,80.0625,81.5625,5256,-1.17391304347826,0.350958299359706
"2001-01-03",2001-01-03,0.0154176424668228,2730300,-0.0985793485793485,81.296875,0.0151835479531039,80.0625,81.296875,5256,-0.878086419753085,0.507906604077939
"2001-01-04",2001-01-04,-0.025177782048818,2290000,-0.121275121275121,79.25,0,0,81.296875,5258,-1.23022847100176,0.301982427232205
"2001-01-05",2001-01-05,-0.0378548895899054,1810300,-0.154539154539154,76.25,0,76.25,79.25,5259,-1.27428571428571,0.121148437838357
"2001-01-08",2001-01-08,-0.0237704918032787,909800,-0.174636174636175,74.4375,0,74.4375,76.25,5260,-1.13004484304933,0.0118945692462399
"2001-01-09",2001-01-09,-0.0386230058774139,1579900,-0.206514206514206,71.5625,0,71.5625,74.4375,5261,-1.18253968253968,-0.161404670589532
"2001-01-10",2001-01-10,0.02882096069869,1428900,-0.183645183645184,73.625,0.0280135823429541,71.5625,73.625,5261,-0.889261744966443,0.115209545678192
"2001-01-11",2001-01-11,-0.0186757215619694,693800,-0.198891198891199,72.25,0.00951557093425603,71.5625,73.625,5263,-1.08301886792453,-0.0682338422522203
"2001-01-12",2001-01-12,-0.0378460207612457,1342200,-0.229209979209979,69.515625,0,69.515625,72.25,5264,-1.15243902439024,-0.284786194603043
"2001-01-16",2001-01-16,0.0123623286131715,2187200,-0.21968121968122,70.375,0.0122113676731794,69.515625,70.375,5264,-0.958427815570673,-0.166599867026611
"2001-01-17",2001-01-17,-0.00355239786856128,1639000,-0.222453222453222,70.125,0.00868983957219249,69.515625,70.375,5266,-1.01261829652997,-0.20081352614914
"2001-01-18",2001-01-18,-0.0579322638146168,2191400,-0.267498267498267,66.0625,0,66.0625,70.125,5267,-1.20249221183801,-0.492933651144921
"2001-01-19",2001-01-19,-0.0227057710501419,3338200,-0.284130284130284,64.5625,0,64.5625,66.0625,5268,-1.06217616580311,-0.583350645841845
"2001-01-22",2001-01-22,0.0716360116166505,2561300,-0.232848232848233,69.1875,0.0668473351400181,64.5625,69.1875,5268,-0.819512195121951,0.0588387135118749
"2001-01-23",2001-01-23,0.0659439927732611,1799000,-0.182259182259182,73.75,0.124576271186441,0,73.75,0,1.86359367842419,0.64769014625684
"2001-01-24",2001-01-24,0.00338983050847458,1561600,-0.179487179487179,74,0.127533783783784,0,74,0,1.02374057731201,0.678837635597902
"2001-01-25",2001-01-25,-0.00168918918918919,1733900,-0.180873180873181,73.875,0.126057529610829,64.5625,74,5272,-1.00772200772201,0.663277493287967
"2001-01-26",2001-01-26,0.0194585448392555,1381100,-0.164934164934165,75.3125,0.0190871369294606,73.875,75.3125,5272,-0.911877394636015,0.168401634859426
"2001-01-29",2001-01-29,-0.0016597510373444,869400,-0.166320166320166,75.1875,0.0174563591022444,73.875,75.3125,5274,-1.00840336134454,0.152001452238263
"2001-01-30",2001-01-30,0.0382377389858687,1325900,-0.134442134442134,78.0625,0.0368294635708567,75.1875,78.0625,5274,2.10980212741622,0.430619122349623
"2001-01-31",2001-01-31,-0.0136108887109688,1865500,-0.146223146223146,77,0.023538961038961,75.1875,78.0625,5276,-1.08762886597938,0.294322302377098
"2001-02-01",2001-02-01,-0.0202922077922078,1419600,-0.163548163548163,75.4375,0.0033140016570008,75.1875,78.0625,0,-1.11848341232227,0.0901885451844352
"2001-02-02",2001-02-02,0.00828500414250207,710800,-0.156618156618157,76.0625,0.0115036976170912,75.1875,78.0625,0,3.47124075595732,0.172384115708419
"2001-02-05",2001-02-05,0.0230073952341824,643400,-0.137214137214137,77.8125,0.0337349397590362,75.1875,78.0625,0,2.93253012048192,0.398726795955611
"2001-02-06",2001-02-06,-0.0200803212851406,697300,-0.154539154539155,76.25,0.0139344262295082,75.1875,78.0625,0,-1.12626262626263,0.196900463006056
"2001-02-07",2001-02-07,-0.00983606557377049,639600,-0.162855162855163,75.5,0.00413907284768211,75.1875,78.0625,0,-1.05381165919283,0.0984412724690023
"2001-02-08",2001-02-08,0.0115894039735099,539300,-0.153153153153153,76.375,0.0155482815057283,75.1875,78.0625,0,3.75646481178396,0.213208649194222
"2001-02-09",2001-02-09,-0.00490998363338789,536700,-0.157311157311158,76,0.0106907894736842,75.1875,78.0625,0,-1.02714932126697,0.164197510662977
"2001-02-12",2001-02-12,0,776100,-0.157311157311158,76,0.0106907894736842,75.1875,78.0625,0,-1,0.164197510662977
"2001-02-13",2001-02-13,0,911800,-0.157311157311158,76,0.0106907894736842,75.1875,78.0625,0,-1,0.164197510662977
"2001-02-14",2001-02-14,-0.00164473684210526,1260100,-0.158697158697159,75.875,0.00906095551894559,75.1875,78.0625,0,-1.00881057268722,0.147802459236347
"2001-02-15",2001-02-15,0.00411861614497529,815400,-0.155232155232155,76.1875,0.0131255127153405,75.1875,78.0625,0,1.44857931240213,0.188735574050655
"2001-02-16",2001-02-16,0.00492206726825267,740200,-0.151074151074151,76.5625,0.0179591836734694,75.1875,78.0625,0,1.36826530612245,0.237617213558328
"2001-02-20",2001-02-20,-0.0336734693877551,1584700,-0.17966042966043,73.984375,0,73.984375,77.8125,5289,-1.18922018348624,-0.0154188979017908
"2001-02-21",2001-02-21,-0.00147835269271383,1553200,-0.180873180873181,73.875,0,73.875,73.984375,5290,-1.00675024108004,-0.0220118037651076
"2001-02-22",2001-02-22,-0.0338409475465313,1286700,-0.208593208593209,71.375,0,71.375,73.875,5291,-1.15325670498084,-0.172706794926648
"2001-02-23",2001-02-23,0.00525394045534151,1090700,-0.204435204435205,71.75,0.00522648083623689,71.375,71.75,5291,-0.980066445182725,-0.121689714512944
"2001-02-26",2001-02-26,0.0078397212543554,1107200,-0.198198198198198,72.3125,0.0129645635263613,0,72.3125,0,2.48055315471049,-0.0457166338354621
"2001-02-27",2001-02-27,0.00432152117545376,1090900,-0.194733194733195,72.625,0.0172117039586919,0,72.625,0,1.32759609868043,-0.00379093779419886
"2001-02-28",2001-02-28,-0.0206540447504303,1097000,-0.211365211365211,71.125,0,0,72.625,5295,-1.08540925266904,-0.187776294042802
"2001-03-01",2001-03-01,-0.00615114235500879,1212400,-0.216216216216216,70.6875,0,70.6875,71.125,5296,-1.02295081967213,-0.214147917496072
"2001-03-02",2001-03-02,0.0114942528735632,1050600,-0.207207207207207,71.5,0.0113636363636364,70.6875,71.5,5296,-0.958333333333333,-0.103395661207746
"2001-03-05",2001-03-05,-0.034965034965035,1211200,-0.234927234927235,69,0,0,71.5,5298,-1.13377926421405,-0.315867036530112
"2001-03-06",2001-03-06,0,1039600,-0.234927234927235,69,0,69,69,5298,-1,-0.315867036530112
"2001-03-07",2001-03-07,-0.00634057971014493,999400,-0.23977823977824,68.5625,0,0,69,5300,-1.02064896755162,-0.342238659983381
"2001-03-08",2001-03-08,-0.00820419325432999,1036500,-0.246015246015246,68,0,68,68.5625,5301,-1.02601156069364,-0.376145032994727
"2001-03-09",2001-03-09,-0.0193014705882353,833800,-0.260568260568261,66.6875,0,66.6875,68,5302,-1.05915492957746,-0.455259903354536
"2001-03-12",2001-03-12,-0.0599812558575445,1348100,-0.304920304920305,62.6875,0,62.6875,66.6875,5303,-1.17021276595745,-0.696371889213002
"2001-03-13",2001-03-13,0.00997008973080758,1739300,-0.297990297990298,63.3125,0.00987166831194475,62.6875,63.3125,5303,-0.977272727272727,-0.605032575715286
"2001-03-14",2001-03-14,-0.0493583415597236,2367400,-0.332640332640333,60.1875,0,0,63.3125,5305,-1.11627906976744,-0.847066880374542
"2001-03-15",2001-03-15,0.0280373831775701,1415800,-0.313929313929314,61.875,0.0272727272727272,60.1875,61.875,5305,-0.943750000000001,-0.597084439354524
"2001-03-16",2001-03-16,-0.0393939393939394,1448000,-0.340956340956341,59.4375,0,0,61.875,5307,-1.08609271523179,-0.892275377723005
"2001-03-19",2001-03-19,-0.0368033648790747,1736900,-0.365211365211365,57.25,0,57.25,59.4375,5308,-1.07113821138211,-1.02413349498935
"2001-03-20",2001-03-20,-0.00764192139737991,1930900,-0.37006237006237,56.8125,0,56.8125,57.25,5309,-1.01328273244782,-1.05050511844262
"2001-03-21",2001-03-21,-0.0418041804180418,2523300,-0.396396396396397,54.4375,0,54.4375,56.8125,5310,-1.07116104868914,-1.19366536004609
"2001-03-22",2001-03-22,0.0034443168771527,2391700,-0.394317394317394,54.625,0.00343249427917625,54.4375,54.625,5310,-0.994755244755245,-1.16370309220959
"2001-03-23",2001-03-23,0.0869565217391304,3616200,-0.341649341649342,59.375,0.0831578947368421,0,59.375,0,24.2266666666664,-0.443969675990409
"2001-03-26",2001-03-26,0.0242105263157895,1185100,-0.325710325710326,60.8125,0.104830421377184,0,60.8125,0,1.26061899124462,-0.23950122690321
"2001-03-27",2001-03-27,0.052415210688592,2017100,-0.290367290367291,64,0.1494140625,0,64,0,1.42529296875,0.1950059072614
"2001-03-28",2001-03-28,-0.021484375,1249300,-0.305613305613306,62.625,0.130738522954092,54.4375,64,5315,-1.05250596658711,0.0105974192474677
"2001-03-29",2001-03-29,-0.0219560878243513,1011300,-0.320859320859321,61.25,0.111224489795918,54.4375,64,0,-1.04988662131519,-0.178369389875143
"2001-03-30",2001-03-30,0.0204081632653061,916900,-0.306999306999307,62.5,0.129,54.4375,64,0,1.15981651376147,-0.00638850055643511
"2001-04-02",2001-04-02,-0.014,1140200,-0.316701316701317,61.625,0.116632860040568,54.4375,64,0,-1.03160270880361,-0.126363500104176
"2001-04-03",2001-04-03,-0.0334685598377282,1180300,-0.33957033957034,59.5625,0.0860440713536201,54.4375,64,0,-1.07221006564551,-0.416977366775095
"2001-04-04",2001-04-04,-0.0251836306400839,1523800,-0.356202356202356,58.0625,0.06243272335845,54.4375,64,0,-1.04897959183673,-0.63575324745082
"2001-04-05",2001-04-05,0.0667384284176534,1171000,-0.313236313236314,61.9375,0.12108980827447,54.4375,64,0,1.9395246877066,-0.0832972213361284
"2001-04-06",2001-04-06,-0.053481331987891,1383400,-0.34996534996535,58.625,0.0714285714285714,54.4375,64,0,-1.11725663716814,-0.552942549411037
"2001-04-09",2001-04-09,0.00673773987206828,530600,-0.345585585585586,59.02,0.0776431718061674,54.4375,64,0,1.08700440528634,-0.495348173258264
"2001-04-10",2001-04-10,0.0332090816672313,1427800,-0.323853083853084,60.98,0.107289275172188,54.4375,64,0,1.38182499087016,-0.216037541991469
"2001-04-11",2001-04-11,0.0223023942276157,1607600,-0.308773388773389,62.34,0.12676451716394,54.4375,64,0,1.18152086460177,-0.0281857840797296
"2001-04-12",2001-04-12,0.00946422842476734,801000,-0.302231462231463,62.93,0.134951533449865,54.4375,64,0,1.06458444736027,0.0518854889968943
"2001-04-16",2001-04-16,-0.0349594787859527,1080400,-0.326625086625087,60.73,0.103614358636588,54.4375,64,0,-1.08071173071632,-0.251085070005894
"2001-04-17",2001-04-17,0.0176189527416434,1000500,-0.314760925848926,61.799999,0.119134289953629,54.4375,64,0,1.14978552703757,-0.102216333017929
"2001-04-18",2001-04-18,0.0605178326944634,2451800,-0.273291742203743,65.540001,0.114090645192392,58.0625,65.540001,5315,-0.8682518056098,0.0958046183177265
"2001-04-19",2001-04-19,0.00427218486005195,1309600,-0.270187110187111,65.82,0.117859313278639,0,65.82,0,1.03303222696209,0.133170089547237
"2001-04-20",2001-04-20,-0.0101792464296565,1068300,-0.277616055440056,65.150002,0.108787441019572,58.0625,65.82,5331,-1.02749555760747,0.0434663354873436
"2001-04-23",2001-04-23,-0.0277820712883477,713300,-0.297685377685378,63.34,0.0833201768234924,58.0625,65.82,0,-1.07229164831087,-0.204085202361801
"2001-04-24",2001-04-24,0.0121566308809598,949400,-0.289147598059599,64.110001,0.0943300718401174,58.0625,65.82,0,1.13213960215121,-0.0978177524437221
"2001-04-25",2001-04-25,0.0101388393364711,478800,-0.28194037976438,64.760002,0.103420348875221,58.0625,65.82,0,1.096366692591,-0.00921932319382348
"2001-04-26",2001-04-26,-0.0191476522808013,897500,-0.295689535689536,63.52,0.0859178211586902,58.0625,65.82,0,-1.04876618218591,-0.179113532454106
"2001-04-27",2001-04-27,0.0288097921914357,917800,-0.275398497574498,65.349998,0.111514892471764,58.0625,65.82,0,1.29792505172816,0.0703489974730544
"2001-04-30",2001-04-30,-0.00489669487059503,979300,-0.278946650034651,65.029999,0.10714284341293,58.0625,65.82,0,-1.01288370303906,0.0272922332462657
"2001-05-01",2001-05-01,0.000922604965748126,590000,-0.278281402633403,65.089996,0.107965838559892,58.0625,65.82,0,1.00768128902263,0.0353827986639378
"2001-05-02",2001-05-02,0.019972393299886,904800,-0.263866954954956,66.389999,0.0459406393423805,63.34,66.389999,5331,-0.948201900874286,-0.223444568135186
"2001-05-03",2001-05-03,-0.0108450220039918,697000,-0.271850334026335,65.669998,0.0354804030906168,63.34,66.389999,5340,-1.03025531966571,-0.323709996300677
"2001-05-04",2001-05-04,0.0111162482447463,500300,-0.263756041580042,66.400002,0.0109940358134326,65.669998,66.400002,5340,-0.97022518852043,-0.412822590151939
"2001-05-07",2001-05-07,-0.00301212340324936,385100,-0.2659736992377,66.199997,0.00800602755314306,65.669998,66.400002,5342,-1.00840798809526,-0.441122265297221
"2001-05-08",2001-05-08,-0.0225075236785887,721300,-0.282494813582814,64.709999,0,64.709999,66.199997,5343,-1.06211559410748,-0.574459701641316
"2001-05-09",2001-05-09,-0.00092716737640493,513600,-0.283160060984062,64.650002,0,64.650002,64.709999,5344,-1.00235490129114,-0.578076200595203
"2001-05-10",2001-05-10,0.0197988856984104,751800,-0.26896742896743,65.93,0.0194145002275141,64.650002,65.93,5344,-0.949877705325713,-0.395377014734098
"2001-05-11",2001-05-11,-0.0233581222508722,586500,-0.286042977130978,64.389999,0,0,65.93,5346,-1.06348556116665,-0.593748660509993
"2001-05-14",2001-05-14,0.0169281568089478,627400,-0.273957000693002,65.480003,0.0166463645397206,64.389999,65.480003,5346,-0.957747690367374,-0.437550408711128
"2001-05-15",2001-05-15,0.00839944982898072,653300,-0.26785863894664,66.029999,0.0248371955904467,0,66.029999,0,1.49204924181383,-0.359869758316
"2001-05-16",2001-05-16,0.0466454951786383,1167200,-0.233707542619544,69.110001,0.0682969459080169,0,69.110001,0,2.74978492073744,0.0620477796923634
"2001-05-17",2001-05-17,-0.00361742144961046,1096000,-0.236479545391546,68.860001,0.0649143470096667,64.389999,69.110001,5350,-1.01186098976923,0.0285893844236405
"2001-05-18",2001-05-18,-0.0146674845386656,656700,-0.247678469854471,67.849998,0.0509948283270398,64.389999,69.110001,0,-1.04735684198133,-0.107962555785123
"2001-05-21",2001-05-21,0.0142962716078487,946300,-0.236923076923078,68.82,0.0643708369659981,64.389999,69.110001,0,1.26230127794872,0.0232235087848008
"2001-05-22",2001-05-22,0.0124963673350772,719900,-0.227387387387388,69.68,0.0262629448909301,67.849998,69.68,5350,-0.959751959751959,-0.132104178929829
"2001-05-23",2001-05-23,-0.0222445895522389,677100,-0.244573837837838,68.129997,0.00410977561029402,67.849998,69.68,5354,-1.0755822503962,-0.345967011519685
"2001-05-24",2001-05-24,-0.00645816849221344,739300,-0.249452507276508,67.690002,0,67.690002,68.129997,5355,-1.01994763414517,-0.394831091342769
"2001-05-25",2001-05-25,-0.0107845025621363,555700,-0.257546788634789,66.959999,0,66.959999,67.690002,5356,-1.03244818601606,-0.438834209595929
"2001-05-29",2001-05-29,-0.00701913092919844,919700,-0.262758164934166,66.489998,0,66.489998,66.959999,5357,-1.02023467785019,-0.467164928212295
"2001-05-30",2001-05-30,-0.00977593652506954,956900,-0.269965394317395,65.839996,0,65.839996,66.489998,5358,-1.0274291357798,-0.506345746470289
"2001-05-31",2001-05-31,0.00470847537718564,764400,-0.266528044352045,66.150002,0.00468640953329069,65.839996,66.150002,5358,-0.987267442280737,-0.462182375559889
"2001-06-01",2001-06-01,-0.00589569143172514,699600,-0.27085236867637,65.760002,0,0,66.150002,5360,-1.0162246503359,-0.51116762451948
"2001-06-04",2001-06-04,0.0100364352178701,505200,-0.263534325710326,66.419998,0.00993670611071096,65.760002,66.419998,5360,-0.97298143264611,-0.41736525585383
"2001-06-05",2001-06-05,0.000150587177072786,672400,-0.263423423423424,66.43,0.0100857744994732,0,66.43,0,1.01500179104639,-0.415951971600755
"2001-06-06",2001-06-06,-0.0185157760048173,883400,-0.277061710325711,65.199997,0,0,66.43,5363,-1.05177325055246,-0.544923603929646
"2001-06-07",2001-06-07,0.0119632827590468,1074400,-0.268412995148996,65.980003,0.0118218545700884,65.199997,65.980003,5363,-0.968784155823813,-0.433638999230731
"2001-06-08",2001-06-08,-0.00682030887449327,552000,-0.273402644490645,65.529999,0.00503589203473065,65.199997,65.980003,5365,-1.01858944772357,-0.497655014858493
"2001-06-11",2001-06-11,-0.00534104998231416,796000,-0.277283437283438,65.18,0,65.18,65.529999,5366,-1.0141944230277,-0.546128983024948
"2001-06-12",2001-06-12,-0.00122740104326492,1482000,-0.278170500346501,65.099998,0,65.099998,65.18,5367,-1.00319912026392,-0.550951343298111
"2001-06-13",2001-06-13,-0.00307213527103332,464800,-0.280388058212059,64.900002,0,64.900002,65.099998,5368,-1.00797193758071,-0.563006701479048
"2001-06-14",2001-06-14,-0.017873651221151,674100,-0.293250151074152,63.740002,0,63.740002,64.900002,5369,-1.04587247026179,-0.632929177378003
"2001-06-15",2001-06-15,-0.00815815788647125,1024900,-0.299015927927929,63.220001,0,63.220001,63.740002,5370,-1.01966163302101,-0.6642737958176
"2001-06-18",2001-06-18,0.00316350833338323,626300,-0.29679835897436,63.419998,0.00315353210827907,63.220001,63.419998,5370,-0.992583776493326,-0.635074761992026
"2001-06-19",2001-06-19,-0.00268051096438066,790300,-0.298683298683299,63.25,0.000474292490118544,63.220001,63.419998,5372,-1.0063509101447,-0.659887109595132
"2001-06-20",2001-06-20,0.00426877470355736,808300,-0.295689535689536,63.52,0.00425062972292201,63.25,63.52,5372,8.96204306726343,-0.62308266610361
"2001-06-21",2001-06-21,0.0313287468513853,982300,-0.273624371448372,65.510002,0.0344985793161783,0,65.510002,0,8.11611021542073,-0.338691744617807
"2001-06-22",2001-06-22,0.00228975721905795,730900,-0.271961147609148,65.660004,0.0367042926162477,0,65.660004,0,1.06393635169304,-0.317658957280834
"2001-06-25",2001-06-25,-0.0208651068617053,548600,-0.287151756063757,64.290001,0.0161767146340533,63.25,65.660004,5376,-1.05585580362545,-0.511834513083448
"2001-06-26",2001-06-26,-0.000933239991705822,897100,-0.287817014553015,64.230003,0.0152577137510019,63.25,65.660004,0,-1.00231674881038,-0.520447056855739
"2001-06-27",2001-06-27,0.00420359625391896,850400,-0.284823284823285,64.5,0.0193798449612403,63.25,65.660004,0,1.27016703010094,-0.481762946858241
"2001-06-28",2001-06-28,0.0133333488372093,772900,-0.275287584199585,65.360001,0.0322827565440215,63.25,65.660004,0,1.6657902376715,-0.359779430020344
"2001-06-29",2001-06-29,-0.0437576645691911,1168700,-0.306999306999308,62.5,0,62.5,65.360001,5380,-1.11519488934427,-0.70767401355012
"2001-07-02",2001-07-02,0.0348800000000001,664900,-0.282827442827444,64.68,0.0337043908472481,62.5,64.68,5380,-0.921264108352145,-0.393040066331273
"2001-07-03",2001-07-03,0.00154605751391461,543200,-0.281718652806654,64.779999,0.0351960332694664,0,64.779999,0,1.04425662012343,-0.378903278735921
"2001-07-05",2001-07-05,-0.00987959261932067,1131600,-0.288814979902981,64.139999,0.0255690524722335,62.5,64.779999,5383,-1.02518941158361,-0.469816562108685
"2001-07-06",2001-07-06,-0.0101340350816034,1232900,-0.296022153846155,63.490002,0.0155930377825472,62.5,64.779999,0,-1.02495429407988,-0.563229905172736
"2001-07-09",2001-07-09,0.00252008182327674,590700,-0.294248072072073,63.650002,0.0180675878062031,62.5,64.779999,0,1.15869582682764,-0.540132975484381
"2001-07-10",2001-07-10,-0.0201100229344848,924100,-0.30844075952876,62.369999,0,62.369999,64.139999,5386,-1.04823374833603,-0.715510213368517
"2001-07-11",2001-07-11,0.00288600293227517,1139200,-0.306444917532918,62.549999,0.00287769788773296,62.369999,62.549999,5386,-0.993529253400584,-0.689016082226285
"2001-07-12",2001-07-12,0.0241406718487716,789300,-0.289702031878033,64.059998,0.0263815025407899,0,64.059998,0,9.16757198636065,-0.470222122079747
"2001-07-13",2001-07-13,0.00780518288495732,563200,-0.284158026334027,64.559998,0.0339219186468995,0,64.559998,0,1.28582208668559,-0.399090995342332
"2001-07-16",2001-07-16,-0.0549876101297276,1744000,-0.323520465696466,61.009998,0,0,64.559998,5390,-1.13852306010941,-0.797488348838392
"2001-07-17",2001-07-17,0.014751713317545,1392500,-0.313541233541234,61.91,0.0145372637699885,61.009998,61.91,5390,-0.969154247680285,-0.664208787429664
"2001-07-18",2001-07-18,0.0134065902115975,1306200,-0.304338162162163,62.740002,0.0275741782730576,0,62.740002,0,1.89679287033253,-0.543305067210059
"2001-07-19",2001-07-19,-0.0122728877184287,843800,-0.312875941787943,61.970001,0.0154914149509212,61.009998,62.740002,5393,-1.02805359526759,-0.655404974492521
"2001-07-20",2001-07-20,-0.00613201539241544,876000,-0.317089397089398,61.59,0.00941714564052609,61.009998,62.740002,0,-1.01346685615192,-0.711332356135616
"2001-07-23",2001-07-23,0.00162362396492932,808200,-0.315980607068608,61.689999,0.011022872605331,61.009998,62.740002,0,1.17051100472469,-0.696575368253655
"2001-07-24",2001-07-24,-0.0029178311382368,832500,-0.317976460152461,61.509998,0.00812875981559946,61.009998,62.740002,0,-1.00631637840806,-0.723158796363565
"2001-07-25",2001-07-25,0.00682819076014271,632000,-0.313319473319474,61.93,0.0148555142903277,61.009998,62.740002,0,1.82752530857405,-0.661273115256834
"2001-07-26",2001-07-26,0.00936538026804462,916700,-0.30688844906445,62.509998,0.0239961613820561,61.009998,62.740002,0,1.615303308461,-0.576620498756242
"2001-07-27",2001-07-27,0.0116781958623642,607300,-0.298794156618158,63.240002,0.0273561661177683,61.509998,63.240002,5393,1.14002259287291,-0.514351253211558
"2001-07-30",2001-07-30,-0.0123340128926624,550800,-0.307442838530839,62.459999,0.0152097504836656,61.509998,63.240002,5400,-1.02894528464201,-0.627400095466212
"2001-07-31",2001-07-31,0.0214537307309274,797900,-0.292584903672905,63.799999,0.0210031351254409,62.459999,63.799999,5400,1.38089938740265,-0.515132876944114
"2001-08-01",2001-08-01,0.000156771162331837,717100,-0.292474001386002,63.810001,0.0211565895446388,0,63.810001,0,1.00730626253087,-0.513695748818139
"2001-08-02",2001-08-02,0.013947594202357,592700,-0.282605715869717,64.699997,0.0346212999051606,0,64.699997,0,1.63643104348705,-0.386850074530184
"2001-08-03",2001-08-03,-0.00108191658803312,741300,-0.283381876645878,64.629997,0.0335757094341192,62.459999,64.699997,5404,-1.00274644401219,-0.396753700560733
"2001-08-06",2001-08-06,0.00154736197806095,461200,-0.28227300900901,64.730003,0.00154497134813969,64.629997,64.730003,5404,-0.996087019925225,-0.564854939170266
"2001-08-07",2001-08-07,-0.00602513489764549,549200,-0.286597410949412,64.339996,0,0,64.730003,5406,-1.01531992717116,-0.596762741167214
"2001-08-08",2001-08-08,-0.0104133982227789,540500,-0.294026356202357,63.669998,0,63.669998,64.339996,5407,-1.0259211875932,-0.637148878242514
"2001-08-09",2001-08-09,-0.00282701438124755,524200,-0.296022153846155,63.490002,0,63.490002,63.669998,5408,-1.00678781885262,-0.647998676494159
"2001-08-10",2001-08-10,-0.00708774587847706,782100,-0.301011769923771,63.040001,0,63.040001,63.490002,5409,-1.01685554953502,-0.675123835181233
"2001-08-13",2001-08-13,-0.00460026959707689,737100,-0.304227304227305,62.75,0,62.75,63.040001,5410,-1.01068242050584,-0.692604514433968
"2001-08-14",2001-08-14,-0.00414339442231081,614400,-0.307110164934166,62.490002,0,62.490002,62.75,5411,-1.00947600911162,-0.708276672958775
"2001-08-15",2001-08-15,-0.00384064638052015,423600,-0.309771309771311,62.25,0,62.25,62.490002,5412,-1.00866511480568,-0.722743512666276
"2001-08-16",2001-08-16,-0.00401606425702811,1084300,-0.312543312543314,62,0,62,62.25,5413,-1.0089485458613,-0.737813011782431
"2001-08-17",2001-08-17,-0.0129032096774194,1153100,-0.321413710325711,61.200001,0,61.200001,62,5414,-1.02838133924612,-0.786035348676127
"2001-08-20",2001-08-20,0.0101307024488447,351300,-0.314539154539156,61.82,0.0100291006146878,61.200001,61.82,5414,-0.978611504221182,-0.694141632778336
"2001-08-21",2001-08-21,-0.0186024263992236,697200,-0.32729038946639,60.669998,0,0,61.82,5416,-1.04053942011104,-0.817982867636363
"2001-08-22",2001-08-22,0.0173067914061906,958900,-0.315647944559946,61.720001,0.0170123620056326,60.669998,61.720001,5416,-0.964427782540677,-0.662206115969145
"2001-08-23",2001-08-23,-0.0113415584682184,578700,-0.323409563409564,61.02,0.00573585709603419,60.669998,61.720001,5418,-1.02458948009448,-0.765703483309609
"2001-08-24",2001-08-24,-0.00475254015077034,1859900,-0.326625086625088,60.73,0.000988012514407943,60.669998,61.720001,0,-1.00994257306934,-0.808994913315665
"2001-08-27",2001-08-27,-0.0126790877655194,622100,-0.335162866250867,59.959999,0,59.959999,61.02,5420,-1.02613938725282,-0.860780184848244
"2001-08-28",2001-08-28,-0.0201801037388277,1025900,-0.348579348579349,58.75,0,58.75,59.959999,5421,-1.04002973980548,-0.933716500292433
"2001-08-29",2001-08-29,-0.0159999829787234,915800,-0.359002067914069,57.810001,0,57.810001,58.75,5422,-1.02990056461233,-0.990377756691176
"2001-08-30",2001-08-30,-0.00397853305693593,1579800,-0.3615522993763,57.580002,0,57.580002,57.810001,5423,-1.00710366788985,-1.00424163560004
"2001-08-31",2001-08-31,-0.0152831012406009,1468800,-0.371309760221761,56.700001,0,56.700001,57.580002,5424,-1.02698768853716,-1.0572863327669
"2001-09-04",2001-09-04,-0.0123456964312928,1354300,-0.37907137907138,56,0,56,56.700001,5425,-1.02090335262123,-1.09948099057013
"2001-09-05",2001-09-05,-0.0214285892857143,1693000,-0.392377003465004,54.799999,0,54.799999,56,5426,-1.03510057769653,-1.17181464660566
"2001-09-06",2001-09-06,-0.0182481755154777,1813500,-0.403465014553015,53.799999,0,53.799999,54.799999,5427,-1.02825856507924,-1.23209264307028
"2001-09-07",2001-09-07,-0.0156133831898398,1370400,-0.412778943866945,52.959999,0,52.959999,53.799999,5428,-1.0230848499324,-1.28272616010056
"2001-09-10",2001-09-10,0.00245470170798153,1064600,-0.411337491337492,53.09,0.00244869090224142,52.959999,53.09,5428,-0.996507931058816,-1.26157808853378
"2001-09-17",2001-09-17,-0.0339046713128651,3523000,-0.431295900207901,51.290001,0,0,53.09,5430,-1.04852076285464,-1.38339029364047
"2001-09-18",2001-09-18,0.000194930781927711,1987300,-0.431185042273043,51.299999,0.000194892791323453,51.290001,51.299999,5430,-0.999742965479606,-1.38172813430049
"2001-09-19",2001-09-19,-0.0272903903955242,2403600,-0.446708224532225,49.900002,0,0,51.299999,5432,-1.03600120768881,-1.46717664844829
"2001-09-20",2001-09-20,-0.0695391154493341,2535000,-0.485183645183646,46.43,0,46.43,49.900002,5433,-1.08613098783151,-1.6763414167365
"2001-09-21",2001-09-21,-0.0254146026276115,2715700,-0.498267498267499,45.25,0,45.25,46.43,5434,-1.02696680569045,-1.74746945256475
"2001-09-24",2001-09-24,0.0775690165745857,2455900,-0.459348601524602,48.759998,0.0719851957336012,45.25,48.759998,5434,-0.921891560500696,-1.1445591162432
"2001-09-25",2001-09-25,0.00123055788476442,2713600,-0.458683298683299,48.82,0.0731257681278165,0,48.82,0,1.01584454112532,-1.13474179732117
"2001-09-26",2001-09-26,0.00286765669807462,1419900,-0.457130988218989,48.959999,0.0757761249137281,0,48.959999,0,1.03624381464656,-1.11189474570478
"2001-09-27",2001-09-27,0.00816997565706636,864100,-0.452695761607762,49.360001,0.0832658208414542,0,49.360001,0,1.09883978543708,-1.04706702926959
"2001-09-28",2001-09-28,0.0632090546351488,2242700,-0.418101178101179,52.48,0.137766768292683,0,52.48,0,1.65454164626568,-0.562715051492895
"2001-10-01",2001-10-01,-0.0181021532012195,970100,-0.428634799722801,51.529999,0.121870737858931,45.25,52.48,5440,-1.02519395345753,-0.706395145290545
"2001-10-02",2001-10-02,0.00834465376178266,1109800,-0.423866954954956,51.959999,0.129137781546147,45.25,52.48,0,1.05962911044017,-0.640969618747688
"2001-10-03",2001-10-03,0.0263664939639432,1523100,-0.408676346500347,53.330002,0.0337521644945749,51.529999,53.330002,5440,-0.964161847775506,-1.07693549272795
"2001-10-04",2001-10-04,-0.0253141186831383,861000,-0.423645183645184,51.98,0.00865719507502882,51.529999,53.330002,5443,-1.03662760830917,-1.29473523799139
"2001-10-05",2001-10-05,-0.0334743747595229,1187400,-0.442938300762302,50.240002,0,50.240002,51.98,5444,-1.0455407446182,-1.44668212965032
"2001-10-08",2001-10-08,-0.0332404843455221,925400,-0.461455301455302,48.57,0,48.57,50.240002,5445,-1.04180492104912,-1.54734650430223
"2001-10-09",2001-10-09,0.00720605311920938,764800,-0.457574519750521,48.919998,0.00715449743068264,48.57,48.919998,5445,-0.991590124346729,-1.48735517570112
"2001-10-10",2001-10-10,0.00878986135690357,1071700,-0.452806674982676,49.349998,0.0158054312383153,0,49.349998,0,2.20916023682285,-1.41440637711932
"2001-10-11",2001-10-11,0.0356636893885993,1194400,-0.433291742203743,51.110001,0.0496967511309576,0,51.110001,0,3.14428315062251,-1.12407280113594
"2001-10-12",2001-10-12,-0.0119350613982574,1188300,-0.440055440055441,50.5,0.0382178217821783,48.57,51.110001,5449,-1.01561003174743,-1.22324559318741
"2001-10-15",2001-10-15,-0.0196039999999999,1941000,-0.451032593208594,49.509998,0.0189860237926086,48.57,51.110001,0,-1.02494493228346,-1.38747117302559
"2001-10-16",2001-10-16,0.0288830752931963,1741700,-0.435176726264727,50.939999,0.04652530519288,48.57,51.110001,0,2.4505028383559,-1.15156118180112
"2001-10-17",2001-10-17,0,1282600,-0.435176726264727,50.939999,0.04652530519288,48.57,51.110001,0,-1,-1.15156118180112
"2001-10-18",2001-10-18,0.00078525718070777,1016600,-0.434733194733196,50.98,0.0472734405649273,48.57,51.110001,0,1.01608018193424,-1.14508289702753
"2001-10-19",2001-10-19,-0.0153000980776775,1783100,-0.443381832293833,50.200001,0.0324701387954156,48.57,51.110001,0,-1.01989412739909,-1.27257518620459
"2001-10-22",2001-10-22,0.0237051389700172,2573000,-0.430187121275122,51.389999,0.0365830129710647,49.509998,51.389999,5449,1.12666635648104,-1.17848558340064
"2001-10-23",2001-10-23,-0.00175131351919278,1139800,-0.431185042273043,51.299999,0.0348928076977155,49.509998,51.389999,5456,-1.00231973703667,-1.19309910286684
"2001-10-24",2001-10-24,0.0017543859991109,949700,-0.430187121275122,51.389999,0.00175131351919278,51.299999,51.389999,5456,-0.997685631689215,-1.36784191067621
"2001-10-25",2001-10-25,0.0184861066060733,1199900,-0.4196534996535,52.34,0.0198700993504013,0,52.34,0,11.3458265082998,-1.21207820324162
"2001-10-26",2001-10-26,0.00152842949942675,1267200,-0.418766480942482,52.419998,0.0213658726198349,0,52.419998,0,1.075277593889,-1.19912457923876
"2001-10-29",2001-10-29,-0.0204120572457862,850800,-0.430630652806654,51.349998,0.000973690398196281,51.299999,52.419998,5460,-1.02833123567452,-1.37448050034243
"2001-10-30",2001-10-30,-0.0186952100757627,1096400,-0.441275132363133,50.389999,0,50.389999,51.349998,5461,-1.02471835083523,-1.43764061101462
"2001-10-31",2001-10-31,0.00198458031324815,978800,-0.440166297990299,50.490002,0.00198064955513355,50.389999,50.490002,5461,-0.997487204033238,-1.42084518216725
"2001-11-01",2001-11-01,0.00812041956346137,1105800,-0.435620213444214,50.900002,0.0100197049108171,0,50.900002,0,5.05879744594265,-1.35242831168579
"2001-11-02",2001-11-02,0.00510801551638438,1116500,-0.432737352737354,51.16,0.0150508405003908,0,51.16,0,1.50212412784156,-1.30940528104567
"2001-11-05",2001-11-05,0.0490617279124317,1224500,-0.404906467082468,53.669998,0.0611142001533146,0,53.669998,0,4.06051742769632,-0.907692383929639
"2001-11-06",2001-11-06,0.0190050500840339,1358400,-0.393596684684686,54.689999,0.0786249785815502,0,54.689999,0,1.286525527362,-0.75101454064561
"2001-11-07",2001-11-07,0.0131651309776034,1408800,-0.385613305613307,55.41,0.0905973831438367,0,55.41,0,1.15227227756722,-0.642528478919052
"2001-11-08",2001-11-08,0.0194911026890453,1357300,-0.373638231462232,56.490002,0.107983763215303,0,56.490002,0,1.19190819279915,-0.482910165068704
"2001-11-09",2001-11-09,-0.00265537253831206,653500,-0.375301455301456,56.34,0.10560882144125,50.389999,56.490002,5469,-1.00445142841169,-0.504862932849019
"2001-11-12",2001-11-12,-0.0141994852680157,1396800,-0.384171853083854,55.540001,0.0927259976102628,50.389999,56.490002,0,-1.02363539404683,-0.623120445859931
"2001-11-13",2001-11-13,0.0122434279394415,1088100,-0.376632005544006,56.220001,0.103699784708293,50.389999,56.490002,0,1.11834639023409,-0.522474370166896
"2001-11-14",2001-11-14,0.0273923332018439,1594600,-0.359556501732503,57.759998,0.03843485243888,55.540001,57.759998,5469,-0.954662632064846,-0.784447610918656
"2001-11-15",2001-11-15,0.00519395793607882,1376300,-0.356230065142066,58.060001,0.0434033750705586,0,58.060001,0,1.12927128156872,-0.739353543218324
"2001-11-16",2001-11-16,-0.0122287803611991,898900,-0.364102586278587,57.349998,0.0315605416411697,55.540001,58.060001,5474,-1.02209954157963,-0.846532555161011
"2001-11-19",2001-11-19,0.0198780128989716,902700,-0.35146220928621,58.490002,0.0194905789197956,57.349998,58.490002,5474,-0.965283473755098,-0.843431599621017
"2001-11-20",2001-11-20,-0.0128227042973943,712700,-0.359778217602219,57.740002,0.00675448539125434,57.349998,58.490002,5476,-1.02366117350966,-0.957877599943887
"2001-11-21",2001-11-21,0.00190502244873498,505100,-0.358558580734582,57.849998,0.00864304264971627,57.349998,58.490002,0,1.27960046533037,-0.940980456438421
"2001-11-23",2001-11-23,0.0231633715873249,306100,-0.343700634788636,59.189999,0.0244973310440503,57.740002,59.189999,5476,2.83434110380729,-0.774018867178688
"2001-11-26",2001-11-26,0.0114884272932662,909300,-0.336160787248788,59.869999,0.0355770341669791,0,59.869999,0,1.45228205076731,-0.672796997889874
"2001-11-27",2001-11-27,-0.0153665945442892,1395500,-0.346361735273736,58.950001,0.0205258520691119,57.740002,59.869999,5480,-1.03034544304954,-0.810075703528337
"2001-11-28",2001-11-28,-0.0276505678091507,985400,-0.364435204435205,57.32,0,57.32,58.950001,5481,-1.0521809060322,-1.01991403523683
"2001-11-29",2001-11-29,0.0143056350314027,1510500,-0.355343046431047,58.139999,0.014103870211625,57.32,58.139999,5481,-0.975051372936792,-0.893812961231241
"2001-11-30",2001-11-30,-0.00515994160921812,836600,-0.358669438669439,57.84,0.0089903181189489,57.32,58.139999,5483,-1.00936107311456,-0.939695214640941
"2001-12-03",2001-12-03,-0.0171162171507608,1236200,-0.369646591822593,56.849998,0,56.849998,57.84,5484,-1.03060520905789,-1.0482448141312
"2001-12-04",2001-12-04,0.0293755859059134,910200,-0.351129591129592,58.52,0.0285372863978127,56.849998,58.52,5484,-0.949906204730037,-0.792442567146443
"2001-12-05",2001-12-05,0.0254613465481887,1471200,-0.334608476784478,60.009998,0.0526578921065787,0,60.009998,0,1.8452312309069,-0.571501098177985
"2001-12-06",2001-12-06,0.0168305621339964,1404200,-0.323409563409564,61.02,0.068338282530318,0,61.02,0,1.2977785436607,-0.42537655280317
"2001-12-07",2001-12-07,-0.00426093084234677,584700,-0.326292468468469,60.759998,0.0643515491886619,56.849998,61.02,5488,-1.00891409959715,-0.462722117840523
"2001-12-10",2001-12-10,-0.0182685325302348,635300,-0.338600116424117,59.650002,0.0469405516532925,56.849998,61.02,0,-1.03771968140551,-0.62428223837266
"2001-12-11",2001-12-11,0.00838222939204595,1243700,-0.333056110880112,60.150002,0.0548629075689806,56.849998,61.02,0,1.1687742396852,-0.551074763919794
"2001-12-12",2001-12-12,-0.00798011611038685,1023000,-0.338378400554401,59.669998,0.0472599311969141,56.849998,61.02,0,-1.01598015919968,-0.621340669577924
"2001-12-13",2001-12-13,-0.00519519038696805,1040000,-0.341815650727652,59.360001,0.0422844164035644,56.849998,61.02,0,-1.01015800703478,-0.667075167215888
"2001-12-14",2001-12-14,-0.00876012451549645,1070700,-0.347581427581428,58.84,0.0338205642420123,56.849998,61.02,0,-1.01686808910447,-0.744432009725381
"2001-12-17",2001-12-17,0.00373897008837519,830200,-0.345142054054055,59.060001,0.037419623477487,56.849998,61.02,0,1.10641629778027,-0.711605146021724
"2001-12-18",2001-12-18,-0.0137148829374385,2429700,-0.354123354123355,58.25,0.0240343690987125,56.849998,61.02,0,-1.02602203922647,-0.83319693369629
"2001-12-19",2001-12-19,0.0128755364806867,1663400,-0.345807345807347,59,0.0364407118644068,56.849998,61.02,0,1.51619173837015,-0.720543564636081
"2001-12-20",2001-12-20,0.00745761016949153,936700,-0.340928632016633,59.439999,0.0435733688353528,56.849998,61.02,0,1.19573319526485,-0.655245887842687
"2001-12-21",2001-12-21,0.00572005393203315,1602700,-0.337158708246709,59.779999,0.049013065389981,56.849998,61.02,0,1.12483993549323,-0.605179428045939
"2001-12-24",2001-12-24,0.000334560059126182,376000,-0.336936948024949,59.799999,0.0493311212262729,56.849998,61.02,0,1.0064892051489,-0.602244814238238
"2001-12-26",2001-12-26,0.00267558532902323,539800,-0.335162866250867,59.959999,0.0518679294841217,56.849998,61.02,0,1.05142409486727,-0.578809428753728
"2001-12-27",2001-12-27,0.002334873287773,552600,-0.333610555786557,60.099998,0.0540765409010496,56.849998,61.02,0,1.04258144558487,-0.558363847119516
"2001-12-28",2001-12-28,0.00831946783093071,639200,-0.328066550242551,60.599998,0.0618811901610954,56.849998,61.02,0,1.14432597074445,-0.485796263925449
"2001-12-31",2001-12-31,-0.00627057776470547,543200,-0.332279961191962,60.220001,0.0559615234812102,56.849998,61.02,0,-1.01284315925014,-0.540882934805027
"2002-01-02",2002-01-02,-0.0107937726537069,1367700,-0.33948717948718,59.57,0.0456606009736444,56.849998,61.02,0,-1.02169019843798,-0.636062822436393
"2002-01-03",2002-01-03,0.0130938056068491,661100,-0.330838553014554,60.349998,0.0579950309194708,56.849998,61.02,0,1.27013288662026,-0.521992175269029
"2002-01-04",2002-01-04,0.0182270594275745,670700,-0.318641707553709,61.450001,0.0520748730337693,58.25,61.450001,5488,-0.963133542479528,-0.487870081733866
"2002-01-07",2002-01-07,0.00927581758704939,661000,-0.312321552321553,62.02,0.0607868429538859,0,62.02,0,1.16729699781442,-0.406150611975757
"2002-01-08",2002-01-08,-0.0175749758142535,793600,-0.324407484407485,60.93,0.0439849007057279,58.25,62.02,5508,-1.03869707996805,-0.563194393151565
"2002-01-09",2002-01-09,0.00295422616116851,474100,-0.322411631323632,61.110001,0.0468008665226498,58.25,62.02,0,1.06402119299442,-0.537035797134025
"2002-01-10",2002-01-10,0.0122729502164466,876000,-0.314095623007624,61.860001,0.0583575968581054,58.25,62.02,0,1.24693411028752,-0.429001194655102
"2002-01-11",2002-01-11,-0.00565798568286466,820100,-0.317976460152461,61.509998,0.052999481482669,58.25,62.02,0,-1.01235559129311,-0.479227113707073
"2002-01-14",2002-01-14,-0.0408063417592698,3960100,-0.345807345807347,59,0.0127118644067796,58.25,62.02,0,-1.08752498735768,-0.849541215504848
"2002-01-15",2002-01-15,0.00711861016949152,2031100,-0.341150403326404,59.419998,0.0196903069569272,58.25,62.02,0,1.54897081394494,-0.786287518137352
"2002-01-16",2002-01-16,-0.0146415185002194,1083700,-0.350796961884963,58.549999,0.00512380879801555,58.25,62.02,0,-1.02827655621831,-0.917917486364145
"2002-01-17",2002-01-17,0.0107600514220333,895000,-0.343811503811505,59.18,0.0157147685028726,58.25,62.02,0,3.06700915712524,-0.822366423121842
"2002-01-18",2002-01-18,-0.00625209530246705,750200,-0.347914056826058,58.810001,0.00952220694572004,58.25,62.02,0,-1.01193256470209,-0.878333978964844
"2002-01-22",2002-01-22,-0.00085024654225047,680600,-0.348468490644492,58.759998,0.00867933998227843,58.25,62.02,0,-1.00159359418671,-0.885930155675107
"2002-01-23",2002-01-23,0.0100408444533983,1101200,-0.341926564102565,59.349998,0.0185340865554873,58.25,62.02,0,2.13542580349777,-0.796792564070942
"2002-01-24",2002-01-24,0.00808768350758834,1198600,-0.336604274428276,59.830002,0.0264081889885278,58.25,62.02,0,1.424844375765,-0.725052729895323
"2002-01-25",2002-01-25,0.00919269566462658,668100,-0.330505879417881,60.380001,0.0352765976270851,58.25,62.02,0,1.33582040186133,-0.64368836885012
"2002-01-28",2002-01-28,-0.00927461064467355,519800,-0.336715176715178,59.82,0.0262454028752925,58.25,62.02,0,-1.01878725216094,-0.726540588113081
"2002-01-29",2002-01-29,-0.0496489802741558,1325800,-0.369646591822593,56.849998,0,56.849998,61.860001,5522,-1.09780199226146,-1.0482448141312
"2002-01-30",2002-01-30,0.00967465293490426,1046800,-0.363548141372142,57.400002,0.00958195088564628,56.849998,57.400002,5522,-0.983501943246978,-0.96300110641855
"2002-01-31",2002-01-31,0.0172473338938212,858300,-0.352571043659044,58.389999,0.0263743967524303,0,58.389999,0,2.75250802964759,-0.812036931108334
"2002-02-01",2002-02-01,-0.0101044701165349,581600,-0.359112970200971,57.799999,0.0164360037445676,56.849998,58.389999,5525,-1.01855491725592,-0.901629251649216
"2002-02-04",2002-02-04,-0.0356400871218009,852000,-0.381954239778241,55.740002,0,55.740002,57.799999,5526,-1.0636046912048,-1.11515314909493
"2002-02-05",2002-02-05,-0.00071763542455554,1459800,-0.382397771309772,55.700001,0,55.700001,55.740002,5527,-1.00116121641113,-1.11756432923152
"2002-02-06",2002-02-06,-0.031059245402886,2061900,-0.401580030492031,53.970001,0,53.970001,55.700001,5528,-1.05016310402793,-1.2218452631153
"2002-02-07",2002-02-07,0.00592921982714051,1282300,-0.398031866943868,54.290001,0.00589427139631093,53.970001,54.290001,5528,-0.991164492059488,-1.17051314812348
"2002-02-08",2002-02-08,0.0112359732688162,1046800,-0.39126816909217,54.900002,0.0169399083082,0,54.900002,0,2.87396137185035,-1.07369587319512
"2002-02-11",2002-02-11,-0.00364300533176666,1335900,-0.393485782397783,54.700001,0.0133455207797893,53.970001,54.900002,5531,-1.0056677580258,-1.1052917800665
"2002-02-12",2002-02-12,-0.00255941494406921,620200,-0.395038103950105,54.560001,0.0108137827930025,53.970001,54.900002,0,-1.00394505118549,-1.12749404199658
"2002-02-13",2002-02-13,0.011730205063596,711100,-0.387941776853778,55.200001,0.0115942026885109,54.560001,55.200001,5531,1.07216900047349,-1.08467351056332
"2002-02-14",2002-02-14,0.00326086950614366,782900,-0.385945934857936,55.380001,0.0148067891873097,0,55.380001,0,1.27708559054107,-1.05635881716212
"2002-02-15",2002-02-15,-0.0101119716483934,621400,-0.392155232155233,54.82,0.00474277635899312,54.560001,55.380001,5535,-1.01608851586838,-1.14482576785628
"2002-02-19",2002-02-19,-0.0370302626778549,1451800,-0.414663883575884,52.790001,0,52.790001,54.82,5536,-1.05739729978087,-1.29297329894355
"2002-02-20",2002-02-20,0.0210267281487645,759100,-0.402356180180181,53.900002,0.0205937098109942,52.790001,53.900002,5536,-0.970318844048903,-1.11411062887474
"2002-02-21",2002-02-21,-0.0178108156656469,631700,-0.413000704088705,52.939999,0.00283335857259848,52.790001,53.900002,5538,-1.02645547510605,-1.26852867103698
"2002-02-22",2002-02-22,-0.0122780130766531,1070700,-0.42020788911989,52.290001,0,52.290001,52.939999,5539,-1.01745078146316,-1.32311229717586
"2002-02-25",2002-02-25,0.0313635297119234,845000,-0.402023562023563,53.93,0.0304097719265716,52.290001,53.93,5539,-0.956725402908514,-1.05893913700734
"2002-02-26",2002-02-26,-0.00741704060819587,837400,-0.406458777546779,53.529999,0.0231645436795169,52.290001,53.93,5541,-1.01103222781493,-1.12243778818119
"2002-02-27",2002-02-27,0.0188679622430032,963200,-0.395259864171865,54.540001,0.0185185548493114,53.529999,54.540001,5541,-0.97244760356141,-1.08681398158473
"2002-02-28",2002-02-28,-0.00770080660614577,949000,-0.399916851004852,54.119999,0.0109017001275259,53.529999,54.540001,5543,-1.01178208883602,-1.1535385340742
"2002-03-01",2002-03-01,0.00517374362848751,944300,-0.396812174636175,54.400002,0.0159927016179154,53.529999,54.540001,0,1.46699151791336,-1.10898419181275
"2002-03-04",2002-03-04,0.0308823518057959,1742200,-0.378184316008317,56.080002,0.0349501235752453,54.119999,56.080002,5543,2.18537958190211,-0.904658511377132
"2002-03-05",2002-03-05,0.0310270673670803,1990600,-0.3588911988912,57.82,0.0639917156693186,0,57.82,0,1.83094390300362,-0.641895477698294
"2002-03-06",2002-03-06,0.0230024558976133,1005100,-0.344144121968123,59.150002,0.0850380867273681,0,59.150002,0,1.32889212045522,-0.447310775921109
"2002-03-07",2002-03-07,-0.000845376133715114,1009400,-0.344698566874568,59.099998,0.0842639453219609,54.119999,59.150002,5548,-1.00161108347071,-0.454533398659586
"2002-03-08",2002-03-08,0.0140440275480212,1409100,-0.335495495495497,59.93,0.0138495244451861,59.099998,59.93,5548,-0.973301103446653,-0.787297992717979
"2002-03-11",2002-03-11,0.0248623060236943,942000,-0.318974381150382,61.419998,0.0377727137014886,0,61.419998,0,2.72736539445713,-0.567429743114941
"2002-03-12",2002-03-12,-0.0110712475112748,1233500,-0.326514184338185,60.740002,0.0270003942377216,59.099998,61.419998,5551,-1.02363764500651,-0.666980334802612
"2002-03-13",2002-03-13,-0.0255186524360009,1075900,-0.343700634788636,59.189999,0.00152054403650181,59.099998,61.419998,0,-1.05263615265378,-0.898928075423149
"2002-03-14",2002-03-14,0.000337894920390236,940300,-0.343478874566876,59.209999,0.00185781121192052,59.099998,61.419998,0,1.22180691076506,-0.895889022593628
"2002-03-15",2002-03-15,0.0280358052362068,1188500,-0.325072776160777,60.869999,0.0290783806321403,59.099998,61.419998,0,15.6519566926719,-0.647847773347335
"2002-03-18",2002-03-18,-0.00969278806789538,1006700,-0.331614702702704,60.279999,0.0195753321097434,59.099998,61.419998,0,-1.02012449833292,-0.735073421168691
"2002-03-19",2002-03-19,0.0164233745259353,1001900,-0.320637560637562,61.27,0.035417039334095,59.099998,61.419998,0,1.80926888675705,-0.589277525960297
"2002-03-20",2002-03-20,-0.0150155377835809,961200,-0.330838553014554,60.349998,0.0207125110426681,59.099998,61.419998,0,-1.03181471427336,-0.724671951063608
"2002-03-21",2002-03-21,-0.00331393548679154,1108600,-0.333056110880112,60.150002,0.0174564250222303,59.099998,61.419998,0,-1.00670283993613,-0.754428440680161
"2002-03-22",2002-03-22,-0.00498759750664682,823100,-0.33638255855856,59.849998,0.0125313287395599,59.099998,61.419998,0,-1.00998764943738,-0.799286489050413
"2002-03-25",2002-03-25,-0.0175438435269455,651300,-0.34802495911296,58.799999,0,58.799999,61.27,5560,-1.0346105951637,-0.9307026607472
"2002-03-26",2002-03-26,0.013775544451965,670000,-0.339043647955649,59.610001,0.0135883574301566,58.799999,59.610001,5560,-0.974193485489654,-0.808006679247512
"2002-03-27",2002-03-27,0.0191242909054808,739800,-0.326403326403328,60.75,0.0320987818930041,0,60.75,0,2.36222678553975,-0.638661199407329
"2002-03-28",2002-03-28,-0.010534962962963,965100,-0.333499642411644,60.110001,0.0217934117152984,58.799999,60.75,5563,-1.02174094267516,-0.733262365484222
"2002-04-01",2002-04-01,-0.00898354668135834,639800,-0.339487179487181,59.57,0.0129259862346819,58.799999,60.75,0,-1.01795365365983,-0.81401872235782
"2002-04-02",2002-04-02,0.00201442001007218,896900,-0.33815662924463,59.689999,0.0149103704960692,58.799999,60.75,0,1.15351898302839,-0.795997671628096
"2002-04-03",2002-04-03,-0.0259674991785474,1039000,-0.355343046431048,58.139999,0,58.139999,60.110001,5566,-1.05082383635302,-0.970486138413846
"2002-04-04",2002-04-04,-0.00447192990147803,794300,-0.358225907137908,57.880001,0,57.880001,58.139999,5567,-1.00811289466845,-0.986158296938653
"2002-04-05",2002-04-05,0.00708362116303344,859000,-0.353679822591824,58.290001,0.00703379641389945,57.880001,58.290001,5567,-0.987309447877721,-0.923206337563242
"2002-04-08",2002-04-08,0.00154400409085605,610200,-0.352681901593903,58.380001,0.00856457676319666,0,58.380001,0,1.21763216607638,-0.909459503288112
"2002-04-09",2002-04-09,0.0191846348204071,1094700,-0.340263340263341,59.5,0.0272268739495798,0,59.5,0,3.1790098568067,-0.740493954378504
"2002-04-10",2002-04-10,-0.000336134453781565,804300,-0.340485100485102,59.48,0.0268997814391392,57.880001,59.5,5571,-1.0006517311609,-0.743477694454934
"2002-04-11",2002-04-11,-0.0348016139878951,938700,-0.363437283437285,57.41,0,57.41,59.48,5572,-1.06741024179761,-1.01448901555502
"2002-04-12",2002-04-12,0.0132380769900715,905800,-0.355010417186418,58.169998,0.0130651199265986,57.41,58.169998,5572,-0.976813423842575,-0.897651662440938
"2002-04-15",2002-04-15,-0.0400549781693305,2206800,-0.380845460845462,55.84,0,0,58.169998,5574,-1.07277263541672,-1.10912547000447
"2002-04-16",2002-04-16,-0.00608882521489977,2918500,-0.384615384615386,55.5,0,55.5,55.84,5575,-1.00989882815343,-1.12961998880244
"2002-04-17",2002-04-17,0.00828827027027033,1579900,-0.379514910602912,55.959999,0.00822013953216838,55.5,55.959999,5575,-0.986738767567568,-1.05720484691837
"2002-04-18",2002-04-18,-0.0180485707299602,2421500,-0.390713779625781,54.950001,0,0,55.959999,5577,-1.02950837690429,-1.16277282657998
"2002-04-19",2002-04-19,-0.0218380523778334,2027700,-0.404019404019405,53.75,0,53.75,54.950001,5578,-1.03405465864646,-1.23510648261552
"2002-04-22",2002-04-22,-0.024744223255814,2245000,-0.418766480942482,52.419998,0,52.419998,53.75,5579,-1.03650091252144,-1.31527633846945
"2002-04-23",2002-04-23,-0.00858445282657195,3196400,-0.423756052668054,51.970001,0,51.970001,52.419998,5580,-1.01191492622414,-1.34240125604454
"2002-04-24",2002-04-24,0.0200114870115165,1633800,-0.412224554400555,53.009998,0.0196188839697748,51.970001,53.009998,5580,-0.97278741343069,-1.17305775381806
"2002-04-25",2002-04-25,-0.00075451804393578,1384300,-0.412668041580043,52.970001,0.0188786101778627,51.970001,53.009998,5582,-1.00107583882317,-1.17949305940015
"2002-04-26",2002-04-26,0.00132150271245026,958600,-0.411891880803882,53.040001,0.00131975864781742,52.970001,53.040001,5582,-0.998119164321064,-1.27072916711141
"2002-04-29",2002-04-29,-0.0194193623789712,979700,-0.423312565488567,52.009998,0,0,53.040001,5584,-1.0277273848234,-1.33999031701994
"2002-04-30",2002-04-30,0.0213420696536077,1120100,-0.411004862092863,53.119999,0.020896103556026,52.009998,53.119999,5584,-0.970925258546251,-1.15948373724097
"2002-05-01",2002-05-01,-0.00640060253013189,1254000,-0.414774785862787,52.779999,0.0145888786394254,52.009998,53.119999,5586,-1.00917245540777,-1.21426636038937
"2002-05-02",2002-05-02,0.01913607463312,1253600,-0.403575872487874,53.790001,0.0187767611307537,52.779999,53.790001,5586,1.28705993070714,-1.1306187864949
"2002-05-03",2002-05-03,-0.0301171773542075,1432900,-0.421538483714485,52.169998,0,0,53.790001,5588,-1.04450863505759,-1.3303458375856
"2002-05-06",2002-05-06,-0.0391028767146972,1528600,-0.444157993069994,50.130001,0,50.130001,52.169998,5589,-1.05365941718107,-1.45331276953943
"2002-05-07",2002-05-07,-0.00259327742682471,1194800,-0.445599445599447,50,0,50,50.130001,5590,-1.00324535987631,-1.46114896935783
"2002-05-08",2002-05-08,0.0541999800000001,1750000,-0.415550946638948,52.709999,0.0514133760465448,50,52.709999,5590,-0.932566121306377,-1.01829600188696
"2002-05-09",2002-05-09,-0.0180231648268481,696200,-0.426084568260569,51.759998,0.0340030538641057,50,52.709999,5592,-1.02534856846512,-1.17020827293887
"2002-05-10",2002-05-10,-0.0222178718013089,793400,-0.438835747747749,50.610001,0.0120529734824545,50,52.709999,0,-1.02992640531253,-1.35885548866477
"2002-05-13",2002-05-13,-0.00197595332985656,1095500,-0.439944582120583,50.509998,0.0100969712966531,50,52.709999,0,-1.002526764008,-1.37551692648077
"2002-05-14",2002-05-14,0.019204158352966,1641600,-0.42918918918919,51.48,0.0287490287490287,50,52.709999,0,2.84729231215685,-1.21564856269614
"2002-05-15",2002-05-15,0.0139860334110335,828900,-0.421205810117811,52.200001,0.0421456122194327,50,52.709999,0,1.46598386287594,-1.09942020611552
"2002-05-16",2002-05-16,0.00383143670821003,618000,-0.418988196812198,52.400002,0.045801563137345,50,52.709999,0,1.08674570673876,-1.06748962084733
"2002-05-17",2002-05-17,0.00515259522318337,1120400,-0.415994478170479,52.669998,0.0506929580669435,50,52.709999,0,1.10679537104292,-1.02462360599559
"2002-05-20",2002-05-20,-0.0149989943041198,599200,-0.424753973665975,51.880001,0.0362374896638881,50,52.709999,0,-1.02105675905608,-1.15082762046633
"2002-05-21",2002-05-21,-0.0107941593910147,738100,-0.430963270963272,51.32,0.0257209664848013,50,52.709999,0,-1.01461857376802,-1.24175456304789
"2002-05-22",2002-05-22,-0.00194853858144967,862300,-0.432072060984062,51.220001,0.0238188398317291,50,52.709999,0,-1.00257281790699,-1.25812287501851
"2002-05-23",2002-05-23,0.00937133913761534,750200,-0.426749815661817,51.700001,0.0328820303117596,50,52.709999,0,1.38050511880757,-1.17991901667559
"2002-05-24",2002-05-24,-0.00541591865733234,716300,-0.429854492030493,51.419998,0.0276156759088166,50,52.709999,0,-1.00727516745112,-1.22542663379932
"2002-05-28",2002-05-28,-0.00816798942699297,703200,-0.434511434511436,51,0.0196078431372549,50,52.709999,0,-1.01083376483736,-1.29427642767453
"2002-05-29",2002-05-29,0.00686270588235293,472100,-0.430630652806654,51.349998,0.0262901276062367,50,52.709999,0,1.34079650791807,-1.23685220069427
"2002-05-30",2002-05-30,-0.00467374896489777,695700,-0.433291742203743,51.110001,0.021717882572532,50,52.709999,0,-1.00617951690096,-1.27617493439159
"2002-05-31",2002-05-31,0.0138915865018278,1252300,-0.425419265419266,51.82,0.0351215746815902,50,52.709999,0,1.61717306299513,-1.16051083348428
"2002-06-03",2002-06-03,-0.0256657275183328,898400,-0.440166297990299,50.490002,0.00970493128520766,50,52.709999,0,-1.03466470319932,-1.37885350096118
"2002-06-04",2002-06-04,-0.0150525246562676,987100,-0.44859320859321,49.73,0,49.73,52.669998,5609,-1.01914483376257,-1.47742402840327
"2002-06-05",2002-06-05,0.00744013673838734,758500,-0.444490666666668,50.099998,0.00738518991557646,49.73,50.099998,5609,-0.990854649941296,-1.41497302128673
"2002-06-06",2002-06-06,-0.0333332947438441,1270600,-0.463007623007624,48.43,0,0,50.099998,5611,-1.04165881924995,-1.55578542380727
"2002-06-07",2002-06-07,-0.00660745405740249,1226200,-0.466555775467776,48.110001,0,48.110001,48.43,5612,-1.00766327007124,-1.57507432239795
"2002-06-10",2002-06-10,-0.00207863225777097,693500,-0.467664609840611,48.009998,0,48.009998,48.110001,5613,-1.00237663840239,-1.5811023028784
"2002-06-11",2002-06-11,-0.0339511990814914,1247400,-0.485738034650036,46.380001,0,46.380001,48.009998,5614,-1.03864612465669,-1.67935525628174
"2002-06-12",2002-06-12,0.0166020048166881,1455500,-0.477200255024256,47.150002,0.016330879476951,46.380001,47.150002,5614,-0.982423077838797,-1.54416122251179
"2002-06-13",2002-06-13,-0.0313892669612188,829400,-0.493610555786557,45.669998,0,0,47.150002,5616,-1.03438870912059,-1.72215281460561
"2002-06-14",2002-06-14,0.000875870412781794,1632200,-0.493167024255025,45.709999,0.000875103935136901,45.669998,45.709999,5616,-0.99910145452456,-1.71498428786379
"2002-06-17",2002-06-17,0.0490046390068833,1017400,-0.468329857241858,47.950001,0.0475495923347322,0,47.950001,0,54.3359370533439,-1.32622391614932
"2002-06-18",2002-06-18,0.00834196020141895,1381400,-0.463894686070687,48.349998,0.0554291646506376,0,48.349998,0,1.16571272074082,-1.25927700759335
"2002-06-19",2002-06-19,-0.0177868880160037,1076300,-0.473430331254332,47.490002,0.0383239402685221,45.669998,48.349998,5620,-1.02055562495103,-1.40410534774856
"2002-06-20",2002-06-20,-0.0313750671141264,1273700,-0.489951489951491,46,0.00717395652173913,45.669998,48.349998,0,-1.03489670518867,-1.66326101894077
"2002-06-21",2002-06-21,-0.0236956521739131,1779300,-0.502037422037423,44.91,0,44.91,47.490002,5622,-1.0246676096181,-1.76796397136272
"2002-06-24",2002-06-24,-0.0100200623469159,2166900,-0.507027038115039,44.459999,0,44.459999,44.91,5623,-1.00993873336646,-1.79508913004979
"2002-06-25",2002-06-25,-0.00359874052178912,1141300,-0.508801119889121,44.299999,0,44.299999,44.459999,5624,-1.0034989884971,-1.80473360948413
"2002-06-26",2002-06-26,-0.022573363940708,1561800,-0.519889130977132,43.299999,0,43.299999,44.299999,5625,-1.02179242665666,-1.86501160594875
"2002-06-27",2002-06-27,0.0327945042215822,1113700,-0.504144133056134,44.720001,0.031753174603015,43.299999,44.720001,5625,-0.969714700725893,-1.60679625490406
"2002-06-28",2002-06-28,-0.0147584969866169,1560600,-0.511462220374221,44.060001,0.01724925062984,43.299999,44.720001,5627,-1.01451586329831,-1.72542773074086
"2002-07-01",2002-07-01,-0.0245120511912835,1148300,-0.523437283437284,42.98,0,42.98,44.060001,5628,-1.02341338731588,-1.88430050453943
"2002-07-02",2002-07-02,-0.0460679385760818,1942300,-0.545391545391546,41,0,41,42.98,5629,-1.04194248795213,-2.00365093753937
"2002-07-03",2002-07-03,-0.0373170487804877,2123800,-0.562356191268192,39.470001,0,39.470001,41,5630,-1.03110544345616,-2.09587621185223
"2002-07-05",2002-07-05,0.0805675429296289,809300,-0.527096304920306,42.650002,0.0745603950968161,39.470001,42.650002,5630,-0.937299727654158,-1.49885782107659
"2002-07-08",2002-07-08,-0.00539282506950412,1352100,-0.529646591822593,42.419998,0.0695426011099763,39.470001,42.650002,5632,-1.00483836991169,-1.54000034424487
"2002-07-09",2002-07-09,-0.0407826280425567,1407700,-0.548828839916841,40.689999,0.0299827483406917,39.470001,42.650002,0,-1.03621707076079,-1.85934130810851
"2002-07-10",2002-07-10,-0.0260505781776991,1637800,-0.56058210949411,39.630001,0.00403734534349365,39.470001,42.650002,0,-1.02141518215233,-2.06428342388809
"2002-07-11",2002-07-11,0.0105979810598541,1835100,-0.555925167013168,40.049999,0.0144818480519812,39.470001,42.650002,0,3.58697282988667,-1.98218710810038
"2002-07-12",2002-07-12,-0.01148561826431,1962200,-0.561025641025642,39.59,0.0030310431927254,39.470001,42.650002,0,-1.00917474925605,-2.07216518635047
"2002-07-15",2002-07-15,0.00252586511745382,2437000,-0.559916851004852,39.689999,0.00554290767303867,39.470001,42.650002,0,1.82871286240388,-2.05248214333358
"2002-07-16",2002-07-16,-0.0186444449141961,1458000,-0.568121957033958,38.950001,0,38.950001,42.419998,5638,-1.01465415090541,-2.12722077001384
"2002-07-17",2002-07-17,0.00821563521911085,1950300,-0.564573804573805,39.27,0.00814868856633566,38.950001,39.27,5638,-0.993754593681475,-2.06363297807844
"2002-07-18",2002-07-18,-0.0458364909600204,1465000,-0.584532213444214,37.470001,0,0,39.27,5640,-1.03535128393971,-2.21643220478147
"2002-07-19",2002-07-19,-0.0443021071710141,2482300,-0.602938311850312,35.810001,0,35.810001,37.470001,5641,-1.03148859546618,-2.31649367891273
"2002-07-22",2002-07-22,-0.0150796142116834,2222900,-0.608925848925849,35.27,0,35.27,35.810001,5642,-1.00993059647705,-2.34904385728162
"2002-07-23",2002-07-23,-0.052736036291466,2457400,-0.62954954954955,33.41,0,33.41,35.27,5643,-1.03386898529613,-2.46116093070581
"2002-07-24",2002-07-24,0.0413050284346004,3988300,-0.614248083160084,34.790001,0.039666598457413,33.41,34.790001,5643,-0.975694579719079,-2.16233684113671
"2002-07-25",2002-07-25,-0.00344935316328381,2599900,-0.615578677754678,34.669998,0.0363426037694032,33.41,34.790001,5645,-1.00216621692615,-2.18764068635241
"2002-07-26",2002-07-26,0.00865310116256724,1883300,-0.612252241164242,34.970001,0.00857886735547997,34.669998,34.970001,5645,-0.994596244622101,-2.32048971226632
"2002-07-29",2002-07-29,0.106948753018337,2470200,-0.570783101871102,38.709999,0.104365825480905,0,38.709999,0,12.1654550835593,-1.57432139684238
"2002-07-30",2002-07-30,0.00542492909906808,1721400,-0.568454630630631,38.919998,0.10919836121266,0,38.919998,0,1.04630381362373,-1.53539185848526
"2002-07-31",2002-07-31,0.0233813989404625,1786800,-0.558364496188497,39.830002,0.129550683929165,0,39.830002,0,1.18637937868746,-1.36989686480088
"2002-08-01",2002-08-01,-0.0273663054297613,1635300,-0.570450428274429,38.740002,0.10505946798867,34.669998,39.830002,5650,-1.02164523741827,-1.56874201222382
"2002-08-02",2002-08-02,-0.0286525798320815,980500,-0.582758131670132,37.630001,0.0786607207371587,34.669998,39.830002,0,-1.02157541266633,-1.77916273391604
"2002-08-05",2002-08-05,-0.0385331108548203,1042900,-0.598835758835759,36.18,0.0417358208955224,34.669998,39.830002,0,-1.02758885083173,-2.06730152726681
"2002-08-06",2002-08-06,0.040630237700387,1057600,-0.582536360360361,37.650002,0.0791501684382381,34.669998,39.830002,0,1.89645649084932,-1.7752963184984
"2002-08-07",2002-08-07,0.00212478076362376,1292800,-0.581649341649342,37.73,0.0811026239067054,34.669998,39.830002,0,1.02466773611469,-1.75986002309845
"2002-08-08",2002-08-08,0.083487967134906,2045900,-0.546722095634096,40.880001,0.114970667442009,36.18,40.880001,5650,1.41759491745006,-1.38586669035422
"2002-08-09",2002-08-09,0.0029353962099952,1074400,-0.545391545391546,41,0.117560975609756,0,41,0,1.0225301655229,-1.36455164227948
"2002-08-12",2002-08-12,-0.00024385365853666,807700,-0.545502403326404,40.990002,0.117345737138534,36.18,41,5657,-1.00020326302414,-1.36632440728276
"2002-08-13",2002-08-13,-0.0256160758421041,889500,-0.557144848232849,39.939999,0.0941411891372356,36.18,41,0,-1.02134260974003,-1.55576387470597
"2002-08-14",2002-08-14,0.0518277178725018,1133900,-0.534192676368677,42.009998,0.0492739609271108,39.939999,42.009998,5657,-0.958803941314415,-1.67490117340254
"2002-08-15",2002-08-15,0.0326113559919712,1306900,-0.519002067914069,43.380001,0.079299260504858,0,43.380001,0,1.60935429206032,-1.42909294658125
"2002-08-16",2002-08-16,-0.00391890262980853,1200100,-0.520887051975053,43.209999,0.0756769283887279,39.939999,43.380001,5661,-1.00363193940356,-1.45903248960828
"2002-08-19",2002-08-19,0.0451284666773538,1337300,-0.49926541926542,45.16,0.0431798272807793,43.209999,45.16,5661,-0.958490746453287,-1.51815503561416
"2002-08-20",2002-08-20,-0.00752878653675811,1454000,-0.503035343035344,44.82,0.035921485943775,43.209999,45.16,5663,-1.00755094109156,-1.57810823369899
"2002-08-21",2002-08-21,-0.00178487282463194,990100,-0.503922361746362,44.740002,0.0341976515781111,43.209999,45.16,0,-1.00176333278228,-1.59230167121242
"2002-08-22",2002-08-22,0.0181045365174548,831500,-0.494941106029107,45.549999,0.0177825909502216,44.740002,45.549999,5663,-0.98217730269772,-1.63271422695078
"2002-08-23",2002-08-23,-0.0252469160317654,729700,-0.507692285516286,44.400002,0,0,45.549999,5666,-1.02576302378576,-1.79870562900368
"2002-08-26",2002-08-26,0.0148648416727549,761400,-0.50037420928621,45.060001,0.0146471146327759,44.400002,45.060001,5666,-0.985585606795986,-1.67929578293966
"2002-08-27",2002-08-27,-0.0150909894564805,1432400,-0.507914056826058,44.380001,0,0,45.060001,5668,-1.01506841759611,-1.79991124921097
"2002-08-28",2002-08-28,-0.0347003372081942,1156100,-0.524989604989606,42.84,0,42.84,44.380001,5669,-1.03361897142649,-1.89273942404448
"2002-08-29",2002-08-29,-0.00256769374416448,1371000,-0.526209286209287,42.73,0,42.73,42.84,5670,-1.00232324832357,-1.89937000365558
"2002-08-30",2002-08-30,0.000234074420781654,1069600,-0.526098383922385,42.740002,0.000234019642769367,42.73,42.740002,5670,-0.999789243006901,-1.89749489704789
"2002-09-03",2002-09-03,-0.0605989676837169,1854300,-0.554816332640333,40.150002,0,0,42.740002,5672,-1.05458665070179,-2.0548871139783
"2002-09-04",2002-09-04,0.0124532995041943,1823400,-0.549272327096328,40.650002,0.0123001223960579,40.150002,40.650002,5672,-0.990007493979815,-1.95788069214596
"2002-09-05",2002-09-05,-0.00836410782956421,1326000,-0.553042261954263,40.310001,0.0039692134961743,40.150002,40.650002,5674,-1.00686350772096,-2.02366477293943
"2002-09-06",2002-09-06,0.0272884885316673,1112900,-0.540845460845461,41.41,0.026563607824197,40.310001,41.41,5674,6.69241093979958,-1.83452863852411
"2002-09-09",2002-09-09,0.0142477662400387,962700,-0.534303534303535,42,0.0402380714285714,0,42,0,1.51478186603547,-1.72462583593009
"2002-09-10",2002-09-10,-0.0245237857142856,1015200,-0.545724174636175,40.970001,0.0161093479104383,40.310001,42,5677,-1.02137481712062,-1.9178836178269
"2002-09-11",2002-09-11,-0.000244129845151824,991400,-0.545835076923078,40.959999,0.0158690921843041,40.310001,42,0,-1.00020322040338,-1.91979262579057
"2002-09-12",2002-09-12,-0.0432128916800023,1090600,-0.565460856548857,39.189999,0,39.189999,40.970001,5679,-1.03595551194037,-2.11275417141832
"2002-09-13",2002-09-13,0.0117377650354112,1765300,-0.560360338184339,39.650002,0.0116015883177004,39.189999,39.650002,5679,-0.990979891348009,-2.02195614465309
"2002-09-16",2002-09-16,-0.00580085721054947,733900,-0.562910625086626,39.419998,0.0058345766532002,39.189999,39.650002,5681,-1.00455115526297,-2.06717165622
"2002-09-17",2002-09-17,0.00152212082811362,1490100,-0.562245322245323,39.48,0.0073455167173252,39.189999,39.650002,0,1.25896310116969,-2.05534089945773
"2002-09-18",2002-09-18,0.00354607396149957,1366300,-0.560693011781012,39.619999,0.0108531047666104,39.189999,39.650002,0,1.47751413335051,-2.02783366283135
"2002-09-19",2002-09-19,-0.04063606866825,1367300,-0.578544720720721,38.009998,0,38.009998,39.619999,5684,-1.03183865067803,-2.18388226752456
"2002-09-20",2002-09-20,0.00131552230021156,1720400,-0.577990286902287,38.060001,0.00131379397493969,38.009998,38.060001,5684,-0.99904167508824,-2.17372598003259
"2002-09-23",2002-09-23,-0.0207567256763865,1358200,-0.586749826749827,37.27,0,0,38.060001,5686,-1.01515516790859,-2.22848786435239
"2002-09-24",2002-09-24,-0.0126107056613899,2322300,-0.591961203049204,36.799999,0,36.799999,37.27,5687,-1.00888176879104,-2.25681858296875
"2002-09-25",2002-09-25,0.0491848382930662,2053700,-0.571891880803882,38.610001,0.0468790974649288,36.799999,38.610001,5687,-0.966096895975708,-1.89286542901046
"2002-09-26",2002-09-26,0.0152810148852367,1855800,-0.565349954261955,39.200001,0.061224539254476,0,39.200001,0,1.30600934244264,-1.77931497307693
"2002-09-27",2002-09-27,-0.0385204582010087,1910800,-0.582092873180874,37.689999,0.0236136912606445,36.799999,39.200001,5690,-1.02961514154675,-2.07479954139125
"2002-09-30",2002-09-30,0.000796020185620148,1739400,-0.581760210672211,37.720001,0.0243902962780941,36.799999,39.200001,0,1.03288791273154,-2.06876920615019
"2002-10-01",2002-10-01,0.0461293200920117,2151500,-0.562467093555094,39.459999,0.0448555510607084,37.689999,39.459999,5690,1.83907364425888,-1.85262990201456
"2002-10-02",2002-10-02,-0.0496705283748234,3065300,-0.584199584199585,37.5,0,0,39.459999,5693,-1.03863779924818,-2.21462392516553
"2002-10-03",2002-10-03,-0.100266613333333,4828800,-0.625890483714484,33.740002,0,33.740002,37.5,5694,-1.0713641376038,-2.44126907131649
"2002-10-04",2002-10-04,-0.0572022194900876,4535000,-0.647290378378379,31.809999,0,31.809999,33.740002,5695,-1.03419111684986,-2.55760578532719
"2002-10-07",2002-10-07,-0.0336371906204713,1691400,-0.65915453915454,30.74,0,30.74,31.809999,5696,-1.0183289620431,-2.62210318126633
"2002-10-08",2002-10-08,0.0536759596616787,2028800,-0.640859331947333,32.389999,0.0509416193560241,30.74,32.389999,5696,-0.972244434164599,-2.24570951123183
"2002-10-09",2002-10-09,-0.049706639385818,2444100,-0.658711007623008,30.780001,0.00129957760560173,30.74,32.389999,5698,-1.02785584103368,-2.61262707905363
"2002-10-10",2002-10-10,0.0649771908714362,3363000,-0.636535007623008,32.779999,0.0610127535391322,30.780001,32.779999,5698,46.9481416701406,-2.16745116623831
"2002-10-11",2002-10-11,0.073520441535096,3175000,-0.609812900900902,35.189999,0.12531963982153,0,35.189999,0,2.05399088800595,-1.67258826657582
"2002-10-14",2002-10-14,0.0113668943269934,1116100,-0.605377685377686,35.59,0.135150295026693,0,35.59,0,1.0784446493715,-1.59503440245138
"2002-10-15",2002-10-15,0.0685585557740936,2658500,-0.57832294941095,38.029999,0.19063892165761,0,38.029999,0,1.41056977803828,-1.1463021204086
"2002-10-16",2002-10-16,-0.0260320280313444,3029500,-0.589300058212059,37.040001,0.169006474918832,30.780001,38.029999,5703,-1.01898093238785,-1.32357815827903
"2002-10-17",2002-10-17,0.0280777800194985,2289100,-0.577768515592516,38.080002,0.0273109491958536,37.040001,38.080002,5703,-0.980431797929005,-2.03119145799991
"2002-10-18",2002-10-18,0.000262552507218961,2125200,-0.577657657657658,38.09,0.0275662641113155,0,38.09,0,1.00934844532978,-2.0292008245489
"2002-10-21",2002-10-21,0.003150406930953,1597600,-0.576327107415108,38.209999,0.0306202049364096,0,38.209999,0,1.11078544458408,-2.00536532014898
"2002-10-22",2002-10-22,-0.0164877523289127,1525300,-0.583312521136522,37.580002,0.0143693712416515,37.040001,38.209999,5707,-1.0121205711679,-2.13168503867067
"2002-10-23",2002-10-23,-0.0109101644007363,2848800,-0.587858650034651,37.169998,0.00349736365334219,37.040001,38.209999,0,-1.00779364188732,-2.21550299026213
"2002-10-24",2002-10-24,-0.0263653229144645,1752600,-0.598724889812891,36.189999,0,36.189999,37.580002,5709,-1.01848444311843,-2.29358816081217
"2002-10-25",2002-10-25,0.0102238742808476,1577600,-0.594622303534304,36.560001,0.0101204045371881,36.189999,36.560001,5709,-0.993147794006245,-2.21626740569167
"2002-10-28",2002-10-28,-0.000273577673042188,1529000,-0.594733205821206,36.549999,0.00984952147331108,36.189999,36.560001,5711,-1.00018650879095,-2.21834291371938
"2002-10-29",2002-10-29,-0.0306429283349638,2148700,-0.607151767151768,35.43,0,35.43,36.549999,5712,-1.020880894507,-2.33939937784728
"2002-10-30",2002-10-30,0.007620688681908,1573000,-0.604157993069994,35.700001,0.00756305300943827,35.43,35.700001,5712,-0.995069150344702,-2.28200906852754
"2002-10-31",2002-10-31,-0.024649887264709,1827400,-0.613915453915455,34.82,0,0,35.700001,5714,-1.01615051188163,-2.3761689556907
"2002-11-01",2002-11-01,0.0232625215393452,1329900,-0.604934153846155,35.630001,0.0227336788455325,34.82,35.630001,5714,-0.985370461010521,-2.20375612423432
"2002-11-04",2002-11-04,0.0513611548874221,2521100,-0.584643115731116,37.459999,0.0704751487046223,0,37.459999,0,3.10003273924457,-1.83390951760732
"2002-11-05",2002-11-05,-0.00560595316620279,1527700,-0.586971586971588,37.25,0.0652348993288591,34.82,37.459999,5717,-1.00398272241273,-1.87505551853804
"2002-11-06",2002-11-06,0.00375836241610747,1700600,-0.585419276507277,37.389999,0.0687349309637586,34.82,37.459999,0,1.05365274831276,-1.84758936101196
"2002-11-07",2002-11-07,-0.0518854787880578,1580100,-0.606929995841996,35.450001,0.017771536875274,34.82,37.459999,0,-1.03674412544639,-2.2415819641961
"2002-11-08",2002-11-08,-0.00451339902642044,1249000,-0.608704077616078,35.290001,0.0133182484182983,34.82,37.459999,0,-1.00292304184376,-2.27543595277818
"2002-11-11",2002-11-11,-0.0223859727292158,745600,-0.617463617463618,34.5,0,34.5,37.389999,5721,-1.01439047341665,-2.39545791455938
"2002-11-12",2002-11-12,0.0173912463768116,1355600,-0.610810832986834,35.099998,0.017093961087975,34.5,35.099998,5721,-0.989225625140292,-2.26636296382052
"2002-11-13",2002-11-13,0.0176639041403935,1981500,-0.603936232848234,35.720001,0.0341545623137022,0,35.720001,0,1.99804844166451,-2.13624350670897
"2002-11-14",2002-11-14,0.0425532182935827,1588900,-0.587082444906446,37.240002,0.073576848894906,0,37.240002,0,2.15423193595979,-1.83030865561496
"2002-11-15",2002-11-15,0.00214817389107561,1184700,-0.586195426195427,37.32,0.0755627009646302,0,37.32,0,1.02699017557222,-1.81469080554335
"2002-11-18",2002-11-18,-0.0171489817792069,749800,-0.593291753291754,36.68,0.059432933478735,34.5,37.32,5726,-1.01210573603821,-1.94095532999245
"2002-11-19",2002-11-19,0.0013631406761177,1225900,-0.592737352737354,36.73,0.0607133133678192,34.5,37.32,0,1.02154327262918,-1.93098087305803
"2002-11-20",2002-11-20,0.0343044377892731,1656500,-0.578766436590437,37.990002,0.0344828094507602,36.68,37.990002,5726,-0.976429836786232,-1.9976279373873
"2002-11-21",2002-11-21,0.0481705160215576,2555400,-0.558475398475399,39.82,0.0788548468106479,0,39.82,0,2.28678718661972,-1.64609865013007
"2002-11-22",2002-11-22,-0.00125565042692107,1824700,-0.5590297990298,39.77,0.0776967563490069,36.68,39.82,5730,-1.00099270362833,-1.65540830238342
"2002-11-25",2002-11-25,-0.00226301232084494,1534100,-0.560027720027721,39.68,0.0756048387096774,36.68,39.82,0,-1.00178509446125,-1.6722056595446
"2002-11-26",2002-11-26,-0.0398185987903226,1294200,-0.577546799722801,38.099998,0.0372702906703565,36.68,39.82,0,-1.03128252239766,-1.97584395394985
"2002-11-27",2002-11-27,0.0165354864323089,2226200,-0.570561330561331,38.73,0.0529305447973146,36.68,39.82,0,1.42018062766046,-1.85273451462087
"2002-11-29",2002-11-29,-0.00077456751871925,584000,-0.570893959805961,38.700001,0.0521964069199895,36.68,39.82,0,-1.00058298595929,-1.85853380398804
"2002-12-02",2002-12-02,0.0343668724969799,1802800,-0.556146927234928,40.029999,0.0482138658059921,38.099998,40.029999,5730,-0.974168525839641,-1.80001456434802
"2002-12-03",2002-12-03,-0.0219834379711075,1368500,-0.565904343728345,39.150002,0.026820024172668,38.099998,40.029999,5736,-1.01754467392624,-1.9693628281915
"2002-12-04",2002-12-04,-0.0140486327433649,1535000,-0.572002794178795,38.599998,0.0129533685468066,38.099998,40.029999,0,-1.01077646870542,-2.07789956971631
"2002-12-05",2002-12-05,-0.0326424369244785,1236000,-0.585973665973667,37.34,0,37.34,39.150002,5738,-1.02442448172815,-2.22426840459987
"2002-12-06",2002-12-06,0.00374933047670041,1232900,-0.584421344421345,37.48,0.00373532550693689,37.34,37.48,5738,-0.997350868063769,-2.19552305358838
"2002-12-09",2002-12-09,-0.0352187833511206,1101100,-0.59905751905752,36.16,0,0,37.48,5740,-1.02504387421145,-2.29539644042811
"2002-12-10",2002-12-10,0.00967914823008868,835900,-0.595176737352738,36.509998,0.00958636042653316,36.16,36.509998,5740,-0.993521854611078,-2.22218472199309
"2002-12-11",2002-12-11,0.00164344024340941,873800,-0.594511434511435,36.57,0.0112113754443534,0,36.57,0,1.16951324022019,-2.20973381707252
"2002-12-12",2002-12-12,-0.00683620453923981,847900,-0.597283437283438,36.32,0.00440528634361248,36.16,36.57,5743,-1.00466265678183,-2.26180340678165
"2002-12-13",2002-12-13,-0.0137665198237885,888300,-0.602827442827444,35.82,0,35.82,36.32,5744,-1.00928203462199,-2.31589095922608
"2002-12-16",2002-12-16,0.0284757118927974,1136700,-0.591517671517672,36.84,0.0276872964169382,35.82,36.84,5744,-0.981238791557456,-2.10389034956736
"2002-12-17",2002-12-17,-0.00868621064060804,963100,-0.595065835065836,36.52,0.0191675794085433,35.82,36.84,5746,-1.00599840667323,-2.16949523179103
"2002-12-18",2002-12-18,-0.0553121577217964,2303200,-0.617463617463618,34.5,0,34.5,36.52,5747,-1.03763916709368,-2.39545791455938
"2002-12-19",2002-12-19,-0.000289797101449364,1538000,-0.617574475398476,34.490002,0,34.490002,34.5,5748,-1.0001795375982,-2.39606057396803
"2002-12-20",2002-12-20,0.0211655250121472,2673700,-0.609480238392239,35.220001,0.0207268307573304,34.490002,35.220001,5748,-0.986893504623852,-2.23937997480835
"2002-12-23",2002-12-23,0.00227137983329405,1097300,-0.60859321968122,35.299999,0.0229460913015891,0,35.299999,0,1.10707187076702,-2.22249324115688
"2002-12-24",2002-12-24,-0.00849855548154547,620300,-0.611919611919613,35,0.0145713714285716,34.490002,35.299999,5751,-1.00546570702864,-2.28610425208437
"2002-12-26",2002-12-26,0.0137142857142856,976000,-0.606597366597367,35.48,0.0135287485907553,35,35.48,5751,-0.991302378255946,-2.26283884705017
"2002-12-27",2002-12-27,-0.0188838500563697,1129900,-0.614026322938324,34.810001,0,0,35.48,5753,-1.01224693140794,-2.37677167537735
"2002-12-30",2002-12-30,0.0120654693460077,869700,-0.60936936936937,35.23,0.0119216292932159,34.810001,35.23,5753,-0.992415710214721,-2.28664516384863
"2002-12-31",2002-12-31,-0.00510931024694854,1108100,-0.611365222453223,35.049999,0.00684730404699874,34.810001,35.23,5755,-1.00327527634991,-2.32508092847778
"2003-01-02",2003-01-02,0.0405136102856951,1074900,-0.595620224532225,36.470001,0.0389361656447447,35.049999,36.470001,5755,5.68634974838176,-2.06504067490359
"2003-01-03",2003-01-03,-0.00575823949113685,1176600,-0.597948740124741,36.259998,0.0333700790606773,35.049999,36.470001,5757,-1.00390939645198,-2.10795827286705
"2003-01-06",2003-01-06,0.0325427762020284,1178100,-0.584864875952877,37.439999,0.0315171215682991,36.259998,37.439999,5757,-0.978118752839692,-2.04690344998249
"2003-01-07",2003-01-07,-0.0117521103566269,1141200,-0.589743589743591,37,0.0200000540540539,36.259998,37.439999,5759,-1.0083416084489,-2.13603619341955
"2003-01-08",2003-01-08,-0.0183783783783784,1080000,-0.597283437283438,36.32,0.00165203744493381,36.259998,37.439999,0,-1.01278495887192,-2.2767709538073
"2003-01-09",2003-01-09,0.0170704570484581,1215500,-0.590408881496882,36.939999,0.0184082571307053,36.259998,37.439999,0,11.1427602244469,-2.14830645381079
"2003-01-10",2003-01-10,0,783500,-0.590408881496882,36.939999,0.0184082571307053,36.259998,37.439999,0,-1,-2.14830645381079
"2003-01-13",2003-01-13,0.00054141853117005,719100,-0.590187121275122,36.959999,0.0189394215081012,36.259998,37.439999,0,1.02885468046347,-2.14421331339401
"2003-01-14",2003-01-14,0.00595240816970791,1051600,-0.587747747747749,37.18,0.0247445400753092,36.259998,37.439999,0,1.30650981418439,-2.09939360123958
"2003-01-15",2003-01-15,-0.0158687466379773,842300,-0.594289674289675,36.59,0.00901891227111229,36.259998,37.439999,0,-1.01113050040089,-2.2204471925011
"2003-01-16",2003-01-16,-0.0032795572560809,866000,-0.595620224532225,36.470001,0.00575823949113685,36.259998,37.439999,0,-1.00223889173935,-2.24540655833537
"2003-01-17",2003-01-17,0.00630655315858085,775100,-0.593069981981983,36.700001,0.0119891822346271,36.259998,37.439999,0,2.08209162767213,-2.19766920923918
"2003-01-21",2003-01-21,-0.0185286370973123,867000,-0.600609840609841,36.02,0,36.02,37.18,5768,-1.01271326969317,-2.30383535993316
"2003-01-22",2003-01-22,-0.0474735980011106,3015300,-0.619570328482329,34.310001,0,34.310001,36.02,5769,-1.03156872663497,-2.40691067360966
"2003-01-23",2003-01-23,0.0445933825533845,2047400,-0.602605682605683,35.84,0.0426897042410715,34.310001,35.84,5769,-0.972618692185919,-2.08261042923285
"2003-01-24",2003-01-24,-0.0267856863839287,1484400,-0.613250162162163,34.880001,0.0163417426507528,34.310001,35.84,5771,-1.01766408758453,-2.283713243702
"2003-01-27",2003-01-27,-0.00229363525534304,1726900,-0.614137225225226,34.799999,0.0140804027034599,34.310001,35.84,0,-1.00144649462454,-2.30082897564176
"2003-01-28",2003-01-28,0.0126437647311426,1109600,-0.609258467082468,35.240002,0.0263904922593363,34.310001,35.84,0,1.87427112811564,-2.20738486807504
"2003-01-29",2003-01-29,-0.00085139041706052,1073800,-0.609591140679141,35.209999,0.0255608641170368,34.310001,35.84,0,-1.00054603032153,-2.21370351436394
"2003-01-30",2003-01-30,-0.0332291403927619,1452300,-0.622564091476092,34.040001,0,34.040001,35.240002,5775,-1.02128139654802,-2.4231857326551
"2003-01-31",2003-01-31,0.000587544048544626,2011400,-0.622342331254332,34.060001,0.000587199043241449,34.040001,34.060001,5775,-0.99964379535409,-2.41878796976249
"2003-02-03",2003-02-03,0,1302800,-0.622342331254332,34.060001,0.000587199043241449,0,34.060001,0,-1,-2.41878796976249
"2003-02-04",2003-02-04,-0.0187904574635802,1187100,-0.629438691614692,33.419998,0,0,34.060001,5778,-1.01140266378162,-2.46055827129715
"2003-02-05",2003-02-05,-0.00748055101619096,1065300,-0.632210694386695,33.169998,0,33.169998,33.419998,5779,-1.00440392814889,-2.47562777041331
"2003-02-06",2003-02-06,-0.0186915597643388,1364400,-0.639085250173251,32.549999,0,32.549999,33.169998,5780,-1.01087383659845,-2.51300006794337
"2003-02-07",2003-02-07,-0.0089094011953732,1169900,-0.642300784476785,32.259998,0,32.259998,32.549999,5781,-1.0050314638034,-2.53048074719611
"2003-02-10",2003-02-10,0.0170490711127755,857600,-0.636202345114346,32.810001,0.0167632728813387,32.259998,32.810001,5781,-0.990505321634619,-2.40619712239927
"2003-02-11",2003-02-11,-0.0240780547370296,1447600,-0.644961884961886,32.02,0,0,32.810001,5783,-1.01376848091619,-2.54494734579162
"2003-02-12",2003-02-12,-0.0153029044347284,1402500,-0.650394999307,31.530001,0,31.530001,32.02,5784,-1.00842393088924,-2.57448350378129
"2003-02-13",2003-02-13,0,935900,-0.650394999307,31.530001,0,31.530001,31.530001,5784,-1,-2.57448350378129
"2003-02-14",2003-02-14,0.0266412297291079,895200,-0.641081092169093,32.369999,0.025949892676858,0,32.369999,0,-0.98567961446839,-2.38277813988048
"2003-02-18",2003-02-18,0.00247148602012624,1067600,-0.64019402910603,32.450001,0.0283513088335499,0,32.450001,0,1.09254050437108,-2.36490090858905
"2003-02-19",2003-02-19,-0.015100215251149,1014800,-0.645627176715178,31.959999,0.0134542557401207,31.530001,32.450001,5788,-1.00848672021627,-2.47542242199193
"2003-02-20",2003-02-20,-0.00844799776120147,977400,-0.648620917532918,31.690001,0.00504891116917294,31.530001,32.450001,0,-1.00463694981517,-2.53739151846065
"2003-02-21",2003-02-21,0.0157777842922757,1070900,-0.643076934164935,32.189999,0.0205032003884188,31.530001,32.450001,0,4.06091525507616,-2.42323815130316
"2003-02-24",2003-02-24,-0.0264056858156473,1123400,-0.652501732501733,31.34,0,31.34,32.189999,5791,-1.01465578663467,-2.58593638338756
"2003-02-25",2003-02-25,0.0111678685386088,1940900,-0.648620917532918,31.690001,0.0110445247382605,31.34,31.690001,5791,-0.994052406644292,-2.50479743367375
"2003-02-26",2003-02-26,-0.0186178914920197,1388200,-0.655162855162856,31.1,0,0,31.690001,5793,-1.01008591837405,-2.60040310253907
"2003-02-27",2003-02-27,0.017684887459807,972200,-0.64906444906445,31.65,0.0173775671406002,31.1,31.65,5793,-0.990691770679078,-2.47278015729921
"2003-02-28",2003-02-28,0.0116903633491313,1062000,-0.644961884961886,32.02,0.0287320424734542,0,32.02,0,1.65339844415423,-2.38875071675788
"2003-03-03",2003-03-03,-0.0137414116177391,2259200,-0.649840609840611,31.58,0.0151994933502215,31.1,32.02,5796,-1.0075643615421,-2.48884032709377
"2003-03-04",2003-03-04,-0.0272324572514249,1339300,-0.659376310464311,30.719999,0,30.719999,31.58,5797,-1.01467390692318,-2.62330880147362
"2003-03-05",2003-03-05,-0.00813802109824287,2252300,-0.662148313236314,30.469999,0,30.469999,30.719999,5798,-1.00420397689151,-2.63837830058978
"2003-03-06",2003-03-06,-0.0246143756027035,2832200,-0.670464321552322,29.719999,0,29.719999,30.469999,5799,-1.01255913237227,-2.68358679793824
"2003-03-07",2003-03-07,0.00336477131106225,2611500,-0.66935550935551,29.82,0.00335348759221998,29.719999,29.82,5799,-0.998346202532828,-2.65932830028953
"2003-03-10",2003-03-10,-0.0392354124748492,1227000,-0.682328482328483,28.65,0,0,29.82,5801,-1.01938128960119,-2.74808419387738
"2003-03-11",2003-03-11,-0.0132635253054101,1425400,-0.686541926541927,28.27,0,28.27,28.65,5802,-1.00617509648588,-2.77098983253393
"2003-03-12",2003-03-12,0.00636720905553593,1969200,-0.684546073458074,28.450001,0.00632692420643499,28.27,28.450001,5802,-0.997092889732305,-2.72574453686299
"2003-03-13",2003-03-13,0.059050894233712,2632000,-0.665918237006238,30.129999,0.061732461391718,0,30.129999,0,9.75710461790123,-2.32327529337648
"2003-03-14",2003-03-14,0.000663823453827431,1894400,-0.665696465696466,30.15,0.0623548922056384,0,30.15,0,1.01008271499124,-2.31868593896265
"2003-03-17",2003-03-17,0.0494195356550581,2433600,-0.649175340263341,31.639999,0.106510717652045,0,31.639999,0,1.70813730702616,-1.9888265077654
"2003-03-18",2003-03-18,0.0176991788147655,2375800,-0.642966031878033,32.200001,0.122049716706531,0,32.200001,0,1.14589141259238,-1.87059570978354
"2003-03-19",2003-03-19,0.0152173287199587,1964400,-0.637532928620929,32.689999,0.135209517748838,0,32.689999,0,1.10782328216255,-1.76951869870095
"2003-03-20",2003-03-20,0.014377516499771,2481200,-0.632321552321553,33.16,0.147466827503016,0,33.16,0,1.09065419327171,-1.67455329978318
"2003-03-21",2003-03-21,-0.0437274125452351,3932100,-0.64839917948718,31.709999,0.108483100235986,28.27,33.16,5810,-1.02542634693788,-1.97388454156173
"2003-03-24",2003-03-24,-0.0274361093483478,1735200,-0.658045738045739,30.84,0.0833333333333334,28.27,33.16,0,-1.01487749963871,-2.16304856444049
"2003-03-25",2003-03-25,0.0220492866407263,1889300,-0.650505890505891,31.52,0.103109137055838,28.27,33.16,0,1.23730964467005,-2.01455189383371
"2003-03-26",2003-03-26,-0.00253803934010155,1939400,-0.651392920304921,31.440001,0.100827000609828,28.27,33.16,0,-1.00136359994886,-2.03178050139894
"2003-03-27",2003-03-27,-0.0095420480425557,905100,-0.654719345807347,31.139999,0.0921643896006548,28.27,33.16,0,-1.00510663441179,-2.0969567620217
"2003-03-28",2003-03-28,-0.00417466294716316,571600,-0.656160776160777,31.01,0.0883585940019349,28.27,33.16,0,-1.00220160036917,-2.12548237088719
"2003-03-31",2003-03-31,-0.018058658497259,1067200,-0.662370051282052,30.450001,0.071592805530614,28.27,33.16,0,-1.00946303916184,-2.25038221009336
"2003-04-01",2003-04-01,0.0124794412978836,1582700,-0.658156618156619,30.83,0.0830360038923127,28.27,33.16,0,1.15983726684388,-2.16526772292897
"2003-04-02",2003-04-02,0.0304897826792086,815000,-0.647733887733889,31.77,0.110166824047844,28.27,33.16,0,1.32673561929493,-1.96111453702191
"2003-04-03",2003-04-03,-0.012590462700661,1027800,-0.652169081081082,31.370001,0.0988205578954237,28.27,33.16,0,-1.00684724611632,-2.04690762943257
"2003-04-04",2003-04-04,0.0079693972595028,1065200,-0.649397078309079,31.620001,0.105945632323035,28.27,33.16,0,1.0721011354252,-1.99310393283514
"2003-04-07",2003-04-07,0.0433270384779557,2361700,-0.634206492030493,32.990002,0.143073710635119,28.27,33.16,0,1.35044463370494,-1.70868283565209
"2003-04-08",2003-04-08,0,1633000,-0.634206492030493,32.990002,0.143073710635119,28.27,33.16,0,-1,-1.70868283565209
"2003-04-09",2003-04-09,-0.026977991695787,1051600,-0.644074866250867,32.099998,0.119314586873183,28.27,33.16,0,-1.01556019111186,-1.89149273621968
"2003-04-10",2003-04-10,0.0105919321241079,770800,-0.640304931392932,32.439999,0.128544979301633,28.27,33.16,0,1.07736181023919,-1.82081877350558
"2003-04-11",2003-04-11,-0.00739821231190543,765000,-0.642966031878033,32.200001,0.122049716706531,28.27,33.16,0,-1.0041559893648,-1.87059570978354
"2003-04-14",2003-04-14,0.0226707756934542,1519200,-0.634871794871796,32.93,0.14151229881567,28.27,33.16,0,1.15946437758587,-1.72078797311842
"2003-04-15",2003-04-15,0.0282417552383844,3012300,-0.624559933471934,33.860001,0.100708797970797,30.450001,33.860001,5810,-0.98375756887744,-1.88655033753867
"2003-04-16",2003-04-16,-0.0100413759586125,2073600,-0.628329868329869,33.52,0.0915870823389022,30.450001,33.860001,5828,-1.0060361458619,-1.95663349821383
"2003-04-17",2003-04-17,0.00596661694510741,1915700,-0.626112255024256,33.720001,0.0969750860920794,30.450001,33.860001,0,1.05882929792697,-1.91528691634789
"2003-04-21",2003-04-21,0.00622772816643737,1381200,-0.623783783783785,33.93,0.0120837017388741,33.52,33.93,5828,-0.996281064263179,-2.36412548128212
"2003-04-22",2003-04-22,0.0356616268788684,1760600,-0.610367301455302,35.139999,0.0461012819038498,0,35.139999,0,3.81516218292106,-2.10625865299453
"2003-04-23",2003-04-23,0.00284584527165165,1694200,-0.609258467082468,35.240002,0.0488082265148564,0,35.240002,0,1.05871733928467,-2.08551485049722
"2003-04-24",2003-04-24,-0.0130534328573534,1171900,-0.614358985446986,34.779999,0.0362276893682485,33.52,35.240002,5833,-1.00837168236486,-2.18163475812815
"2003-04-25",2003-04-25,-0.0132259635775147,787000,-0.61945945945946,34.32,0.0233100233100232,33.52,35.240002,0,-1.00830210696563,-2.2795871659008
"2003-04-28",2003-04-28,0.0227272144522144,932200,-0.610810832986834,35.099998,0.0450141905990991,33.52,35.240002,0,1.93110877670136,-2.11457961129641
"2003-04-29",2003-04-29,-0.00113951573444533,1060900,-0.611254320166321,35.060001,0.0439247277830938,33.52,35.240002,0,-1.0007260630551,-2.12291322078465
"2003-04-30",2003-04-30,0.0017112948741787,1090500,-0.610589061677063,35.119999,0.0455580593837716,33.52,35.240002,0,1.03718478595345,-2.11041734535532
"2003-05-01",2003-05-01,-0.008257318002771,900700,-0.613804551628553,34.830002,0.0376113099275733,33.52,35.240002,0,-1.00526620955616,-2.17109887085283
"2003-05-02",2003-05-02,0.0295721774578134,917400,-0.602383911295912,35.860001,0.0429448119647291,34.32,35.860001,5833,1.14180580382407,-2.08001796134452
"2003-05-05",2003-05-05,-0.00362523693181158,1162900,-0.603825363825365,35.73,0.0394626364399663,34.32,35.860001,5840,-1.00239291339364,-2.10678438790104
"2003-05-06",2003-05-06,0.0114749230338653,861100,-0.599279290367291,36.139999,0.0113447429813157,35.73,36.139999,5840,-0.992471211495203,-2.23492838698088
"2003-05-07",2003-05-07,-0.0047038739541747,733000,-0.601164230076231,35.970001,0.00667225447116349,35.73,36.139999,5842,-1.00314534431481,-2.27057667700061
"2003-05-08",2003-05-08,-0.0216847922801004,986700,-0.609812900900902,35.189999,0,35.189999,35.970001,5843,-1.01438653597799,-2.35386615727679
"2003-05-09",2003-05-09,0.00909346431069813,641500,-0.606264748440749,35.509998,0.00901151838983494,35.189999,35.509998,5843,-0.994181571995426,-2.2855877447569
"2003-05-12",2003-05-12,0.0152070129657568,1317300,-0.600277211365212,36.049999,0.0238557565563317,0,36.049999,0,2.64725160892321,-2.17233951074776
"2003-05-13",2003-05-13,0.0135922888652506,1067200,-0.594844063756065,36.540001,0.0369458665313117,0,36.540001,0,1.54871912966037,-2.07164112162219
"2003-05-14",2003-05-14,0.000273617945440206,1337600,-0.594733205821207,36.549999,0.0372093033436198,0,36.549999,0,1.00713034601814,-2.06960633492624
"2003-05-15",2003-05-15,0.0106703149294204,733200,-0.590408881496883,36.939999,0.047374121477372,0,36.939999,0,1.27317947987046,-1.99083869382895
"2003-05-16",2003-05-16,-0.00162420145165679,808800,-0.591074139986141,36.880001,0.0458243479982552,35.189999,36.939999,5849,-1.00112677588381,-2.00288032041995
"2003-05-19",2003-05-19,-0.0344360077430584,1413500,-0.605155914067915,35.610001,0.0117944955968969,35.189999,36.939999,0,-1.02382404021618,-2.26443060459967
"2003-05-20",2003-05-20,0.00140407185048941,720500,-0.604601524601525,35.66,0.0131800616937744,35.189999,36.939999,0,1.11747565510491,-2.25388438186812
"2003-05-21",2003-05-21,0.00644977565900187,928900,-0.602051293139294,35.889999,0.0195040406660363,35.189999,36.939999,0,1.47981406454638,-2.2056413181707
"2003-05-22",2003-05-22,-0.00696572880929866,1055700,-0.604823295911297,35.639999,0.0126262629805349,35.189999,36.939999,0,-1.00460426346325,-2.25810063009641
"2003-05-23",2003-05-23,0.00617289579609679,733100,-0.602383911295912,35.860001,0.0186838254689395,35.189999,36.939999,0,1.47975893562039,-2.21190849127036
"2003-05-27",2003-05-27,0.0211934740325301,755300,-0.593957045045046,36.619999,0.0390497006840442,35.189999,36.939999,0,2.09002705302302,-2.05538188297999
"2003-05-28",2003-05-28,0.0158383947525504,1249900,-0.587525976437977,37.200001,0.0427419343348944,35.610001,37.200001,5849,1.09455216265867,-2.00034835416499
"2003-05-29",2003-05-29,-0.00134405910365432,885200,-0.588080365904367,37.150002,0.0414535913080167,35.610001,37.200001,5857,-1.00094359992345,-2.01036604100104
"2003-05-30",2003-05-30,0.0271870241083701,1075300,-0.576881496881498,38.16,0.0264674528301886,37.150002,38.16,5857,-0.980956907130122,-2.03095485652481
"2003-06-02",2003-06-02,0.0267295597484278,1547700,-0.565571725571727,39.18,0.0518120980091883,0,39.18,0,1.95757779721409,-1.83168965287511
"2003-06-03",2003-06-03,0.0020418070444105,866700,-0.564684706860708,39.259998,0.053744169829046,0,39.259998,0,1.03728997462166,-1.81636416954859
"2003-06-04",2003-06-04,0.0191034141163227,920800,-0.5563686985447,40.009998,0.0714820330658352,0,40.009998,0,1.33004255704779,-1.67472693949141
"2003-06-05",2003-06-05,0.00599855066226189,1224300,-0.553707553707555,40.25,0.0770185838509316,0,40.25,0,1.07745373973901,-1.63016162802002
"2003-06-06",2003-06-06,-0.00521736645962741,1040100,-0.556036024948026,40.040001,0.0721777954001549,37.150002,40.25,5863,-1.00420523654568,-1.66913603081353
"2003-06-09",2003-06-09,-0.0509490746516214,1864000,-0.57865557865558,38,0.0223683684210526,37.150002,40.25,0,-1.04068001477003,-2.0628832779178
"2003-06-10",2003-06-10,0.0160526578947368,953800,-0.571891880803882,38.610001,0.037814010934628,37.150002,40.25,0,1.69051270181326,-1.9421461565898
"2003-06-11",2003-06-11,0.0202019678787371,748200,-0.563243254331255,39.389999,0.0568671504662898,37.150002,40.25,0,1.50386454810627,-1.79155044199175
"2003-06-12",2003-06-12,0.00355420166423445,774100,-0.561690932778934,39.529999,0.060207363020677,37.150002,40.25,0,1.05873711847699,-1.7649530521401
"2003-06-13",2003-06-13,-0.0146723504850075,956800,-0.568121957033958,38.950001,0.0462130668494719,37.150002,40.25,0,-1.01144940015892,-1.87599166697087
"2003-06-16",2003-06-16,0.0379974059564209,1360100,-0.551711711711713,40.43,0.0601038832550087,38,40.43,5863,1.30058200748249,-1.71126534435055
"2003-06-17",2003-06-17,0.00494684640118725,1134200,-0.549494098406099,40.630001,0.0647305177275285,0,40.630001,0,1.07697729700575,-1.67405781090757
"2003-06-18",2003-06-18,0.00098442035480136,1053100,-0.549050611226612,40.669998,0.0656503105802956,0,40.669998,0,1.01420957046317,-1.66664658194034
"2003-06-19",2003-06-19,-0.0378656768067704,1216100,-0.566126115038116,39.130001,0.0288781234633754,38,40.669998,5872,-1.0311000542798,-1.95937995834549
"2003-06-20",2003-06-20,0.00766672610102923,986700,-0.562799722799724,39.43,0.0362668019274663,38,40.669998,0,1.25585729188608,-1.90112938583112
"2003-06-23",2003-06-23,-0.0190210499619579,1161800,-0.571115731115732,38.68,0.0175801447776629,38,40.669998,0,-1.01477614145693,-2.04792456492715
"2003-06-24",2003-06-24,0.0349017321613236,2594200,-0.556146927234928,40.029999,0.0507119423110651,38,40.669998,0,2.88461460087058,-1.78643421657005
"2003-06-25",2003-06-25,0.0162378470206807,1964800,-0.54893970893971,40.68,0.0491642084562438,38.68,40.68,5872,-0.987040801733723,-1.75566743789514
"2003-06-26",2003-06-26,0.0152408800393314,1187000,-0.542065153153154,41.299999,0.0634382339815553,0,41.299999,0,1.29033367918484,-1.64069694414024
"2003-06-27",2003-06-27,0,1257200,-0.542065153153154,41.299999,0.0634382339815553,0,41.299999,0,-1,-1.64069694414024
"2003-06-30",2003-06-30,0.00726389848096606,1617700,-0.538738760914762,41.599998,0.0701922629900127,0,41.599998,0,1.10646622051965,-1.58589653030079
"2003-07-01",2003-07-01,-0.00961531296227464,1795400,-0.543173932085933,41.200001,0.0611650713309448,38.68,41.599998,5880,-1.00823250802233,-1.65908226691716
"2003-07-02",2003-07-02,-0.000485461153265521,1464300,-0.543395703395704,41.18,0.060709082078679,38.68,41.599998,0,-1.00040828783686,-1.66276679143991
"2003-07-03",2003-07-03,0.0041281690140845,654700,-0.541510763686765,41.349998,0.0645706923613394,38.68,41.599998,0,1.06360844457598,-1.63152669641043
"2003-07-07",2003-07-07,0.0270859263403109,792100,-0.529092158004159,42.470001,0.0303744047474829,41.18,42.470001,5880,-0.977066742684751,-1.74991718358074
"2003-07-08",2003-07-08,0.0160113252646261,1179500,-0.5215522993763,43.150002,0.0456547371654815,0,43.150002,0,1.50306606977261,-1.62585928137758
"2003-07-09",2003-07-09,-0.00625726506339445,1261500,-0.524546073458074,42.880001,0.0396455447843856,41.18,43.150002,5885,-1.00574012248696,-1.67480230427974
"2003-07-10",2003-07-10,-0.0128264689172932,1597000,-0.530644468468469,42.330002,0.0271675394676334,41.18,43.150002,0,-1.01162604262804,-1.77578959445803
"2003-07-11",2003-07-11,0.000944885379405359,959400,-0.530200981288982,42.369999,0.0280858869031364,41.18,43.150002,0,1.03380311406549,-1.76838622324419
"2003-07-14",2003-07-14,0.0304460946529642,1097500,-0.515897435897437,43.66,0.0304626202473659,42.330002,43.66,5885,1.08462375969918,-1.67770686022019
"2003-07-15",2003-07-15,0.00114519010535975,1409600,-0.515343046431047,43.709999,0.031571654806032,0,43.709999,0,1.03640640725126,-1.6686639519199
"2003-07-16",2003-07-16,-0.00571951511598067,1315700,-0.51811504920305,43.459999,0.0260008519558411,42.330002,43.709999,5890,-1.00537894668648,-1.71401812804833
"2003-07-17",2003-07-17,-0.0216290617033838,1352900,-0.528537768537769,42.52,0.004468438381938,42.330002,43.709999,0,-1.02011661184278,-1.88773651389798
"2003-07-18",2003-07-18,0.014110983066792,1058800,-0.521884972972974,43.119999,0.0183208956011339,42.330002,43.709999,0,4.10006674259834,-1.77626336104769
"2003-07-21",2003-07-21,-0.00487010679197844,1014000,-0.524213444213445,42.91,0.0135166161733861,42.330002,43.709999,0,-1.00446165603736,-1.81503928904318
"2003-07-22",2003-07-22,0.0198088557445818,1677200,-0.514788656964658,43.759998,0.0283363358471818,42.52,43.759998,5890,2.09640752416832,-1.68323834738053
"2003-07-23",2003-07-23,-0.00822660001035655,1084200,-0.518780296604298,43.400002,0.0202765428443988,42.52,43.759998,5895,-1.00775393860303,-1.74875381344991
"2003-07-24",2003-07-24,-0.00345626712183102,1320000,-0.520443520443521,43.25,0.0168786127167629,42.52,43.759998,0,-1.00320602738791,-1.77626787512424
"2003-07-25",2003-07-25,0.0154912832369942,1714500,-0.513014575190576,43.919998,0.015254964264798,43.25,43.919998,5895,-0.985725741677763,-1.74470841353388
"2003-07-28",2003-07-28,-0.00500903939021125,1159900,-0.515453904365905,43.700001,0.0102975054851829,43.25,43.919998,5898,-1.00475489253775,-1.78491973318883
"2003-07-29",2003-07-29,-0.00709386711455675,1236700,-0.518891209979211,43.389999,0.0032265269238656,43.25,43.919998,0,-1.00666850242901,-1.84204614759258
"2003-07-30",2003-07-30,0.000921894466971447,1607600,-0.518447678447679,43.43,0.00414460050656229,43.25,43.919998,0,1.28453925981711,-1.83464402401874
"2003-07-31",2003-07-31,0.00782868984572884,1282400,-0.514677754677755,43.77,0.0118802832990633,43.25,43.919998,0,2.86644835376844,-1.77209584417041
"2003-08-01",2003-08-01,-0.023532053918209,1318400,-0.526098383922385,42.740002,0,42.740002,43.77,5902,-1.02218986373674,-1.89876710313494
"2003-08-04",2003-08-04,-0.00140388388376765,1277000,-0.526763686763688,42.68,0,42.68,42.740002,5903,-1.00126459776657,-1.90238390347881
"2003-08-05",2003-08-05,-0.0229615510777882,1306200,-0.537629926541927,41.700001,0,41.700001,42.68,5904,-1.02062830079461,-1.96145627973614
"2003-08-06",2003-08-06,0.0105515105383331,1419100,-0.532751223839225,42.139999,0.0104413386436009,41.700001,42.139999,5904,-0.990925537322517,-1.87817160489407
"2003-08-07",2003-08-07,0.0130517326305584,1169600,-0.526652817740819,42.689999,0.0231903964204825,0,42.689999,0,2.22101755455418,-1.77571072603817
"2003-08-08",2003-08-08,-0.00257664564480313,792800,-0.527872465696466,42.580002,0.0206670023171911,41.700001,42.689999,5907,-1.00231584815378,-1.79605910720453
"2003-08-11",2003-08-11,0.000704532611341741,611100,-0.527539836451837,42.610001,0.0213564885858604,41.700001,42.689999,0,1.03336169697411,-1.79050255835118
"2003-08-12",2003-08-12,0.0150199245477606,857800,-0.520443520443521,43.25,0.0154912832369942,42.580002,43.25,5907,-0.986548284095387,-1.78380984462743
"2003-08-13",2003-08-13,-0.00786127167630066,992400,-0.524213444213445,42.91,0.00769046842227905,42.580002,43.25,5910,-1.00724367509987,-1.84671210310839
"2003-08-14",2003-08-14,0.0142158005127012,792800,-0.517449757449758,43.52,0.0140165441176472,42.91,43.52,5910,1.82258652503425,-1.77555194201487
"2003-08-15",2003-08-15,-0.0107996553308824,505600,-0.522661133749134,43.049999,0.00325200936706183,42.91,43.52,5912,-1.01007127015589,-1.86240213562893
"2003-08-18",2003-08-18,0.00859463434598454,825800,-0.518558580734581,43.419998,0.0117456937699537,42.91,43.52,0,3.61182654912396,-1.793924935481
"2003-08-19",2003-08-19,0.00460619551387359,658900,-0.516340967428968,43.619999,0.0130674005746768,43.049999,43.619999,5912,1.11252692523826,-1.77468405238622
"2003-08-20",2003-08-20,-0.000229206791132734,854400,-0.516451825363826,43.610001,0.012841137059364,43.049999,43.619999,5915,-1.0002146990881,-1.77651675307711
"2003-08-21",2003-08-21,-0.00504476026038142,1229900,-0.518891209979211,43.389999,0.00783590707158122,43.049999,43.619999,0,-1.00472335365194,-1.81698807378271
"2003-08-22",2003-08-22,-0.0184374053569349,1253400,-0.527761607761608,42.59,0,42.59,43.610001,5917,-1.01709490855078,-1.90780892316063
"2003-08-25",2003-08-25,-0.00586992251702277,1212200,-0.530533610533611,42.34,0,42.34,42.59,5918,-1.00525237670046,-1.92287842227678
"2003-08-26",2003-08-26,0.00448745866792615,1342500,-0.5284268995149,42.529999,0.00446741134416662,42.34,42.529999,5918,-0.996029071529338,-1.88713937751916
"2003-08-27",2003-08-27,-0.00705382099820881,1401200,-0.531753291753293,42.23,0,0,42.529999,5920,-1.0062948957395,-1.92950900188789
"2003-08-28",2003-08-28,-0.00189434051622061,1069600,-0.532640310464311,42.150002,0,42.150002,42.23,5921,-1.00166810196528,-1.93433112104907
"2003-08-29",2003-08-29,0.00213523121541006,713700,-0.53164238946639,42.240002,0.00213068171729713,42.150002,42.240002,5921,-0.998126463622231,-1.91732302988554
"2003-09-02",2003-09-02,0.0217802546505561,1328600,-0.521441441441442,43.16,0.02340125115848,0,43.16,0,10.9829877304084,-1.7462337332117
"2003-09-03",2003-09-03,0.00278032900834106,1111200,-0.520110891198892,43.279999,0.0261089885884701,0,43.279999,0,1.11570908801638,-1.72428030187795
"2003-09-04",2003-09-04,-0.00115524494351305,927300,-0.520665280665281,43.23,0.0249826046726809,42.150002,43.279999,5925,-1.00106590628224,-1.73341752686669
"2003-09-05",2003-09-05,-0.0122599814943326,1015900,-0.526541915453916,42.700001,0.0128805383400342,42.150002,43.279999,0,-1.01128678059948,-1.83115553181861
"2003-09-08",2003-09-08,0.00093679154714766,1441600,-0.526098383922385,42.740002,0.013804398043781,42.150002,43.279999,0,1.07172523999834,-1.82372195302873
"2003-09-09",2003-09-09,-0.00257372472748122,1115000,-0.527318076230077,42.630001,0.0112596525625228,42.150002,43.279999,0,-1.00231837303623,-1.8441866482687
"2003-09-10",2003-09-10,-0.024630517836488,863300,-0.538960476784477,41.580002,0,41.580002,43.23,5929,-1.02207851594551,-1.9686895790339
"2003-09-11",2003-09-11,0.00144292922352439,1022700,-0.53829522938323,41.639999,0.00144085017869489,41.580002,41.639999,5929,-0.99876568425719,-1.95724015483417
"2003-09-12",2003-09-12,-0.000240105673393581,882200,-0.538406087318088,41.630001,0.00120103288010975,41.580002,41.639999,5931,-1.00020594262926,-1.95914653825262
"2003-09-15",2003-09-15,-0.00480425162612896,989100,-0.540623700623701,41.43,0,41.43,41.630001,5932,-1.00411884887234,-1.97773139905958
"2003-09-16",2003-09-16,0.0118271300989621,939700,-0.535190597366598,41.919998,0.011688884145462,41.43,41.919998,5932,-0.989950305081269,-1.88465076557835
"2003-09-17",2003-09-17,0.00715656045594286,584800,-0.531864160776161,42.220001,0.0187115343744308,0,42.220001,0,1.60079731662798,-1.82838979922825
"2003-09-18",2003-09-18,0.0376598759436315,1070300,-0.514234223146224,43.810001,0.0543255180478083,0,43.810001,0,2.90331711770488,-1.53893870880197
"2003-09-19",2003-09-19,0.00319561736599825,728700,-0.512681901593902,43.950001,0.0573379054075562,0,43.950001,0,1.05545068814801,-1.51412348220454
"2003-09-22",2003-09-22,-0.00728100097199088,1072200,-0.516230065142066,43.630001,0.0504240419338977,41.43,43.950001,5937,-1.00692078955222,-1.57099842783983
"2003-09-23",2003-09-23,0.0064175794999408,667400,-0.513125433125434,43.91,0.0564791619221133,41.43,43.950001,0,1.12008398684408,-1.52120306827693
"2003-09-24",2003-09-24,-0.0191300387155545,1291500,-0.522439362439363,43.07,0.0380775481773856,41.43,43.950001,0,-1.018151369456,-1.67187367937607
"2003-09-25",2003-09-25,-0.0153238913396797,1067600,-0.529757449757451,42.41,0.0231077576043385,41.43,43.950001,0,-1.0140075343556,-1.79303775596851
"2003-09-26",2003-09-26,-0.013440226361707,1099300,-0.536077616077617,41.84,0.00979923518164449,41.43,43.950001,0,-1.01193030192036,-1.8997456246075
"2003-09-29",2003-09-29,0.0236616156787762,933000,-0.525100462924464,42.830002,0.0326874138366839,41.43,43.950001,0,3.33571071933375,-1.71564278282603
"2003-09-30",2003-09-30,-0.011207190697773,734000,-0.530422752598753,42.349998,0.02172368461505,41.43,43.950001,0,-1.01013575506037,-1.80417882248535
"2003-10-01",2003-10-01,0.0278630709734626,830600,-0.517338888426889,43.529999,0.0482425694519313,41.43,43.950001,0,2.22073604486548,-1.58888553446552
"2003-10-02",2003-10-02,-0.0128646453678989,1734000,-0.523548152460153,42.970001,0.0358389798501518,41.43,43.950001,0,-1.01200231448315,-1.69007099655644
"2003-10-03",2003-10-03,0.0146613215112561,1477000,-0.516562738738739,43.599998,0.0497705986133302,41.43,43.950001,0,1.38872810614109,-1.57635927674045
"2003-10-06",2003-10-06,0.0348624098560739,1666300,-0.499708950796952,45.119999,0.0726950149090206,41.84,45.119999,5937,1.46060157873107,-1.36011215763465
"2003-10-07",2003-10-07,0.00753546115991721,1478700,-0.495939027027028,45.459999,0.0796304241009772,0,45.459999,0,1.09540419244203,-1.30191452261186
"2003-10-08",2003-10-08,-0.00219969208534313,1006000,-0.497047805959807,45.360001,0.0776014312698096,41.84,45.459999,5949,-1.00223571623194,-1.31897245967493
"2003-10-09",2003-10-09,0.012125198145388,1109700,-0.490949410949412,45.91,0.0119799390111087,45.360001,45.91,5949,-0.987730767670086,-1.64255917121564
"2003-10-10",2003-10-10,-0.0034850795033761,568700,-0.492723492723493,45.75,0.008524568306011,45.360001,45.91,5951,-1.0036135734854,-1.67098815776244
"2003-10-13",2003-10-13,0.0236066010928962,488300,-0.480748418572419,46.830002,0.023062181376802,45.75,46.830002,5951,2.70537821376128,-1.52685665807851
"2003-10-14",2003-10-14,0.0192184061832839,1798800,-0.470769230769232,47.73,0.0414833438089252,0,47.73,0,1.79876062594203,-1.37246321479192
"2003-10-15",2003-10-15,0.00607584328514574,1371100,-0.467553707553708,48.02,0.0472719700124948,0,48.02,0,1.13954097408908,-1.32351376095905
"2003-10-16",2003-10-16,-0.00499793835901721,694600,-0.470214841302842,47.779999,0.0424863759415315,45.75,48.02,5955,-1.00569161083773,-1.36399656979192
"2003-10-17",2003-10-17,-0.0213478656623662,1556500,-0.481524623700624,46.759998,0.0215996159794533,45.75,48.02,0,-1.02405237224424,-1.53902733510555
"2003-10-20",2003-10-20,0.00406336629868969,749400,-0.479417868329869,46.950001,0.0255591261861741,45.75,48.02,0,1.18331391680701,-1.5060491632648
"2003-10-21",2003-10-21,-0.00234293924722168,1088600,-0.480637560637561,46.84,0.023270708795901,45.75,48.02,0,-1.00254411107358,-1.52512037651423
"2003-10-22",2003-10-22,-0.0230572587532024,919200,-0.492612634788635,45.759998,0.000218487771787124,45.75,48.02,0,-1.02491497779572,-1.71554002508565
"2003-10-23",2003-10-23,-0.00240375884631818,945400,-0.493832271656272,45.650002,0,45.650002,47.779999,5960,-1.00247585380785,-1.72335813342291
"2003-10-24",2003-10-24,0.00306679066520076,846400,-0.492279961191962,45.790001,0.00305741421582406,45.650002,45.790001,5960,-0.996856603844248,-1.69829818662394
"2003-10-27",2003-10-27,0.00698842526777845,803100,-0.488731797643798,46.110001,0.00997612209984544,0,46.110001,0,3.26292788468526,-1.64139690521495
"2003-10-28",2003-10-28,0.00845801326267599,1109000,-0.484407484407485,46.5,0.0182795268817204,0,46.5,0,1.83232790244253,-1.57274856639073
"2003-10-29",2003-10-29,-0.00451610752688179,801600,-0.486735955647956,46.290001,0.0138258584181062,45.650002,46.5,5964,-1.00480684406295,-1.60961846035642
"2003-10-30",2003-10-30,0.00237634473155453,631900,-0.485516263340264,46.400002,0.016163792406733,45.650002,46.5,0,1.16909864964081,-1.5902780589436
"2003-10-31",2003-10-31,0.00215512921745131,509200,-0.484407484407485,46.5,0.00451610752688181,46.290001,46.5,5964,-0.997716288790924,-1.64757094315666
"2003-11-03",2003-11-03,0.0103225806451612,717200,-0.47908523908524,46.98,0.014687079608344,0,46.98,0,3.25215454258346,-1.56334482753743
"2003-11-04",2003-11-04,-0.00744995742869299,536300,-0.482966031878033,46.630001,0.00729144312049235,46.290001,46.98,5968,-1.00810042238037,-1.62464712593133
"2003-11-05",2003-11-05,-0.0120094571732906,1262700,-0.48917532917533,46.07,0,46.07,46.630001,5969,-1.0128565921565,-1.69804149546377
"2003-11-06",2003-11-06,0.017581962231387,708800,-0.48019402910603,46.880001,0.0172781779590833,46.07,46.880001,5969,-0.981639916133054,-1.55528652243988
"2003-11-07",2003-11-07,0.00319961597270436,1120500,-0.47853084961885,47.029999,0.0204124818288853,0,47.029999,0,1.18140245326935,-1.52920585905167
"2003-11-10",2003-11-10,-0.00425254102174223,696100,-0.480748418572419,46.830002,0.0162289551044649,46.07,47.029999,5972,-1.00463411910713,-1.56400427506919
"2003-11-11",2003-11-11,-0.00192184488909489,464800,-0.48174633957034,46.740002,0.0143346592069037,46.07,47.029999,0,-1.00207576553426,-1.57972729684622
"2003-11-12",2003-11-12,0.00641846356788773,463900,-0.478419947331948,47.040001,0.00637752962632798,46.740002,47.040001,5972,-0.993095137492152,-1.6049014752381
"2003-11-13",2003-11-13,-0.00616498711383949,587900,-0.481635481635482,46.75,0.000213860962566925,46.740002,47.040001,5975,-1.0067211543362,-1.65588984085354
"2003-11-14",2003-11-14,-0.0282352941176471,1191400,-0.496271656271657,45.43,0,45.43,46.75,5976,-1.03038848920863,-1.73661941320112
"2003-11-17",2003-11-17,-0.00748404138234639,1029100,-0.500041580041581,45.09,0,45.09,45.43,5977,-1.00759649220801,-1.75711393199909
"2003-11-18",2003-11-18,-0.0159680860501221,1224900,-0.50802495911296,44.369999,0,44.369999,45.09,5978,-1.01596543045623,-1.80051414973161
"2003-11-19",2003-11-19,0.00856436800911355,931700,-0.503811503811504,44.75,0.00849164245810052,44.369999,44.75,5978,-0.991706204142387,-1.73144514973204
"2003-11-20",2003-11-20,-0.0145251843575419,845700,-0.511018733194734,44.099998,0,0,44.75,5980,-1.0143054085282,-1.81678926905505
"2003-11-21",2003-11-21,0.00839009108345094,752000,-0.506916135828136,44.470001,0.00832028314998245,44.099998,44.470001,5980,-0.991971728040283,-1.74925449280754
"2003-11-24",2003-11-24,0.00966946234159062,826000,-0.502148279972281,44.900002,0.0178174602308481,0,44.900002,0,2.14144878361329,-1.67170518318816
"2003-11-25",2003-11-25,-0.00445436505771203,942000,-0.504365893277894,44.700001,0.013422885605752,44.099998,44.900002,5983,-1.00441625192012,-1.70765116462225
"2003-11-26",2003-11-26,0.00626395959141022,776800,-0.501261261261262,44.98,0.00622496665184524,44.700001,44.98,5983,-0.993844484613234,-1.7299035896582
"2003-11-28",2003-11-28,-0.0020009115162293,300900,-0.502259193347194,44.889999,0.0042325240417137,44.700001,44.98,5985,-1.00199084222751,-1.74616022882697
"2003-12-01",2003-12-01,0.0100245268439413,826100,-0.497269577269578,45.34,0.00992503308337012,44.889999,45.34,5985,2.3449442898738,-1.68808875910502
"2003-12-02",2003-12-02,0.0108072783414203,1287900,-0.49183642966043,45.830002,0.0205106471520555,0,45.830002,0,2.06655705626031,-1.60100561568826
"2003-12-03",2003-12-03,-0.00240019627317487,643300,-0.493056121968122,45.720001,0.0181540240998682,44.889999,45.830002,5988,-1.00247987386484,-1.62044761686485
"2003-12-04",2003-12-04,-0.00699910308400918,765400,-0.496604274428275,45.400002,0.0112335457606367,44.889999,45.830002,0,-1.00719624461002,-1.6773584627601
"2003-12-05",2003-12-05,-0.0112335457606367,639500,-0.502259193347194,44.889999,0,44.889999,45.720001,5990,-1.01138717326875,-1.76916959157001
"2003-12-08",2003-12-08,0.0115838942210712,949100,-0.496493416493417,45.41,0.0114512442193349,44.889999,45.41,5990,-0.98852031594414,-1.67557232447326
"2003-12-09",2003-12-09,-0.00682673419951547,1355200,-0.499930722106723,45.099998,0.00465629732400419,44.889999,45.41,5992,-1.00692316453576,-1.73119814191202
"2003-12-10",2003-12-10,-0.00177379165293968,880100,-0.500817740817741,45.02,0.00288762772101292,44.889999,45.41,0,-1.00177428325925,-1.74563531820382
"2003-12-11",2003-12-11,0.00666370501999105,852900,-0.497491337491338,45.32,0.00948810679611645,44.889999,45.41,0,3.28577909370818,-1.69166959093739
"2003-12-12",2003-12-12,-0.00750220653133282,576400,-0.501261261261262,44.98,0.00200091151622928,44.889999,45.41,0,-1.00757786816738,-1.75286691270234
"2003-12-15",2003-12-15,-0.00600269008448185,858700,-0.504255035343036,44.709999,0,44.709999,45.32,5996,-1.00597248244207,-1.78001963093364
"2003-12-16",2003-12-16,0.00894658933005106,448600,-0.499819808731809,45.110001,0.00886725761766205,44.709999,45.110001,5996,-0.991204397972527,-1.70770304584413
"2003-12-17",2003-12-17,-0.0179561512312979,1044000,-0.50880111988912,44.299999,0,0,45.110001,5998,-1.01796909806376,-1.80473360948413
"2003-12-18",2003-12-18,0.00925507921569036,1394200,-0.504255035343036,44.709999,0.00917020821226155,44.299999,44.709999,5998,-0.991065105070769,-1.73016742806236
"2003-12-19",2003-12-19,0.00268403047828288,883100,-0.502924440748441,44.830002,0.0118225067221723,0,44.830002,0,1.28922991152637,-1.70851513942676
"2003-12-22",2003-12-22,0.00758411743992336,1076000,-0.499154561330562,45.169998,0.0192605498897742,0,45.169998,0,1.62914264651272,-1.64758526547364
"2003-12-23",2003-12-23,0.00863411594572132,730800,-0.494830203742204,45.560001,0.02765588174592,0,45.560001,0,1.43588225176287,-1.578436940379
"2003-12-24",2003-12-24,-0.00592625096737823,233500,-0.497823966735967,45.290001,0.0218591737279934,44.299999,45.560001,6003,-1.00605008136351,-1.6262247696262
"2003-12-26",2003-12-26,0.00507836155711294,242100,-0.495273735273736,45.52,0.0268014279437611,44.299999,45.560001,0,1.22609519816563,-1.58549320635261
"2003-12-29",2003-12-29,0.00131814586994721,881400,-0.494608432432433,45.580002,0.00636246132678986,45.290001,45.580002,6003,-0.99865669670342,-1.6929892059238
"2003-12-30",2003-12-30,0.00789813480043287,819400,-0.490616781704782,45.939999,0.0141488466292741,0,45.939999,0,2.223800806411,-1.62896001181953
"2003-12-31",2003-12-31,0.0074009579321061,769700,-0.486846857934858,46.279999,0.0213914870655032,0,46.279999,0,1.51188910488605,-1.56909216888397
"2004-01-02",2004-01-02,-0.00216073902680933,950400,-0.487955647955648,46.18,0.0192723906453011,45.290001,46.279999,6008,-1.00227749240386,-1.58663999833092
"2004-01-05",2004-01-05,0.0223040060632309,1460000,-0.476535007623008,47.209999,0.0218173908455284,46.18,47.209999,6008,1.13205420370865,-1.5107182821652
"2004-01-06",2004-01-06,0.00974367739342668,805100,-0.471434533610534,47.669998,0.0312565148418928,0,47.669998,0,1.43264220104024,-1.43167634845706
"2004-01-07",2004-01-07,0.0132158805628647,1933700,-0.464449075537076,48.299999,0.0438923197493234,0,48.299999,0,1.40426147865004,-1.3250088486498
"2004-01-08",2004-01-08,-0.00393370608558403,955700,-0.466555775467776,48.110001,0.0401164198687087,46.18,48.299999,6012,-1.00453591155987,-1.35698855428092
"2004-01-09",2004-01-09,0.0143420907432532,1845400,-0.45890506999307,48.799999,0.0141393035684284,48.110001,48.799999,6012,-0.98360173450423,-1.4566168210805
"2004-01-12",2004-01-12,-0.000614733619154307,1082800,-0.4592376992377,48.77,0.0135328890711505,48.110001,48.799999,6014,-1.00072483235941,-1.46172176505156
"2004-01-13",2004-01-13,-0.0114824892351856,1117500,-0.465446996534997,48.209999,0.00207421701045885,48.110001,48.799999,0,-1.01352087885556,-1.55777053214283
"2004-01-14",2004-01-14,0.00788220302597393,1326100,-0.461233541233542,48.59,0.00987855525828374,48.110001,48.799999,0,4.76254664216569,-1.49243793900904
"2004-01-15",2004-01-15,0.0347807985182135,2859500,-0.442494813582814,50.279999,0.0411694518927893,48.209999,50.279999,6014,4.1675579896429,-1.22046080155361
"2004-01-16",2004-01-16,0.00198890218752796,1344400,-0.441385990297991,50.380001,0.0430726867194782,0,50.380001,0,1.0462292971897,-1.20408628436059
"2004-01-20",2004-01-20,-0.00972612128372123,1948900,-0.446819137907138,49.889999,0.0336740836575282,48.209999,50.380001,6019,-1.01230928875989,-1.2847164539573
"2004-01-21",2004-01-21,0.0174383447071226,1795600,-0.43717257934858,50.759998,0.0171394608801994,49.889999,50.759998,6019,-0.978410596726581,-1.32216218767198
"2004-01-22",2004-01-22,-0.00197001583806222,1133100,-0.438281358281359,50.66,0.0151993880773785,49.889999,50.759998,6021,-1.00253624995061,-1.33873672684595
"2004-01-23",2004-01-23,-0.0207263916304777,1503300,-0.449923758835759,49.610001,0,49.610001,50.66,6022,-1.02656375940801,-1.48465732770103
"2004-01-26",2004-01-26,0.00100784114074095,1006400,-0.44936936936937,49.66,0.00100682641965366,49.610001,49.66,6022,-0.998767814645254,-1.47617005573562
"2004-01-27",2004-01-27,-0.0193314337494965,869800,-0.460013848925849,48.700001,0,0,49.66,6024,-1.02368759484301,-1.53951030448383
"2004-01-28",2004-01-28,-0.0250513547217382,1113800,-0.473541233541234,47.48,0,47.48,48.700001,6025,-1.02940647253767,-1.61304952044866
"2004-01-29",2004-01-29,0.00315924599831515,1211500,-0.471878020790021,47.630001,0.00314929659564789,47.48,47.630001,6025,-0.996487712930984,-1.586887170944
"2004-01-30",2004-01-30,-0.00356922100421532,1192800,-0.473763004851005,47.459999,0,0,47.630001,6027,-1.00399464263631,-1.61425514065594
"2004-02-02",2004-02-02,0.00695326605464095,1247100,-0.470103939015939,47.790001,0.00690525200030845,47.459999,47.790001,6027,-0.992276590198898,-1.55682410924037
"2004-02-03",2004-02-03,-0.00962542352740265,624100,-0.475204413028413,47.330002,0,0,47.790001,6029,-1.01084967299604,-1.62209109936235
"2004-02-04",2004-02-04,-0.0145785542117661,887200,-0.482855173943174,46.639999,0,46.639999,47.330002,6030,-1.01609993658519,-1.66368309775693
"2004-02-05",2004-02-05,0.00321616644974614,629100,-0.481191950103951,46.790001,0.00320585588361055,46.639999,46.790001,6030,-0.996555439541755,-1.63721321348379
"2004-02-06",2004-02-06,0.0226543487357481,747600,-0.469438691614692,47.849998,0.0252873364801394,0,47.849998,0,7.88785815651196,-1.45327668358624
"2004-02-09",2004-02-09,-0.00417964489779077,606900,-0.47165624948025,47.650002,0.0211962845248149,46.639999,47.849998,6033,-1.00472384979161,-1.48757231672201
"2004-02-10",2004-02-10,-0.000419748146075641,555600,-0.471878020790021,47.630001,0.0207852609534902,46.639999,47.849998,0,-1.00047019690721,-1.49101239333294
"2004-02-11",2004-02-11,0.0153264745889885,654800,-0.463783772695773,48.360001,0.015095119621689,47.630001,48.360001,6033,-0.982846736364841,-1.47794289531593
"2004-02-12",2004-02-12,-0.00248136884860693,750000,-0.465114322938324,48.240002,0.0126451279997873,47.630001,48.360001,6036,-1.00286890210672,-1.49849513749272
"2004-02-13",2004-02-13,0.0151326486263414,1295000,-0.457020085932086,48.970001,0.0149070652459249,48.240002,48.970001,6036,1.17887816131047,-1.44219564157622
"2004-02-17",2004-02-17,0.00142944657076877,654000,-0.456243925155926,49.040001,0.0163131929789316,0,49.040001,0,1.09432626139415,-1.43033201896652
"2004-02-18",2004-02-18,-0.00611743462240141,799000,-0.459570317394318,48.740002,0.0102585141461422,48.240002,49.040001,6039,-1.00729081978956,-1.48133054019585
"2004-02-19",2004-02-19,0.00123096014645225,951100,-0.458905069993071,48.799999,0.0114753485958063,48.240002,49.040001,0,1.1186170270206,-1.47109893758877
"2004-02-20",2004-02-20,-0.00245899595202861,1047000,-0.460235620235621,48.68,0.00903857847165168,48.240002,49.040001,0,-1.0028994019233,-1.49157930344905
"2004-02-23",2004-02-23,-0.00801148315529998,1065800,-0.464559933471934,48.290001,0.00103539032852784,48.240002,49.040001,0,-1.00939586821659,-1.55859556801346
"2004-02-24",2004-02-24,0.00496993155995172,1309500,-0.461898832986834,48.529999,0.00597562344891045,48.240002,49.040001,0,5.77137267392369,-1.51727227237814
"2004-02-25",2004-02-25,0.0199876575311696,1656600,-0.451143451143452,49.5,0.0244444242424243,48.290001,49.5,6039,4.09069019348623,-1.3584002110422
"2004-02-26",2004-02-26,0.000404040404040467,810400,-0.450921690921692,49.52,0.0248384289176091,0,49.52,0,1.01611838639672,-1.35505271490547
"2004-02-27",2004-02-27,0.00262524232633274,832300,-0.449480227304228,49.650002,0.0273917612329604,0,49.650002,0,1.10279765776736,-1.33333571866478
"2004-03-01",2004-03-01,-0.00161131916973539,600700,-0.450367290367291,49.57,0.0258220496267905,48.290001,49.650002,6047,-1.00197353077884,-1.34669153637193
"2004-03-02",2004-03-02,-0.0038329433124874,548800,-0.452474001386002,49.380001,0.0220737136072557,48.290001,49.650002,0,-1.00467776204838,-1.378521456262
"2004-03-03",2004-03-03,0.0046577560822649,532800,-0.449923758835759,49.610001,0.0266075382663266,48.290001,49.650002,0,1.20539473963187,-1.34001018721576
"2004-03-04",2004-03-04,-0.00483777454469305,670500,-0.452584903672904,49.369999,0.0218755929081547,48.290001,49.650002,0,-1.00591465728334,-1.38020140465941
"2004-03-05",2004-03-05,0.0137735469672584,1029000,-0.445045056133057,50.049999,0.0135864138578704,49.369999,50.049999,6047,-0.983340479369376,-1.38427501188963
"2004-03-08",2004-03-08,-0.0103896105971951,567500,-0.450810821898823,49.529999,0.00323036550031019,49.369999,50.049999,6052,-1.01295546526427,-1.47191838156301
"2004-03-09",2004-03-09,-0.0224106808481865,799500,-0.463118525294526,48.419998,0,48.419998,49.529999,6053,-1.02730125985854,-1.55638832432791
"2004-03-10",2004-03-10,-0.0171416363957718,710400,-0.472321552321553,47.59,0,47.59,48.419998,6054,-1.01987186114219,-1.60641894083755
"2004-03-11",2004-03-11,-0.0285774322336627,867800,-0.487401247401248,46.23,0,46.23,47.59,6055,-1.03192675626504,-1.68839701602943
"2004-03-12",2004-03-12,0.0237941163746486,766400,-0.475204413028414,47.330002,0.0232411145894311,46.23,47.330002,6055,-0.974975783427174,-1.49574492132054
"2004-03-15",2004-03-15,-0.0272554605005088,716800,-0.489507958419959,46.040001,0,0,47.330002,6057,-1.03009977390654,-1.69984977507971
"2004-03-16",2004-03-16,0.0230233922019246,1111900,-0.477754699930701,47.099998,0.0225052451169956,46.040001,47.099998,6057,-0.975989647794091,-1.51360952487887
"2004-03-17",2004-03-17,0.019532951997153,633300,-0.467553707553708,48.02,0.0412327988338194,0,48.02,0,1.83214173493632,-1.35634463892877
"2004-03-18",2004-03-18,-0.0137442523948356,922300,-0.474871783783784,47.360001,0.0278716210331161,46.040001,48.02,6060,-1.01565184087271,-1.46876371855126
"2004-03-19",2004-03-19,-0.0103463257950522,877800,-0.480304931392932,46.869999,0.0177085132858655,46.040001,48.02,0,-1.01144129382853,-1.55354998163957
"2004-03-22",2004-03-22,-0.0202688504431161,907400,-0.490838553014553,45.919998,0,45.919998,47.360001,6062,-1.02193111278511,-1.70708331548945
"2004-03-23",2004-03-23,-0.00631526595449764,836300,-0.494054042966043,45.630001,0,45.630001,45.919998,6063,-1.00655101342741,-1.7245637536302
"2004-03-24",2004-03-24,-0.0092045143720246,828000,-0.49871102979903,45.209999,0,45.209999,45.630001,6064,-1.0094260676525,-1.74988063270133
"2004-03-25",2004-03-25,0.0150409204830993,938400,-0.491171182259183,45.889999,0.0148180434695586,45.209999,45.889999,6064,-0.984881329889804,-1.62833594226731
"2004-03-26",2004-03-26,-0.00457613869200571,1466400,-0.493499653499654,45.68,0.0102889886164622,45.209999,45.889999,6066,-1.00474065117127,-1.66561566090604
"2004-03-29",2004-03-29,0.00525389667250438,1430800,-0.490838553014553,45.919998,0.00522643750986229,45.68,45.919998,6066,-0.994607695332247,-1.67867071928609
"2004-03-30",2004-03-30,0.00522652461787993,887700,-0.488177408177409,46.16,0.0103986135181975,0,46.16,0,1.98961787997566,-1.63608626635922
"2004-03-31",2004-03-31,0.00931542461005214,1148600,-0.483409563409564,46.59,0.0195320884309939,0,46.59,0,1.87833583744726,-1.56051421904505
"2004-04-01",2004-04-01,0.00729770336982177,763100,-0.47963963963964,46.93,0.0266354144470488,0,46.93,0,1.36367468031648,-1.50140373412979
"2004-04-02",2004-04-02,-0.00617943746004681,1575700,-0.482855173943174,46.639999,0.020583169395008,45.68,46.93,6071,-1.00670406287927,-1.55178636513511
"2004-04-05",2004-04-05,0.012864558594866,1134900,-0.476202334026334,47.240002,0.0127011637298405,46.639999,47.240002,6071,-0.98622187298417,-1.55846850569612
"2004-04-06",2004-04-06,0.0114309266964045,1226400,-0.470214841302842,47.779999,0.0238593558781781,0,47.779999,0,1.8785173064199,-1.46525904514597
"2004-04-07",2004-04-07,-0.00816241122148189,847000,-0.474539165627166,47.389999,0.0158261239887344,46.639999,47.779999,6074,-1.00919648625369,-1.53243869746163
"2004-04-08",2004-04-08,-0.0116058031569066,1181700,-0.480637560637561,46.84,0.00426987617421004,46.639999,47.779999,0,-1.01285119427884,-1.62841501723058
"2004-04-12",2004-04-12,0.00768576003415877,528800,-0.476645865557866,47.200001,0.0118644489011769,46.639999,47.779999,0,2.77864003945545,-1.5654283369013
"2004-04-13",2004-04-13,-0.0218220969952946,1244700,-0.488066550242551,46.169998,0,46.169998,47.389999,6077,-1.02396052396535,-1.69201381637329
"2004-04-14",2004-04-14,-0.0467836277575753,2332700,-0.512016654192655,44.009998,0,44.009998,46.169998,6078,-1.04907138983034,-1.82221428873687
"2004-04-15",2004-04-15,-0.0049987959554101,1395700,-0.514455983367984,43.790001,0,43.790001,44.009998,6079,-1.00476415982831,-1.83547526712509
"2004-04-16",2004-04-16,0.0200958433410404,1075900,-0.504698566874567,44.669998,0.0196999561092437,43.790001,44.669998,6079,-0.981033525104446,-1.67533551009329
"2004-04-19",2004-04-19,-0.00984996686142683,1592300,-0.50957726957727,44.23,0.00994797648654755,43.790001,44.669998,6081,-1.00966656737885,-1.75487260745775
"2004-04-20",2004-04-20,-0.00633052226995244,1941500,-0.512681901593902,43.950001,0.00364050048599551,43.790001,44.669998,0,-1.00609256378175,-1.80603985551343
"2004-04-21",2004-04-21,0.000682571087996029,1283300,-0.512349272349273,43.98,0.00432012278308325,43.790001,44.669998,0,1.18668375397892,-1.80053693038388
"2004-04-22",2004-04-22,0.0202364483856299,1407700,-0.502480953568954,44.869999,0.0205036331736936,43.950001,44.869999,6081,4.74607648976595,-1.6589108033718
"2004-04-23",2004-04-23,-0.0026743704629902,879400,-0.503811503811504,44.75,0.0178770726256983,43.950001,44.869999,6085,-1.00264796154581,-1.6804229310518
"2004-04-26",2004-04-26,-0.0178770726256983,2019400,-0.512681901593902,43.950001,0,43.950001,44.75,6086,-1.01760658046768,-1.82583078769075
"2004-04-27",2004-04-27,0.00455064836062234,1080500,-0.510464288288289,44.150002,0.00453003376987393,43.950001,44.150002,6086,-0.995674484902395,-1.78914840675406
"2004-04-28",2004-04-28,-0.0353341320346938,1720800,-0.527761607761608,42.59,0,0,44.150002,6088,-1.0338854644099,-1.90780892316063
"2004-04-29",2004-04-29,-0.00704388354073742,1919200,-0.531088,42.290001,0,42.290001,42.59,6089,-1.00630283103104,-1.92589226182202
"2004-04-30",2004-04-30,-0.00189174741329501,1359800,-0.531975063063063,42.209999,0,42.209999,42.290001,6090,-1.00167027510142,-1.93071462209518
"2004-05-03",2004-05-03,0.00260604128419896,1291600,-0.530755370755371,42.32,0.00259926748582229,42.209999,42.32,6090,-0.997707237815492,-1.90995352769288
"2004-05-04",2004-05-04,0.0127599480151228,1373300,-0.524767833679834,42.860001,0.0151657019326713,0,42.860001,0,5.83460610167775,-1.80908816771499
"2004-05-05",2004-05-05,0.0100326642549542,1113000,-0.519999988911989,43.290001,0.02494807057177,0,43.290001,0,1.64503236859908,-1.72998852528665
"2004-05-06",2004-05-06,-0.0122430812602659,723500,-0.525876668052668,42.759998,0.0128624655220985,42.209999,43.290001,6094,-1.01130130628075,-1.82763728251897
"2004-05-07",2004-05-07,-0.0449017326895104,1903800,-0.547165627165627,40.84,0,40.84,42.759998,6095,-1.04048279835611,-2.01329541697371
"2004-05-10",2004-05-10,-0.0119980901077376,1631100,-0.552598774774775,40.349998,0,40.349998,40.84,6096,-1.00992962156138,-2.04283175579736
"2004-05-11",2004-05-11,0.00223050816508097,1476200,-0.551600842688843,40.439999,0.00222554407085918,40.349998,40.439999,6096,-0.998194110932767,-2.02530790207458
"2004-05-12",2004-05-12,0.00989122180739923,1494800,-0.547165627165627,40.84,0.0119980901077376,0,40.84,0,5.39108178752249,-1.94806993808883
"2004-05-13",2004-05-13,-0.000489715964740527,1196600,-0.547387387387388,40.82,0.0115140127388536,40.349998,40.84,6099,-1.00040528902173,-1.95190709837445
"2004-05-14",2004-05-14,-0.00661442920137189,1011100,-0.550381161469162,40.549999,0.00493220727329735,40.349998,40.84,0,-1.00546920544893,-2.00396303027415
"2004-05-17",2004-05-17,-0.00838471044105319,1062600,-0.554151085239085,40.209999,0,40.209999,40.82,6101,-1.00684965989726,-2.05127061502441
"2004-05-18",2004-05-18,0.0161651831923695,1278600,-0.546943855855856,40.860001,0.0159080270213403,40.209999,40.860001,6101,-0.986994107608542,-1.92560864257744
"2004-05-19",2004-05-19,0.00464997541238442,1383200,-0.544837155925156,41.049999,0.0204628506811899,0,41.049999,0,1.28632234869474,-1.88939445661994
"2004-05-20",2004-05-20,0.00121800246572478,780700,-0.544282766458767,41.099998,0.0216544779393906,0,41.099998,0,1.05823368780656,-1.87990254782614
"2004-05-21",2004-05-21,0.00875914884472754,928100,-0.540291071379072,41.459999,0.0301495424541617,0,41.459999,0,1.39230059198602,-1.81202050435456
"2004-05-24",2004-05-24,0.0120598169816647,1111500,-0.534747065835066,41.959999,0.0417063880292275,0,41.959999,0,1.38331744478831,-1.71905477451218
"2004-05-25",2004-05-25,0.0235939471781207,1237700,-0.523769912681913,42.950001,0.0637951556741523,0,42.950001,0,1.52962552473844,-1.53929778823708
"2004-05-26",2004-05-26,0.0034923631317261,880600,-0.522106744282745,43.099998,0.0670533441788094,0,43.099998,0,1.05107266328025,-1.51254370838495
"2004-05-27",2004-05-27,0.00324835281894903,765100,-0.520554378378379,43.240002,0.0700740716894508,0,43.240002,0,1.04504961754907,-1.48768290093137
"2004-05-28",2004-05-28,-0.00670677582299827,669600,-0.523769912681913,42.950001,0.0637951556741523,40.209999,43.240002,6110,-1.00617713429585,-1.53929778823708
"2004-06-01",2004-06-01,0.00302679853255417,739000,-0.52232846015246,43.080002,0.0666203079563459,40.209999,43.240002,0,1.04428474626857,-1.51610315146129
"2004-06-02",2004-06-02,0.00371402025468793,978200,-0.520554378378379,43.240002,0.00670677582299828,42.950001,43.240002,6110,-0.99660351309679,-1.83216791324709
"2004-06-03",2004-06-03,-0.0101758320917746,846000,-0.525433136521137,42.799999,0,0,43.240002,6113,-1.00937223534255,-1.89515060418105
"2004-06-04",2004-06-04,0.0107476404380291,640000,-0.520332662508663,43.259998,0.0106333569409782,42.799999,43.259998,6113,-0.990292820041302,-1.80961643587448
"2004-06-07",2004-06-07,0.0138696955094634,785200,-0.513679822591823,43.860001,0.0241678517061593,0,43.860001,0,2.27283367240524,-1.69987158813451
"2004-06-08",2004-06-08,0.00319195159161084,643500,-0.512127512127512,44,0.02727275,0,44,0,1.12847225030967,-1.67455350260677
"2004-06-09",2004-06-09,-0.0186363636363636,635500,-0.521219681219681,43.18,0.00880039370078745,42.799999,44,6117,-1.01775372124493,-1.82440313306818
"2004-06-10",2004-06-10,-0.00741081519221868,1101600,-0.524767833679834,42.860001,0.00139995330378073,42.799999,44,0,-1.00680740307398,-1.88392320716425
"2004-06-14",2004-06-14,-0.0137657719606678,778200,-0.531309771309772,42.27,0,42.27,43.18,6119,-1.01246634646804,-1.9270978820293
"2004-06-15",2004-06-15,0.00260234208658616,1672600,-0.530090079002079,42.380001,0.0025955874800474,42.27,42.380001,6119,-0.997704366880576,-1.90635679332264
"2004-06-16",2004-06-16,-0.000236007545162636,464500,-0.530200981288981,42.369999,0.00236013694501147,42.27,42.380001,6121,-1.00020921403983,-1.90823967872117
"2004-06-17",2004-06-17,-0.027141799082884,3678500,-0.542952171864172,41.220001,0,41.220001,42.369999,6122,-1.02404973024416,-1.99038971803915
"2004-06-18",2004-06-18,0.00121297910691462,1350000,-0.542397782397783,41.27,0.00121150957111704,41.220001,41.27,6122,-0.998978934987061,-1.98078972259409
"2004-06-21",2004-06-21,-0.00920768112430337,1521700,-0.546611237699238,40.889999,0,0,41.27,6124,-1.00776820156386,-2.01028157742847
"2004-06-22",2004-06-22,0.0105160432994874,1082200,-0.541843381843382,41.32,0.0104066069699903,40.889999,41.32,6124,-0.991277428038391,-1.92778831427167
"2004-06-23",2004-06-23,0.0121006776379477,1089600,-0.536299376299376,41.82,0.02223818747011,0,41.82,0,2.13692969612849,-1.83332903696531
"2004-06-24",2004-06-24,0.00932565758010529,1182600,-0.531975063063063,42.209999,0.0312722111175601,0,42.209999,0,1.40623920720124,-1.76070881887018
"2004-06-25",2004-06-25,0.00900262992188178,1765300,-0.527761607761608,42.59,0.0399154965954449,0,42.59,0,1.27638869043806,-1.6908154386154
"2004-06-28",2004-06-28,-0.00657428973937553,946100,-0.53086623977824,42.310001,0.0335618521966,40.889999,42.59,6129,-1.00588264089501,-1.74223367294148
"2004-06-29",2004-06-29,-0.00614516648203341,797600,-0.533749144837145,42.049999,0.0275862075525851,40.889999,42.59,0,-1.00543056770781,-1.79039159986235
"2004-06-30",2004-06-30,0.00546967908370216,996500,-0.531198902286903,42.279999,0.0328760651105974,40.889999,42.59,0,1.19175733191772,-1.74777029268142
"2004-07-01",2004-07-01,-0.0156102179661829,854400,-0.53851698960499,41.619999,0.0175396448231533,40.889999,42.59,0,-1.01377654826955,-1.87092748638502
"2004-07-02",2004-07-02,0.00913025009923715,696600,-0.534303534303534,42,0.0264285952380952,40.889999,42.59,0,1.50679192791909,-1.79969859247591
"2004-07-06",2004-07-06,-0.0161904761904762,699600,-0.541843381843382,41.32,0.0104066069699903,40.889999,42.59,0,-1.01411154345006,-1.92778831427167
"2004-07-07",2004-07-07,0.00459820909970965,950100,-0.539736681912682,41.509998,0.0149361365905148,40.889999,42.59,0,1.43525518294161,-1.89171163485172
"2004-07-08",2004-07-08,-0.00529985571186986,1055700,-0.542176011088011,41.290001,0.00968762388743938,40.889999,42.59,0,-1.00451948006699,-1.93350521729754
"2004-07-09",2004-07-09,-0.00750789519234935,958900,-0.545613305613306,40.98,0.00219621766715461,40.889999,42.59,0,-1.00633981300352,-1.99291715147365
"2004-07-12",2004-07-12,0.00292820888238171,1349100,-0.544282766458767,41.099998,0.00510946496883036,40.889999,42.59,0,2.3264838659868,-1.96984656262107
"2004-07-13",2004-07-13,-0.0163016552944844,2663800,-0.551711711711712,40.43,0,40.43,42.310001,6139,-1.01364905470236,-2.0380093955242
"2004-07-14",2004-07-14,-0.0185505812515459,1664000,-0.56002772002772,39.68,0,39.68,40.43,6140,-1.0150731045571,-2.08321789287266
"2004-07-15",2004-07-15,-0.00428432459677411,962100,-0.561912704088704,39.509998,0,39.509998,39.68,6141,-1.003365876355,-2.09346527282764
"2004-07-16",2004-07-16,-0.00126547715846505,1210100,-0.562467093555094,39.459999,0,39.459999,39.509998,6142,-1.00098661137639,-2.09647911237287
"2004-07-19",2004-07-19,0.0136847697335217,950100,-0.556479556479557,40,0.0135000249999999,39.459999,40,6142,-0.989354866899515,-1.99053845371288
"2004-07-20",2004-07-20,0.017500025,1379300,-0.548717937629938,40.700001,0.0304668788583076,0,40.700001,0,2.25680166209379,-1.85610651829793
"2004-07-21",2004-07-21,-0.0140049136608129,2103500,-0.555038103950104,40.130001,0.0166957882707254,39.459999,40.700001,6145,-1.01151806034894,-1.96532905633854
"2004-07-22",2004-07-22,-0.00274111630348569,1063300,-0.556257796257797,40.02,0.0139930284857571,39.459999,40.700001,0,-1.00219749292708,-1.98665276818346
"2004-07-23",2004-07-23,-0.0137431034482759,860800,-0.562356191268192,39.470001,0.000253407644960513,39.459999,40.700001,0,-1.01096325310211,-2.09449860634609
"2004-07-26",2004-07-26,-0.00532057245197436,1053200,-0.564684706860707,39.259998,0,39.259998,40.130001,6148,-1.00414064187195,-2.10853477194379
"2004-07-27",2004-07-27,0.0106979628475783,846400,-0.56002772002772,39.68,0.0105847278225806,39.259998,39.68,6148,-0.991752943232912,-2.02567590619858
"2004-07-28",2004-07-28,-0.00856854838709668,1365100,-0.563797643797644,39.34,0.00203360447381795,39.259998,39.68,6150,-1.00673167351383,-2.09265708332452
"2004-07-29",2004-07-29,0.0188104219623792,1117000,-0.555592493416494,40.080002,0.0184631228311815,39.34,40.080002,6150,9.07901367689176,-1.958735096474
"2004-07-30",2004-07-30,0.00174650689887691,893100,-0.554816332640333,40.150002,0.0201743950099927,0,40.150002,0,1.09268595537485,-1.94521261045954
"2004-08-02",2004-08-02,0.0144457776116673,1202200,-0.548385308385309,40.73,0.03412717898355,0,40.73,0,1.69160854472445,-1.83439966929407
"2004-08-03",2004-08-03,-0.0056469432850478,1250100,-0.550935550935551,40.5,0.0286419753086419,39.34,40.73,6154,-1.00465045746348,-1.87808294083002
"2004-08-04",2004-08-04,-0.00814819753086421,977000,-0.554594616770617,40.169998,0.0206621369510648,39.34,40.73,0,-1.00664154968553,-1.94135576949221
"2004-08-05",2004-08-05,-0.0102066223652786,620700,-0.559140701316702,39.759998,0.0105633305112339,39.34,40.73,0,-1.00819713067638,-2.02097010970767
"2004-08-06",2004-08-06,-0.00679064420476093,1428500,-0.56213441995842,39.490002,0.00379848043563014,39.34,40.73,0,-1.00535414187282,-2.07402082962248
"2004-08-09",2004-08-09,0.00202577857554941,977700,-0.561247401247402,39.57,0.00581248420520586,39.34,40.73,0,1.53021301641682,-2.05824993785109
"2004-08-10",2004-08-10,0.0154157189790245,1034800,-0.554483714483715,40.18,0.0209059233449477,39.34,40.73,0,3.59672776851998,-1.93942756768246
"2004-08-11",2004-08-11,0.00174216027874565,665600,-0.553707553707554,40.25,0.0226086956521738,39.34,40.73,0,1.08144927536232,-1.92595128970525
"2004-08-12",2004-08-12,-0.010931652173913,969300,-0.558586267498268,39.810001,0.01180610369741,39.34,40.73,0,-1.00881099374218,-2.01119991407834
"2004-08-13",2004-08-13,-0.00276312477359645,1010100,-0.559805948717949,39.700001,0.00906803503606957,39.34,40.73,0,-1.00218351450913,-2.03271551605983
"2004-08-16",2004-08-16,0.029974759950258,1148000,-0.546611237699238,40.889999,0.0342381275186631,39.490002,40.889999,6154,3.77569422509677,-1.82415209819693
"2004-08-17",2004-08-17,0.00929325041069333,918200,-0.542397782397783,41.27,0.0431305548824814,0,41.27,0,1.25972294655924,-1.75290430247483
"2004-08-18",2004-08-18,0.0220499151926338,1197500,-0.532307692307693,42.18,0.0637742532005691,0,42.18,0,1.47863280160285,-1.58582553836577
"2004-08-19",2004-08-19,-0.00711235182550971,866900,-0.535634084546085,41.880001,0.0570677875580758,39.490002,42.18,6166,-1.00624900275999,-1.64036738244166
"2004-08-20",2004-08-20,0.0121776023835339,928500,-0.529979221067221,42.389999,0.0120310925225547,41.880001,42.389999,6166,-0.989442674314396,-1.85445969209934
"2004-08-23",2004-08-23,0.00495397511096889,859900,-0.52765074982675,42.599998,0.0169013388216591,0,42.599998,0,1.40480499089955,-1.81532514696262
"2004-08-24",2004-08-24,0.000938990654412794,871100,-0.527207218295219,42.639999,0.0178235932885459,0,42.639999,0,1.0545669474246,-1.80790029475688
"2004-08-25",2004-08-25,0.00914634167791593,980600,-0.522882893970894,43.029999,0.0267254944625956,0,43.029999,0,1.49944481059105,-1.73599827666697
"2004-08-26",2004-08-26,0.00232400656109714,617300,-0.521774070686071,43.130001,0.0289821463254777,0,43.130001,0,1.08443817067783,-1.71770247073344
"2004-08-27",2004-08-27,-0.00301416640356674,438200,-0.523215523215524,43,0.026046488372093,41.880001,43.130001,6172,-1.0027625990068,-1.74149785189923
"2004-08-30",2004-08-30,-0.00534883720930225,616700,-0.525765765765766,42.77,0.0208089548749124,41.880001,43.130001,0,-1.00487417218543,-1.78383470864726
"2004-08-31",2004-08-31,0.00654662146364266,638400,-0.522661133749134,43.049999,0.0271776545221291,41.880001,43.130001,0,1.30605571906424,-1.73233462914617
"2004-09-01",2004-09-01,-0.00720085963300493,822200,-0.526098383922384,42.740002,0.0201216883424572,41.880001,43.130001,0,-1.00657644112275,-1.78937913002224
"2004-09-02",2004-09-02,0.00327559647751077,775300,-0.524546073458074,42.880001,0.0233208949785239,41.880001,43.130001,0,1.15899295236157,-1.76354835399715
"2004-09-03",2004-09-03,-0.00396459878813894,535200,-0.526431057519058,42.709999,0.0194333415929138,41.880001,43.130001,0,-1.00359355289528,-1.7949297251949
"2004-09-07",2004-09-07,0.0124093423650044,858600,-0.520554378378379,43.240002,0.0122572381009601,42.709999,43.240002,6172,-0.988836754487141,-1.80199381413118
"2004-09-08",2004-09-08,-0.01711382899566,730600,-0.528759528759529,42.5,0,0,43.240002,6179,-1.01576233093401,-1.91323394284244
"2004-09-09",2004-09-09,0.000235247058823601,504900,-0.528648670824671,42.509998,0.000235191730660667,42.5,42.509998,6179,-0.999790343381389,-1.91135270549977
"2004-09-10",2004-09-10,0.00211714900574675,382600,-0.52765074982675,42.599998,0.00234737100222393,0,42.599998,0,9.98066979493724,-1.89444519958545
"2004-09-13",2004-09-13,-0.00117368550111199,703400,-0.52820513929314,42.549999,0.00117506465746331,42.5,42.599998,6182,-1.00105067502808,-1.9038320736762
"2004-09-14",2004-09-14,-0.010340728797667,751400,-0.533083841995842,42.110001,0,42.110001,42.549999,6183,-1.00923637870929,-1.93674230118565
"2004-09-15",2004-09-15,-0.00546188540817173,685900,-0.535634084546085,41.880001,0,41.880001,42.110001,6184,-1.00478394269219,-1.95060624037251
"2004-09-16",2004-09-16,-0.00119386339078644,729000,-0.536188474012474,41.830002,0,41.830002,41.880001,6185,-1.00103501528821,-1.95362007991774
"2004-09-17",2004-09-17,0.0121921581548096,805700,-0.530533610533611,42.34,0.0120452999527634,41.830002,42.34,6185,-0.989453590009971,-1.85739629548192
"2004-09-20",2004-09-20,-0.00968351440718006,773000,-0.535079695079695,41.93,0.00238487956117339,41.830002,42.34,6187,-1.00856889074664,-1.93462742806382
"2004-09-21",2004-09-21,0.0133556403529692,1004800,-0.528870386694387,42.490002,0.0131796181134564,41.93,42.490002,6187,5.52632440146026,-1.84218795690415
"2004-09-22",2004-09-22,-0.0101200513005388,816200,-0.533638242550243,42.060001,0.003090846336404,41.93,42.490002,6189,-1.00901516888789,-1.92295336567082
"2004-09-23",2004-09-23,-0.0244888724562799,1092000,-0.545058916146916,41.029999,0,41.029999,42.060001,6190,-1.02140152763808,-2.00184265792342
"2004-09-24",2004-09-24,-0.00438705835698405,1070900,-0.547054769230769,40.849998,0,40.849998,41.029999,6191,-1.0036617199072,-2.01269275756505
"2004-09-27",2004-09-27,-0.0132190214550316,804700,-0.553042261954262,40.310001,0,40.310001,40.849998,6192,-1.01094496028599,-2.04524269482196
"2004-09-28",2004-09-28,0.00471344567815814,706200,-0.550935550935551,40.5,0.00469133333333338,40.310001,40.5,6192,-0.996190687107227,-2.00828633807174
"2004-09-29",2004-09-29,0.0059259753086419,938600,-0.548274406098406,40.740002,0.0105547613866096,0,40.740002,0,2.24984255789601,-1.96194401657941
"2004-09-30",2004-09-30,0.00147268034007467,1637100,-0.547609158697159,40.799999,0.0120097551963175,0,40.799999,0,1.13785189038511,-1.95041770304999
"2004-10-01",2004-10-01,0.0120098532355355,1129600,-0.542176011088011,41.290001,0.0237345598514274,0,41.290001,0,1.97627340969489,-1.85714155300688
"2004-10-04",2004-10-04,-0.0060547346559764,1092600,-0.544948013860014,41.040001,0.0177875239330525,40.310001,41.290001,6197,-1.0051127359295,-1.90454105316807
"2004-10-05",2004-10-05,-0.00121829919058724,646100,-0.545502403326404,40.990002,0.0165894356384759,40.310001,41.290001,0,-1.00101732541874,-1.91406808623481
"2004-10-06",2004-10-06,0.0156135391259557,1154100,-0.538406087318088,41.630001,0.015373504314833,40.990002,41.630001,6197,-0.986991228700289,-1.88210042274496
"2004-10-07",2004-10-07,-0.00696615404837479,611500,-0.541621621621622,41.34,0.00846632801161118,40.990002,41.630001,6200,-1.00597232159754,-1.93713073515383
"2004-10-08",2004-10-08,-0.00628925979680704,1020500,-0.544504482328483,41.080002,0.00219084702089356,40.990002,41.630001,0,-1.00532264701367,-1.98691842783258
"2004-10-11",2004-10-11,-0.00413831528051055,556900,-0.546389466389467,40.91,0,40.91,41.34,6202,-1.00346183387311,-2.00907595722118
"2004-10-12",2004-10-12,-0.023710608653141,4233300,-0.557144848232848,39.939999,0,39.939999,40.91,6203,-1.01968446045355,-2.06754567406986
"2004-10-13",2004-10-13,-0.00550821245638982,1487000,-0.559584188496189,39.720001,0,39.720001,39.939999,6204,-1.00437828738985,-2.08080671273608
"2004-10-14",2004-10-14,-0.0213998484038307,1410000,-0.56900902009702,38.869999,0,38.869999,39.720001,6205,-1.01684256237861,-2.132043130287
"2004-10-15",2004-10-15,0.00231541040173434,2068900,-0.568011099099099,38.959999,0.00231006166093595,38.869999,38.959999,6205,-0.998246212339919,-2.11405987202428
"2004-10-18",2004-10-18,0.00231006166093578,1855600,-0.567013178101178,39.049999,0.00460947515005061,0,39.049999,0,1.9953905248499,-2.09613450065023
"2004-10-19",2004-10-19,-0.00204860440585405,1913000,-0.567900196812197,38.970001,0.0025661277247595,38.869999,39.049999,6208,-1.00156437053895,-2.11206491397706
"2004-10-20",2004-10-20,0.00923790071239662,2130900,-0.563908501732502,39.330002,0.00915334303822302,38.970001,39.330002,6208,3.56698653379806,-2.0545545527214
"2004-10-21",2004-10-21,0.00991606865415372,2186600,-0.559584188496189,39.720001,0.018882174751204,0,39.720001,0,2.06287196627012,-1.97815713438852
"2004-10-22",2004-10-22,-0.0015105991563295,2059800,-0.56024948024948,39.66,0.0173978567826524,38.970001,39.720001,6211,-1.0011889037735,-1.9898431045941
"2004-10-25",2004-10-25,-0.001765002521432,1027200,-0.561025641025641,39.59,0.0156604950745137,38.970001,39.720001,0,-1.00138538419672,-2.00350742168575
"2004-10-26",2004-10-26,0.0234907805001263,1057800,-0.550713790713791,40.52,0.0229516288252715,39.59,40.52,6211,1.46557492059261,-1.90781193557284
"2004-10-27",2004-10-27,0.0291214461994076,1479800,-0.537629926541927,41.700001,0.0505995431510901,0,41.700001,0,2.2046166542819,-1.68638087992251
"2004-10-28",2004-10-28,0.00695446026488097,1039700,-0.534414392238392,41.990002,0.0571565107331977,0,41.990002,0,1.12958550954756,-1.63325441482093
"2004-10-29",2004-10-29,0.0130983323125348,1495200,-0.528315997227997,42.540001,0.0693465192913369,0,42.540001,0,1.21327419049496,-1.53383276770159
"2004-11-01",2004-11-01,0.00470148084857827,1147200,-0.526098383922384,42.740002,0.0737014939774685,0,42.740002,0,1.06280019142468,-1.49810206427921
"2004-11-02",2004-11-02,0.00584932120499199,1355600,-0.523326381150381,42.990002,0.0790882028802882,0,42.990002,0,1.07308819146144,-1.45374868209126
"2004-11-03",2004-11-03,0.0225633160007763,1713200,-0.512571043659044,43.959999,0.0994085327435972,0,43.959999,0,1.25693250223509,-1.28481135401045
"2004-11-04",2004-11-04,0.0225205191656168,1484700,-0.501593890505891,44.950001,0.119243623598585,0,44.950001,0,1.19953106949227,-1.1173060800125
"2004-11-05",2004-11-05,0.0224693654623056,2585400,-0.490395021483021,45.959999,0.138598762806762,0,45.959999,0,1.16231592620276,-0.951204658800699
"2004-11-08",2004-11-08,-0.011096562469464,1471900,-0.496049884961885,45.450001,0.128932912454721,39.59,45.959999,6222,-1.01153124161367,-1.03449298948546
"2004-11-09",2004-11-09,-0.00594061593089955,2836200,-0.499043659043659,45.18,0.123727312970341,39.59,45.959999,0,-1.00603522785214,-1.07906742279994
"2004-11-10",2004-11-10,-0.00221332447985833,1574800,-0.500152437976438,45.080002,0.121783534969675,39.59,45.959999,0,-1.00222180747653,-1.09566210462175
"2004-11-11",2004-11-11,0.0164152166630339,782400,-0.491947331947332,45.82,0.135966826713226,39.59,45.959999,0,1.11646313064474,-0.973951569605439
"2004-11-12",2004-11-12,0.00851154517677877,1254600,-0.487623018711019,46.209999,0.0244535170840406,45.080002,46.209999,6222,-0.991209804473995,-1.55666544807562
"2004-11-15",2004-11-15,-0.000216360099899657,1168100,-0.487733876645877,46.200001,0.0242424020726753,45.080002,46.209999,6227,-1.00022734352277,-1.55841579662416
"2004-11-16",2004-11-16,-0.00259738089616059,1012400,-0.489064426888427,46.080002,0.0217013879469884,45.080002,46.209999,0,-1.00272802506912,-1.57946286642313
"2004-11-17",2004-11-17,0.00217009539192293,834900,-0.487955647955648,46.18,0.0238197921177999,45.080002,46.209999,0,1.0976160684278,-1.56191886054464
"2004-11-18",2004-11-18,0.000433109571242975,850200,-0.487733876645877,46.200001,0.0242424020726753,45.080002,46.209999,0,1.01774196654552,-1.55841579662416
"2004-11-19",2004-11-19,-0.018398332935101,1106300,-0.497158719334719,45.349998,0.00595360555473456,45.080002,46.209999,0,-1.01932374013808,-1.70907605777184
"2004-11-22",2004-11-22,0.0167586115439299,1025200,-0.488731797643798,46.110001,0.0223378654882267,45.080002,46.209999,0,3.75198949323451,-1.57419449007063
"2004-11-23",2004-11-23,0.00737367149482394,1495700,-0.484961873873874,46.450001,0.0236814419013683,45.349998,46.450001,6227,1.06014793194317,-1.54639585751967
"2004-11-24",2004-11-24,0.00861134534744141,1176600,-0.480526702702703,46.849998,0.0320170771405369,0,46.849998,0,1.35199019020404,-1.47696964414898
"2004-11-26",2004-11-26,0.00320175040348989,399600,-0.478863478863479,47,0.0351064255319149,0,47,0,1.09649064397157,-1.45113313209645
"2004-11-29",2004-11-29,0.000212723404255384,1160400,-0.478752620928621,47.009998,0.0353116373244688,0,47.009998,0,1.00584541973285,-1.44941487534505
"2004-11-30",2004-11-30,0.000638225936533619,1280700,-0.478419947331947,47.040001,0.0359269337600566,0,47.040001,0,1.01742474952192,-1.44426140518709
"2004-12-01",2004-12-01,0.0170067811010465,1436100,-0.46954954954955,47.84,0.0520485367892978,0,47.84,0,1.44873306296918,-1.3083968461954
"2004-12-02",2004-12-02,0.00355346989966554,1149700,-0.46766460984061,48.009998,0.0554051262405802,0,48.009998,0,1.06448960255829,-1.2799022069241
"2004-12-03",2004-12-03,-0.00145800880891523,1097700,-0.46844075952876,47.939999,0.0540258876517707,45.349998,48.009998,6240,-1.00165962887039,-1.29161959121486
"2004-12-06",2004-12-06,-0.00187736758192258,875300,-0.469438691614692,47.849998,0.052246606154508,45.349998,48.009998,0,-1.00213032718787,-1.30671741797752
"2004-12-07",2004-12-07,-0.00459763864566931,1039100,-0.471878020790021,47.630001,0.0478690521127639,45.349998,48.009998,0,-1.00519626783838,-1.34377618886049
"2004-12-08",2004-12-08,0.00293930289860802,692000,-0.47032571032571,47.77,0.0506594515386226,45.349998,48.009998,0,1.05829234761711,-1.32016782038677
"2004-12-09",2004-12-09,-0.00983883190286798,936400,-0.475537086625087,47.299999,0.04122623765806,45.349998,48.009998,0,-1.01108035598515,-1.39978052532414
"2004-12-10",2004-12-10,0.0162790912532578,1252500,-0.466999306999307,48.07,0.0160183274391512,47.299999,48.07,6240,-0.98204602781589,-1.49040471977898
"2004-12-13",2004-12-13,0.00748907842729352,1010600,-0.463007623007623,48.43,0.0233326657030766,0,48.43,0,1.45662309574519,-1.42894154444996
"2004-12-14",2004-12-14,0.00268430724757382,986000,-0.461566170478171,48.560001,0.0259473223651705,0,48.560001,0,1.11205992042946,-1.40689122960382
"2004-12-15",2004-12-15,0.012561717204248,1131400,-0.454802516978517,49.169998,0.0380313011198414,0,49.169998,0,1.46571197538639,-1.3044294353853
"2004-12-16",2004-12-16,0.00162704907980676,1238100,-0.453915453915454,49.25,0.0395939289340101,0,49.25,0,1.04108793988522,-1.29111212745107
"2004-12-17",2004-12-17,-0.018274152284264,1785500,-0.463894686070686,48.349998,0.0217166296470167,47.299999,49.25,6250,-1.02198478167939,-1.44254919677421
"2004-12-20",2004-12-20,-0.00455009325956951,738500,-0.466334015246015,48.130001,0.0172450027582588,47.299999,49.25,0,-1.00525836843701,-1.48011937792677
"2004-12-21",2004-12-21,0.0189071261394737,777800,-0.456243925155925,49.040001,0.0354812798637585,47.299999,49.25,0,2.05748183175942,-1.3261281302523
"2004-12-22",2004-12-22,-0.00407832373412866,771700,-0.458461538461538,48.84,0.0315315520065521,47.299999,49.25,0,-1.00486058703106,-1.35965578150172
"2004-12-23",2004-12-23,0.00204748157248151,496600,-0.457352748440748,48.939999,0.0335104216083045,47.299999,49.25,0,1.06275839518909,-1.34287027016572
"2004-12-27",2004-12-27,-0.00306493671975767,627200,-0.459015927927928,48.790001,0.0305390852523245,47.299999,49.25,0,-1.00363653545945,-1.36806498970484
"2004-12-28",2004-12-28,-0.000614941573786677,946200,-0.459348601524602,48.759998,0.0299425566014175,47.299999,49.25,0,-1.00072475392777,-1.37311643214569
"2004-12-29",2004-12-29,0,800600,-0.459348601524602,48.759998,0.0299425566014175,47.299999,49.25,0,-1,-1.37311643214569
"2004-12-30",2004-12-30,-0.00102541021433183,456300,-0.459902990990991,48.709999,0.0289468287609697,47.299999,49.25,0,-1.00120690356855,-1.38154336866295
"2004-12-31",2004-12-31,-0.00266879496343252,526800,-0.461344399168399,48.580002,0.0263483521470419,47.299999,49.25,0,-1.00313415699755,-1.40350548244843
"2005-01-03",2005-01-03,-0.023672333319377,1472700,-0.474095634095634,47.43,0.00274090238245839,47.299999,49.25,0,-1.02763929712861,-1.60116299288159
"2005-01-04",2005-01-04,-0.00864431794223058,1318100,-0.478641718641719,47.02,0,47.02,49.040001,6261,-1.00958896100099,-1.64077739882238
"2005-01-05",2005-01-05,-0.00382815823054019,905100,-0.480637560637561,46.84,0,46.84,47.02,6262,-1.00416980367174,-1.65162743818601
"2005-01-06",2005-01-06,0.0117420794192997,843500,-0.474539165627166,47.389999,0.0116058031569066,46.84,47.389999,6262,-0.987311863429264,-1.55538171962866
"2005-01-07",2005-01-07,-0.0160370967722536,975200,-0.482966031878032,46.630001,0,0,47.389999,6264,-1.01775799946824,-1.66428575716558
"2005-01-10",2005-01-10,-0.00364576445108797,1178800,-0.484851015939016,46.459999,0,46.459999,46.630001,6265,-1.00390293299439,-1.67453313712056
"2005-01-11",2005-01-11,-0.00990096878822583,1099200,-0.48995148995149,46,0,46,46.459999,6266,-1.0105196727341,-1.70226095521629
"2005-01-12",2005-01-12,-0.00326091304347827,966900,-0.491614713790714,45.849998,0,45.849998,46,6267,-1.00339467043847,-1.71130277524197
"2005-01-13",2005-01-13,-0.00610682687488883,1043400,-0.494719334719335,45.57,0,45.57,45.849998,6268,-1.00631515054682,-1.72818049369607
"2005-01-14",2005-01-14,0.0107527101163046,1273200,-0.489286198198198,46.060001,0.0106383193521858,45.57,46.060001,6268,-0.989017739676136,-1.64081088767531
"2005-01-18",2005-01-18,0.0212765952827486,1074600,-0.478419947331947,47.040001,0.0312500205941747,0,47.040001,0,2.93749600473817,-1.46968661021626
"2005-01-19",2005-01-19,-0.0242346721038547,1540700,-0.491060268884269,45.900002,0.00718958574337314,45.57,47.040001,6271,-1.02642097517634,-1.66920373255285
"2005-01-20",2005-01-20,-0.0250545087122219,1345200,-0.503811503811504,44.75,0,44.75,45.900002,6272,-1.02596674122345,-1.77760845079706
"2005-01-21",2005-01-21,-0.0102793072625699,1209700,-0.508911977823978,44.290001,0,44.290001,44.75,6273,-1.01012377441541,-1.80533626889278
"2005-01-24",2005-01-24,-0.00248365313877498,1024600,-0.51013167013167,44.18,0,44.18,44.290001,6274,-1.00239666653732,-1.81196690878189
"2005-01-25",2005-01-25,-0.00543234495246717,709500,-0.512792803880804,43.939999,0,43.939999,44.18,6275,-1.00521656251698,-1.82643368821139
"2005-01-26",2005-01-26,0.0027310423926045,1028500,-0.51146222037422,44.060001,0.00272360411430761,43.939999,44.060001,6275,-0.997405221959993,-1.80439381964171
"2005-01-27",2005-01-27,-0.0106672943561666,1521000,-0.516673596673597,43.59,0,0,44.060001,6277,-1.01018917153952,-1.84753092669601
"2005-01-28",2005-01-28,-0.00688228951594418,1205900,-0.519999988911989,43.290001,0,43.290001,43.59,6278,-1.00643809217233,-1.8656142653574
"2005-01-31",2005-01-31,0.00808496169819923,931100,-0.516119207207207,43.639999,0.00802011934051616,43.290001,43.639999,6278,-0.9925369581009,-1.80091713749198
"2005-02-01",2005-02-01,0.00939505062775085,1059000,-0.511573122661123,44.049999,0.0172530764416136,0,44.049999,0,2.15122440316495,-1.72600983291752
"2005-02-02",2005-02-02,-0.00862658362375899,1055300,-0.515786577962578,43.669998,0.00870155753155755,43.290001,44.049999,6281,-1.00823627183449,-1.79540434057854
"2005-02-03",2005-02-03,-0.00412173135432712,1014000,-0.517782375606376,43.490002,0.0045987811175543,43.290001,44.049999,0,-1.00386942531867,-1.8285581517154
"2005-02-04",2005-02-04,0.0193147841198077,1752100,-0.508468446292446,44.330002,0.0189487922874446,43.490002,44.330002,6281,4.12039447042043,-1.69991335604371
"2005-02-07",2005-02-07,-0.000676810255952632,1273300,-0.50880111988912,44.299999,0.0182843570718817,43.490002,44.330002,6284,-1.00065426596104,-1.70533396042278
"2005-02-08",2005-02-08,0.00586911977131196,1036500,-0.505918214830215,44.560001,0.00583487419580619,44.299999,44.560001,6284,-0.994333925484415,-1.75734095602052
"2005-02-09",2005-02-09,-0.0136894072331821,781000,-0.512681901593902,43.950001,0,0,44.560001,6286,-1.01336913075161,-1.82583078769075
"2005-02-10",2005-02-10,0.00841863462073641,930700,-0.508579348579349,44.32,0.00834835288808666,43.950001,44.32,6286,-0.991997858707713,-1.75814365642588
"2005-02-11",2005-02-11,0.0121841380866425,762000,-0.502591811503811,44.860001,0.0202853316922573,0,44.860001,0,2.42986035259782,-1.66070021988429
"2005-02-14",2005-02-14,-0.00334378057637568,1500100,-0.504255035343035,44.709999,0.0169983900022007,43.950001,44.860001,6289,-1.00330929354827,-1.68761091269519
"2005-02-15",2005-02-15,-0.00581520925554042,1250400,-0.507137896049896,44.450001,0.0112485936726976,43.950001,44.860001,0,-1.0057170687545,-1.73454081438701
"2005-02-16",2005-02-16,-0.0168728905090463,1394100,-0.515453904365904,43.700001,0,43.700001,44.709999,6291,-1.01639792328828,-1.84090028680691
"2005-02-17",2005-02-17,-0.0155606632594813,1311500,-0.522993762993763,43.02,0,43.02,43.700001,6292,-1.01462760988712,-1.88188938468084
"2005-02-18",2005-02-18,-0.0130172245467224,1234600,-0.52920306029106,42.459999,0,42.459999,43.02,6293,-1.01187260295754,-1.91564512297902
"2005-02-22",2005-02-22,-0.015308478928603,1379300,-0.536410245322245,41.810001,0,41.810001,42.459999,6294,-1.01361894057684,-1.95482570012503
"2005-02-23",2005-02-23,0.00119588612303542,1453000,-0.535855844767845,41.860001,0.00119445768766224,41.810001,41.860001,6294,-0.998966461660203,-1.94531834392783
"2005-02-24",2005-02-24,0.00262780691285713,1858200,-0.534636163548164,41.970001,0.00381224675215053,0,41.970001,0,3.19161305714541,-1.92445662054154
"2005-02-25",2005-02-25,0.00667140798972096,2515700,-0.531531531531532,42.25,0.0104141775147929,0,42.25,0,2.73176900443765,-1.87168862164178
"2005-02-28",2005-02-28,0,2191400,-0.531531531531532,42.25,0.0104141775147929,0,42.25,0,-1,-1.87168862164178
"2005-03-01",2005-03-01,0.0302958343195265,2530600,-0.517338888426888,43.529999,0.0395129345167226,0,43.529999,0,3.79414835790883,-1.63634263922355
"2005-03-02",2005-03-02,0.000918929495036371,1512200,-0.516895356895357,43.57,0.0403947440899701,0,43.57,0,1.02231698516025,-1.62913765847504
"2005-03-03",2005-03-03,-0.00481980720679374,661900,-0.519223828135828,43.360001,0.0357472316478958,41.810001,43.57,6301,-1.00450472462058,-1.66706135068783
"2005-03-04",2005-03-04,0.0276752761145002,1636800,-0.505918214830215,44.560001,0.0269299814423254,43.360001,44.560001,6301,-0.974374031805542,-1.64266116449314
"2005-03-07",2005-03-07,-0.00359064175065883,806000,-0.507692285516286,44.400002,0.0234234448908359,43.360001,44.560001,6303,-1.00350663532972,-1.67136824476841
"2005-03-08",2005-03-08,-0.0094595040784008,684200,-0.512349272349272,43.98,0.0140972942246476,43.360001,44.560001,0,-1.00917285325352,-1.74738508007361
"2005-03-09",2005-03-09,-0.0190996134606638,1062600,-0.521663212751213,43.139999,0,43.139999,44.400002,6305,-1.01817888870854,-1.87465608538308
"2005-03-10",2005-03-10,0.00486784897700151,877700,-0.519334741510741,43.349998,0.00484426781288427,43.139999,43.349998,6305,-0.995536447302483,-1.83566276765748
"2005-03-11",2005-03-11,-0.0133794239160056,1024200,-0.525765765765766,42.77,0,0,43.349998,6307,-1.01238319669567,-1.89695888379699
"2005-03-14",2005-03-14,0.0166004208557399,1192900,-0.517893277893278,43.48,0.0163293468261269,42.77,43.48,6307,-0.985026625191122,-1.76538992207602
"2005-03-15",2005-03-15,-0.00919958601655926,1007500,-0.52232846015246,43.080002,0.00719596066871109,42.77,43.48,6309,-1.00856389230852,-1.83915302643744
"2005-03-16",2005-03-16,-0.00464254853098661,738300,-0.524546073458074,42.880001,0.00256532176853252,42.77,43.48,0,-1.00424562985706,-1.87638232923782
"2005-03-17",2005-03-17,-0.00303173966810309,529000,-0.525987525987526,42.75,0,42.75,43.080002,6311,-1.00274799984671,-1.89816444372629
"2005-03-18",2005-03-18,0.00959064327485372,2670500,-0.521441441441441,43.16,0.00949953660797032,42.75,43.16,6311,-0.991357048748353,-1.82180792716554
"2005-03-21",2005-03-21,-0.0106579935125115,885000,-0.526541915453915,42.700001,0,0,43.16,6313,-1.00978148955398,-1.90117828327152
"2005-03-22",2005-03-22,-0.0124122479528748,926400,-0.532418594594595,42.169998,0,42.169998,42.700001,6314,-1.01116089520739,-1.93312580223176
"2005-03-23",2005-03-23,-0.00142274135275043,1060300,-0.533083841995842,42.110001,0,42.110001,42.169998,6315,-1.00124948190766,-1.93674230118565
"2005-03-24",2005-03-24,-0.012111208451408,917200,-0.538738760914761,41.599998,0,41.599998,42.110001,6316,-1.01060793532542,-1.96748426021659
"2005-03-28",2005-03-28,0.00793274076599716,744100,-0.535079695079695,41.93,0.00787030765561647,41.599998,41.93,6316,-0.993208088779703,-1.90480687569792
"2005-03-29",2005-03-29,-0.00190798950632007,972800,-0.535966758142758,41.849998,0.00597371593661722,41.599998,41.93,6318,-1.00165781484743,-1.91993971889044
"2005-03-30",2005-03-30,0.0200717094418977,921900,-0.526652817740818,42.689999,0.0196767631688162,41.849998,42.689999,6318,3.29388999704574,-1.79481196710303
"2005-03-31",2005-03-31,0.0175685176286839,2429100,-0.51833680942481,43.439999,0.0366022338076021,0,43.439999,0,1.86017555293899,-1.65759116464154
"2005-04-01",2005-04-01,-0.00713623405009747,1196900,-0.521774070686071,43.130001,0.0296777873944404,41.849998,43.439999,6321,-1.00663132773664,-1.71392074202098
"2005-04-04",2005-04-04,-0.000463714341207716,765100,-0.521995830907831,43.110001,0.0292276263227179,41.849998,43.439999,0,-1.00042501196249,-1.71757352240076
"2005-04-05",2005-04-05,0.00765478989434501,856600,-0.51833680942481,43.439999,0.00759663921723397,43.110001,43.439999,6321,-0.992990324316081,-1.81527491101358
"2005-04-06",2005-04-06,0.024861902045624,1486200,-0.506361746361746,44.52,0.0316711365678348,0,44.52,0,4.1690984213104,-1.61929789963456
"2005-04-07",2005-04-07,0.00831084905660377,1772400,-0.502259193347193,44.889999,0.0396524401793817,0,44.889999,0,1.2520055948877,-1.55360616635567
"2005-04-08",2005-04-08,-0.00178208959193791,1603400,-0.503146212058212,44.810001,0.0379379594300835,43.110001,44.889999,6326,-1.00176605769047,-1.56774875460049
"2005-04-11",2005-04-11,-0.00513276042997632,1129200,-0.505696443520444,44.580002,0.032974448946862,43.110001,44.889999,0,-1.00506856933653,-1.60859587378436
"2005-04-12",2005-04-12,0.015253386484819,1548400,-0.49815664033264,45.259998,0.0150242163068589,44.580002,45.259998,6326,-0.985090258623703,-1.66519031842676
"2005-04-13",2005-04-13,-0.0154661297156929,1283300,-0.505918214830215,44.560001,0,0,45.259998,6329,-1.0155805902585,-1.78906120984734
"2005-04-14",2005-04-14,-0.0179533882865038,1132500,-0.514788656964657,43.759998,0,43.759998,44.560001,6330,-1.01753335198144,-1.83728378785302
"2005-04-15",2005-04-15,-0.0185099871348258,1004000,-0.523769912681913,42.950001,0,42.950001,43.759998,6331,-1.01744649109056,-1.88610878415537
"2005-04-18",2005-04-18,0.019790406989746,1388700,-0.514345125433125,43.799999,0.0194063474750308,42.950001,43.799999,6331,-0.982005863604252,-1.72937345776015
"2005-04-19",2005-04-19,0.0207762561821064,2082700,-0.504255035343035,44.709999,0.0393647514955212,0,44.709999,0,2.02844721533354,-1.56602017398476
"2005-04-20",2005-04-20,-0.0174457395984286,2500800,-0.512903672903673,43.93,0.0223081948554519,42.950001,44.709999,6334,-1.01715131620799,-1.70576188174945
"2005-04-21",2005-04-21,0.0122923059412703,2207000,-0.506916135828136,44.470001,0.0341803455322612,42.950001,44.709999,0,1.53218786879602,-1.60867087177029
"2005-04-22",2005-04-22,-0.00337308290143738,1464100,-0.508579348579349,44.32,0.0309115297833935,42.950001,44.709999,0,-1.00328104124856,-1.63548296585384
"2005-04-25",2005-04-25,0.0130866877256318,936600,-0.50214827997228,44.900002,0.0216036070555187,43.93,44.900002,6334,-0.987354837303101,-1.6511224706439
"2005-04-26",2005-04-26,-0.00267267248674074,1106200,-0.503478874566875,44.779999,0.0189816663461738,43.93,44.900002,6338,-1.00264980414683,-1.6726097245063
"2005-04-27",2005-04-27,0.0118356858382244,866600,-0.497602206514207,45.310001,0.011697240968942,44.779999,45.310001,6338,-0.988327875608041,-1.68026274634759
"2005-04-28",2005-04-28,-0.0236150734139247,1253200,-0.509466367290367,44.240002,0,0,45.310001,6340,-1.0238426611073,-1.80835010843802
"2005-04-29",2005-04-29,0.0171789775235544,1427300,-0.501039501039501,45,0.0168888444444445,44.240002,45,6340,-0.98345942579942,-1.67072575834685
"2005-05-02",2005-05-02,0.0108889333333333,1343800,-0.495606353430353,45.490002,0.0274785655098454,0,45.490002,0,1.62702460788455,-1.58362028797428
"2005-05-03",2005-05-03,-0.00483627149543748,1982200,-0.498045738045738,45.27,0.0227523304616746,44.240002,45.490002,6343,-1.00492202046745,-1.62257490240586
"2005-05-04",2005-05-04,0.0329135851557323,1813000,-0.481524623700624,46.759998,0.0318648003363901,45.27,46.759998,6343,1.40050709926463,-1.48322248954175
"2005-05-05",2005-05-05,-0.00106926865138018,1802000,-0.482079013167013,46.709999,0.0308284956289552,45.27,46.759998,6345,-1.00115132111444,-1.49187001496584
"2005-05-06",2005-05-06,-0.0239777140650335,1328500,-0.494497574497574,45.59,0.00701908313226585,45.27,46.759998,0,-1.02576042721499,-1.68881693907564
"2005-05-09",2005-05-09,0.00767710024128091,655800,-0.490616781704782,45.939999,0.0145842188633917,45.27,46.759998,0,2.07779543119383,-1.6265931882494
"2005-05-10",2005-05-10,-0.0102306924299236,881600,-0.495828124740125,45.470001,0.00439852640425498,45.27,46.759998,0,-1.0106220236031,-1.71029642805814
"2005-05-11",2005-05-11,0.0120958651397434,1057500,-0.48972972972973,46.02,0.0162972620599739,45.27,46.759998,0,3.70516408500096,-1.61245823416977
"2005-05-12",2005-05-12,-0.0147761842677097,902200,-0.497269577269577,45.34,0.00154389060432292,45.27,46.759998,0,-1.01539593592574,-1.73365134672434
"2005-05-13",2005-05-13,-0.0112483017203353,1093500,-0.502924440748441,44.830002,0,44.830002,46.709999,6351,-1.0113718267462,-1.77278609052389
"2005-05-16",2005-05-16,0.0194066241620957,841200,-0.493277882189882,45.700001,0.01903717682632,44.830002,45.700001,6351,-0.980819069870212,-1.61685207436917
"2005-05-17",2005-05-17,0.012253763408014,1092100,-0.487068629244629,46.259998,0.0309121500610529,0,46.259998,0,1.62377806032221,-1.51854040123951
"2005-05-18",2005-05-18,0.02010378383501,1233000,-0.476756767844768,47.189999,0.0500105329521198,0,47.189999,0,1.61782771024813,-1.35865684887647
"2005-05-19",2005-05-19,-0.00656914614471596,681700,-0.480194029106029,46.880001,0.0437286466781432,44.830002,47.189999,6355,-1.00720967481343,-1.41149326255949
"2005-05-20",2005-05-20,-0.0145051191445154,962000,-0.487733876645877,46.200001,0.0296536573668039,44.830002,47.189999,0,-1.01570166866482,-1.52899847147003
"2005-05-23",2005-05-23,0.00259738089616059,918600,-0.486403326403326,46.32,0.0321674870466321,44.830002,47.189999,0,1.08477300620065,-1.50809918506687
"2005-05-24",2005-05-24,0.00259065198618307,719200,-0.485072776160776,46.439999,0.0346683254665875,44.830002,47.189999,0,1.07774428932947,-1.48727052333304
"2005-05-25",2005-05-25,-0.00645994845951649,726800,-0.488399179487179,46.139999,0.0283917864844341,44.830002,47.189999,0,-1.00685753455952,-1.53947520800828
"2005-05-26",2005-05-26,0.00758567419994946,460300,-0.484518342342342,46.490002,0.0357066020345621,44.830002,47.189999,0,1.25763843899497,-1.47861203712853
"2005-05-27",2005-05-27,0.000430113984508027,421500,-0.484296626472627,46.509998,0.0361211797945036,44.830002,47.189999,0,1.01161067523424,-1.47515294019451
"2005-05-31",2005-05-31,-0.0103203401556802,777600,-0.489618860706861,46.029999,0.0260698897690612,44.830002,47.189999,0,-1.01098961657652,-1.5587283653648
"2005-06-01",2005-06-01,0.0065175539108746,1324600,-0.486292424116424,46.330002,0.0323764285613456,44.830002,47.189999,0,1.24190891669088,-1.50636041123358
"2005-06-02",2005-06-02,-0.00712285745206746,784300,-0.48995148995149,46,0.0254347391304348,44.830002,47.189999,0,-1.00752441463943,-1.5639895282477
"2005-06-03",2005-06-03,-0.00717395652173914,534200,-0.493610555786556,45.669998,0.0183927312630932,44.830002,47.189999,0,-1.00746822065064,-1.62216400856534
"2005-06-06",2005-06-06,0.011167112378678,1107000,-0.487955647955648,46.18,0.0292333910783888,44.830002,47.189999,0,1.58939913057114,-1.53248879446542
"2005-06-07",2005-06-07,-0.000433087916847188,1778500,-0.488177408177408,46.16,0.028812781629116,44.830002,47.189999,0,-1.00045446798841,-1.53598092271567
"2005-06-08",2005-06-08,0.00259963171577123,925100,-0.486846857934858,46.279999,0.0313309643762092,44.830002,47.189999,0,1.08739811308425,-1.51505797163801
"2005-06-09",2005-06-09,-0.00108035870960152,756400,-0.487401247401247,46.23,0.0302833225178455,44.830002,47.189999,0,-1.00113873481435,-1.52376712946291
"2005-06-10",2005-06-10,-0.00800343932511356,907300,-0.4915038004158,45.860001,0.0224596375390397,44.830002,47.189999,0,-1.0084171984303,-1.58860199713157
"2005-06-13",2005-06-13,0.00305274742580148,362200,-0.48995148995149,46,0.0254347391304348,44.830002,47.189999,0,1.13246436351538,-1.5639895282477
"2005-06-14",2005-06-14,-0.00869569565217393,791400,-0.494386716562716,45.599998,0.0168858779335911,44.830002,47.189999,0,-1.00905237906648,-1.63457520793171
"2005-06-15",2005-06-15,0.00526320198522825,583600,-0.491725571725571,45.84,0.0220331151832461,44.830002,47.189999,0,1.30482497089569,-1.59212633012247
"2005-06-16",2005-06-16,0.00589007417102953,457100,-0.488731797643797,46.110001,0.0277596827638324,44.830002,47.189999,0,1.25990730466206,-1.54471974658628
"2005-06-17",2005-06-17,0.00477122088980227,1042700,-0.486292424116424,46.330002,0.0323764285613456,44.830002,47.189999,0,1.16631118722755,-1.50636041123358
"2005-06-20",2005-06-20,-0.00064759332408405,567000,-0.486625097713097,46.299999,0.0317493959341122,44.830002,47.189999,0,-1.00068410195219,-1.51157768310611
"2005-06-21",2005-06-21,-0.00647946018314168,730200,-0.48995148995149,46,0.0254347391304348,44.830002,47.189999,0,-1.00683563641502,-1.5639895282477
"2005-06-22",2005-06-22,0.00978263043478261,1097600,-0.484961873873874,46.450001,0.0348761887001897,44.830002,47.189999,0,1.3712029253116,-1.48553761138288
"2005-06-23",2005-06-23,-0.0245425183090954,1239600,-0.497602206514206,45.310001,0.0105936656236225,44.830002,47.189999,0,-1.02606459047876,-1.68626213706208
"2005-06-24",2005-06-24,0.00838662528389705,1104100,-0.493388784476784,45.689999,0.0188224342049121,44.830002,47.189999,0,1.77676310293771,-1.61862238488527
"2005-06-27",2005-06-27,-0.0133507772674716,801500,-0.500152437976438,45.080002,0.00554569629344737,44.830002,47.189999,0,-1.013708567589,-1.72756840171737
"2005-06-28",2005-06-28,0.0106477147006338,1279100,-0.494830203742204,45.560001,0.0160228047405003,44.830002,47.189999,0,2.88923227898946,-1.64167809057621
"2005-06-29",2005-06-29,0.00197543893820373,825900,-0.493832271656271,45.650002,0.0179627593444575,44.830002,47.189999,0,1.12107459557649,-1.62570679309996
"2005-06-30",2005-06-30,-0.00131439205632449,1353600,-0.494497574497574,45.59,0.0166702785698619,44.830002,47.189999,0,-1.00134722430973,-1.6363499348628
"2005-07-01",2005-07-01,0.0125027418293484,676700,-0.488177408177408,46.16,0.028812781629116,44.830002,47.189999,0,1.72839233060007,-1.53598092271567
"2005-07-05",2005-07-05,0.0181975736568458,958300,-0.478863478863479,47,0.0461701702127659,44.830002,47.189999,0,1.60241974575998,-1.39098705563023
"2005-07-06",2005-07-06,-0.0102127659574467,779000,-0.484185724185724,46.52,0.0363284178847808,44.830002,47.189999,0,-1.01111432706223,-1.47342342672463
"2005-07-07",2005-07-07,-0.00687874032674125,965300,-0.487733876645876,46.200001,0.0296536573668039,44.830002,47.189999,0,-1.00732808152516,-1.52899847147003
"2005-07-08",2005-07-08,0.0138527919079483,913400,-0.48063756063756,46.84,0.0429119982920582,44.830002,47.189999,0,1.44710643146826,-1.41834400612531
"2005-07-11",2005-07-11,0.01387707087959,825000,-0.473430331254331,47.490002,0.0507475236577164,45.080002,47.490002,6355,1.1825952106059,-1.33656675045933
"2005-07-12",2005-07-12,0.0132658869965936,978000,-0.466444917532917,48.119999,0.0631753338149488,0,48.119999,0,1.24489490839111,-1.23103021816012
"2005-07-13",2005-07-13,0.0145469870022233,1578600,-0.458683298683298,48.82,0.0766079065956575,0,48.82,0,1.21262369297573,-1.11581177203639
"2005-07-14",2005-07-14,-0.00327734535026636,2081400,-0.46045738045738,48.66,0.0735716810521989,45.080002,48.82,6393,-1.00386777059286,-1.14196215060103
"2005-07-15",2005-07-15,0.00595974106041931,1388600,-0.457241846153846,48.950001,0.00592443297396472,48.66,48.950001,6393,-0.993016651616399,-1.49223368120222
"2005-07-18",2005-07-18,0.00143001018529096,733400,-0.456465696465696,49.02,0.00734394124847015,0,49.02,0,1.23960238570401,-1.48029737794098
"2005-07-19",2005-07-19,0.00387594859241127,697000,-0.454358985446985,49.209999,0.0111765700300056,0,49.209999,0,1.5218762857524,-1.44800921547075
"2005-07-20",2005-07-20,0.0243853083597907,1799900,-0.441053361053361,50.41,0.0347153342590756,0,50.41,0,3.10608121864541,-1.24771126216684
"2005-07-21",2005-07-21,-0.0035707200952192,1216800,-0.443049203049203,50.23,0.0312562213816444,48.66,50.41,6398,-1.00452517126516,-1.27736615229599
"2005-07-22",2005-07-22,0.0195102329285289,1953500,-0.432182963270963,51.209999,0.019136868172952,50.23,51.209999,6398,-0.975473966088969,-1.28417848016354
"2005-07-25",2005-07-25,-0.0087873659204719,1254000,-0.437172579348579,50.759998,0.0104412533664797,50.23,51.209999,6400,-1.0115451475455,-1.35857579924095
"2005-07-26",2005-07-26,0.00374316405607418,814200,-0.435065823977824,50.950001,0.0141315208217563,50.23,51.209999,0,1.35343146323062,-1.32706131764102
"2005-07-27",2005-07-27,-0.00353289492575274,689500,-0.437061677061677,50.77,0.0106362024817807,50.23,51.209999,0,-1.00458747383466,-1.35691309259371
"2005-07-28",2005-07-28,0.00827258223360246,710400,-0.432404723492723,51.189999,0.0187536436560587,50.23,51.209999,0,1.76318979336684,-1.28746737189068
"2005-07-29",2005-07-29,-0.00761867567139434,928800,-0.436729047817048,50.799999,0.0112204529767806,50.23,51.209999,0,-1.01000064081029,-1.35192863927154
"2005-08-01",2005-08-01,-0.00354330715636431,638200,-0.43872488981289,50.619999,0.00770444503564693,50.23,51.209999,0,-1.0045699776688,-1.38189282927616
"2005-08-02",2005-08-02,-0.00118526276541412,659400,-0.439390148302148,50.560001,0.00652691838356578,50.23,51.209999,0,-1.00151634544724,-1.39191080232408
"2005-08-03",2005-08-03,-0.00593360352188278,773900,-0.442716584892585,50.259998,0.000596856370746468,50.23,51.209999,0,-1.00757057617994,-1.44223210752958
"2005-08-04",2005-08-04,-0.00855543209532167,1330100,-0.447484385308385,49.830002,0,49.830002,51.189999,6408,-1.01076941903353,-1.47139610820081
"2005-08-05",2005-08-05,-0.0106362227318394,770800,-0.453361064449064,49.299999,0,49.299999,49.830002,6409,-1.01313270213134,-1.50334362716105
"2005-08-08",2005-08-08,0.00202845845899512,603500,-0.45225223007623,49.400002,0.00202435214476304,49.299999,49.400002,6409,-0.997554191438601,-1.48631061697269
"2005-08-09",2005-08-09,0.00344125492140668,642000,-0.45036729036729,49.57,0.00544686302198916,0,49.57,0,2.69066972170829,-1.45745760761604
"2005-08-10",2005-08-10,-0.000403490014121457,955200,-0.450589061677061,49.549999,0.00504540877992754,49.299999,49.57,6412,-1.00049242321659,-1.46084566227362
"2005-08-11",2005-08-11,0.0086781232831104,672000,-0.445821205821206,49.98,0.00860346138455381,49.549999,49.98,6412,1.70520601200471,-1.41558334455387
"2005-08-12",2005-08-12,0,860500,-0.445821205821206,49.98,0.00860346138455381,0,49.98,0,-1,-1.41558334455387
"2005-08-15",2005-08-15,0.00180072028811531,796500,-0.444823284823285,50.07,0.0103854803275415,0,50.07,0,1.20712813870322,-1.40047069643331
"2005-08-16",2005-08-16,-0.0187736968244458,793500,-0.455246004158004,49.130001,0,0,50.07,6416,-1.0234311460086,-1.51359076600404
"2005-08-17",2005-08-17,0.0101770810059621,994700,-0.449701998613998,49.630001,0.0100745514794569,49.130001,49.630001,6416,-0.987821956714899,-1.42868326387675
"2005-08-18",2005-08-18,0.0030223251456311,900800,-0.448038819126819,49.779999,0.0130574128778106,0,49.779999,0,1.29607882836631,-1.40342589049845
"2005-08-19",2005-08-19,0.0142628166786424,1129600,-0.440166297990298,50.490002,0.0269360456749437,0,50.490002,0,2.06289300392102,-1.28517961805995
"2005-08-22",2005-08-22,0.00633786863387335,757000,-0.436618145530145,50.810001,0.0330643567592136,0,50.810001,0,1.22751339072649,-1.23257524828696
"2005-08-23",2005-08-23,-0.0068884470204989,654900,-0.440498971586971,50.459999,0.0263574717867118,49.130001,50.810001,6421,-1.00888837556697,-1.29013345263294
"2005-08-24",2005-08-24,-0.00455804606734151,1275600,-0.443049203049203,50.23,0.0218992434799919,49.130001,50.810001,0,-1.00578941524663,-1.32823369530243
"2005-08-25",2005-08-25,0.009157853872188,1249800,-0.437948729036729,50.689999,0.0307752619999065,49.130001,50.810001,0,1.40531165051542,-1.25225298417508
"2005-08-26",2005-08-26,-0.0153876309999533,1075400,-0.446597366597367,49.91,0.0156281105990783,49.130001,50.810001,0,-1.01974805950382,-1.3816145506009
"2005-08-29",2005-08-29,0.00540973752754965,619900,-0.443603603603604,50.18,0.0209246512554803,49.130001,50.810001,0,1.33891113214379,-1.33654579208788
"2005-08-30",2005-08-30,-0.012953387803906,645400,-0.450810821898822,49.529999,0.00807587337120674,49.130001,50.810001,0,-1.0162469786915,-1.44557664146257
"2005-08-31",2005-08-31,0.00625885334663558,1241700,-0.447373527373527,49.84,0.014245565810594,49.130001,50.810001,0,1.76396597071276,-1.39334996873504
"2005-09-01",2005-09-01,0.0154494582664525,944700,-0.438835747747748,50.610001,0.0292432319849193,49.130001,50.810001,0,2.05279540130108,-1.26540371151441
"2005-09-02",2005-09-02,-0.00849636418699137,756800,-0.443603603603603,50.18,0.0209246512554803,49.130001,50.810001,0,-1.01086478455852,-1.33654579208788
"2005-09-06",2005-09-06,0.0169389996014348,857300,-0.434178805266805,51.029999,0.0293944744149417,49.529999,51.029999,6421,1.40477726754194,-1.23926487103492
"2005-09-07",2005-09-07,-0.0172446995344835,811800,-0.443936221760222,50.150002,0.0123629705937002,49.529999,51.029999,6431,-1.02247326763779,-1.38489806270478
"2005-09-08",2005-09-08,-0.00658029884026725,747200,-0.447595287595287,49.82,0.00582097551184269,49.529999,51.029999,0,-1.00824232323408,-1.44035431261334
"2005-09-09",2005-09-09,0.00180650341228415,636300,-0.446597366597366,49.91,0.00761372470446808,49.529999,51.029999,0,1.30798088550245,-1.42518333140269
"2005-09-12",2005-09-12,-0.00360649168503305,705600,-0.448593208593208,49.73,0.00402173738186207,49.529999,51.029999,0,-1.00446899633791,-1.45556056977563
"2005-09-13",2005-09-13,-0.0172934043836718,808800,-0.458128909216909,48.869999,0,48.869999,50.150002,6435,-1.02125689921523,-1.52926316564083
"2005-09-14",2005-09-14,-0.00122770618431975,525500,-0.458794167706168,48.810001,0,48.810001,48.869999,6436,-1.00145212073692,-1.53287972487272
"2005-09-15",2005-09-15,-0.00573657025739465,1046000,-0.461898832986833,48.529999,0,48.529999,48.810001,6437,-1.00676701122028,-1.5497576844388
"2005-09-16",2005-09-16,0.017102864560125,2949300,-0.452695761607761,49.360001,0.0168152751860763,48.529999,49.360001,6437,-0.980075569103389,-1.40831357964665
"2005-09-19",2005-09-19,0,815300,-0.452695761607761,49.360001,0.0168152751860763,0,49.360001,0,-1,-1.40831357964665
"2005-09-20",2005-09-20,-0.0117504454669683,1577700,-0.45912683021483,48.779999,0.00512505135557706,48.529999,49.360001,6440,-1.01420616041164,-1.50682675688067
"2005-09-21",2005-09-21,-0.0145551253496335,1135600,-0.466999306999307,48.07,0,48.07,48.779999,6441,-1.01714662761223,-1.57748550253453
"2005-09-22",2005-09-22,0.00312047014770133,770600,-0.465336094248094,48.220001,0.00311076310429781,48.07,48.220001,6441,-0.996438511307651,-1.55153263348917
"2005-09-23",2005-09-23,0.0132725007616651,748400,-0.458239767151767,48.860001,0.0161686652441942,0,48.860001,0,5.19765237727544,-1.44196775760609
"2005-09-26",2005-09-26,0.00573061797522285,1123300,-0.455135146223146,49.139999,0.021774501867613,0,49.139999,0,1.34670991938754,-1.39461490727437
"2005-09-27",2005-09-27,0.00366302408756657,1020700,-0.453139293139293,49.32,0.0253446877534469,0,49.32,0,1.16396177086118,-1.36435612824957
"2005-09-28",2005-09-28,-0.00932682481751832,618800,-0.458239767151767,48.860001,0.0161686652441942,48.07,49.32,6446,-1.01125586346119,-1.44196775760609
"2005-09-29",2005-09-29,0.0276299216612789,937700,-0.443270974358974,50.209999,0.0268870349907796,48.860001,50.209999,6446,1.66290999193233,-1.30232407575508
"2005-09-30",2005-09-30,0.00677155958517339,958300,-0.43950105058905,50.549999,0.0334322063982633,0,50.549999,0,1.24343224939932,-1.2462478989096
"2005-10-03",2005-10-03,0.0108802969511434,1201700,-0.433402655578655,51.099998,0.0438355594456188,0,51.099998,0,1.31117757899149,-1.15653908610362
"2005-10-04",2005-10-04,-0.00841487312778368,1434100,-0.4381705003465,50.669998,0.0357212763260816,48.860001,51.099998,6450,-1.0110009588231,-1.22657047884744
"2005-10-05",2005-10-05,-0.0104598188458582,700400,-0.444047135135135,50.139999,0.0255284807644294,48.860001,51.099998,0,-1.0134117536073,-1.31392907347315
"2005-10-06",2005-10-06,-0.00498603918998881,1755500,-0.446819137907138,49.889999,0.0206453802494565,48.860001,51.099998,0,-1.00624258677214,-1.35554467840049
"2005-10-07",2005-10-07,-0.00701539400712368,1881900,-0.450699919611919,49.540001,0.0137262815154162,48.860001,51.099998,0,-1.00868535247384,-1.4142563039339
"2005-10-10",2005-10-10,0.000605551057619148,1405800,-0.45036729036729,49.57,0.0143231591688522,48.860001,51.099998,0,1.04348429345308,-1.40920320531498
"2005-10-11",2005-10-11,-0.0110954206173088,1122100,-0.456465696465696,49.02,0.00326395348837227,48.860001,51.099998,0,-1.01354096140826,-1.50247750437004
"2005-10-12",2005-10-12,-0.00999594043247667,1151000,-0.461898832986833,48.529999,0,48.529999,50.669998,6456,-1.01190261735592,-1.5497576844388
"2005-10-13",2005-10-13,0.0113332580122246,1032400,-0.455800393624394,49.080002,0.011206254637072,48.529999,49.080002,6456,-0.986797023662077,-1.45568379910046
"2005-10-14",2005-10-14,0.0177261402719584,615500,-0.446153835065835,49.950001,0.0284284678993301,0,49.950001,0,2.53683936515991,-1.30961650894642
"2005-10-17",2005-10-17,0.00860860843626409,866900,-0.44138599029799,50.380001,0.0367209599698103,0,50.380001,0,1.29169676325313,-1.23861631499653
"2005-10-18",2005-10-18,0.00853513281986635,1631700,-0.436618145530145,50.810001,0.0448730949641194,0,50.810001,0,1.22200222981674,-1.16837914728049
"2005-10-19",2005-10-19,0.0310962009231215,1686500,-0.41909911018711,52.389999,0.073678184265665,0,52.389999,0,1.64192339139028,-0.91654629832422
"2005-10-20",2005-10-20,-0.00553542671378947,1433100,-0.422314644490644,52.099998,0.0685220563732076,48.529999,52.389999,6462,-1.00767249136391,-0.962057348074034
"2005-10-21",2005-10-21,0.000383896367903903,1624400,-0.422092873180873,52.119999,0.0688795101473429,48.529999,52.389999,0,1.00521662356699,-0.95890849411972
"2005-10-24",2005-10-24,0.0113200309155801,1016900,-0.415550946638946,52.709999,0.0115727757839648,52.099998,52.709999,6462,-0.984501215354273,-1.23488232586462
"2005-10-25",2005-10-25,-0.00834754331905793,845800,-0.42042966042966,52.27,0.0032523818634016,52.099998,52.709999,6465,-1.01174035056393,-1.30663692293719
"2005-10-26",2005-10-26,0.0017218480964223,645100,-0.419431728343728,52.360001,0.00496567981348961,52.099998,52.709999,0,1.52678253109434,-1.29189780397088
"2005-10-27",2005-10-27,-0.000954927407277879,897500,-0.419986128898129,52.310001,0.00401458604445448,52.099998,52.709999,0,-1.0013217897382,-1.30008215559042
"2005-10-28",2005-10-28,0.017013954941427,1293200,-0.410117799029799,53.200001,0.0174812214759168,52.27,53.200001,6465,4.35442690288438,-1.17322577488534
"2005-10-31",2005-10-31,0.00751874046017403,1802700,-0.405682627858628,53.599998,0.024813396448261,0,53.599998,0,1.41943150153697,-1.1092546944448
"2005-11-01",2005-11-01,-0.0223879859099994,1749400,-0.418988196812197,52.400002,0.00248095410378035,52.27,53.599998,6470,-1.03279797565846,-1.3029943923923
"2005-11-02",2005-11-02,-0.000381698458713811,1834700,-0.419209968121968,52.380001,0.00210005723367579,52.27,53.599998,0,-1.00052930204588,-1.30627069056044
"2005-11-03",2005-11-03,-0.0280641651763238,3132500,-0.435509355509356,50.91,0,50.91,52.400002,6472,-1.03888120184834,-1.40629599257502
"2005-11-04",2005-11-04,0.00471424081712835,1327300,-0.432848210672211,51.150002,0.00469212102865613,50.91,51.150002,6472,-0.99388958054866,-1.36632127300233
"2005-11-07",2005-11-07,0.0164222867479066,1736300,-0.423534281358281,51.990002,0.0207732632901226,0,51.990002,0,4.42726501794271,-1.2282654916282
"2005-11-08",2005-11-08,0.000384612410670923,1217400,-0.423312565488565,52.009998,0.0211497412478271,0,52.009998,0,1.01812319771075,-1.22501351747989
"2005-11-09",2005-11-09,0.0119208426041469,1207500,-0.416437965349965,52.630001,0.0326809988090253,0,52.630001,0,1.54521979375908,-1.12495335190553
"2005-11-10",2005-11-10,0.0119703018816208,1430900,-0.409452551628551,53.259998,0.0441231334631295,0,53.259998,0,1.35011581870455,-1.02477526883777
"2005-11-11",2005-11-11,0.00168982357077813,901700,-0.40845463063063,53.349998,0.0457356718176447,0,53.349998,0,1.036546324523,-1.01058397173605
"2005-11-14",2005-11-14,-0.0159324841961568,1327000,-0.417879417879418,52.5,0.0302857142857144,50.91,53.349998,6479,-1.02307425731528,-1.14581108920994
"2005-11-15",2005-11-15,-0.00952380952380952,1128300,-0.423423423423423,52,0.0209615384615385,50.91,53.349998,0,-1.01326699834162,-1.22663930779962
"2005-11-16",2005-11-16,-0.00846151923076924,1014700,-0.428302137214137,51.560001,0.0126066909890091,50.91,53.349998,0,-1.01152206873977,-1.29858120546804
"2005-11-17",2005-11-17,0.00368500768648162,1111000,-0.426195426195426,51.75,0.016231884057971,50.91,53.349998,0,1.2875610318459,-1.26742073028545
"2005-11-18",2005-11-18,0.00425122705314016,1163600,-0.423756052668053,51.970001,0.0203964013777873,50.91,53.349998,0,1.25656401345297,-1.23151985446742
"2005-11-21",2005-11-21,0.00115447371263266,675600,-0.423090794178794,52.029999,0.0215260238617341,50.91,53.349998,0,1.05538342097822,-1.22176230389334
"2005-11-22",2005-11-22,-0.00634245639712575,1248600,-0.426749815661816,51.700001,0.0152804832634337,50.91,53.349998,0,-1.00864831268693,-1.27560669071642
"2005-11-23",2005-11-23,0.0106382783242112,708900,-0.420651420651421,52.25,0.0256459330143541,50.91,53.349998,0,1.67834567612957,-1.18610393242737
"2005-11-25",2005-11-25,0.00287085167464116,247300,-0.418988196812197,52.400002,0.0284351515864447,50.91,53.349998,0,1.10875870924756,-1.1618990226561
"2005-11-28",2005-11-28,0.00133585872763903,971100,-0.418212047124047,52.470001,0.0297312935061695,50.91,53.349998,0,1.04558238122222,-1.15063337859951
"2005-11-29",2005-11-29,0.00514581655906569,989500,-0.415218273042273,52.740002,0.0346985576526903,50.91,53.349998,0,1.16707191516878,-1.10735461287942
"2005-11-30",2005-11-30,-0.00094810386999979,1422900,-0.415772706860707,52.689999,0.0337824830856421,50.91,53.349998,0,-1.00133528280047,-1.11534876968154
"2005-12-01",2005-12-01,0.00740184109701729,635900,-0.411448349272349,53.080002,0.0408817241566797,50.91,53.349998,0,1.21014562644907,-1.05324641118474
"2005-12-02",2005-12-02,0.00753575706346048,615700,-0.407013167013167,53.48,0.0359012528047867,51.560001,53.48,6479,-0.989220561300037,-1.0562107781701
"2005-12-05",2005-12-05,-0.0123410620792819,855500,-0.414331254331254,52.82,0.0238545815978796,51.560001,53.48,6493,-1.01797997684397,-1.1614838372104
"2005-12-06",2005-12-06,0.00321851571374473,887200,-0.41244627027027,52.990002,0.0269862416687585,51.560001,53.48,0,1.13128128271834,-1.13421174532265
"2005-12-07",2005-12-07,-0.00528407226706641,764400,-0.415550946638947,52.709999,0.0218174544074646,51.560001,53.48,0,-1.00752746864856,-1.17918895606667
"2005-12-08",2005-12-08,0,715000,-0.415550946638947,52.709999,0.0218174544074646,51.560001,53.48,0,-1,-1.17918895606667
"2005-12-09",2005-12-09,0.0214380766730806,1043100,-0.403021483021483,53.84,0.020988131500743,52.709999,53.84,6493,-0.969848549933999,-1.11558322598581
"2005-12-12",2005-12-12,0,549900,-0.403021483021483,53.84,0.020988131500743,0,53.84,0,-1,-1.11558322598581
"2005-12-13",2005-12-13,0.0128157317979196,951100,-0.395370766458766,54.529999,0.0333761238469854,0,54.529999,0,1.59023798025107,-1.00664635577689
"2005-12-14",2005-12-14,0.00550161389146557,681100,-0.39204432986833,54.830002,0.0386650177397403,0,54.830002,0,1.15846339488079,-0.959810646803903
"2005-12-15",2005-12-15,-0.00565387540930597,968100,-0.395481635481635,54.52,0.0331988444607484,52.709999,54.830002,6501,-1.00876764526721,-1.00821282325672
"2005-12-16",2005-12-16,-0.00623624358033755,1332000,-0.399251559251559,54.18,0.0271318014027315,52.709999,54.830002,0,-1.0095324875587,-1.06168974052985
"2005-12-19",2005-12-19,-0.00867480620155032,1741100,-0.404462935550935,53.709999,0.0186185071424038,52.709999,54.830002,0,-1.01305286398667,-1.13630146637583
"2005-12-20",2005-12-20,-0.00204805440417163,1082400,-0.405682627858628,53.599998,0.0166044595747932,52.709999,54.830002,0,-1.00301558486696,-1.15388111697537
"2005-12-21",2005-12-21,-0.0039178919372347,1467600,-0.408011099099099,53.389999,0.012736467741833,52.709999,54.830002,0,-1.00573963754071,-1.18756708430248
"2005-12-22",2005-12-22,-0.00543174761999909,1514400,-0.411226633402633,53.099998,0.00734461421260313,52.709999,54.830002,0,-1.00788099713619,-1.23435961447175
"2005-12-23",2005-12-23,0.00715634678554974,874300,-0.407013167013167,53.48,0.0143979244577411,52.709999,54.830002,0,1.96033774422552,-1.173109790968
"2005-12-27",2005-12-27,-0.0108451383694838,722300,-0.413444191268191,52.900002,0.00359173899464116,52.709999,54.830002,0,-1.01580053122659,-1.26681681003586
"2005-12-28",2005-12-28,-0.0136106233039462,971400,-0.421427581427581,52.18,0,52.18,54.52,6509,-1.01930947471992,-1.32974293706496
"2005-12-29",2005-12-29,-0.00364120352625532,556400,-0.423534281358281,51.990002,0,51.990002,52.18,6510,-1.00499896073143,-1.34119563583724
"2005-12-30",2005-12-30,-0.00326989793152916,451400,-0.425419265419265,51.82,0,51.82,51.990002,6511,-1.00445060563914,-1.35144301579222
"2006-01-03",2006-01-03,0.00945582786568891,1722100,-0.419986128898129,52.310001,0.00936725273624062,51.82,52.310001,6511,-0.987228748289568,-1.27098333693279
"2006-01-04",2006-01-04,-0.00133815711454494,953000,-0.420762278586279,52.240002,0.00803985420980646,51.82,52.310001,6513,-1.00184803648203,-1.28241890196203
"2006-01-05",2006-01-05,0.00133995017840931,883700,-0.419986128898129,52.310001,0.00133815711454499,52.240002,52.310001,6513,-0.998155372456967,-1.3146320845447
"2006-01-06",2006-01-06,0.0122347541151835,902200,-0.412889801801802,52.950001,0.0134088571594173,0,52.950001,0,10.0203907401237,-1.21043395693788
"2006-01-09",2006-01-09,-0.00472143522716836,1327100,-0.415661804573805,52.700001,0.00872863361046239,52.240002,52.950001,6516,-1.00671366248308,-1.25094665739089
"2006-01-10",2006-01-10,-0.00683113839030092,1183500,-0.4196534996535,52.34,0.00191054642720689,52.240002,52.950001,0,-1.00960322799875,-1.30971211242673
"2006-01-11",2006-01-11,0.00706914405808177,1518800,-0.415550946638947,52.709999,0.00891665734996516,52.240002,52.950001,0,4.66707179840732,-1.2493218404271
"2006-01-12",2006-01-12,-0.00910641261822081,1246600,-0.420873180873181,52.23,0,52.23,52.709999,6519,-1.01280765758635,-1.32672903724173
"2006-01-13",2006-01-13,0.00421215776373738,633200,-0.418433807345807,52.450001,0.00419448991049598,52.23,52.450001,6519,-0.99420401765132,-1.2906652207754
"2006-01-17",2006-01-17,0.00171591989102148,1128200,-0.417435886347886,52.540001,0.00590028538446352,0,52.540001,0,1.40667530745493,-1.27596694796162
"2006-01-18",2006-01-18,-0.0268366953399943,2568100,-0.433069981981982,51.130001,0,0,52.540001,6522,-1.03745268709616,-1.39303477307481
"2006-01-19",2006-01-19,-0.0299237819299084,3069800,-0.450034672210672,49.599998,0,49.599998,51.130001,6523,-1.0391730919586,-1.48526028849966
"2006-01-20",2006-01-20,-0.00362903240439646,2750400,-0.452030514206514,49.419998,0,49.419998,49.599998,6524,-1.00443486273188,-1.49611032786329
"2006-01-23",2006-01-23,0.0012141238856383,1027500,-0.451365211365211,49.48,0.0012126515763945,49.419998,49.48,6524,-0.998528190419908,-1.4859011633114
"2006-01-24",2006-01-24,0.0036378334680679,1191500,-0.449369369369369,49.66,0.00483290374546907,0,49.66,0,3.985401775371,-1.45537026813726
"2006-01-25",2006-01-25,0.0132903745469191,1231900,-0.442051282051282,50.32,0.0178855723370429,0,50.32,0,3.7007921694718,-1.34462828357776
"2006-01-26",2006-01-26,0.0312002980922099,2113700,-0.424643115731116,51.889999,0.0476007139641688,0,51.889999,0,2.66140289319021,-1.08845081700585
"2006-01-27",2006-01-27,0.000770880724048513,1203100,-0.424199584199584,51.93,0.0483343346813018,0,51.93,0,1.01541196877184,-1.08205143856727
"2006-01-30",2006-01-30,0.00731756210283073,1300400,-0.419986128898129,52.310001,0.0552476189017852,0,52.310001,0,1.14303050338992,-1.02156290187278
"2006-01-31",2006-01-31,-0.00191171856410395,1474900,-0.421094952182952,52.209999,0.0534380588668466,49.419998,52.310001,6531,-1.00264014263455,-1.03742817275271
"2006-02-01",2006-02-01,-0.00497985069871392,1269800,-0.423977812889813,51.950001,0.0487007305351159,49.419998,52.310001,0,-1.00684610606685,-1.07885397259021
"2006-02-02",2006-02-02,-0.0088546485302282,1017300,-0.429078286902287,51.490002,0.0402020570906173,49.419998,52.310001,0,-1.01203004935025,-1.15278331445564
"2006-02-03",2006-02-03,0.00524365875922876,820900,-0.426084568260568,51.759998,0.0452086570791599,49.419998,52.310001,0,1.12453591559401,-1.10929100782978
"2006-02-06",2006-02-06,0.00618245773502536,904800,-0.42253636036036,52.080002,0.0510753436607011,49.419998,52.310001,0,1.12976909646462,-1.05810861165602
"2006-02-07",2006-02-07,-0.00633644368907667,1283100,-0.426195426195426,51.75,0.045024193236715,49.419998,52.310001,0,-1.00865976559259,-1.11089647204756
"2006-02-08",2006-02-08,0.0166183768115941,1577600,-0.416659725571726,52.610001,0.0212887089661906,51.490002,52.610001,6531,-0.977625990243903,-1.18809106552944
"2006-02-09",2006-02-09,-0.00380157757457561,1204900,-0.418877338877339,52.41,0.0175538637664567,51.490002,52.610001,6538,-1.0053223605967,-1.22045054550227
"2006-02-10",2006-02-10,0.00992177065445532,1100600,-0.413111573111573,52.93,0.00982429624031744,52.41,52.93,6538,-0.98623519290583,-1.23112640383515
"2006-02-13",2006-02-13,-0.0102021726808992,828200,-0.41909911018711,52.389999,0,0,52.93,6540,-1.01449375293565,-1.31708461808538
"2006-02-14",2006-02-14,0.00133613287528408,1194200,-0.418322949410949,52.459999,0.00133435000637339,52.389999,52.459999,6540,-0.99814802571207,-1.30561120229617
"2006-02-15",2006-02-15,-0.00514677859601185,1620300,-0.421316712404713,52.189999,0,0,52.459999,6542,-1.00715658320438,-1.32914021737831
"2006-02-16",2006-02-16,0.0107300442753409,985900,-0.415107415107415,52.75,0.0106161327014218,52.189999,52.75,6542,-0.985262162372204,-1.23767176537838
"2006-02-17",2006-02-17,-0.00872036018957352,1083700,-0.420207889119889,52.290001,0.00191244976262284,52.189999,52.75,6544,-1.01228711853089,-1.31271560482814
"2006-02-21",2006-02-21,-0.0063109962457257,1231200,-0.423866954954955,51.959999,0,51.959999,52.290001,6545,-1.00870775140069,-1.34300415656517
"2006-02-22",2006-02-22,0.0356043501848412,1337200,-0.403354112266113,53.810001,0.0343802632525503,51.959999,53.810001,6545,-0.951605468534289,-1.04458756772853
"2006-02-23",2006-02-23,-0.00724777908850067,721100,-0.40767846985447,53.419998,0.0273305700984863,51.959999,53.810001,6547,-1.01072099541533,-1.10642056780384
"2006-02-24",2006-02-24,-0.00580301406974974,784600,-0.41111572002772,53.110001,0.0216532099105025,51.959999,53.810001,0,-1.00843127716427,-1.1559705228652
"2006-02-27",2006-02-27,0.00263601953236648,630700,-0.40956340956341,53.25,0.0242253708920187,51.959999,53.810001,0,1.11878889975886,-1.1335485688054
"2006-02-28",2006-02-28,-0.0099530328638497,1276500,-0.415440044352045,52.720001,0.0144158191499275,51.959999,53.810001,0,-1.01434853468697,-1.21882372669777
"2006-03-01",2006-03-01,0.0106221166422207,925300,-0.409230780318781,53.279999,0.0247747752397667,51.959999,53.810001,0,1.71858255032918,-1.1287535503534
"2006-03-02",2006-03-02,0.000375375382420768,881500,-0.409009020097021,53.299999,0.0251407134172741,51.959999,53.810001,0,1.01477059525125,-1.12555863273003
"2006-03-03",2006-03-03,-0.00487801134855562,1106000,-0.411891880803881,53.040001,0.0203620282737172,51.959999,53.810001,0,-1.00704840373979,-1.16720926150549
"2006-03-06",2006-03-06,-0.0045249244999071,627400,-0.414553025641026,52.799999,0.0159090912103994,51.959999,53.810001,0,-1.00646078488353,-1.20588370007173
"2006-03-07",2006-03-07,0.00606060617539027,947000,-0.411004862092862,53.119999,0.021837349808685,51.959999,53.810001,0,1.37263339054907,-1.15436681971268
"2006-03-08",2006-03-08,-0.00470632538980281,759000,-0.413776864864865,52.869999,0.0172120298318901,51.959999,53.810001,0,-1.00674445250571,-1.19458104667912
"2006-03-09",2006-03-09,-0.0058634009053036,793200,-0.417214126126126,52.560001,0.0114155629487145,51.959999,53.810001,0,-1.00830704070993,-1.2447785643428
"2006-03-10",2006-03-10,0.0116057265676232,1031400,-0.410450472626473,53.169998,0.0227571759547555,51.959999,53.810001,0,1.99352200649186,-1.14635250923169
"2006-03-13",2006-03-13,0.00150464553337016,393800,-0.40956340956341,53.25,0.0242253708920187,51.959999,53.810001,0,1.06451569123437,-1.1335485688054
"2006-03-14",2006-03-14,0.0103286197183099,924400,-0.403465014553015,53.799999,0.0342007441301253,51.959999,53.810001,0,1.41177380864757,-1.04616639196903
"2006-03-15",2006-03-15,-0.00706321574466944,561300,-0.40767846985447,53.419998,0.0273305700984863,51.959999,53.810001,0,-1.01044317387995,-1.10642056780384
"2006-03-16",2006-03-16,-0.00505421209487876,730100,-0.410672188496189,53.150002,0.0223895193832729,51.959999,53.810001,0,-1.00734333270724,-1.14955652748572
"2006-03-17",2006-03-17,0.00639698941121388,1086800,-0.406902264726265,53.490002,0.0286035323012326,51.959999,53.810001,0,1.27754114823037,-1.09528063475814
"2006-03-20",2006-03-20,-0.00243037941931653,548800,-0.408343717255717,53.360001,0.0262369185487833,51.959999,53.810001,0,-1.00354250308836,-1.11598250852571
"2006-03-21",2006-03-21,-0.000374831327308137,784500,-0.408565488565489,53.34,0.0258717847769029,51.959999,53.810001,0,-1.00054309960065,-1.11917311341924
"2006-03-22",2006-03-22,-0.00056241094863149,563600,-0.408898117810118,53.310001,0.025323616107229,51.959999,53.810001,0,-1.00081413935817,-1.12396141432758
"2006-03-23",2006-03-23,-0.00600260727813535,641900,-0.41244627027027,52.990002,0.0194376856222801,51.959999,53.810001,0,-1.00867735092339,-1.17524812516309
"2006-03-24",2006-03-24,0.00358554430701857,543100,-0.41033957033957,53.18,0.0229409740503949,51.959999,53.810001,0,1.18023176710396,-1.1447504231158
"2006-03-27",2006-03-27,-0.002256468597217,879600,-0.411670120582121,53.060001,0.0207312849466399,51.959999,53.810001,0,-1.00324255894076,-1.16399630347312
"2006-03-28",2006-03-28,-0.00603088944532818,993700,-0.415218273042273,52.740002,0.0147895898828369,51.959999,53.810001,0,-1.00861892151691,-1.21558616850466
"2006-03-29",2006-03-29,-0.00132734162581179,1438200,-0.415994478170478,52.669998,0.0134801410093085,51.959999,53.810001,0,-1.00186939057985,-1.22692445483437
"2006-03-30",2006-03-30,-0.000759388675123922,768200,-0.416437965349965,52.630001,0.0127304196707121,51.959999,53.810001,0,-1.00106608910156,-1.23341112032052
"2006-03-31",2006-03-31,-0.00247009305585991,1149200,-0.417879417879418,52.5,0.0102857333333333,51.959999,53.810001,0,-1.00346138596715,-1.25453742178401
"2006-04-03",2006-04-03,-0.00399998095238102,974200,-0.420207889119889,52.290001,0.00631099624572573,51.959999,53.810001,0,-1.00557211276949,-1.28880369066667
"2006-04-04",2006-04-04,0.00019120290320903,1298700,-0.420097031185031,52.299999,0.00650095614724577,51.959999,53.810001,0,1.03009982800239,-1.28716834810309
"2006-04-05",2006-04-05,0.00726579363796929,651000,-0.415883575883576,52.68,0.0136674449506453,51.959999,53.810001,0,2.10237458015091,-1.22530330981307
"2006-04-06",2006-04-06,-0.00246774867122248,465100,-0.417325028413029,52.549999,0.0112274026874862,51.959999,53.810001,0,-1.00346600013331,-1.24640436459461
"2006-04-07",2006-04-07,-0.00475737402012129,998100,-0.420097031185031,52.299999,0.00650095614724577,51.959999,53.810001,0,-1.00664231134793,-1.28716834810309
"2006-04-10",2006-04-10,0.00956022962830267,950100,-0.414553025641026,52.799999,0.0159090912103994,51.959999,53.810001,0,2.44719251292589,-1.20588370007173
"2006-04-11",2006-04-11,-0.00284085232653128,1499200,-0.416216194040194,52.650002,0.0131054695876365,51.959999,53.810001,0,-1.0040119557603,-1.23016660807146
"2006-04-12",2006-04-12,-0.0070275970739755,965400,-0.420318791406792,52.279999,0.00612088764577046,51.959999,53.810001,0,-1.00985689030207,-1.29044008271478
"2006-04-13",2006-04-13,0.00879883337411694,701900,-0.415218273042273,52.740002,0.0147895898828369,51.959999,53.810001,0,2.41624920089106,-1.21558616850466
"2006-04-17",2006-04-17,0.000379142951113391,1407300,-0.414996557172557,52.759998,0.0151629838954884,51.959999,53.810001,0,1.02524708363177,-1.21235095967409
"2006-04-18",2006-04-18,0.085291891026986,4871900,-0.365100507276508,57.259998,0.0869716935721864,52.279999,57.259998,6547,5.73579014339413,-0.550724721296204
"2006-04-19",2006-04-19,0.00296894875895729,1799800,-0.363215523215524,57.43,0.0896744036218005,0,57.43,0,1.03107574359663,-0.525784539762801
"2006-04-20",2006-04-20,-0.00121885773985727,1528200,-0.363991672903673,57.360001,0.0885634921798555,52.279999,57.43,6586,-1.0021368846829,-0.536043211333878
"2006-04-21",2006-04-21,0.00488141553554028,1269800,-0.360887051975052,57.639999,0.00485770306831557,57.360001,57.639999,6586,-0.991470626501275,-0.974217099528051
"2006-04-24",2006-04-24,0.00190841432873718,1392500,-0.35966735966736,57.75,0.00675322943722945,0,57.75,0,1.39021042296255,-0.957281768305484
"2006-04-25",2006-04-25,0.00363634632034638,1108500,-0.357338888426889,57.959999,0.0103519325457546,0,57.959999,0,1.53288624975276,-0.925059741143166
"2006-04-26",2006-04-26,0.0105245170897949,1722900,-0.350575190575191,58.57,0.0206590233908145,0,58.57,0,1.99566827734855,-0.83225744030276
"2006-04-27",2006-04-27,0.0138296226737237,1578500,-0.341593890505891,59.380001,0.0340181873691784,0,59.380001,0,1.64665031476288,-0.710807488440876
"2006-04-28",2006-04-28,-0.0082519702214218,1399700,-0.347027038115038,58.889999,0.0259806083542302,57.360001,59.380001,6592,-1.01590528332079,-0.784038693332168
"2006-05-01",2006-05-01,-0.0115469521403796,1109000,-0.354566885654886,58.209999,0.0146022679024613,57.360001,59.380001,0,-1.0217269743038,-0.886884051243887
"2006-05-02",2006-05-02,0.00343585300525419,960000,-0.352349272349273,58.41,0.0179763567882212,57.360001,59.380001,0,1.2310660856449,-0.856485758687414
"2006-05-03",2006-05-03,-0.00102725560691658,925200,-0.353014575190575,58.349998,0.0169665301445255,57.360001,59.380001,0,-1.00188819133034,-0.865592301634839
"2006-05-04",2006-05-04,0.00994005175458619,631300,-0.346583506583507,58.93,0.0266417614118446,57.360001,59.380001,0,1.57025397561569,-0.778033272411273
"2006-05-05",2006-05-05,0.0134057525878161,689900,-0.337823966735967,59.720001,0.0252846948210869,58.209999,59.720001,6592,-0.9747260337519,-0.737791045625967
"2006-05-08",2006-05-08,0.00033491292138447,877100,-0.337602195426196,59.740002,0.0256110302775014,0,59.740002,0,1.01290644236459,-0.734811360860851
"2006-05-09",2006-05-09,-0.00585877114634167,605000,-0.341483032571033,59.389999,0.0198686650929225,58.209999,59.740002,6599,-1.01149529593532,-0.787126185529273
"2006-05-10",2006-05-10,-0.0133019197390457,1567900,-0.350242572418573,58.599998,0.00665527326468507,58.209999,59.740002,0,-1.02565146438343,-0.906578113143402
"2006-05-11",2006-05-11,-0.0145050858192862,1253200,-0.35966735966736,57.75,0,57.75,59.389999,6601,-1.02690931368995,-0.993994496757045
"2006-05-12",2006-05-12,-0.00640690909090909,1096900,-0.363769912681913,57.380001,0,57.380001,57.75,6602,-1.01140652023121,-1.01629729517096
"2006-05-15",2006-05-15,0.00644822226475737,1336900,-0.35966735966736,57.75,0.00640690909090913,57.380001,57.75,6602,-0.988722121122369,-0.959164477156099
"2006-05-16",2006-05-16,-0.012987012987013,1128500,-0.367983367983368,57,0,0,57.75,6604,-1.02312138728324,-1.03920299410551
"2006-05-17",2006-05-17,-0.0229824736842105,1431700,-0.382508673596674,55.689999,0,55.689999,57,6605,-1.03947272316384,-1.11816722975215
"2006-05-18",2006-05-18,-0.00592562409634813,992800,-0.386167695079695,55.360001,0,55.360001,55.689999,6606,-1.00956585232072,-1.13805884802948
"2006-05-19",2006-05-19,0.0209537387833502,1518000,-0.373305613305614,56.52,0.0205236907289457,55.360001,56.52,6606,-0.96669301462043,-0.956563044956024
"2006-05-22",2006-05-22,-0.000176963906581742,1037600,-0.373416515592516,56.509998,0.020350328095924,55.360001,56.52,6608,-1.0002970817554,-0.958108400538931
"2006-05-23",2006-05-23,-0.00407005854079143,1039400,-0.375966747054747,56.279999,0.0163468019962119,55.360001,56.52,0,-1.00682945546258,-0.993736735685163
"2006-05-24",2006-05-24,-0.00159914714994924,1126600,-0.376964668052668,56.189999,0.0147712762906439,55.360001,56.52,0,-1.00265427994826,-1.00772682011631
"2006-05-25",2006-05-25,0.0037373732645911,713000,-0.374636152460153,56.400002,0.018439733388662,55.360001,56.52,0,1.24835071972364,-0.975125346707861
"2006-05-26",2006-05-26,0.00443262395628993,721100,-0.37186414968815,56.650002,0.00812008797457764,56.189999,56.650002,6608,-0.992600813472486,-1.01615676098806
"2006-05-30",2006-05-30,-0.0268314377111584,769700,-0.388717937629938,55.130001,0,0,56.650002,6613,-1.04532243281833,-1.15192278721634
"2006-05-31",2006-05-31,0.0143297113308596,1079600,-0.379958442134442,55.919998,0.0141272716068409,55.130001,55.919998,6613,-0.977465677172236,-1.02750295614558
"2006-06-01",2006-06-01,0.0189556873732363,735000,-0.368205128205128,56.98,0.0324675149175149,0,56.98,0,2.29821552392275,-0.863904694697129
"2006-06-02",2006-06-02,0.00824852579852586,847900,-0.362993751905752,57.450001,0.0403829409855014,0,57.450001,0,1.24379525467521,-0.792543172742379
"2006-06-05",2006-06-05,-0.0243690509248207,824000,-0.37851698960499,56.049999,0.0164138807567151,55.130001,57.450001,6617,-1.04276447629674,-1.00723601314357
"2006-06-06",2006-06-06,-0.00535234621502847,1086700,-0.381843381843382,55.75,0.0111210582959641,55.130001,57.450001,0,-1.00878796019662,-1.05409283796443
"2006-06-07",2006-06-07,0.00161434977578481,964200,-0.380845460845461,55.84,0.0127148818051577,55.130001,57.450001,0,1.14331581282799,-1.04000328078443
"2006-06-08",2006-06-08,-0.000358166189111804,1050300,-0.381067221067221,55.82,0.0123611429595127,55.130001,57.450001,0,-1.00058228400903,-1.04313187891399
"2006-06-09",2006-06-09,-0.00555360085990679,711000,-0.384504526680527,55.509998,0.00684555960531652,55.130001,57.450001,0,-1.00902020804539,-1.09180266443608
"2006-06-12",2006-06-12,-0.0172941638369362,912200,-0.395149006237006,54.549999,0,54.549999,56.049999,6622,-1.02768362611586,-1.18688414572181
"2006-06-13",2006-06-13,-0.0150320626037042,1098100,-0.404241164241165,53.73,0,53.73,54.549999,6623,-1.02300944165529,-1.2363120425448
"2006-06-14",2006-06-14,0.0033500837520938,973500,-0.402245322245323,53.91,0.003338898163606,53.73,53.91,6623,-0.995062744291298,-1.20731067828584
"2006-06-15",2006-06-15,0.0241142459654982,1212100,-0.387830918918919,55.209999,0.0268067202826794,0,55.209999,0,8.02861272466251,-1.001370710031
"2006-06-16",2006-06-16,-0.00561487059617593,816300,-0.391268169092169,54.900002,0.021311511063333,53.73,55.209999,6626,-1.00886275437459,-1.04993043380955
"2006-06-19",2006-06-19,-0.0129326589095571,851000,-0.39914069022869,54.189999,0.00848863274568434,53.73,55.209999,0,-1.02012052540534,-1.16243728514929
"2006-06-20",2006-06-20,-0.00572057585754892,939000,-0.402577951489952,53.880001,0.00278398287334858,53.73,55.209999,0,-1.00861165334783,-1.21213565599477
"2006-06-21",2006-06-21,0.00946544154666966,1442800,-0.396923088011088,54.389999,0.0121345654005253,53.73,55.209999,0,4.35870691471956,-1.13056122266109
"2006-06-22",2006-06-22,-0.00367714660189648,615300,-0.39914069022869,54.189999,0.00848863274568434,53.73,55.209999,0,-1.0055869821751,-1.16243728514929
"2006-06-23",2006-06-23,-0.00959588502668178,537500,-0.404906467082467,53.669998,0,53.669998,54.900002,6631,-1.01444547497894,-1.23992884288867
"2006-06-26",2006-06-26,0.0124837343947731,492800,-0.397477477477478,54.34,0.0123298122929703,53.669998,54.34,6631,-0.981652578536177,-1.13251363726734
"2006-06-27",2006-06-27,-0.0228193227824807,601700,-0.411226633402634,53.099998,0,0,54.34,6633,-1.03459103145268,-1.2742873008735
"2006-06-28",2006-06-28,0.0171374771049898,935500,-0.401136543312544,54.009998,0.0168487323402605,53.099998,54.009998,6633,-0.975463432398332,-1.12783919306332
"2006-06-29",2006-06-29,0.0274024079763897,1266400,-0.384726242550243,55.490002,0.0430708941044911,0,55.490002,0,2.55632846641951,-0.896075407380352
"2006-06-30",2006-06-30,-0.00342409430801601,1998300,-0.386832997920998,55.299999,0.0397830206109046,53.099998,55.490002,6636,-1.00547598561718,-0.925402345911673
"2006-07-03",2006-07-03,-0.00036166365934298,314600,-0.387054758142758,55.279999,0.0394356193819757,53.099998,55.490002,0,-1.00057327121252,-0.928496490717277
"2006-07-05",2006-07-05,-0.0141099676937403,752800,-0.395703395703396,54.5,0.0256881100917431,53.099998,55.490002,0,-1.02234473902901,-1.05024915221646
"2006-07-06",2006-07-06,-0.00550456880733944,824200,-0.399029787941788,54.200001,0.0202952579281318,53.099998,55.490002,0,-1.00840627670753,-1.09764977069224
"2006-07-07",2006-07-07,-0.00608859767364212,703600,-0.402688853776854,53.869999,0.0142936887747112,53.099998,55.490002,0,-1.00916990647224,-1.15016809134143
"2006-07-10",2006-07-10,-0.00519767969552026,1009900,-0.405793485793486,53.59,0.00914353424146308,53.099998,55.490002,0,-1.00770975403842,-1.19504376746768
"2006-07-11",2006-07-11,0.00317219630528083,654500,-0.403908546084546,53.759998,0.0122767861710115,53.099998,55.490002,0,1.3426740521559,-1.16776326283591
"2006-07-12",2006-07-12,-0.000743991843154451,922000,-0.404352033264033,53.720001,0.0115413810211955,53.099998,55.490002,0,-1.00109798909626,-1.17417210091281
"2006-07-13",2006-07-13,-0.0134028478517713,774000,-0.412335412335412,53,0,53,55.299999,6644,-1.01974363528467,-1.28031497996397
"2006-07-14",2006-07-14,0.00283022641509435,797700,-0.410672188496189,53.150002,0.00282223884017918,53,53.150002,6644,-0.995966332773109,-1.25593056138925
"2006-07-17",2006-07-17,0.017497647507144,1363200,-0.400360338184338,54.080002,0.0199704504448798,0,54.080002,0,7.07610219254578,-1.106648827994
"2006-07-18",2006-07-18,0.00758136066636974,1487000,-0.395814253638254,54.490002,0.0273445025749861,0,54.490002,0,1.36924816245179,-1.04184712904891
"2006-07-19",2006-07-19,0.0405578806915809,1460700,-0.37130976022176,56.700001,0.0652557484081878,0,56.700001,0,2.38643026067996,-0.702535084718657
"2006-07-20",2006-07-20,0.0052909875610055,1487200,-0.367983367983368,57,0.0701754385964912,0,57,0,1.07539090897448,-0.657706727007081
"2006-07-21",2006-07-21,-0.0175438596491228,1521100,-0.379071379071379,56,0.0535714285714286,53,57,6650,-1.030131826742,-0.808249465240521
"2006-07-24",2006-07-24,0.0171428392857143,556900,-0.3684268995149,56.959999,0.0695224555744813,53,57,0,1.29775250405698,-0.663667732985262
"2006-07-25",2006-07-25,0.00860256335327529,693300,-0.362993751905752,57.450001,0.0252393555223785,56,57.450001,6650,-0.985253119095535,-0.87486857661889
"2006-07-26",2006-07-26,-0.00208875540315482,727900,-0.364324302148302,57.330002,0.0231990572754559,56,57.450001,6653,-1.00366549075725,-0.893193593767447
"2006-07-27",2006-07-27,-0.00837264928056345,891400,-0.369646591822592,56.849998,0.0149515924345327,56,57.450001,0,-1.01460865949075,-0.966963146142637
"2006-07-28",2006-07-28,0.0163588572157909,824800,-0.359334730422731,57.779999,0.0160955523727163,56.849998,57.779999,6653,1.07651090967016,-0.904685614795235
"2006-07-31",2006-07-31,-0.0115956734440234,581300,-0.366763675675676,57.110001,0.0045526702056965,56.849998,57.779999,6656,-1.02067416429301,-1.00782257390095
"2006-08-01",2006-08-01,-0.0103309576198395,569400,-0.373305613305614,56.52,0,56.52,57.110001,6657,-1.01783692896491,-1.06813643240852
"2006-08-02",2006-08-02,0.000884642604387777,749100,-0.372751212751213,56.57,0.000883860703553063,56.52,56.57,6657,-0.99851488824534,-1.06031758136897
"2006-08-03",2006-08-03,0.00530314654410464,675100,-0.369424820512821,56.869999,0.00615436972312933,0,56.869999,0,6.96305390474897,-1.01358205959493
"2006-08-04",2006-08-04,0.00685772827251154,622600,-0.365100507276507,57.259998,0.0129234723340368,0,57.259998,0,2.09988559599659,-0.953274681119966
"2006-08-07",2006-08-07,0.00366753418328796,934000,-0.362771991683992,57.470001,0.0165303807807485,0,57.470001,0,1.27909747113492,-0.921007805986752
"2006-08-08",2006-08-08,-0.00870019125282423,956400,-0.368315997227997,56.970001,0.00789891156926603,56.52,57.470001,6662,-1.01528234172178,-0.998070248512578
"2006-08-09",2006-08-09,-0.0124627521070256,809400,-0.376188518364519,56.259998,0,56.259998,56.970001,6663,-1.02137436656504,-1.08380883204532
"2006-08-10",2006-08-10,-0.00248842881224424,1291200,-0.377740828828829,56.119999,0,56.119999,56.259998,6664,-1.00412641638043,-1.09224769127237
"2006-08-11",2006-08-11,0.00213832861971357,713800,-0.376410234234235,56.240002,0.00213376592696413,56.119999,56.240002,6664,-0.996477493315404,-1.07341431262464
"2006-08-14",2006-08-14,0.000355547640272241,662400,-0.376188518364518,56.259998,0.0024884288122442,0,56.259998,0,1.16621452278258,-1.07028093223025
"2006-08-15",2006-08-15,0.0165304129587775,817200,-0.365876656964657,57.189999,0.0187095649363449,0,57.189999,0,7.5186257466098,-0.926039019208147
"2006-08-16",2006-08-16,0.00542054564470267,739000,-0.362439362439363,57.5,0.0240000173913043,0,57.5,0,1.2827672622511,-0.87859217798081
"2006-08-17",2006-08-17,-0.000869547826086951,776400,-0.362993751905752,57.450001,0.0231506001192237,56.119999,57.5,6669,-1.00152960611855,-0.886223723164779
"2006-08-18",2006-08-18,-0.000696275009638446,572400,-0.363437283437284,57.41,0.022469970388434,56.119999,57.5,0,-1.00122187098043,-0.892335025548768
"2006-08-21",2006-08-21,-0.00574809266678273,373400,-0.367096304920305,57.080002,0.0168185523189015,56.119999,57.5,0,-1.01006782091374,-0.942949571113182
"2006-08-22",2006-08-22,-0.00122641901799508,697300,-0.36787251004851,57.009998,0.0156112792706992,56.119999,57.5,0,-1.0021144454951,-0.953732396775614
"2006-08-23",2006-08-23,-0.000175372747776681,500100,-0.367983367983368,57,0.0154386140350877,56.119999,57.5,0,-1.0003013487875,-0.955273719969786
"2006-08-24",2006-08-24,-0.011052649122807,514700,-0.374968826056826,56.369999,0.00443498322574032,56.119999,57.5,0,-1.01898308097928,-1.0530681961362
"2006-08-25",2006-08-25,-0.00922478284947283,445000,-0.380734602910603,55.849998,0,55.849998,57.450001,6675,-1.015376683215,-1.10852281059581
"2006-08-28",2006-08-28,0.00268580134953632,664300,-0.379071379071379,56,0.00267860714285717,55.849998,56,6675,-0.99563154011611,-1.08491922014929
"2006-08-29",2006-08-29,-0.00178567857142856,666200,-0.380180158004158,55.900002,0.00089452590717265,55.849998,56,6677,-1.00292498720292,-1.10064573896526
"2006-08-30",2006-08-30,0.00482998193810439,503400,-0.377186439362439,56.169998,0.00480676534829139,55.900002,56.169998,6677,5.37353396894255,-1.06310272844716
"2006-08-31",2006-08-31,-0.00320448649472985,652800,-0.379182237006237,55.990002,0.00160742984077755,55.900002,56.169998,6679,-1.00529127623774,-1.0913451440835
"2006-09-01",2006-09-01,0.00267899615363483,335600,-0.377519068607069,56.139999,0.00427497335723148,55.900002,56.169998,0,2.65950852023723,-1.06780200046043
"2006-09-05",2006-09-05,0.00676881023813342,1095200,-0.373305613305613,56.52,0.00937717622080692,55.990002,56.52,6679,2.1935051840603,-1.01715908483921
"2006-09-06",2006-09-06,-0.00920028308563346,672100,-0.379071379071379,56,0.000178535714285721,55.990002,56.52,6682,-1.01544516224846,-1.09851041297337
"2006-09-07",2006-09-07,-0.00571428571428572,613700,-0.382619542619543,55.68,0,55.68,56,6683,-1.00936014625228,-1.1187699494388
"2006-09-08",2006-09-08,0.0145474497126436,1235100,-0.373638231462232,56.490002,0.0143388559271072,55.68,56.490002,6683,-0.976526784032457,-0.991994016594655
"2006-09-11",2006-09-11,-0.00424857481860236,691400,-0.376299376299376,56.25,0.0101333333333333,55.68,56.490002,6685,-1.00712224984775,-1.02932343048496
"2006-09-12",2006-09-12,0.00960001777777772,1055400,-0.370311839223839,56.790001,0.00950873376459349,56.25,56.790001,6685,-0.984088368324125,-1.00016877637172
"2006-09-13",2006-09-13,0.00316957205195342,952700,-0.368315997227997,56.970001,0.0126382479789671,0,56.970001,0,1.32911997452558,-0.972305690641826
"2006-09-14",2006-09-14,-0.00193084075950791,744700,-0.369535678447679,56.860001,0.0107281215137509,56.25,56.970001,6688,-1.00331150758821,-0.989320332408298
"2006-09-15",2006-09-15,0.00773826929760347,1945900,-0.364656975744976,57.299999,0.00767884830155063,56.860001,57.299999,6688,-0.986797749210044,-0.979374964976261
"2006-09-18",2006-09-18,-0.00506109956476608,1073200,-0.36787251004851,57.009998,0.00263106481778874,56.860001,57.299999,6690,-1.00881797008535,-1.02429701965451
"2006-09-19",2006-09-19,0.00666551505579776,1033400,-0.363659054747055,57.389999,0.00662138014673952,57.009998,57.389999,6690,2.51661612514146,-0.979698682483756
"2006-09-20",2006-09-20,0.00818961505819148,1196300,-0.358447667359667,57.860001,0.0146906841567458,0,57.860001,0,2.21867402734455,-0.907500570239323
"2006-09-21",2006-09-21,-0.00449365702568857,1231300,-0.361330583506584,57.599998,0.0102430559112171,57.009998,57.860001,6693,-1.00804278116287,-0.94735176857094
"2006-09-22",2006-09-22,-0.00642357661192979,660400,-0.365433125433126,57.23,0.00384417263672887,57.009998,57.860001,0,-1.01135398472703,-1.00444089538698
"2006-09-25",2006-09-25,0.0118818801327975,1013600,-0.357893277893278,57.91,0.0117423588326714,57.23,57.91,6693,3.05458675827403,-0.920514775944986
"2006-09-26",2006-09-26,0.00397166292522892,1136300,-0.355343046431047,58.139999,0.0156518578543492,0,58.139999,0,1.332939835802,-0.885397602253442
"2006-09-27",2006-09-27,0.00447201590079142,1053800,-0.35246013028413,58.400002,0.0200342801358124,0,58.400002,0,1.27999374401714,-0.845900884526164
"2006-09-28",2006-09-28,0.00205476020360415,605900,-0.351129591129591,58.52,0.0220437457279563,0,58.52,0,1.10030136239095,-0.827743543889119
"2006-09-29",2006-09-29,-0.00153793574846212,759000,-0.352127512127512,58.43,0.0205373951737122,57.23,58.52,6699,-1.00284203047288,-0.841357569936682
"2006-10-02",2006-10-02,-0.00479202464487419,808900,-0.355232133056133,58.150002,0.0158211860422637,57.23,58.52,0,-1.00881675194836,-0.88387411893445
"2006-10-03",2006-10-03,0.0245915726709691,1460800,-0.339376277200277,59.580002,0.0240013419267761,58.150002,59.580002,6699,1.51703809453099,-0.753206624177348
"2006-10-04",2006-10-04,0.00956696846032332,1092200,-0.333056110880111,60.150002,0.0332502067082225,0,60.150002,0,1.38534781970371,-0.668568360898982
"2006-10-05",2006-10-05,-0.00249379875332341,625500,-0.334719334719335,60,0.0308333,58.150002,60.150002,6703,-1.00499382471869,-0.690749263566015
"2006-10-06",2006-10-06,0,646200,-0.334719334719335,60,0.0308333,58.150002,60.150002,0,-1,-0.690749263566015
"2006-10-09",2006-10-09,-0.000833316666666661,628100,-0.335273724185724,59.950001,0.0300250036693077,58.150002,60.150002,0,-1.0016562815735,-0.698157262079624
"2006-10-10",2006-10-10,0.00800665541273301,620200,-0.32995148995149,60.43,0.00794305808373319,59.950001,60.43,6703,-0.984125704311723,-0.789268446363739
"2006-10-11",2006-10-11,-0.00711567102432566,618500,-0.334719334719335,60,0.000833316666666639,59.950001,60.43,6707,-1.01445013862052,-0.853838827145229
"2006-10-12",2006-10-12,0.00199998333333333,499400,-0.333388784476785,60.119999,0.00282764475761221,59.950001,60.43,0,3.39324157396625,-0.835763718558041
"2006-10-13",2006-10-13,-0.00565535604882501,826900,-0.337158708246709,59.779999,0,59.779999,60.119999,6709,-1.01130789020345,-0.871630224211871
"2006-10-16",2006-10-16,0.0127133157027989,725500,-0.328731797643798,60.540001,0.0125537163436783,59.779999,60.540001,6709,-0.9750061012906,-0.757572784435378
"2006-10-17",2006-10-17,0,954000,-0.328731797643798,60.540001,0.0125537163436783,0,60.540001,0,-1,-0.757572784435378
"2006-10-18",2006-10-18,-0.0180046247438945,2054900,-0.34081772972973,59.450001,0,0,60.540001,6712,-1.03676532715289,-0.891521842489202
"2006-10-19",2006-10-19,-0.0353238513822733,2016700,-0.364102586278587,57.349998,0,57.349998,59.450001,6713,-1.06832055529306,-1.01810581589889
"2006-10-20",2006-10-20,-0.00418477782684495,1689300,-0.366763675675676,57.110001,0,57.110001,57.349998,6714,-1.00730862536377,-1.0325723542164
"2006-10-23",2006-10-23,0.0122570475878647,1894600,-0.359002067914068,57.810001,0.0121086315151595,57.110001,57.810001,6714,-0.978837577774547,-0.924551339142645
"2006-10-24",2006-10-24,-0.00830304431235003,939100,-0.364324302148302,57.330002,0.00383744971786337,57.110001,57.810001,6716,-1.01482507960235,-0.998449523134957
"2006-10-25",2006-10-25,0.00104652011001156,962600,-0.363659054747055,57.389999,0.00487886399858639,57.110001,57.810001,0,1.27138187006731,-0.989171561017536
"2006-10-26",2006-10-26,0.0118487717694506,830000,-0.356119196119197,58.07,0.012743206474944,57.330002,58.07,6716,2.61192082391233,-0.905429366648326
"2006-10-27",2006-10-27,0.000516583433786793,782600,-0.355786577962578,58.099998,0.0132529436575884,0,58.099998,0,1.04000070026698,-0.900850051948963
"2006-10-30",2006-10-30,0.0108434082906508,977200,-0.348801108801109,58.73,0.0238378682104545,0,58.73,0,1.79868479232576,-0.805331737457037
"2006-10-31",2006-10-31,-0.000170253703388276,1117900,-0.348911977823978,58.720001,0.0236716446922405,57.330002,58.73,6721,-1.00031785742669,-0.806838101680449
"2006-11-01",2006-11-01,-0.0120913315379542,1032900,-0.356784498960499,58.009998,0.0117220483269108,57.330002,58.73,0,-1.02256305783946,-0.914597511299879
"2006-11-02",2006-11-02,-0.00568864008580044,905000,-0.360443520443521,57.68,0.00606792649098475,57.330002,58.73,0,-1.01025555060178,-0.965226755408498
"2006-11-03",2006-11-03,0.00329401872399446,801000,-0.35833680942481,57.869999,0.00933120804097476,57.330002,58.73,0,1.53779187253477,-0.936033747708391
"2006-11-06",2006-11-06,0.0114048731882646,613200,-0.351018722106722,58.529999,0.0205022556040022,57.330002,58.73,0,2.19717056076487,-0.835520860577291
"2006-11-07",2006-11-07,0.00324623275664172,810400,-0.348911977823978,58.720001,0.0236716446922405,57.330002,58.73,0,1.15458733660601,-0.806838101680448
"2006-11-08",2006-11-08,0.00119209807234154,494100,-0.348135817047817,58.790001,0.0188807787228987,57.68,58.790001,6721,-0.997775482570128,-0.828663331067413
"2006-11-09",2006-11-09,-0.00901518950475938,923100,-0.354012496188497,58.259998,0.00995533848113084,57.68,58.790001,6728,-1.01688042095327,-0.909132415443483
"2006-11-10",2006-11-10,0.00480609353951563,636600,-0.35090781981982,58.540001,0.0146908265341505,57.68,58.790001,0,1.47567323421451,-0.866510758633996
"2006-11-13",2006-11-13,0.00102488894730293,484000,-0.350242572418573,58.599998,0.0156996251092022,57.68,58.790001,0,1.06866860572525,-0.857410105988539
"2006-11-14",2006-11-14,-0.00529005137508712,1197500,-0.353679822591823,58.290001,0.0104649337714027,57.68,58.790001,0,-1.00981391311032,-0.904553570726738
"2006-11-15",2006-11-15,-0.00325961565861008,1099800,-0.355786577962578,58.099998,0.00722888148808543,57.68,58.790001,0,-1.00595667390726,-0.933598792482651
"2006-11-16",2006-11-16,0.0013769707875033,1015800,-0.354899514899515,58.18,0.00859401856308006,57.68,58.790001,0,1.18884485480149,-0.921355107760308
"2006-11-17",2006-11-17,-0.00360947060845645,1193600,-0.357227986139986,57.970001,0.00500260470928759,57.68,58.790001,0,-1.00656093103179,-0.953537508188172
"2006-11-20",2006-11-20,0.0032775400504132,1105500,-0.355121275121275,58.16,0.00825309491059145,57.68,58.790001,0,1.64975955331213,-0.924414038375858
"2006-11-21",2006-11-21,-0.00636174346629986,594500,-0.359223828135828,57.790001,0.00190346077343029,57.68,58.790001,0,-1.01155254078526,-0.981235491310709
"2006-11-22",2006-11-22,0.000173005707336864,1037000,-0.35911297020097,57.799999,0.00207610730235475,57.68,58.790001,0,1.09070138525278,-0.979694269812107
"2006-11-24",2006-11-24,-0.00968852957938637,557300,-0.365322223146223,57.240002,0,57.240002,58.599998,6738,-1.01729052821951,-1.02473615439801
"2006-11-27",2006-11-27,-0.015373881363596,1176400,-0.375079683991684,56.360001,0,56.360001,57.240002,6739,-1.02670919048239,-1.07778085156487
"2006-11-28",2006-11-28,0.0026614087533463,940700,-0.373416515592516,56.509998,0.00265434445777202,56.360001,56.509998,6739,-0.995565826489271,-1.05430946227234
"2006-11-29",2006-11-29,0.00867106737466168,1106000,-0.367983367983368,57,0.011228052631579,0,57,0,4.2300661463522,-0.978163686743825
"2006-11-30",2006-11-30,-0.000701771929824502,706700,-0.3684268995149,56.959999,0.0105336729377402,56.360001,57,6742,-1.00120530320151,-0.984349738351772
"2006-12-01",2006-12-01,-0.008602493128555,1138200,-0.373860002772003,56.470001,0.00194793692318174,56.360001,57,0,-1.01474676052226,-1.06056065998126
"2006-12-04",2006-12-04,0.0340003181512251,2406300,-0.352571043659044,58.389999,0.0328823091776385,56.470001,58.389999,6742,16.8805821103945,-0.77665782487864
"2006-12-05",2006-12-05,-0.00736427483069489,1307500,-0.357338888426889,57.959999,0.0257073503400164,56.470001,58.389999,6745,-1.01352307528821,-0.841582748545637
"2006-12-06",2006-12-06,-0.0100068669773442,717700,-0.363769912681913,57.380001,0.0158591841084142,56.470001,58.389999,0,-1.01799698958973,-0.930081666774595
"2006-12-07",2006-12-07,0.00383403618274596,1340800,-0.361330583506584,57.599998,0.0196180041534029,56.470001,58.389999,0,1.23701219553876,-0.896386533010394
"2006-12-08",2006-12-08,-0.00451385432339765,656200,-0.364213444213444,57.34,0.0151726369026858,56.470001,58.389999,0,-1.00797845750803,-0.936225138456631
"2006-12-11",2006-12-11,-0.000697610742936933,801600,-0.364656975744976,57.299999,0.0144851311428469,56.470001,58.389999,0,-1.00121777913083,-0.94237382114728
"2006-12-12",2006-12-12,0.00837696349698011,928000,-0.359334730422731,57.779999,0.02267217069353,56.470001,58.389999,0,1.56520299816036,-0.868933001207053
"2006-12-13",2006-12-13,0.00190377296475908,688700,-0.358115049203049,57.889999,0.0245292455437769,56.470001,58.389999,0,1.08190988306104,-0.85220676509189
"2006-12-14",2006-12-14,0.00293663850296485,731200,-0.356230065142065,58.060001,0.0273854628421381,56.470001,58.389999,0,1.11644130241445,-0.826432068754721
"2006-12-15",2006-12-15,0.0220461415424365,1595700,-0.342037422037422,59.34,0.0343781766093698,57.299999,59.34,6745,1.25534400523157,-0.711261651221024
"2006-12-18",2006-12-18,0,923300,-0.342037422037422,59.34,0.0343781766093698,0,59.34,0,-1,-0.711261651221024
"2006-12-19",2006-12-19,0.0075834344455678,1743300,-0.337047805959806,59.790001,0.0416457929144373,0,59.790001,0,1.21140202948072,-0.644627391535962
"2006-12-20",2006-12-20,0.00936606440264155,1269500,-0.330838553014553,60.349998,0.0505385103741014,0,60.349998,0,1.21353219226572,-0.56252822050784
"2006-12-21",2006-12-21,0.00927923808713295,1804000,-0.324629244629245,60.91,0.0592677885404695,0,60.91,0,1.1727252762646,-0.481317256683863
"2006-12-22",2006-12-22,-0.00410441635199475,1219700,-0.327401247401248,60.66,0.0553907187603033,57.299999,60.91,6758,-1.00853898044573,-0.51746375478991
"2006-12-26",2006-12-26,0.00593471810089032,678000,-0.323409563409564,61.02,0.00589970501474935,60.66,61.02,6758,-0.987807975615951,-0.7648127532962
"2006-12-27",2006-12-27,0.00442479514913133,583300,-0.320415789327789,61.290001,0.010279017616593,0,61.290001,0,1.74229348601249,-0.724730281379396
"2006-12-28",2006-12-28,-0.00358950883358603,408400,-0.322855162855163,61.07,0.00671360733584414,60.66,61.290001,6761,-1.00761315018992,-0.757374218536723
"2006-12-29",2006-12-29,-0.00622238414933683,450300,-0.327068618156618,60.689999,0.00049429890417374,60.66,61.290001,0,-1.01305060530609,-0.814090079517552
"2007-01-03",2007-01-03,0.010215884168988,1068700,-0.320194029106029,61.310001,0.0101125752713656,60.689999,61.310001,6761,20.4584213842625,-0.72442955560093
"2007-01-04",2007-01-04,-0.00880771474787607,1426300,-0.326181566181566,60.77,0.00131645548790527,60.689999,61.310001,6764,-1.018699714958,-0.804798271758174
"2007-01-05",2007-01-05,-0.0131643738686852,1709000,-0.335051963963964,59.970001,0,59.970001,60.77,6765,-1.02719466304071,-0.8601772843276
"2007-01-08",2007-01-08,0.00917123546487851,1396400,-0.328953568953569,60.52,0.00908788830138796,59.970001,60.52,6765,-0.981798659114707,-0.777619761205342
"2007-01-09",2007-01-09,0.00826173165895572,1585100,-0.323409563409563,61.02,0.0172074565716158,0,61.02,0,1.89344939120651,-0.70334017692905
"2007-01-10",2007-01-10,0.00475255653883967,1179200,-0.320194029106029,61.310001,0.0218561405666915,0,61.310001,0,1.27015520717593,-0.660587755503972
"2007-01-11",2007-01-11,0.00358828896447085,862600,-0.317754688842689,61.529999,0.0253534540119201,0,61.529999,0,1.16001514240618,-0.628314195492503
"2007-01-12",2007-01-12,0.000650105650091165,1014400,-0.317311157311157,61.57,0.0259866655838882,0,61.57,0,1.02497535726968,-0.622460673479323
"2007-01-16",2007-01-16,0.0123437063504954,2398700,-0.308884246708247,62.330002,0.0378630021542434,0,62.330002,0,1.45701656228334,-0.512085688135592
"2007-01-17",2007-01-17,-0.0346543226486661,5939300,-0.332834395010395,60.169998,0.00332386582429334,59.970001,62.330002,6772,-1.077537616623,-0.830052261607333
"2007-01-18",2007-01-18,0.00698025617351697,1991600,-0.328177408177408,60.59,0.0102326951642185,59.970001,62.330002,0,3.07855241611446,-0.767176762940579
"2007-01-19",2007-01-19,-0.000330087473180444,1235700,-0.328399168399168,60.57,0.00990587749711069,59.970001,62.330002,0,-1.0006757327477,-0.770159008880206
"2007-01-22",2007-01-22,0.000660409443618898,1000200,-0.327955636867637,60.610001,0.0105593134703956,59.970001,62.330002,0,1.0659644714439,-0.764195540513132
"2007-01-23",2007-01-23,-0.00395977554925295,573000,-0.330616781704781,60.369999,0.00662577450100665,59.970001,62.330002,0,-1.00811434394774,-0.800046363895273
"2007-01-24",2007-01-24,0.00960745419260319,689500,-0.324185713097713,60.950001,0.0160787528124896,59.970001,62.330002,0,2.42669786151744,-0.713695573262
"2007-01-25",2007-01-25,-0.0123051679687421,968900,-0.332501721413721,60.200001,0.00382059794317935,59.970001,62.330002,0,-1.02565198890644,-0.825543345229689
"2007-01-26",2007-01-26,-0.00282395344146263,861700,-0.334386705474705,60.029999,0.000999466949849426,59.970001,62.330002,0,-1.00566909564549,-0.851127301121719
"2007-01-29",2007-01-29,0.00316511749400507,825600,-0.332279961191961,60.220001,0.00415144463381856,59.970001,62.330002,0,4.15365874223654,-0.822539196221581
"2007-01-30",2007-01-30,0.00415144463381859,488000,-0.329507958419958,60.470001,0.00826856278702559,59.970001,62.330002,0,1.99173143721299,-0.78508771791064
"2007-01-31",2007-01-31,0.0046303786236087,859100,-0.326403326403326,60.75,0.012839489711934,59.970001,62.330002,0,1.55280791144028,-0.743360909462336
"2007-02-01",2007-02-01,0.00477367901234562,725300,-0.323187792099792,61.040001,0.0175294885725836,59.970001,62.330002,0,1.36527922572268,-0.700383887132621
"2007-02-02",2007-02-02,-0.00622544223090691,1274600,-0.327401247401247,60.66,0.0113748598747114,59.970001,62.330002,0,-1.01303717344668,-0.756748128266186
"2007-02-05",2007-02-05,0.0219255192878338,1643700,-0.31265417047817,61.990002,0.0325859160320723,59.970001,62.330002,0,2.8647312046909,-0.561268145292466
"2007-02-06",2007-02-06,0.00435547654926687,1010800,-0.309660451836452,62.259998,0.0367811929579567,59.970001,62.330002,0,1.12874509716883,-0.522186451923971
"2007-02-07",2007-02-07,0.00224869907641175,548600,-0.308108085932086,62.400002,0.0379808160903585,60.029999,62.400002,6772,1.03261512299977,-0.507225753913098
"2007-02-08",2007-02-08,-0.000320528835880496,563900,-0.308329857241857,62.380001,0.0376723623329215,60.029999,62.400002,6788,-1.00071978412738,-0.510108228008132
"2007-02-09",2007-02-09,-0.00705357475066408,801600,-0.313208604296604,61.939999,0.0308362936847966,60.029999,62.400002,0,-1.0158231418079,-0.573793736068713
"2007-02-12",2007-02-12,0.00113010980190689,459800,-0.312432454608454,62.009998,0.0319303187205393,60.029999,62.400002,0,1.03547848671198,-0.563626864435901
"2007-02-13",2007-02-13,0.00258022907854305,597500,-0.310658372834373,62.169998,0.0344217318456405,60.029999,62.400002,0,1.0780265661269,-0.54043826150144
"2007-02-14",2007-02-14,0.00884675917152199,621000,-0.304559933471933,62.720001,0.0124362561792689,61.939999,62.720001,6788,-0.980369306300041,-0.626805303395644
"2007-02-15",2007-02-15,0.00589921865594358,572400,-0.30045738045738,63.09,0.0182279442066889,0,63.09,0,1.46570993263026,-0.573017025063836
"2007-02-16",2007-02-16,-0.000158472024092615,708300,-0.300568238392238,63.080002,0.0180723361422849,61.939999,63.09,6794,-1.00036896392656,-0.574465619986223
"2007-02-20",2007-02-20,0.00443879186941048,496800,-0.297463606375606,63.360001,0.00441917606661646,63.080002,63.360001,6794,-0.989670791454084,-0.631810813096374
"2007-02-21",2007-02-21,-0.0050505049707938,649300,-0.30101176992377,63.040001,0,0,63.360001,6796,-1.01192805933941,-0.675123835181227
"2007-02-22",2007-02-22,0.00174493969313237,839000,-0.299792077616077,63.150002,0.00174190018236264,63.040001,63.150002,6796,-0.995948024530731,-0.659023665346602
"2007-02-23",2007-02-23,-0.00538402199892252,705500,-0.303562012474012,62.810001,0,0,63.150002,6798,-1.0125751650541,-0.688987774368088
"2007-02-26",2007-02-26,-0.00700528567098733,611900,-0.308440759528759,62.369999,0,62.369999,62.810001,6799,-1.0160716652752,-0.715510213368513
"2007-02-27",2007-02-27,-0.0394420240410779,1184900,-0.335717255717256,59.91,0,59.91,62.369999,6800,-1.08843350091009,-0.863794024393472
"2007-02-28",2007-02-28,0.00650974795526629,854800,-0.331392942480942,60.299999,0.00646764521505216,59.91,60.299999,6800,-0.987119180909917,-0.805125465333222
"2007-03-01",2007-03-01,-0.0034825705386827,1387800,-0.333721413721414,60.09,0.00299550673989024,59.91,60.299999,6802,-1.00702631511413,-0.836659446419298
"2007-03-02",2007-03-02,-0.00965222166749876,970800,-0.340152482328482,59.509998,0,59.509998,60.09,6803,-1.01927076999751,-0.887905343535311
"2007-03-05",2007-03-05,-0.0168038990691951,1067900,-0.351240493416493,58.509998,0,58.509998,59.509998,6804,-1.03259717821875,-0.948183339999927
"2007-03-06",2007-03-06,0.0218766543112853,1245800,-0.337047805959806,59.790001,0.0214083120687687,58.509998,59.790001,6804,-0.959592678740893,-0.754644849958863
"2007-03-07",2007-03-07,-0.0135474324544668,922400,-0.346029106029106,58.98,0.00796883689386219,58.509998,59.790001,6806,-1.02664696197539,-0.87653139932979
"2007-03-08",2007-03-08,0.0074601220752798,678300,-0.341150403326403,59.419998,0.0153147093677115,58.509998,59.790001,0,1.92182492522934,-0.810074674726547
"2007-03-09",2007-03-09,-0.000336519701666752,639300,-0.341372119196119,59.400002,0.0149832318187464,58.509998,59.790001,0,-1.000649906515,-0.813082012171542
"2007-03-12",2007-03-12,-0.00757577415569784,724400,-0.346361735273735,58.950001,0.00746400326608976,58.509998,59.790001,0,-1.01461635498929,-0.881084117004869
"2007-03-13",2007-03-13,-0.0361323318722251,1315000,-0.36997920997921,56.82,0,56.82,59.419998,6810,-1.06818730910564,-1.05005303346914
"2007-03-14",2007-03-14,0.0179514255543823,1703600,-0.358669438669439,57.84,0.0176348547717843,56.82,57.84,6810,-0.969431332883794,-0.892700731531043
"2007-03-15",2007-03-15,0.00328490663900403,968100,-0.356562727650727,58.029999,0.0208512669455672,0,58.029999,0,1.1823894903251,-0.863762520842852
"2007-03-16",2007-03-16,-0.00310186115977698,1433200,-0.358558580734581,57.849998,0.0178046332862448,56.82,58.029999,6813,-1.00559748097341,-0.891175101482012
"2007-03-19",2007-03-19,0.0131374766858246,882300,-0.350131659043659,58.610001,0.0129671214303511,57.849998,58.610001,6813,-0.976497782667319,-0.871661914524631
"2007-03-20",2007-03-20,0.0090427911782497,868500,-0.344255035343035,59.139999,0.0218126652318679,0,59.139999,0,1.6821516902597,-0.791627474298913
"2007-03-21",2007-03-21,0.0370308257867911,1527700,-0.319972257796258,61.330002,0.0567422776213182,0,61.330002,0,2.60134545770312,-0.469729867694189
"2007-03-22",2007-03-22,-0.00521773992441737,1310900,-0.323520465696465,61.009998,0.0517947894376263,57.849998,61.330002,6817,-1.01108911105183,-0.515915205573538
"2007-03-23",2007-03-23,0.00573681382517,969200,-0.319639628551628,61.360001,0.00570409051981591,61.009998,61.360001,6817,-0.988004353491262,-0.745381597564638
"2007-03-26",2007-03-26,-0.00293352342024892,978400,-0.321635481635481,61.18,0.00277871853546907,61.009998,61.360001,6819,-1.00624407271682,-0.772134960715878
"2007-03-27",2007-03-27,-0.0142203170970906,595700,-0.33128204019404,60.310001,0,60.310001,61.18,6820,-1.02999220891149,-0.839682765529629
"2007-03-28",2007-03-28,-0.00878796204961103,1220600,-0.337158708246708,59.779999,0,59.779999,60.310001,6821,-1.01773916886417,-0.871630224211868
"2007-03-29",2007-03-29,0.0102040818033471,897900,-0.330395021483021,60.389999,0.0101010102682731,59.779999,60.389999,6821,-0.979939160406506,-0.779948303982867
"2007-03-30",2007-03-30,-0.00413975830666929,1004100,-0.333167024255024,60.139999,0.00598603269015696,59.779999,60.389999,6823,-1.00838996531957,-0.817388145438763
"2007-04-02",2007-04-02,-0.00299301634507842,798200,-0.335162866250866,59.959999,0.00300200138428963,59.779999,60.389999,0,-1.00599051481852,-0.844460339260723
"2007-04-03",2007-04-03,0.0121747833918409,928400,-0.327068618156618,60.689999,0.012028340946257,59.959999,60.689999,6823,4.00677395060673,-0.751387315251092
"2007-04-04",2007-04-04,-0.00560225746584706,785100,-0.330838553014553,60.349998,0.00646228687530359,59.959999,60.689999,6826,-1.01152643405284,-0.802140755447207
"2007-04-05",2007-04-05,0.011599022753903,558000,-0.323076934164934,61.049999,0.0114660280338416,60.349998,61.049999,6826,1.77429882874132,-0.732744150471476
"2007-04-09",2007-04-09,-0.00360355452258073,697400,-0.325516263340263,60.830002,0.0078909088314677,60.349998,61.049999,6828,-1.00755030433118,-0.765440627339162
"2007-04-10",2007-04-10,-0.00542498749219177,608000,-0.329175329175329,60.5,0.00247937190082648,60.349998,61.049999,0,-1.01124080805524,-0.814751342949323
"2007-04-11",2007-04-11,-0.00115702479338843,924700,-0.32995148995149,60.43,0.00132387886811192,60.349998,61.049999,0,-1.00235789473684,-0.82525243467245
"2007-04-12",2007-04-12,-0.000330961442991943,1038900,-0.33017325017325,60.41,0.000993246151299365,60.349998,61.049999,0,-1.00067209947072,-0.828255420449978
"2007-04-13",2007-04-13,0.0130773216354909,707000,-0.32141371032571,61.200001,0.0129085128609721,60.41,61.200001,6828,12.9962878225958,-0.715860518725017
"2007-04-16",2007-04-16,0.0220587904892354,1558500,-0.306444917532917,62.549999,0.0342126144558372,0,62.549999,0,2.65039163103572,-0.518669391993122
"2007-04-17",2007-04-17,0.0276578741432115,2283300,-0.287262658350658,64.279999,0.0602053369664801,0,64.279999,0,1.75974090036864,-0.273083653923456
"2007-04-18",2007-04-18,0.00560049790915522,1451600,-0.283270974358974,64.639999,0.0654393419777127,0,64.639999,0,1.08693589762892,-0.222929839620118
"2007-04-19",2007-04-19,-0.0108292080883232,1406800,-0.291032582120582,63.939999,0.0552079927308101,60.41,64.639999,6836,-1.02739994021333,-0.320745344162648
"2007-04-20",2007-04-20,0.0103221615627488,1213400,-0.283714505890506,64.599998,0.0648606521628685,60.41,64.639999,0,1.17484170234415,-0.228486963816135
"2007-04-23",2007-04-23,-0.00557275559048778,738600,-0.28770618988219,64.239998,0.0596201450691204,60.41,64.639999,0,-1.01406936870977,-0.278676125532437
"2007-04-24",2007-04-24,-0.00420294222300562,796500,-0.290699919611919,63.970001,0.0556511012091434,60.41,64.639999,0,-1.0104055103262,-0.316528003429462
"2007-04-25",2007-04-25,0.0139127713942039,1081200,-0.28083158974359,64.860001,0.0141844277800736,63.939999,64.860001,6836,-0.96605320743981,-0.488306767567015
"2007-04-26",2007-04-26,-0.00662967920706616,1297700,-0.285599445599445,64.43,0.00760516839981384,63.939999,64.860001,6841,-1.01697763367792,-0.549993337562035
"2007-04-27",2007-04-27,-0.00481137668787847,797800,-0.289036695772696,64.120003,0.00280729868337648,63.939999,64.860001,0,-1.01203521304474,-0.594762099394625
"2007-04-30",2007-04-30,-0.0182470671437741,1226900,-0.302009690921691,62.950001,0,62.950001,64.43,6843,-1.04488355748156,-0.680548854863042
"2007-05-01",2007-05-01,0.001270818089423,1268300,-0.301122672210672,63.029999,0.00126920516054574,62.950001,63.029999,6843,-0.997062946197814,-0.668826928011109
"2007-05-02",2007-05-02,0.00618751398044609,800100,-0.296798358974359,63.419998,0.00741086431443916,0,63.419998,0,5.83898060361857,-0.611930534083638
"2007-05-03",2007-05-03,0.00662254830093189,574100,-0.292141372141372,63.84,0.0139410870927319,0,63.84,0,1.88116884903282,-0.551113262523839
"2007-05-04",2007-05-04,-0.00125316416040101,479800,-0.293028435204435,63.759998,0.0127038429329939,62.950001,63.84,6847,-1.00303641711737,-0.56266168020212
"2007-05-07",2007-05-07,0.00548938222990524,868200,-0.289147598059598,64.110001,0.00545941342287604,63.759998,64.110001,6847,-0.986756107330917,-0.580947250724504
"2007-05-08",2007-05-08,-0.000156028698236918,831700,-0.289258511434511,64.099998,0.0053042123339847,63.759998,64.110001,6849,-1.00038358739847,-0.582393934587018
"2007-05-09",2007-05-09,0.0151326369776173,1435400,-0.278503118503118,65.07,0.0149070539419086,64.099998,65.07,6849,2.81041802312426,-0.471720020226163
"2007-05-10",2007-05-10,-0.0130628400184416,1260200,-0.287927916839917,64.220001,0.00186862345268413,64.099998,65.07,6851,-1.03384090773365,-0.593837360929665
"2007-05-11",2007-05-11,0.00949861399099008,915900,-0.281164218988219,64.830002,0.0112602803868492,64.099998,65.07,0,6.0259761647938,-0.506011653421147
"2007-05-14",2007-05-14,-0.0114145608078185,815900,-0.289369413721413,64.089996,0,64.089996,64.830002,6853,-1.02918292648588,-0.611832240283361
"2007-05-15",2007-05-15,-0.00592911567664938,1110500,-0.293582824670825,63.709999,0,63.709999,64.089996,6854,-1.0145606644988,-0.634737698105927
"2007-05-16",2007-05-16,0.0100455032184194,1020200,-0.286486508662508,64.349998,0.00994559471470369,63.709999,64.349998,6854,-0.975828572341475,-0.542092387223869
"2007-05-17",2007-05-17,-0.00497278958734382,904400,-0.290034661122661,64.029999,0.00499765742616987,63.709999,64.349998,6856,-1.01238505951543,-0.588279865191681
"2007-05-18",2007-05-18,0.00218645950626991,1086300,-0.28848235065835,64.169998,0.0071684434211764,63.709999,64.349998,0,1.43436070340463,-0.568039914723486
"2007-05-21",2007-05-21,-0.00155832948600082,980700,-0.289591129591129,64.07,0.00561886998595273,63.709999,64.349998,0,-1.00384348966323,-0.582491573670097
"2007-05-22",2007-05-22,0.00218509442796946,1169800,-0.288038819126819,64.209999,0.00778694919462608,63.709999,64.349998,0,1.38585680289695,-0.562266338163469
"2007-05-23",2007-05-23,0.00109017288724779,1237900,-0.287262658350658,64.279999,0.00886745502282915,63.709999,64.349998,0,1.13875855629683,-0.552172901015411
"2007-05-24",2007-05-24,-0.00762286881802856,1539900,-0.292695761607761,63.790001,0.00125414639827315,63.709999,64.349998,0,-1.0189133641257,-0.623097394419723
"2007-05-25",2007-05-25,0.0119141242841493,1200200,-0.284268851004851,64.550003,0.0117738491816958,63.790001,64.550003,6856,9.38793843996789,-0.520097506914857
"2007-05-29",2007-05-29,-0.000774639778095809,859500,-0.284823284823284,64.5,0.0110077364341086,63.790001,64.550003,6863,-1.00195038540619,-0.527276423007758
"2007-05-30",2007-05-30,0.00806196899224812,975600,-0.279057552321552,65.019997,0.00799749344805423,64.5,65.019997,6863,-0.979756807785888,-0.512296695267052
"2007-05-31",2007-05-31,0.000922869928769601,1186500,-0.278392216216216,65.080002,0.00891213863207918,0,65.080002,0,1.11436648119387,-0.503707408530386
"2007-06-01",2007-06-01,-0.000614643496783997,1286200,-0.278835747747747,65.040001,0.00830259827333035,64.5,65.080002,6866,-1.00159318941298,-0.509432246210962
"2007-06-04",2007-06-04,0.00199872383150798,705900,-0.277394339570339,65.169998,0.00199473690332175,65.040001,65.169998,6866,-0.994830619140297,-0.535887851820516
"2007-06-05",2007-06-05,-0.0176461720928701,1330800,-0.290145563409563,64.019997,0,0,65.169998,6868,-1.0459678588214,-0.616051639757887
"2007-06-06",2007-06-06,-0.00265540468550794,1476700,-0.292030514206514,63.849998,0,63.849998,64.019997,6869,-1.00649656942812,-0.626298838878875
"2007-06-07",2007-06-07,-0.0203602042399437,1487800,-0.306444917532917,62.549999,0,62.549999,63.849998,6870,-1.04935923687827,-0.70466017400488
"2007-06-08",2007-06-08,0.0188649243623489,1282400,-0.293361053361053,63.73,0.0185156284324494,62.549999,63.73,6870,-0.957304352517256,-0.532875163296694
"2007-06-11",2007-06-11,0.00721798211203531,637100,-0.288260546084546,64.190002,0.0255491968982959,0,64.190002,0,1.37987198174273,-0.466910422741028
"2007-06-12",2007-06-12,-0.0154229781765703,1024200,-0.299237688149688,63.200001,0.0102848416094171,62.549999,64.190002,6873,-1.0380806260664,-0.609567647032787
"2007-06-13",2007-06-13,0.0259492875640935,1308200,-0.281053405405405,64.839996,0.0252929534418849,63.200001,64.839996,6873,2.45924579127459,-0.429123108596779
"2007-06-14",2007-06-14,0.000154256641224963,924500,-0.280942503118503,64.849998,0.0254432852873796,0,64.849998,0,1.00594362559676,-0.427702955786318
"2007-06-15",2007-06-15,0.00801858158885367,1373800,-0.275176681912682,65.370003,0.0331956845711021,0,65.370003,0,1.30469332856036,-0.354213558958632
"2007-06-18",2007-06-18,0,685500,-0.275176681912682,65.370003,0.0331956845711021,0,65.370003,0,-1,-0.354213558958632
"2007-06-19",2007-06-19,0.00611892277257516,882100,-0.270741544005544,65.769997,0.0390755073320135,0,65.769997,0,1.17712611855669,-0.29813811334931
"2007-06-20",2007-06-20,-0.0115553449090169,888900,-0.279168376992377,65.010002,0.0278418850071717,63.200001,65.769997,6879,-1.0311250089741,-0.405018675279057
"2007-06-21",2007-06-21,0.00261495146546845,1108700,-0.277283437283437,65.18,0.0303774010432649,63.200001,65.769997,0,1.09106840414865,-0.380987655319201
"2007-06-22",2007-06-22,-0.0162626112304389,1442900,-0.289036695772696,64.120003,0.0143481278377356,63.200001,65.769997,0,-1.04238716385084,-0.532022438201701
"2007-06-25",2007-06-25,-0.00343108218507096,982700,-0.291476069300069,63.900002,0.0109546318950037,63.200001,65.769997,0,-1.00843966722237,-0.563731793694477
"2007-06-26",2007-06-26,0.000625931122819051,1286500,-0.291032582120582,63.939999,0.0115733189173181,63.200001,65.769997,0,1.05647720783722,-0.557957472919291
"2007-06-27",2007-06-27,-0.00406629659159051,1517600,-0.293915453915454,63.68,0.00753767273869344,63.200001,65.769997,0,-1.00990566682901,-0.595568763044868
"2007-06-28",2007-06-28,0.0175879868090453,1604800,-0.281496848232848,64.800003,0.0246913877457692,63.200001,65.769997,0,3.27573093204483,-0.434804111221016
"2007-06-29",2007-06-29,-0.00864205206904086,1142400,-0.28770618988219,64.239998,0.0161892439660413,63.200001,65.769997,0,-1.02205829901231,-0.514780480259962
"2007-07-02",2007-07-02,0.00825029602273655,859500,-0.281829555093555,64.769997,0.0242395564724205,63.200001,65.769997,0,1.49726302990218,-0.439069112986939
"2007-07-03",2007-07-03,0.00355107319211388,332300,-0.279279279279279,65,0.0276922923076923,63.200001,65.769997,0,1.14244220347845,-0.406434809853916
"2007-07-05",2007-07-05,-0.00507695384615374,674800,-0.282938345114345,64.669998,0.0227307413864464,63.200001,65.769997,0,-1.01310181637717,-0.453299256708738
"2007-07-06",2007-07-06,0.00402044236958226,615500,-0.28005544005544,64.93,0.0266440628369013,63.200001,65.769997,0,1.17215986860809,-0.416352782336352
"2007-07-09",2007-07-09,0.00646847374095168,1519500,-0.275398497574497,65.349998,0.0328997255669388,63.200001,65.769997,0,1.23478636754202,-0.357028348665968
"2007-07-10",2007-07-10,-0.0105584394968153,1894400,-0.283049158697159,64.660004,0.0225796923860382,63.200001,65.769997,0,-1.02778032992207,-0.454722825980122
"2007-07-11",2007-07-11,-0.00262922965485744,1688800,-0.284934187110187,64.489998,0.0200030553575145,63.200001,65.769997,0,-1.00665972095344,-0.47897787511179
"2007-07-12",2007-07-12,0.0369050251792533,1716500,-0.258544665280665,66.870003,0.0477045439941134,63.68,66.870003,6879,2.38486286927124,-0.18492173539799
"2007-07-13",2007-07-13,-0.00927176569739345,1302100,-0.265419265419265,66.25,0.0387924528301887,63.68,66.870003,6895,-1.02658960350676,-0.270743269572905
"2007-07-16",2007-07-16,0.0132829735849057,1236800,-0.255661848925849,67.129997,0.0131088490887316,66.25,67.129997,6895,-0.963237723237598,-0.357323148598298
"2007-07-17",2007-07-17,0.0113213471467904,1276800,-0.247234938322938,67.889999,0.0241567097386465,0,67.889999,0,1.8427788416156,-0.251452024966728
"2007-07-18",2007-07-18,-0.00854324655388506,1736700,-0.253665995841996,67.309998,0.0157480022507205,66.25,67.889999,6898,-1.02601192842194,-0.332125763072374
"2007-07-19",2007-07-19,-0.0142623685711593,1554800,-0.264310486486486,66.349998,0.00150712890752458,66.25,67.889999,0,-1.04196262336683,-0.467410609972678
"2007-07-20",2007-07-20,-0.0206480036367145,2136400,-0.279501006237006,64.980003,0,64.980003,67.309998,6900,-1.05747225527239,-0.558184401483879
"2007-07-23",2007-07-23,0.00615564760746482,1227300,-0.275065868329868,65.379997,0.00611798743276182,64.980003,65.379997,6900,-0.984131942969188,-0.50081421607552
"2007-07-24",2007-07-24,-0.0348730361673159,1185900,-0.300346522522522,63.099998,0,0,65.379997,6902,-1.091907637782,-0.671507336227339
"2007-07-25",2007-07-25,0.00126786057901302,1631600,-0.299459459459459,63.18,0.00126625514403289,63.099998,63.18,6902,-0.997046534597395,-0.659801205502518
"2007-07-26",2007-07-26,-0.0169357233301678,2122300,-0.31132362023562,62.110001,0,0,63.18,6904,-1.03961858742942,-0.73118237189332
"2007-07-27",2007-07-27,0.00112701656533547,1953300,-0.31054747054747,62.18,0.00112574782888397,62.110001,62.18,6904,-0.997506936070054,-0.720843044948402
"2007-07-30",2007-07-30,0.0289482148600836,2413600,-0.29058905058905,63.98,0.0292278680837762,0,63.98,0,25.9630685788235,-0.459570482171301
"2007-07-31",2007-07-31,-0.0237574398249452,2117500,-0.307442838530838,62.459999,0.00560355436445026,62.110001,63.98,6907,-1.05799870266145,-0.679622468903274
"2007-08-01",2007-08-01,0.00544348391680244,2155600,-0.303672914760915,62.799999,0.010987229474319,62.110001,63.98,0,1.96076075285778,-0.629860559708285
"2007-08-02",2007-08-02,0.0202229461818939,1715600,-0.28959112959113,64.07,0.0251287810207584,62.459999,64.07,6907,2.28708985094862,-0.476429418875487
"2007-08-03",2007-08-03,-0.0355860621195567,1939000,-0.314871783783784,61.790001,0,0,64.07,6910,-1.0872977505504,-0.750471330761998
"2007-08-06",2007-08-06,0.0564815980501442,2578200,-0.276174647262647,65.279999,0.053461979985631,61.790001,65.279999,6910,-0.87710192365884,-0.249464716060502
"2007-08-07",2007-08-07,0.00811885735476175,2450200,-0.270298012474013,65.809998,0.0610848977688769,0,65.809998,0,1.14258577376474,-0.176076804040684
"2007-08-08",2007-08-08,0.0290229913090106,2221700,-0.249119878031878,67.720001,0.0875664487955339,0,67.720001,0,1.43352042802549,0.0830165833476799
"2007-08-09",2007-08-09,-0.0474010477347748,2607600,-0.284712382536383,64.510002,0.042164019774794,61.790001,67.720001,6914,-1.14287300068423,-0.357297939963484
"2007-08-10",2007-08-10,-0.0156565178838469,1887600,-0.295911295911296,63.5,0.0269291181102362,61.790001,67.720001,0,-1.0393341282706,-0.501000665082365
"2007-08-13",2007-08-13,0.00755905511811019,1927100,-0.290589050589051,63.98,0.0342294310722101,61.790001,67.720001,0,1.27109365156666,-0.432380376232433
"2007-08-14",2007-08-14,-0.0470459362300718,1961400,-0.323963952875953,60.970001,0,60.970001,64.510002,6917,-1.11485258036821,-0.799899287862983
"2007-08-15",2007-08-15,-0.00754474319263994,1558000,-0.329064471240471,60.509998,0,60.509998,60.970001,6918,-1.01574409226471,-0.827627347070696
"2007-08-16",2007-08-16,0.0475954568697887,2576000,-0.297130988218988,63.389999,0.045433050093596,60.509998,63.389999,6918,-0.90295675828781,-0.407037976030767
"2007-08-17",2007-08-17,0.0230320085665248,2352800,-0.280942503118503,64.849998,0.0669236720716629,0,64.849998,0,1.47301737245891,-0.202202224583277
"2007-08-20",2007-08-20,-0.0404008956176067,1706300,-0.30999306999307,62.23,0.0276394343564197,60.509998,64.849998,6921,-1.10340395829076,-0.573692212894037
"2007-08-21",2007-08-21,0.00337456210830794,1281700,-0.307664598752599,62.439999,0.0309096897967599,60.509998,64.849998,0,1.11831846477642,-0.543255732952453
"2007-08-22",2007-08-22,0.00480466055100348,984700,-0.304338162162162,62.740002,0.0355435755325605,60.509998,64.849998,0,1.1499169278718,-0.499980859106327
"2007-08-23",2007-08-23,-0.0274147584502786,2183600,-0.323409563409564,61.02,0.00835794821370039,60.509998,64.849998,0,-1.06266516532764,-0.751448952188916
"2007-08-24",2007-08-24,0.0116355293346443,1110000,-0.315537075537076,61.73,0.0197635185485177,60.509998,64.849998,0,2.36463759324581,-0.646647223976265
"2007-08-27",2007-08-27,0.00145796209298564,765600,-0.314539154539155,61.82,0.0211905855710126,60.509998,64.849998,0,1.07220713351176,-0.633464208721219
"2007-08-28",2007-08-28,-0.0365577321255257,1478600,-0.339598048510049,59.560001,0,59.560001,62.740002,6927,-1.07966859962986,-0.884891262878093
"2007-08-29",2007-08-29,0.0211551205313109,1265200,-0.325627165627166,60.82,0.0207168530088787,59.560001,60.82,6927,-0.958860532490753,-0.696317567843648
"2007-08-30",2007-08-30,0.00230185794146667,1089000,-0.324074855162855,60.959999,0.0229658468334293,0,60.959999,0,1.10855866108558,-0.675652454446291
"2007-08-31",2007-08-31,0.00820209987208169,944300,-0.31853084961885,61.459999,0.030914383841757,0,61.459999,0,1.34610250020294,-0.602302651148601
"2007-09-04",2007-09-04,0.00618289954739505,740900,-0.314317394317394,61.84,0.0368693240620958,0,61.84,0,1.19262684486356,-0.547023980839887
"2007-09-05",2007-09-05,-0.0148771345407504,900500,-0.324518386694387,60.919998,0.0223243113041468,59.560001,61.84,6932,-1.03245443160773,-0.681551228170132
"2007-09-06",2007-09-06,-0.00738668770146703,977200,-0.329507958419958,60.470001,0.0150487842723867,59.560001,61.84,0,-1.01537531286408,-0.74822825199923
"2007-09-07",2007-09-07,-0.0185216302543141,803400,-0.341926564102564,59.349998,0,59.349998,60.919998,6934,-1.03768833305925,-0.897549822969651
"2007-09-10",2007-09-10,0.00842460011540354,836900,-0.336382558558559,59.849998,0.00835421915970658,59.349998,59.849998,6934,-0.983785975919839,-0.821994600946052
"2007-09-11",2007-09-11,0.0158730331118808,811600,-0.325848936936937,60.799999,0.0238487010501431,0,60.799999,0,2.85468942030733,-0.680497454250654
"2007-09-12",2007-09-12,-0.00427628296507049,639100,-0.328731797643798,60.540001,0.0196564747331273,59.349998,60.799999,6937,-1.00884723066449,-0.718959904118981
"2007-09-13",2007-09-13,0.0213082421323383,925900,-0.314428252252252,61.830002,0.02086367391675,60.540001,61.830002,6937,1.06141483658757,-0.634638505155332
"2007-09-14",2007-09-14,0.00841009191621891,697500,-0.308662530838531,62.349998,0.0290296240266119,0,62.349998,0,1.39139559707679,-0.558901455455522
"2007-09-17",2007-09-17,-0.00529267057875441,597600,-0.312321552321552,62.02,0.0238632537891004,60.540001,62.349998,6940,-1.01185444010026,-0.606879124913694
"2007-09-18",2007-09-18,0.0641728474685585,1480800,-0.268191268191268,66,0.0603030303030303,62.02,66,6940,2.527024639472,-0.168874347310517
"2007-09-19",2007-09-19,0.00878790909090899,1794000,-0.2617601995842,66.580002,0.0684890637281745,0,66.580002,0,1.13574829297978,-0.0894110767900411
"2007-09-20",2007-09-20,-0.0180235050158153,1090500,-0.275065868329868,65.379997,0.0513918194275842,62.02,66.580002,6943,-1.05083151971463,-0.254691095953979
"2007-09-21",2007-09-21,0.00168248707628416,1652000,-0.273846176022176,65.489998,0.0529851596575098,62.02,66.580002,0,1.03100377156662,-0.239398545828311
"2007-09-24",2007-09-24,-0.0163383727695333,1113200,-0.285710347886348,64.419998,0.0372554808213438,62.02,66.580002,0,-1.04332421959111,-0.389407598106276
"2007-09-25",2007-09-25,0.00993480316469408,1317100,-0.278614020790021,65.059998,0.0467260696810964,62.02,66.580002,0,1.2542065932572,-0.299344511633544
"2007-09-26",2007-09-26,0.0102982634582928,1112400,-0.271184997920998,65.730003,0.0564430675592696,62.02,66.580002,0,1.20795667053727,-0.206133225156816
"2007-09-27",2007-09-27,0.0118667117663147,554700,-0.26253636036036,66.510002,0.067508673357129,62.02,66.580002,0,1.19604897955342,-0.0989602540952211
"2007-09-28",2007-09-28,-0.00360855499598386,900400,-0.265197538461538,66.269997,0.0641315405522049,62.02,66.580002,0,-1.01013641728531,-0.131786455346393
"2007-10-01",2007-10-01,0.0212766419772134,1103500,-0.249563409563409,67.68,0.048167878250591,64.419998,67.68,6943,-0.941047232229886,-0.133577904973614
"2007-10-02",2007-10-02,0.00103427895981077,809600,-0.248787248787249,67.75,0.0491513210332102,0,67.75,0,1.02041698364837,-0.124012133776835
"2007-10-03",2007-10-03,-0.00354240590405904,861100,-0.251448349272349,67.510002,0.0457710547838526,64.419998,67.75,6952,-1.01069628969359,-0.156854947494335
"2007-10-04",2007-10-04,0.00251811576009147,603600,-0.249563409563409,67.68,0.048167878250591,64.419998,67.75,0,1.05236548465088,-0.133577904973614
"2007-10-05",2007-10-05,0.0295508274231678,1714700,-0.227387387387387,69.68,0.0311423363949485,67.510002,69.68,6952,-0.911140730867488,-0.105578236495773
"2007-10-08",2007-10-08,0.0154994546498277,1717300,-0.215412313236313,70.760002,0.0459299026023204,0,70.760002,0,1.4748380474681,0.0399120888750657
"2007-10-09",2007-10-09,0.0183719045118172,1393100,-0.200997943173943,72.059998,0.0631417724990777,0,72.059998,0,1.37474213794409,0.211842506811483
"2007-10-10",2007-10-10,0.00471834595388148,1691400,-0.197227975051975,72.400002,0.067541434598303,0,72.400002,0,1.06967910346973,0.25625524573116
"2007-10-11",2007-10-11,-0.0245856208678006,1716200,-0.216964623700624,70.620003,0.0440385282906317,67.510002,72.400002,6958,-1.10007022910136,0.0211911102337855
"2007-10-12",2007-10-12,-0.00311527882546247,1462700,-0.219403997227997,70.400002,0.041051135197411,67.510002,72.400002,0,-1.01124318557453,-0.00831053948265201
"2007-10-15",2007-10-15,-0.00894893440485978,1365600,-0.226389499653499,69.769997,0.0323920753500965,67.510002,72.400002,0,-1.03183853764635,-0.0933594145140782
"2007-10-16",2007-10-16,0.0229325794581874,2771600,-0.208648615384615,71.370003,0.0540843609043984,67.510002,72.400002,0,1.66967878161093,0.121011986481426
"2007-10-17",2007-10-17,-0.0295642554477684,3898200,-0.23204432986833,69.260002,0.0252671087130492,67.510002,72.400002,0,-1.11212973755224,-0.16283450281814
"2007-10-18",2007-10-18,0.00851856746986521,1523300,-0.225502447678448,69.849998,0.0335003016034445,67.510002,72.400002,0,1.32584626060295,-0.0825124399716866
"2007-10-19",2007-10-19,-0.0171796139493089,2151800,-0.238808016632017,68.650002,0.016605971839593,67.510002,72.400002,0,-1.05900409991355,-0.246688807912799
"2007-10-22",2007-10-22,0.0161689725806563,1608000,-0.226500324324324,69.760002,0.0322534394422752,67.510002,72.400002,0,1.9422795458062,-0.0947155624975478
"2007-10-23",2007-10-23,0.0362671864602298,2004000,-0.198447667359667,72.290001,0.066122547155588,67.510002,72.400002,0,2.05009289858618,0.241911077096748
"2007-10-24",2007-10-24,0.00428824174452558,2536300,-0.195010417186417,72.599998,0.0544076599010375,68.650002,72.599998,6958,-0.982679311785407,0.196911178128258
"2007-10-25",2007-10-25,0.00523422879433133,2089600,-0.190796917532917,72.980003,0.0593313349137571,0,72.980003,0,1.09049598938229,0.24658380001285
"2007-10-26",2007-10-26,0.0187721970907565,1992200,-0.175606397782398,74.349998,0.0766643732794721,0,74.349998,0,1.29213969972039,0.423392328213808
"2007-10-29",2007-10-29,0.00564894433487415,1545000,-0.170949444213444,74.769997,0.0818509461756431,0,74.769997,0,1.06765297457352,0.476904905785605
"2007-10-30",2007-10-30,-0.00762337866617819,1721900,-0.17726961053361,74.199997,0.0747977793044924,68.650002,74.769997,6971,-1.03697096734796,0.404203162936704
"2007-10-31",2007-10-31,0.0136118873427987,2318900,-0.166070697158697,75.209999,0.0134290920546349,74.199997,75.209999,6971,-0.936825531791926,0.131464127210601
"2007-11-01",2007-11-01,-0.0494615217319707,1762000,-0.207318109494109,71.489998,0,0,75.209999,6973,-1.24837260902203,-0.16577494588921
"2007-11-02",2007-11-02,0.0188837325187784,2077600,-0.192349316701317,72.839996,0.0185337462127263,71.489998,72.839996,6973,-0.927797948624367,0.0163556374679713
"2007-11-05",2007-11-05,0.0109830181758934,2004500,-0.183478874566875,73.639999,0.0291961030580677,0,73.639999,0,1.57529420781753,0.122542218496963
"2007-11-06",2007-11-06,0.0418251227841542,1704700,-0.149327778239778,76.720001,0.0681700069320906,0,76.720001,0,2.33490088716663,0.520073251665219
"2007-11-07",2007-11-07,-0.0286757556220573,2184300,-0.173721446985447,74.519997,0.0406602136605024,71.489998,76.720001,6977,-1.1633565370972,0.237909329285994
"2007-11-08",2007-11-08,0.0220076095816268,1739100,-0.155537031185031,76.160004,0.0613183528719352,71.489998,76.720001,0,1.50806765020766,0.449069958103587
"2007-11-09",2007-11-09,-0.000656551961315598,1818800,-0.156091465003465,76.110001,0.0607016547010687,71.489998,76.720001,0,-1.00356464190045,0.442703307732271
"2007-11-12",2007-11-12,0.0101168833252283,3040700,-0.147553740817741,76.879997,0.0306971916245001,74.519997,76.879997,6977,-0.945303068393043,0.32600320699299
"2007-11-13",2007-11-13,0.0433142836881223,2026600,-0.110630641718641,80.209999,0.0709388115065304,0,80.209999,0,2.31092187110408,0.74549545145574
"2007-11-14",2007-11-14,-0.0210697172555755,3055300,-0.129369402633402,78.519997,0.0509424369947441,74.519997,80.209999,6982,-1.16938129096655,0.534918790072128
"2007-11-15",2007-11-15,-0.0342587252009193,2657700,-0.159196097020097,75.830002,0.0172755501180125,74.519997,80.209999,0,-1.23055447253796,0.189747249699044
"2007-11-16",2007-11-16,0.00646179595247802,2122500,-0.153762993762994,76.32,0.0235849449685533,74.519997,80.209999,0,1.36522106719845,0.253583248220335
"2007-11-19",2007-11-19,-0.0171645440251571,2102100,-0.168288266112266,75.010002,0.00653252882195621,74.519997,80.209999,0,-1.09446533261222,0.0819167716623471
"2007-11-20",2007-11-20,0.0153313154157762,2189100,-0.155537031185031,76.160004,0.021533704226171,74.519997,80.209999,0,3.29638105136175,0.232787805120501
"2007-11-21",2007-11-21,-0.0185137070108347,1768700,-0.171171171171171,74.75,0.00307696321070228,74.519997,80.209999,0,-1.10051715573471,0.047458805340503
"2007-11-23",2007-11-23,0.0292976856187292,530500,-0.146888404712404,76.940002,0.0314531444904304,74.519997,80.209999,0,10.2221386271471,0.33372979122033
"2007-11-26",2007-11-26,-0.033532634948463,1554900,-0.175495484407484,74.360001,0,74.360001,78.519997,6989,-1.19475383200662,0.00722308479822925
"2007-11-27",2007-11-27,0.0204410432969199,1755100,-0.158641751905751,75.879997,0.0200315769648753,74.360001,75.879997,6989,-0.903964865200748,0.207743496978237
"2007-11-28",2007-11-28,0.0500791137353366,2160500,-0.116507276507276,79.68,0.0667670557228917,0,79.68,0,3.33309034231131,0.690869166670953
"2007-11-29",2007-11-29,0.00188255522088336,2060400,-0.114844052668052,79.830002,0.0685206170983185,0,79.830002,0,1.02626387155223,0.709443910640297
"2007-11-30",2007-11-30,0.014530827645476,2436800,-0.101982004158004,80.989998,0.0818619232463742,0,80.989998,0,1.19470499118408,0.8518937789625
"2007-12-03",2007-12-03,-0.0082726017600347,1677600,-0.109410949410949,80.32,0.0742031748007967,74.360001,80.989998,6994,-1.07284564874245,0.769872220704669
"2007-12-04",2007-12-04,0.00136952191235077,1615500,-0.108191268191268,80.43,0.0754693397985827,74.360001,80.989998,0,1.01706348820229,0.783386080703429
"2007-12-05",2007-12-05,-0.0108168842471716,3251800,-0.11783786001386,79.559998,0.0653594410598149,74.360001,80.989998,0,-1.08916238790674,0.675983440251662
"2007-12-06",2007-12-06,0.00527909766915785,1928700,-0.113180839916839,79.980003,0.0702675892622809,74.360001,80.989998,0,1.07509470893385,0.727982773257677
"2007-12-07",2007-12-07,-0.0201300317530621,2199600,-0.131032537768537,78.370003,0.0511675621602311,74.360001,80.989998,0,-1.1577272077572,0.527101305116666
"2007-12-10",2007-12-10,0.0237335706111942,2351400,-0.110408837144837,80.230003,0.0731646738190949,74.360001,80.989998,0,1.42990345308967,0.758801756324306
"2007-12-11",2007-12-11,-0.0463667064801181,2029500,-0.151656249480249,76.510002,0.0281009141785149,74.360001,80.989998,0,-1.37358796091026,0.289586449996635
"2007-12-12",2007-12-12,0.0135930070946803,1735900,-0.140124706860706,77.550003,0.0411347759715754,74.360001,80.989998,0,1.46382340838669,0.423131893681826
"2007-12-13",2007-12-13,-0.000773758835315633,1647200,-0.140790042966042,77.489998,0.0403922710128345,74.360001,80.989998,0,-1.00474817125575,0.415478416605588
"2007-12-14",2007-12-14,-0.0268420964470795,1783000,-0.163853039501039,75.410004,0.0139239218181185,74.360001,80.989998,0,-1.16381127563516,0.146210081727069
"2007-12-17",2007-12-17,-0.0125978643364083,1731000,-0.174386705474705,74.459999,0.0013429761125836,74.360001,80.989998,0,-1.06428727844014,0.0205516142146795
"2007-12-18",2007-12-18,-0.00188019073167061,2062100,-0.175939015939015,74.32,0,74.32,80.43,7005,-1.00890154131925,0.00481190466164992
"2007-12-19",2007-12-19,0.0129171017222822,1258300,-0.165294536382536,75.279999,0.012752377958985,74.32,75.279999,7005,-0.939499038916022,0.132004751368416
"2007-12-20",2007-12-20,0.0159405421883705,1792900,-0.151988878724878,76.480003,0.0282427159423622,0,76.480003,0,2.21470191937521,0.288549050401647
"2007-12-21",2007-12-21,0.0117677035132962,2504700,-0.142009735273735,77.379997,0.039545064857007,0,77.379997,0,1.40018633256486,0.404242091417252
"2007-12-24",2007-12-24,0.0121478810602692,408300,-0.131586971586971,78.32,0.0510725229826353,0,78.32,0,1.29150181362228,0.523570560905844
"2007-12-26",2007-12-26,0.00255358784473966,568000,-0.129369402633402,78.519997,0.0534895206376538,0,78.519997,0,1.04732481408526,0.548765556422174
"2007-12-27",2007-12-27,-0.0171930597501169,862200,-0.144338206514206,77.169998,0.0369314250856921,74.32,78.519997,7011,-1.11570590553951,0.377375185555452
"2007-12-28",2007-12-28,-0.00583124286202535,788000,-0.149327778239778,76.720001,0.0312825986537723,74.32,78.519997,0,-1.03456861385541,0.319541429669347
"2007-12-31",2007-12-31,-0.00182480446005212,957900,-0.150880088704088,76.580002,0.029511647179116,74.32,78.519997,0,-1.01039532284354,0.301475108322986
"2008-01-02",2008-01-02,-0.032906815541739,1665200,-0.17882192099792,74.059998,0,74.059998,77.169998,7014,-1.18519231088625,-0.0108604949751434
"2008-01-03",2008-01-03,0.0270051317041623,2661000,-0.156645898821898,76.059998,0.0262950309307134,74.059998,76.059998,7014,-0.875988234259713,0.252643747996183
"2008-01-04",2008-01-04,-0.0381277159644416,2268700,-0.188801064449064,73.160004,0,0,76.059998,7016,-1.20527294917389,-0.0651103301253182
"2008-01-07",2008-01-07,0.00642417952847573,1754700,-0.183589776853776,73.629997,0.00638317287993373,73.160004,73.629997,7016,-0.972397996745969,-0.00207911181329859
"2008-01-08",2008-01-08,-0.0336818565943986,2279700,-0.211087988911988,71.150002,0,0,73.629997,7018,-1.14978073686594,-0.18626922357519
"2008-01-09",2008-01-09,0.0258608003974476,3815200,-0.190686092862092,72.989998,0.0252088786192322,71.150002,72.989998,7018,-0.90334885393028,0.0616856253541035
"2008-01-10",2008-01-10,0.0220578167436037,2984500,-0.172834395010394,74.599998,0.0462465964141179,0,74.599998,0,1.83453604234644,0.273101003662156
"2008-01-11",2008-01-11,-0.00603211812418546,1836900,-0.177823955647955,74.150002,0.0404585289154813,71.150002,74.599998,7021,-1.02886902596708,0.214510348806744
"2008-01-14",2008-01-14,-0.00202295341812669,2221400,-0.179487179487179,74,0.0385134864864864,71.150002,74.599998,0,-1.00935320459588,0.194894652210422
"2008-01-15",2008-01-15,-0.0570270405405405,3033200,-0.226278597366597,69.779999,0,69.779999,74.150002,7023,-1.26069504247104,-0.268850259565704
"2008-01-16",2008-01-16,0.0394095735083057,3919600,-0.195786566874566,72.529999,0.0379153458970818,69.779999,72.529999,7023,-0.865245627085844,0.103034252400115
"2008-01-17",2008-01-17,-0.0142010066758722,3181300,-0.207207207207207,71.5,0.024055958041958,69.779999,72.529999,7025,-1.05833209353917,-0.0343961160971792
"2008-01-18",2008-01-18,-0.0320279860139861,3014700,-0.232598763686763,69.209999,0,69.209999,71.5,7026,-1.12254185953177,-0.303208717550535
"2008-01-22",2008-01-22,0.0112700333950302,3628500,-0.223950126126126,69.989998,0.0111444352377321,69.209999,69.989998,7026,-0.962817353697183,-0.195607204285993
"2008-01-23",2008-01-23,0.0175739824996137,3388800,-0.210311839223839,71.220001,0.02822243712128,0,71.220001,0,2.5324241667919,-0.0286235737554787
"2008-01-24",2008-01-24,-0.013900561444811,3868600,-0.221288948024947,70.230003,0.0145237641524806,69.209999,71.220001,7029,-1.05219444060601,-0.162769064275093
"2008-01-25",2008-01-25,-0.01124876785211,2259500,-0.230048487872487,69.440002,0.00331225508893285,69.209999,71.220001,0,-1.03958417230377,-0.271338112962178
"2008-01-28",2008-01-28,0.0156969609534285,3024700,-0.217962589050588,70.529999,0.0187154405035509,69.209999,71.220001,0,5.65036206483139,-0.121898604896036
"2008-01-29",2008-01-29,0.0175811430253955,1787400,-0.204213477477477,71.769997,0.0324647498591925,69.440002,71.769997,7029,1.73465058720007,0.0275916604337062
"2008-01-30",2008-01-30,0.00710606132531955,2831700,-0.198558569646569,72.279999,0.0392916026465356,0,72.279999,0,1.21028508819421,0.0954465278618807
"2008-01-31",2008-01-31,0.0149419205166286,3029100,-0.186583495495495,73.360001,0.0534351001440143,0,73.360001,0,1.35996234678215,0.237435488460467
"2008-02-01",2008-02-01,0.00599784615597275,2643600,-0.181704748440748,73.800003,0.0590786019344741,0,73.800003,0,1.1056141333178,0.294637819307429
"2008-02-04",2008-02-04,-0.0170731971379459,1209400,-0.195675664587664,72.540001,0.0427350283604214,69.440002,73.800003,7036,-1.0768880079734,0.129838497794938
"2008-02-05",2008-02-05,-0.0395644190851334,1582900,-0.227498289674289,69.669998,0.00330122013208611,69.440002,73.800003,0,-1.16262944681283,-0.257534404463838
"2008-02-06",2008-02-06,0.00186601124920367,2040300,-0.226056792792792,69.800003,0.00515760722818304,69.440002,73.800003,0,1.56233362872528,-0.239606045882284
"2008-02-07",2008-02-07,0.0346704569625877,2074800,-0.199223828135828,72.220001,0.0384934777278664,69.440002,73.800003,0,7.46343721513419,0.0874911047306013
"2008-02-08",2008-02-08,-0.0234007473912939,1703100,-0.217962589050588,70.529999,0.0154543742443551,69.440002,73.800003,0,-1.09405883367518,-0.13962681051221
"2008-02-11",2008-02-11,0.000850659305978377,1073300,-0.217297341649341,70.589996,0.0162911753104504,69.440002,73.800003,0,1.05414655118766,-0.131461191675298
"2008-02-12",2008-02-12,0.0205412251333745,1920400,-0.20121967013167,72.040001,0.0360910461397689,69.440002,73.800003,0,2.21537399555312,0.063580674136806
"2008-02-13",2008-02-13,0.0130483340776188,1867600,-0.190796917532917,72.980003,0.0485064518290029,69.440002,73.800003,0,1.34400237779623,0.187736252050152
"2008-02-14",2008-02-14,-0.00315158934701601,1787700,-0.193347193347193,72.75,0.0454982542955326,69.440002,73.800003,0,-1.01336644138308,0.157518602180882
"2008-02-15",2008-02-15,-0.00123705841924398,1484900,-0.194345069993069,72.660004,0.0443160173786943,69.440002,73.800003,0,-1.0051610609319,0.145666803280006
"2008-02-19",2008-02-19,-0.0196807173310919,1986500,-0.210200936936936,71.230003,0.0251298739942492,69.440002,73.800003,0,-1.08158615469089,-0.0448328415992212
"2008-02-20",2008-02-20,0.0252701940781893,1983500,-0.190242561330561,73.029999,0.0491578399172646,69.440002,73.800003,0,1.95615146850773,0.194291066029883
"2008-02-21",2008-02-21,-0.022319553913728,1417900,-0.208315986139985,71.400002,0.0274509796232217,69.440002,73.800003,0,-1.0950020052454,-0.0219673653330649
"2008-02-22",2008-02-22,-0.0158264001169075,2921300,-0.220845494109493,70.269997,0.0118115132408501,69.440002,73.800003,0,-1.06014664645606,-0.175102974859141
"2008-02-25",2008-02-25,0.028603985851885,2279400,-0.198558569646569,72.279999,0.0392916026465356,69.440002,73.800003,0,3.32655112391915,0.0954465278618819
"2008-02-26",2008-02-26,-0.00940787229396619,1659800,-0.206098428274428,71.599998,0.03016754274211,69.440002,73.800003,0,-1.03797297009784,0.00485610416887395
"2008-02-27",2008-02-27,-0.00349162020926313,1384300,-0.20887043104643,71.349998,0.0267693910797305,69.440002,73.800003,0,-1.01344989767856,-0.0286868409300863
"2008-02-28",2008-02-28,-0.0215837427213384,1147800,-0.225945968121967,69.809998,0.00530004312562771,69.440002,73.800003,0,-1.08175181613783,-0.238229239932362
"2008-02-29",2008-02-29,-0.0312276330390382,2010000,-0.250117843381843,67.629997,0,67.629997,73.029999,7054,-1.10698077713353,-0.398448072520621
"2008-03-03",2008-03-03,0.0124205831326592,2805400,-0.240803869715869,68.470001,0.0122682048741316,67.629997,68.470001,7054,-0.96276165850449,-0.281120404698769
"2008-03-04",2008-03-04,0.00569592513953667,2485000,-0.236479545391545,68.860001,0.0178623871934012,0,68.860001,0,1.45599029170643,-0.22720021074773
"2008-03-05",2008-03-05,0.00217834733984397,2076600,-0.234816332640332,69.010002,0.0199971737430177,0,69.010002,0,1.11951294787772,-0.206553064328879
"2008-03-06",2008-03-06,-0.0372409784888862,1820800,-0.26331252113652,66.440002,0,0,69.010002,7058,-1.12135522336019,-0.470178586923531
"2008-03-07",2008-03-07,0.00707408166543995,2182700,-0.258101133749133,66.910004,0.00702439055301796,66.440002,66.910004,7058,-0.980208357107768,-0.403660960490865
"2008-03-10",2008-03-10,-0.024062186575269,2111900,-0.275952842688842,65.300003,0,0,66.910004,7060,-1.06916555801363,-0.538895442615198
"2008-03-11",2008-03-11,0.0725880211674722,2162500,-0.223395692307691,70.040001,0.067675584413541,65.300003,70.040001,7060,-0.809543000648075,0.114728395362544
"2008-03-12",2008-03-12,-0.0274128779638368,2233900,-0.24468465142065,68.120003,0.0413975319408015,65.300003,70.040001,7062,-1.09529708873543,-0.143861186974302
"2008-03-13",2008-03-13,0.00998238358856219,2471900,-0.237144803880803,68.800003,0.050872090804996,65.300003,70.040001,0,1.22886772278461,-0.0513653984212664
"2008-03-14",2008-03-14,-0.0395348965319087,2432600,-0.267304205128204,66.080002,0.011803858601578,65.300003,70.040001,0,-1.12717715401667,-0.427709091738294
"2008-03-17",2008-03-17,-0.018916464318509,3951400,-0.281164218988218,64.830002,0,64.830002,68.800003,7065,-1.05185108798931,-0.567226161231564
"2008-03-18",2008-03-18,0.0832947837947005,4029300,-0.221288948024947,70.230003,0.0768902288100429,64.830002,70.230003,7065,-0.787045196651498,0.176275107515458
"2008-03-19",2008-03-19,-0.0551046822538225,3305200,-0.264199573111572,66.360001,0.0230560424494268,64.830002,70.230003,7067,-1.19391219249588,-0.349660820587299
"2008-03-20",2008-03-20,0.0488245471846814,3050400,-0.22827445045045,69.599998,0.0685344272567365,64.830002,70.230003,0,2.97251479333741,0.0928748421606444
"2008-03-24",2008-03-24,-0.00919538819526982,1892800,-0.235370766458766,68.959999,0.0598897485482852,64.830002,70.230003,0,-1.03108677293632,0.00730172933134945
"2008-03-25",2008-03-25,0.015371200918956,1811300,-0.223617496881496,70.019997,0.0741216112877013,64.830002,70.230003,0,1.23763437123036,0.148565270780309
"2008-03-26",2008-03-26,-0.0334189817231783,1447900,-0.249563409563409,67.68,0.0421098995271869,64.830002,70.230003,0,-1.11602809728106,-0.16651102680886
"2008-03-27",2008-03-27,-0.0135933510638299,1950600,-0.259764357588357,66.760002,0.0289095257965991,64.830002,70.230003,0,-1.04087517494169,-0.293728142561272
"2008-03-28",2008-03-28,-0.0184242504965772,1421200,-0.273402644490644,65.529999,0.0106820847044422,64.830002,70.230003,0,-1.0525025335612,-0.466960494526394
"2008-03-31",2008-03-31,0.0143446057430886,1995000,-0.262979891891891,66.470001,0.0246727692993416,64.830002,70.230003,0,2.30973353816238,-0.334241193547407
"2008-04-01",2008-04-01,0.0710094919360692,2547800,-0.210644468468468,71.190002,0.0795055884392306,65.529999,71.190002,7067,3.22240229601435,0.248359860426578
"2008-04-02",2008-04-02,-0.00575927782668138,2049400,-0.215190586278585,70.779999,0.0741734963856103,65.529999,71.190002,7076,-1.02158194726485,0.194658732738586
"2008-04-03",2008-04-03,0.012432961464156,1592300,-0.20543308108108,71.660004,0.0122802812012123,70.779999,71.660004,7076,-0.954656449586168,-0.0887677643424067
"2008-04-04",2008-04-04,-0.0245604507641389,1513700,-0.224948002772002,69.900002,0,0,71.660004,7078,-1.09499405640136,-0.26161671915596
"2008-04-07",2008-04-07,0.0052932044265178,1661500,-0.220845494109494,70.269997,0.00526533393761208,69.900002,70.269997,7078,-0.981762413482432,-0.210690112152319
"2008-04-08",2008-04-08,-0.0202077566617799,1658300,-0.236590458766458,68.849998,0,0,70.269997,7080,-1.07129402716796,-0.324908856555793
"2008-04-09",2008-04-09,-0.0290486573434614,2743100,-0.25876648094248,66.849998,0,66.849998,68.849998,7081,-1.09373168424308,-0.445464849485026
"2008-04-10",2008-04-10,-0.00119672404477852,2812200,-0.259653532917532,66.769997,0,66.769997,66.849998,7082,-1.0034280018487,-0.450287149480191
"2008-04-11",2008-04-11,0.00673961390173483,2249200,-0.254663883575883,67.220001,0.00669449558621682,66.769997,67.220001,7082,-0.980783433656441,-0.386768377622586
"2008-04-14",2008-04-14,-0.0330258995384424,2454900,-0.279279279279279,65,0,0,67.220001,7084,-1.09665836928958,-0.556979022388573
"2008-04-15",2008-04-15,0.0467692461538462,4036200,-0.245571714483714,68.040001,0.0446796142757259,65,68.040001,7084,-0.879305171215881,-0.130841091480529
"2008-04-16",2008-04-16,0.0623162542281562,3204700,-0.198558569646569,72.279999,0.100719412018808,0,72.279999,0,2.25425876323037,0.429387867456547
"2008-04-17",2008-04-17,0.0120365662982369,2872900,-0.188911966735966,73.150002,0.111414925183461,0,73.150002,0,1.10619117953802,0.539974156659748
"2008-04-18",2008-04-18,-0.00328090216593569,2367300,-0.191573067221066,72.910004,0.108489967988481,65,73.150002,7088,-1.01408645799988,0.509606549483101
"2008-04-21",2008-04-21,0.0163214090620541,2075400,-0.1783784005544,74.099998,0.0160592986790634,72.910004,74.099998,7088,-0.931124625929591,0.0788541404839517
"2008-04-22",2008-04-22,-0.00904180861111484,2113200,-0.185807345807345,73.43,0.00708151981478966,72.910004,74.099998,7090,-1.04164711214954,-0.0103380916020147
"2008-04-23",2008-04-23,0.0224704071905214,3465600,-0.167512105336105,75.080002,0.0219765843906076,73.43,75.080002,7090,3.10337116401337,0.170095087478164
"2008-04-24",2008-04-24,-0.00226422476653627,2528500,-0.169397045045044,74.910004,0.019757094125906,73.43,75.080002,7092,-1.01125255816681,0.147782085310631
"2008-04-25",2008-04-25,0.0238952463545456,1726000,-0.149549582813582,76.699997,0.0233375889180282,74.910004,76.699997,7092,1.18122577993023,0.275143998951548
"2008-04-28",2008-04-28,-0.0228161677763821,1841200,-0.168953602217602,74.949997,0.000533595751844973,74.910004,76.699997,7094,-1.12974973944399,0.0456876598217945
"2008-04-29",2008-04-29,-0.00466976669792257,1558500,-0.172834395010394,74.599998,0,74.599998,74.949997,7095,-1.02296957710197,0.0216896231157497
"2008-04-30",2008-04-30,-0.00656832457287737,2043500,-0.178267487179487,74.110001,0,74.110001,74.599998,7096,-1.03143524857286,-0.0078464143179234
"2008-05-01",2008-05-01,0.0411550797307371,1666100,-0.144449020097019,77.160004,0.0395282898119083,74.110001,77.160004,7096,-0.810293690579609,0.390890159597542
"2008-05-02",2008-05-02,-0.0160705797786116,1908000,-0.15819822037422,75.919998,0.0238408462550277,74.110001,77.160004,7098,-1.0951837559574,0.230863090822382
"2008-05-05",2008-05-05,0.00197579035763392,1276800,-0.156534996534996,76.07,0.0257657289338766,74.110001,77.160004,0,1.08073885709669,0.250369192529378
"2008-05-06",2008-05-06,0.00762458262126998,1428800,-0.150103927927927,76.650002,0.0331376507987567,74.110001,77.160004,0,1.28611346039535,0.32540669062215
"2008-05-07",2008-05-07,-0.0369210949270426,1222100,-0.181483021483021,73.82,0,73.82,76.650002,7101,-1.20904911675703,-0.0253270935706584
"2008-05-08",2008-05-08,0.00596047141696027,1333700,-0.176604274428274,74.260002,0.00592515470171961,73.82,74.260002,7101,-0.973117336184512,0.0334063931395518
"2008-05-09",2008-05-09,-0.0176407886442018,1322900,-0.191129624393624,72.949997,0,0,74.260002,7103,-1.08224800907211,-0.0777691313288634
"2008-05-12",2008-05-12,0.0396161633838039,1003700,-0.159085283437283,75.839996,0.0381065289085722,72.949997,75.839996,7103,-0.832342364204374,0.303593572238336
"2008-05-13",2008-05-13,-0.00514239214886039,1876700,-0.163409596673596,75.449997,0.0331345274937519,72.949997,75.839996,7105,-1.02718235868762,0.253055814183523
"2008-05-14",2008-05-14,0.00808483796228643,1739800,-0.156645898821898,76.059998,0.00801999758138305,75.449997,76.059998,7105,-0.958608931241609,0.153294785691053
"2008-05-15",2008-05-15,0.0199842760974041,1612800,-0.139792077616077,77.580002,0.0274555935175149,0,77.580002,0,3.42339174531025,0.35057573543242
"2008-05-16",2008-05-16,-0.019592729579976,1630800,-0.156645898821898,76.059998,0.00801999758138305,75.449997,77.580002,7108,-1.12056349324822,0.153294785691053
"2008-05-19",2008-05-19,-0.00828290844814361,1425200,-0.163631323631323,75.43,0,75.43,76.059998,7109,-1.04459372930897,0.0717204807373754
"2008-05-20",2008-05-20,-0.0102080869680499,1637300,-0.172169047817047,74.660004,0,74.660004,75.43,7110,-1.0521765881755,0.0253066645716062
"2008-05-21",2008-05-21,-0.0145995706081131,1575400,-0.184255024255024,73.57,0,73.57,74.660004,7111,-1.07019831143412,-0.0403965926868123
"2008-05-22",2008-05-22,0.019573222781025,1796100,-0.168288266112265,75.010002,0.0191974664925353,73.57,75.010002,7111,-0.913344245524296,0.150767448494482
"2008-05-23",2008-05-23,-0.00399950662579643,2281800,-0.171614702702702,74.709999,0.0152589882915137,73.57,75.010002,7113,-1.01976630140225,0.111273033793838
"2008-05-27",2008-05-27,0.00642488296646893,1880500,-0.166292424116423,75.190002,0.00638386736577035,74.709999,75.190002,7113,-0.96898704771526,0.0919586395099841
"2008-05-28",2008-05-28,0.0017289266729902,1617400,-0.164851004851004,75.32,0.00809879182156126,0,75.32,0,1.26863409866348,0.109117539709311
"2008-05-29",2008-05-29,0.0128783988316518,1417600,-0.154095623007622,76.290001,0.0207104729229196,0,76.290001,0,2.55722993987603,0.236148413541543
"2008-05-30",2008-05-30,-0.00380129763007873,1322100,-0.157311157311156,76,0.0169736973684211,74.709999,76.290001,7117,-1.02086713587819,0.19835341985719
"2008-06-02",2008-06-02,-0.0192105131578947,1619600,-0.173499642411641,74.540001,0,74.540001,76,7118,-1.1029074185022,0.0180731241618645
"2008-06-03",2008-06-03,-0.0067078077983927,2010500,-0.179043647955647,74.040001,0,74.040001,74.540001,7119,-1.0319539883019,-0.0120658740704438
"2008-06-04",2008-06-04,-0.0279578602382786,3017100,-0.20199583090783,71.970001,0,71.970001,74.040001,7120,-1.12819322670341,-0.1368413267522
"2008-06-05",2008-06-05,0.0320966787259042,1941000,-0.176382547470546,74.279999,0.0310985195355213,71.970001,74.279999,7120,-0.873198950086396,0.171462284415088
"2008-06-06",2008-06-06,-0.0391760371456118,1796500,-0.208648615384615,71.370003,0,0,74.279999,7122,-1.18293231601872,-0.173008004074977
"2008-06-09",2008-06-09,-0.0186353081700164,1788900,-0.223395692307691,70.040001,0,70.040001,71.370003,7123,-1.07067900688386,-0.253177859928909
"2008-06-10",2008-06-10,0.0107081666089639,1533800,-0.215079683991683,70.790001,0.0105947166182411,70.040001,70.790001,7123,-0.962774535936197,-0.150373073598696
"2008-06-11",2008-06-11,-0.0255685545194442,1837400,-0.235148961884961,68.980003,0,0,70.790001,7125,-1.09331089538914,-0.31707241562541
"2008-06-12",2008-06-12,0.0207306601595828,1456200,-0.219293094941094,70.410004,0.0203096281602257,68.980003,70.410004,7125,-0.932570967710145,-0.120465145960726
"2008-06-13",2008-06-13,0.00710126362157287,2606800,-0.213749089397089,70.910004,0.0272176123414124,0,70.910004,0,1.34013346412295,-0.0527721226876764
"2008-06-16",2008-06-16,0.00620496368890345,1857200,-0.20887043104643,71.349998,0.0332164690460118,0,71.349998,0,1.22040348834978,0.00636154960397454
"2008-06-17",2008-06-17,-0.0100911145085105,1984400,-0.216853810117809,70.629997,0.0233610940122226,68.980003,71.349998,7129,-1.03822168140977,-0.0906156583325452
"2008-06-18",2008-06-18,0.0128841007879414,2409300,-0.206763675675675,71.540001,0.0127202122907435,70.629997,71.540001,7129,-0.953470338212398,-0.0936096977769259
"2008-06-19",2008-06-19,0.0317304580412291,3095400,-0.181593923769923,73.809998,0.0430836077247961,0,73.809998,0,3.38701955124979,0.208286362070738
"2008-06-20",2008-06-20,-0.0151740418689618,4270100,-0.194012451836451,72.690002,0.0283395920115672,70.629997,73.809998,7132,-1.0683862532882,0.0606220330102714
"2008-06-23",2008-06-23,-0.0261384089657888,2236700,-0.215079683991683,70.790001,0.00226026271704671,70.629997,73.809998,0,-1.10858701055431,-0.195681847084132
"2008-06-24",2008-06-24,0.00226014970673602,3016600,-0.213305646569646,70.949997,0.0045102186544137,70.629997,73.809998,0,1.99544000810083,-0.173806124236589
"2008-06-25",2008-06-25,-0.00126844261882068,2081500,-0.214303523215522,70.860001,0.0032458932649464,70.629997,73.809998,0,-1.00467815391634,-0.186104182491252
"2008-06-26",2008-06-26,-0.0179227347174324,1812600,-0.228385352737352,69.589996,0,69.589996,72.690002,7136,-1.06570974340757,-0.280303259727969
"2008-06-27",2008-06-27,-0.00876552715996711,2432400,-0.235148961884961,68.980003,0,68.980003,69.589996,7137,-1.02961489897028,-0.31707241562541
"2008-06-30",2008-06-30,-0.00594379504448562,1563400,-0.239695079695079,68.57,0,68.57,68.980003,7138,-1.0193329274077,-0.341786575009892
"2008-07-01",2008-07-01,0.0242088814350299,3194800,-0.221288948024947,70.230003,0.0236366642330914,68.57,70.230003,7138,-0.923210223198797,-0.113228406849578
"2008-07-02",2008-07-02,-0.0242062356169911,2313900,-0.24013861122661,68.529999,0,0,70.230003,7140,-1.08518122287579,-0.344197755146472
"2008-07-03",2008-07-03,-0.00787977539588179,1174600,-0.246126148302148,67.989998,0,67.989998,68.529999,7141,-1.02493367078686,-0.376747933515362
"2008-07-07",2008-07-07,-0.0250036336226984,2442000,-0.264975733887733,66.290001,0,66.290001,67.989998,7142,-1.07658505898547,-0.47922034667122
"2008-07-08",2008-07-08,0.0701463407731734,3386500,-0.21341647124047,70.940002,0.0655483629673425,66.290001,70.940002,7142,-0.805418926892726,0.15741439212421
"2008-07-09",2008-07-09,-0.0410206219052546,2687700,-0.245682616770616,68.029999,0.0255769223221656,66.290001,70.940002,7144,-1.1511886376089,-0.235292372824522
"2008-07-10",2008-07-10,0.0196972515022379,2966000,-0.230824637560637,69.370003,0.0443996232780903,66.290001,70.940002,0,1.73592517187311,-0.0521933567925676
"2008-07-11",2008-07-11,0.00533364543749556,3125500,-0.226722128898128,69.739998,0.0494694163885694,66.290001,70.940002,0,1.11418549834815,-0.00232977265146284
"2008-07-14",2008-07-14,-0.0473185559884873,2731100,-0.26331252113652,66.440002,0.00225769108194795,66.290001,70.940002,0,-1.1613887114426,-0.457905051663181
"2008-07-15",2008-07-15,0.0112883801538718,5287300,-0.254996512820512,67.190002,0.0133948649086214,66.290001,70.940002,0,5.93299278883815,-0.352151293381863
"2008-07-16",2008-07-16,0.131120668816173,6129800,-0.157311157311157,76,0.125789447368421,66.440002,76,7144,9.39087092154685,0.789910854435035
"2008-07-17",2008-07-17,0.0326316184210526,5560200,-0.129812856548856,78.480003,0.153414889650297,0,78.480003,0,1.21961653270457,1.08958126078285
"2008-07-18",2008-07-18,-0.00445981124643934,3890600,-0.133693726957726,78.129997,0.14962236591408,66.440002,78.480003,7151,-1.02989588637093,1.04786622086471
"2008-07-21",2008-07-21,-0.0134390764151701,2638200,-0.145336083160082,77.080002,0.13803839807892,66.440002,78.480003,0,-1.08708229224575,0.92160044902279
"2008-07-22",2008-07-22,0.0455370252844571,4362000,-0.10641723076923,80.589996,0.043553718503721,77.080002,80.589996,7151,-0.732214797972883,0.61952673102362
"2008-07-23",2008-07-23,-0.0237001624866688,4500700,-0.127595287595287,78.68,0.0203355109303509,77.080002,80.589996,7154,-1.19900965917805,0.3781743507573
"2008-07-24",2008-07-24,-0.0407981570920184,3244800,-0.163187792099791,75.470001,0,75.470001,78.68,7155,-1.27894842494026,0.0741316608739565
"2008-07-25",2008-07-25,0.0212004634795221,2665600,-0.145446985446985,77.07,0.0207603347606072,75.470001,77.07,7155,-0.891285944711121,0.283436255501463
"2008-07-28",2008-07-28,-0.0354223952251199,2445700,-0.175717300069299,74.339996,0,0,77.07,7157,-1.20811923003621,0.00601722347895878
"2008-07-29",2008-07-29,0.0527307803460199,3848000,-0.132252230076229,78.260002,0.0500895208257214,74.339996,78.260002,7157,-0.752642056439927,0.514610085612836
"2008-07-30",2008-07-30,0.00472776629880489,3076600,-0.12814972141372,78.629997,0.0545593432999877,0,78.629997,0,1.08923667866216,0.561212036301247
"2008-07-31",2008-07-31,-0.00585017191339835,2528500,-0.133250195426194,78.169998,0.0489958052704569,74.339996,78.629997,7160,-1.03980089816979,0.503239035096223
"2008-08-01",2008-08-01,0.00396577981235192,2428700,-0.129812856548856,78.480003,0.0527523807561526,74.339996,78.629997,0,1.07667136941539,0.542347468619581
"2008-08-04",2008-08-04,-0.00445981124643934,2105300,-0.133693726957726,78.129997,0.0485089100924962,74.339996,78.629997,0,-1.02989588637093,0.498180936086384
"2008-08-05",2008-08-05,0.0343018188007865,2643200,-0.103977846153845,80.809998,0.0331642255454577,78.129997,80.809998,7160,-0.777731674626164,0.576307383677953
"2008-08-06",2008-08-06,0.00272244778424584,2778000,-0.101538472626472,81.029999,0.035789238995301,0,81.029999,0,1.07915195988054,0.603839021036991
"2008-08-07",2008-08-07,-0.0438108853981352,2968000,-0.140900867636867,77.480003,0,0,81.029999,7165,-1.38765990852745,0.195290554323829
"2008-08-08",2008-08-08,0.0240061038717307,2152400,-0.120277244629244,79.339996,0.0234433210710019,77.480003,79.339996,7165,-0.853630262513537,0.434852643348964
"2008-08-11",2008-08-11,0.0223091138043415,2732400,-0.100651409563409,81.110001,0.0447540125169028,0,81.110001,0,1.90903039639128,0.657396775092857
"2008-08-12",2008-08-12,-0.0306990256355687,2519900,-0.128260534996534,78.620003,0.014500126640799,77.480003,81.110001,7168,-1.27430440917702,0.342834824942841
"2008-08-13",2008-08-13,-0.0288731227853044,2723500,-0.153430375606375,76.349998,0,76.349998,78.620003,7169,-1.19623994715538,0.12717611692883
"2008-08-14",2008-08-14,0.0303863793159498,1957100,-0.127706189882189,78.669998,0.0294902765854907,76.349998,78.669998,7169,-0.832339680962646,0.427339702397914
"2008-08-15",2008-08-15,0.00800819900872499,2375900,-0.120720687456686,79.300003,0.0372005660579862,0,79.300003,0,1.26145192128476,0.507230756351681
"2008-08-18",2008-08-18,-0.0316519786260286,2254800,-0.148551617463616,76.790001,0.0057299517420244,76.349998,79.300003,7172,-1.23053985686518,0.18484847781062
"2008-08-19",2008-08-19,-0.0162781610069259,2198700,-0.16241163132363,75.540001,0,75.540001,76.790001,7173,-1.09330099595454,0.0783511206264812
"2008-08-20",2008-08-20,0.0350807646931326,2265500,-0.13302839085239,78.190002,0.0338918139431689,75.540001,78.190002,7173,-0.819081673943106,0.422334678725026
"2008-08-21",2008-08-21,-0.0125336101155236,1620100,-0.143894674982674,77.209999,0.0216292970033582,75.540001,78.190002,7175,-1.08168394776978,0.296599073117503
"2008-08-22",2008-08-22,0.0278461601845119,1752600,-0.120055428967428,79.360001,0.0270917587312026,77.209999,79.360001,7175,1.25254920337893,0.455892585878777
"2008-08-25",2008-08-25,-0.0330141502896402,1376500,-0.14910605128205,76.739998,0,0,79.360001,7177,-1.2419767482777,0.150684535550031
"2008-08-26",2008-08-26,0.00781858242946526,1370800,-0.142453266805266,77.339996,0.00775792644209605,76.739998,77.339996,7177,-0.955382196633992,0.229025797560502
"2008-08-27",2008-08-27,0.0190070089995866,1119800,-0.126153868329867,78.809998,0.0262657029885979,0,78.809998,0,3.38566022565965,0.418248802142628
"2008-08-28",2008-08-28,0.0354015996802843,1618900,-0.0952183173943162,81.599998,0.0595588249891869,0,81.599998,0,2.26755114892762,0.767416537405608
"2008-08-29",2008-08-29,-0.0148284194810887,1502000,-0.108634799722799,80.389999,0.0454036701754407,76.739998,81.599998,7181,-1.14090232526292,0.617528245177985
"2008-09-02",2008-09-02,-0.000248737408244104,1866200,-0.108856515592515,80.370003,0.0451661672825867,76.739998,81.599998,0,-1.00204092860006,0.615031784205232
"2008-09-03",2008-09-03,0.0180415197943939,2642500,-0.0927789327789317,81.82,0.0177217917379613,80.370003,81.82,7181,-0.852304818631468,0.553238241015448
"2008-09-04",2008-09-04,-0.0538987533610363,2804300,-0.141677017325016,77.410004,0,0,81.82,7184,-1.52703866148791,0.191071154849303
"2008-09-05",2008-09-05,0.0415966003567188,2332100,-0.105973699237698,80.629997,0.0399354225450362,77.410004,80.629997,7184,-0.74799499056779,0.60226768993889
"2008-09-08",2008-09-08,0.0434081623493053,5146200,-0.0671656604296592,84.129997,0.0798763014338394,0,84.129997,0,2.00013662917328,1.03037214842515
"2008-09-09",2008-09-09,-0.0205633550658513,4768800,-0.0863478641718631,82.400002,0.0605582266854799,77.410004,84.129997,7187,-1.28559540127344,0.82107224492395
"2008-09-10",2008-09-10,0.0157766379665864,3716600,-0.0719335051975041,83.699997,0.0751492619527812,77.410004,84.129997,0,1.24094224791427,0.97875490213594
"2008-09-11",2008-09-11,0.0418160110567268,4791900,-0.0331254663894653,87.199997,0.0550458161139615,82.400002,87.199997,7187,-0.460501212870337,1.08043908876971
"2008-09-12",2008-09-12,-0.00126147940119765,3364700,-0.0343451586971576,87.089996,0.0538522702423824,82.400002,87.199997,7190,-1.0368203814356,1.0673199494323
"2008-09-15",2008-09-15,-0.0344471252473131,4918100,-0.0676091919611909,84.089996,0.0200974441715992,82.400002,87.199997,0,-1.96852175170721,0.702983863006966
"2008-09-16",2008-09-16,-0.0445950788248343,8846400,-0.109189233541232,80.339996,0,80.339996,87.089996,7192,-1.61500574661371,0.367685202266657
"2008-09-17",2008-09-17,-0.11974104404984,8634000,-0.215855844767844,70.720001,0,70.720001,80.339996,7193,-1.97689678521584,-0.21218882233297
"2008-09-18",2008-09-18,0.0668834266560601,16772600,-0.163409596673596,75.449997,0.0626904730029346,70.720001,75.449997,7193,-0.757031142007506,0.413731445256552
"2008-09-19",2008-09-19,0.0145792716201169,107300,-0.151212717948717,76.550003,0.0761593961008729,0,76.550003,0,1.21484800565004,0.553259003378323
"2008-09-22",2008-09-22,-0.0725016692683866,3247500,-0.212751212751212,71,0.00394364788732404,70.720001,76.550003,7196,-1.40696639566631,-0.173872104595227
"2008-09-23",2008-09-23,-0.0277464929577464,2319200,-0.234594605682605,69.029999,0,69.029999,71,7197,-1.10267106188925,-0.314058756914165
"2008-09-24",2008-09-24,0.0604084899378311,2979800,-0.188357621621621,73.199997,0.0569671881270705,69.029999,73.199997,7197,-0.802906874493353,0.246992334837682
"2008-09-25",2008-09-25,0.017622965203127,2572000,-0.174054076230075,74.489998,0.0732984178627578,0,74.489998,0,1.28667782758136,0.413532830888438
"2008-09-26",2008-09-26,0.0726272539301182,2337000,-0.114067891891891,79.900002,0.13604509046195,0,79.900002,0,1.8560440242609,1.0807481373885
"2008-09-29",2008-09-29,-0.188110120447807,3259700,-0.280720687456687,64.870003,0,0,79.900002,7201,-2.46099654162753,-0.564814981094983
"2008-09-30",2008-09-30,0.112995123493366,2632100,-0.199445632709632,72.199997,0.101523466822305,64.870003,72.199997,7201,-0.710477145509288,0.428936607844979
"2008-10-01",2008-10-01,-0.00914121921639405,2044600,-0.206763675675675,71.540001,0.0932345248359726,64.870003,72.199997,7203,-1.03669191882831,0.344092015220088
"2008-10-02",2008-10-02,-0.0940732863562584,1939500,-0.281386023562023,64.809998,0,64.809998,71.540001,7204,-1.36090646793975,-0.568431962272842
"2008-10-03",2008-10-03,-0.012035164697891,2077700,-0.29003466112266,64.029999,0,64.029999,64.809998,7205,-1.03073584626257,-0.615448739237245
"2008-10-06",2008-10-06,-0.0523192105625365,5133600,-0.327179487179486,60.68,0,60.68,64.029999,7206,-1.12807029998776,-0.817379967115713
"2008-10-07",2008-10-07,-0.0865194462755438,4057400,-0.385391545391545,55.43,0,55.43,60.68,7207,-1.17792086757604,-1.13383944855495
"2008-10-08",2008-10-08,0.0247158397979434,3418400,-0.37020098128898,56.799999,0.024119701128868,55.43,56.799999,7207,-0.960584075379414,-0.920136196471673
"2008-10-09",2008-10-09,-0.103521146188753,3709800,-0.435398497574497,50.919998,0,0,56.799999,7209,-1.17611383972703,-1.40569333316636
"2008-10-10",2008-10-10,0.110958409699859,5377300,-0.372751212751212,56.57,0.0998762948559307,50.919998,56.57,7209,-0.856115064309412,-0.522162852942265
"2008-10-13",2008-10-13,0.113841223263214,3012000,-0.301344443520443,63.009998,0.191874311756049,0,63.009998,0,1.9211196413806,0.366158149130775
"2008-10-14",2008-10-14,0.0120616096512176,4503300,-0.292917532917532,63.77,0.20150544143014,0,63.77,0,1.05019499268008,0.46432746726502
"2008-10-15",2008-10-15,-0.138623177042497,2679000,-0.39093555093555,54.93,0.0730020389586746,50.919998,63.77,7213,-1.33462666792846,-0.767115870502614
"2008-10-16",2008-10-16,0.0606225741853268,3280800,-0.354012496188495,58.259998,0.12598695935417,50.919998,63.77,0,1.72580055504325,-0.278347184688147
"2008-10-17",2008-10-17,-0.0339855658766072,2444600,-0.375966747054746,56.279999,0.0952381146986161,50.919998,63.77,0,-1.06201546867024,-0.564858172125075
"2008-10-20",2008-10-20,0.037846500317102,1812900,-0.352349272349271,58.41,0.12823150145523,50.919998,63.77,0,1.34643049015641,-0.257103311493639
"2008-10-21",2008-10-21,-0.00376649546310557,2453900,-0.354788645876645,58.189999,0.124935575269558,50.919998,63.77,0,-1.00692316890882,-0.28828224638849
"2008-10-22",2008-10-22,-0.121326656149281,3057900,-0.433069981981981,51.130001,0.00410723637576305,50.919998,63.77,0,-1.22064216827433,-1.37070651440222
"2008-10-23",2008-10-23,-0.0101701543092089,3505800,-0.438835747747747,50.610001,0,50.610001,58.41,7219,-1.01331370449501,-1.4243793312364
"2008-10-24",2008-10-24,-0.0211420663674755,2586600,-0.450699919611919,49.540001,0,49.540001,50.610001,7220,-1.02703556381872,-1.48887678745354
"2008-10-27",2008-10-27,0.00282597894981882,2496000,-0.449147609147608,49.68,0.00281801529790671,49.540001,49.68,7220,-0.996555778253417,-1.46511829021241
"2008-10-28",2008-10-28,0.106481501610306,3000700,-0.390492019404019,54.970001,0.0987811515593752,0,54.970001,0,35.0534475922655,-0.624561138391582
"2008-10-29",2008-10-29,0.0025468436866136,2499800,-0.388939697851697,55.110001,0.101070584266547,0,55.110001,0,1.02317681734856,-0.603676125936818
"2008-10-30",2008-10-30,0.00798399550019973,2325300,-0.384060995148994,55.549999,0.108190785025937,0,55.549999,0,1.07044780448297,-0.538446225395926
"2008-10-31",2008-10-31,0.013681404386704,2448300,-0.375634084546084,56.310001,0.120227310953165,0,56.310001,0,1.11125278298279,-0.427200399158316
"2008-11-03",2008-11-03,-0.0527437568328226,2241700,-0.408565488565488,53.34,0.0712410761154857,49.540001,56.310001,7226,-1.08766883883607,-0.872531045585607
"2008-11-04",2008-11-04,0.0748031871016122,3573300,-0.364324302148301,57.330002,0.0695971020548717,53.34,57.330002,7226,-0.891715801614764,-0.640958891170261
"2008-11-05",2008-11-05,-0.0880865659136032,2080000,-0.420318791406791,52.279999,0,0,57.330002,7228,-1.1536940822457,-1.32371519769649
"2008-11-06",2008-11-06,-0.0462891745655925,1902800,-0.447151756063755,49.860001,0,49.860001,52.279999,7229,-1.06383955513185,-1.46958782858487
"2008-11-07",2008-11-07,0.0328920771582015,1905900,-0.428967428967428,51.5,0.0318446407766991,49.860001,51.5,7229,-0.959332985167268,-1.19761425959743
"2008-11-10",2008-11-10,-0.0188349708737865,1277000,-0.43972281081081,50.529999,0.0132594105137426,49.860001,51.5,7231,-1.02507272374798,-1.35711926899698
"2008-11-11",2008-11-11,-0.0795567203553674,2883600,-0.484296626472626,46.509998,0,46.509998,50.529999,7232,-1.10136798584459,-1.67151929757532
"2008-11-12",2008-11-12,-0.0251558385360498,2790200,-0.497269577269577,45.34,0,45.34,46.509998,7233,-1.02678720042186,-1.74204443288293
"2008-11-13",2008-11-13,0.0983678650198499,3415700,-0.447817058905058,49.799999,0.0895582146497633,45.34,49.799999,7233,-0.900551892524667,-0.986337353708135
"2008-11-14",2008-11-14,-0.0979919899195179,2743000,-0.501926564102564,44.919998,0,0,49.799999,7235,-1.12082948633044,-1.76736131195406
"2008-11-17",2008-11-17,-0.0614425227712611,2698200,-0.532529452529452,42.16,0,42.16,44.919998,7236,-1.06097084835828,-1.93372846164041
"2008-11-18",2008-11-18,0.0334440227703986,3533800,-0.516895356895356,43.57,0.0323617167775994,42.16,43.57,7236,-0.970641819790745,-1.6728077800227
"2008-11-19",2008-11-19,-0.112921689235713,2743100,-0.571448349272349,38.650002,0,0,43.57,7238,-1.10553972220733,-2.14530410867522
"2008-11-20",2008-11-20,-0.107632594689128,3609200,-0.617574475398475,34.490002,0,34.490002,38.650002,7239,-1.08071792697426,-2.39606057396802
"2008-11-21",2008-11-21,0.100028901129087,4200500,-0.57932087040887,37.939999,0.0909329755122029,34.490002,37.939999,7239,-0.938058312780944,-1.69376074932376
"2008-11-24",2008-11-24,0.156826572399224,4563400,-0.513347204435204,43.889999,0.2141717296462,0,43.889999,0,2.35527022446834,-0.665141143897566
"2008-11-25",2008-11-25,-0.0530872192546644,3654700,-0.539182248094248,41.560001,0.170115467514065,34.490002,43.889999,7242,-1.05032664722012,-1.04509277363063
"2008-11-26",2008-11-26,0.0685755277051123,2382400,-0.507581427581427,44.41,0.0641747129024993,41.560001,44.41,7242,-0.941391207472957,-1.44922857843958
"2008-11-28",2008-11-28,0.0333258049988743,1666500,-0.491171182259182,45.889999,0.0943560273339732,0,45.889999,0,1.47029917340384,-1.19594186616778
"2008-12-01",2008-12-01,-0.141425084798978,2980200,-0.563132340956341,39.400002,0,0,45.889999,7245,-1.14650932566151,-2.10009561132676
"2008-12-02",2008-12-02,0.0817258080342229,2869900,-0.527428978516978,42.619999,0.0755513157097916,39.400002,42.619999,7245,-0.936598629056308,-1.49527937846802
"2008-12-03",2008-12-03,0.0687470687176694,3088900,-0.494941106029106,45.549999,0.135016402525058,0,45.549999,0,1.7870820813192,-0.995393500668108
"2008-12-04",2008-12-04,0.013611394371271,3506800,-0.48806655024255,46.169998,0.146631931844571,0,46.169998,0,1.08603050519997,-0.894875447808368
"2008-12-05",2008-12-05,0.0955166599747308,2723300,-0.439168376992377,50.580002,0.221035973861765,0,50.580002,0,1.5074204580218,-0.224564926203465
"2008-12-08",2008-12-08,0.0450770840222584,3049600,-0.413887722799722,52.860001,0.25463486086578,0,52.860001,0,1.15200641966555,0.0955232075402491
"2008-12-09",2008-12-09,-0.0520242139231136,3180000,-0.444379753291753,50.110001,0.213729770230897,39.400002,52.860001,7251,-1.07367222754463,-0.29261451893851
"2008-12-10",2008-12-10,0.00319295543418581,2213700,-0.442605682605682,50.27,0.21623230555003,39.400002,52.860001,0,1.01170887572859,-0.269365512456096
"2008-12-11",2008-12-11,-0.0923015516212453,2375100,-0.494054042966042,45.630001,0.136532957779247,39.400002,52.860001,0,-1.11623971942131,-0.982326657996364
"2008-12-12",2008-12-12,0.0035064649680809,2478800,-0.492279961191961,45.790001,0.139550095227122,39.400002,52.860001,0,1.02209823545135,-0.956280048461985
"2008-12-15",2008-12-15,-0.0124481325082302,1623800,-0.498600127512127,45.220001,0.128704088263952,39.400002,52.860001,0,-1.01283856101894,-1.04960089061038
"2008-12-16",2008-12-16,0.127819523931457,2770800,-0.434511434511434,51,0.227450941176471,39.400002,52.860001,0,1.76723944238666,-0.164374461545626
"2008-12-17",2008-12-17,-0.00921570588235301,1966300,-0.43972281081081,50.529999,0.220265133985061,39.400002,52.860001,0,-1.01199364593301,-0.231769540491461
"2008-12-18",2008-12-18,-0.0231545225243325,2073300,-0.452695761607761,49.360001,0.201782795749943,39.400002,52.860001,0,-1.02950256497503,-0.402770614175326
"2008-12-19",2008-12-19,0.0447730744575958,3643600,-0.428191268191268,51.57,0.235989877835951,39.400002,52.860001,0,1.16952427464826,-0.0835955959975048
"2008-12-22",2008-12-22,-0.0310257707969749,2140200,-0.445932074844074,49.970001,0.211526891904605,39.400002,52.860001,0,-1.04143196737231,-0.313028993925075
"2008-12-23",2008-12-23,-0.0110066637781337,1103400,-0.452030514206514,49.419998,0.202751849565028,39.400002,52.860001,0,-1.01367571364893,-0.393886026835156
"2008-12-24",2008-12-24,0.00323763671540417,353900,-0.450256388080387,49.580002,0.205324719430225,39.400002,52.860001,0,1.01268974793925,-0.37025435773627
"2008-12-26",2008-12-26,-0.00625256126451946,538400,-0.453693693693693,49.27,0.200324700629186,39.400002,52.860001,0,-1.00763410737593,-0.416122368435555
"2008-12-29",2008-12-29,-0.0296326161964685,1034700,-0.469882178794178,47.810001,0.175904597868551,39.400002,52.860001,0,-1.03568152990774,-0.636883720142029
"2008-12-30",2008-12-30,0.0527086581738411,1191900,-0.441940379764379,50.330002,0.217166691151731,39.400002,52.860001,0,1.23457086274695,-0.260669091290343
"2008-12-31",2008-12-31,0.035962585497215,1835400,-0.421871112959112,52.139999,0.244342102883431,39.400002,52.860001,0,1.12513618726508,-0.00383181513516006
"2009-01-02",2009-01-02,0.0207135025069717,2308300,-0.409896038808038,53.220001,0.150319425961679,45.220001,53.220001,7251,-0.971614377511942,-0.44986898721994
"2009-01-05",2009-01-05,-0.00977076268750922,2151700,-0.415661804573804,52.700001,0.141935481177695,45.220001,53.220001,7268,-1.01406641006469,-0.526791367232295
"2009-01-06",2009-01-06,0.0278936806851294,2276800,-0.399362461538461,54.169998,0.0271367372027593,52.700001,54.169998,7268,-0.960787007956973,-1.06226580845317
"2009-01-07",2009-01-07,-0.0352593699560409,2983800,-0.420540562716562,52.259998,0,0,54.169998,7270,-1.05302977424698,-1.32492081790378
"2009-01-08",2009-01-08,0.00210487952946337,2293900,-0.41932087040887,52.369999,0.00210045831774786,52.259998,52.369999,7270,-0.997099703534391,-1.30687141065899
"2009-01-09",2009-01-09,-0.0421997143822745,1572400,-0.443825363825363,50.16,0,0,52.369999,7272,-1.05843852559163,-1.45150448992348
"2009-01-12",2009-01-12,-0.0332934210526316,1848100,-0.46234232016632,48.490002,0,48.490002,50.16,7273,-1.04172126662919,-1.55216862346339
"2009-01-13",2009-01-13,-0.0049495151598467,2434600,-0.465003465003464,48.25,0,48.25,48.490002,7274,-1.00575578899242,-1.5666354631709
"2009-01-14",2009-01-14,-0.0209326010362695,2610800,-0.476202334026333,47.240002,0,47.240002,48.25,7275,-1.02408340983607,-1.62751611904416
"2009-01-15",2009-01-15,0.0220151768833541,3521500,-0.464670835758835,48.279999,0.0215409490791414,47.240002,48.279999,7275,-0.975784456640524,-1.44772365235079
"2009-01-16",2009-01-16,0.0579950923362696,4801500,-0.433624371448371,51.080002,0.0751761912616997,0,51.080002,0,3.48992010451826,-0.987366644760563
"2009-01-20",2009-01-20,-0.1399765411129,12022600,-0.512903672903672,43.93,0,0,51.080002,7278,-1.18282944104478,-1.82703640789804
"2009-01-21",2009-01-21,0.309128112906897,10788300,-0.362328504504504,57.509998,0.236132819896812,43.93,57.509998,7278,-0.70642602821164,0.275232661488796
"2009-01-22",2009-01-22,-0.0526864563619009,5632600,-0.395925155925155,54.48,0.193649045521292,43.93,57.509998,7280,-1.09272428473878,-0.138365016288302
"2009-01-23",2009-01-23,0.0379955763582967,3170700,-0.372972984060983,56.549999,0.22316532666959,43.93,57.509998,0,1.15242151629946,0.14687037895848
"2009-01-26",2009-01-26,-0.0236958448045242,3105100,-0.387830918918918,55.209999,0.204310798846419,43.93,57.509998,0,-1.03983649082612,-0.0364014170539208
"2009-01-27",2009-01-27,0.0164825215809186,3265300,-0.377740828828828,56.119999,0.21721310080565,43.93,57.509998,0,1.06315036714692,0.0885926252194134
"2009-01-28",2009-01-28,0.090876730058388,4883800,-0.321191950103949,61.220001,0.110094754817139,54.48,61.220001,7280,-0.850297149767457,-0.186319272391391
"2009-01-29",2009-01-29,-0.0717085744575535,3299200,-0.369868307692307,56.830002,0.0413514326464391,54.48,61.220001,7285,-1.15154912061963,-0.824650437937008
"2009-01-30",2009-01-30,0.0121414389533191,3595200,-0.362217602217601,57.52,0.0528511821974966,54.48,61.220001,0,1.2780979718256,-0.720542401682708
"2009-02-02",2009-02-02,0.0490264255910988,3903600,-0.33094941094941,60.34,0.0971163407358304,54.48,61.220001,0,1.837543394449,-0.309918805037745
"2009-02-03",2009-02-03,-0.0232018727212463,4544700,-0.346472637560637,58.939999,0.0756701573747907,54.48,61.220001,0,-1.04690513443337,-0.510896414630571
"2009-02-04",2009-02-04,-0.00831350540063633,3436000,-0.35190574081774,58.450001,0.0679213162032282,54.48,61.220001,0,-1.0156811899934,-0.582557706575618
"2009-02-05",2009-02-05,0.0323353116794644,4676900,-0.33094941094941,60.34,0.0971163407358304,54.48,61.220001,0,1.42983596556415,-0.309918805037745
"2009-02-06",2009-02-06,0.0212131090487238,3664000,-0.316756767844767,61.619999,0.0777344543611563,56.830002,61.619999,7285,-0.957115369796465,-0.338129201384045
"2009-02-09",2009-02-09,0.0113599644816612,2032100,-0.308995148995148,62.32,0.088093677792041,0,62.32,0,1.13326424577132,-0.239618471348693
"2009-02-10",2009-02-10,-0.0698010109114248,3775300,-0.357227986139985,57.970001,0.0196653265539879,56.830002,62.32,7293,-1.15609577464789,-0.873826233686272
"2009-02-11",2009-02-11,0.0524408650605336,3288000,-0.323520465696465,61.009998,0.0685132951487722,56.830002,62.32,0,3.48396427390516,-0.425028028409745
"2009-02-12",2009-02-12,-0.0160629246373686,4108900,-0.334386705474705,60.029999,0.0533066309063239,56.830002,62.32,0,-1.03358748805844,-0.566768725087136
"2009-02-13",2009-02-13,-0.0406463275136818,2163100,-0.361441441441441,57.59,0.013196700816114,56.830002,62.32,0,-1.0809085275335,-0.931897463775466
"2009-02-17",2009-02-17,-0.0382010939399201,3647400,-0.385835076923076,55.389999,0,55.389999,61.009998,7297,-1.06748986885497,-1.13625062869153
"2009-02-18",2009-02-18,0.0294277131147809,3175700,-0.367761607761607,57.02,0.0285864784286215,55.389999,57.02,7297,-0.953157527030461,-0.882592138133584
"2009-02-19",2009-02-19,-0.0341985268326903,3424800,-0.389383229383229,55.07,0,0,57.02,7299,-1.05879249265094,-1.15553952728221
"2009-02-20",2009-02-20,0.0257854003994915,5195400,-0.373638231462231,56.490002,0.0251372269379633,55.07,56.490002,7299,-0.959564262831921,-0.933290596797408
"2009-02-23",2009-02-23,-0.0320411034858876,2685300,-0.393707553707553,54.68,0,0,56.490002,7301,-1.05371324601013,-1.17904794590341
"2009-02-24",2009-02-24,0.111741057059254,4905800,-0.325959794871794,60.790001,0.100509967091463,54.68,60.790001,7301,-0.827923649933112,-0.264344801391612
"2009-02-25",2009-02-25,-0.0435927283501771,4659000,-0.355343046431046,58.139999,0.0595115077315361,54.68,60.790001,7303,-1.09014379080343,-0.646962431215868
"2009-02-26",2009-02-26,-0.0223598043061542,4129500,-0.369757449757449,56.84,0.0380014074595356,54.68,60.790001,0,-1.04056475417537,-0.842259593503078
"2009-02-27",2009-02-27,-0.0226953026038002,3584500,-0.384060995148994,55.549999,0.0156615484367515,54.68,60.790001,0,-1.03868358947447,-1.04146493197237
"2009-03-02",2009-03-02,-0.0221421966182214,3186300,-0.397699237699237,54.32,0,54.32,58.139999,7306,-1.03551061608053,-1.20074802463067
"2009-03-03",2009-03-03,-0.000184075846833589,4210600,-0.397810106722106,54.310001,0,54.310001,54.32,7307,-1.00027877605074,-1.20135074431732
"2009-03-04",2009-03-04,-0.0228319089885489,5655800,-0.411559251559251,53.07,0,53.07,54.310001,7308,-1.03456208026095,-1.27609552021144
"2009-03-05",2009-03-05,-0.0834746749576031,6760500,-0.460679151767151,48.639999,0,48.639999,53.07,7309,-1.11935073752273,-1.54312710482769
"2009-03-06",2009-03-06,-0.0259045646773143,5008200,-0.474650023562023,47.380001,0,47.380001,48.639999,7310,-1.03032668559296,-1.61907725981711
"2009-03-09",2009-03-09,0.0105529757164843,3794500,-0.469106018018017,47.880001,0.0104427733825653,47.380001,47.880001,7310,-0.988319803499849,-1.53216798492846
"2009-03-10",2009-03-10,0.122806952322328,5567900,-0.403908546084545,53.759998,0.118675543849537,0,53.759998,0,11.3643703163827,-0.5893453763206
"2009-03-11",2009-03-11,0.0241816043222322,3931100,-0.389494098406098,55.060001,0.139484196522263,0,55.060001,0,1.17534069781984,-0.397861267801211
"2009-03-12",2009-03-12,0.0722847789269019,4546300,-0.345363814275814,59.040001,0.197493221587174,0,59.040001,0,1.41588241902123,0.15740088604199
"2009-03-13",2009-03-13,-0.00525069435550992,4294500,-0.348801108801108,58.73,0.193257262046654,47.380001,59.040001,7315,-1.00995267709937,0.115686607639853
"2009-03-16",2009-03-16,-0.054997445939043,3811800,-0.384615384615384,55.5,0.146306288288288,47.380001,59.040001,0,-1.1026782166415,-0.33425192340356
"2009-03-17",2009-03-17,0.0805405585585586,4015700,-0.335051963963963,59.970001,0.0745372840664119,55.5,59.970001,7315,-0.871135106306306,-0.454968621585971
"2009-03-18",2009-03-18,0.0300149903282476,5535700,-0.315093555093554,61.77,0.101505585235551,0,61.77,0,1.36180954950157,-0.199859924506976
"2009-03-19",2009-03-19,-0.0840213372187146,4886200,-0.37264031046431,56.580002,0.0190880516405779,55.5,61.77,7319,-1.18263386997449,-0.960750840694008
"2009-03-20",2009-03-20,0.0217391119922548,6269600,-0.359002067914067,57.810001,0.0399585012980712,55.5,61.77,0,2.09337768204306,-0.773150484743286
"2009-03-23",2009-03-23,0.117453673802912,4679600,-0.283714505890505,64.599998,0.124148548735249,56.580002,64.599998,7319,3.10693706476028,0.093821121161219
"2009-03-24",2009-03-24,-0.0568111163099417,4827500,-0.324407484407484,60.93,0.0713933694403414,56.580002,64.599998,7322,-1.143429319517,-0.414193136896325
"2009-03-25",2009-03-25,0.0597406860331527,4438000,-0.284047124047123,64.57,0.123741644726653,56.580002,64.599998,0,1.73323721371711,0.0898008406883324
"2009-03-26",2009-03-26,-0.0322130710856434,4714200,-0.307110164934164,62.490002,0.0945751289942349,56.580002,64.599998,0,-1.0811944178784,-0.194135836887713
"2009-03-27",2009-03-27,-0.059529554823826,3843600,-0.348357588357588,58.77,0.0372638761272759,56.580002,64.599998,0,-1.13430823246201,-0.729932517990653
"2009-03-30",2009-03-30,-0.0302875276501618,4111200,-0.368094225918225,56.990002,0.00719424435184257,56.580002,64.599998,0,-1.05665625845468,-1.00069542606544
"2009-03-31",2009-03-31,0.0496577978712828,3894600,-0.336715176715176,59.82,0.054162454028753,56.580002,64.599998,0,7.52858137420381,-0.574774514164038
"2009-04-01",2009-04-01,0.052490789033768,4418900,-0.301898832986832,62.959999,0.101334134392219,56.580002,64.599998,0,1.87092952506223,-0.129061230950366
"2009-04-02",2009-04-02,-0.0538436952643535,7460300,-0.339487179487179,59.57,0.0501930166191036,56.580002,64.599998,0,-1.12450643193439,-0.611423152428426
"2009-04-03",2009-04-03,0.0303844384757428,3249800,-0.319417868329868,61.380001,0.0782013509579448,56.580002,64.599998,0,1.55801257277255,-0.35005759982922
"2009-04-06",2009-04-06,-0.0320951607674298,2516800,-0.34126126126126,59.41,0.0476350446052852,56.580002,64.599998,0,-1.06838500627909,-0.634973590901014
"2009-04-07",2009-04-07,-0.0407338495202828,2855300,-0.368094225918225,56.990002,0.00719424435184257,56.580002,64.599998,0,-1.07862880350906,-1.00069542606544
"2009-04-08",2009-04-08,0.0229864354101971,3364000,-0.353568964656964,58.299999,0.02950252194687,56.580002,64.599998,0,4.1008506945297,-0.800456455583233
"2009-04-09",2009-04-09,0.0998285437363386,4612100,-0.289036695772695,64.120003,0.117592025065875,56.580002,64.599998,0,3.98582959374261,0.0292446116518146
"2009-04-13",2009-04-13,0.0221459440667838,3607400,-0.273291742203741,65.540001,0.130454666914027,56.990002,65.540001,7322,1.10938362394003,0.184764706439415
"2009-04-14",2009-04-14,-0.0671346037971528,3522300,-0.322079013167012,61.139999,0.0678769556407747,56.990002,65.540001,7336,-1.1785171793698,-0.420651174934792
"2009-04-15",2009-04-15,0.0554465170992234,2647300,-0.284490655578655,64.529999,0.116844833671856,56.990002,65.540001,0,1.72142124773883,0.0498963762216423
"2009-04-16",2009-04-16,-0.0119324502081582,3384400,-0.293028435204434,63.759998,0.106179363430971,56.990002,65.540001,0,-1.0300107559189,-0.0544986697774997
"2009-04-17",2009-04-17,-0.0109786233054776,3974100,-0.300790009702009,63.060001,0.0962575151243655,56.990002,65.540001,0,-1.02648744478385,-0.150631446775281
"2009-04-20",2009-04-20,-0.0778623362216566,3833000,-0.355232133056132,58.150002,0.0199484086002267,56.990002,65.540001,0,-1.18099711292958,-0.861437208943746
"2009-04-21",2009-04-21,-0.034049938639727,13974000,-0.377186439362439,56.169998,0,56.169998,64.529999,7341,-1.06180270381913,-1.08923385172713
"2009-04-22",2009-04-22,-0.0439735995717856,6495600,-0.404573793485793,53.700001,0,53.700001,56.169998,7342,-1.07260959373207,-1.23812032216074
"2009-04-23",2009-04-23,0.0607075966348679,5129300,-0.368426899514899,56.959999,0.057233111959851,53.700001,56.959999,7342,-0.910654386040544,-0.730476559660773
"2009-04-24",2009-04-24,-0.0244030727598855,5876600,-0.383839223839223,55.57,0.0336512326795033,53.700001,56.959999,7344,-1.04183278784643,-0.942461599030405
"2009-04-27",2009-04-27,-0.0100774158718733,3565100,-0.390048532224531,55.009998,0.0238137983571641,53.700001,56.959999,0,-1.01617684697046,-1.02969685632971
"2009-04-28",2009-04-28,-0.0334484651317385,16490300,-0.410450472626472,53.169998,0,53.169998,55.57,7346,-1.05230615863514,-1.27006784112098
"2009-04-29",2009-04-29,0.034417943743387,5712900,-0.390159390159389,55,0.0332727636363637,53.169998,55,7346,-0.950563871111562,-0.978877536527411
"2009-04-30",2009-04-30,-0.0116363454545455,4077800,-0.397255706167706,54.360001,0.0218911511793386,53.169998,55,7348,-1.01818824866785,-1.07932950197607
"2009-05-01",2009-05-01,-0.0290655255874627,3362100,-0.414774785862785,52.779999,0,52.779999,54.360001,7349,-1.04410025941247,-1.29357619946418
"2009-05-04",2009-05-04,0.0541871931448882,5402200,-0.383063074151073,55.639999,0.051401870082708,52.779999,55.639999,7349,-0.923544745744977,-0.841744022367729
"2009-05-05",2009-05-05,-0.0377425959335478,4294300,-0.406347875259875,53.540001,0.0141950314868317,52.779999,55.639999,7351,-1.06078581486979,-1.17059604238419
"2009-05-06",2009-05-06,0.0349271379356157,5324400,-0.385613305613305,55.41,0.0474643746616135,52.779999,55.639999,0,3.34373155182113,-0.877013393495917
"2009-05-07",2009-05-07,-0.0552247247789207,7280400,-0.419542641718641,52.349998,0,52.349998,55.41,7353,-1.08798798073467,-1.31949579822196
"2009-05-08",2009-05-08,0.0561605179048908,6666400,-0.386943855855855,55.290001,0.0531742258423905,52.349998,55.290001,7353,-0.922299231064461,-0.853206104309731
"2009-05-11",2009-05-11,-0.046663084704954,4552700,-0.415550946638946,52.709999,0.00682984266419739,52.349998,55.290001,7355,-1.07393085676426,-1.26066643660874
"2009-05-12",2009-05-12,0.0151773670115228,4677500,-0.406680548856548,53.509998,0.0216781918025862,52.349998,55.290001,0,3.17403970610116,-1.13172369550865
"2009-05-13",2009-05-13,-0.0207437122311237,4918500,-0.418988196812196,52.400002,0.000954274772737573,52.349998,55.290001,0,-1.03026367499073,-1.31129391253065
"2009-05-14",2009-05-14,0.0496182805489206,4605000,-0.39015939015939,55,0.0481818545454545,52.349998,55.290001,0,50.4905462472124,-0.89782692050841
"2009-05-15",2009-05-15,-0.0263636545454545,3024600,-0.406237017325017,53.549999,0.0224089826780389,52.349998,55.290001,0,-1.04120784369449,-1.12533970100011
"2009-05-18",2009-05-18,0.0250233431376909,5375500,-0.391379082467082,54.889999,0.0462743859769428,52.349998,55.290001,0,2.06499271483182,-0.914827173371065
"2009-05-19",2009-05-19,-0.0455456375577635,4718800,-0.41909911018711,52.389999,0.000763523587774873,52.349998,55.290001,0,-1.0708265437828,-1.31293385815565
"2009-05-20",2009-05-20,-0.0282496474183939,4534200,-0.435509355509355,50.91,0,50.91,55,7362,-1.03915600134517,-1.40629599257502
"2009-05-21",2009-05-21,0.0115890787664507,3480300,-0.428967428967428,51.5,0.0114563106796117,50.91,51.5,7362,-0.984978677359811,-1.30845178309526
"2009-05-22",2009-05-22,0.00970873786407767,2993900,-0.423423423423423,52,0.0209615384615385,0,52,0,1.82969361147326,-1.22663930779962
"2009-05-26",2009-05-26,0.0561538076923077,3320700,-0.391046453222453,54.919998,0.0730152612168704,0,54.919998,0,3.48329686539198,-0.767646890572699
"2009-05-27",2009-05-27,-0.0273124554738695,3559800,-0.407678469854469,53.419998,0.0469861118302551,50.91,54.919998,7366,-1.04253207386222,-0.999566717675683
"2009-05-28",2009-05-28,0.0383751979923325,3470400,-0.384948013860013,55.470001,0.0369569670640533,53.419998,55.470001,7366,-0.944244158877043,-0.930518302478794
"2009-05-29",2009-05-29,0.0393005401243818,3639900,-0.360776138600138,57.650002,0.0733738742975238,0,57.650002,0,1.98538679243763,-0.601138183001983
"2009-06-01",2009-06-01,-0.0194276315896746,3760600,-0.373194744282744,56.529999,0.0550150549268539,53.419998,57.650002,7369,-1.03442191529293,-0.768454169956333
"2009-06-02",2009-06-02,-0.0141517603777067,3143700,-0.382065142065142,55.73,0.04144988336623,53.419998,57.650002,0,-1.02376881753639,-0.890421144809249
"2009-06-03",2009-06-03,-0.00807466355643281,2759800,-0.387054758142758,55.279999,0.0336469072656821,53.419998,57.650002,0,-1.01305959515345,-0.959965792624619
"2009-06-04",2009-06-04,0.0340087017729505,2934400,-0.366209286209286,57.16,0.0654304058782365,53.419998,57.650002,0,1.94461872413967,-0.673857772409894
"2009-06-05",2009-06-05,-0.0274667599720083,2538000,-0.383617463617463,55.59,0.0390358337830545,53.419998,57.650002,0,-1.04753614412232,-0.911983614704446
"2009-06-08",2009-06-08,-0.00377763986328482,2451700,-0.385945934857934,55.380001,0.035391891740847,53.419998,57.650002,0,-1.00606977382759,-0.944451575268427
"2009-06-09",2009-06-09,0.0176959187848335,2495700,-0.375079683991684,56.360001,0.0521647080879221,53.419998,57.650002,0,1.473916920573,-0.794196711474907
"2009-06-10",2009-06-10,-0.0243080016978708,1995100,-0.390270248094248,54.990002,0.0285507172740237,53.419998,57.650002,0,-1.04049956516147,-1.00515075954532
"2009-06-11",2009-06-11,0.00654657186591851,2028900,-0.386278608454608,55.349998,0.0348690166167667,53.419998,57.650002,0,1.22130089700028,-0.949102613435288
"2009-06-12",2009-06-12,-0.00289067761122591,1522200,-0.388052679140679,55.189999,0.0320710460603559,53.419998,57.650002,0,-1.00459272309478,-0.973957700940419
"2009-06-15",2009-06-15,-0.018300398954528,2223400,-0.399251559251559,54.18,0.0140273532668882,53.419998,57.650002,0,-1.0288591748308,-1.13292973768833
"2009-06-16",2009-06-16,-0.0267626430417129,3282300,-0.415329175329175,52.73,0,52.73,57.16,7380,-1.04026938832188,-1.29659003900942
"2009-06-17",2009-06-17,-0.0299639294519248,3473200,-0.43284821067221,51.150002,0,51.150002,52.73,7381,-1.04218108522993,-1.39182915286752
"2009-06-18",2009-06-18,0.0263929217441673,2619800,-0.417879417879418,52.5,0.0257142476190476,51.150002,52.5,7381,-0.965417916896211,-1.17066305313604
"2009-06-19",2009-06-19,0.0340952571428571,3746500,-0.398031866943867,54.290001,0.0578375196567043,0,54.290001,0,2.24924020774621,-0.888132934923098
"2009-06-22",2009-06-22,-0.0443912314534678,3447000,-0.424753973665973,51.880001,0.014070913375657,51.150002,54.290001,7384,-1.06713559627093,-1.27133226250977
"2009-06-23",2009-06-23,-0.000192791052567637,2716500,-0.424864875952876,51.869999,0.0138807984168267,51.150002,54.290001,0,-1.00026109770309,-1.27296868912678
"2009-06-24",2009-06-24,0.0177366882154749,2248500,-0.414663883575883,52.790001,0.0310664703340315,51.150002,54.290001,0,2.23808958253957,-1.12408596882645
"2009-06-25",2009-06-25,0.0204583818818265,2094700,-0.402688853776853,53.869999,0.0504918702523087,51.150002,54.290001,0,1.62528506487581,-0.953383128031697
"2009-06-26",2009-06-26,-0.0161499724549837,4167900,-0.412335412335412,53,0.0349056226415094,51.150002,54.290001,0,-1.02395536521084,-1.0905567824406
"2009-06-29",2009-06-29,0.0190565660377359,2240000,-0.401136543312543,54.009998,0.0529530847233137,51.150002,54.290001,0,1.51703595913921,-0.931564314906304
"2009-06-30",2009-06-30,-0.00610994282947397,2738900,-0.404795564795564,53.68,0.0471311102831594,51.150002,54.290001,0,-1.00912163587193,-0.983106059787508
"2009-07-01",2009-07-01,-0.00372578241430706,2615800,-0.407013167013167,53.48,0.0435676514584891,51.150002,54.290001,0,-1.00547832637129,-1.01453376799431
"2009-07-02",2009-07-02,-0.0134630142109199,2646200,-0.414996557172557,52.759998,0.0305154674190853,51.150002,54.290001,0,-1.0196145746782,-1.12888991871616
"2009-07-06",2009-07-06,0.0263457932655721,2841200,-0.399584177408177,54.150002,0.0554016600036321,51.150002,54.290001,0,1.81552716341426,-0.909813911098871
"2009-07-07",2009-07-07,-0.012003729935227,2648600,-0.406791406791406,53.5,0.0439251962616822,51.150002,54.290001,0,-1.01803682375508,-1.01138447945475
"2009-07-08",2009-07-08,0.0138318130841121,4986800,-0.398586256410256,54.240002,0.0569690244480447,51.150002,54.290001,0,1.29695549016229,-0.895868193909707
"2009-07-09",2009-07-09,0.0210176799034779,2827500,-0.385945934857934,55.380001,0.0633803166597993,51.869999,55.380001,7384,1.1125399684104,-0.792297490561663
"2009-07-10",2009-07-10,-0.0193210541834407,1915400,-0.397810106722106,54.310001,0.0449273053778806,51.869999,55.380001,7397,-1.03074050221189,-0.957111454399877
"2009-07-13",2009-07-13,0.0452955064390443,3845400,-0.37053361053361,56.77,0.0433327285538136,54.310001,56.77,7397,-0.931433375553853,-0.817496276135177
"2009-07-14",2009-07-14,0.00493216487581463,2460300,-0.367428978516978,57.049999,0.0480280113589485,0,57.049999,0,1.10835419235841,-0.775093429103473
"2009-07-15",2009-07-15,0.0271691328162863,2855600,-0.350242572418572,58.599998,0.073208142430312,0,58.599998,0,1.52428010985452,-0.544775299236281
"2009-07-16",2009-07-16,-0.00255967585527902,1912100,-0.35190574081774,58.450001,0.0708297678215609,54.310001,58.599998,7401,-1.00474861861505,-0.566746427620738
"2009-07-17",2009-07-17,-0.0123182375993459,1798500,-0.359889119889119,57.73,0.0592412783648016,54.310001,58.599998,0,-1.02268612911181,-0.673145403287408
"2009-07-20",2009-07-20,0.00311796293088515,2035400,-0.357893277893278,57.91,0.0621654118459678,54.310001,58.599998,0,1.04935972959867,-0.646398833316013
"2009-07-21",2009-07-21,-0.00638920739077879,2947200,-0.36199583090783,57.540001,0.0561348617286259,54.310001,58.599998,0,-1.01146306250484,-0.701485642835926
"2009-07-22",2009-07-22,0.00695165090455948,3061100,-0.357560648648648,57.939999,0.0626509848576283,54.310001,58.599998,0,1.11607979299038,-0.641950822548301
"2009-07-23",2009-07-23,0.0158785297873408,3549100,-0.347359656271656,58.860001,0.0224260954395838,57.540001,58.860001,7401,-0.971470595504439,-0.805170388738253
"2009-07-24",2009-07-24,-0.0197077808408463,2144800,-0.360221749133749,57.700001,0.00277296355679446,57.540001,58.860001,7407,-1.03702817132003,-0.981933614050808
"2009-07-27",2009-07-27,0.00779897733450646,1539100,-0.355232133056133,58.150002,0.0104901286159887,57.540001,58.860001,0,3.78300269770415,-0.912855462670758
"2009-07-28",2009-07-28,-0.00550300926902806,1784200,-0.358780296604296,57.830002,0.00501471537213505,57.540001,58.860001,0,-1.00998829559037,-0.961910529954693
"2009-07-29",2009-07-29,0.0122773469729431,1635900,-0.350907819819819,58.540001,0.0170823365718767,57.540001,58.860001,0,3.40644190232552,-0.853509740466267
"2009-07-30",2009-07-30,0.0256235048578151,1913800,-0.334275803187803,60.040001,0.0389740166726512,57.700001,60.040001,7407,2.28153897499102,-0.644082527864186
"2009-07-31",2009-07-31,-0.0038307794165426,1653500,-0.336826045738045,59.810001,0.0352783809517074,57.700001,60.040001,7412,-1.00762915689955,-0.678037132108411
"2009-08-03",2009-08-03,0.00919578650399951,2375100,-0.330727639639639,60.360001,0.00911199454751499,59.810001,60.360001,7412,-0.981894493684289,-0.787133131050198
"2009-08-04",2009-08-04,0.0137507950008152,2422200,-0.321524612612612,61.189999,0.0225526723737975,0,61.189999,0,2.47505332188199,-0.664034664584067
"2009-08-05",2009-08-05,0.00261479004109804,2334800,-0.319750541926542,61.349998,0.0251018264091875,0,61.349998,0,1.11303112966566,-0.640532223757894
"2009-08-06",2009-08-06,-0.00863892448700649,3040600,-0.325627165627165,60.82,0.0166063630384742,59.810001,61.349998,7416,-1.01837877635865,-0.718663514103727
"2009-08-07",2009-08-07,0.0144689411377836,1702600,-0.315869704781704,61.700001,0.0142625767542532,60.82,61.700001,7416,-0.970034868477058,-0.67836039342274
"2009-08-10",2009-08-10,-0.00502434351662324,1271400,-0.31930701039501,61.389999,0.00928488368276403,60.82,61.700001,7418,-1.01088203636269,-0.724107034271635
"2009-08-11",2009-08-11,-0.00928488368276407,2008100,-0.325627165627165,60.82,0,60.82,61.389999,7419,-1.01979334942987,-0.80894104761067
"2009-08-12",2009-08-12,0.00378163433081222,1690800,-0.323076934164934,61.049999,0.00376738744909721,60.82,61.049999,7419,-0.992168247212054,-0.774596438160053
"2009-08-13",2009-08-13,-0.000818984452399413,1640300,-0.323631323631323,61,0.00295081967213118,60.82,61.049999,7421,-1.00171596733708,-0.782049402917409
"2009-08-14",2009-08-14,0.00278685245901639,1365500,-0.321746383922384,61.169998,0.00277910749645605,61,61.169998,7421,-0.99417565738758,-0.772735746719421
"2009-08-17",2009-08-17,-0.0207617466327202,1785500,-0.335828113652113,59.900002,0,0,61.169998,7423,-1.04376655164873,-0.864396683802124
"2009-08-18",2009-08-18,0.00801333863060638,1148400,-0.330505879417879,60.380001,0.00794963550928063,59.900002,60.380001,7423,-0.984151909807803,-0.792246528907038
"2009-08-19",2009-08-19,-0.00761846625342057,1281000,-0.335606397782397,59.919998,0.000333711626625877,59.900002,60.380001,7425,-1.01543245879166,-0.861377201192025
"2009-08-20",2009-08-20,0.0198598638137471,1498400,-0.322411631323631,61.110001,0.019473130101896,59.919998,61.110001,7425,58.3531664712638,-0.685598166550952
"2009-08-21",2009-08-21,-0.0124366386444667,2402600,-0.330838553014553,60.349998,0.00712510379867781,59.919998,61.110001,7427,-1.02613715161679,-0.79853746935318
"2009-08-24",2009-08-24,-0.0173984927058324,1747400,-0.342480953568953,59.299999,0,59.299999,60.349998,7428,-1.03519057996209,-0.900563662514884
"2009-08-25",2009-08-25,0.0136593931477132,1662800,-0.333499642411642,60.110001,0.0134753283401209,59.299999,60.110001,7428,-0.973775735369462,-0.778482143522086
"2009-08-26",2009-08-26,-0.00415904168758873,2111000,-0.336271645183645,59.860001,0.00935519529977957,59.299999,60.110001,7430,-1.00831186130203,-0.815950011729697
"2009-08-27",2009-08-27,-0.00116939523606089,1328400,-0.337047805959806,59.790001,0.00819538370638251,59.299999,60.110001,0,-1.00230813625614,-0.826474580538433
"2009-08-28",2009-08-28,-0.0209065057550342,1438700,-0.350907819819819,58.540001,0,58.540001,59.860001,7432,-1.04112180413264,-0.946374819271999
"2009-08-31",2009-08-31,-0.00136662109042317,1847100,-0.351794882882883,58.459999,0,58.459999,58.540001,7433,-1.00252790907743,-0.951197179545161
"2009-09-01",2009-09-01,-0.0362640957280892,2751300,-0.375301455301455,56.34,0,56.34,58.459999,7434,-1.06681897197009,-1.07898647177215
"2009-09-02",2009-09-02,0.00834222577209791,2060200,-0.370090079002079,56.810001,0.0082732087964581,56.34,56.810001,7434,-0.986114159095945,-1.00567992776875
"2009-09-03",2009-09-03,0.0102094347789222,1691100,-0.363659054747054,57.389999,0.0182958532548502,0,57.389999,0,2.21145793669355,-0.916232489750791
"2009-09-04",2009-09-04,0.0172504272042242,1604500,-0.352681901593901,58.380001,0.034943490322996,0,58.380001,0,1.90991312819656,-0.766055240280352
"2009-09-08",2009-09-08,0.0061665123986551,1318600,-0.348690206514206,58.740002,0.0408580510433076,0,58.740002,0,1.16926073113021,-0.71220164585745
"2009-09-09",2009-09-09,0.00136189985148457,1348400,-0.347803187803187,58.82,0.042162529751785,0,58.82,0,1.03192709087114,-0.700287960647716
"2009-09-10",2009-09-10,0.000340020401224127,1685500,-0.347581427581427,58.84,0.0424881033310673,0,58.84,0,1.00772187013443,-0.697312477969865
"2009-09-11",2009-09-11,-0.00441872875594839,1651100,-0.350464288288288,58.580002,0.0382383394251163,56.34,58.84,7441,-1.00829405853736,-0.736087720687594
"2009-09-14",2009-09-14,0.0124615734905574,1007100,-0.342370051282051,59.310001,0.0123081940261643,58.580002,59.310001,7441,-0.976904245948224,-0.833049458415449
"2009-09-15",2009-09-15,-0.00151745065726767,1810200,-0.343367972279972,59.220001,0.0108071426746514,58.580002,59.310001,7443,-1.00291474383984,-0.84663467629165
"2009-09-16",2009-09-16,0.0131712088285847,2996100,-0.334719334719334,60,0.0129999833333333,59.220001,60,7443,1.20290660766654,-0.787696911837035
"2009-09-17",2009-09-17,-0.0201666500000001,2943800,-0.348135817047817,58.790001,0,0,60,7445,-1.0400827826087,-0.931305320155845
"2009-09-18",2009-09-18,-0.00102059872392245,2949600,-0.348801108801108,58.73,0,58.73,58.790001,7446,-1.00191101208412,-0.934922060221718
"2009-09-21",2009-09-21,-0.00698109994891872,1523500,-0.353347193347193,58.32,0,58.32,58.73,7447,-1.01303345783994,-0.959636038772211
"2009-09-22",2009-09-22,0.00908775720164607,1357400,-0.347470569646569,58.849998,0.00900591364506076,58.32,58.849998,7447,-0.983368698517298,-0.878729776468986
"2009-09-23",2009-09-23,-0.00322851327879404,1806200,-0.349577269577269,58.66,0.0057961131946811,58.32,58.849998,7449,-1.00606295932586,-0.907631983423068
"2009-09-24",2009-09-24,-0.0085236958745312,1772900,-0.355121275121275,58.16,0,58.16,58.66,7450,-1.01585917056538,-0.969280518206549
"2009-09-25",2009-09-25,-0.00945665405777166,1620400,-0.36121967013167,57.610001,0,57.610001,58.16,7451,-1.01717271095153,-1.00243335598409
"2009-09-28",2009-09-28,0.0185731467006918,1331700,-0.349355509355509,58.68,0.0182344751192911,57.610001,58.68,7451,-0.96715527487239,-0.8388074853302
"2009-09-29",2009-09-29,-0.00391954669393319,1524100,-0.351905740817741,58.450001,0.0143712572391573,57.610001,58.68,7453,-1.00729981750377,-0.873673059842755
"2009-09-30",2009-09-30,-0.00496152258406298,1878300,-0.355121275121275,58.16,0.00945665405777163,57.610001,58.68,0,-1.00913748748759,-0.917871103539044
"2009-10-01",2009-10-01,-0.0183975240715267,2047800,-0.366985446985447,57.09,0,57.09,58.450001,7455,-1.03340878932168,-1.03377797442369
"2009-10-02",2009-10-02,-0.0106848835172536,1660300,-0.373749133749134,56.48,0,56.48,57.09,7456,-1.01843039504494,-1.07054755226711
"2009-10-05",2009-10-05,0.0184135977337112,1563400,-0.362217602217602,57.52,0.0180806675938805,56.48,57.52,7456,-0.969146332418601,-0.909566108433495
"2009-10-06",2009-10-06,0.00573710013908199,1299400,-0.35855858073458,57.849998,0.023681902288052,0,57.849998,0,1.30979136500841,-0.859224375846862
"2009-10-07",2009-10-07,0.00605018171305729,1480500,-0.354677743589743,58.200001,0.0295532812791534,0,58.200001,0,1.24792683120155,-0.806208190608746
"2009-10-08",2009-10-08,0.0225085391321557,1962500,-0.340152482328482,59.509998,0.050915780571863,0,59.509998,0,1.7228469519484,-0.611110775335211
"2009-10-09",2009-10-09,0.0157957155367405,1680600,-0.329729718641718,60.450001,0.0656741262915778,0,60.450001,0,1.28985798811205,-0.474218161165659
"2009-10-12",2009-10-12,-0.00297768398713504,1152700,-0.331725571725571,60.27,0.0628836900613905,56.48,60.450001,7462,-1.00605299726113,-0.500237970134131
"2009-10-13",2009-10-13,-0.0187489795918367,2196600,-0.344255035343035,59.139999,0.0449780021132569,56.48,60.450001,0,-1.03777056906493,-0.665693248263747
"2009-10-14",2009-10-14,0.000507253982199028,3011700,-0.343922406098406,59.169998,0.0454621952158931,56.48,60.450001,0,1.01076510916196,-0.661252739125555
"2009-10-15",2009-10-15,0.0123374011268346,2507400,-0.335828113652113,59.900002,0.0570951900802942,56.48,60.450001,0,1.25588282328114,-0.554008856942194
"2009-10-16",2009-10-16,-0.0275459423190003,2135600,-0.354123354123354,58.25,0.0303862660944206,56.48,60.450001,0,-1.0544779895652,-0.79866597754808
"2009-10-19",2009-10-19,0.000515004291845434,1475500,-0.353790724878725,58.279999,0.030885364291101,56.48,60.450001,0,1.01642512426928,-0.794144439522113
"2009-10-20",2009-10-20,-0.0142415582402463,2662100,-0.362993751905751,57.450001,0.0168842642839989,56.48,60.450001,0,-1.02601262944409,-0.920289541310483
"2009-10-21",2009-10-21,-0.0572672052695004,8555500,-0.399473319473319,54.16,0,54.16,60.27,7469,-1.1004964062771,-1.21039250406501
"2009-10-22",2009-10-22,-0.00480055391432784,5461700,-0.40235618018018,53.900002,0,53.900002,54.16,7470,-1.0072166539449,-1.22606466258982
"2009-10-23",2009-10-23,-0.014100240664184,2195700,-0.410783101871102,53.139999,0,53.139999,53.900002,7471,-1.02094393501586,-1.27187612073692
"2009-10-26",2009-10-26,-0.0225818596646944,3117100,-0.424088715176715,51.939999,0,51.939999,53.139999,7472,-1.03239084871069,-1.34420971649446
"2009-10-27",2009-10-27,-0.00616095506663372,2704500,-0.427636878724878,51.619999,0,51.619999,51.939999,7473,-1.00836655968713,-1.36349867536314
"2009-10-28",2009-10-28,-0.0317706127812983,2364900,-0.445821205821206,49.98,0,49.98,51.619999,7474,-1.04252282251837,-1.46235452928711
"2009-10-29",2009-10-29,0.0266106642657063,2664800,-0.43107413998614,51.310001,0.0259208921083436,49.98,51.310001,7474,-0.96692156935895,-1.24127042270766
"2009-10-30",2009-10-30,-0.0206587600729144,3931700,-0.442827442827443,50.25,0.00537313432835829,49.98,51.310001,7476,-1.02726515406765,-1.41686938292502
"2009-11-02",2009-11-02,0.00835816915422885,3325000,-0.4381705003465,50.669998,0.0136174862292279,49.98,51.310001,0,2.53436549266182,-1.34673379494958
"2009-11-03",2009-11-03,-0.0203275910924645,2668300,-0.44959114067914,49.639999,0,49.639999,50.669998,7478,-1.02606437522291,-1.48284910836308
"2009-11-04",2009-11-04,0.00302179699882737,3221100,-0.447927916839917,49.790001,0.00301269325140185,49.639999,49.790001,7478,-0.996300585824019,-1.45742931831955
"2009-11-05",2009-11-05,0.0126530826942543,2378700,-0.440942503118503,50.419998,0.0154700323470857,0,50.419998,0,5.13495104086259,-1.35173225720832
"2009-11-06",2009-11-06,-0.0136850064928603,2638400,-0.448593208593208,49.73,0.00180979288156025,49.639999,50.419998,7481,-1.0173508006613,-1.46758541189662
"2009-11-09",2009-11-09,0.0251357329579731,2163400,-0.434733194733194,50.98,0.0245194193801491,49.73,50.98,7481,13.5481908620453,-1.26878107857199
"2009-11-10",2009-11-10,-0.000588446449588006,1962000,-0.435065823977824,50.950001,0.0239450633180558,49.73,50.98,7483,-1.00076513422177,-1.27371174257279
"2009-11-11",2009-11-11,0.0135426493907233,1999100,-0.427415118503118,51.639999,0.0133616966181583,50.950001,51.639999,7483,-0.982414832301111,-1.28965463274135
"2009-11-12",2009-11-12,-0.0476374718752416,3810900,-0.454691614691614,49.18,0,0,51.639999,7485,-1.06381734058454,-1.5105769264588
"2009-11-13",2009-11-13,-0.0231801342008947,4201600,-0.467331936243936,48.040001,0,48.040001,49.18,7486,-1.02779976833506,-1.57929378215047
"2009-11-16",2009-11-16,-0.00270609902776647,3891200,-0.468773388773388,47.91,0,47.91,48.040001,7487,-1.00308442975466,-1.58712998196887
"2009-11-17",2009-11-17,0.0141932790649135,3007800,-0.461233541233541,48.59,0.0139946491047542,47.91,48.59,7487,-0.983915794453314,-1.4700615282753
"2009-11-18",2009-11-18,0.00185223296974679,2581800,-0.46023562023562,48.68,0.0158175842235004,0,48.68,0,1.13025943738217,-1.45472644665624
"2009-11-19",2009-11-19,-0.0207477814297453,2268500,-0.471434533610533,47.669998,0,0,48.68,7490,-1.02433300006023,-1.60159682167637
"2009-11-20",2009-11-20,-0.00902026469562685,2901800,-0.476202334026334,47.240002,0,47.240002,47.669998,7491,-1.01011338812896,-1.62751611904417
"2009-11-23",2009-11-23,0.0194749780069865,1928200,-0.466001386001386,48.16,0.0191029485049834,47.240002,48.16,7491,-0.978578542573074,-1.46821070733326
"2009-11-24",2009-11-24,-0.00186877076411952,1937800,-0.466999306999307,48.07,0.0172664447680466,47.240002,48.16,7493,-1.0021414549997,-1.48361955232727
"2009-11-25",2009-11-25,0.00291239858539636,1926800,-0.465446996534996,48.209999,0.00290394115129522,48.07,48.209999,7493,-0.996675989790467,-1.55325988470291
"2009-11-27",2009-11-27,-0.0107861441772692,1512500,-0.471212762300762,47.689999,0,0,48.209999,7495,-1.01238758829402,-1.60039120146908
"2009-11-30",2009-11-30,0.0377438254926362,2982500,-0.451254309078309,49.490002,0.0363710431856519,47.689999,49.490002,7495,-0.957644497731761,-1.2941659318161
"2009-12-01",2009-12-01,-0.00222269136299483,2554500,-0.452474001386001,49.380001,0.0342244221501737,47.689999,49.490002,7497,-1.00270289343094,-1.31246629444992
"2009-12-02",2009-12-02,0.012960692325624,1854100,-0.445377685377685,50.02,0.012794862055178,49.380001,50.02,7497,-0.984316632587554,-1.39038642183125
"2009-12-03",2009-12-03,-0.0251899640143942,4106800,-0.459348601524601,48.759998,0,0,50.02,7499,-1.03136869359557,-1.53589380552993
"2009-12-04",2009-12-04,-0.00143558250351041,3130300,-0.460124751212751,48.689999,0,48.689999,48.759998,7500,-1.00168967465139,-1.54011320500446
"2009-12-07",2009-12-07,-0.0127336005901335,2264400,-0.466999306999307,48.07,0,48.07,48.689999,7501,-1.01494063461797,-1.57748550253453
"2009-12-08",2009-12-08,-0.0160183274391512,2732500,-0.475537086625086,47.299999,0,47.299999,48.07,7502,-1.01828221048258,-1.62389962009028
"2009-12-09",2009-12-09,0.0040169768291115,1957300,-0.473430331254331,47.490002,0.00400090528528507,47.299999,47.490002,7502,-0.995569734874504,-1.59069641128127
"2009-12-10",2009-12-10,0.00357965872479853,2661700,-0.471545391545391,47.66,0.00755352496852701,0,47.66,0,1.88795395789751,-1.5611360885853
"2009-12-11",2009-12-11,0.00965167855644153,2499200,-0.466444917532917,48.119999,0.0170407318587018,0,48.119999,0,2.2559972899679,-1.48183276079303
"2009-12-14",2009-12-14,0.00852036592935084,3074600,-0.461898832986833,48.529999,0.0253451478538047,0,48.529999,0,1.48732742607309,-1.411973304481
"2009-12-15",2009-12-15,-0.0028848135768557,2098500,-0.463451154539154,48.389999,0.0225253156132531,47.299999,48.529999,7507,-1.00336073928198,-1.43574173948505
"2009-12-16",2009-12-16,0.0119859890883651,2593800,-0.457020085932086,48.970001,0.0118440267134159,48.389999,48.970001,7507,-0.986123524466212,-1.45884730474358
"2009-12-17",2009-12-17,-0.00224627318263699,2686900,-0.458239767151767,48.860001,0.00961936124397533,48.389999,48.970001,7509,-1.00266876939816,-1.4775718817576
"2009-12-18",2009-12-18,0.0247646126736674,3895000,-0.444823284823284,50.07,0.024166147393649,48.860001,50.07,7509,2.51224034327481,-1.3255545555585
"2009-12-21",2009-12-21,0.0111843618933493,1607500,-0.438613987525987,50.630001,0.034959509481345,0,50.630001,0,1.44663147633257,-1.23312262758128
"2009-12-22",2009-12-22,0.012838198442856,2112000,-0.431406802494802,51.279999,0.0471918495942248,0,51.279999,0,1.34990022155223,-1.12744311313935
"2009-12-23",2009-12-23,0.011895476051004,1547400,-0.424643115731115,51.889999,0.0583927164847315,0,51.889999,0,1.23734748662781,-1.02978201837126
"2009-12-24",2009-12-24,0.00597421480004263,585200,-0.42120581011781,52.200001,0.063984673103742,0,52.200001,0,1.09576462537879,-0.980696043204248
"2009-12-28",2009-12-28,0.00268197312869789,1173300,-0.419653499653499,52.34,0.0664883263278564,0,52.34,0,1.03912895233606,-0.958646519359901
"2009-12-29",2009-12-29,-0.00133740924722966,1138900,-0.42042966042966,52.27,0.065238167208724,48.860001,52.34,7516,-1.00184952770989,-0.969662246392924
"2009-12-30",2009-12-30,0.00650470633250419,934800,-0.416659725571725,52.610001,0.00646266857132338,52.27,52.610001,7516,-0.991033137733237,-1.26869019222695
"2009-12-31",2009-12-31,-0.003991617487329,1267200,-0.418988196812196,52.400002,0.00248095410378035,52.27,52.610001,7518,-1.00558842407261,-1.3029943923923
"2010-01-04",2010-01-04,0.00248085868393661,1967200,-0.417546788634788,52.529999,0.00494953369407058,52.27,52.610001,0,1.9950121957229,-1.28173844062897
"2010-01-05",2010-01-05,-0.00133257188906463,2126100,-0.418322949410949,52.459999,0.0036217880980135,52.27,52.610001,0,-1.00185885940759,-1.29317595271836
"2010-01-06",2010-01-06,-0.0144871905163399,2241300,-0.426749815661815,51.700001,0,51.700001,52.529999,7521,-1.02014440341543,-1.35867631508997
"2010-01-07",2010-01-07,0.00947771741822597,2001100,-0.421316712404712,52.189999,0.00938873365374082,51.700001,52.189999,7521,-0.987268645333385,-1.27810003988431
"2010-01-08",2010-01-08,0.00440695543987267,1367800,-0.418766480942481,52.419998,0.0137351588605554,0,52.419998,0,1.46294051648625,-1.24060759484483
"2010-01-11",2010-01-11,-0.0263257736102928,2925300,-0.434067902979903,51.040001,0,0,52.419998,7524,-1.03653927124966,-1.39845979275662
"2010-01-12",2010-01-12,-0.00176332284946461,2018900,-0.435065823977824,50.950001,0,50.950001,51.040001,7525,-1.00229899744042,-1.40388481243844
"2010-01-13",2010-01-13,0.0117762117413894,1517300,-0.428413039501039,51.549999,0.0116391466855315,50.950001,51.549999,7525,-0.984708556475529,-1.3044439881841
"2010-01-14",2010-01-14,-0.00484966061784017,2012600,-0.431185042273042,51.299999,0.00682257323240887,50.950001,51.549999,7527,-1.00647039776201,-1.3456979305944
"2010-01-15",2010-01-15,0.00487329444197455,2052000,-0.428413039501039,51.549999,0.0048496606178402,51.299999,51.549999,7527,-0.99357119913671,-1.34135381934646
"2010-01-19",2010-01-19,0.0170708247734399,1897200,-0.418655578655578,52.43,0.0215525653251954,0,52.43,0,4.44413888384501,-1.19750675709291
"2010-01-20",2010-01-20,0.0574098607667366,4863200,-0.385280676368676,55.439999,0.0746753260222822,0,55.439999,0,3.46479989252068,-0.727277625631816
"2010-01-21",2010-01-21,-0.0348124284778576,3039700,-0.406680548856549,53.509998,0.0413006743151065,51.299999,55.439999,7531,-1.05554359146576,-1.02504956593499
"2010-01-22",2010-01-22,-0.0269108214132245,3157500,-0.422647262647262,52.07,0.0147878048780488,51.299999,55.439999,0,-1.03926107072395,-1.2559822505524
"2010-01-25",2010-01-25,-0.00153635490685622,1214200,-0.423534281358281,51.990002,0.0132718402280499,51.299999,55.439999,0,-1.00209872105988,-1.26904564139772
"2010-01-26",2010-01-26,-0.020388573941582,1298700,-0.435287595287595,50.93,0,50.93,53.509998,7534,-1.0277505610446,-1.40509043264572
"2010-01-27",2010-01-27,0.0306303161201649,1890200,-0.417990275814276,52.490002,0.0297199836265961,50.93,52.490002,7534,-0.960262319302044,-1.14948924253717
"2010-01-28",2010-01-28,-0.0171461605202452,1615900,-0.427969507969508,51.59,0.0127931769722816,50.93,52.490002,7536,-1.02387431653952,-1.29575912803469
"2010-01-29",2010-01-29,-0.0207404535762745,1933600,-0.439833679833679,50.52,0,50.52,51.59,7537,-1.02772200272038,-1.42980441119622
"2010-02-01",2010-02-01,0.0326602929532858,1764800,-0.421538483714483,52.169998,0.0316273349291675,50.52,52.169998,7537,-0.958404285624252,-1.15840946703967
"2010-02-02",2010-02-02,-0.000958386082360971,1212000,-0.422092873180873,52.119999,0.0306983697371137,50.52,52.169998,7539,-1.00131515742407,-1.16647346031562
"2010-02-03",2010-02-03,-0.00978507309641359,1114900,-0.427747736659736,51.610001,0.0211199569633799,50.52,52.169998,0,-1.01339720198602,-1.24928645218676
"2010-02-04",2010-02-04,-0.0333269127431327,2133600,-0.446819137907138,49.889999,0,49.889999,52.119999,7541,-1.04458562749234,-1.46777960924692
"2010-02-05",2010-02-05,0.0130287034080717,2548500,-0.439611908523908,50.540001,0.012861139436859,49.889999,50.540001,7541,-0.983869917888953,-1.35868149821636
"2010-02-08",2010-02-08,-0.0108824493295914,1780900,-0.445710303534303,49.990002,0.00200046001198384,49.889999,50.540001,7543,-1.01387222432366,-1.45087648438099
"2010-02-09",2010-02-09,0.00180035999998567,1869100,-0.444712382536382,50.080002,0.00379398946509624,49.889999,50.540001,0,1.89655851272616,-1.43570126142324
"2010-02-10",2010-02-10,0.00958464418591675,1773200,-0.439390148302148,50.560001,0.0112737141757573,49.990002,50.560001,7543,2.97146691615058,-1.36610569284964
"2010-02-11",2010-02-11,-0.00435128551520393,1227600,-0.441829521829522,50.34,0.00695268176400488,49.990002,50.560001,7546,-1.00555172558329,-1.40285743507495
"2010-02-12",2010-02-12,-0.00655546285260231,1789100,-0.445488587664587,50.009998,0.000399840047984101,49.990002,50.560001,0,-1.00828162369032,-1.45837265077734
"2010-02-16",2010-02-16,0.019596161551536,1325700,-0.434622292446292,50.990002,0.019219532487957,50.009998,50.990002,7546,48.0680526747067,-1.29699006873352
"2010-02-17",2010-02-17,0.0166698954042011,2045800,-0.425197505197505,51.84,0.0353009645061728,0,51.84,0,1.83672337130429,-1.1583300527398
"2010-02-18",2010-02-18,0.0121527970679012,1499200,-0.418212047124047,52.470001,0.0468839899583764,0,52.470001,0,1.32812206732137,-1.05738580084206
"2010-02-19",2010-02-19,0.040594567551085,4349500,-0.394594616770617,54.599998,0.0840659371452723,0,54.599998,0,1.79306277515856,-0.726860818919081
"2010-02-22",2010-02-22,0.000915824209370873,2457900,-0.394040171864172,54.650002,0.0849040042121133,0,54.650002,0,1.00996916343647,-0.719290675713378
"2010-02-23",2010-02-23,-0.0217749854794149,1483600,-0.407234938322938,53.459999,0.0645342511136223,50.009998,54.650002,7553,-1.0334858407871,-0.901758205295531
"2010-02-24",2010-02-24,0.00187059487225199,1580100,-0.406126115038115,53.560001,0.0662808613465111,50.009998,54.650002,0,1.02706485630109,-0.886235149797174
"2010-02-25",2010-02-25,-0.00840179222550804,1831800,-0.41111572002772,53.110001,0.0583694773419415,50.009998,54.650002,0,-1.01228585113059,-0.956369077587141
"2010-02-26",2010-02-26,0.00338919217870095,1241700,-0.409119878031878,53.290001,0.0615500645233614,50.009998,54.650002,0,1.05449058868195,-0.928228342772787
"2010-03-01",2010-03-01,0.00281474943113631,1096500,-0.407456698544698,53.439999,0.0641841516501525,50.009998,54.650002,0,1.04279584671745,-0.904867018572406
"2010-03-02",2010-03-02,-0.000561358543438664,1273400,-0.407789327789328,53.41,0.0636585283654745,50.009998,54.650002,0,-1.00081635483186,-0.909532755512666
"2010-03-03",2010-03-03,0.000936135555139614,923100,-0.407234938322938,53.459999,0.0645342511136223,50.009998,54.650002,0,1.01375656601925,-0.901758205295531
"2010-03-04",2010-03-04,0.00561165367773388,928700,-0.403908546084546,53.759998,0.0697544668807465,50.009998,54.650002,0,1.08089062284047,-0.855296093826503
"2010-03-05",2010-03-05,0.0210193646212561,1412200,-0.391379082467082,54.889999,0.0324284575046176,53.110001,54.889999,7553,-0.968979454039972,-0.990098096251595
"2010-03-08",2010-03-08,0.000182237204996078,1489200,-0.391268169092169,54.900002,0.0326047529105737,0,54.900002,0,1.00543644130872,-0.988536736893237
"2010-03-09",2010-03-09,-0.0018215482032223,1225500,-0.392377003465003,54.799999,0.0308393801248062,53.110001,54.900002,7563,-1.00283394985952,-1.00416185194494
"2010-03-10",2010-03-10,-0.0140510951469179,2509600,-0.400914772002772,54.029999,0.0170275405705634,53.110001,54.900002,0,-1.02175909511101,-1.12566151377451
"2010-03-11",2010-03-11,0.000370164730153023,1776900,-0.400693011781011,54.049999,0.0173912676668135,53.110001,54.900002,0,1.02136110583574,-1.12247861630038
"2010-03-12",2010-03-12,-0.00148007403293377,1788700,-0.40158003049203,53.970001,0.0159347782854405,53.110001,54.900002,0,-1.00221371145725,-1.13521868044595
"2010-03-15",2010-03-15,0.00537329988191032,1936300,-0.39836454054054,54.259998,0.0211941953997125,53.110001,54.900002,0,1.33005900804264,-1.08914635835923
"2010-03-16",2010-03-16,0.0101364360536835,1513400,-0.392266101178101,54.810001,0.0310162373469032,53.110001,54.900002,0,1.46343075365456,-1.00259749865124
"2010-03-17",2010-03-17,0.0180623605535056,1584400,-0.381288992376992,55.799999,0.0327956636701732,53.970001,55.799999,7563,1.05737079915168,-0.933248868583632
"2010-03-18",2010-03-18,-0.00322580650942305,1250600,-0.383284834372834,55.619999,0.0296655524930879,53.970001,55.799999,7570,-1.00523446004407,-0.961115199594933
"2010-03-19",2010-03-19,-0.00305641860942859,1922600,-0.385169774081774,55.450001,0.0266907118721241,53.970001,55.799999,0,-1.00491785622571,-0.9875345293755
"2010-03-22",2010-03-22,0.00324616766012321,1146300,-0.383173932085932,55.630001,0.0298400138443283,53.970001,55.799999,0,1.11799243074867,-0.959563871026215
"2010-03-23",2010-03-23,0.00287614591270629,944100,-0.38139985031185,55.790001,0.0326223331668338,53.970001,55.799999,0,1.09324122089958,-0.934793808387261
"2010-03-24",2010-03-24,-0.0112923640205706,954300,-0.388385308385308,55.16,0.0215735859318346,53.970001,55.799999,0,-1.01831531414537,-1.03283355196226
"2010-03-25",2010-03-25,0.0148658448150834,1799700,-0.379293139293139,55.98,0.0146480886030725,55.16,55.98,7570,-0.976589822282492,-1.02105482700808
"2010-03-26",2010-03-26,-0.0112540550196498,1609900,-0.386278608454608,55.349998,0.00343266498401684,55.16,55.98,7576,-1.01841707227947,-1.12000073732229
"2010-03-29",2010-03-29,-0.00289067761122591,1641100,-0.388052679140679,55.189999,0.00054355862554023,55.16,55.98,0,-1.00459272309478,-1.14535126837551
"2010-03-30",2010-03-30,-0.00978432704809434,1396700,-0.394040171864172,54.650002,0,54.650002,55.349998,7578,-1.01542958738682,-1.18085616524136
"2010-03-31",2010-03-31,0.0111618660142044,1870800,-0.387276529452529,55.259998,0.0110386540368678,54.650002,55.259998,7578,-0.982835145006551,-1.08407715285873
"2010-04-01",2010-04-01,0.0249728745918521,1937300,-0.371975063063063,56.639999,0.0351341284451647,0,56.639999,0,3.18282721134488,-0.869902704504149
"2010-04-05",2010-04-05,0.00935732714260811,1515300,-0.366098428274428,57.169998,0.044078994020605,0,57.169998,0,1.25459193016274,-0.78932825887503
"2010-04-06",2010-04-06,0.00489772625145099,1759000,-0.362993751905752,57.450001,0.048738014817441,0,57.450001,0,1.10569707635928,-0.74712230267779
"2010-04-07",2010-04-07,-0.00939949504961721,1563000,-0.368981288981289,56.91,0.0397117905464768,54.650002,57.450001,7583,-1.01649487641069,-0.828741940878146
"2010-04-08",2010-04-08,0.0159901599015991,2064700,-0.358891198891199,57.82,0.0157384987893463,56.91,57.82,7583,-0.972654195777928,-0.904215492839892
"2010-04-09",2010-04-09,0.0032860255966794,2082100,-0.356784498960499,58.009998,0.0189622140652376,0,58.009998,0,1.20482990906817,-0.875237640416452
"2010-04-12",2010-04-12,0.0131012243785976,1707000,-0.348357588357588,58.77,0.0316488004083717,0,58.77,0,1.66904562407571,-0.760457876564533
"2010-04-13",2010-04-13,0.00425387102263059,2128900,-0.345585585585585,59.02,0.0357505930193156,0,59.02,0,1.12960341491676,-0.723089712833189
"2010-04-14",2010-04-14,-0.00101662148424263,3052500,-0.346250877338877,58.959999,0.0347693187715286,56.91,59.02,7588,-1.00192511430176,-0.732040975490124
"2010-04-15",2010-04-15,-0.00525775110681401,2093200,-0.349688127512128,58.650002,0.0296675522705012,56.91,59.02,0,-1.00992705115917,-0.778461818039599
"2010-04-16",2010-04-16,-0.0214834263773767,3128400,-0.363659054747055,57.389999,0.00836380917169921,56.91,59.02,0,-1.03995253523282,-0.970226277579695
"2010-04-19",2010-04-19,0.017076145967523,1672900,-0.352792803880804,58.369999,0.0250128323627349,56.91,59.02,0,2.99060294768218,-0.820644393219803
"2010-04-20",2010-04-20,-0.0513962660852538,7549000,-0.386056837144837,55.369999,0,55.369999,58.959999,7592,-1.09428773177378,-1.13745618862083
"2010-04-21",2010-04-21,-0.0115585878916126,3544300,-0.393153153153153,54.73,0,54.73,55.369999,7593,-1.0183815317475,-1.17603404608018
"2010-04-22",2010-04-22,0.0164443815092272,3197400,-0.383173932085932,55.630001,0.0161783387348852,54.73,55.630001,7593,-0.974617471620954,-1.03383313333225
"2010-04-23",2010-04-23,0.012223620129002,2231800,-0.375634084546084,56.310001,0.0280589765928081,0,56.310001,0,1.73435462395807,-0.928257125078287
"2010-04-26",2010-04-26,-0.0177588347050464,1864300,-0.386722095634096,55.310001,0.0104863675558423,54.73,56.310001,7596,-1.02951811761547,-1.08406547924155
"2010-04-27",2010-04-27,-0.0175375335827601,2372700,-0.397477477477477,54.34,0,54.34,55.310001,7597,-1.0278116558759,-1.19954246470138
"2010-04-28",2010-04-28,0.000552061096797875,1508900,-0.397144848232848,54.369999,0.00055175649350292,54.34,54.369999,7597,-0.999163149452542,-1.19473465922813
"2010-04-29",2010-04-29,0.0235424503134532,2226200,-0.382952160776161,55.650002,0.0235400171234494,0,55.650002,0,42.6637790413696,-0.992607060371331
"2010-04-30",2010-04-30,-0.0120395683004648,2209100,-0.39038115038115,54.98,0.0116405965805746,54.34,55.650002,7600,-1.01939926279547,-1.09768251793643
"2010-05-03",2010-05-03,-0.00145503819570746,1619400,-0.391268169092169,54.900002,0.0102004003569981,54.34,55.650002,0,-1.00227218632394,-1.11033400723297
"2010-05-04",2010-05-04,-0.0178507097322146,1832600,-0.402134464310464,53.919998,0,53.919998,54.98,7602,-1.02777198882165,-1.22485934377252
"2010-05-05",2010-05-05,0.000185497039521405,1581800,-0.402023562023562,53.93,0.000185462636751343,53.919998,53.93,7602,-0.999724215910983,-1.22324820867548
"2010-05-06",2010-05-06,-0.04190621175598,2883200,-0.427082489258489,51.669998,0,0,53.93,7604,-1.06233198648555,-1.3604848358179
"2010-05-07",2010-05-07,0.00251598616280186,4539500,-0.425641036729037,51.799999,0.00250967186312112,51.669998,51.799999,7604,-0.996624884967878,-1.33900525212373
"2010-05-10",2010-05-10,0.0638996537432365,2564800,-0.388939697851698,55.110001,0.0624206666227424,0,55.110001,0,24.8720430507252,-0.813789516029839
"2010-05-11",2010-05-11,-0.0119760476868799,2038700,-0.396257785169785,54.450001,0.0510560688511282,51.669998,55.110001,7607,-1.01881548054495,-0.915354604380464
"2010-05-12",2010-05-12,0.0163452522250643,2054700,-0.386389466389466,55.34,0.0160823816407663,54.450001,55.34,7607,-0.975096214763098,-1.0518354662282
"2010-05-13",2010-05-13,-0.0191543368268885,1431900,-0.398142769230769,54.279999,0,0,55.34,7609,-1.03041827964703,-1.20315920476726
"2010-05-14",2010-05-14,-0.0202652730336269,2539000,-0.41033957033957,53.18,0,53.18,54.279999,7610,-1.03063423990436,-1.26946494060034
"2010-05-17",2010-05-17,0.0120345994734863,1575600,-0.403243243243243,53.82,0.0118914901523597,53.18,53.82,7610,-0.98270620820104,-1.16624105564006
"2010-05-18",2010-05-18,-0.0191378483835006,1841000,-0.414663883575883,52.790001,0,0,53.82,7612,-1.0283219632914,-1.29297329894354
"2010-05-19",2010-05-19,-0.00833496858619111,1582200,-0.419542641718642,52.349998,0,52.349998,52.790001,7613,-1.01176557287962,-1.31949579822196
"2010-05-20",2010-05-20,-0.0429799443354325,1729000,-0.444490666666666,50.099998,0,50.099998,52.349998,7614,-1.05946481350698,-1.45512129026735
"2010-05-21",2010-05-21,0.0355290034143315,2701000,-0.424753973665973,51.880001,0.0343100031937162,50.099998,51.880001,7614,-0.955597058654341,-1.16130605719518
"2010-05-24",2010-05-24,-0.0237085384790181,1764000,-0.438392216216216,50.650002,0.0108589136877033,50.099998,51.880001,7616,-1.0321085696563,-1.36293560182824
"2010-05-25",2010-05-25,0.00256657442975019,2604900,-0.436950808038808,50.779999,0.013391118814319,50.099998,51.880001,0,1.23319138538537,-1.34133376117435
"2010-05-26",2010-05-26,-0.0059078181549393,1593500,-0.4402772002772,50.48,0.00752777337559429,50.099998,51.880001,0,-1.00761273849869,-1.39129213250129
"2010-05-27",2010-05-27,0.0295166600633916,2115300,-0.423756052668052,51.970001,0.0286704054517914,50.48,51.970001,7616,3.8086169736118,-1.18653970569572
"2010-05-28",2010-05-28,-0.0223205691298717,2229900,-0.436618145530145,50.810001,0.0064948040445818,50.48,51.970001,7620,-1.03035258795977,-1.37701588708924
"2010-06-01",2010-06-01,-0.0194843727714156,1842900,-0.447595287595287,49.82,0,49.82,50.810001,7621,-1.02514128690601,-1.47199900872145
"2010-06-02",2010-06-02,0.0258932356483339,1302900,-0.433291742203742,51.110001,0.0252396981952709,49.82,51.110001,7621,-0.968043574657831,-1.25702921132444
"2010-06-03",2010-06-03,-0.00352183518838118,1247800,-0.435287595287595,50.93,0.0217946200667583,49.82,51.110001,7623,-1.00460625691526,-1.28660786432
"2010-06-04",2010-06-04,-0.0375024543491065,2221300,-0.456465696465696,49.02,0,49.02,50.93,7624,-1.04865312360695,-1.52022140589314
"2010-06-07",2010-06-07,-0.010607915136679,1458000,-0.462231462231462,48.5,0,48.5,49.02,7625,-1.01263132325257,-1.55156596405474
"2010-06-08",2010-06-08,0.011546412371134,1492300,-0.456022164934165,49.060001,0.0114146145247734,48.5,49.060001,7625,-0.986566692653673,-1.45575670790671
"2010-06-09",2010-06-09,-0.00631881356871558,1611300,-0.459459459459459,48.75,0.00512820512820511,48.5,49.060001,7627,-1.00753756021002,-1.5086178915737
"2010-06-10",2010-06-10,0.0153846153846154,1990900,-0.451143451143451,49.5,0.0151515151515151,48.75,49.5,7627,2.95454545454546,-1.40891945537569
"2010-06-11",2010-06-11,0.00868686868686868,1583400,-0.446375606375606,49.93,0.0236330863208492,0,49.93,0,1.55978369717605,-1.33689136659762
"2010-06-14",2010-06-14,-0.0118165431604245,1643700,-0.452917532917533,49.34,0.0119578435346576,48.75,49.93,7630,-1.01465565422592,-1.43592576146245
"2010-06-15",2010-06-15,0.0287798540737738,1312600,-0.437172579348579,50.759998,0.0279747449950648,49.34,50.759998,7630,2.33944731873981,-1.26325809636248
"2010-06-16",2010-06-16,0.0110323487404392,1526200,-0.430963270963271,51.32,0.0385814497272018,0,51.32,0,1.37915286570112,-1.17184083755956
"2010-06-17",2010-06-17,-0.00818390491036632,1842500,-0.435620213444213,50.900002,0.0306483681474118,49.34,51.32,7633,-1.01080589181193,-1.24028425990091
"2010-06-18",2010-06-18,-0.0117878777293565,2900600,-0.442273053361053,50.299999,0.0190854675762517,49.34,51.32,0,-1.01527211022702,-1.33931088713104
"2010-06-21",2010-06-21,-0.0180914516519175,2384800,-0.452363143451143,49.389999,0.00101233045175808,49.34,51.32,0,-1.02281416426665,-1.49241525336931
"2010-06-22",2010-06-22,-0.0157926304068159,1988300,-0.46101176992377,48.610001,0,48.610001,50.900002,7636,-1.01911876906382,-1.54493532416564
"2010-06-23",2010-06-23,-0.00329150373808872,2018400,-0.462785851697852,48.450001,0,48.450001,48.610001,7637,-1.00384823531593,-1.55457980359998
"2010-06-24",2010-06-24,-0.0208462740795403,2309600,-0.473984765072765,47.439999,0,47.439999,48.450001,7638,-1.02419891043304,-1.61546070058523
"2010-06-25",2010-06-25,0.0210792584544532,5659300,-0.462896753984754,48.439999,0.0206440962147831,47.439999,48.439999,7638,-0.976606819659469,-1.44295475369988
"2010-06-28",2010-06-28,-0.00289017347006965,1621200,-0.464449075537076,48.299999,0.0178053833914158,47.439999,48.439999,7640,-1.00335349414088,-1.466825829628
"2010-06-29",2010-06-29,-0.0182194827788713,3380700,-0.474206536382536,47.419998,0,47.419998,48.299999,7641,-1.02100867750502,-1.61666632079252
"2010-06-30",2010-06-30,-0.0151834042675413,2459300,-0.482189871101871,46.700001,0,46.700001,47.419998,7642,-1.01683514272122,-1.66006629741306
"2010-07-01",2010-07-01,-0.00278374726373132,3188300,-0.483631323631324,46.57,0,46.57,46.700001,7643,-1.00298938782384,-1.66790249723145
"2010-07-02",2010-07-02,-0.0163194975305991,3522300,-0.492058200970201,45.810001,0,45.810001,46.57,7644,-1.01742417607612,-1.71371371426657
"2010-07-06",2010-07-06,0.00327435050699963,2119200,-0.490395021483021,45.959999,0.00326366412671164,45.810001,45.959999,7644,-0.996619953729254,-1.68692980689287
"2010-07-07",2010-07-07,0.0691906020276458,4879800,-0.455135146223146,49.139999,0.067765528444557,0,49.139999,0,20.7636343120992,-1.14459288660679
"2010-07-08",2010-07-08,-0.0252339646974759,3434800,-0.468884246708247,47.900002,0.0436325869046936,45.810001,49.139999,7647,-1.03020883049616,-1.35053185772869
"2010-07-09",2010-07-09,0.0131523376554347,1696600,-0.461898832986833,48.529999,0.0560477654244336,45.810001,49.139999,0,1.28453913463482,-1.24506399507583
"2010-07-12",2010-07-12,0.0115392749132347,1980100,-0.455689535689536,49.09,0.0668160317783664,45.810001,49.139999,0,1.19212659545635,-1.1527684955833
"2010-07-13",2010-07-13,0.0213892646160114,2992100,-0.444047135135135,50.139999,0.0446748513098295,47.900002,50.139999,7647,-0.974451025001521,-1.20984324176852
"2010-07-14",2010-07-14,-0.00717989643358402,1552700,-0.448038819126819,49.779999,0.0377661116465671,47.900002,50.139999,7651,-1.00898932495189,-1.26910145258021
"2010-07-15",2010-07-15,-0.00100439937734831,1426500,-0.448593208593209,49.73,0.0367986728332997,47.900002,50.139999,0,-1.00123736926963,-1.27737460084212
"2010-07-16",2010-07-16,-0.0275487432133521,2215500,-0.463783772695773,48.360001,0.0095119725080236,47.900002,50.139999,0,-1.03386267070382,-1.5082946797169
"2010-07-19",2010-07-19,0.0041356492114217,1382800,-0.46156617047817,48.560001,0.0135914124054487,47.900002,50.139999,0,1.42887423128946,-1.47406193235272
"2010-07-20",2010-07-20,0.0156507204355288,2893600,-0.453139293139293,49.32,0.0287915247364152,47.900002,50.139999,0,2.11836149750506,-1.3456180131968
"2010-07-21",2010-07-21,-0.0437956204379563,3461000,-0.477089397089397,47.16,0,47.16,49.779999,7656,-1.05285373463021,-1.63233847931733
"2010-07-22",2010-07-22,-0.00402881679389298,3279200,-0.479196108108108,46.970001,0,46.970001,47.16,7657,-1.00441575736448,-1.64379123836761
"2010-07-23",2010-07-23,0.011496635905969,1375800,-0.473208615384615,47.509998,0.0113659655384536,46.970001,47.509998,7657,-0.987505130734197,-1.54945225480603
"2010-07-26",2010-07-26,0.0149442860426978,1561800,-0.465336094248094,48.220001,0.0259228530501274,0,48.220001,0,2.28074359036411,-1.42751877147274
"2010-07-27",2010-07-27,0.000829469082756751,1242000,-0.464892607068607,48.259998,0.0267301502996332,0,48.259998,0,1.03114229934277,-1.42071910480661
"2010-07-28",2010-07-28,-0.0128470581370517,1071600,-0.471767162855163,47.639999,0.0140637702364351,46.970001,48.259998,7661,-1.01478740612784,-1.52694992047926
"2010-07-29",2010-07-29,-0.00314855170337023,1148200,-0.473430331254331,47.490002,0.0109496942114257,46.970001,48.259998,0,-1.00352540093953,-1.55292055851574
"2010-07-30",2010-07-30,-0.0105285318791943,1220200,-0.478974336798337,46.990002,0.000425643735873726,46.970001,48.259998,0,-1.01171028803608,-1.64027168183734
"2010-08-02",2010-08-02,0.0325600752262153,1867100,-0.462009702009702,48.52,0.031533347073372,46.990002,48.52,7661,74.0838979073495,-1.3789349818095
"2010-08-03",2010-08-03,-0.00412201154163238,1562000,-0.464227304227304,48.32,0.0275247930463577,46.990002,48.52,7665,-1.00479990400192,-1.41278237077062
"2010-08-04",2010-08-04,0.00393207781456959,1653600,-0.462120604296604,48.509998,0.0313336644540783,46.990002,48.52,0,1.13837965652659,-1.38062342130772
"2010-08-05",2010-08-05,0.0123686461500162,2079100,-0.455467764379765,49.110001,0.0160863568298441,48.32,49.110001,7665,-0.985603671736373,-1.4273457135177
"2010-08-06",2010-08-06,-0.010995744023707,1987300,-0.461455301455302,48.57,0.0051472102120651,48.32,49.110001,7668,-1.0131459074468,-1.51936461318552
"2010-08-09",2010-08-09,0.00844142474778663,1416400,-0.456909216909217,48.98,0.013474887709269,48.32,49.110001,0,2.61790118415675,-1.44937869986237
"2010-08-10",2010-08-10,0.00326661902817489,1867700,-0.455135146223146,49.139999,0.0115994914855412,48.57,49.139999,7668,-0.996117235940059,-1.44992953809226
"2010-08-11",2010-08-11,-0.000814021180586587,4138700,-0.455578677754678,49.099998,0.0107942570588292,48.57,49.139999,7671,-1.00097450512274,-1.45671823170184
"2010-08-12",2010-08-12,0.0221996139388845,4589600,-0.443492734580735,50.189999,0.0217174939573122,49.099998,50.189999,7671,2.01194893163567,-1.33163292433242
"2010-08-13",2010-08-13,-0.0159394304829533,2314900,-0.452363143451143,49.389999,0.00587165429989189,49.099998,50.189999,7673,-1.02000124957807,-1.46599840517054
"2010-08-16",2010-08-16,0.00485932384813365,3730000,-0.449701998613999,49.630001,0.0106790850155333,49.099998,50.189999,0,1.81875234305431,-1.42539682503203
"2010-08-17",2010-08-17,0.0175296994251521,3104700,-0.44005544005544,50.5,0.0219802178217822,49.389999,50.5,7673,2.05824916552409,-1.31151843367697
"2010-08-18",2010-08-18,-0.0136633465346535,2276100,-0.447706156618157,49.810001,0.00843208174197785,49.389999,50.5,7676,-1.0173858015748,-1.42676221856293
"2010-08-19",2010-08-19,-0.0303152372954178,2453300,-0.464449075537076,48.299999,0,48.299999,49.810001,7677,-1.03739711565593,-1.56362162362566
"2010-08-20",2010-08-20,0.000207080749629002,2034000,-0.464338173250173,48.310001,0.000207037876070459,48.299999,48.310001,7677,-0.999761217552701,-1.56189319858464
"2010-08-23",2010-08-23,-0.0122127921297289,1498900,-0.4708800997921,47.720001,0,0,48.310001,7679,-1.01408871145815,-1.59858274101915
"2010-08-24",2010-08-24,-0.0163453894311528,1827600,-0.479528770616771,46.939999,0,46.939999,47.720001,7680,-1.01836703404644,-1.64559969881754
"2010-08-25",2010-08-25,-0.00937364740889748,1968800,-0.484407484407484,46.5,0,46.5,46.939999,7681,-1.01017397513905,-1.67212195698398
"2010-08-26",2010-08-26,-0.0137634193548388,1886900,-0.491503800415801,45.860001,0,45.860001,46.5,7682,-1.01464947639485,-1.71069981444334
"2010-08-27",2010-08-27,0.0259484948550263,1700700,-0.478309089397089,47.049999,0.0252922003250202,45.860001,47.049999,7682,-0.973154406929207,-1.50147257905395
"2010-08-30",2010-08-30,-0.0257173012904845,1477100,-0.491725571725572,45.84,0,0,47.049999,7684,-1.02804981679398,-1.71190543465062
"2010-08-31",2010-08-31,0.00632637434554966,1519300,-0.488510037422037,46.130001,0.00628660294197692,45.84,46.130001,7684,-0.993460713681718,-1.6602487587378
"2010-09-01",2010-09-01,0.027530912041385,1938500,-0.474428252252252,47.400002,0.032911433210488,0,47.400002,0,5.23516969566054,-1.43895449757592
"2010-09-02",2010-09-02,-0.00379748929124512,1633800,-0.476424105336105,47.220001,0.029224925259955,45.84,47.400002,7687,-1.00420685967663,-1.46984564077758
"2010-09-03",2010-09-03,0.0347310454313627,2763100,-0.458239767151767,48.860001,0.0335652878926465,47.220001,48.860001,7687,1.14851578213063,-1.3473941185489
"2010-09-07",2010-09-07,-0.0235366757360483,1353400,-0.470991002079002,47.709999,0.0102703418627194,47.220001,48.860001,7689,-1.02782655684052,-1.54335275811484
"2010-09-08",2010-09-08,0.00251525890830551,1184800,-0.469660407484408,47.830002,0.0127535223602959,47.220001,48.860001,0,1.24178167881542,-1.52261984941751
"2010-09-09",2010-09-09,0.00229974901527288,1113000,-0.46844075952876,47.939999,0.0150187320613001,47.220001,48.860001,0,1.17761443756559,-1.50367504174732
"2010-09-10",2010-09-10,-0.00500621620788936,1292400,-0.47110186001386,47.700001,0.0100628928707989,47.220001,48.860001,0,-1.00568076204081,-1.54508317700194
"2010-09-13",2010-09-13,0.0268343600244368,1698500,-0.456909216909217,48.98,0.0261330951408738,47.700001,48.98,7689,2.59697638406829,-1.38056461077514
"2010-09-14",2010-09-14,-0.00755408329930584,1242900,-0.46101176992377,48.610001,0.0187204275103799,47.700001,48.98,7694,-1.00897892373961,-1.44316505587046
"2010-09-15",2010-09-15,0.00144001231351554,1272000,-0.46023562023562,48.68,0.0201314502875924,47.700001,48.98,0,1.07537342704541,-1.4312748825032
"2010-09-16",2010-09-16,0.011709120788825,2112000,-0.453915453915454,49.25,0.0129949035532996,48.610001,49.25,7694,-0.98626754201048,-1.43571298915063
"2010-09-17",2010-09-17,-0.00426393908629449,1863400,-0.456243925155925,49.040001,0.00876835218661598,48.610001,49.25,7697,-1.00512974656489,-1.47134820148973
"2010-09-20",2010-09-20,0.00897224696222988,2353100,-0.451365211365211,49.48,0.00889246160064672,49.040001,49.48,7697,1.01415424601902,-1.44415124460945
"2010-09-21",2010-09-21,-0.0210186135812449,1542000,-0.462896753984754,48.439999,0,0,49.48,7699,-1.02554814223423,-1.55518270412062
"2010-09-22",2010-09-22,-0.0185796453051125,1866000,-0.472875941787942,47.540001,0,47.540001,48.439999,7700,-1.0215581287129,-1.60943278038278
"2010-09-23",2010-09-23,-0.0119899029871706,1733000,-0.479196108108108,46.970001,0,46.970001,47.540001,7701,-1.01336537929223,-1.64379123836761
"2010-09-24",2010-09-24,0.0355545659877674,1807200,-0.460679151767152,48.639999,0.0343338411664029,46.970001,48.639999,7701,-0.961358291464298,-1.3564772954058
"2010-09-27",2010-09-27,-0.013774630217406,1845100,-0.468108097020097,47.970001,0.0208463618752062,46.970001,48.639999,7703,-1.01612607217941,-1.47018571026186
"2010-09-28",2010-09-28,0.00270996450469109,1054300,-0.466666688842689,48.099998,0.0234926620994869,46.970001,48.639999,0,1.12694302440504,-1.44796361194057
"2010-09-29",2010-09-29,-0.00582116448320848,1395500,-0.46977130977131,47.82,0.0177749686323714,46.970001,48.639999,0,-1.00665275881662,-1.49592455207084
"2010-09-30",2010-09-30,0.00878297783354238,1191900,-0.465114322938323,48.240002,0.0263267194723581,46.970001,48.639999,0,1.48111200738844,-1.42411760342751
"2010-10-01",2010-10-01,0.00995022761400397,1400000,-0.459792088704089,48.720001,0.0184729265502274,47.82,48.720001,7703,-0.988557148271394,-1.43787997112608
"2010-10-04",2010-10-04,-0.0215517852719257,1346000,-0.471434533610534,47.669998,0,0,48.720001,7708,-1.02532110750156,-1.60159682167637
"2010-10-05",2010-10-05,0.019509126054505,1869200,-0.461122683298683,48.599998,0.0191358032566175,47.669998,48.599998,7708,-0.978126654759727,-1.44150990044208
"2010-10-06",2010-10-06,0.00596709901099181,908000,-0.457907148995149,48.889999,0.0249539992831663,0,48.889999,0,1.30404765081063,-1.39239963525775
"2010-10-07",2010-10-07,-0.0137041933668274,1331800,-0.465336094248094,48.220001,0.0114061175569035,47.669998,48.889999,7711,-1.01622369353535,-1.50643641718871
"2010-10-08",2010-10-08,0.00269591450236585,1156600,-0.463894686070686,48.349998,0.0140641164038932,47.669998,48.889999,0,1.23303274174839,-1.48415072138968
"2010-10-11",2010-10-11,0.0124095765215957,1326200,-0.457241846153846,48.950001,0.014913176406268,48.220001,48.950001,7711,1.06037066090692,-1.44336797927127
"2010-10-12",2010-10-12,0.00633293143344374,1445100,-0.453804595980596,49.259998,0.0211124044300611,0,49.259998,0,1.41568796981357,-1.39098098271417
"2010-10-13",2010-10-13,0.00446613903638392,1821400,-0.451365211365211,49.48,0.0254648140662893,0,49.48,0,1.20615414272905,-1.35405860352123
"2010-10-14",2010-10-14,-0.00363785367825378,1878000,-0.453361064449064,49.299999,0.0219066535883702,48.220001,49.48,7716,-1.00442181416201,-1.38425200855876
"2010-10-15",2010-10-15,-0.0113589657476464,2143300,-0.459570317394317,48.740002,0.0106688752290161,48.220001,49.48,0,-1.01369604368827,-1.47909968529262
"2010-10-18",2010-10-18,0.0289290098921211,1672200,-0.443936221760222,50.150002,0.0281156519196152,48.740002,50.150002,7716,2.63529672210893,-1.29926141770733
"2010-10-19",2010-10-19,-0.0171485735932773,2945000,-0.453471922383922,49.290001,0.0111584294753818,48.740002,50.150002,7719,-1.02147988867836,-1.44328547309027
"2010-10-20",2010-10-20,-0.00750665434151639,1993300,-0.45757451975052,48.919998,0.00367939508092385,48.740002,50.150002,0,-1.00904708133864,-1.50624695038372
"2010-10-21",2010-10-21,-0.030866681556283,3952000,-0.474317394317394,47.41,0,47.41,49.290001,7721,-1.03659048711017,-1.61726898020118
"2010-10-22",2010-10-22,0.00843705969204816,1713400,-0.469882178794179,47.810001,0.00836647127449341,47.41,47.810001,7721,-0.990649266553679,-1.54767489110725
"2010-10-25",2010-10-25,0.00439236552201711,2089000,-0.467553707553707,48.02,0.0127030403998335,0,48.02,0,1.51832713972985,-1.51144158682771
"2010-10-26",2010-10-26,0.0531028738025822,6643800,-0.439279279279279,50.57,0.0624876408938106,0,50.57,0,4.91910904216519,-1.08708758656693
"2010-10-27",2010-10-27,-0.00514136840023731,3786400,-0.442162151074151,50.310001,0.0576426345131658,47.41,50.57,7725,-1.0065627311163,-1.12909881920779
"2010-10-28",2010-10-28,-0.0057642813404038,2497400,-0.445377685377685,50.02,0.0521791283486607,47.41,50.57,0,-1.00727229659011,-1.17628087616067
"2010-10-29",2010-10-29,-0.00779686125549786,1809800,-0.449701998613998,49.630001,0.0447310287178919,47.41,50.57,0,-1.00970931723408,-1.24027950094102
"2010-11-01",2010-11-01,-0.00443282280006409,1575100,-0.452141372141372,49.41,0.0404776361060514,47.41,50.57,0,-1.00542442225049,-1.27666353144711
"2010-11-02",2010-11-02,0.0242866019024489,2069600,-0.438835747747748,50.610001,0.0237107483953616,49.41,50.610001,7725,-0.970571982097971,-1.29548007269451
"2010-11-03",2010-11-03,-0.00375425797758821,1580800,-0.440942503118503,50.419998,0.0200316945669058,49.41,50.610001,7730,-1.00480078339463,-1.32693359341042
"2010-11-04",2010-11-04,0.0239984737801854,1968800,-0.427525976437976,51.630001,0.0234360444811923,50.419998,51.630001,7730,1.16994817402572,-1.23548989517943
"2010-11-05",2010-11-05,0.00484214594533903,3127000,-0.424753973665973,51.880001,0.0281419231275651,0,51.880001,0,1.20079662547788,-1.19483772536089
"2010-11-08",2010-11-08,-0.0111796836703993,1189100,-0.431185042273042,51.299999,0.0171540159289282,50.419998,51.880001,7733,-1.01514069086055,-1.28953288337429
"2010-11-09",2010-11-09,-0.0150097468812817,1313100,-0.439722810810811,50.529999,0.00217694443255378,50.419998,51.880001,0,-1.01980070665893,-1.41736712102009
"2010-11-10",2010-11-10,0.0180091038592738,1442100,-0.429632720720721,51.439999,0.0198289467307338,50.419998,51.880001,0,9.10861408964506,-1.26655217922144
"2010-11-11",2010-11-11,-0.00466559107048194,860300,-0.432293821205821,51.200001,0.0152344332962024,50.419998,51.880001,0,-1.00619389622056,-1.30599603138976
"2010-11-12",2010-11-12,-0.011718808364867,1245900,-0.438946661122661,50.599998,0.0035573123935696,50.419998,51.880001,0,-1.0153896252745,-1.40564359709858
"2010-11-15",2010-11-15,0.0138340124045064,1307700,-0.431185042273042,51.299999,0.0171540159289282,50.419998,51.880001,0,4.8221842871986,-1.28953288337429
"2010-11-16",2010-11-16,-0.0138401367220299,1504400,-0.439057519057519,50.59,0.00336038742834555,50.419998,51.880001,0,-1.01825776873654,-1.40731680398986
"2010-11-17",2010-11-17,-0.00316268037161502,1122900,-0.440831600831601,50.43,0.000198334324806648,50.419998,51.880001,0,-1.00404065913252,-1.43415122166318
"2010-11-18",2010-11-18,0.0122942494546897,905500,-0.433957045045045,51.049999,0.0123408621418386,50.419998,51.880001,0,62.2225232766413,-1.33076823537957
"2010-11-19",2010-11-19,0.00235061708816096,1049400,-0.432626494802495,51.169998,0.0146570261738138,50.419998,51.880001,0,1.18768251402168,-1.31094352304816
"2010-11-22",2010-11-22,-0.00605817885707173,1095900,-0.436063744975745,50.860001,0.00865125818617263,50.419998,51.880001,0,-1.00794507552021,-1.36227880859211
"2010-11-23",2010-11-23,-0.0102241641717623,1250900,-0.441829521829522,50.34,0,50.34,51.439999,7744,-1.01322232568107,-1.44065445055985
"2010-11-24",2010-11-24,0.016487842669845,829500,-0.432626494802495,51.169998,0.0162204032136174,50.34,51.169998,7744,-0.979170638057595,-1.30244450235544
"2010-11-26",2010-11-26,-0.00859874960323436,384900,-0.437505197505198,50.73,0.00768775872264915,50.34,51.169998,7746,-1.01127693925664,-1.37535290155427
"2010-11-29",2010-11-29,-0.00275970825941245,970000,-0.439057519057519,50.59,0.00494168808064832,50.34,51.169998,0,-1.00354812139644,-1.39872034477166
"2010-11-30",2010-11-30,-0.00573237794030448,1043100,-0.442273053361053,50.299999,0,50.299999,50.73,7748,-1.00732371993181,-1.44306563069643
"2010-12-01",2010-12-01,0.0242544935239463,1656000,-0.428745668745669,51.52,0.0236801436335404,50.299999,51.52,7748,-0.969413952506075,-1.24079353352376
"2010-12-02",2010-12-02,0.0285326475155278,1586100,-0.41244627027027,52.990002,0.0507643498484864,0,52.990002,0,2.1437517708543,-1.00494629731614
"2010-12-03",2010-12-03,-0.00320819010348399,1190300,-0.414331254331254,52.82,0.0477092199924272,50.299999,52.990002,7751,-1.00457025362297,-1.03180234632824
"2010-12-06",2010-12-06,-0.00340781900795148,1014100,-0.416327107415107,52.639999,0.0444528883824638,50.299999,52.990002,0,-1.00481704689904,-1.06035491250917
"2010-12-07",2010-12-07,-0.00246962390709772,2510300,-0.41776855994456,52.509998,0.0420872040406477,50.299999,52.990002,0,-1.00346230765131,-1.08105173370146
"2010-12-08",2010-12-08,0.00076177873783192,1635200,-0.417325028413028,52.549999,0.0428163661810916,50.299999,52.990002,0,1.0173250316115,-1.07467659352056
"2010-12-09",2010-12-09,0.0199809518550133,2535700,-0.405682627858628,53.599998,0.0203358216543217,52.509998,53.599998,7751,-0.972102318907943,-1.13359623193578
"2010-12-10",2010-12-10,0.0093283585570283,1475300,-0.400138622314622,54.099998,0.0293900195707955,0,54.099998,0,1.4452339359767,-1.05423570013292
"2010-12-13",2010-12-13,0.00665436253805414,1943800,-0.396146927234927,54.459999,0.0358061152369834,0,54.459999,0,1.21830865579156,-0.997655600347202
"2010-12-14",2010-12-14,0.000734502400560026,1601200,-0.395703395703396,54.5,0.0365137981651376,0,54.5,0,1.01976430348476,-0.991397228076455
"2010-12-15",2010-12-15,-0.00642198165137614,1538600,-0.399584177408177,54.150002,0.0302863146708655,52.509998,54.5,7759,-1.00980729947461,-1.04634901060044
"2010-12-16",2010-12-16,0.0101569525334459,1629700,-0.393485782397782,54.700001,0.0100548261415937,54.150002,54.700001,7759,-0.984738146915748,-1.12318105508551
"2010-12-17",2010-12-17,-0.00804393038310908,2686700,-0.39836454054054,54.259998,0.002027202433734,54.150002,54.700001,7761,-1.01239881683406,-1.19334430017855
"2010-12-20",2010-12-20,-0.00018426097251244,1538500,-0.398475398475398,54.25,0.00184328110599075,54.150002,54.700001,0,-1.00027828263707,-1.19494681511183
"2010-12-21",2010-12-21,0.011981603686636,1812000,-0.391268169092169,54.900002,0.0118397445595722,54.25,54.900002,7761,6.42318988736577,-1.10142200459673
"2010-12-22",2010-12-22,0.0151183601049777,1587500,-0.382065142065142,55.73,0.026556612237574,0,55.73,0,2.24300550606927,-0.971385759410906
"2010-12-23",2010-12-23,-0.00771579041808716,961600,-0.386832997920998,55.299999,0.0189873240323205,54.25,55.73,7765,-1.01247916999202,-1.03845444469596
"2010-12-27",2010-12-27,0.00506334548034984,1094000,-0.383728321552321,55.580002,0.0239295061558292,54.25,55.73,0,1.26028850169176,-0.994709132403869
"2010-12-28",2010-12-28,0.00215903194821763,666700,-0.382397771309771,55.700001,0.0260323334644106,54.25,55.73,0,1.08787591749231,-0.976044187153898
"2010-12-29",2010-12-29,-0.00341118485796791,942400,-0.384504526680526,55.509998,0.0226985776508225,54.25,55.73,0,-1.00550932962695,-1.00562055674196
"2010-12-30",2010-12-30,-0.000180111698076499,788800,-0.384615384615384,55.5,0.0225225225225225,54.25,55.73,0,-1.00028831373148,-1.00718030848368
"2010-12-31",2010-12-31,-0.00162162162162168,1072000,-0.385613305613305,55.41,0.0209348493051795,54.25,55.73,0,-1.0025945945946,-1.02123643069798
"2011-01-03",2011-01-03,0.00938458761956331,2223900,-0.379847539847539,55.93,0.0112640979796174,55.299999,55.93,7765,-0.985047803896197,-1.04246518884941
"2011-01-04",2011-01-04,0.00125156445556947,1555700,-0.379071379071379,56,0.0125000178571428,0,56,0,1.10972204607612,-1.03152687091604
"2011-01-05",2011-01-05,0.00982141071428571,2388600,-0.372972984060984,56.549999,0.0221043328400412,0,56.549999,0,1.76834410099744,-0.946161886163808
"2011-01-06",2011-01-06,-0.00353671093787288,1190300,-0.375190597366597,56.349998,0.0186335232877914,55.299999,56.549999,7774,-1.00594577462814,-0.977085983388625
"2011-01-07",2011-01-07,-0.0193433902162693,2060100,-0.387276529452529,55.259998,0,55.259998,56.349998,7775,-1.03221277977316,-1.14408682850993
"2011-01-10",2011-01-10,-0.00995293195631313,1564600,-0.393374924462924,54.709999,0,54.709999,55.259998,7776,-1.01574687476934,-1.17723966628747
"2011-01-11",2011-01-11,0.00255892894459742,1298500,-0.391822613998614,54.849998,0.00255239754065251,54.709999,54.849998,7776,-0.996053865237013,-1.1549251526522
"2011-01-12",2011-01-12,0.0191431912176187,2003300,-0.380180158004157,55.900002,0.0212880672168848,0,55.900002,0,8.34041989064236,-0.989779885638596
"2011-01-13",2011-01-13,-0.00715567058477029,1400100,-0.384615384615384,55.5,0.0142342522522522,54.709999,55.900002,7779,-1.01166611807021,-1.05223801288923
"2011-01-14",2011-01-14,0.00684686486486487,2056100,-0.380401929313929,55.880001,0.0209377591099184,54.709999,55.900002,0,1.47094197425127,-0.992889893446658
"2011-01-18",2011-01-18,-0.00429495339486477,2693000,-0.383063074151074,55.639999,0.0167145941178036,54.709999,55.900002,0,-1.00699561340802,-1.03031521709177
"2011-01-19",2011-01-19,-0.0566138939003217,4939800,-0.417990275814275,52.490002,0,52.490002,55.880001,7782,-1.09117872230469,-1.31105663760493
"2011-01-20",2011-01-20,0.00800148569245624,2665800,-0.413333333333333,52.91,0.00793797013797015,52.490002,52.91,7782,-0.988858730093971,-1.24258663948815
"2011-01-21",2011-01-21,0,2194100,-0.413333333333333,52.91,0.00793797013797015,0,52.91,0,-1,-1.24258663948815
"2011-01-24",2011-01-24,-0.00661498771498766,2276600,-0.417214126126126,52.560001,0.00133179221210444,52.490002,52.91,7785,-1.00938901482127,-1.29959718708648
"2011-01-25",2011-01-25,0.000570757218973486,1791600,-0.416881496881496,52.59,0.00190146415668391,52.490002,52.91,0,1.42774836750193,-1.29469198745586
"2011-01-26",2011-01-26,-0.000760619889712944,1735900,-0.417325028413028,52.549999,0.00114171267634089,52.490002,52.91,0,-1.00106392712281,-1.30123342113229
"2011-01-27",2011-01-27,-0.000761198872715423,1717800,-0.417768559944559,52.509998,0.000380803670950502,52.490002,52.91,0,-1.00106279638491,-1.30778114748737
"2011-01-28",2011-01-28,-0.0156160546797203,2161200,-0.426860717948717,51.689999,0,51.689999,52.59,7789,-1.02176362435068,-1.35927921561061
"2011-01-31",2011-01-31,0.00561038896518448,1610500,-0.423645183645183,51.98,0.00557908811081176,51.689999,51.98,7789,-0.992467017534463,-1.31146881800262
"2011-02-01",2011-02-01,0.00615619469026554,1779000,-0.420097031185031,52.299999,0.0116634801465293,0,52.299999,0,2.09057106015704,-1.25910320631099
"2011-02-02",2011-02-02,-0.00803055464685572,1751000,-0.424753973665973,51.880001,0.00366233608977762,51.689999,52.299999,7792,-1.01108539726597,-1.32791663818002
"2011-02-03",2011-02-03,0.00269851575369097,1858300,-0.423201663201663,52.02,0.0063437331795464,51.689999,52.299999,0,1.73215483888908,-1.30490084148291
"2011-02-04",2011-02-04,-0.00346020761245674,2608500,-0.425197505197505,51.84,0.00289353780864199,51.689999,52.299999,0,-1.00471605423462,-1.33450725317688
"2011-02-07",2011-02-07,0.00540121527777771,2531600,-0.422092873180873,52.119999,0.0082501920232193,51.689999,52.299999,0,2.85124735490888,-1.28850897833005
"2011-02-08",2011-02-08,0.00709905999806326,1824600,-0.417990275814275,52.490002,0.0123833487375365,51.84,52.490002,7792,1.5009770321327,-1.24373676882987
"2011-02-09",2011-02-09,-0.00723949296096426,1401900,-0.422203731115731,52.110001,0.00518136624100229,51.84,52.490002,7797,-1.01008027110977,-1.30579476225786
"2011-02-10",2011-02-10,-0.00172713487378351,1673700,-0.423201663201663,52.02,0.00346020761245669,51.84,52.490002,0,-1.00236362687581,-1.32057661440188
"2011-02-11",2011-02-11,0.0161476547481737,1890200,-0.413887722799723,52.860001,0.0158910515344106,52.02,52.860001,7797,4.59251389344475,-1.20236496921181
"2011-02-14",2011-02-14,-0.00416197494964092,990700,-0.416327107415107,52.639999,0.0117780967283073,52.02,52.860001,7800,-1.00589383178337,-1.23798559489016
"2011-02-15",2011-02-15,0.00360947955185176,976600,-0.414220352044352,52.830002,0.0153322348918328,52.02,52.860001,0,1.30175827601954,-1.20721115592744
"2011-02-16",2011-02-16,0.0221464689704157,2409100,-0.401247401247401,54,0.0251852037037037,52.639999,54,7800,1.64263095898168,-1.08312211141251
"2011-02-17",2011-02-17,0.000740759259259197,1552300,-0.400803869715869,54.040001,0.0259067722815178,0,54.040001,0,1.02865049599373,-1.07678825228173
"2011-02-18",2011-02-18,0.00943741655371182,1610800,-0.395149006237006,54.549999,0.0350137494961273,0,54.549999,0,1.35152882480488,-0.996538135820849
"2011-02-22",2011-02-22,-0.0293308529666517,1516800,-0.412889801801801,52.950001,0.00585461745317051,52.639999,54.549999,7805,-1.04489647015373,-1.25150123498185
"2011-02-23",2011-02-23,-0.0103871386140295,1032800,-0.418988196812196,52.400002,0,52.400002,52.950001,7806,-1.01477003060812,-1.31648165728675
"2011-02-24",2011-02-24,-0.00496188912359197,1211700,-0.421871112959113,52.139999,0,52.139999,52.400002,7807,-1.00688066195862,-1.33215411720153
"2011-02-25",2011-02-25,0.00134253934297161,1592100,-0.421094952182952,52.209999,0.00134073934764867,52.139999,52.209999,7807,-0.998160194542081,-1.32064596689702
"2011-02-28",2011-02-28,-0.0122581691679405,1869000,-0.428191268191268,51.57,0,0,52.209999,7809,-1.01685205669536,-1.36651251490837
"2011-03-01",2011-03-01,-0.00950160946286601,1706100,-0.433624371448371,51.080002,0,51.080002,51.57,7810,-1.01268849614812,-1.39604861262004
"2011-03-02",2011-03-02,-0.00019581048567696,1152200,-0.433735273735273,51.07,0,51.07,51.080002,7811,-1.00025575658151,-1.39665151314068
"2011-03-03",2011-03-03,0.0148815743097709,1623900,-0.425308363132363,51.830002,0.0146633604220197,51.07,51.830002,7811,-0.9805713044034,-1.27112536925788
"2011-03-04",2011-03-04,-0.00752465724388743,1110500,-0.42963272072072,51.439999,0.00719282673391963,51.07,51.830002,7813,-1.01016758183759,-1.33524619390528
"2011-03-07",2011-03-07,-0.00972006239735736,976700,-0.435176726264726,50.939999,0,50.939999,51.439999,7814,-1.01290405799331,-1.40448771295907
"2011-03-08",2011-03-08,0.0194346489877238,1371000,-0.424199584199584,51.93,0.0190641440400539,50.939999,51.93,7814,-0.974775438568687,-1.24117361422053
"2011-03-09",2011-03-09,0.00250338917773927,1050500,-0.422758131670131,52.060001,0.0215136761138364,0,52.060001,0,1.12848896171976,-1.22002096977456
"2011-03-10",2011-03-10,-0.0215136761138364,1370500,-0.435176726264726,50.939999,0,0,52.060001,7817,-1.02937517616878,-1.40448771295907
"2011-03-11",2011-03-11,0.000196348649319763,1161400,-0.435065823977824,50.950001,0.000196310104095931,50.939999,50.950001,7817,-0.999745155748897,-1.40281760753877
"2011-03-14",2011-03-14,-0.00785087325120957,1080900,-0.43950105058905,50.549999,0,0,50.950001,7819,-1.01019438063573,-1.42799613158027
"2011-03-15",2011-03-15,-0.0152324434269525,1943800,-0.448038819126819,49.779999,0,49.779999,50.549999,7820,-1.01942604807503,-1.47441018885803
"2011-03-16",2011-03-16,-0.0108476699647985,1853400,-0.454026311850311,49.240002,0,49.240002,49.779999,7821,-1.01336378114549,-1.50696012611493
"2011-03-17",2011-03-17,0.0115759337296534,1115800,-0.447706156618156,49.810001,0.0114434649378947,49.240002,49.810001,7821,-0.986079759989243,-1.41039137042828
"2011-03-18",2011-03-18,0.00260987748223495,1585600,-0.446264737352737,49.939999,0.0140167603928066,0,49.939999,0,1.22487030535572,-1.38856608924866
"2011-03-21",2011-03-21,0.00981179434945522,1303900,-0.4408316008316,50.43,0.023597025580012,0,50.43,0,1.68348640618284,-1.30694840615707
"2011-03-22",2011-03-22,0.000198274836406911,785400,-0.440720731808731,50.439999,0.0237905833423986,0,50.439999,0,1.008202633918,-1.30529344418601
"2011-03-23",2011-03-23,-0.00178431803696112,644500,-0.441718663894664,50.349998,0.0220456016701331,49.240002,50.439999,7826,-1.00226431845363,-1.3202048060621
"2011-03-24",2011-03-24,0.0133068922862719,842100,-0.434289674289674,51.02,0.0131321442571541,50.349998,51.02,7826,-0.983181626197345,-1.3282748507772
"2011-03-25",2011-03-25,-0.00666405331242657,835600,-0.438059598059598,50.68,0.0065114838200474,50.349998,51.02,7828,-1.0086806663688,-1.38476141028054
"2011-03-28",2011-03-28,-0.00532754538279406,1676600,-0.441053361053361,50.41,0.00119027970640739,50.349998,51.02,0,-1.00683414541543,-1.42996424728396
"2011-03-29",2011-03-29,0.00277720690339225,868500,-0.43950105058905,50.549999,0.00395649859458946,50.349998,51.02,0,3.32400743563991,-1.4064873319945
"2011-03-30",2011-03-30,0.011275964614757,936500,-0.433180884268884,51.119999,0.0138888695987651,50.41,51.119999,7828,3.51039416967271,-1.31813330893287
"2011-03-31",2011-03-31,-0.00723785225426159,1204400,-0.437283437283437,50.75,0.00669950738916258,50.41,51.119999,7832,-1.00947076190003,-1.37951979389917
"2011-04-01",2011-04-01,0.0185221477832512,1713900,-0.426860717948717,51.689999,0.0181853166605788,50.75,51.689999,7832,2.71442594271873,-1.26041798209692
"2011-04-04",2011-04-04,0.00232157094837629,975800,-0.425530134442134,51.810001,0.0204593896842427,0,51.810001,0,1.12504995464794,-1.24082190919784
"2011-04-05",2011-04-05,-0.00212314220955138,957700,-0.426749815661815,51.700001,0.0183752607664359,50.75,51.810001,7835,-1.00286626285887,-1.25878248429166
"2011-04-06",2011-04-06,0.0123790906696501,808600,-0.419653499653499,52.34,0.0122277225831104,51.700001,52.34,7835,-0.98337124997392,-1.25362462271247
"2011-04-07",2011-04-07,-0.00191054642720685,1166800,-0.420762278586278,52.240002,0.0103369253316643,51.700001,52.34,7837,-1.00264212959905,-1.26993128413199
"2011-04-08",2011-04-08,-0.00229714769153334,1042600,-0.422092873180873,52.119999,0.00805828871946068,51.700001,52.34,0,-1.00316234287699,-1.28955222644495
"2011-04-11",2011-04-11,0.00460479671152712,1066000,-0.419431728343728,52.360001,0.00458368975203027,52.119999,52.360001,7837,-0.993695357097384,-1.29397442487173
"2011-04-12",2011-04-12,-0.00763945745531963,1188500,-0.423866954954955,51.959999,0,0,52.360001,7840,-1.0105743707772,-1.34300415656517
"2011-04-13",2011-04-13,-0.00635100089205166,1391900,-0.427525976437976,51.630001,0,51.630001,51.959999,7841,-1.00863247639442,-1.3628957748425
"2011-04-14",2011-04-14,0,925500,-0.427525976437976,51.630001,0,51.630001,51.630001,7841,-1,-1.3628957748425
"2011-04-15",2011-04-15,0.00290524883003579,1034300,-0.425862796950797,51.779999,0.00289683280990405,0,51.779999,0,-0.996109758052513,-1.33810608055554
"2011-04-18",2011-04-18,-0.00733868303087445,1472000,-0.430076207900208,51.400002,0,0,51.779999,7844,-1.00989382256346,-1.37675965375136
"2011-04-19",2011-04-19,-0.0531129162212873,5272900,-0.460346522522522,48.669998,0,48.669998,51.400002,7845,-1.07038360659406,-1.54131882521175
"2011-04-20",2011-04-20,0.00739677449750454,2693200,-0.456354827442827,49.029999,0.00734246394742932,48.669998,49.029999,7845,-0.991328933999931,-1.47970268933819
"2011-04-21",2011-04-21,0.00713852757777955,1345100,-0.452474001386001,49.380001,0.0143783512681581,0,49.380001,0,1.95824608348157,-1.42035592235227
"2011-04-25",2011-04-25,-0.00810046561157427,2135200,-0.456909216909217,48.98,0.00632915475704365,48.669998,49.380001,7848,-1.00980214445389,-1.4882252037315
"2011-04-26",2011-04-26,0.0136790935075542,1800000,-0.449480227304227,49.650002,0.013494500966989,48.98,49.650002,7848,2.13211739718817,-1.40888569769445
"2011-04-27",2011-04-27,0.00443095651839046,1246100,-0.447040898128898,49.869999,0.0178463809473909,0,49.869999,0,1.32249284290302,-1.37196649927101
"2011-04-28",2011-04-28,0.00100258674559026,1390200,-0.446486508662508,49.919998,0.0188300888954364,0,49.919998,0,1.05512086461369,-1.36360490675693
"2011-04-29",2011-04-29,0.00140232377413151,1063200,-0.445710303534303,49.990002,0.0202040800078384,0,49.990002,0,1.07296785055194,-1.35191574804661
"2011-05-02",2011-05-02,-0.0166033600078672,2069000,-0.454913374913375,49.16,0.00366151342554921,48.98,49.990002,7853,-1.02064810103355,-1.49187732110926
"2011-05-03",2011-05-03,0.00427174532139958,1700000,-0.452584903672903,49.369999,0.00789951403482914,48.98,49.990002,0,2.15744505529001,-1.45617986700297
"2011-05-04",2011-05-04,-0.00425357513173139,1899100,-0.454913374913375,49.16,0.00366151342554921,48.98,49.990002,0,-1.00514482746016,-1.49187732110926
"2011-05-05",2011-05-05,-0.0107811025223758,1902000,-0.460790009702009,48.630001,0,48.630001,49.369999,7856,-1.01291814027177,-1.54372976423635
"2011-05-06",2011-05-06,-0.00411270812024043,1698500,-0.463007623007623,48.43,0,48.43,48.630001,7857,-1.00481263321453,-1.55578542380727
"2011-05-09",2011-05-09,0.00165182737972338,1432100,-0.462120604296604,48.509998,0.00164910334566504,48.43,48.509998,7857,-0.998084224390828,-1.54199824816745
"2011-05-10",2011-05-10,0.0158730371417454,2034900,-0.453582824670824,49.279999,0.017248356681176,0,49.279999,0,10.4592333321719,-1.41078156954416
"2011-05-11",2011-05-11,-0.017248356681176,1398200,-0.463007623007623,48.43,0,0,49.279999,7860,-1.02077856088056,-1.55578542380727
"2011-05-12",2011-05-12,0.0080528597976461,1500000,-0.458683298683298,48.82,0.00798852929127403,48.43,48.82,7860,-0.990660360414297,-1.48884878920082
"2011-05-13",2011-05-13,-0.0118803359278985,1537200,-0.465114322938323,48.240002,0,0,48.82,7862,-1.01402062005197,-1.56723812257955
"2011-05-16",2011-05-16,0.00808455604956242,1474100,-0.460790009702009,48.630001,0.00801972017232744,48.240002,48.630001,7862,-0.990702687440381,-1.50013198458428
"2011-05-17",2011-05-17,0.00843100949144534,1159700,-0.456243925155925,49.040001,0.0163131929789316,0,49.040001,0,2.03413493593222,-1.43033201896651
"2011-05-18",2011-05-18,0.00917620291239391,995300,-0.451254309078309,49.490002,0.0252576267828803,0,49.490002,0,1.54829448873071,-1.35458203974734
"2011-05-19",2011-05-19,-0.00101036568961942,1046400,-0.451808742896743,49.439999,0.0242717844715168,48.240002,49.490002,7866,-1.00122865046888,-1.36295547645926
"2011-05-20",2011-05-20,-0.0103155139626924,1144400,-0.457463617463617,48.93,0.014101737175557,48.240002,49.490002,0,-1.01251608043399,-1.44898484426285
"2011-05-23",2011-05-23,-0.00817496423462095,1195100,-0.461898832986833,48.529999,0.00597562344891045,48.240002,49.490002,0,-1.00969523117009,-1.51727227237813
"2011-05-24",2011-05-24,0.00164850611268301,1521600,-0.46101176992377,48.610001,0.00761158182243193,48.240002,49.490002,0,1.27377199843805,-1.50355631592504
"2011-05-25",2011-05-25,0.00061711580709505,1743000,-0.460679151767152,48.639999,0.00822362270196608,48.240002,49.490002,0,1.08040915723068,-1.49842084540742
"2011-05-26",2011-05-26,-0.00246708475466868,1120100,-0.462009702009702,48.52,0.00577077493816991,48.240002,49.490002,0,-1.00288823628646,-1.51898861449068
"2011-05-27",2011-05-27,-0.00144268342951366,1070800,-0.462785851697852,48.450001,0.00433434459578241,48.240002,49.490002,0,-1.00167994240115,-1.53101691155855
"2011-05-31",2011-05-31,0.0070175437148081,1234800,-0.459015927927928,48.790001,0.011272781076598,48.240002,49.490002,0,2.600804072562,-1.47280281921931
"2011-06-01",2011-06-01,-0.0260299441272812,1984800,-0.473097713097713,47.52,0,47.52,49.439999,7874,-1.03067820594669,-1.61063840059007
"2011-06-02",2011-06-02,0.00252523148148148,1523300,-0.471767162855163,47.639999,0.00251887074976642,47.52,47.639999,7874,-0.99718757836761,-1.58971170930847
"2011-06-03",2011-06-03,-0.00860619245604951,1295300,-0.476313236313236,47.23,0,0,47.639999,7876,-1.00963626512401,-1.62811901956481
"2011-06-06",2011-06-06,-0.00338767732373484,1262100,-0.478087318087318,47.07,0,47.07,47.23,7877,-1.00372461153466,-1.63776349899914
"2011-06-07",2011-06-07,-0.00616105799872538,1129800,-0.481302852390852,46.779999,0,46.779999,47.07,7878,-1.00672583057923,-1.65524417825188
"2011-06-08",2011-06-08,-0.0079093417680492,1335000,-0.485405405405405,46.41,0,46.41,46.779999,7879,-1.0085238493688,-1.67754697666579
"2011-06-09",2011-06-09,0.0202542124542125,1299500,-0.474982697158697,47.349998,0.0198521233306072,46.41,47.349998,7879,-0.97852782822226,-1.51296324958444
"2011-06-10",2011-06-10,-0.012249166304083,1372500,-0.481413721413721,46.77,0.00769724182168074,46.41,47.349998,7881,-1.01353949163516,-1.6140022143761
"2011-06-13",2011-06-13,0.011332029078469,1453400,-0.475537086625087,47.299999,0.0188160469094303,46.41,47.349998,0,2.44451809431676,-1.52160953397095
"2011-06-14",2011-06-14,0.00295983092938333,1267000,-0.473984765072765,47.439999,0.0141230820852251,46.77,47.439999,7881,-0.996735645660492,-1.53868308147524
"2011-06-15",2011-06-15,-0.0227655569722926,2419800,-0.485959794871795,46.360001,0,0,47.439999,7884,-1.02526458798141,-1.68056081621103
"2011-06-16",2011-06-16,-0.000215767898710734,1969600,-0.486070708246708,46.349998,0,46.349998,46.360001,7885,-1.00022823570197,-1.68116377700966
"2011-06-17",2011-06-17,0.0094930532683086,2335200,-0.48119195010395,46.790001,0.00940378265860686,46.349998,46.790001,7885,-0.989962863303662,-1.60351928900394
"2011-06-20",2011-06-20,-0.00491558014713436,1057300,-0.483742192654193,46.560001,0.00451037361446793,46.349998,46.790001,7887,-1.00529984458321,-1.64398537448388
"2011-06-21",2011-06-21,0.00579899042527943,1024100,-0.480748418572418,46.830002,0.00576555602111661,46.560001,46.830002,7887,1.27828790116686,-1.62088667967247
"2011-06-22",2011-06-22,-0.0125987609396216,1277600,-0.487290345114345,46.240002,0,0,46.830002,7889,-1.01360779628013,-1.68779411550878
"2011-06-23",2011-06-23,-0.0157872830541831,1698200,-0.495384637560637,45.509998,0,45.509998,46.240002,7890,-1.01661082048402,-1.73179729403994
"2011-06-24",2011-06-24,-0.0116457486990003,4908600,-0.501261261261261,44.98,0,44.98,45.509998,7891,-1.01186274917519,-1.76374451161019
"2011-06-27",2011-06-27,0.00666960871498443,1248800,-0.497934869022869,45.279999,0.00662541975762854,44.98,45.279999,7891,-0.993363955095946,-1.70964325904549
"2011-06-28",2011-06-28,-0.000441718207634976,1121500,-0.49815664033264,45.259998,0.0061864342106247,44.98,45.279999,7893,-1.00044538216455,-1.71323534595454
"2011-06-29",2011-06-29,0.0194432399223703,2283300,-0.488399179487179,46.139999,0.0190724104697098,45.259998,46.139999,7893,3.08294080569942,-1.59013833505686
"2011-06-30",2011-06-30,-0.00390117043565605,1647400,-0.490395021483021,45.959999,0.0152306574245139,45.259998,46.139999,7895,-1.0040864974383,-1.62187338027394
"2011-07-01",2011-07-01,0.0117493692721794,1461100,-0.484407484407484,46.5,0.0116129247311827,45.959999,46.5,7895,-0.987790379564968,-1.60899036103464
"2011-07-05",2011-07-05,-0.0156989247311827,1260400,-0.492501732501732,45.77,0,0,46.5,7897,-1.0167095851216,-1.71612489440314
"2011-07-06",2011-07-06,0.00502512562814064,1672100,-0.48995148995149,46,0.00499999999999989,45.77,46,7897,-0.994821860753082,-1.67507934618552
"2011-07-07",2011-07-07,0.0130434347826087,1519000,-0.483298705474705,46.599998,0.0178111166442538,0,46.599998,0,3.56222332885084,-1.56926731608842
"2011-07-08",2011-07-08,-0.0156652152646015,1509400,-0.491392942480942,45.869999,0.00218005236930563,45.77,46.599998,7900,-1.01674789713804,-1.69824568880087
"2011-07-11",2011-07-11,-0.0194026383126802,1830000,-0.501261261261261,44.98,0,44.98,45.869999,7901,-1.02008233722384,-1.76374451161019
"2011-07-12",2011-07-12,0.00733661627389958,1412800,-0.497602206514206,45.310001,0.00728318235967385,44.98,45.310001,7901,-0.992700304153072,-1.70425898941879
"2011-07-13",2011-07-13,0.000662083410680209,1081000,-0.497269577269577,45.34,0.00794000882223211,0,45.34,0,1.09018399239803,-1.69887998978159
"2011-07-14",2011-07-14,-0.0198500441111602,1948300,-0.507248798336798,44.439999,0,0,45.34,7904,-1.02006803054797,-1.79629468997908
"2011-07-15",2011-07-15,-0.00337529260520469,1743800,-0.508911977823978,44.290001,0,44.290001,44.439999,7905,-1.00327882390778,-1.80533626889278
"2011-07-18",2011-07-18,-0.020320658832227,2518600,-0.51889120997921,43.389999,0,43.389999,44.290001,7906,-1.01960895516333,-1.85958658626693
"2011-07-19",2011-07-19,0.00576169637616263,3588200,-0.516119207207207,43.639999,0.0057286894071652,43.389999,43.639999,7906,-0.994657834400174,-1.81337408800593
"2011-07-20",2011-07-20,0.0126031166957634,3550900,-0.510020801108801,44.189999,0.0181036437679032,0,44.189999,0,3.16017198371061,-1.71294695570896
"2011-07-21",2011-07-21,0.0375650381888445,3014000,-0.491614713790714,45.849998,0.0536531975421242,0,45.849998,0,2.96366843216659,-1.41962672747391
"2011-07-22",2011-07-22,0.0015267176238481,2481300,-0.490838553014553,45.919998,0.0550957994379703,0,45.919998,0,1.02688752883206,-1.4075648195774
"2011-07-25",2011-07-25,-0.00762190799746985,1727700,-0.494719334719334,45.57,0.0478385121790651,43.389999,45.919998,7911,-1.00790643212712,-1.46811494676312
"2011-07-26",2011-07-26,0.000658283958744768,1163000,-0.494386716562716,45.599998,0.0484648924765303,43.389999,45.919998,0,1.01309364085406,-1.46290152255512
"2011-07-27",2011-07-27,-0.0162280050977196,1837800,-0.502591811503811,44.860001,0.032768657316793,43.389999,45.919998,0,-1.01659651173102,-1.59283684457833
"2011-07-28",2011-07-28,-0.00490419070654933,1335300,-0.505031196119196,44.639999,0.0280017927419757,43.389999,45.919998,0,-1.00485360994658,-1.63201233419159
"2011-07-29",2011-07-29,0.00582444009463346,1911400,-0.50214827997228,44.900002,0.0336303548494273,43.389999,45.919998,0,1.20100720547846,-1.58574119935478
"2011-08-01",2011-08-01,-0.00267267248674074,1841400,-0.503478874566874,44.779999,0.0310406438374417,43.389999,45.919998,0,-1.00264980414683,-1.60705324221061
"2011-08-02",2011-08-02,-0.0388565886301159,1755800,-0.522771991683992,43.040001,0,43.040001,45.599998,7917,-1.03831961595949,-1.88068376447355
"2011-08-03",2011-08-03,0.00720253236053602,1339000,-0.519334741510741,43.349998,0.00715102685817892,43.040001,43.349998,7917,-0.993424953463597,-1.82312248315801
"2011-08-04",2011-08-04,-0.052364385345531,3288000,-0.544504482328482,41.080002,0,0,43.349998,7919,-1.04846535154672,-1.9988285772662
"2011-08-05",2011-08-05,0.00535533080061679,3618800,-0.542065153153153,41.299999,0.00532680400307028,41.080002,41.299999,7919,-0.995520093489593,-1.95660937811898
"2011-08-08",2011-08-08,-0.0883776534716139,5620900,-0.58253636036036,37.650002,0,0,41.299999,7921,-1.07466114907367,-2.20558210513984
"2011-08-09",2011-08-09,0.0369189621822595,5941100,-0.567124036036036,39.040001,0.0356044816699671,37.650002,39.040001,7921,-0.973542725616663,-1.92823833023281
"2011-08-10",2011-08-10,-0.074538932516933,6835200,-0.599390148302148,36.130001,0,0,39.040001,7923,-1.05689427746995,-2.29720472004405
"2011-08-11",2011-08-11,0.0285081364929936,7461100,-0.587969507969508,37.16,0.0277179494079655,36.130001,37.16,7923,-0.980946232825163,-2.08443475117513
"2011-08-12",2011-08-12,-0.0121098223896661,3518100,-0.592959124047124,36.709999,0.0157994556197074,36.130001,37.16,7925,-1.00848618169818,-2.17635267753981
"2011-08-15",2011-08-15,0.0250613463650597,2745200,-0.582758131670131,37.630001,0.0244486307613969,36.709999,37.630001,7925,1.54743500977977,-2.07387710080837
"2011-08-16",2011-08-16,-0.01089556176201,2351200,-0.587304216216216,37.220001,0.0137023639521128,36.709999,37.630001,7927,-1.00780098002761,-2.15701124394891
"2011-08-17",2011-08-17,0.000805991380816904,1674000,-0.586971586971587,37.25,0.0144966711409396,36.709999,37.630001,0,1.05796862436312,-2.15088485484156
"2011-08-18",2011-08-18,-0.0510067651006712,3344300,-0.60803883021483,35.349998,0,35.349998,37.25,7929,-1.03589141912633,-2.34422173812044
"2011-08-19",2011-08-19,-0.016124442213547,2596600,-0.614358985446985,34.779999,0,34.779999,35.349998,7930,-1.01039432831933,-2.37858013582727
"2011-08-22",2011-08-22,0.00920066156413641,2787300,-0.610810832986833,35.099998,0.00911678114625547,34.779999,35.099998,7930,-0.994224626734203,-2.30972948108928
"2011-08-23",2011-08-23,0.0316239619158954,3480600,-0.598503129591129,36.209999,0.039491854169894,0,36.209999,0,4.33177604423623,-2.07769217289368
"2011-08-24",2011-08-24,0.0347970735928493,1976800,-0.584532213444213,37.470001,0.07179081740617,0,37.470001,0,1.817863934606,-1.82615421863478
"2011-08-25",2011-08-25,-0.00773955143475987,5309600,-0.587747747747748,37.18,0.0645508606777838,34.779999,37.470001,7934,-1.00550103865891,-1.88299363252565
"2011-08-26",2011-08-26,0.00134480903711665,3337300,-0.587193347193347,37.23,0.0658071716357777,34.779999,37.470001,0,1.01946234248161,-1.87315002204616
"2011-08-29",2011-08-29,0.0427074939564868,5821600,-0.569563409563409,38.82,0.0422462648119526,37.18,38.82,7934,-0.969975924090072,-1.90539267920651
"2011-08-30",2011-08-30,-0.00643997939206595,1742200,-0.572335412335412,38.57,0.0360383717915479,37.18,38.82,7937,-1.00486689054363,-1.95421028251976
"2011-08-31",2011-08-31,-0.00388908478091783,3834200,-0.573998636174636,38.419998,0.0322748064692767,37.18,38.82,0,-1.00290602993171,-1.98371205477578
"2011-09-01",2011-09-01,-0.0104111926294217,3141800,-0.578433818433818,38.02,0.0220936349289849,37.18,38.82,0,-1.00772681671988,-2.06317125766231
"2011-09-02",2011-09-02,-0.0391899263545504,1838000,-0.594954966042966,36.529999,0,36.529999,38.57,7940,-1.02856186322902,-2.2730936420142
"2011-09-06",2011-09-06,-0.0142349032092772,2562700,-0.600720742896743,36.009998,0,36.009998,36.529999,7941,-1.00969111476138,-2.30443826045379
"2011-09-07",2011-09-07,0.0388781471190305,1507800,-0.585197505197505,37.41,0.037423202352312,36.009998,37.41,7941,-0.974158978389222,-2.0166043738434
"2011-09-08",2011-09-08,-0.0261962042234696,1955400,-0.596063756063756,36.43,0.011529014548449,36.009998,37.41,7943,-1.01856851878168,-2.21644594818948
"2011-09-09",2011-09-09,-0.0252539665111171,2490700,-0.606264748440748,35.509998,0,35.509998,36.43,7944,-1.01711392828908,-2.3345772586861
"2011-09-12",2011-09-12,0.0115460440183634,2224500,-0.601718663894664,35.919998,0.0114142545330875,35.509998,35.919998,7944,-0.99250148626029,-2.24781171931641
"2011-09-13",2011-09-13,-0.00473268400516057,2038800,-0.603603603603603,35.75,0.00671334265734258,35.509998,35.919998,7946,-1.00313259305726,-2.28361452789831
"2011-09-14",2011-09-14,0.0226573706293706,1879100,-0.594622303534303,36.560001,0.0221553877966251,35.75,36.560001,7946,3.30020213885449,-2.1508413637617
"2011-09-15",2011-09-15,0.0172318923076616,2369900,-0.587636878724879,37.189999,0.0387200601968287,0,37.189999,0,1.7476588788361,-2.02281545676399
"2011-09-16",2011-09-16,-0.00510887349042414,2834700,-0.58974358974359,37,0.0337837837837838,35.75,37.189999,7949,-1.00358505583122,-2.0611034029197
"2011-09-19",2011-09-19,-0.035946,2099400,-0.604490666666667,35.669998,0,35.669998,37,7950,-1.02500591304348,-2.32493277925176
"2011-09-20",2011-09-20,-0.000841014905579657,1758700,-0.604823295911296,35.639999,0,35.639999,35.669998,7951,-1.00055026365661,-2.3267410588677
"2011-09-21",2011-09-21,-0.0227271891898763,3151500,-0.613804551628551,34.830002,0,34.830002,35.639999,7952,-1.01484938787572,-2.37556605517005
"2011-09-22",2011-09-22,-0.0229687899529837,4112900,-0.622674993762994,34.029999,0,34.029999,34.830002,7953,-1.01445157438293,-2.42378863317574
"2011-09-23",2011-09-23,0.00734645922264059,2292300,-0.619902990990991,34.279999,0.00729288235976899,34.029999,34.279999,7953,-0.995548234954401,-2.36907267865746
"2011-09-26",2011-09-26,0.0230455374283997,2084600,-0.611143451143451,35.07,0.0296550042771601,0,35.07,0,4.06629406786419,-2.19988531016107
"2011-09-27",2011-09-27,0.0151125748502994,2539600,-0.605266827442827,35.599998,0.0441010979832078,0,35.599998,0,1.48713847993521,-2.0894044783629
"2011-09-28",2011-09-28,-0.0227527259973442,2591600,-0.614248083160083,34.790001,0.0218454147213161,34.029999,35.599998,7957,-1.01483850644054,-2.2592185308927
"2011-09-29",2011-09-29,0.0350674609063681,2692000,-0.600720742896743,36.009998,0.0338793964942737,34.790001,36.009998,7957,1.55086991602019,-2.12025895851268
"2011-09-30",2011-09-30,-0.0286031118357742,2418500,-0.612141372141372,34.98,0.00543164665523155,34.790001,36.009998,7959,-1.01901154468141,-2.3369962971012
"2011-10-03",2011-10-03,-0.0277301886792451,3150600,-0.622896765072765,34.009998,0,34.009998,34.98,7960,-1.01757011275642,-2.42499425338302
"2011-10-04",2011-10-04,0.0591003269097517,4092400,-0.60060984060984,36.02,0.0558023875624652,34.009998,36.02,7960,-0.964220516604672,-2.00047562359195
"2011-10-05",2011-10-05,0.00971679622431973,3041900,-0.596729047817048,36.369999,0.0648886737665293,0,36.369999,0,1.16282970318954,-1.92998240927923
"2011-10-06",2011-10-06,0.00934836429332878,2146100,-0.592959124047124,36.709999,0.0735494708131155,0,36.709999,0,1.13347162985251,-1.86240501063824
"2011-10-07",2011-10-07,-0.0283301832833066,3015200,-0.604490666666667,35.669998,0.0465377093657251,34.009998,36.709999,7964,-1.01944744949843,-2.07193881501848
"2011-10-10",2011-10-10,0.0496215615150862,2014400,-0.584864875952876,37.439999,0.0472756689977476,35.669998,37.439999,7964,1.01585724011947,-1.96123491495849
"2011-10-11",2011-10-11,-0.00347216889615837,2057100,-0.586306295218295,37.310001,0.0439561231853089,35.669998,37.439999,7966,-1.00246453381744,-1.98711705322958
"2011-10-12",2011-10-12,0.0192977212731781,2128900,-0.578322949410949,38.029999,0.0189323696800517,37.310001,38.029999,7966,-0.986383660089521,-2.07975419318346
"2011-10-13",2011-10-13,-0.0310281627932727,2830100,-0.591406813582813,36.849998,0,0,38.029999,7968,-1.0226238024709,-2.25380474342352
"2011-10-14",2011-10-14,0.00217101775690735,2700700,-0.59051975051975,36.93,0.00216631464933659,36.849998,36.93,7968,-0.998500079737518,-2.23720559958318
"2011-10-17",2011-10-17,0.00595727051177907,3315000,-0.588080365904366,37.150002,0.00807547735798242,0,37.150002,0,3.72774904165259,-2.19182020971585
"2011-10-18",2011-10-18,0.0438760945423367,5164900,-0.570006941094941,38.779999,0.0497679486789052,0,38.779999,0,6.16284913853554,-1.86691356531819
"2011-10-19",2011-10-19,-0.021918489477011,3713900,-0.579431739431739,37.93,0.0284735565515424,36.849998,38.779999,7972,-1.01653453257726,-2.03391297030587
"2011-10-20",2011-10-20,0.0179277880305826,2375300,-0.571891880803881,38.610001,0.0455841221034933,36.849998,38.779999,0,1.60092828660085,-1.89990533180626
"2011-10-21",2011-10-21,0.0357420607163413,3622100,-0.556590414414414,39.990002,0.0515129256557676,37.93,39.990002,7972,1.13006290959852,-1.78449075237147
"2011-10-24",2011-10-24,0.0155038501873543,2650700,-0.549715858627858,40.610001,0.0659936206354685,0,40.610001,0,1.28110798979789,-1.66839673695501
"2011-10-25",2011-10-25,-0.0302881056319106,2225800,-0.563354112266112,39.380001,0.0368207456368526,37.93,40.610001,7976,-1.02480964197085,-1.90113180910963
"2011-10-26",2011-10-26,0.0119349158980468,2548200,-0.55814278031878,39.849998,0.0481806297706715,37.93,40.610001,0,1.30851857933179,-1.8110453457732
"2011-10-27",2011-10-27,0.0644918476532922,2992100,-0.529646591822591,42.419998,0.0716642419455088,39.380001,42.419998,7976,1.48740774636226,-1.52846642190584
"2011-10-28",2011-10-28,-0.00942946767701395,1751800,-0.534081774081774,42.02,0.0628272013326988,39.380001,42.419998,7979,-1.00837385216418,-1.60061849652097
"2011-10-31",2011-10-31,-0.0368871727748691,2407800,-0.55126818018018,40.470001,0.0269335303451068,39.380001,42.419998,0,-1.03217935329839,-1.88917887705584
"2011-11-01",2011-11-01,-0.0437360997347147,2832400,-0.570893959805959,38.700001,0,38.700001,42.02,7981,-1.03560114719367,-2.14229026912998
"2011-11-02",2011-11-02,0.0260981388605133,1540000,-0.55969509078309,39.709999,0.0254343496709734,38.700001,39.709999,7981,-0.980383626712962,-1.94314030351509
"2011-11-03",2011-11-03,0.0219089151827981,1953500,-0.550048487872488,40.580002,0.0463282628719437,0,40.580002,0,1.82148407453937,-1.77711222980659
"2011-11-04",2011-11-04,-0.0224249372880761,1899300,-0.560138622314622,39.669998,0.0244516523545073,38.700001,40.580002,7984,-1.0183440817757,-1.95089374250203
"2011-11-07",2011-11-07,0.00882283886175148,1030500,-0.556257796257796,40.02,0.0329834832583709,38.700001,40.580002,0,1.34892655842503,-1.88341454479434
"2011-11-08",2011-11-08,0.0194902298850574,1370200,-0.547609158697158,40.799999,0.0276961036200025,39.669998,40.799999,7984,-0.984452105446753,-1.8651416650554
"2011-11-09",2011-11-09,-0.0558823298010374,1887200,-0.572889812889813,38.52,0,0,40.799999,7987,-1.0461655065317,-2.15314036877161
"2011-11-10",2011-11-10,0.0077881619937694,1622900,-0.569563409563409,38.82,0.00772797527047908,38.52,38.82,7987,-0.994193642038032,-2.09304520935191
"2011-11-11",2011-11-11,0.0309119010819166,1331800,-0.556257796257796,40.02,0.0374812593703149,0,40.02,0,4.85007496251878,-1.85896318643778
"2011-11-14",2011-11-14,-0.0299850074962519,1893500,-0.569563409563409,38.82,0.00772797527047908,38.52,40.02,7990,-1.02391986844072,-2.09304520935191
"2011-11-15",2011-11-15,0.0069551777434313,1544600,-0.566569646569646,39.09,0.014581734458941,38.52,40.02,0,1.88687643898697,-2.03951090977611
"2011-11-16",2011-11-16,-0.0312100537221797,2412300,-0.580097031185031,37.869999,0,37.869999,39.09,7992,-1.02387594305005,-2.19232112675161
"2011-11-17",2011-11-17,-0.0205967525903551,2039100,-0.588745668745668,37.09,0,37.09,37.869999,7993,-1.01490894987511,-2.23933790371601
"2011-11-18",2011-11-18,-0.00404424373146409,1942600,-0.590408881496881,36.939999,0,36.939999,37.09,7994,-1.00282501059372,-2.2483796634637
"2011-11-21",2011-11-21,-0.00785048748918482,2344600,-0.593624371448371,36.650002,0,36.650002,36.939999,7995,-1.00544620863991,-2.26586010160445
"2011-11-22",2011-11-22,-0.0177353878452722,1528400,-0.600831600831601,36,0,36,36.650002,7996,-1.01214106045822,-2.30504091986245
"2011-11-23",2011-11-23,-0.0250000555555556,2159400,-0.610810832986833,35.099998,0,35.099998,36,7997,-1.01660903344867,-2.35929123723659
"2011-11-25",2011-11-25,-0.000569686642147359,682900,-0.611032548856549,35.080002,0,35.080002,35.099998,7998,-1.00036298614521,-2.3604965560539
"2011-11-28",2011-11-28,0.0142531348772443,2165000,-0.605488543312543,35.580002,0.014052837883483,35.080002,35.580002,7998,-0.990926824513063,-2.25396180879729
"2011-11-29",2011-11-29,-0.00534016271275075,1280600,-0.607595298683298,35.389999,0.0087594520700609,35.080002,35.580002,8000,-1.0034794306086,-2.29419135768544
"2011-11-30",2011-11-30,0.0632947743231074,2896000,-0.582758131670131,37.630001,0.0595270247268928,35.389999,37.630001,8000,6.79574752516214,-1.88317966276893
"2011-12-01",2011-12-01,-0.00797233569034451,1271400,-0.586084523908524,37.330002,0.051969003376962,35.389999,37.630001,8002,-1.00570801513976,-1.94235083770632
"2011-12-02",2011-12-02,0.025180764790744,2039500,-0.575661815661815,38.27,0.0245622680951137,37.330002,38.27,8002,-0.982216373540798,-2.03468147423373
"2011-12-05",2011-12-05,0.0292657172720146,2339600,-0.563243254331254,39.389999,0.0522974626122739,0,39.389999,0,2.12917888566967,-1.81639273571984
"2011-12-06",2011-12-06,0.0132013458543117,3990100,-0.557477477477477,39.91,0.0646454021548484,0,39.91,0,1.23610972551614,-1.71792074428389
"2011-12-07",2011-12-07,0.0152843898772239,2369000,-0.55071379071379,40.52,0.0787265054294176,0,40.52,0,1.21782064625169,-1.60460175765425
"2011-12-08",2011-12-08,-0.038252690029615,2460800,-0.567900196812197,38.970001,0.0420836273522293,37.330002,40.52,8007,-1.03120750994111,-1.89723506902762
"2011-12-09",2011-12-09,0.0197588139656448,1610900,-0.559362417186417,39.740002,0.0606441841648623,37.330002,40.52,0,1.441039852798,-1.74991979173701
"2011-12-12",2011-12-12,-0.0123301956552493,2341100,-0.564795564795565,39.25,0.0489171464968152,37.330002,40.52,0,-1.00971310807129,-1.84320808115705
"2011-12-13",2011-12-13,-0.00229299363057334,3548900,-0.565793485793486,39.16,0.0467313074565883,37.330002,40.52,0,-1.00176687116564,-1.86051602527799
"2011-12-14",2011-12-14,0.00229826353421868,2124600,-0.564795564795565,39.25,0.0489171464968152,37.330002,40.52,0,1.04677461768553,-1.84320808115705
"2011-12-15",2011-12-15,-0.00025472611464976,1994500,-0.564906422730423,39.240002,0.0486748191297237,37.330002,40.52,0,-1.0001962797546,-1.84512811011565
"2011-12-16",2011-12-16,-0.00662594257767877,2983000,-0.567789327789328,38.98,0.0423293483837864,37.330002,40.52,0,-1.00510333206157,-1.89529653073888
"2011-12-19",2011-12-19,-0.0177013596716265,2010700,-0.575440044352044,38.290001,0.0250717935473544,37.330002,40.52,0,-1.01347456915491,-2.03070590969964
"2011-12-20",2011-12-20,0.0300338984060095,2093900,-0.562688853776854,39.439999,0.0534989110927716,37.330002,40.52,0,2.13382863861436,-1.80684737532311
"2011-12-21",2011-12-21,0.00456389463904397,1422400,-0.560693011781011,39.619999,0.0577990171074967,37.330002,40.52,0,1.08037744931422,-1.77262057586286
"2011-12-22",2011-12-22,0.0229681984595708,1148700,-0.550602921690921,40.529999,0.0552676549535568,38.290001,40.529999,8007,-0.982004252098596,-1.73152889835679
"2011-12-23",2011-12-23,0.0039476931642659,677100,-0.54882883991684,40.689999,0.0589825032927626,0,40.689999,0,1.06721559549301,-1.70168930788948
"2011-12-27",2011-12-27,-0.0105677318891061,909800,-0.553596695772695,40.259998,0.0489318702897106,38.290001,40.689999,8019,-1.0086873274673,-1.78224738200739
"2011-12-28",2011-12-28,-0.0198708156915457,1151100,-0.562467093555093,39.459999,0.0296502288304672,38.290001,40.689999,0,-1.01602321301795,-1.93529092682439
"2011-12-29",2011-12-29,0.0121642172368022,1214200,-0.557144848232848,39.939999,0.0413119189111648,38.290001,40.689999,0,1.39330860302551,-1.84296078843908
"2011-12-30",2011-12-30,-0.00701049091162981,710900,-0.56024948024948,39.66,0.0345435955622794,38.290001,40.689999,0,-1.00557239652575,-1.89663335098382
"2012-01-03",2012-01-03,0.0252143217347453,1307100,-0.549161469161469,40.66,0.0582882193802263,38.290001,40.689999,0,1.68738136350448,-1.7072719382788
"2012-01-04",2012-01-04,-0.00122968519429414,1173600,-0.549715858627858,40.610001,0.0571287846065308,38.290001,40.689999,0,-1.00100951996366,-1.71658883836709
"2012-01-05",2012-01-05,0.00861851739427454,1033400,-0.545835076923077,40.959999,0.0366210946440697,39.459999,40.959999,8019,-0.992940386121535,-1.80697806229721
"2012-01-06",2012-01-06,0.00122067874073922,1056400,-0.545280687456687,41.009998,0.0377956370541642,0,41.009998,0,1.03207283729529,-1.79757903223573
"2012-01-09",2012-01-09,0.00975376784948864,950900,-0.540845460845461,41.41,0.0470900990099008,0,41.41,0,1.24591362072868,-1.72294002688746
"2012-01-10",2012-01-10,0.0142477662400387,1281200,-0.534303534303534,42,0.0604762142857143,0,42,0,1.28426602528483,-1.61460477859976
"2012-01-11",2012-01-11,0.00619042857142864,883000,-0.531420673596673,42.259998,0.0662564868081631,0,42.259998,0,1.09557927179668,-1.56750919851566
"2012-01-12",2012-01-12,0.00615243758411915,1211000,-0.528537768537768,42.52,0.07196615710254,0,42.52,0,1.08617526478439,-1.52079719375161
"2012-01-13",2012-01-13,-0.00823146754468494,1664700,-0.532418594594594,42.169998,0.0642636739038972,39.459999,42.52,8031,-1.00734257093407,-1.58376779044452
"2012-01-17",2012-01-17,-0.005691202546417,2403100,-0.535079695079695,41.93,0.0589077271643214,39.459999,42.52,0,-1.00499813588803,-1.62735103909298
"2012-01-18",2012-01-18,-0.0169329596947292,3782600,-0.542952171864172,41.220001,0.0426977670378998,39.459999,42.52,0,-1.01471271823033,-1.75827091601699
"2012-01-19",2012-01-19,0.0218340120855406,1471200,-0.532972984060984,42.119999,0.0631528979855863,39.459999,42.52,0,1.47906793180847,-1.59282016533622
"2012-01-20",2012-01-20,0.0225546301651147,1488700,-0.522439362439362,43.07,0.0429533085674483,41.220001,43.07,8031,-0.980236105887843,-1.64536747684599
"2012-01-23",2012-01-23,0.00232175528209889,1695800,-0.521330583506583,43.169998,0.0451701897229645,0,43.169998,0,1.05161141782676,-1.62728811838814
"2012-01-24",2012-01-24,-0.00880233999547563,1159500,-0.525543994455994,42.790001,0.0366908147536615,41.220001,43.169998,8037,-1.00808203294169,-1.69629018725887
"2012-01-25",2012-01-25,-0.0123861413324107,2827700,-0.531420673596673,42.259998,0.0246094900430426,41.220001,43.169998,0,-1.01118208789877,-1.79391567519065
"2012-01-26",2012-01-26,-0.0279222919035633,2687700,-0.544504482328482,41.080002,0,41.080002,42.790001,8039,-1.02462043609116,-1.9988285772662
"2012-01-27",2012-01-27,0.0143621219882122,1640300,-0.5379626001386,41.669998,0.0141587719778629,41.080002,41.669998,8039,-0.987985622887975,-1.88629315961247
"2012-01-30",2012-01-30,-0.00743933321043123,1203800,-0.54139985031185,41.360001,0.00676980157713236,41.080002,41.669998,8041,-1.00638938500997,-1.94514797859701
"2012-01-31",2012-01-31,-0.00459388286765267,1326600,-0.543506605682605,41.169998,0.00218596075715138,41.080002,41.669998,0,-1.00389131132848,-1.98152021256488
"2012-02-01",2012-02-01,0.0238038389022997,1856600,-0.53264031046431,42.150002,0.0232503903558534,41.169998,42.150002,8041,10.6362341042901,-1.80793451695598
"2012-02-02",2012-02-02,0.00593119782058373,1480400,-0.529868307692307,42.400002,0.0290095269335129,0,42.400002,0,1.24770064026945,-1.76155649807808
"2012-02-03",2012-02-03,0.0398584415161113,2501100,-0.511129591129591,44.09,0.0662282150147426,0,44.09,0,2.28298155866283,-1.45735403899649
"2012-02-06",2012-02-06,0.00136089816284866,1790100,-0.510464288288288,44.150002,0.0674972562855151,0,44.150002,0,1.0191616408579,-1.44683832191942
"2012-02-07",2012-02-07,0.000452910511759411,1453600,-0.510242572418572,44.169998,0.0679194053846233,0,44.169998,0,1.00625431495056,-1.44333806474918
"2012-02-08",2012-02-08,0.000452818675699297,1019000,-0.510020801108801,44.189999,0.0683412778533894,0,44.189999,0,1.00621136870055,-1.43983901004052
"2012-02-09",2012-02-09,-0.00294179685317487,1243900,-0.51146222037422,44.060001,0.0655924406356686,41.169998,44.189999,8049,-1.00282619701449,-1.46261859273319
"2012-02-10",2012-02-10,-0.00975941875262326,1124200,-0.516230065142065,43.630001,0.0563832900210111,41.169998,44.189999,0,-1.00932198817022,-1.53860203751558
"2012-02-13",2012-02-13,0.000458423092862194,777900,-0.516008293832294,43.650002,0.0568156674998549,41.169998,44.189999,0,1.00766853936127,-1.53504587419156
"2012-02-14",2012-02-14,-0.00549832735402862,1195000,-0.518669438669438,43.41,0.0516010596636719,41.169998,44.189999,0,-1.00515717454342,-1.57786100018944
"2012-02-15",2012-02-15,-0.00529831835982485,837200,-0.521219681219681,43.18,0.0465493747105141,41.169998,44.189999,0,-1.00491689380578,-1.61918752444497
"2012-02-16",2012-02-16,0.0155163964798518,911600,-0.513790735966736,43.849998,0.0611174486256533,41.169998,44.189999,0,1.31295960484403,-1.49960464947115
"2012-02-17",2012-02-17,0.000684218959371462,1018700,-0.513458062370062,43.880001,0.0617594106253553,41.169998,44.189999,0,1.01050374343396,-1.49430621672552
"2012-02-21",2012-02-21,-0.0034184365674924,665300,-0.515121275121275,43.73,0.0585410930711182,41.169998,44.189999,0,-1.00323923777443,-1.52084378637243
"2012-02-22",2012-02-22,-0.0162359935970728,949300,-0.522993762993763,43.02,0.0430033007903301,41.169998,44.189999,0,-1.01528278534144,-1.64810960285783
"2012-02-23",2012-02-23,0.0199907252440725,800400,-0.513458062370062,43.880001,0.0617594106253553,41.169998,44.189999,0,1.4361551204284,-1.49430621672552
"2012-02-24",2012-02-24,-0.000455788503742357,707700,-0.513679822591822,43.860001,0.0613315763490292,41.169998,44.189999,0,-1.00043189549062,-1.49783762146063
"2012-02-27",2012-02-27,0.0129958729367107,1135500,-0.507359667359667,44.43,0.0317353139770424,43.02,44.43,8049,-0.987696314018592,-1.62437403026724
"2012-02-28",2012-02-28,-0.000900315102408207,1001000,-0.507803198891199,44.389999,0.0308627851061677,43.02,44.43,8061,-1.00087419548708,-1.63152855813105
"2012-02-29",2012-02-29,0.000450574463856003,1369700,-0.507581427581427,44.41,0.0312992569241161,43.02,44.43,0,1.01414233409094,-1.62795013666208
"2012-03-01",2012-03-01,0.0123845755460483,1078400,-0.501483032571032,44.959999,0.0126779362250431,44.389999,44.959999,8061,-0.987985385833652,-1.69602879066027
"2012-03-02",2012-03-02,-0.00066723755932476,811700,-0.501815661815662,44.93,0.0120187180057867,44.389999,44.959999,8064,-1.00066329112457,-1.70142079265657
"2012-03-05",2012-03-05,-0.0133540618740262,998800,-0.508468446292446,44.330002,0,44.330002,44.93,8065,-1.01325742694581,-1.8029250887562
"2012-03-06",2012-03-06,-0.0189487922874446,1228700,-0.517782375606375,43.490002,0,43.490002,44.330002,8066,-1.01831761514769,-1.85355860578648
"2012-03-07",2012-03-07,0.00344899961145107,1104200,-0.516119207207207,43.639999,0.00343714490002633,43.490002,43.639999,8066,-0.996787900713653,-1.82583166137985
"2012-03-08",2012-03-08,0.00756191584697333,1133200,-0.512460141372141,43.970001,0.0109165110094041,0,43.970001,0,3.17604038436681,-1.76527956091393
"2012-03-09",2012-03-09,0.00705021589606043,1047200,-0.50902288011088,44.279999,0.0178409443956853,0,44.279999,0,1.63430828589063,-1.7089500543528
"2012-03-12",2012-03-12,0.00767841029084042,1037600,-0.505252956340956,44.619999,0.0253248997159323,0,44.619999,0,1.41948201587675,-1.6477703460511
"2012-03-13",2012-03-13,0.0212909238299176,2321600,-0.494719334719334,45.57,0.0456440201887207,0,45.57,0,1.80233764795543,-1.48004491142366
"2012-03-14",2012-03-14,0.00811935483870968,2699400,-0.490616781704781,45.939999,0.0533303668552541,0,45.939999,0,1.16839767037945,-1.41595665901682
"2012-03-15",2012-03-15,0.027427122930499,2322100,-0.476645865557865,47.200001,0.078601672063524,0,47.200001,0,1.47386332962718,-1.20262331534176
"2012-03-16",2012-03-16,0.00148302962959689,2654800,-0.475869715869715,47.27,0.0799661095832453,0,47.27,0,1.01735888669924,-1.19098639442564
"2012-03-19",2012-03-19,0.00740425216839426,1359000,-0.471988923076923,47.619999,0.0867282042572072,0,47.619999,0,1.08456200644502,-1.13312823320969
"2012-03-20",2012-03-20,-0.000209953805332987,808000,-0.472099781011781,47.610001,0.0865364191023646,43.490002,47.619999,8076,-1.00023487401809,-1.13477349843771
"2012-03-21",2012-03-21,-0.00441081696259566,1047600,-0.474428252252252,47.400002,0.0824894479962259,43.490002,47.619999,0,-1.00493215912001,-1.16943245469045
"2012-03-22",2012-03-22,-0.00949369158254467,1266000,-0.479417868329868,46.950001,0.0736953977913654,43.490002,47.619999,0,-1.0105171141346,-1.24436490027061
"2012-03-23",2012-03-23,0.00660270486469218,1073600,-0.475980618156618,47.259998,0.079771395673779,43.490002,47.619999,0,1.08244745349791,-1.19264782241827
"2012-03-26",2012-03-26,0.0135421927017432,1234400,-0.468884246708246,47.900002,0.0198330054349476,46.950001,47.900002,8076,-0.985091049556063,-1.47991404144997
"2012-03-27",2012-03-27,-0.00876830861092665,1341000,-0.473541233541233,47.48,0.0111625737152484,46.950001,47.900002,8081,-1.00993206077125,-1.55236617754766
"2012-03-28",2012-03-28,0.00105305391743891,2404400,-0.472986844074844,47.529999,0.0122027774500899,46.950001,47.900002,0,1.09318672927736,-1.54369745575587
"2012-03-29",2012-03-29,-0.0090469389658518,856900,-0.4777546999307,47.099998,0.00318464981675792,46.950001,47.900002,0,-1.01008031389368,-1.6186424984174
"2012-03-30",2012-03-30,0.00743106188666931,1046400,-0.473873862785862,47.450001,0.0105374075756078,46.950001,47.900002,0,3.30881201448242,-1.557573061481
"2012-04-02",2012-04-02,0.00800845083227712,985400,-0.469660407484407,47.830002,0.0183985148066689,46.950001,47.900002,0,1.74601909194991,-1.49193185388573
"2012-04-03",2012-04-03,0.00146351656017075,1305000,-0.468884246708246,47.900002,0.016701544187827,47.099998,47.900002,8081,-0.998347400028207,-1.49693767251281
"2012-04-04",2012-04-04,-0.0179540911083888,1009900,-0.478419947331947,47.040001,0,0,47.900002,8087,-1.02033700362221,-1.63957177861509
"2012-04-05",2012-04-05,0.00127544640145741,1166100,-0.4777546999307,47.099998,0.00127382171014112,47.040001,47.099998,8087,-0.998609490668277,-1.62903037492121
"2012-04-09",2012-04-09,-0.0186835889037616,884500,-0.487512116424116,46.220001,0,0,47.099998,8089,-1.02042348614222,-1.68899973571607
"2012-04-10",2012-04-10,-0.0199048459561912,1281900,-0.497713108801108,45.299999,0,45.299999,46.220001,8090,-1.02092459250411,-1.74445561301951
"2012-04-11",2012-04-11,0.0158940621610169,1227100,-0.489729729729729,46.02,0.0156453933072578,45.299999,46.02,8090,-0.983959877828797,-1.61600200248491
"2012-04-12",2012-04-12,0.0167318774445892,744700,-0.48119195010395,46.790001,0.0318444532625677,0,46.790001,0,2.03538847743733,-1.48152458205494
"2012-04-13",2012-04-13,-0.0232955754798979,1217800,-0.493277882189882,45.700001,0.00875277880190861,45.299999,46.790001,8093,-1.02511665476391,-1.67276137161242
"2012-04-16",2012-04-16,0.0100656234121307,1196200,-0.488177408177408,46.16,0.018630870883882,45.299999,46.790001,0,2.12856640222868,-1.59133306612828
"2012-04-17",2012-04-17,0.0153812608318892,1811400,-0.480304931392931,46.869999,0.0249626205453941,45.700001,46.869999,8093,1.33985258665443,-1.51411432016042
"2012-04-18",2012-04-18,-0.00682739506779167,1016500,-0.483853094941095,46.549999,0.0182598929808785,45.700001,46.869999,8096,-1.00738731442518,-1.56984146304878
"2012-04-19",2012-04-19,-0.0019334049824576,1088000,-0.484851015939016,46.459999,0.0163581148591933,45.700001,46.869999,0,-1.0020624462432,-1.58560516060397
"2012-04-20",2012-04-20,-0.00301332335370914,1411900,-0.486403326403326,46.32,0.0133851252158894,45.700001,46.869999,0,-1.00320162361897,-1.61020614825838
"2012-04-23",2012-04-23,-0.0110103411053541,985200,-0.492058200970201,45.810001,0.00240122238809815,45.700001,46.869999,0,-1.01162589616459,-1.70065989663672
"2012-04-24",2012-04-24,0.013315804118843,794100,-0.485294547470547,46.419998,0.0155104918358678,45.700001,46.869999,0,6.45941496828734,-1.59262429226566
"2012-04-25",2012-04-25,0.0105558384556586,1239200,-0.4798613998614,46.91,0.0234491366446387,45.810001,46.91,8096,1.51182418280333,-1.51993092555678
"2012-04-26",2012-04-26,0.00554248561074404,1345600,-0.476978539154539,47.169998,0.0288318222951801,0,47.169998,0,1.22954728492199,-1.47499675565427
"2012-04-27",2012-04-27,0.00869205040034135,1062800,-0.47243241025641,47.580002,0.0372005238671491,0,47.580002,0,1.29025919646321,-1.40478758114691
"2012-04-30",2012-04-30,-0.000420365682204061,875900,-0.472654181566181,47.560001,0.036795625803288,45.810001,47.580002,8104,-1.00046942441915,-1.40819435752804
"2012-05-01",2012-05-01,0.00546675766470233,1063600,-0.469771309771309,47.82,0.00543703471350898,47.560001,47.82,8104,-0.993900674304162,-1.56299753127682
"2012-05-02",2012-05-02,-0.0146382475951485,1230000,-0.477532928620928,47.119999,0,0,47.82,8106,-1.01652212190948,-1.63474965945391
"2012-05-03",2012-05-03,-0.00169775046047865,1171100,-0.478419947331947,47.040001,0,47.040001,47.119999,8107,-1.00185750271417,-1.63957177861509
"2012-05-04",2012-05-04,-0.00914115626825773,1174400,-0.483187792099792,46.610001,0,46.610001,47.040001,8108,-1.00996581516811,-1.66549131709487
"2012-05-07",2012-05-07,0.00257453330670385,601900,-0.481857241857242,46.73,0.00256792210571366,46.610001,46.73,8108,-0.997246308238112,-1.64429796685732
"2012-05-08",2012-05-08,-0.0106997646051787,1302500,-0.487401247401247,46.23,0,0,46.73,8110,-1.01150549387332,-1.68839701602942
"2012-05-09",2012-05-09,-0.0231451438459875,1556300,-0.499265419265419,45.16,0,45.16,46.23,8111,-1.0243416936814,-1.75289447224656
"2012-05-10",2012-05-10,0.00465011071744915,1374400,-0.496936948024948,45.369999,0.00462858727415894,45.16,45.369999,8111,-0.995336205652101,-1.7150736633368
"2012-05-11",2012-05-11,-0.00551024918470904,1249600,-0.49970895079695,45.119999,0,0,45.369999,8113,-1.00557817804255,-1.75530565238314
"2012-05-14",2012-05-14,-0.0206117025844792,1224800,-0.510020801108801,44.189999,0,44.189999,45.119999,8114,-1.02063571263914,-1.81136418909523
"2012-05-15",2012-05-15,0.00407331984777822,1261200,-0.508024959112959,44.369999,0.00405679522327684,44.189999,44.369999,8114,-0.99608674392985,-1.77846010539621
"2012-05-16",2012-05-16,-0.00901505542066829,996100,-0.512460141372141,43.970001,0,0,44.369999,8116,-1.00873024480318,-1.82462522776146
"2012-05-17",2012-05-17,-0.00909713420293084,1413700,-0.516895356895356,43.57,0,43.57,43.970001,8117,-1.00865475217514,-1.8487364866253
"2012-05-18",2012-05-18,-0.00918067477622219,1845500,-0.521330583506583,43.169998,0,43.169998,43.57,8118,-1.00858051161045,-1.87284780576714
"2012-05-21",2012-05-21,0.00324306246203672,1501100,-0.519778228690228,43.310001,0.0032325790064055,43.169998,43.310001,8118,-0.997022321602709,-1.84683536568547
"2012-05-22",2012-05-22,0.00138531513772074,1697100,-0.51911297020097,43.369999,0.0046115057553956,0,43.369999,0,1.42657170830402,-1.83572251689896
"2012-05-23",2012-05-23,0.00345863508090012,1633400,-0.517449757449757,43.52,0.00804232536764715,0,43.52,0,1.74396949591517,-1.80802971768022
"2012-05-24",2012-05-24,0.00321691176470573,1379700,-0.515897435897436,43.66,0.0112231333027942,0,43.66,0,1.39550848663036,-1.78229890263615
"2012-05-25",2012-05-25,-0.00389367842418689,825900,-0.517782375606375,43.490002,0.00735810497318434,43.169998,43.66,8123,-1.0036537101714,-1.8135575792688
"2012-05-29",2012-05-29,0.0103471367970966,1026000,-0.512792803880803,43.939999,0.0102411700100403,43.490002,43.939999,8123,1.39182167791339,-1.77075939236529
"2012-05-30",2012-05-30,-0.0248065777152157,1149100,-0.524878747054747,42.849998,0,0,43.939999,8125,-1.02356886267217,-1.89213676463582
"2012-05-31",2012-05-31,0.00770133058115896,1120900,-0.521219681219681,43.18,0.00764247336729973,42.849998,43.18,8125,-0.993028740722313,-1.83069796062691
"2012-06-01",2012-06-01,-0.0338119268179712,1198100,-0.537408166320166,41.720001,0,0,43.18,8127,-1.0310588523108,-1.96025071980684
"2012-06-04",2012-06-04,-0.00311603539990327,1490300,-0.538849618849618,41.59,0,41.59,41.720001,8128,-1.00268223041589,-1.96808691962524
"2012-06-05",2012-06-05,-0.00288528492426064,1879100,-0.540180169092169,41.470001,0,41.470001,41.59,8129,-1.00246924224497,-1.975320218923
"2012-06-06",2012-06-06,0.0221846630772929,1258400,-0.529979221067221,42.389999,0.0217031852253641,41.470001,42.389999,8129,-0.981115656203944,-1.80187908362793
"2012-06-07",2012-06-07,0.00872845031206535,1310600,-0.525876668052668,42.759998,0.0301683129171334,0,42.759998,0,1.39004079833758,-1.73355712695139
"2012-06-08",2012-06-08,0.0119270819423331,1143800,-0.52022176022176,43.27,0.0415992373468916,0,43.27,0,1.37890499416248,-1.64067304445646
"2012-06-11",2012-06-11,-0.010399815114398,1090100,-0.525211365211365,42.82,0.0315273003269499,41.470001,43.27,8133,-1.00959130388448,-1.72255243371724
"2012-06-12",2012-06-12,0.0203175852405418,1314100,-0.515564806652806,43.689999,0.0199130011424353,42.82,43.689999,8133,-0.981632997308281,-1.73324970499098
"2012-06-13",2012-06-13,-0.0151064320234936,1140700,-0.522882893970894,43.029999,0.00488029293237946,42.82,43.689999,8135,-1.01419431121685,-1.85475582210548
"2012-06-14",2012-06-14,0.0141761564995622,1383000,-0.516119207207207,43.639999,0.0187900783407443,42.82,43.689999,0,3.85019477336639,-1.74236817452767
"2012-06-15",2012-06-15,0.0162694550015915,1554000,-0.50824673042273,44.349998,0.0297632256939449,43.029999,44.349998,8135,1.58398624817899,-1.63991729707746
"2012-06-18",2012-06-18,-0.00811715932884602,599300,-0.51223837006237,43.990002,0.0218232088282242,43.029999,44.349998,8138,-1.00785374386239,-1.70478162152107
"2012-06-19",2012-06-19,0.0147760166048641,795000,-0.505031196119196,44.639999,0.0145608650215249,43.990002,44.639999,8138,-0.98593003889518,-1.7050815426532
"2012-06-20",2012-06-20,-0.002464157761294,1060400,-0.506250877338877,44.529999,0.0121265890888522,43.990002,44.639999,8140,-1.00241506114682,-1.72494562959929
"2012-06-21",2012-06-21,-0.0278463514000977,1265700,-0.519999988911989,43.290001,0,43.290001,44.529999,8141,-1.02715869184343,-1.8656142653574
"2012-06-22",2012-06-22,0.0150149684681228,1110000,-0.512792803880804,43.939999,0.0147928542283309,43.290001,43.939999,8141,-0.986140028490645,-1.74601497219468
"2012-06-25",2012-06-25,-0.0109239875039596,1453800,-0.518115049203049,43.459999,0.00391159696069032,43.290001,43.939999,8143,-1.01037893917771,-1.83410242666012
"2012-06-26",2012-06-26,0.00621263244851877,819200,-0.515121275121275,43.73,0.0100617196432655,43.290001,43.939999,0,2.57227923642977,-1.78439326128688
"2012-06-27",2012-06-27,0.00503089412302775,972300,-0.512681901593901,43.950001,0.0111490782446171,43.459999,43.950001,8143,1.10806886296811,-1.76522081051104
"2012-06-28",2012-06-28,0.00136511942286424,1127000,-0.512016654192654,44.009998,0.0124971375822376,0,44.009998,0,1.12091217839209,-1.75427582718406
"2012-06-29",2012-06-29,0.0456714858291973,1764200,-0.489729729729729,46.02,0.0556280095610604,0,46.02,0,4.45126007415694,-1.39864363387733
"2012-07-02",2012-07-02,0.00717075184702295,1386800,-0.486070708246708,46.349998,0.0623516531759073,0,46.349998,0,1.12086795245598,-1.34220012519981
"2012-07-03",2012-07-03,0.0058252645447795,692400,-0.483076934164934,46.619999,0.0677820692359945,0,46.619999,0,1.08709337737633,-1.29640351663244
"2012-07-05",2012-07-05,0.00922350942135369,2203400,-0.478309089397089,47.049999,0.0763018082104528,0,47.049999,0,1.12569310837643,-1.22416793538308
"2012-07-06",2012-07-06,-0.011902168159451,1202000,-0.484518342342342,46.490002,0.0651753682436923,43.459999,47.049999,8151,-1.01298167457591,-1.31841034078542
"2012-07-09",2012-07-09,-0.0010755645912856,1140800,-0.485072776160776,46.439999,0.0641688213645309,43.459999,47.049999,0,-1.00114429892531,-1.32689633419074
"2012-07-10",2012-07-10,-0.013781223380302,976500,-0.492169103257103,45.799999,0.0510917041723079,43.459999,47.049999,0,-1.0146294070603,-1.43656566928179
"2012-07-11",2012-07-11,0.0187773148204653,1871600,-0.482633402633402,46.66,0.0685812473210458,43.459999,47.049999,0,1.34231669176182,-1.28964774724509
"2012-07-12",2012-07-12,-0.0180025717959708,899700,-0.491947331947332,45.82,0.0515059144478393,43.459999,47.049999,0,-1.01929814485096,-1.4331082687213
"2012-07-13",2012-07-13,0.0268441510257529,1130800,-0.478309089397089,47.049999,0.0265674819674279,45.799999,47.049999,8151,-0.972277027103172,-1.49453973765234
"2012-07-16",2012-07-16,-0.000425079711478913,978800,-0.478530849618849,47.029999,0.0261535195865089,45.799999,47.049999,8157,-1.00046363371861,-1.49799573029995
"2012-07-17",2012-07-17,0.000850542225187029,2390900,-0.478087318087318,47.07,0.000849819417888309,47.029999,47.07,8157,-0.999073139105065,-1.63314360716638
"2012-07-18",2012-07-18,-0.0176332695984704,2185200,-0.487290345114345,46.240002,0,0,47.07,8159,-1.01924967820491,-1.68779411550878
"2012-07-19",2012-07-19,-0.00519035444678391,1114800,-0.48995148995149,46,0,46,46.240002,8160,-1.0054611072512,-1.70226095521628
"2012-07-20",2012-07-20,-0.0152174130434783,1381400,-0.497713108801108,45.299999,0,45.299999,46,8161,-1.01584160678925,-1.74445561301951
"2012-07-23",2012-07-23,-0.0052979692118757,863500,-0.500374209286209,45.060001,0,45.060001,45.299999,8162,-1.0053466554086,-1.75892221161503
"2012-07-24",2012-07-24,-0.00554815788841194,1094900,-0.503146212058212,44.810001,0,44.810001,45.060001,8163,-1.00553985941033,-1.77399171073118
"2012-07-25",2012-07-25,-0.00535596953010556,1002600,-0.505807345807345,44.57,0,44.57,44.810001,8164,-1.00528898694924,-1.78845849016068
"2012-07-26",2012-07-26,0.0195198339690375,804000,-0.496160787248787,45.439999,0.0191461051748703,44.57,45.439999,8164,-0.980928393708555,-1.63193230444943
"2012-07-27",2012-07-27,0.0178257266246859,784600,-0.487179487179487,46.25,0.0363243243243243,0,46.25,0,1.89721742320735,-1.48972073968205
"2012-07-30",2012-07-30,-0.0116756972972972,817500,-0.493167024255024,45.709999,0.0249398167783815,44.57,46.25,8167,-1.01229020768137,-1.58416076467525
"2012-07-31",2012-07-31,-0.00678182031900729,1000800,-0.496604274428274,45.400002,0.018281981573481,44.57,46.25,0,-1.00696974859266,-1.63904089745146
"2012-08-01",2012-08-01,-0.00770931684099928,1028300,-0.500485111573111,45.049999,0.0106548060078758,44.57,46.25,0,-1.00781474776733,-1.70160215789472
"2012-08-02",2012-08-02,-0.0213096342133103,1464000,-0.511129591129591,44.09,0,44.09,45.709999,8170,-1.02126832409264,-1.8173919284637
"2012-08-03",2012-08-03,0.031526423225221,850000,-0.495717255717255,45.48,0.0305628847845205,44.09,45.48,8170,-0.969846520961007,-1.56745583636487
"2012-08-06",2012-08-06,-0.00395780562884778,685400,-0.497713108801108,45.299999,0.026710795291629,44.09,45.48,8172,-1.0040261924733,-1.59924713411595
"2012-08-07",2012-08-07,0.0156732674541561,1186900,-0.489840632016632,46.009998,0.015431406886825,45.299999,46.009998,8172,-0.984182701549814,-1.61776820204917
"2012-08-08",2012-08-08,0.00152149539324034,734700,-0.489064426888426,46.080002,0.0169271477028148,0,46.080002,0,1.096928350536,-1.60541717277034
"2012-08-09",2012-08-09,0.00195303810967715,948000,-0.48806655024255,46.169998,0.018843383965492,0,46.169998,0,1.11320491179731,-1.58957511721998
"2012-08-10",2012-08-10,0.00108301932350103,599000,-0.487512116424116,46.220001,0.0199048459561912,0,46.220001,0,1.05633075209013,-1.58079058759632
"2012-08-13",2012-08-13,0.000216334915267385,502800,-0.487401247401247,46.23,0.0201168288989833,0,46.23,0,1.01064981579152,-1.57903546041524
"2012-08-14",2012-08-14,0.00216314081765095,880000,-0.486292424116424,46.330002,0.0222318790316478,0,46.330002,0,1.10513834676853,-1.56150944705547
"2012-08-15",2012-08-15,0.00345348571321013,467300,-0.484518342342342,46.490002,0.025596965988515,0,46.490002,0,1.15136313723536,-1.53357127201792
"2012-08-16",2012-08-16,0.0148418578256891,796100,-0.476867636867637,47.18,0.0398474141585418,0,47.18,0,1.55672411239757,-1.41450955287916
"2012-08-17",2012-08-17,0.00127176769817713,1038100,-0.476202334026334,47.240002,0.0410669542308656,0,47.240002,0,1.03060525000372,-1.40426294024664
"2012-08-20",2012-08-20,-0.00296367472634734,814700,-0.4777546999307,47.099998,0.0382165409009146,45.299999,47.240002,8182,-1.00325988722323,-1.42819786500583
"2012-08-21",2012-08-21,-0.00318464981675793,726300,-0.479417868329868,46.950001,0.0351438118180232,45.299999,47.240002,0,-1.00348121828924,-1.45394372775926
"2012-08-22",2012-08-22,-0.00149094778507034,757400,-0.480194029106029,46.880001,0.0337031136155479,45.299999,47.240002,0,-1.00161896505624,-1.46599528656598
"2012-08-23",2012-08-23,-0.0149317616268822,821700,-0.487955647955648,46.18,0.0190558899956691,45.299999,47.240002,0,-1.01616350553977,-1.58781696553355
"2012-08-24",2012-08-24,0.00627979644867916,778000,-0.484740113652113,46.470001,0.0251775763895509,45.299999,47.240002,0,1.32124904138684,-1.53705682904733
"2012-08-27",2012-08-27,-0.00430387337413658,663200,-0.486957726957727,46.27,0.0209639291117355,45.299999,47.240002,0,-1.00457484999313,-1.57201923119807
"2012-08-28",2012-08-28,0.000864512643181254,572700,-0.486514195426195,46.310001,0.0218095870911339,45.299999,47.240002,0,1.04033871584335,-1.56501078214754
"2012-08-29",2012-08-29,0.00151155254779632,1111200,-0.485738034650035,46.380001,0.023285941714404,45.299999,47.240002,0,1.06769291949916,-1.55276538356292
"2012-08-30",2012-08-30,-0.00452787829823463,1132900,-0.48806655024255,46.169998,0.018843383965492,45.299999,47.240002,0,-1.00479376829981,-1.58957511721998
"2012-08-31",2012-08-31,0.00584797512878386,1173900,-0.485072776160776,46.439999,0.0245478041461629,45.299999,47.240002,0,1.3027280127135,-1.5422889340769
"2012-09-04",2012-09-04,0.00667530160799529,909200,-0.481635481635482,46.75,0.031016064171123,45.299999,47.240002,0,1.26349648165867,-1.48843915187332
"2012-09-05",2012-09-05,-0.00021386096256691,1039200,-0.48174633957034,46.740002,0.0308087920064701,45.299999,47.240002,0,-1.00023016978417,-1.49016860947048
"2012-09-06",2012-09-06,0.0250320485651669,1505000,-0.468773388773389,47.91,0.0363181381757461,46.169998,47.91,8182,1.17882382951331,-1.3896928954452
"2012-09-07",2012-09-07,0.00166983928198707,1274600,-0.467886325710326,47.990002,0.0379246493884288,0,47.990002,0,1.044234404443,-1.3761370232347
"2012-09-10",2012-09-10,-0.0185456128966195,1877100,-0.4777546999307,47.099998,0.0197452237683747,46.169998,47.990002,8196,-1.02109139266977,-1.52861388912182
"2012-09-11",2012-09-11,0.00721870518975395,778200,-0.473984765072765,47.439999,0.026770679316414,46.169998,47.990002,0,1.35580531425993,-1.46992667285189
"2012-09-12",2012-09-12,0.0105396292272266,1302800,-0.468440759528759,47.939999,0.0369211730688606,46.169998,47.990002,0,1.37916459393778,-1.38460632408994
"2012-09-13",2012-09-13,0.019607885265079,1454500,-0.458018006930007,48.880001,0.0364157725774188,47.099998,48.880001,8196,-0.977750115918099,-1.33069240656968
"2012-09-14",2012-09-14,0.0051145661801439,1578000,-0.455246004158004,49.130001,0.0413190099466922,0,49.130001,0,1.13464597953673,-1.2889673312222
"2012-09-17",2012-09-17,-0.00997358009416684,1000200,-0.460679151767152,48.639999,0.0316612054206663,47.099998,49.130001,8201,-1.01193453113157,-1.37100660339025
"2012-09-18",2012-09-18,-0.00246708475466868,957100,-0.462009702009702,48.52,0.029266323165705,47.099998,49.130001,0,-1.00288823628646,-1.39125925331382
"2012-09-19",2012-09-19,-0.0142208985985161,1967600,-0.469660407484407,47.830002,0.0152624706141555,47.099998,49.130001,0,-1.01655962080758,-1.50898039931455
"2012-09-20",2012-09-20,-0.00167263216923972,1618100,-0.47054747054747,47.75,0.0136126073298429,47.099998,49.130001,0,-1.00188873289919,-1.52277194733739
"2012-09-21",2012-09-21,0.00188481675392677,4314300,-0.469549549549549,47.84,0.0154682692307693,47.099998,49.130001,0,1.13631935866233,-1.50725895239872
"2012-09-24",2012-09-24,-0.00167228260869566,727200,-0.470436612612612,47.759998,0.0138190960560761,47.099998,49.130001,0,-1.00188917881811,-1.52104674876359
"2012-09-25",2012-09-25,-0.016750398523886,1270300,-0.47930701039501,46.959999,0,46.959999,48.639999,8207,-1.01885567055067,-1.64439413888825
"2012-09-26",2012-09-26,-0.0117120743550273,1174400,-0.485405405405405,46.41,0,46.41,46.959999,8208,-1.01272335867854,-1.67754697666579
"2012-09-27",2012-09-27,0.00301656970480507,1079700,-0.483853094941095,46.549999,0.00300749737932327,46.41,46.549999,8208,-0.996802033007824,-1.65275839385358
"2012-09-28",2012-09-28,-0.00279271756804979,1128900,-0.485294547470547,46.419998,0.000215381310443075,46.41,46.549999,8210,-1.00297911193402,-1.67577343514254
"2012-10-01",2012-10-01,0.00990958681213214,1135400,-0.480194029106029,46.880001,0.0098123504732861,46.419998,46.880001,8210,45.5580405426102,-1.59587316320189
"2012-10-02",2012-10-02,0.00682593842094842,1329200,-0.476645865557865,47.200001,0.0165254869380194,0,47.200001,0,1.68415172114058,-1.5400894341823
"2012-10-03",2012-10-03,0.00572033886185729,1288000,-0.473652102564103,47.470001,0.0221192959317613,0,47.470001,0,1.33849586488569,-1.49340462932473
"2012-10-04",2012-10-04,0.00505578249303176,940000,-0.470991002079002,47.709999,0.0270383782653193,0,47.709999,0,1.22238873916844,-1.45219631617303
"2012-10-05",2012-10-05,-0.00754560904518158,1514100,-0.474982697158697,47.349998,0.0196409723185205,46.419998,47.709999,8215,-1.00847509838208,-1.51411113443583
"2012-10-08",2012-10-08,-0.00506857465970754,922200,-0.477643786555787,47.110001,0.014646635222954,46.419998,47.709999,0,-1.00560249754993,-1.55572849641326
"2012-10-09",2012-10-09,-0.00764171072719775,891700,-0.481635481635482,46.75,0.00705886631016039,46.419998,47.709999,0,-1.0083570543406,-1.61867818901918
"2012-10-10",2012-10-10,0.0010694973262032,876200,-0.481081092169092,46.799999,0.00811967966067695,46.419998,47.709999,0,1.15028098052936,-1.60989742672428
"2012-10-11",2012-10-11,0.00534188045602309,853700,-0.478309089397089,47.049999,0.0133900321655692,46.419998,47.709999,0,1.64908379703897,-1.56617659535967
"2012-10-12",2012-10-12,-0.0161529865282251,1007600,-0.486735955647956,46.290001,0,46.290001,47.349998,8220,-1.01761803494366,-1.68478027596355
"2012-10-15",2012-10-15,0.00799306528422845,722300,-0.482633402633403,46.66,0.00792968281183026,46.290001,46.66,8220,-0.991571296578878,-1.61936916996381
"2012-10-16",2012-10-16,0.018645499357051,1767800,-0.472986844074844,47.529999,0.0260887445000788,0,47.529999,0,3.29001110374265,-1.4682088702825
"2012-10-17",2012-10-17,0.0143067539302916,1865700,-0.465446996534997,48.209999,0.0398257216309008,0,48.209999,0,1.52654803418311,-1.35254120435965
"2012-10-18",2012-10-18,0.00228170508777644,977000,-0.464227304227304,48.32,0.0420115687086093,0,48.32,0,1.05488531000057,-1.33402759633709
"2012-10-19",2012-10-19,-0.0252483857615894,1891500,-0.4777546999307,47.099998,0.017197389265282,46.290001,48.32,8225,-1.02913959515137,-1.54246473738945
"2012-10-22",2012-10-22,0.00191084933804033,1253500,-0.476756767844768,47.189999,0.019071795275944,46.290001,48.32,0,1.10899363744973,-1.5268497831603
"2012-10-23",2012-10-23,-0.00550962079910196,1351500,-0.47963963963964,46.93,0.0136373108885575,46.290001,48.32,0,-1.00604683979192,-1.57206560794345
"2012-10-24",2012-10-24,0.00340933304922232,937300,-0.477865557865558,47.09,0.0169887237205353,46.290001,48.32,0,1.24575320305925,-1.54420176984921
"2012-10-25",2012-10-25,0.00509666595880223,866500,-0.475204413028413,47.330002,0.0219733986066598,46.290001,48.32,0,1.29341079224799,-1.50263663336168
"2012-10-26",2012-10-26,-0.00338060412505372,949100,-0.476978539154539,47.169998,0.0186558625675584,46.290001,48.32,0,-1.00373339572926,-1.53031654742007
"2012-10-31",2012-10-31,0.0133559683424197,1485300,-0.469993081081081,47.799999,0.0315899169788686,46.290001,48.32,0,1.69329704614151,-1.4220276673312
"2012-11-01",2012-11-01,0.0104602512648588,896200,-0.464449075537076,48.299999,0.0416148662860222,46.290001,48.32,0,1.3173464910927,-1.33738981857484
"2012-11-02",2012-11-02,-0.0103519670880324,752200,-0.469993081081081,47.799999,0.0315899169788686,46.290001,48.32,0,-1.01193673501792,-1.4220276673312
"2012-11-05",2012-11-05,0.0169456488900763,1009400,-0.46101176992377,48.610001,0.0345608098218306,46.93,48.610001,8225,1.09404560464497,-1.35705164009293
"2012-11-06",2012-11-06,0.00308572303876328,1022500,-0.459348601524601,48.759998,0.0375307234426057,0,48.759998,0,1.08593298698976,-1.33186471527822
"2012-11-07",2012-11-07,-0.0358900753031204,1693600,-0.478752620928621,47.009998,0.00170172311005001,46.93,48.759998,8236,-1.04224246974872,-1.63212918489182
"2012-11-08",2012-11-08,-0.00999780940216178,1168100,-0.483963952875953,46.540001,0,46.540001,47.009998,8237,-1.01088522907138,-1.6697107768474
"2012-11-09",2012-11-09,0.0021486462795737,1009000,-0.482855173943174,46.639999,0.00214403949708508,46.540001,46.639999,8237,-0.997708963805693,-1.65202740908567
"2012-11-12",2012-11-12,0.00728990152851405,965200,-0.479085239085239,46.98,0.00936566624095359,0,46.98,0,4.36823400580383,-1.59227374306612
"2012-11-13",2012-11-13,-0.00681140911025969,749300,-0.482633402633403,46.66,0.00257177453921986,46.540001,46.98,8240,-1.0074061216224,-1.64849648354157
"2012-11-14",2012-11-14,-0.0122160308615515,969500,-0.488953568953569,46.09,0,46.09,46.66,8241,-1.01309516972029,-1.69683593553447
"2012-11-15",2012-11-15,0.00932957257539596,1392000,-0.484185724185724,46.52,0.00924333619948403,46.09,46.52,8241,-0.990248880322014,-1.62066664691183
"2012-11-16",2012-11-16,0.00709368013757516,1591800,-0.480526702702703,46.849998,0.0162219430617691,0,46.849998,0,1.75498788658954,-1.56283707597249
"2012-11-19",2012-11-19,0.0106723590468456,1289600,-0.474982697158697,47.349998,0.026610307354184,0,47.349998,0,1.64038964092395,-1.47622358640707
"2012-11-20",2012-11-20,0.00675818402357694,1452500,-0.471434533610534,47.669998,0.0331444947826512,0,47.669998,0,1.24555099426312,-1.42141268193553
"2012-11-21",2012-11-21,0.0029369206182891,915700,-0.469882178794179,47.810001,0.035975757457106,0,47.810001,0,1.08542180814706,-1.39758192658041
"2012-11-23",2012-11-23,0.0100397404300409,416500,-0.464559933471934,48.290001,0.0455581063251581,0,48.290001,0,1.26635572244663,-1.31655575617184
"2012-11-26",2012-11-26,-0.00186373986614737,1047500,-0.465557854469855,48.200001,0.0437759534486316,46.09,48.290001,8248,-1.00214809957988,-1.33166913239822
"2012-11-27",2012-11-27,-0.00663900401163893,847500,-0.469106018018018,47.880001,0.0373851495951305,46.09,48.290001,0,-1.00762131604933,-1.38570055761453
"2012-11-28",2012-11-28,0.00146198827355915,1319300,-0.468329857241857,47.950001,0.038790426719699,46.09,48.290001,0,1.03758918019019,-1.37384155918602
"2012-11-29",2012-11-29,0.00375391024496537,770800,-0.466334015246015,48.130001,0.0423852266281897,46.09,48.290001,0,1.09267234759924,-1.34344903069111
"2012-11-30",2012-11-30,-0.00228549756315187,1038200,-0.467553707553708,48.02,0.0401915868388172,46.09,48.290001,0,-1.00261549075945,-1.36200500240202
"2012-12-03",2012-12-03,0.000833007080383103,1061100,-0.467110176022176,48.060001,0.0409904485853007,46.09,48.290001,0,1.01987634252131,-1.35525095273293
"2012-12-04",2012-12-04,-0.0101956094424551,956300,-0.472543312543313,47.57,0.0311120454067689,46.09,48.290001,0,-1.01163138120305,-1.43848940988801
"2012-12-05",2012-12-05,-0.00273283582089552,757400,-0.473984765072765,47.439999,0.0284569778342533,46.09,48.290001,0,-1.0030504135625,-1.46075941144768
"2012-12-06",2012-12-06,0.00442670751321054,572900,-0.47165624948025,47.650002,0.032738760430692,46.09,48.290001,0,1.15046512041362,-1.4248237032579
"2012-12-07",2012-12-07,0.00419718765174446,559400,-0.469438691614692,47.849998,0.0367815689354887,46.09,48.290001,0,1.12348691433676,-1.39079033704424
"2012-12-10",2012-12-10,-0.00250779529813152,1325700,-0.470769230769231,47.73,0.0343599413366854,46.09,48.290001,0,-1.00283431932285,-1.41118832298575
"2012-12-11",2012-12-11,0.00460928137439773,1193700,-0.468329857241857,47.950001,0.038790426719699,46.09,48.290001,0,1.12894333373856,-1.37384155918602
"2012-12-12",2012-12-12,-0.00479666309078903,1041700,-0.4708800997921,47.720001,0.0341576061576361,46.09,48.290001,0,-1.00544539817568,-1.41289100181842
"2012-12-13",2012-12-13,-0.00356248944755898,551000,-0.472765083853084,47.549999,0.0307045011714931,46.09,48.290001,0,-1.00400310835352,-1.4419105717085
"2012-12-14",2012-12-14,-0.00904311270332518,1400500,-0.477532928620929,47.119999,0.0218590624333417,46.09,48.290001,0,-1.01008501881947,-1.51591676168549
"2012-12-17",2012-12-17,0.0335314523245215,1530900,-0.460013848925849,48.700001,0.0324435722290848,47.119999,48.700001,8248,1.48421609243398,-1.36313660530537
"2012-12-18",2012-12-18,0.0162217861145423,1896500,-0.451254309078309,49.490002,0.0478885209986453,0,49.490002,0,1.47605573950067,-1.23155321602945
"2012-12-19",2012-12-19,0.00222259033248781,1575500,-0.450034672210673,49.599998,0.049999981854838,0,49.599998,0,1.04409116865924,-1.21344429683497
"2012-12-20",2012-12-20,0.0122984077539681,1923600,-0.443270974358975,50.209999,0.0615415268181941,0,50.209999,0,1.23083098303643,-1.11393110615258
"2012-12-21",2012-12-21,-0.000995797669703335,3127800,-0.443825363825364,50.16,0.0606060805422647,47.119999,50.209999,8267,-1.00125067847538,-1.12203033268613
"2012-12-24",2012-12-24,0.000199322169059072,679300,-0.443714505890506,50.169998,0.0607932852618411,47.119999,50.209999,0,1.00308887685693,-1.12040996817823
"2012-12-26",2012-12-26,-0.00538162269809138,1019200,-0.446708224532225,49.900002,0.0557114807330068,47.119999,50.209999,0,-1.00674694787296,-1.1643111108864
"2012-12-27",2012-12-27,0.000801543054046363,964100,-0.446264737352738,49.939999,0.0564677624442884,47.119999,50.209999,0,1.01357497056856,-1.15778878110317
"2012-12-28",2012-12-28,0.000200280340414105,1420300,-0.446153835065835,49.950001,0.0566566955624285,47.119999,50.209999,0,1.00334585806063,-1.15615877935248
"2012-12-31",2012-12-31,0.00420418410001626,1109600,-0.443825363825364,50.16,0.0606060805422647,47.119999,50.209999,0,1.06970729479774,-1.12203033268613
"2013-01-02",2013-01-02,0.0328947567783095,1642000,-0.425530134442135,51.810001,0.036865449973645,49.900002,51.810001,8267,-0.9587783149085,-1.15163328589352
"2013-01-03",2013-01-03,-0.000386025856282132,1479500,-0.425751894663895,51.790001,0.0364935115564102,49.900002,51.810001,8274,-1.00052113870161,-1.15486082275097
"2013-01-04",2013-01-04,0.0314731988516471,1904800,-0.40767846985447,53.419998,0.0305128614943041,51.790001,53.419998,8274,-0.957549396641692,-1.08912060769523
"2013-01-07",2013-01-07,-0.00617742441697576,1590900,-0.411337491337491,53.09,0.0244867018270862,51.790001,53.419998,8276,-1.00897526299176,-1.14177236917881
"2013-01-08",2013-01-08,-0.0178941608589188,1215600,-0.421871112959113,52.139999,0.00671265835659118,51.790001,53.419998,0,-1.02560822157827,-1.29566194620035
"2013-01-09",2013-01-09,0.000191848872110595,954600,-0.4217601995842,52.150002,0.00690318286085601,51.790001,53.419998,0,1.02838286922166,-1.29402323288457
"2013-01-10",2013-01-10,0.00498557986632476,1124600,-0.418877338877339,52.41,0.0118297843922915,51.790001,53.419998,0,1.71367101679596,-1.2515684830242
"2013-01-11",2013-01-11,0.00305285250906323,1108700,-0.417103257103257,52.57,0.0148373406886058,51.790001,53.419998,0,1.25423593504155,-1.22557395971297
"2013-01-14",2013-01-14,-0.000951112801978261,751800,-0.417657657657658,52.52,0.0138994478293984,51.790001,53.419998,0,-1.00132916860504,-1.23368654693855
"2013-01-15",2013-01-15,0.00552172505712103,1100200,-0.414442123354123,52.810001,0.0193145233987025,51.790001,53.419998,0,1.38958925820426,-1.18676777428644
"2013-01-16",2013-01-16,-0.057375533850113,4488400,-0.448038819126819,49.779999,0,49.779999,53.09,8283,-1.08106486739522,-1.47441018885803
"2013-01-17",2013-01-17,0.00542386511498329,3605000,-0.445045056133056,50.049999,0.00539460550238979,49.779999,50.049999,8283,-0.993318072305437,-1.42880831828435
"2013-01-18",2013-01-18,0.00399602405586462,2038400,-0.442827442827443,50.25,0.00935325373134333,0,50.25,0,1.73381607370546,-1.39523217302349
"2013-01-22",2013-01-22,0.00815920398009943,1412200,-0.438281358281358,50.66,0.0173707264113699,0,50.66,0,1.85718541486366,-1.32693263291233
"2013-01-23",2013-01-23,-0.00177654954599282,994600,-0.439279279279279,50.57,0.0156219299980226,49.779999,50.66,8287,-1.00227689583202,-1.34186467267055
"2013-01-24",2013-01-24,0.00613013644453233,1358500,-0.435841984753985,50.880001,0.00609278682993741,50.57,50.880001,8287,-0.992175149870638,-1.37498192228713
"2013-01-25",2013-01-25,0.00864777891808611,1126100,-0.430963270963271,51.32,0.014614185502728,0,51.32,0,2.39860443351144,-1.30213459869689
"2013-01-28",2013-01-28,0.00428684723304747,1713500,-0.428523897435897,51.540001,0.0188203527586271,0,51.540001,0,1.28781400476366,-1.26600730042311
"2013-01-29",2013-01-29,0.00446253386762656,1339800,-0.425973665973666,51.77,0.0231794475564999,0,51.77,0,1.23161599858295,-1.22844597940948
"2013-01-30",2013-01-30,0.00386326057562295,1449600,-0.423756052668053,51.970001,0.0269386371572323,0,51.970001,0,1.1621777046916,-1.19595415543864
"2013-01-31",2013-01-31,-0.00942853551224689,1243100,-0.429189189189189,51.48,0.0176767676767676,50.57,51.970001,8293,-1.01282137797662,-1.27584093700668
"2013-02-01",2013-02-01,0.0110722416472417,1180400,-0.422869033957034,52.049999,0.0109509896436309,51.48,52.049999,8293,-0.985274197506943,-1.27804603308473
"2013-02-04",2013-02-04,-0.014793468103621,1049400,-0.431406802494802,51.279999,0,0,52.049999,8295,-1.02019010107663,-1.38399319416111
"2013-02-05",2013-02-05,0.00897041749162281,905500,-0.426306284130284,51.740002,0.00889066451910847,51.279999,51.740002,8295,-0.988177009877864,-1.30793262155698
"2013-02-06",2013-02-06,0.0125627556025221,1429200,-0.41909911018711,52.389999,0.0211872498795048,0,52.389999,0,2.38308956928558,-1.20190390955303
"2013-02-07",2013-02-07,0.00362670363860853,1763000,-0.416992354816355,52.580002,0.0247242858606206,0,52.580002,0,1.16694172208434,-1.17122244355748
"2013-02-08",2013-02-08,0.00228221748641242,925200,-0.415661804573805,52.700001,0.0269450089763756,0,52.700001,0,1.08981950493026,-1.15191657876011
"2013-02-11",2013-02-11,-0.000189791267745898,759300,-0.415772706860707,52.689999,0.0267602965792427,51.279999,52.700001,8300,-1.00026680894343,-1.15352363531315
"2013-02-12",2013-02-12,0.00455496307752823,1661400,-0.413111573111573,52.93,0.00453430946533151,52.689999,52.93,8300,-0.993599546807132,-1.25988447429427
"2013-02-13",2013-02-13,0.00547895333459293,842200,-0.409896038808039,53.220001,0.00995869954981776,0,53.220001,0,2.1962990453034,-1.21291506494016
"2013-02-14",2013-02-14,-0.00244270946180553,1232900,-0.411337491337491,53.09,0.00753439442456216,52.689999,53.220001,8303,-1.00351662956696,-1.23393056757575
"2013-02-15",2013-02-15,0.00715767564513091,1688300,-0.407124036036036,53.470001,0.00710680742272662,53.09,53.470001,8303,-0.989756695195094,-1.21334936918331
"2013-02-19",2013-02-19,0.00822889455341497,1118300,-0.402245322245322,53.91,0.0152105360786495,0,53.91,0,2.14027694489206,-1.14277263421354
"2013-02-20",2013-02-20,-0.0120571693563345,1036700,-0.409452551628552,53.259998,0.00319185141539058,53.09,53.91,8306,-1.01791749707119,-1.24729088998768
"2013-02-21",2013-02-21,-0.0138940673636525,955200,-0.417657657657658,52.52,0,52.52,53.259998,8307,-1.02003921088407,-1.30924841826699
"2013-02-22",2013-02-22,0.0135186595582634,775300,-0.40978516978517,53.23,0.0133383430396392,52.52,53.23,8307,-0.981150859494259,-1.19393951565278
"2013-02-25",2013-02-25,-0.0197257185797482,1187900,-0.421427581427581,52.18,0,0,53.23,8309,-1.02841101264967,-1.32974293706496
"2013-02-26",2013-02-26,0.00574932924492137,920100,-0.418101178101178,52.48,0.00571646341463405,52.18,52.48,8309,-0.992106821022167,-1.28058300341052
"2013-02-27",2013-02-27,0.0154344702743902,834200,-0.409119878031878,53.290001,0.0208294422813015,0,53.290001,0,3.64376376974239,-1.1495987494274
"2013-02-28",2013-02-28,-0.0018765621715788,1018500,-0.410228701316701,53.189999,0.0189885132353547,52.18,53.290001,8312,-1.00271026499655,-1.16563455234592
"2013-03-01",2013-03-01,0.00169204740913788,766700,-0.40923078031878,53.279999,0.0206456272643698,52.18,53.290001,0,1.08726928793613,-1.15120092753288
"2013-03-04",2013-03-04,0.0105105294765491,838200,-0.403021483021483,53.84,0.0120728268945023,53.189999,53.84,8312,-0.984826905511701,-1.16404969082521
"2013-03-05",2013-03-05,0.00984396359583946,1248400,-0.397144848232848,54.369999,0.0217031455159673,0,54.369999,0,1.79768547214493,-1.07974890185489
"2013-03-06",2013-03-06,-0.00588559878399115,1125800,-0.400693011781012,54.049999,0.0159111936338796,53.189999,54.369999,8316,-1.00893417996973,-1.13052477504035
"2013-03-07",2013-03-07,0.00666051816208168,702400,-0.396701316701317,54.41,0.00661644918213555,54.049999,54.41,8316,-0.990038021721535,-1.15935385798072
"2013-03-08",2013-03-08,0.00955706671567732,953900,-0.390935550935551,54.93,0.016020407791735,0,54.93,0,2.42129990735668,-1.0768863545656
"2013-03-11",2013-03-11,0.00309481157837247,924100,-0.389050611226611,55.099998,0.0190562438858891,0,55.099998,0,1.1894980535839,-1.05013543376405
"2013-03-12",2013-03-12,-0.00562608005902292,714300,-0.392487861399862,54.790001,0.0135061505109298,54.049999,55.099998,8320,-1.00883496921496,-1.09899352547457
"2013-03-13",2013-03-13,0.00109503557045021,901200,-0.391822613998614,54.849998,0.0145852147524235,54.049999,55.099998,0,1.07989428524585,-1.08951088605441
"2013-03-14",2013-03-14,0.00619874224972626,995200,-0.388052679140679,55.189999,0.00724765369174951,54.790001,55.189999,8320,-0.99037846534823,-1.10890565017656
"2013-03-15",2013-03-15,-0.0115963038883186,2951000,-0.395149006237006,54.549999,0,0,55.189999,8323,-1.01828701997894,-1.18688414572181
"2013-03-18",2013-03-18,-0.00549952347386844,1179800,-0.398475398475399,54.25,0,54.25,54.549999,8324,-1.00841807061612,-1.2049674843832
"2013-03-19",2013-03-19,-0.00479258986175121,1264300,-0.401358259182259,53.990002,0,53.990002,54.25,8325,-1.00723472695652,-1.22063964290801
"2013-03-20",2013-03-20,0.0103722352149571,1092500,-0.395149006237006,54.549999,0.0102657563751744,53.990002,54.549999,8325,-0.984529400346952,-1.1310761904828
"2013-03-21",2013-03-21,-0.013565499790385,1725900,-0.403354112266112,53.810001,0,0,54.549999,8327,-1.02076458728125,-1.23148974254964
"2013-03-22",2013-03-22,0.0178405311681745,1286800,-0.392709632709633,54.77,0.0175278254518898,53.810001,54.77,8327,-0.973610087928255,-1.07833602650306
"2013-03-25",2013-03-25,-0.00639039620230059,1099400,-0.396590458766459,54.419998,0.0112090595813693,53.810001,54.77,8329,-1.00988217688996,-1.13378429051155
"2013-03-26",2013-03-26,0.00808531819497673,977400,-0.391711700623701,54.860001,0.00802047014180696,54.419998,54.860001,8329,-0.987698246301908,-1.12459598953429
"2013-03-27",2013-03-27,-0.00382790733088022,860600,-0.394040171864172,54.650002,0.00420867322200646,54.419998,54.860001,8331,-1.00594434947122,-1.1579764632296
"2013-03-28",2013-03-28,-0.00164686178785503,812100,-0.395038103950104,54.560001,0.00256603734299787,54.419998,54.860001,0,-1.00253256433528,-1.17233144043803
"2013-04-01",2013-04-01,-0.00329912017413636,929300,-0.397033945945946,54.380001,0,54.380001,54.650002,8333,-1.005052277175,-1.19713128456481
"2013-04-02",2013-04-02,0.00735560854439845,1281500,-0.392598763686764,54.779999,0.00730189863639819,54.380001,54.779999,8333,-0.988829211445345,-1.13332473575158
"2013-04-03",2013-04-03,-0.00985755768268633,2635800,-0.398586256410257,54.240002,0,0,54.779999,8335,-1.01525092098423,-1.20557014379186
"2013-04-04",2013-04-04,0.0018436208759728,686900,-0.397477477477478,54.34,0.00184022819285989,54.240002,54.34,8335,-0.997218220861991,-1.18953839204825
"2013-04-05",2013-04-05,-0.0106735737946264,972200,-0.403908546084546,53.759998,0,0,54.34,8337,-1.01617970569775,-1.23450382320686
"2013-04-08",2013-04-08,0.0152530511626879,1136000,-0.394816332640333,54.580002,0.0150238909848336,53.759998,54.580002,8337,-0.977489425434662,-1.10340091881978
"2013-04-09",2013-04-09,0.00311465726952519,918200,-0.392931392931393,54.75,0.0180822283105022,0,54.75,0,1.20356493059993,-1.07652767408268
"2013-04-10",2013-04-10,0.0160730776255708,1172400,-0.383173932085932,55.630001,0.0336150092824913,0,55.630001,0,1.85900812141431,-0.939041781007606
"2013-04-11",2013-04-11,0.00826890152311885,1292600,-0.378073458073458,56.09,0.0415404171866643,0,56.09,0,1.23576991568172,-0.868228895099769
"2013-04-12",2013-04-12,-0.00802283829559637,993300,-0.383063074151074,55.639999,0.0337886598452312,53.759998,56.09,8342,-1.01319747782095,-0.937495101258079
"2013-04-15",2013-04-15,-0.0328899718348306,1503400,-0.403354112266112,53.810001,0.00092925105130548,53.759998,56.09,0,-1.05297048837194,-1.22643803479603
"2013-04-16",2013-04-16,-0.00761938287271169,2874500,-0.407900185724186,53.400002,0,53.400002,55.639999,8344,-1.01127067586477,-1.25620366082213
"2013-04-17",2013-04-17,-0.0125468534626647,1550100,-0.415329175329175,52.73,0,52.73,53.400002,8345,-1.01821276347742,-1.29659003900942
"2013-04-18",2013-04-18,-0.0140337189455718,1727600,-0.423534281358282,51.990002,0,51.990002,52.73,8346,-1.01975566975906,-1.34119563583724
"2013-04-19",2013-04-19,0.0098095399188483,1498400,-0.417879417879418,52.5,0.00971424761904771,51.990002,52.5,8346,-0.986648392520369,-1.25764420203449
"2013-04-22",2013-04-22,-0.00285718095238096,1570300,-0.419542641718642,52.349998,0.00687671468487927,51.990002,52.5,8348,-1.00398015257048,-1.28211176422587
"2013-04-23",2013-04-23,0.00974217802262376,1395000,-0.413887722799723,52.860001,0.00964818369942899,52.349998,52.860001,8348,1.4030222484937,-1.23630320775605
"2013-04-24",2013-04-24,0.000945875880706088,1390800,-0.413333333333334,52.91,0.0105840483840484,0,52.91,0,1.09699905326997,-1.22820170661821
"2013-04-25",2013-04-25,0.00396898506898513,1180800,-0.411004862092862,53.119999,0.0144955010258943,0,53.119999,0,1.36956110742474,-1.19427947234804
"2013-04-26",2013-04-26,-0.00432981935861853,904500,-0.413555104643105,52.889999,0.0102098886407618,52.349998,53.119999,8352,-1.00620489630526,-1.23144137959691
"2013-04-29",2013-04-29,0.00850824368516249,1156900,-0.408565488565489,53.34,0.00843646419197597,52.889999,53.34,8352,-0.987934821692209,-1.21395712691234
"2013-04-30",2013-04-30,0.0108736032995875,1220400,-0.402134464310465,53.919998,0.0191023560497906,0,53.919998,0,2.26426090541095,-1.12101278903015
"2013-05-01",2013-05-01,-0.0137239990253709,1186200,-0.41033957033957,53.18,0.00545319669048505,52.889999,53.919998,8355,-1.02040388665313,-1.23981960851862
"2013-05-02",2013-05-02,0.000564103046258061,1037600,-0.410006941094941,53.209999,0.00601390727333029,52.889999,53.919998,0,1.10282236542533,-1.23496312573421
"2013-05-03",2013-05-03,0.00732943069591104,1682400,-0.405682627858628,53.599998,0.013246250494263,52.889999,53.919998,0,2.20260304860465,-1.17213742222947
"2013-05-06",2013-05-06,0.00447764942080789,1620900,-0.403021483021483,53.84,0.0176448922734027,52.889999,53.919998,0,1.33206693328386,-1.13375815030058
"2013-05-07",2013-05-07,0.00668649702823174,999800,-0.399029787941788,54.200001,0.0188192062948486,53.18,54.200001,8355,1.06655263196001,-1.10567406237327
"2013-05-08",2013-05-08,0.00332103314905842,825500,-0.397033945945946,54.380001,0.0220669543569887,0,54.380001,0,1.17257625062695,-1.07716821939853
"2013-05-09",2013-05-09,0.00294225812904999,1046500,-0.395259864171865,54.540001,0.0249358447939888,0,54.540001,0,1.13000844568709,-1.05192752832207
"2013-05-10",2013-05-10,-0.00201688665168886,1650000,-0.396479556479557,54.43,0.022965276501929,53.18,54.540001,8362,-1.00308579852965,-1.06927081158781
"2013-05-13",2013-05-13,0.0124931287892706,1943400,-0.388939697851698,55.110001,0.0123389763683728,54.43,55.110001,8362,-0.980982982591064,-1.08604970084865
"2013-05-14",2013-05-14,0.0283069673687722,1724500,-0.371642433818434,56.669998,0.039527052744911,0,56.669998,0,3.20343046010094,-0.844213074724721
"2013-05-15",2013-05-15,0.00688200130164113,1321400,-0.367318076230077,57.060001,0.0460918498757125,0,57.060001,0,1.16608364841081,-0.785016125474388
"2013-05-16",2013-05-16,0.00210303185939306,1418400,-0.365987525987526,57.18,0.0480937390696048,0,57.18,0,1.04343260683376,-0.766899912298372
"2013-05-17",2013-05-17,0.0190626093039525,1291300,-0.353901593901594,58.27,0.0659001201304273,0,58.27,0,1.37024322511194,-0.604395678502328
"2013-05-20",2013-05-20,-0.000686459584692058,1315200,-0.354345114345115,58.23,0.0652584578396015,54.43,58.27,8368,-1.00125323098614,-0.610295081064716
"2013-05-21",2013-05-21,-0.00463680233556575,1386800,-0.357338888426889,57.959999,0.0609040555711535,54.43,58.27,0,-1.00844875224908,-0.650242132392882
"2013-05-22",2013-05-22,-0.00621119748466531,1081500,-0.361330583506584,57.599998,0.0550346894109267,54.43,58.27,0,-1.01117061481124,-0.703850034643276
"2013-05-23",2013-05-23,-0.00850689265648937,1284000,-0.366763675675676,57.110001,0.046926999703607,54.43,58.27,0,-1.01503634737023,-0.777462082430369
"2013-05-24",2013-05-24,0.00350201359653282,950000,-0.364546073458074,57.310001,0.0502530265180069,54.43,58.27,0,1.07087661336559,-0.747325131038475
"2013-05-28",2013-05-28,0.0266968936189689,2133600,-0.347581427581428,58.84,0.0294017505098574,57.110001,58.84,8368,-0.953463643934716,-0.768454103174818
"2013-05-29",2013-05-29,-0.00458871515975532,1979800,-0.350575190575191,58.57,0.02492742018098,57.110001,58.84,8374,-1.00861312704362,-0.809053061755071
"2013-05-30",2013-05-30,0.00460986853337892,1459800,-0.347581427581428,58.84,0.00458871515975534,58.57,58.84,8374,-0.991460425397327,-0.903345748325413
"2013-05-31",2013-05-31,-0.011726682528892,2022600,-0.355232133056133,58.150002,0,0,58.84,8376,-1.0220112608661,-0.969883177615207
"2013-06-03",2013-06-03,0.00395527071520994,1435300,-0.352681901593902,58.380001,0.00393968818191692,58.150002,58.380001,8376,-0.992820943757843,-0.934601885933544
"2013-06-04",2013-06-04,-0.00976361751004424,1244100,-0.359002067914068,57.810001,0,0,58.380001,8378,-1.01792030237901,-0.990377756691173
"2013-06-05",2013-06-05,-0.0193738450203452,1170500,-0.371420662508663,56.689999,0,56.689999,57.810001,8379,-1.03459198624329,-1.05788923328754
"2013-06-06",2013-06-06,0.0134062800036387,1353500,-0.362993751905752,57.450001,0.0132289292736478,56.689999,57.450001,8379,-0.977311680653431,-0.940161118736052
"2013-06-07",2013-06-07,0.0135770058559267,949500,-0.354345114345115,58.23,0.0264468658766958,0,58.23,0,1.99916904305915,-0.821287384784157
"2013-06-10",2013-06-10,0.00686932852481544,957400,-0.349909898821899,58.630001,0.0330888959050163,0,58.630001,0,1.25114620610578,-0.761067913240235
"2013-06-11",2013-06-11,-0.01944395327573,1036800,-0.362550220374221,57.490002,0.013915515257766,56.689999,58.630001,8383,-1.03612450403627,-0.934017436242211
"2013-06-12",2013-06-12,-0.0120021390849838,870300,-0.370200981288982,56.799999,0.00193661975240522,56.689999,58.630001,0,-1.02110262381544,-1.0407305654862
"2013-06-13",2013-06-13,0.0151408629426208,937100,-0.360665280665281,57.66,0.0168227714186611,56.689999,58.630001,0,8.68666727052004,-0.907965517335674
"2013-06-14",2013-06-14,-0.00936526187998607,837600,-0.366652817740818,57.119999,0.00752801133627468,56.689999,58.630001,0,-1.01660136807317,-0.991045002623396
"2013-06-17",2013-06-17,0.0162815128900825,1466600,-0.356340967428968,58.049999,0.0234280796456172,56.689999,58.630001,0,3.11212066495252,-0.848548577841909
"2013-06-18",2013-06-18,0.00534025848992689,1262600,-0.352903661815662,58.360001,0.0286155238414063,56.689999,58.630001,0,1.22141994880744,-0.801661662382118
"2013-06-19",2013-06-19,-0.00788209376487153,1996000,-0.358004135828136,57.900002,0.0208981512643126,56.689999,58.630001,0,-1.01445287925388,-0.871343601304903
"2013-06-20",2013-06-20,0.00362692560874171,3001500,-0.355675664587665,58.110001,0.0244364476951222,56.689999,58.630001,0,1.16931145660008,-0.839449964281888
"2013-06-21",2013-06-21,-0.00206503180063618,2570400,-0.357006214830215,57.990002,0.0224177091768336,56.689999,58.630001,0,-1.00374090885327,-0.857657775807538
"2013-06-24",2013-06-24,-0.0156923602106445,1599700,-0.367096304920305,57.080002,0.0068325680857545,56.689999,58.630001,0,-1.02826306565808,-0.997236594955736
"2013-06-25",2013-06-25,0.0012263489409128,2699300,-0.366320144144144,57.150002,0.00804904608752244,56.689999,58.630001,0,1.17804110936036,-0.986403969315497
"2013-06-26",2013-06-26,0.00262461933072197,2040800,-0.364656975744976,57.299999,0.010645724444079,56.689999,58.630001,0,1.32260696836882,-0.963246071506481
"2013-06-27",2013-06-27,0.0176265622622437,1667200,-0.353458062370063,58.310001,0.0277825754110346,56.689999,58.630001,0,2.60974023486837,-0.809203737920779
"2013-06-28",2013-06-28,-0.0070313667118613,2903700,-0.358004135828136,57.900002,0.0208981512643126,56.689999,58.630001,0,-1.01286170536779,-0.871343601304903
"2013-07-01",2013-07-01,0.014853125566386,1397300,-0.348468490644491,58.759998,0.0333560086234176,56.799999,58.759998,8383,1.59612246085993,-0.751779843838079
"2013-07-02",2013-07-02,-0.0022123384006923,1315300,-0.349909898821899,58.630001,0.0312127233291366,56.799999,58.759998,8398,-1.00413640893253,-0.771267391126596
"2013-07-03",2013-07-03,0.00341123992135017,367000,-0.347692285516286,58.830002,0.00339964292369055,58.630001,58.830002,8398,-0.993662330465415,-0.910412587060077
"2013-07-05",2013-07-05,0.0256671417417256,1094500,-0.330949410949412,60.34,0.0283393934371893,0,60.34,0,8.33599118298721,-0.683812423397962
"2013-07-08",2013-07-08,0.00430888299635393,852900,-0.328066550242551,60.599998,0.03250820239301,0,60.599998,0,1.14710297046619,-0.645477277840942
"2013-07-09",2013-07-09,0.00874592438105362,1354100,-0.322189871101872,61.130001,0.0408964495191159,0,61.130001,0,1.25803478841111,-0.56792854811366
"2013-07-10",2013-07-10,0.000490741035649526,1036300,-0.321857241857242,61.16,0.0413668901242642,0,61.16,0,1.01150321386526,-0.56356280197745
"2013-07-11",2013-07-11,-0.00441466644865915,1116200,-0.324851015939016,60.889999,0.0371160787833155,58.630001,61.16,8404,-1.00930155886659,-0.602946699687533
"2013-07-12",2013-07-12,0.0101822796876709,782700,-0.317976460152461,61.509998,0.0100796459138236,60.889999,61.509998,8404,-0.97883781964885,-0.712553151726466
"2013-07-15",2013-07-15,0.0035766868339029,597000,-0.315537075537076,61.73,0.0136076624007775,0,61.73,0,1.35001393075876,-0.680112438987765
"2013-07-16",2013-07-16,-0.0158755872347318,1309600,-0.326403326403327,60.75,0,0,61.73,8407,-1.03443731880875,-0.813160507363197
"2013-07-17",2013-07-17,-0.0220576131687243,2670900,-0.341261261261262,59.41,0,59.41,60.75,8408,-1.04552016985138,-0.893933022625783
"2013-07-18",2013-07-18,-0.00471299444537951,3038700,-0.344365893277894,59.130001,0,59.130001,59.41,8409,-1.00909752254082,-0.91081080135788
"2013-07-19",2013-07-19,0.000169085063942466,2083500,-0.344255035343036,59.139999,0.000169056479016882,59.130001,59.139999,8409,-0.999678080968464,-0.909289096525876
"2013-07-22",2013-07-22,0.00473451140910565,1072900,-0.341150403326404,59.419998,0.00488046128847064,0,59.419998,0,28.8688213362308,-0.866798605090533
"2013-07-23",2013-07-23,0.0116123026459879,1858500,-0.333499642411643,60.110001,0.0163034434153477,0,60.110001,0,3.3405537820497,-0.763107599868326
"2013-07-24",2013-07-24,-0.0166361667503549,1155700,-0.344587653499654,59.110001,0,0,60.110001,8413,-1.03324744520813,-0.912016361287171
"2013-07-25",2013-07-25,0.000676721355494542,1164500,-0.344144121968122,59.150002,0.000676263713397685,59.110001,59.150002,8413,-0.998712862962364,-0.905928793978736
"2013-07-26",2013-07-26,-0.0032122230528411,784700,-0.346250877338878,58.959999,0,0,59.150002,8415,-1.00612172411578,-0.921058181312857
"2013-07-29",2013-07-29,-0.00966757139870373,789100,-0.352571043659044,58.389999,0,58.389999,58.959999,8416,-1.01825314167791,-0.955416639297688
"2013-07-30",2013-07-30,-0.00171258780120901,815100,-0.353679822591823,58.290001,0,58.290001,58.389999,8417,-1.00314483833179,-0.961444318388157
"2013-07-31",2013-07-31,0.00428890025237776,1155600,-0.35090781981982,58.540001,0.00427058414296921,58.290001,58.540001,8417,-0.992162394926323,-0.92315854957057
"2013-08-01",2013-08-01,0.0165698152277108,943700,-0.340152482328483,59.509998,0.0205007064527208,0,59.509998,0,4.8004455049719,-0.776456906004855
"2013-08-02",2013-08-02,-0.00504115291685944,757800,-0.343478874566875,59.209999,0.0155378823769277,58.290001,59.509998,8420,-1.00977912086845,-0.821519753409577
"2013-08-05",2013-08-05,-0.0119912010131938,1018900,-0.351351351351352,58.5,0.00358972649572653,58.290001,59.509998,0,-1.02291982816819,-0.929271090981742
"2013-08-06",2013-08-06,-0.00273504273504268,1201300,-0.353125433125434,58.34,0.000857027768255136,58.290001,59.509998,0,-1.00504930966469,-0.953771400097879
"2013-08-07",2013-08-07,-0.0119986458690435,877400,-0.360887051975052,57.639999,0,57.639999,59.209999,8423,-1.02197977863255,-1.00062513664615
"2013-08-08",2013-08-08,0.000693979887126588,823300,-0.360443520443521,57.68,0.000693498613037358,57.639999,57.68,8423,-0.99877099627403,-0.994443874876977
"2013-08-09",2013-08-09,0.00312068307905682,816900,-0.358447667359668,57.860001,0.00380231586929969,0,57.860001,0,5.48280241347053,-0.966693244193788
"2013-08-12",2013-08-12,-0.0138264774658403,1056200,-0.367318076230077,57.060001,0,0,57.860001,8426,-1.02474673342345,-1.03558625403963
"2013-08-13",2013-08-13,0.00893794236000803,654000,-0.361663201663202,57.57,0.00885876324474555,57.060001,57.57,8426,-0.984604965198248,-0.956685448317723
"2013-08-14",2013-08-14,-0.00434253951710961,657800,-0.364435204435205,57.32,0.00453592114445223,57.060001,57.57,8428,-1.00766459722542,-0.995255308208256
"2013-08-15",2013-08-15,-0.0125610956036288,807200,-0.372418594594595,56.599998,0,56.599998,57.32,8429,-1.02190619913288,-1.06331431324735
"2013-08-16",2013-08-16,0.000353374570790631,583800,-0.372196823284824,56.619999,0.000353249741314898,56.599998,56.619999,8429,-0.999404510642083,-1.06018831376833
"2013-08-19",2013-08-19,-0.0102436949884087,821000,-0.378627847539848,56.040001,0,0,56.619999,8431,-1.0172785576144,-1.09706981043354
"2013-08-20",2013-08-20,0.0082084045644468,842400,-0.373527373527374,56.5,0.00814157522123904,56.040001,56.5,8431,-0.986529057369619,-1.02508176942616
"2013-08-21",2013-08-21,-0.008141575221239,866200,-0.378627847539848,56.040001,0,0,56.5,8433,-1.01365488682746,-1.09706981043354
"2013-08-22",2013-08-22,0.018201284471783,479200,-0.367318076230077,57.060001,0.0178759197708391,56.040001,57.060001,8433,-0.970129584014337,-0.938407001584388
"2013-08-23",2013-08-23,-0.000525797397024287,548200,-0.367650738738739,57.029999,0.0173592498221857,56.040001,57.060001,8435,-1.00090565243093,-0.943024246142768
"2013-08-26",2013-08-26,-0.0115728565942987,615700,-0.374968826056826,56.369999,0.00585414237811155,56.040001,57.060001,0,-1.01990499826872,-1.04535319028976
"2013-08-27",2013-08-27,-0.0283838749048052,1177100,-0.392709632709633,54.77,0,54.77,57.029999,8437,-1.04731275087417,-1.1736229262216
"2013-08-28",2013-08-28,0.00401683403322976,757600,-0.390270248094248,54.990002,0.00400076362972301,54.77,54.990002,8437,-0.993788324980589,-1.13861220788187
"2013-08-29",2013-08-29,0.00200029088924206,722300,-0.389050611226612,55.099998,0.0059890746275526,0,55.099998,0,1.49698287173423,-1.12117277094783
"2013-08-30",2013-08-30,-0.00417421067782978,682100,-0.391600842688843,54.869999,0.00182247132900437,54.77,55.099998,8440,-1.00655501209519,-1.15768764622618
"2013-09-03",2013-09-03,0.00601425197766088,1418800,-0.387941776853777,55.200001,0.00597829699314678,54.869999,55.200001,8440,3.28032430359975,-1.11520338115632
"2013-09-04",2013-09-04,0.00543476439429774,1258000,-0.384615384615385,55.5,0.0113513693693694,0,55.5,0,1.89876303943783,-1.06791029197004
"2013-09-05",2013-09-05,-0.000540522522522461,989100,-0.384948013860014,55.470001,0.01081669351331,54.869999,55.5,8443,-1.00086483603604,-1.0726252416015
"2013-09-06",2013-09-06,0,1639800,-0.384948013860014,55.470001,0.01081669351331,54.869999,55.5,0,-1,-1.0726252416015
"2013-09-09",2013-09-09,0.00234355503256609,1200200,-0.383506605682606,55.599998,0.00233807562367172,55.470001,55.599998,8443,-0.99625557705064,-1.11088177821456
"2013-09-10",2013-09-10,0.00755399307748183,1141100,-0.378849618849619,56.02,0.00981790431988572,0,56.02,0,4.19913890743519,-1.04490214329592
"2013-09-11",2013-09-11,-0.0108889682256338,1419900,-0.385613305613306,55.41,0,0,56.02,8447,-1.01785322309212,-1.13504500848425
"2013-09-12",2013-09-12,-0.00721894964807785,1323100,-0.390048532224532,55.009998,0,55.009998,55.41,8448,-1.01150174681906,-1.15915632762609
"2013-09-13",2013-09-13,-0.00363564819616978,1030400,-0.392266101178102,54.810001,0,54.810001,55.009998,8449,-1.00568536674378,-1.17121174608502
"2013-09-16",2013-09-16,0.00893993780441639,1354300,-0.386832997920998,55.299999,0.00886072348753564,54.810001,55.299999,8449,-0.986149444877378,-1.09350590405977
"2013-09-17",2013-09-17,0.0056058228861812,1155800,-0.383395692307693,55.610001,0.0143859015575274,0,55.610001,0,1.62355834461644,-1.04478295857498
"2013-09-18",2013-09-18,0.00719289683163297,1810400,-0.378960521136521,56.009998,0.0214246927843134,0,56.009998,0,1.48928398395045,-0.982406806587988
"2013-09-19",2013-09-19,0.000178575260795404,1772500,-0.378849618849619,56.02,0.0215994109246698,0,56.02,0,1.00815498929741,-0.980854082030998
"2013-09-20",2013-09-20,-0.00678330953230989,3166400,-0.383063074151074,55.639999,0.0149172899877299,54.810001,56.02,8454,-1.0111217092266,-1.04008594072638
"2013-09-23",2013-09-23,-0.00772825319425329,1290800,-0.387830918918919,55.209999,0.00724502820585093,54.810001,56.02,0,-1.01244663108918,-1.10771436323351
"2013-09-24",2013-09-24,-0.00217350121669084,1565400,-0.389161469161469,55.09,0.00508257396986755,54.810001,56.02,0,-1.00343074824013,-1.12670345964915
"2013-09-25",2013-09-25,0.00780540933018696,1384200,-0.384393624393625,55.52,0.012788166426513,54.810001,56.02,0,2.51608073041902,-1.05889384086798
"2013-09-26",2013-09-26,-0.00414263328530271,958700,-0.386943855855856,55.290001,0.0086814974013113,54.810001,56.02,0,-1.00663442705704,-1.0950828941492
"2013-09-27",2013-09-27,-0.00922412716179911,1007500,-0.392598763686764,54.779999,0,54.779999,55.639999,8459,-1.01461428510966,-1.17302020653495
"2013-09-30",2013-09-30,-0.00730189863639823,1159200,-0.397033945945946,54.380001,0,54.380001,54.779999,8460,-1.01129698478297,-1.1971312845648
"2013-10-01",2013-10-01,0.00643617126818363,924500,-0.393153153153153,54.73,0.0063950118764845,54.380001,54.73,8460,-0.990225539069344,-1.14126870356545
"2013-10-02",2013-10-02,-0.0191850904439978,1320800,-0.404795564795565,53.68,0,0,54.73,8462,-1.02961291687231,-1.23932594236803
"2013-10-03",2013-10-03,-0.0098732861400894,2644200,-0.410672188496189,53.150002,0,53.150002,53.68,8463,-1.01451751010066,-1.27127315993829
"2013-10-04",2013-10-04,0.00903102505998023,1316700,-0.405349954261954,53.630001,0.00895019561905286,53.150002,53.630001,8463,-0.987040188297816,-1.19368363830008
"2013-10-07",2013-10-07,-0.00932313985972143,1027500,-0.41089395980596,53.130001,0,0,53.630001,8465,-1.01367708441981,-1.27247878014558
"2013-10-08",2013-10-08,-0.0135516842922703,1372200,-0.418877338877339,52.41,0,52.41,53.130001,8466,-1.0194292928403,-1.3158789978781
"2013-10-09",2013-10-09,0.0110666285060103,1391600,-0.41244627027027,52.990002,0.0109454987376676,52.41,52.990002,8466,-0.98464689299186,-1.22141438590583
"2013-10-10",2013-10-10,0.0328363452411268,1568100,-0.393153153153153,54.73,0.0423899141238808,0,54.73,0,3.8728170492589,-0.945588831567597
"2013-10-11",2013-10-11,0.00109630915402886,706500,-0.392487861399861,54.790001,0.0434386011418397,0,54.790001,0,1.02473906917797,-0.936271091398164
"2013-10-14",2013-10-14,0.0083956742399038,1102200,-0.387387387387387,55.25,0.0514027149321268,0,55.25,0,1.1833418568034,-0.865247787837619
"2013-10-15",2013-10-15,-0.0139366515837105,1785600,-0.395925155925156,54.48,0.0379955947136564,52.41,55.25,8471,-1.02203935599284,-0.984547265116753
"2013-10-16",2013-10-16,0.0102790198237885,4019900,-0.389715858627859,55.040001,0.0477834475330042,52.41,55.25,0,1.25760493797008,-0.89758160910134
"2013-10-17",2013-10-17,0.0267077938461521,1788000,-0.373416515592516,56.509998,0.0359228113934813,54.48,56.509998,8471,-0.958176341366422,-0.873451370012472
"2013-10-18",2013-10-18,0.000176995228348797,1239600,-0.373305613305613,56.52,0.0360934182590235,0,56.52,0,1.00474926262517,-0.871920995668407
"2013-10-21",2013-10-21,-0.00283083864118907,849900,-0.375079683991684,56.360001,0.0333570079248224,54.48,56.52,8475,-1.00475232791268,-0.896441421995148
"2013-10-22",2013-10-22,-0.0070972674397219,1487800,-0.379514910602911,55.959999,0.0264474450759016,54.48,56.52,0,-1.01182475831276,-0.958115348323557
"2013-10-23",2013-10-23,-0.00768406018020134,1342100,-0.384282755370756,55.529999,0.0189086803333096,54.48,56.52,0,-1.01256299722261,-1.02501803796495
"2013-10-24",2013-10-24,0.00864395837644453,930100,-0.378960521136521,56.009998,0.027316515883468,54.48,56.52,0,1.44465480414025,-0.950376960196059
"2013-10-25",2013-10-25,0.00696311397832933,961600,-0.374636152460152,56.400002,0.0340425874452984,54.48,56.52,0,1.24622728573892,-0.890303210961551
"2013-10-28",2013-10-28,0.00797865219933855,1350000,-0.369646591822592,56.849998,0.0232189805881788,55.529999,56.849998,8475,-0.98668158263746,-0.922018963643042
"2013-10-29",2013-10-29,0.00580478472488249,947500,-0.365987525987526,57.18,0.0288562609303953,0,57.18,0,1.2427875901273,-0.871481034201939
"2013-10-30",2013-10-30,-0.00139912556838056,921000,-0.366874589050589,57.099998,0.0274956051662208,55.529999,57.18,8482,-1.00242375217754,-0.883700357076549
"2013-10-31",2013-10-31,-0.0119089321158995,1151400,-0.374414436590436,56.419998,0.0157745308675835,55.529999,57.18,0,-1.02055156657036,-0.988408926473705
"2013-11-01",2013-11-01,0.00283594480099061,1096000,-0.37264031046431,56.580002,0.0185578466398783,55.529999,57.18,0,1.17644364803358,-0.963633205701046
"2013-11-04",2013-11-04,0.00123718624117405,1009700,-0.37186414968815,56.650002,0.0197705730001564,55.529999,57.18,0,1.06534844175682,-0.952820975191247
"2013-11-05",2013-11-05,0.00864954956224013,1039700,-0.366431057519057,57.139999,0.0281764093135529,55.529999,57.18,0,1.42516907898067,-0.877588106508108
"2013-11-06",2013-11-06,0.000700052514876604,747900,-0.365987525987526,57.18,0.0132913955928646,56.419998,57.18,8482,-0.998789590777227,-0.956096651046185
"2013-11-07",2013-11-07,-0.0166142007694999,932900,-0.376521136521137,56.23,0,0,57.18,8488,-1.02878133757479,-1.08561705138326
"2013-11-08",2013-11-08,0.0385915347679176,1195500,-0.35246013028413,58.400002,0.0371575672206313,56.23,58.400002,8488,-0.936096532430244,-0.752813185553952
"2013-11-11",2013-11-11,-0.00513705461859404,675500,-0.355786577962578,58.099998,0.0321858530872927,56.23,58.400002,8490,-1.00943779847033,-0.797924663562349
"2013-11-12",2013-11-12,-0.00688463018535731,704900,-0.360221749133749,57.700001,0.0254766200090708,56.23,58.400002,0,-1.01246581924638,-0.858509231399904
"2013-11-13",2013-11-13,-0.00103989599584231,1003800,-0.360887051975052,57.639999,0.0244621621176643,56.23,58.400002,0,-1.00184692579752,-0.867640951300251
"2013-11-14",2013-11-14,-0.00763355322056829,1377900,-0.365765754677755,57.200001,0.01695805914409,56.23,58.400002,0,-1.01351864156944,-0.934957867819545
"2013-11-15",2013-11-15,-0.000874108376326771,1235200,-0.366320144144144,57.150002,0.0160980221837963,56.23,58.400002,0,-1.00151569538509,-0.94264714504612
"2013-11-18",2013-11-18,-0.0027996499457691,856800,-0.368094225918226,56.990002,0.013335707550949,56.23,58.400002,0,-1.00484298175364,-0.967308455754462
"2013-11-19",2013-11-19,0.00438673436087965,1596200,-0.365322223146223,57.240002,0.0176450378181329,56.23,58.400002,0,1.3231422292908,-0.928812050536902
"2013-11-20",2013-11-20,0.00279524798059937,1088600,-0.363548141372141,57.400002,0.0203833093943099,56.23,58.400002,0,1.1551864951722,-0.904281445621826
"2013-11-21",2013-11-21,0.00940761291262672,722500,-0.357560648648649,57.939999,0.0295132728600842,56.23,58.400002,0,1.44791369689571,-0.822098088886556
"2013-11-22",2013-11-22,0.00276146017883085,930100,-0.355786577962578,58.099998,0.0321858530872927,56.23,58.400002,0,1.09055519663572,-0.797924663562349
"2013-11-25",2013-11-25,0.00843376965348612,964400,-0.35035343035343,58.59,0.0273083802696708,56.990002,58.59,8490,-0.984729194563041,-0.794903836576047
"2013-11-26",2013-11-26,0.00119474313022688,1094100,-0.34957726957727,58.66,0.0284691101261507,0,58.66,0,1.04250452956264,-0.784374275793691
"2013-11-27",2013-11-27,0.00477325264234578,701900,-0.346472637560637,58.939999,0.0330844423665498,0,58.939999,0,1.16211719368635,-0.742406065760473
"2013-11-29",2013-11-29,0.000848371239368306,646200,-0.345918203742204,58.990002,0.0339040503846737,0,58.990002,0,1.02477321542988,-0.734936332161829
"2013-12-02",2013-12-02,-0.00491610425780282,944700,-0.349133738045738,58.700001,0.0291311579364368,56.990002,58.990002,8504,-1.00929564928572,-0.778363990709335
"2013-12-03",2013-12-03,-0.00596257230046727,1252800,-0.353014575190575,58.349998,0.0233075586395051,56.990002,58.990002,0,-1.01111561766147,-0.831120430154145
"2013-12-04",2013-12-04,-0.00822620422369165,918700,-0.358336809424809,57.869999,0.0152064457440202,56.990002,58.990002,0,-1.01507652830301,-0.904094064866993
"2013-12-05",2013-12-05,-0.00207359602684631,997000,-0.35966735966736,57.75,0.0131601385281386,56.990002,58.990002,0,-1.00371312744757,-0.922451748704535
"2013-12-06",2013-12-06,0.0173160173160173,970000,-0.348579348579348,58.75,0.0299574127659575,56.990002,58.990002,0,2.27637518419001,-0.770858364016939
"2013-12-09",2013-12-09,0.00340427234042554,887800,-0.346361735273735,58.950001,0.0332484981637235,56.990002,58.990002,0,1.10985879933884,-0.740911305132233
"2013-12-10",2013-12-10,-0.0115352160893093,1102200,-0.353901593901594,58.27,0.0219666723871633,56.990002,58.990002,0,-1.02176874019268,-0.843232038488497
"2013-12-11",2013-12-11,-0.018877672902008,1702200,-0.366098428274428,57.169998,0.00314843460375847,56.990002,58.990002,0,-1.03446391478029,-1.01183995157086
"2013-12-12",2013-12-12,-0.000524733270062325,1279300,-0.366431057519057,57.139999,0.00262507879987894,56.990002,58.990002,0,-1.00090857872894,-1.0164933617558
"2013-12-13",2013-12-13,0.00770043765664044,1616800,-0.361552299376299,57.580002,0.0102466130515244,56.990002,58.990002,0,3.90335446387245,-0.948537749628826
"2013-12-16",2013-12-16,0.0041680790493894,1535600,-0.358891198891199,57.82,0.0143548599100658,56.990002,58.990002,0,1.40093705479882,-0.911737399051164
"2013-12-17",2013-12-17,-0.00553441715669319,1024600,-0.362439362439362,57.5,0.00886953043478267,56.990002,58.990002,0,-1.00988646018383,-0.960846374160255
"2013-12-18",2013-12-18,0.0325217217391304,1691100,-0.341704792792793,59.369999,0.0375610584059467,57.139999,59.369999,8504,4.23484181965796,-0.692150201887943
"2013-12-19",2013-12-19,-0.00151591715539701,1209400,-0.342702713790714,59.279999,0.0360998656562055,57.139999,59.369999,8517,-1.00292041849857,-0.705518735578169
"2013-12-20",2013-12-20,0.0258097507727691,3895700,-0.325738034650034,60.810001,0.0251603679467133,59.279999,60.810001,8517,-0.950497388967163,-0.672763910377781
"2013-12-23",2013-12-23,0.00789343844937606,1446400,-0.320415789327789,61.290001,0.0327949415435643,0,61.290001,0,1.30343648443537,-0.602326473149528
"2013-12-24",2013-12-24,0.000163126119054935,454400,-0.320304931392931,61.299999,0.0329526922178254,0,61.299999,0,1.00481021361333,-0.600866230310454
"2013-12-26",2013-12-26,0.00668841772738045,688200,-0.315758846846847,61.709999,0.0393777352030099,0,61.709999,0,1.19497778641919,-0.541223650474135
"2013-12-27",2013-12-27,-0.00421322320877048,755700,-0.318641707553707,61.450001,0.035313294787416,59.279999,61.709999,8522,-1.00912994437258,-0.578991415060043
"2013-12-30",2013-12-30,0.00439381603915683,854700,-0.315647944559944,61.720001,0.00437459487403447,61.450001,61.720001,8522,-0.990604610373366,-0.730909085007724
"2013-12-31",2013-12-31,0.0027543421459115,709000,-0.313763004851005,61.889999,0.00710935542267499,0,61.889999,0,1.62514601406242,-0.705794907759551
"2014-01-02",2014-01-02,-0.0161576994047132,1011100,-0.324851015939016,60.889999,0,0,61.889999,8525,-1.03533880960018,-0.804721648136145
"2014-01-03",2014-01-03,0.00673345387967565,873100,-0.320304931392931,61.299999,0.00668841772738038,60.889999,61.299999,8525,-0.986005632357518,-0.743647278445637
"2014-01-06",2014-01-06,-0.00619903762151774,1518500,-0.324518386694387,60.919998,0.000492432714787605,60.889999,61.299999,8527,-1.01315451274238,-0.80023634581474
"2014-01-07",2014-01-07,0.0128037266186384,1155700,-0.315869704781705,61.700001,0.012641863652482,60.919998,61.700001,8527,25.6722660230538,-0.687171111399416
"2014-01-08",2014-01-08,0.00518636944592599,2320900,-0.312321552321552,62.02,0.0177362463721381,0,62.02,0,1.40297719226357,-0.640187508940983
"2014-01-09",2014-01-09,-0.00854559819413103,909400,-0.318198176022176,61.490002,0.00926986471719415,60.919998,62.02,8530,-1.01881594035679,-0.718160701721219
"2014-01-10",2014-01-10,-0.00601728716808298,862100,-0.322300773388773,61.119999,0.00327226772369549,60.919998,62.02,0,-1.01289321459313,-0.773068608567388
"2014-01-13",2014-01-13,-0.0112892508391566,1025700,-0.32995148995149,60.43,0,60.43,61.490002,8532,-1.02373781633309,-0.832449466231872
"2014-01-14",2014-01-14,0.00281313916928677,1118500,-0.32806655024255,60.599998,0.00280524761733492,60.43,60.599998,8532,-0.994287221708813,-0.806952098595104
"2014-01-15",2014-01-15,0.00990103993072741,1330400,-0.32141371032571,61.200001,0.012581715480691,0,61.200001,0,4.48506413585124,-0.717637094449634
"2014-01-16",2014-01-16,-0.0024510130318462,1080100,-0.323076934164934,61.049999,0.0101555939419425,60.43,61.200001,8535,-1.00517471341698,-0.739868091900793
"2014-01-17",2014-01-17,-0.00556920566042919,1569000,-0.326846857934858,60.709999,0.0046120738694132,60.43,61.200001,0,-1.01166881126834,-0.790498969751898
"2014-01-21",2014-01-21,-0.0016471421783421,1524900,-0.327955636867637,60.610001,0.00296982341247609,60.43,61.200001,0,-1.00339234998245,-0.805454450812579
"2014-01-22",2014-01-22,0.0329978545949867,4200500,-0.305779614691615,62.610001,0.0319437784388472,60.610001,62.610001,8535,10.7561204833435,-0.527386714363001
"2014-01-23",2014-01-23,-0.000159766807861855,1983600,-0.305890528066528,62.599998,0.0317890904724949,60.610001,62.610001,8539,-1.00036272324767,-0.528830608726266
"2014-01-24",2014-01-24,-0.0234823809419291,1936000,-0.322189871101871,61.130001,0.00850646149997614,60.610001,62.610001,0,-1.05328488965764,-0.744010946283127
"2014-01-27",2014-01-27,-0.00948800900559449,1435600,-0.32862093970894,60.549999,0,60.549999,62.599998,8541,-1.01996049281461,-0.825216166934115
"2014-01-28",2014-01-28,0.00346819163448712,1447800,-0.326292468468468,60.759998,0.00345620485372633,60.549999,60.759998,8541,-0.992914416097362,-0.793768806141699
"2014-01-29",2014-01-29,-0.000987442428816452,1561500,-0.326957715869716,60.700001,0.00247120259520262,60.549999,60.759998,8543,-1.00203880709956,-0.802740094352708
"2014-01-30",2014-01-30,0.00691924206063851,955200,-0.322300773388773,61.119999,0.00687169513860753,60.700001,61.119999,8543,2.78070893578198,-0.753500962822038
"2014-01-31",2014-01-31,-0.0147250984084603,1259900,-0.332279961191961,60.220001,0,0,61.119999,8545,-1.03096234519782,-0.845107785211444
"2014-02-03",2014-02-03,-0.0302225003284208,1452200,-0.35246013028413,58.400002,0,58.400002,60.220001,8546,-1.06073242882231,-0.95481367849905
"2014-02-04",2014-02-04,0.0236300848071888,1509900,-0.337158708246708,59.779999,0.0230845938956941,58.400002,59.779999,8546,-0.956586800257133,-0.746134943030531
"2014-02-05",2014-02-05,-0.0103713451049071,937600,-0.344033264033264,59.16,0.0128464841108856,58.400002,59.779999,8548,-1.02038967292972,-0.839164900037535
"2014-02-06",2014-02-06,0.00997295469912109,794800,-0.337491337491337,59.75,0.0225941087866108,58.400002,59.779999,0,1.75877762285678,-0.750609657540575
"2014-02-07",2014-02-07,0.0164016736401673,960200,-0.326625086625087,60.73,0.025852132389264,59.16,60.73,8548,1.14419792492917,-0.673825556249188
"2014-02-10",2014-02-10,0.00197592623085794,555800,-0.325294547470547,60.849998,0.0277731808635393,0,60.849998,0,1.07430909161958,-0.656148879518048
"2014-02-11",2014-02-11,0.0151191788042459,838900,-0.315093555093555,61.77,0.0422535211267606,0,61.77,0,1.52137853184225,-0.521973212681149
"2014-02-12",2014-02-12,0.00161889266634283,1155500,-0.313984765072765,61.869999,0.0438015038597303,0,61.869999,0,1.03663559134695,-0.507530141025894
"2014-02-13",2014-02-13,0.00274772915383426,895600,-0.312099781011781,62.040001,0.0464216788133192,0,62.040001,0,1.05981929209508,-0.483038646834785
"2014-02-14",2014-02-14,0.00338489678618805,769300,-0.30977130977131,62.25,0.0496385542168675,0,62.25,0,1.06929683470701,-0.452892357951227
"2014-02-18",2014-02-18,-0.00048191164658629,787800,-0.310103939015939,62.220001,0.0491803431504285,59.16,62.25,8556,-1.00107378970917,-0.457191620379471
"2014-02-19",2014-02-19,-0.0126968978994392,1066200,-0.318863478863479,61.43,0.0369526290086277,59.16,62.25,0,-1.02824710926065,-0.571285086892987
"2014-02-20",2014-02-20,0.00179067230994623,926900,-0.317643786555787,61.540001,0.0386740487703274,59.16,62.25,0,1.04658450042344,-0.555296255215812
"2014-02-21",2014-02-21,0.00584986990819197,860200,-0.313652091476091,61.900002,0.0442649743371576,59.16,62.25,0,1.14456530269258,-0.503202045635019
"2014-02-24",2014-02-24,0.00888528242696987,947800,-0.307553696465696,62.450001,0.0163330822044342,61.43,62.450001,8556,-0.980556817007994,-0.621895962145703
"2014-02-25",2014-02-25,-0.00944755789515525,676100,-0.314095623007623,61.860001,0.00695119613722606,61.43,62.450001,8561,-1.02127084348881,-0.708462931869829
"2014-02-26",2014-02-26,-0.00226317487450402,869800,-0.315647944559944,61.720001,0.004698655140981,61.43,62.450001,0,-1.00494219415558,-0.729147389112015
"2014-02-27",2014-02-27,0.0074529972868924,839800,-0.31054747054747,62.18,0.0120617561917015,61.43,62.450001,0,2.56706564533765,-0.661391384213351
"2014-02-28",2014-02-28,-0.00530720488903185,1547700,-0.314206536382536,61.849998,0.00679059035701179,61.43,62.450001,0,-1.01178262965277,-0.709938997373638
"2014-03-03",2014-03-03,-0.00840737294769191,1185400,-0.319972257796258,61.330002,0,61.330002,62.18,8565,-1.01835010016056,-0.778199148857724
"2014-03-04",2014-03-04,0.0156530078052174,990800,-0.309327778239778,62.290001,0.0154117672915112,61.330002,62.290001,8565,-0.966733117334012,-0.636549005931498
"2014-03-05",2014-03-05,-0.00256863055757531,710800,-0.31110186001386,62.130001,0.0128762109628808,61.330002,62.290001,8567,-1.00573528114474,-0.659977585525898
"2014-03-06",2014-03-06,0.0111057297423832,812800,-0.303451143451143,62.82,0.010983747214263,62.130001,62.82,8567,-0.975407679779299,-0.628673870187273
"2014-03-07",2014-03-07,0.0191021489971347,1548600,-0.290145563409563,64.019997,0.0295219632703201,0,64.019997,0,2.68778611656177,-0.455560747071012
"2014-03-10",2014-03-10,0.00156210566520322,781300,-0.289036695772696,64.120003,0.03103558806758,0,64.120003,0,1.05127114289115,-0.441304034264894
"2014-03-11",2014-03-11,-0.0152839044626993,726400,-0.299902990990991,63.139999,0.0159961675007313,62.130001,64.120003,8571,-1.03759486382601,-0.582135841891663
"2014-03-12",2014-03-12,-0.00696860954970878,728900,-0.304781693693693,62.700001,0.00909090894591857,62.130001,64.120003,0,-1.01626760268906,-0.646197247438751
"2014-03-13",2014-03-13,-0.0143540986546396,1013500,-0.314760925848926,61.799999,0,61.799999,63.139999,8573,-1.03274222947675,-0.749868671353343
"2014-03-14",2014-03-14,0.00388352757093082,906200,-0.312099781011781,62.040001,0.0038685041284896,61.799999,62.040001,8573,-0.991545504481004,-0.714371398294944
"2014-03-17",2014-03-17,0.0114442132262378,646400,-0.304227304227304,62.75,0.0151394581673306,0,62.75,0,3.91351738669117,-0.610301547865567
"2014-03-18",2014-03-18,0.00525899601593626,984500,-0.300568238392238,63.080002,0.0202917400034325,0,63.080002,0,1.34032141567787,-0.562400226379207
"2014-03-19",2014-03-19,0.0133163597553469,1403300,-0.291254353430353,63.919998,0.0331664434657836,0,63.919998,0,1.63448001305818,-0.441775919280787
"2014-03-20",2014-03-20,0.025970025843868,2496800,-0.27284821067221,65.580002,0.057639568233011,0,65.580002,0,1.73788812455804,-0.208670422200768
"2014-03-21",2014-03-21,0.00289714843253604,2363000,-0.270741544005544,65.769997,0.0603618394569791,0,65.769997,0,1.04722920915999,-0.182418761845353
"2014-03-24",2014-03-24,-0.00182446412457648,1438700,-0.27207204989605,65.650002,0.0586443698813597,61.799999,65.769997,8580,-1.00491430266232,-0.198988537336469
"2014-03-25",2014-03-25,-0.00517904020779782,1020100,-0.275842018018018,65.309998,0.0537436703029756,61.799999,65.769997,0,-1.01385650647837,-0.246125077229797
"2014-03-26",2014-03-26,-0.00979941845963594,852200,-0.282938345114345,64.669998,0.0443791416229827,61.799999,65.769997,0,-1.02572605561443,-0.335611586434537
"2014-03-27",2014-03-27,-0.00541206140133194,1297000,-0.286819126819127,64.32,0.0391791200248756,61.799999,65.769997,0,-1.01371599774931,-0.384977755447415
"2014-03-28",2014-03-28,0.00917294776119415,760900,-0.280277155925156,64.910004,0.0479125682999496,61.799999,65.769997,0,1.22291078180237,-0.301935661120614
"2014-03-31",2014-03-31,0.010013772299259,787000,-0.273070015246015,65.559998,0.0573520304256262,61.799999,65.769997,0,1.19701432130672,-0.211439371294426
"2014-04-01",2014-04-01,0.00289813919762485,833300,-0.270963270963271,65.75,0.0600760608365019,61.799999,65.769997,0,1.04749666909192,-0.185177725486889
"2014-04-02",2014-04-02,-0.0016730190114068,2180000,-0.272182963270963,65.639999,0.0585009149680213,61.799999,65.769997,0,-1.00450131969309,-0.200371365208686
"2014-04-03",2014-04-03,-0.00258985378717033,1543100,-0.274067902979903,65.470001,0.0560562386427945,61.799999,65.769997,0,-1.00692526705672,-0.223908551267493
"2014-04-04",2014-04-04,-0.0200091183746888,1541100,-0.288593164241164,64.160004,0.0367831180309777,61.799999,65.769997,0,-1.05299876820062,-0.407647431656779
"2014-04-07",2014-04-07,-0.0207294563136249,1726200,-0.303340241164241,62.830002,0.0163934898490056,61.799999,65.769997,0,-1.05109988298529,-0.59866186781571
"2014-04-08",2014-04-08,-0.00397899080124174,1887800,-0.306112243936244,62.580002,0.0124640935613904,61.799999,65.769997,0,-1.00913826257065,-0.635092829655241
"2014-04-09",2014-04-09,0.00319586119540227,1105500,-0.303894674982675,62.779999,0.0156100671489338,61.799999,65.769997,0,1.25240291819443,-0.605934886380766
"2014-04-10",2014-04-10,-0.0194329088791479,1620900,-0.317422026334026,61.560001,0,61.560001,65.75,8593,-1.04451328853368,-0.764335269948859
"2014-04-11",2014-04-11,-0.0157570010435834,1282400,-0.328177408177408,60.59,0,60.59,61.560001,8594,-1.03388353973919,-0.822804986797534
"2014-04-14",2014-04-14,0.010397771909556,1495000,-0.32119195010395,61.220001,0.0102907708217777,60.59,61.220001,8594,-0.978714384660867,-0.72888584692628
"2014-04-15",2014-04-15,-0.025971904182099,3196600,-0.338821887733888,59.630001,0,0,61.220001,8596,-1.05488910174814,-0.880671803125569
"2014-04-16",2014-04-16,-0.00989434831637859,3107200,-0.345363814275814,59.040001,0,59.040001,59.630001,8597,-1.0193078628588,-0.916235821039693
"2014-04-17",2014-04-17,0.00592815030609513,1923200,-0.341483032571033,59.389999,0.00589321444507862,59.040001,59.389999,8597,-0.988763206959249,-0.863101232636955
"2014-04-21",2014-04-21,0.00875569976015648,1354300,-0.335717255717256,59.91,0.0145217659823068,0,59.91,0,2.46415027276563,-0.784849031320014
"2014-04-22",2014-04-22,0.00634286429644467,1181100,-0.3315038004158,60.290001,0.0207331228937946,0,60.290001,0,1.42772737964898,-0.728176397361745
"2014-04-23",2014-04-23,0.00912255748677143,1142000,-0.325405405405405,60.84,0.0295857823800133,0,60.84,0,1.42698147942143,-0.646897653776828
"2014-04-24",2014-04-24,-0.00986190006574632,1378000,-0.33205818988219,60.240002,0.0199203346639996,59.040001,60.84,8602,-1.02044460345856,-0.735608815284398
"2014-04-25",2014-04-25,-0.0127822206911612,1432700,-0.340595969507969,59.470001,0.00723053628332726,59.040001,60.84,0,-1.02571169718419,-0.851008760492677
"2014-04-28",2014-04-28,-0.00454010417790313,1400900,-0.343589732501732,59.200001,0.00270270265704897,59.040001,60.84,0,-1.0087897781001,-0.891898580215292
"2014-04-29",2014-04-29,0.0138513342254843,859100,-0.334497574497574,60.02,0.0163278740419861,59.040001,60.84,0,6.041313497584,-0.768399867079803
"2014-04-30",2014-04-30,0.0038320559813395,917200,-0.331947331947332,60.25,0.0200829709543568,59.040001,60.84,0,1.22998076189924,-0.734122012664004
"2014-05-01",2014-05-01,-0.00315351037344399,932100,-0.334054042966043,60.060001,0.0169830167002495,59.040001,60.84,0,-1.00634652192067,-0.762427120623965
"2014-05-02",2014-05-02,0.00715952369031757,787900,-0.329286187110187,60.490002,0.0239709200207995,59.040001,60.84,0,1.41146419649033,-0.698519030665391
"2014-05-05",2014-05-05,-0.00562076357676424,421700,-0.333056110880111,60.150002,0.0184538813481669,59.040001,60.84,0,-1.01144877592045,-0.74900594710478
"2014-05-06",2014-05-06,-0.0118038732567291,806400,-0.340928632016632,59.439999,0.00672944156678068,59.040001,60.84,0,-1.02363722171534,-0.85554133307712
"2014-05-07",2014-05-07,0.0201884256424702,803400,-0.327623018711019,60.639999,0.0263851917279881,59.040001,60.84,0,3.92085902911118,-0.676352754101921
"2014-05-08",2014-05-08,0.0065963391589105,1212100,-0.323187792099792,61.040001,0.0301441672650038,59.200001,61.040001,8602,1.14246534858522,-0.631806434279409
"2014-05-09",2014-05-09,0.00114678897203819,981900,-0.322411631323631,61.110001,0.0312551132178839,0,61.110001,0,1.03685442504062,-0.621547514817787
"2014-05-12",2014-05-12,0.0106365077624529,601300,-0.315204457380457,61.759998,0.0414507299692595,0,61.759998,0,1.32620636118962,-0.526940344277098
"2014-05-13",2014-05-13,-0.000647619839624989,765000,-0.315647944559945,61.720001,0.0408295521576547,59.200001,61.759998,8615,-1.00140698257624,-0.532728205784419
"2014-05-14",2014-05-14,-0.0136098507192183,731900,-0.324961873873874,60.880001,0.0275952689291185,59.200001,61.759998,0,-1.02950733396004,-0.655307545318787
"2014-05-15",2014-05-15,-0.0206964845483495,1621800,-0.33893279002079,59.619999,0.00704458247307249,59.200001,61.759998,0,-1.04299247779553,-0.842978086332604
"2014-05-16",2014-05-16,0.00318688364956195,1078100,-0.336826045738046,59.810001,0.0101989632135268,59.200001,61.759998,0,1.44777398128444,-0.814376917644095
"2014-05-19",2014-05-19,0.00451431191248435,746600,-0.333832271656272,60.080002,0.0146471533073518,59.200001,61.759998,0,1.43614139993421,-0.773920005515679
"2014-05-20",2014-05-20,-0.00848871476402414,599600,-0.33948717948718,59.57,0.00621116333725025,59.200001,61.759998,0,-1.01693936839255,-0.850522660499574
"2014-05-21",2014-05-21,0.00520397851267416,811300,-0.336049884961885,59.880001,0.0113560452345349,59.200001,61.759998,0,1.82832822418777,-0.803867187669258
"2014-05-22",2014-05-22,0.00751504663468527,603800,-0.331060268884269,60.330002,0.018730332546649,59.200001,61.759998,0,1.64937107591718,-0.736653030062504
"2014-05-23",2014-05-23,0.000497248450281778,677200,-0.33072763963964,60.360001,0.0192180248638497,59.200001,61.759998,0,1.02603756852614,-0.732193498067871
"2014-05-27",2014-05-27,0.00795226958329584,874400,-0.325405405405405,60.84,0.0269559335963183,59.200001,61.759998,0,1.40263808519803,-0.661194358066514
"2014-05-28",2014-05-28,-0.000986209730440612,832200,-0.326070697158697,60.779999,0.0259953607435893,59.200001,61.759998,0,-1.0020445012352,-0.670033081278076
"2014-05-29",2014-05-29,-0.00477125707093216,712400,-0.329286187110187,60.490002,0.0213258548082045,59.200001,61.759998,0,-1.00986132755721,-0.712898456359317
"2014-05-30",2014-05-30,-0.00148784918208461,794400,-0.330284108108108,60.400002,0.0198675655672992,59.200001,61.759998,0,-1.00303055833188,-0.726251205641143
"2014-06-02",2014-06-02,0.00711920506227797,440800,-0.325516263340263,60.830002,0.0267960043795494,59.200001,61.759998,0,1.34873114115471,-0.662666444163729
"2014-06-03",2014-06-03,0.00180826888679043,561400,-0.324296615384615,60.939999,0.0285526424114316,59.200001,61.759998,0,1.06555596897957,-0.646486395748372
"2014-06-04",2014-06-04,0.0057433870322183,666800,-0.320415789327789,61.290001,0.0341001789182545,59.200001,61.759998,0,1.19429152744902,-0.595230782747296
"2014-06-05",2014-06-05,0.00554739752737161,503300,-0.316645865557866,61.630001,0.0394288489464734,59.200001,61.759998,0,1.15626516332929,-0.545767898877127
"2014-06-06",2014-06-06,0.00941096853138139,887400,-0.310214841302841,62.209999,0.0424368918572078,59.57,62.209999,8615,1.07629040641836,-0.494454092214174
"2014-06-09",2014-06-09,0.00691207212525433,799200,-0.305446996534997,62.639999,0.0490102019318359,0,62.639999,0,1.15489612426721,-0.432799924837086
"2014-06-10",2014-06-10,0.00079821201785136,455500,-0.304892595980596,62.689999,0.0497686879848251,0,62.689999,0,1.01547608504132,-0.425662650744328
"2014-06-11",2014-06-11,-0.0094114054779296,431400,-0.311434533610534,62.099998,0.0407407098467217,59.57,62.689999,8635,-1.02145653163173,-0.510305723354089
"2014-06-12",2014-06-12,0.00161035431917407,778100,-0.310325699237699,62.200001,0.0422829735967367,59.57,62.689999,0,1.03785559347928,-0.495893500818592
"2014-06-13",2014-06-13,0.00016073954725504,639100,-0.310214841302841,62.209999,0.0424368918572078,59.57,62.689999,0,1.00364019479659,-0.494454092214174
"2014-06-16",2014-06-16,0.000642999528098315,999900,-0.30977130977131,62.25,0.0430522088353413,59.57,62.689999,0,1.01449957692953,-0.488697850971669
"2014-06-17",2014-06-17,0.0263453654618474,2330800,-0.291586982674983,63.889999,0.0280169201442624,62.099998,63.889999,8635,-0.941297574944072,-0.471578664820808
"2014-06-18",2014-06-18,0.00782595097551966,2219500,-0.286042977130977,64.389999,0.0355645447362097,0,64.389999,0,1.26939522806517,-0.400408350434642
"2014-06-19",2014-06-19,-0.00419313564518002,1019100,-0.289036695772696,64.120003,0.0315035075715764,62.099998,64.389999,8641,-1.01046597497951,-0.438760273261795
"2014-06-20",2014-06-20,0.00265124753659177,1743100,-0.287151756063756,64.290001,0.0340644418406527,62.099998,64.389999,0,1.08129044879393,-0.4145910716077
"2014-06-23",2014-06-23,-0.00279981330222731,777500,-0.289147598059598,64.110001,0.0313524094314084,62.099998,64.389999,0,-1.00695047811374,-0.440184591896698
"2014-06-24",2014-06-24,-0.00358758378431466,1001200,-0.29169784060984,63.880001,0.0278647929263496,62.099998,64.389999,0,-1.00881986420554,-0.473008336741508
"2014-06-25",2014-06-25,0.00422669060384017,666100,-0.288704066528066,64.150002,0.0319564136568539,62.099998,64.389999,0,1.14683836845007,-0.43448985041832
"2014-06-26",2014-06-26,-0.00124710830094764,720400,-0.289591129591129,64.07,0.0307476510067113,62.099998,64.389999,0,-1.00307256864696,-0.445883433444915
"2014-06-27",2014-06-27,0.00593096613079449,943600,-0.285377718641719,64.449997,0.00884400351484882,63.880001,64.449997,8641,-0.985450483392362,-0.542053252116642
"2014-06-30",2014-06-30,-0.00372378605386126,1246300,-0.288038819126819,64.209999,0.00513935532065646,63.880001,64.449997,8648,-1.00932483621274,-0.576659510474368
"2014-07-01",2014-07-01,0.00451644610678165,1080100,-0.284823284823285,64.5,0.00449613953488381,64.209999,64.5,8648,-0.988836455053933,-0.56267555922389
"2014-07-02",2014-07-02,-0.00682173643410863,991700,-0.289702031878032,64.059998,0,0,64.5,8650,-1.01712903163017,-0.613640459621308
"2014-07-03",2014-07-03,0.0129566191993951,654200,-0.280498971586971,64.889999,0.0127908924763585,64.059998,64.889999,8650,-0.968232669162172,-0.494074254588299
"2014-07-07",2014-07-07,-0.0013869009306041,627200,-0.281496848232848,64.800003,0.011419829718218,64.059998,64.889999,8652,-1.00355750554175,-0.506952571527811
"2014-07-08",2014-07-08,-0.0104938266746686,615400,-0.289036695772696,64.120003,0.000935823412235415,64.059998,64.889999,0,-1.02678483822174,-0.604936041220805
"2014-07-09",2014-07-09,-0.0015596692969586,974100,-0.290145563409563,64.019997,0,64.019997,64.800003,8654,-1.00383642510825,-0.616051639757888
"2014-07-10",2014-07-10,-0.00296774459392748,626800,-0.29225223007623,63.830002,0,63.830002,64.019997,8655,-1.00726072334835,-0.627504157696184
"2014-07-11",2014-07-11,0.00908666742639301,853200,-0.285821161469161,64.410004,0.00900484340910768,63.830002,64.410004,8655,-0.977994800568704,-0.543589572604792
"2014-07-14",2014-07-14,0.000310448668812474,1163800,-0.285599445599445,64.43,0.00931240105540909,0,64.43,0,1.03415469123987,-0.540712271448247
"2014-07-15",2014-07-15,0.000776082570231097,1520800,-0.285045011781011,64.480003,0.0100806602009618,0,64.480003,0,1.08249850290827,-0.533521686845283
"2014-07-16",2014-07-16,0,1505900,-0.285045011781011,64.480003,0.0100806602009618,0,64.480003,0,-1,-0.533521686845283
"2014-07-17",2014-07-17,-0.00217132434066415,1414800,-0.286597410949411,64.339996,0.00792654696465944,63.830002,64.480003,8660,-1.00544615448171,-0.553671481055736
"2014-07-18",2014-07-18,0.0105688691680989,1294000,-0.279057552321552,65.019997,0.0104583363791912,64.339996,65.019997,8660,1.31940634753314,-0.498918761178995
"2014-07-21",2014-07-21,0.00722856077646384,1126600,-0.273846176022176,65.489998,0.0175599638894477,0,65.489998,0,1.67903988290015,-0.431981310069448
"2014-07-22",2014-07-22,0.00885634475053722,1460500,-0.267415107415107,66.07,0.0261844104737399,0,66.07,0,1.49114261501841,-0.350134684531793
"2014-07-23",2014-07-23,0.00484333282881807,1442000,-0.263866954954954,66.389999,0.0308781899514715,0,66.389999,0,1.17925855090146,-0.305328890213048
"2014-07-24",2014-07-24,0.0108450370665014,1115600,-0.255883564795564,67.110001,0.0412755916960871,0,67.110001,0,1.33672316158934,-0.205404990370949
"2014-07-25",2014-07-25,0.000297958571033342,1143800,-0.255661848925849,67.129997,0.0415611667612618,0,67.129997,0,1.00691873946417,-0.20264719359954
"2014-07-28",2014-07-28,0.000744868199532376,1049900,-0.255107415107415,67.18,0.0422745459958322,0,67.18,0,1.01716456226237,-0.195754953853367
"2014-07-29",2014-07-29,-0.00104196189342081,993500,-0.255883564795564,67.110001,0.0412755916960871,64.339996,67.18,8668,-1.00304244268173,-0.205404990370948
"2014-07-30",2014-07-30,0.0114736401210902,1368100,-0.24734584060984,67.879997,0.0113434890104666,67.110001,67.879997,8668,-0.966634339362337,-0.321711716739017
"2014-07-31",2014-07-31,-0.0145845321707955,1460200,-0.258322949410949,66.889999,0,0,67.879997,8670,-1.0443795973041,-0.443053669348446
"2014-08-01",2014-08-01,-0.0112124384992142,1293200,-0.266638957726957,66.139999,0,66.139999,66.889999,8671,-1.03219229392886,-0.488262166696908
"2014-08-04",2014-08-04,0.00544301489935004,1049300,-0.262647262647262,66.5,0.00541354887218037,66.139999,66.5,8671,-0.98502958789772,-0.437132233909143
"2014-08-05",2014-08-05,-0.0123308270676691,814500,-0.271739431739431,65.68,0,0,66.5,8673,-1.03461741424802,-0.515989984792634
"2014-08-06",2014-08-06,0.00334960414129101,1118000,-0.269300047124047,65.900002,0.0033384217499719,65.68,65.900002,8673,-0.99102307456901,-0.48457997005692
"2014-08-07",2014-08-07,-0.00318664633727923,2076100,-0.271628529452529,65.690002,0.000152260613418775,65.68,65.900002,8675,-1.00864642376913,-0.514559346579049
"2014-08-08",2014-08-08,0.00669805124986898,1361400,-0.26674986001386,66.129997,0.00665348586058456,65.690002,66.129997,8675,43.6980103468053,-0.452694576946723
"2014-08-11",2014-08-11,0.00181465303862023,1316900,-0.265419265419265,66.25,0.00845279999999993,0,66.25,0,1.27043179727405,-0.435679385844758
"2014-08-12",2014-08-12,0.00286795471698124,1345300,-0.263312521136521,66.440002,0.0112883801538718,0,66.440002,0,1.33546045734808,-0.4088113197369
"2014-08-13",2014-08-13,0.00511735384956787,1001200,-0.25954263063063,66.779999,0.0163222074920965,0,66.779999,0,1.4459299978924,-0.360951476445723
"2014-08-14",2014-08-14,0.0029949685983073,875600,-0.257324984060984,66.980003,0.0192594945091297,0,66.980003,0,1.17995648066939,-0.332927598579187
"2014-08-15",2014-08-15,-0.00582273786998781,999000,-0.261649386001386,66.589996,0.013515453582547,65.690002,66.980003,8681,-1.01680521600412,-0.387662894090976
"2014-08-18",2014-08-18,0.00840976173057589,810300,-0.255440033264033,67.150002,0.00833962745079297,66.589996,67.150002,8681,-0.976268422287374,-0.382044310867722
"2014-08-19",2014-08-19,-0.00282953081669312,1348700,-0.257546788634788,66.959999,0.00552573186269012,66.589996,67.150002,8683,-1.00824755361889,-0.408794552975829
"2014-08-20",2014-08-20,0.00403231786189244,1269200,-0.254552981288981,67.230003,0.00401612357506509,66.959999,67.230003,8683,-0.988375675885237,-0.400725969271162
"2014-08-21",2014-08-21,0.0113044022919351,1233500,-0.246126148302148,67.989998,0.0151492723973901,0,67.989998,0,3.7721131121182,-0.294391613634088
"2014-08-22",2014-08-22,0.00397123118020977,1312700,-0.243132340956341,68.260002,0.0190448719881374,0,68.260002,0,1.2571476364382,-0.256938580473437
"2014-08-25",2014-08-25,0.00996191005092568,1710300,-0.235592493416493,68.940002,0.0287206693147471,0,68.940002,0,1.50805263131391,-0.163348794878936
"2014-08-26",2014-08-26,0,664600,-0.235592493416493,68.940002,0.0287206693147471,0,68.940002,0,-1,-0.163348794878936
"2014-08-27",2014-08-27,0.000435146491582484,921300,-0.235259864171864,68.970001,0.0291431342736967,0,68.970001,0,1.01470943989222,-0.159243859794322
"2014-08-28",2014-08-28,-0.00246481075156128,822500,-0.237144803880804,68.800003,0.0267442430198732,66.959999,68.970001,8690,-1.00801216015139,-0.182532143471063
"2014-08-29",2014-08-29,0.00799411302351245,1091500,-0.231046453222453,69.349998,0.00793071399944378,68.800003,69.349998,8690,-0.974284274592768,-0.251655944869952
"2014-09-02",2014-09-02,0.00201874555209072,1776100,-0.229494131670131,69.489998,0.00992941458999608,0,69.489998,0,1.25202025828853,-0.232351445760515
"2014-09-03",2014-09-03,-0.00129509285638488,1304800,-0.230492008316008,69.400002,0.00864551848283801,68.800003,69.489998,8693,-1.00434815756993,-0.244755896734522
"2014-09-04",2014-09-04,-0.00475507190907584,1146500,-0.234151074151074,69.07,0.00390903431301559,68.800003,69.489998,0,-1.01587502257367,-0.290396808300742
"2014-09-05",2014-09-05,0.000723946720718167,1181600,-0.23359664033264,69.120003,0.00462962942869072,68.800003,69.489998,0,1.18434095430573,-0.28346534070277
"2014-09-08",2014-09-08,-0.00723379598232946,1923100,-0.239140645876646,68.620003,0,68.620003,69.400002,8696,-1.02373324177998,-0.338772494352675
"2014-09-09",2014-09-09,-0.00510064098947931,861800,-0.243021516285516,68.269997,0,68.269997,68.620003,8697,-1.01622840146912,-0.359870154783269
"2014-09-10",2014-09-10,0.00849569394297755,988700,-0.236590458766459,68.849998,0.00842412515393243,68.269997,68.849998,8697,-0.973537085862382,-0.279112601283714
"2014-09-11",2014-09-11,0.003195381356438,819200,-0.234151074151074,69.07,0.0115824960185318,0,69.07,0,1.37491974619169,-0.248681401102368
"2014-09-12",2014-09-12,0.00694951498479819,1099000,-0.228828795564795,69.550003,0.0184041113556818,0,69.550003,0,1.58895900557492,-0.182663285754828
"2014-09-15",2014-09-15,-0.00301951101281771,1029900,-0.231157355509355,69.339996,0.015431195006126,68.269997,69.550003,8701,-1.01017599178815,-0.211483816937331
"2014-09-16",2014-09-16,-0.00230741288188122,1040400,-0.232931392931393,69.18,0.0131541341428159,68.269997,69.550003,0,-1.00767458780677,-0.233506890884833
"2014-09-17",2014-09-17,0.0104076611737495,1220400,-0.224948002772002,69.900002,0.0103004575021327,69.18,69.900002,8701,-0.965726431036534,-0.20562011742377
"2014-09-18",2014-09-18,0.00615164503142636,1582300,-0.220180158004158,70.330002,0.0163515138247826,0,70.330002,0,1.58745510297936,-0.146805089506907
"2014-09-19",2014-09-19,-0.00995314915532052,1568000,-0.227941821205821,69.629997,0.00646268877478184,69.18,70.330002,8705,-1.03525141989187,-0.242758823678667
"2014-09-22",2014-09-22,-0.0014361339122275,1104800,-0.2290506001386,69.529999,0.00503378405053623,69.18,70.330002,0,-1.00486430672052,-0.256554488680466
"2014-09-23",2014-09-23,-0.00690343746445329,1455600,-0.234372801108801,69.050003,0,69.050003,69.629997,8707,-1.02323591803287,-0.31285295587289
"2014-09-24",2014-09-24,0.00231710344748272,1060400,-0.232598763686764,69.209999,0.00231174689079239,69.050003,69.209999,8707,-0.992430702651313,-0.290641317517818
"2014-09-25",2014-09-25,-0.0163270772478989,1076200,-0.245128182952183,68.080002,0,0,69.209999,8709,-1.05386709312992,-0.371322672721564
"2014-09-26",2014-09-26,0.00837250269175972,723400,-0.238808016632016,68.650002,0.00830298591979661,68.080002,68.650002,8709,-0.974216892386465,-0.291826511324764
"2014-09-29",2014-09-29,-0.00611797505847129,764200,-0.24346497020097,68.230003,0.00219846099083421,68.080002,68.650002,8711,-1.01950082595481,-0.350329371549428
"2014-09-30",2014-09-30,-0.00293132040460254,1117500,-0.245682616770616,68.029999,0,68.029999,68.230003,8712,-1.0091086884812,-0.374336753378784
"2014-10-01",2014-10-01,-0.0113184920082095,856600,-0.254220352044352,67.260002,0,67.260002,68.029999,8713,-1.03475107594489,-0.42075062982255
"2014-10-02",2014-10-02,0.00163545936260895,674400,-0.25300065973666,67.370003,0.0016327890025476,67.260002,67.370003,8713,-0.995202223984493,-0.40524362347405
"2014-10-03",2014-10-03,0.0111325510850875,572900,-0.244684651420651,68.120003,0.0126247939243338,0,68.120003,0,7.73204247740258,-0.300279050075945
"2014-10-06",2014-10-06,0.00146796822660151,706600,-0.243575872487872,68.220001,0.0140721047482834,0,68.220001,0,1.11464035235933,-0.286383323592959
"2014-10-07",2014-10-07,-0.0228671500605811,945100,-0.260873136521136,66.660004,0,0,68.220001,8717,-1.07101386461882,-0.456917307145327
"2014-10-08",2014-10-08,0.0108009744493865,1318500,-0.252889846153846,67.379997,0.0106855599889683,66.660004,67.379997,8717,-0.969397805869354,-0.355427428857799
"2014-10-09",2014-10-09,-0.0287918534635731,1740100,-0.274400532224532,65.440002,0,0,67.379997,8719,-1.08505950870641,-0.530456583388152
"2014-10-10",2014-10-10,-0.013600228801949,1280900,-0.284268851004851,64.550003,0,64.550003,65.440002,8720,-1.03596319110724,-0.584103939963663
"2014-10-13",2014-10-13,-0.0116189615049283,1098800,-0.292584903672904,63.799999,0,63.799999,64.550003,8721,-1.02925418187275,-0.629312678424112
"2014-10-14",2014-10-14,-0.000156708466406137,960800,-0.292695761607762,63.790001,0,63.790001,63.799999,8722,-1.00037889150625,-0.629915337832766
"2014-10-15",2014-10-15,-0.0188117413573954,2222400,-0.306001386001386,62.59,0,62.59,63.790001,8723,-1.04545888987438,-0.702248993868301
"2014-10-16",2014-10-16,0.00271605687809554,1644900,-0.304116446292446,62.759998,0.00270869989511469,62.59,62.759998,8723,-0.993840094211432,-0.677276490719174
"2014-10-17",2014-10-17,0.00860422270886619,1807600,-0.298128909216909,63.299999,0.0112164140792482,0,63.299999,0,4.14088474676643,-0.598475640210566
"2014-10-20",2014-10-20,0.00489734604893117,1220600,-0.294691603603604,63.610001,0.016035230057613,0,63.610001,0,1.42962179751193,-0.553592706367522
"2014-10-21",2014-10-21,0.0292406849671328,1743700,-0.274067902979903,65.470001,0.0439896281657304,0,65.470001,0,2.74331132186317,-0.289506528930306
"2014-10-22",2014-10-22,-0.0545287757059908,3593800,-0.313652091476091,61.900002,0,0,65.470001,8728,-1.14443204791876,-0.743840690872893
"2014-10-23",2014-10-23,0.0155088686426859,2278100,-0.303007611919612,62.860001,0.0152720169380843,61.900002,62.860001,8728,-0.966062781515708,-0.602950275840419
"2014-10-24",2014-10-24,0.0124084948710072,1456900,-0.294358985446985,63.639999,0.0273412480726155,0,63.639999,0,1.79028403278114,-0.490321334753863
"2014-10-27",2014-10-27,0,1279800,-0.294358985446985,63.639999,0.0273412480726155,0,63.639999,0,-1,-0.490321334753863
"2014-10-28",2014-10-28,0.00848524526218179,1554200,-0.288371448371448,64.18,0.0355250545341229,0,64.18,0,1.29932088102826,-0.413281350860948
"2014-10-29",2014-10-29,0.0143346525397319,1856200,-0.2781705003465,65.099998,0.049155085995548,0,65.099998,0,1.3836737660271,-0.283728477417205
"2014-10-30",2014-10-30,0.0019970046696468,1287000,-0.276729003465003,65.230003,0.0510501432906572,0,65.230003,0,1.03855261885374,-0.265589895189512
"2014-10-31",2014-10-31,0.0164034945698225,1530200,-0.264864831600831,66.300003,0.0663650196214923,0,66.300003,0,1.29999673543792,-0.117835842816522
"2014-11-03",2014-11-03,-0.00769233751015064,1376100,-0.270519739431739,65.790001,0.0591275108811748,61.900002,66.300003,8736,-1.02135016490007,-0.187923168156677
"2014-11-04",2014-11-04,0.00182403098002684,873500,-0.269189144837145,65.910004,0.0608405667825479,61.900002,66.300003,0,1.02897223096057,-0.171376904595142
"2014-11-05",2014-11-05,0.0057653918515921,944800,-0.264975733887734,66.290001,0.0662241504567183,61.900002,66.300003,0,1.08848674427068,-0.119204553449438
"2014-11-06",2014-11-06,0.00814604000383089,819500,-0.258988196812197,66.830002,0.0155618879077691,65.790001,66.830002,8736,-0.977403451298398,-0.362070737724428
"2014-11-07",2014-11-07,0.0010474337558752,732600,-0.258212036036036,66.900002,0.016591942702782,0,66.900002,0,1.06619086328842,-0.352251568628244
"2014-11-10",2014-11-10,0.00493275022622564,674600,-0.254552981288981,67.230003,0.0214190381636602,0,67.230003,0,1.29093009464581,-0.306118125202572
"2014-11-11",2014-11-11,0.00520599411545463,805400,-0.250672188496189,67.580002,0.0264871403821502,0,67.580002,0,1.23661670424999,-0.257469052111766
"2014-11-12",2014-11-12,0.00414322272437938,798600,-0.247567556479556,67.860001,0.0305039783303274,0,67.860001,0,1.15165238263637,-0.218754449650212
"2014-11-13",2014-11-13,-0.00501037422619539,817600,-0.251337524601524,67.519997,0.0256219798114031,65.790001,67.860001,8744,-1.01522803785592,-0.2657893245662
"2014-11-14",2014-11-14,0.00399887458525806,1057000,-0.248343717255717,67.790001,0.0295028760952518,65.790001,67.860001,0,1.15146746318649,-0.228416223313464
"2014-11-17",2014-11-17,0.00059007227334293,1049600,-0.247900185724186,67.830002,0.0300752018258822,65.790001,67.860001,0,1.01939898092588,-0.222893696327236
"2014-11-18",2014-11-18,0.0042754089849504,967900,-0.244684651420651,68.120003,0.00880807359917457,67.519997,68.120003,8744,-0.987028915310649,-0.321027970007594
"2014-11-19",2014-11-19,0.000293540797407277,765000,-0.244462935550935,68.139999,0.00909894348545559,0,68.139999,0,1.03302309897913,-0.318241388884745
"2014-11-20",2014-11-20,0.00249484887723567,789200,-0.242577984753985,68.309998,0.0115649395861495,0,68.309998,0,1.27102004805675,-0.294588241387668
"2014-11-21",2014-11-21,-0.00570926674598917,1536500,-0.246902309078309,67.919998,0.00588929640427849,67.519997,68.309998,8750,-1.01782653248072,-0.348951282802414
"2014-11-24",2014-11-24,-0.00265017675648351,1265200,-0.248898151074151,67.739998,0.00324772669760043,67.519997,68.309998,0,-1.00808352908198,-0.374161745164931
"2014-11-25",2014-11-25,0.00162385596763672,1137200,-0.24767846985447,67.849998,0.00486368474174448,67.519997,68.309998,0,1.49756589596594,-0.358746297600616
"2014-11-26",2014-11-26,-0.00353717033270955,951800,-0.250339559251559,67.610001,0.00133122317214573,67.519997,68.309998,0,-1.01074412886454,-0.39241643377834
"2014-11-28",2014-11-28,0.001774914927157,393800,-0.249008975744976,67.730003,0.0031006347364253,67.519997,68.309998,0,2.32916223312695,-0.375563862975641
"2014-12-01",2014-12-01,-0.014026339257655,818300,-0.25954263063063,66.779999,0,66.779999,67.919998,8755,-1.04230231000365,-0.449684248959555
"2014-12-02",2014-12-02,0.0133273287410502,674800,-0.249674311850312,67.669998,0.0131520470859184,66.779999,67.669998,8755,-0.961978042850452,-0.324538132015318
"2014-12-03",2014-12-03,0.00251216203671223,715400,-0.247789372141372,67.839996,0.0156249566995846,0,67.839996,0,1.18802469284906,-0.300847460714909
"2014-12-04",2014-12-04,-0.00456953151942986,729900,-0.251226622314622,67.529999,0.0111061751977813,66.779999,67.839996,8758,-1.01387166101413,-0.344099009200442
"2014-12-05",2014-12-05,0.0122908635020118,942200,-0.242023550935551,68.360001,0.0121416323560322,67.529999,68.360001,8758,1.09323256114829,-0.288439073250083
"2014-12-08",2014-12-08,0.00453477173003567,675500,-0.2385863007623,68.669998,0.0166011217882954,0,68.669998,0,1.36728911743467,-0.24550985553512
"2014-12-09",2014-12-09,-0.00422311065161242,563700,-0.241801835065835,68.379997,0.0124305065412623,67.529999,68.669998,8761,-1.01347744733566,-0.285663341400374
"2014-12-10",2014-12-10,-0.0188651807048193,797200,-0.25610538045738,67.089996,0,67.089996,68.379997,8762,-1.05915399851143,-0.430998250889513
"2014-12-11",2014-12-11,-0.00342815641247023,885200,-0.258655567567567,66.860001,0,66.860001,67.089996,8763,-1.00995756944127,-0.444861888686392
"2014-12-12",2014-12-12,-0.0143583455824357,1082100,-0.269300047124047,65.900002,0,65.900002,66.860001,8764,-1.0411531043255,-0.502728705014427
"2014-12-15",2014-12-15,-0.00379362659199919,865600,-0.272072049896049,65.650002,0,65.650002,65.900002,8765,-1.01029336162992,-0.517798204130581
"2014-12-16",2014-12-16,-0.0140136934040003,867600,-0.282273009009009,64.730003,0,64.730003,65.650002,8766,-1.0374935944977,-0.573253900600032
"2014-12-17",2014-12-17,0.0251814911857798,1010300,-0.264199573111573,66.360001,0.0245629592440784,64.730003,66.360001,8766,-0.9359717885855,-0.34146873595648
"2014-12-18",2014-12-18,0.0251657319896666,1153800,-0.245682616770616,68.029999,0.0485079530869904,0,68.029999,0,1.97484157364649,-0.110631910240152
"2014-12-19",2014-12-19,-0.0107305014071807,2985100,-0.25377682051282,67.300003,0.0381872196944777,64.730003,68.029999,8769,-1.03294577308154,-0.210741434544539
"2014-12-22",2014-12-22,0.00832092087722482,716900,-0.247567556479556,67.860001,0.0461243435584388,64.730003,68.029999,0,1.2078476497494,-0.133837117540563
"2014-12-23",2014-12-23,0.0123783670442327,605300,-0.238253671517671,68.699997,0.0203783706133203,67.300003,68.699997,8769,-0.962378410586873,-0.223167235764433
"2014-12-24",2014-12-24,-0.00538566253503625,292600,-0.24235618018018,68.330002,0.0150738909681283,67.300003,68.699997,8772,-1.01721907845691,-0.274306651431808
"2014-12-26",2014-12-26,-0.00263427476557066,386700,-0.244352022176022,68.150002,0.0124724721211307,67.300003,68.699997,0,-1.00823516030975,-0.299298840800308
"2014-12-29",2014-12-29,0.00234770352611277,459900,-0.242577984753985,68.309998,0.0147854637618345,67.300003,68.699997,0,1.18544772986786,-0.277080435584148
"2014-12-30",2014-12-30,-0.00336694490900146,375100,-0.245128182952183,68.080002,0.0114570942580171,67.300003,68.699997,0,-1.01051290042163,-0.30903822137156
"2014-12-31",2014-12-31,-0.00998824882525698,639800,-0.25266803049203,67.400002,0.00148366464440164,67.300003,68.699997,0,-1.03075879504772,-0.404246031858124
"2015-01-02",2015-01-02,0.00222553405858954,676000,-0.251004817740817,67.550003,0.0037009620858196,67.300003,68.699997,0,2.49447346459631,-0.383150329678929
"2015-01-05",2015-01-05,-0.0367135883028756,1420400,-0.278503118503118,65.07,0,65.07,68.330002,8778,-1.10955288033832,-0.552759562636052
"2015-01-06",2015-01-06,-0.0281235285077608,1520100,-0.298794156618156,63.240002,0,63.240002,65.07,8779,-1.07285748979795,-0.663068175610307
"2015-01-07",2015-01-07,0.016129031747975,798600,-0.287484385308385,64.260002,0.0158730153789912,63.240002,64.260002,8779,-0.962148619511911,-0.515293799582193
"2015-01-08",2015-01-08,0.0155617797833246,801300,-0.276396374220374,65.260002,0.0309531096857767,0,65.260002,0,1.95004597089629,-0.373035557598762
"2015-01-09",2015-01-09,-0.0176218351939371,1045300,-0.289147598059598,64.110001,0.0135704100207392,63.240002,65.260002,8782,-1.04613383180293,-0.536853263049911
"2015-01-12",2015-01-12,-0.0120106221804613,1102000,-0.297685377685378,63.34,0.0015787496053048,63.240002,65.260002,0,-1.02952740981794,-0.648457905614065
"2015-01-13",2015-01-13,0.00189452162930218,1121200,-0.296354827442827,63.459999,0.00346670348986311,63.240002,65.260002,0,2.19585390755732,-0.630961081444671
"2015-01-14",2015-01-14,-0.0190671134425956,1339200,-0.30977130977131,62.25,0,62.25,64.110001,8785,-1.04527168477143,-0.722743512666269
"2015-01-15",2015-01-15,-0.00738954216867475,1219800,-0.314871783783783,61.790001,0,61.790001,62.25,8786,-1.0164652885906,-0.750471330761996
"2015-01-16",2015-01-16,0.0082537302435066,1223900,-0.30921692030492,62.299999,0.00818616385531568,61.790001,62.299999,8786,-0.98204074239073,-0.675227052045644
"2015-01-20",2015-01-20,0.00224719104730645,1422200,-0.307664598752598,62.439999,0.0104099617298201,0,62.439999,0,1.27165323267509,-0.654698851662954
"2015-01-21",2015-01-21,0.06213967107847,3359200,-0.264643104643104,66.32,0.068305171893848,0,66.32,0,6.56151998121018,-0.106083171615755
"2015-01-22",2015-01-22,0.0253317249698433,2236800,-0.246015246015246,68,0.0913235147058824,0,68,0,1.33699267820901,0.120318981415358
"2015-01-23",2015-01-23,-0.0164706323529411,1863300,-0.258433851697851,66.879997,0.0761064029353949,61.790001,68,8791,-1.0504790084507,-0.0299176720035635
"2015-01-26",2015-01-26,0.0109151320685615,947400,-0.250339559251559,67.610001,0.0860819392681269,61.790001,68,0,1.13107354897853,0.0683157322212903
"2015-01-27",2015-01-27,-0.0192279689509249,1286200,-0.264754006930007,66.309998,0.0681646378574766,61.790001,68,0,-1.05757958399201,-0.107450060382827
"2015-01-28",2015-01-28,-0.0221686328508107,1524600,-0.281053405405405,64.839996,0.0470387906871556,61.790001,68,0,-1.06156431271579,-0.310905739387269
"2015-01-29",2015-01-29,0.0242135733629595,1399200,-0.263645139293139,66.410004,0.0695678771529663,61.790001,68,0,1.47894697411859,-0.0937934386870652
"2015-01-30",2015-01-30,-0.0155098168643387,1570900,-0.275065868329868,65.379997,0.0549096996746574,61.790001,68,0,-1.0433185647471,-0.235566766855379
"2015-02-02",2015-02-02,0.0188131547329376,1249100,-0.26142757033957,66.610001,0.0723615061948431,61.790001,68,0,1.31782738976153,-0.0665509537494757
"2015-02-03",2015-02-03,0.022969493725124,1325600,-0.244462935550935,68.139999,0.0484297482892537,64.839996,68.139999,8791,-0.935107705868209,-0.104426477076324
"2015-02-04",2015-02-04,-0.00572349582805252,1255900,-0.248787248787248,67.75,0.0429520885608856,64.839996,68.139999,8799,-1.01768903423567,-0.15771315644754
"2015-02-05",2015-02-05,0.011217741697417,981600,-0.240360338184338,68.510002,0.0110932999242943,67.75,68.510002,8799,-0.966128044568245,-0.285096385961146
"2015-02-06",2015-02-06,0.0160560351465177,1499000,-0.228163537075536,69.610001,0.0267203127895372,0,69.610001,0,2.40868929641213,-0.133837179323717
"2015-02-09",2015-02-09,-0.00962503936754706,709600,-0.235592493416493,68.940002,0.0172614152230516,67.75,69.610001,8802,-1.03255978775652,-0.225644987779862
"2015-02-10",2015-02-10,0.0139251519023744,1338000,-0.224948002772002,69.900002,0.0137339051864404,68.940002,69.900002,8802,-0.954818209654615,-0.186954790907283
"2015-02-11",2015-02-11,0.00972818284039523,1321500,-0.217408155232155,70.580002,0.0232360435467257,0,70.580002,0,1.6918744691544,-0.0943090713382457
"2015-02-12",2015-02-12,0.000141598182442756,1490300,-0.217297341649341,70.589996,0.0233743319662462,0,70.589996,0,1.00595146154045,-0.0929548726910007
"2015-02-13",2015-02-13,-0.00722473479103195,1370300,-0.22295216077616,70.080002,0.0162671228234267,68.940002,70.589996,8806,-1.02602341604319,-0.162333365263973
"2015-02-17",2015-02-17,0.00185497996989217,927100,-0.221510752598752,70.209999,0.0180885488974297,68.940002,70.589996,0,1.11196977448157,-0.144595548273164
"2015-02-18",2015-02-18,-0.0146702608555797,996300,-0.232931392931392,69.18,0.00346918184446376,68.940002,70.589996,0,-1.05155795011598,-0.286157408255909
"2015-02-19",2015-02-19,0.00650472679965302,1452100,-0.227941821205821,69.629997,0.00990945037668167,68.940002,70.589996,0,2.85642287460241,-0.224021118421647
"2015-02-20",2015-02-20,0.00646280366779264,1393000,-0.22295216077616,70.080002,0.0162671228234267,68.940002,70.589996,0,1.64157669750338,-0.162333365263973
"2015-02-23",2015-02-23,0.000856121550909914,1099700,-0.222286913374913,70.139999,0.0171085973354519,68.940002,70.589996,0,1.05172853989972,-0.15414234007104
"2015-02-24",2015-02-24,0.0135442973131493,1523300,-0.211753336105335,71.089996,0.0268672964899308,69.18,71.089996,8806,1.5703973834405,-0.0438269952504676
"2015-02-25",2015-02-25,0.000281403870102871,886500,-0.21153152044352,71.110001,0.0271410627599343,0,71.110001,0,1.01018957266899,-0.0411328523877843
"2015-02-26",2015-02-26,-0.0130783432276986,1488400,-0.221843381843381,70.18,0.0142490738102024,69.18,71.110001,8814,-1.04874858072329,-0.16727645002998
"2015-02-27",2015-02-27,-0.00498714733542339,1086400,-0.225724163548163,69.830002,0.00930834858059992,69.18,71.110001,0,-1.0174933399975,-0.215233000540499
"2015-03-02",2015-03-02,0.00973793470605954,654800,-0.218184316008315,70.510002,0.0188626005144631,69.18,71.110001,0,2.02641750586949,-0.122303974815023
"2015-03-03",2015-03-03,-0.00482206765502564,835600,-0.221954284130283,70.169998,0.0141085653159061,69.18,71.110001,0,-1.01727882274464,-0.168643199942111
"2015-03-04",2015-03-04,-0.0114008126379027,746500,-0.230824637560637,69.370003,0.0027389792674507,69.18,71.110001,0,-1.0399647768238,-0.278674024285968
"2015-03-05",2015-03-05,0.00158569980168517,546500,-0.229604956340956,69.480003,0.00431783228334037,69.18,71.110001,0,1.57643846912327,-0.26346029159587
"2015-03-06",2015-03-06,0.0126654859240579,1776500,-0.219847528759528,70.360001,0.0167709065268489,69.18,71.110001,0,3.88410327829466,-0.142716856199378
"2015-03-09",2015-03-09,0.00213190730341239,970800,-0.218184316008315,70.510002,0.0188626005144631,69.18,71.110001,0,1.12472158164292,-0.122303974815024
"2015-03-10",2015-03-10,-0.0160261660466269,1254300,-0.230713823977823,69.379997,0.0028826320070322,69.18,71.110001,0,-1.05742625408982,-0.277290663468601
"2015-03-11",2015-03-11,0.00634192878388262,844900,-0.225835065835065,69.82,0.00916642795760503,69.18,71.110001,0,3.17988141921808,-0.216607427238669
"2015-03-12",2015-03-12,0.0154683758235464,1089200,-0.213859991683991,70.900002,0.0242595479757531,69.18,71.110001,0,2.64656506197989,-0.0694560130233534
"2015-03-13",2015-03-13,-0.000423117054355001,795700,-0.21419262092862,70.870003,0.0238465207910319,69.18,71.110001,0,-1.0015553598502,-0.0735096413301296
"2015-03-16",2015-03-16,0.0141103422840267,705100,-0.203104609840609,71.870003,0.0347850270717256,69.370003,71.870003,8814,1.45870449515669,0.0462335953549585
"2015-03-17",2015-03-17,0.00306098498423608,1073100,-0.200665325017325,72.089996,0.0377305195023176,0,72.089996,0,1.08467701992925,0.0755069773614837
"2015-03-18",2015-03-18,-0.0108197814298673,1906700,-0.209313951489951,71.309998,0.0272050912131564,69.370003,72.089996,8828,-1.04309975563481,-0.0287293546523869
"2015-03-19",2015-03-19,-0.00532881798706524,1094700,-0.213527373527373,70.93,0.0219934724376147,69.370003,72.089996,0,-1.02012967605566,-0.0799669095477788
"2015-03-20",2015-03-20,0.00592130269279561,1396700,-0.208870431046431,71.349998,0.0277504562789196,69.370003,72.089996,0,1.26175874944872,-0.0233534547944792
"2015-03-23",2015-03-23,-0.00882967088520455,844200,-0.215855844767844,70.720001,0.0190893379653657,69.370003,72.089996,0,-1.03344376552687,-0.108413038086839
"2015-03-24",2015-03-24,-0.0154129522707444,1113900,-0.227941821205821,69.629997,0.00373393668249056,69.370003,72.089996,0,-1.05599096216725,-0.257593198181574
"2015-03-25",2015-03-25,-0.0112020541951194,1271500,-0.236590458766458,68.849998,0,68.849998,71.349998,8833,-1.03794230262304,-0.324908856555795
"2015-03-26",2015-03-26,0.0111838056988759,1569800,-0.228052634788634,69.620003,0.0110601115601791,68.849998,69.620003,8833,-0.963913067237205,-0.218368172234976
"2015-03-27",2015-03-27,-0.00416548387681057,688800,-0.231268169092169,69.330002,0.00692346727467275,68.849998,69.620003,8835,-1.01409996559134,-0.258336981021306
"2015-03-30",2015-03-30,0.0086542331269515,739800,-0.224615384615384,69.93,0.00857997997998017,69.330002,69.93,8835,1.23926056693692,-0.213164967556497
"2015-03-31",2015-03-31,-0.00400397540397549,1036100,-0.227720005544005,69.650002,0.00459440044237192,69.330002,69.93,8837,-1.01382194249044,-0.251709578961052
"2015-04-01",2015-04-01,0.00574301491046624,1315200,-0.22328479002079,70.050003,0.00571022102597207,69.650002,70.050003,8837,1.2428653308731,-0.22153236032683
"2015-04-02",2015-04-02,0.00927900031638817,987000,-0.216077649341649,70.699997,0.0148514150573443,0,70.699997,0,2.60084767118382,-0.132657551845788
"2015-04-06",2015-04-06,-0.00367744004288981,921800,-0.218960476784476,70.440002,0.0112152183073476,69.650002,70.699997,8840,-1.01334162719564,-0.168097065220073
"2015-04-07",2015-04-07,0.00794999977427589,940200,-0.212751212751213,71,0.00788729577464775,70.440002,71,8840,-0.97164207840406,-0.152433165589585
"2015-04-08",2015-04-08,0.00253521126760573,766800,-0.21075537075537,71.18,0.0103961506041023,0,71.18,0,1.31808808762044,-0.127944184008119
"2015-04-09",2015-04-09,0.000421452655240088,891600,-0.210422741510741,71.209999,0.0108130460723639,0,71.209999,0,1.04010094544967,-0.12386952646718
"2015-04-10",2015-04-10,-0.00491501200554713,1147600,-0.214303523215523,70.860001,0.00592716615965039,70.440002,71.209999,8844,-1.0184427865397,-0.17152792018553
"2015-04-13",2015-04-13,0.00846737216388128,1245200,-0.207650738738738,71.459999,0.00839627775533558,70.860001,71.459999,8844,1.41657539693992,-0.121938357653305
"2015-04-14",2015-04-14,-0.00167930313013294,726100,-0.208981333333333,71.339996,0.00672827343584381,70.860001,71.459999,8846,-1.00640784907714,-0.138239706317859
"2015-04-15",2015-04-15,-0.00266321854012998,1370000,-0.211087988911988,71.150002,0.00407590993461959,70.860001,71.459999,0,-1.01008059210387,-0.164111265517705
"2015-04-16",2015-04-16,-0.00196767387300988,867700,-0.21264031046431,71.010002,0.00211239256126206,70.860001,71.459999,0,-1.00735390753554,-0.183224497336294
"2015-04-17",2015-04-17,-0.0166173773660787,1362900,-0.225724163548163,69.830002,0,69.830002,71.339996,8849,-1.06153044573385,-0.265836178908485
"2015-04-20",2015-04-20,0.00572821120640958,1133300,-0.221288948024948,70.230003,0.00569558568864081,69.830002,70.230003,8849,-0.980351170856065,-0.210761883366673
"2015-04-21",2015-04-21,0.0236365645605911,2140000,-0.202882893970893,71.889999,0.0286548480825547,0,71.889999,0,5.03106258934941,0.0141132884578174
"2015-04-22",2015-04-22,0.0272638618342448,2138800,-0.181150403326403,73.849998,0.0544346121715535,0,73.849998,0,1.89966500658902,0.272405194924963
"2015-04-23",2015-04-23,-0.000812417083613132,1735800,-0.18181565072765,73.790001,0.0536657940958696,69.830002,73.849998,8853,-1.00367234844103,0.264609153501271
"2015-04-24",2015-04-24,-0.0093509010794024,1426500,-0.189466411642411,73.099998,0.044733188638391,69.830002,73.849998,0,-1.04207977082359,0.174456637272448
"2015-04-27",2015-04-27,-0.00123113546460014,1624100,-0.190464288288288,73.010002,0.0435556761113362,69.830002,73.849998,0,-1.00526677334112,0.162630521674772
"2015-04-28",2015-04-28,0.0072592656551359,857300,-0.184587653499653,73.540001,0.0504487210980594,69.830002,73.849998,0,1.15825824788263,0.232050610295135
"2015-04-29",2015-04-29,0.00271956754528731,1155000,-0.182370084546084,73.739998,0.05302408605978,69.830002,73.849998,0,1.05104916250929,0.258106541454272
"2015-04-30",2015-04-30,-0.00800103086523001,1194600,-0.188911966735966,73.150002,0.0453861915137064,69.830002,73.849998,0,-1.03587146546631,0.181020711978221
"2015-05-01",2015-05-01,0.00751872843421106,989300,-0.182813616077615,73.699997,0.0525101106856219,69.830002,73.849998,0,1.1569622595402,0.252901225783331
"2015-05-04",2015-05-04,0.0115333247571232,715200,-0.173388740124739,74.550003,0.0206572895778422,73.010002,74.550003,8853,-0.948445437735477,0.130975698470533
"2015-05-05",2015-05-05,0.000134071087830665,2111200,-0.173277915453915,74.559998,0.0207885735190068,0,74.559998,0,1.00635533237165,0.132291878797347
"2015-05-06",2015-05-06,-0.00442589872387063,1019400,-0.176936903672903,74.230003,0.0164354162830896,73.010002,74.559998,8862,-1.02111629868932,0.0887352777467785
"2015-05-07",2015-05-07,0.00552331918941195,993300,-0.172390863478863,74.639999,0.00549297970917717,74.230003,74.639999,8862,-0.974306998146388,0.0539624086260837
"2015-05-08",2015-05-08,0.00817257513628848,1090600,-0.165627165627165,75.25,0.013554777408638,0,75.25,0,2.46765473864611,0.134558573377865
"2015-05-11",2015-05-11,-0.00265776744186041,906800,-0.167844734580734,75.050003,0.0109260488637156,74.230003,75.25,8865,-1.01338892050209,0.108212540607715
"2015-05-12",2015-05-12,-0.00546307772965713,1043900,-0.172390863478863,74.639999,0.00549297970917717,74.230003,75.25,0,-1.02708532328694,0.0539624086260837
"2015-05-13",2015-05-13,0.00120584138807388,1434300,-0.171392898128898,74.730003,0.00669075311023337,74.230003,75.25,0,1.2180553114105,0.0658991510788757
"2015-05-14",2015-05-14,0.00374680836022452,1169900,-0.168288266112266,75.010002,0.0103985999093829,74.230003,75.25,0,1.55417480484796,0.102933978219062
"2015-05-15",2015-05-15,-0.00386616440831456,1069400,-0.1715038004158,74.720001,0.00655778899146431,74.230003,75.25,0,-1.01910729950352,0.0645734148199367
"2015-05-18",2015-05-18,0.0131155779829286,853200,-0.160637593901593,75.699997,0.014002616142772,74.639999,75.699997,8865,2.13526482187791,0.164118086428966
"2015-05-19",2015-05-19,0.00594458411933629,1251000,-0.155647933471933,76.150002,0.0198293231824209,0,76.150002,0,1.41611560155897,0.222919340765731
"2015-05-20",2015-05-20,0.000131346024127485,708100,-0.155537031185031,76.160004,0.0199580477963209,0,76.160004,0,1.00649162922586,0.224222029711904
"2015-05-21",2015-05-21,-0.00170699833471644,947500,-0.156978528066528,76.029999,0.0182822572442753,74.639999,76.160004,8873,-1.0092678693332,0.207275452060891
"2015-05-22",2015-05-22,-0.00618178358781789,814600,-0.162189904365904,75.559998,0.0121757414551544,74.639999,76.160004,0,-1.03319801990478,0.145747748500512
"2015-05-26",2015-05-26,-0.0101905375910676,992900,-0.170727639639639,74.790001,0.00200564243875323,74.639999,76.160004,0,-1.05264036197021,0.044045941003154
"2015-05-27",2015-05-27,0.00962696871738237,1112300,-0.16274426056826,75.510002,0.0115216921858908,74.639999,76.160004,0,5.74463920550718,0.139178467484472
"2015-05-28",2015-05-28,0.00185405901591687,810900,-0.161191939015939,75.650002,0.0133509976642168,74.639999,76.160004,0,1.15877055633946,0.157562080251455
"2015-05-29",2015-05-29,-0.0145406341165728,1103100,-0.17338874012474,74.550003,0,74.550003,76.029999,8878,-1.07566632167379,0.0186760246824998
"2015-06-01",2015-06-01,-0.004024184948725,1226500,-0.176715176715176,74.25,0,74.25,74.550003,8879,-1.01918484780525,0.000592444909125291
"2015-06-02",2015-06-02,0.00202022895622896,1535100,-0.175051952875953,74.400002,0.00201615585978077,74.25,74.400002,8879,-0.990588109803921,0.0205947369999395
"2015-06-03",2015-06-03,0.0094085481341788,768200,-0.167290389466389,75.099998,0.0113182160138007,0,75.099998,0,5.61376044361541,0.113358085870626
"2015-06-04",2015-06-04,-0.0110519443688933,833500,-0.176493449757449,74.269997,0.000269247351659452,74.25,75.099998,8882,-1.05501248649379,0.00326153925350379
"2015-06-05",2015-06-05,0.0131951398893957,1133300,-0.165627165627165,75.25,0.0130232956810631,74.269997,75.25,8882,48.3692619474124,0.131669267672678
"2015-06-08",2015-06-08,0.00544855813953489,1512200,-0.161081036729036,75.660004,0.0183717542494446,0,75.660004,0,1.41068395430495,0.185459429279753
"2015-06-09",2015-06-09,0.00290765250289971,977000,-0.158641751905751,75.879997,0.0212177130159876,0,75.879997,0,1.1549094728735,0.214191714257962
"2015-06-10",2015-06-10,0.0181866770500794,1245400,-0.143340241164241,77.260002,0.0387005555604308,0,77.260002,0,1.82397393777877,0.392418008927004
"2015-06-11",2015-06-11,0.00310636802727497,865600,-0.14067914067914,77.5,0.0416774580645161,0,77.5,0,1.07692144107432,0.423068007520267
"2015-06-12",2015-06-12,0.00116123870967741,1451300,-0.139681264033264,77.589996,0.04278900852115,0,77.589996,0,1.02667030352267,0.434535532076133
"2015-06-15",2015-06-15,-0.004510865034714,1195700,-0.143562045738046,77.239998,0.0384515934347901,74.269997,77.589996,8889,-1.02778312275194,0.389858769653197
"2015-06-16",2015-06-16,0.00116525119537151,685000,-0.14256408038808,77.330002,0.0395707347841526,74.269997,77.589996,0,1.02910520083545,0.401368042968705
"2015-06-17",2015-06-17,-0.00581928085298627,1152300,-0.147553740817741,76.879997,0.0339490127711634,74.269997,77.589996,0,-1.03499942212707,0.343681153202304
"2015-06-18",2015-06-18,0.0106659733610551,1442800,-0.138461571725571,77.699997,0.010553410960878,76.879997,77.699997,8889,-0.93838062632787,0.265923090013973
"2015-06-19",2015-06-19,-0.00180178900135611,1728000,-0.140013882189882,77.559998,0.00876741899864397,76.879997,77.699997,8893,-1.01121112843777,0.247775003737016
"2015-06-22",2015-06-22,0.00838062167046476,979700,-0.132806663894664,78.209999,0.00831097057039987,77.559998,78.209999,8893,-0.94852497350624,0.284474361173166
"2015-06-23",2015-06-23,0.00242939524906533,856800,-0.130699908523908,78.400002,0.0107143364613691,0,78.400002,0,1.2891799303837,0.308992831736672
"2015-06-24",2015-06-24,-0.00880105844895265,964300,-0.138350669438669,77.709999,0.0019302663998233,77.559998,78.400002,8896,-1.05853684980477,0.219647801719744
"2015-06-25",2015-06-25,-0.000257328532458087,899500,-0.138572396396396,77.690002,0.00167336847281863,77.559998,78.400002,0,-1.00160264463213,0.217045842821911
"2015-06-26",2015-06-26,0.0122280470529528,2107400,-0.128038819126819,78.639999,0.0120803282309299,77.690002,78.639999,8896,7.21916805960956,0.330885340898078
"2015-06-29",2015-06-29,-0.0300101733215943,1419300,-0.154206525294525,76.279999,0,0,78.639999,8899,-1.20437322326276,0.1229567174543
"2015-06-30",2015-06-30,0.00235972735133351,1265100,-0.152210683298683,76.459999,0.00235417214692868,76.279999,76.459999,8899,-0.987057344090789,0.146604794195716
"2015-07-01",2015-07-01,0.00640855357583774,909200,-0.14677758004158,76.949997,0.00870692691514974,0,76.949997,0,3.69850901791912,0.210676511183005
"2015-07-02",2015-07-02,-0.00350873308026236,1145000,-0.149771309771309,76.68,0.00521649713093375,76.279999,76.949997,8902,-1.02039636931527,0.175426533422771
"2015-07-06",2015-07-06,-0.00899846113719362,742600,-0.157422059598059,75.989998,0,75.989998,76.68,8903,-1.05108287988155,0.105476038201565
"2015-07-07",2015-07-07,-0.00157908939542284,803100,-0.158752565488565,75.870003,0,75.870003,75.989998,8904,-1.00845183892209,0.0982429800157931
"2015-07-08",2015-07-08,-0.0239884002640674,1398900,-0.178932745668745,74.050003,0,74.050003,75.870003,8905,-1.12711719094476,-0.0114629735498079
"2015-07-09",2015-07-09,0.00931796045977197,988700,-0.171282073458073,74.739998,0.00923193762996888,74.050003,74.739998,8905,-0.95724274960361,0.0803163264716351
"2015-07-10",2015-07-10,0.0219427220214804,1989700,-0.153097746361746,76.379997,0.0305052905409252,0,76.379997,0,3.30432155887821,0.294820972715421
"2015-07-13",2015-07-13,0.0102121894558335,922700,-0.14444902009702,77.160004,0.0403058688281043,0,77.160004,0,1.32127470721942,0.395117329359295
"2015-07-14",2015-07-14,0.00103672882132042,1108200,-0.143562045738045,77.239998,0.0412997809761724,0,77.239998,0,1.02465924137021,0.405342433692428
"2015-07-15",2015-07-15,0.00608494319225638,845500,-0.138350669438669,77.709999,0.0470981346943524,0,77.709999,0,1.14039671836336,0.465194869066721
"2015-07-16",2015-07-16,0.0122250033744049,882900,-0.127817003465003,78.660004,0.0586066713141788,0,78.660004,0,1.24435228049926,0.585023375681357
"2015-07-17",2015-07-17,-0.00940765271255254,947000,-0.136022198198198,77.919998,0.0496662615417418,74.050003,78.660004,8912,-1.06419486070522,0.491814352027723
"2015-07-20",2015-07-20,0.00539011820816516,867600,-0.131365255717255,78.339996,0.0547612103528827,74.050003,78.660004,0,1.10258369873196,0.544828771310106
"2015-07-21",2015-07-21,-0.00370172344660313,1441300,-0.134580701316701,78.050003,0.0512491972614018,74.050003,78.660004,0,-1.02447713881337,0.508256140928631
"2015-07-22",2015-07-22,-0.00102500956982676,2117400,-0.135467764379764,77.970001,0.0502757207865111,74.050003,78.660004,0,-1.00659130955913,0.498141649267244
"2015-07-23",2015-07-23,0.000384750540146891,1870300,-0.135135135135135,78,0.0506409871794872,74.050003,78.660004,0,1.00726526417248,0.501935634540376
"2015-07-24",2015-07-24,-0.0132051153846154,997000,-0.146555775467775,76.970001,0.0379368320392771,74.050003,78.660004,0,-1.08451273846154,0.370785482842348
"2015-07-27",2015-07-27,-0.015590541566967,1045400,-0.159861433125433,75.769997,0.0227001988663138,74.050003,78.660004,0,-1.09078903656433,0.215620404802295
"2015-07-28",2015-07-28,0.00963445993009603,984700,-0.151767151767151,76.5,0.0320261045751633,74.050003,78.660004,0,1.41082925148681,0.310322147622595
"2015-07-29",2015-07-29,0.00326797385620915,830200,-0.148995148995149,76.75,0.0351791140065146,74.050003,78.660004,0,1.09845123136819,0.342532420665409
"2015-07-30",2015-07-30,0.00664497719869707,878400,-0.143340241164241,77.260002,0.041548005654983,74.050003,78.660004,0,1.18104184338721,0.407897663967948
"2015-07-31",2015-07-31,-0.00996639891363192,883900,-0.151878054054054,76.489998,0.0318995301843255,74.050003,78.660004,0,-1.05956326583845,0.309031147980944
"2015-08-03",2015-08-03,0.00169963398351765,623900,-0.150436557172557,76.620003,0.0335421547816958,74.050003,78.660004,0,1.0514936924738,0.325797424829333
"2015-08-04",2015-08-04,0.00756974650601357,1097100,-0.144005577269577,77.199997,0.0408030326736929,74.050003,78.660004,0,1.21647022796399,0.400230769926907
"2015-08-05",2015-08-05,0.000129559590526928,1005100,-0.143894674982675,77.209999,0.0409272897413195,74.050003,78.660004,0,1.00304529000627,0.401509171853853
"2015-08-06",2015-08-06,-0.000777062566727862,747900,-0.144559922383922,77.150002,0.0401814506757887,74.050003,78.660004,0,-1.00462315510513,0.39383805172414
"2015-08-07",2015-08-07,0.00661052478002528,895200,-0.138905014553014,77.660004,0.0464846872786666,74.050003,78.660004,0,1.15686931399607,0.458846373070652
"2015-08-10",2015-08-10,0.0112026133812716,693300,-0.1292585003465,78.529999,0.057048211601276,74.050003,78.660004,0,1.22724739997245,0.568714646229709
"2015-08-11",2015-08-11,-0.0109512417031865,747100,-0.138794200970201,77.669998,0.0466073785659168,74.050003,78.660004,0,-1.07377232907807,0.460115780687622
"2015-08-12",2015-08-12,-0.0137762331344467,1125000,-0.150658372834373,76.599998,0.0332897528274086,74.050003,78.660004,0,-1.08548031388371,0.323219425262052
"2015-08-13",2015-08-13,0.00509138394494476,603200,-0.146334048510048,76.989998,0.0381867135520642,74.050003,78.660004,0,1.147101144008,0.373349298254569
"2015-08-14",2015-08-14,0.00922196413097707,669900,-0.138461571725571,77.699997,0.0469754715691945,74.050003,78.660004,0,1.2301522492934,0.463925132323974
"2015-08-17",2015-08-17,-0.000900900935684633,639900,-0.139237732501732,77.629997,0.0461161166861825,74.050003,78.660004,0,-1.00560560425891,0.45503394288171
"2015-08-18",2015-08-18,-0.000386435671252231,602100,-0.139570361746362,77.599998,0.0457473594264782,74.050003,78.660004,0,-1.00238893034706,0.451220980133659
"2015-08-19",2015-08-19,-0.00335054132346756,1479900,-0.142453266805267,77.339996,0.0425393479461778,74.050003,78.660004,0,-1.02065556772106,0.418108797732121
"2015-08-20",2015-08-20,-0.029868077572696,1024000,-0.168066539154539,75.029999,0.0130613889519045,74.050003,78.660004,0,-1.17980122831641,0.118615135451408
"2015-08-21",2015-08-21,-0.0334533124543957,1563700,-0.195897469161469,72.519997,0,72.519997,78.529999,8937,-1.16559471115984,-0.10368866980865
"2015-08-24",2015-08-24,-0.0739105518716445,4231400,-0.255329130977131,67.160004,0,67.160004,72.519997,8938,-1.30338146822446,-0.426778308913019
"2015-08-25",2015-08-25,-0.0284396052150325,2943800,-0.276507276507276,65.25,0,65.25,67.160004,8939,-1.08294449383467,-0.541909523272421
"2015-08-26",2015-08-26,0.042452061302682,2281800,-0.245793519057519,68.019997,0.040723274362979,65.25,68.019997,8939,-0.888922426065163,-0.153554829462027
"2015-08-27",2015-08-27,0.030138240082545,1623100,-0.223063063063063,70.07,0.0687883545026401,0,70.07,0,1.68916560808712,0.122586051279084
"2015-08-28",2015-08-28,0.000998986727558298,1025600,-0.222286913374913,70.139999,0.0697176941790376,0,70.139999,0,1.01351013093883,0.131857640301735
"2015-08-31",2015-08-31,-0.00427720279836337,1729800,-0.22561334996535,69.839996,0.0657215959748909,65.25,70.139999,8943,-1.01496460830704,0.0920499847216297
"2015-09-01",2015-09-01,-0.0263458777975875,1901400,-0.246015246015246,68,0.0404411764705882,65.25,70.139999,0,-1.09042858524564,-0.156293783481203
"2015-09-02",2015-09-02,0.0136764705882354,1239300,-0.235703395703395,68.93,0.0533874945596984,65.25,70.139999,0,1.32012713820345,-0.029854895431893
"2015-09-03",2015-09-03,0.00725373567387204,1126300,-0.23015939015939,69.43,0.0602045225406885,65.25,70.139999,0,1.12768960291567,0.0373436606666237
"2015-09-04",2015-09-04,-0.0165634595995968,1159500,-0.242910613998614,68.279999,0.0443760844226141,65.25,70.139999,0,-1.05540171022522,-0.118024578844306
"2015-09-08",2015-09-08,0.0332455189403269,1184600,-0.217740784476784,70.550003,0.0361446192993076,68,70.550003,8943,-0.896382339546624,-0.0259421791040572
"2015-09-09",2015-09-09,-0.0124734934454928,976300,-0.22749828967429,69.669998,0.0239701169504843,68,70.550003,8949,-1.04481248297581,-0.145171629980865
"2015-09-10",2015-09-10,0.0033013349591311,1483300,-0.224948002772003,69.900002,0.0271817159604659,68,70.550003,0,1.1339834518378,-0.113848163951436
"2015-09-11",2015-09-11,0.00185975674221015,630900,-0.223506594594594,70.029999,0.0289875628871564,68,70.550003,0,1.06643608995536,-0.0961950402188846
"2015-09-14",2015-09-14,-0.000142824505823569,1077000,-0.223617496881497,70.019997,0.0288488587053211,68,70.550003,0,-1.00049619245957,-0.0975519813078403
"2015-09-15",2015-09-15,0.0109969156382569,715700,-0.215079683991684,70.790001,0.0158214858621064,69.669998,70.790001,8949,-0.961819566854658,-0.121958673982548
"2015-09-16",2015-09-16,0,852400,-0.215079683991684,70.790001,0.0158214858621064,0,70.790001,0,-1,-0.121958673982548
"2015-09-17",2015-09-17,-0.0193530580681867,1786200,-0.230270292446292,69.419998,0,0,70.790001,8955,-1.07062781650356,-0.290550398570965
"2015-09-18",2015-09-18,-0.0329876269947459,2719300,-0.255661848925849,67.129997,0,67.129997,69.419998,8956,-1.11026848582945,-0.428587070752933
"2015-09-21",2015-09-21,0.0187695822480075,1430900,-0.241690932778933,68.389999,0.0184237756751539,67.129997,68.389999,8956,-0.945353926658927,-0.252479101197021
"2015-09-22",2015-09-22,-0.0153531658919896,1106500,-0.253333377685378,67.339996,0.00311848845372664,67.129997,68.389999,8958,-1.04817079719368,-0.398975644990131
"2015-09-23",2015-09-23,0.00222753205984747,1172700,-0.251670153846154,67.489998,0.0053341385489446,67.129997,68.389999,0,1.71048847160881,-0.377888838037008
"2015-09-24",2015-09-24,-0.00548221975054738,1225800,-0.255772662508663,67.120003,0,67.120003,67.489998,8960,-1.0163011330498,-0.429189489049601
"2015-09-25",2015-09-25,0.0287544683214631,1982800,-0.234372801108801,69.050003,0.0279507591042394,67.120003,69.050003,8960,-0.916332491557276,-0.160903634655997
"2015-09-28",2015-09-28,-0.0275163058284009,1848100,-0.255440033264033,67.150002,0.000446746077535587,67.120003,69.050003,8962,-1.08988770051629,-0.424952553990539
"2015-09-29",2015-09-29,0.00148917344782803,937600,-0.254331254331254,67.25,0.00193304089219337,67.120003,69.050003,0,4.32693422370203,-0.410844897988774
"2015-09-30",2015-09-30,0.0135316579925651,1098800,-0.24424111988912,68.160004,0.0152582297383669,67.120003,69.050003,0,7.89338176961883,-0.283551665398434
"2015-10-01",2015-10-01,0.000733494675264332,1180700,-0.243686774774775,68.209999,0.0159800031663979,67.120003,69.050003,0,1.04730387734405,-0.276614274339278
"2015-10-02",2015-10-02,-0.01202169787453,1989100,-0.252778943866944,67.389999,0.00400646986209341,67.120003,69.050003,0,-1.03731088443586,-0.391134211639149
"2015-10-05",2015-10-05,0.020626205974569,1379100,-0.237366608454608,68.779999,0.0241348651371747,67.120003,69.050003,0,6.02397271611174,-0.197923362396549
"2015-10-06",2015-10-06,-0.00625183201878215,672700,-0.242134464310464,68.349998,0.0179955382003084,67.120003,69.050003,0,-1.02008646408565,-0.257218318056317
"2015-10-07",2015-10-07,0.00950990517951442,843100,-0.234927234927235,69,0.0272463333333334,67.120003,69.050003,0,1.51406048710821,-0.167747200492409
"2015-10-08",2015-10-08,0.00173917391304343,1155200,-0.23359664033264,69.120003,0.02850117063797,67.150002,69.120003,8962,1.04605527243922,-0.153691960680297
"2015-10-09",2015-10-09,-0.00925925885738171,823900,-0.240692967428967,68.480003,0.0194217427239306,67.150002,69.120003,8971,-1.03037854947837,-0.241628570374133
"2015-10-12",2015-10-12,0.0046728969915496,635300,-0.237144803880804,68.800003,0.023982571628667,67.150002,69.120003,0,1.23483108439681,-0.197545477876506
"2015-10-13",2015-10-13,-0.00523257244625406,890700,-0.241136498960499,68.440002,0.0188486259833833,67.150002,69.120003,0,-1.01683231095252,-0.247155397544823
"2015-10-14",2015-10-14,-0.0111046460811033,1400500,-0.24956340956341,67.68,0.0078309397163121,67.150002,69.120003,0,-1.0349466407584,-0.352862483520951
"2015-10-15",2015-10-15,0.0261524379432623,1670600,-0.229937663201663,69.449997,0.0254859190274693,67.68,69.449997,8971,3.2545160543608,-0.150192461596154
"2015-10-16",2015-10-16,-0.0048955509674104,1441100,-0.233707542619543,69.110001,0.0206916651614575,67.68,69.449997,8976,-1.01639522366796,-0.196749846118168
"2015-10-19",2015-10-19,-0.0111417304132292,1487200,-0.242245366597367,68.339996,0.00965753641542488,67.68,69.449997,0,-1.03653208570903,-0.303149279499857
"2015-10-20",2015-10-20,0.0179983036580803,1780800,-0.228607068607069,69.57,0.0176800919936754,68.339996,69.57,8976,1.83070414991519,-0.18539390890528
"2015-10-21",2015-10-21,-0.0434094724737673,2947300,-0.262092828828829,66.550003,0,0,69.57,8979,-1.14647736146477,-0.463547947034431
"2015-10-22",2015-10-22,0.0232906826465507,2684800,-0.244906467082467,68.099998,0.0227605733556703,66.550003,68.099998,8979,-0.93442643271409,-0.246383552650293
"2015-10-23",2015-10-23,0.0157121884203287,1770900,-0.233042295218295,69.169998,0.0378776214508493,0,69.169998,0,1.66417694576279,-0.0997049582286745
"2015-10-26",2015-10-26,-0.00390336862522399,852100,-0.236036013860014,68.900002,0.0341073865280874,66.550003,69.169998,8982,-1.01284624595254,-0.136475986487064
"2015-10-27",2015-10-27,0.000435384602746545,969600,-0.235703395703396,68.93,0.0345277382852169,66.550003,69.169998,0,1.01232436137502,-0.13238259972558
"2015-10-28",2015-10-28,0.0364137820977804,1875700,-0.207872465696466,71.440002,0.035554310314829,68.900002,71.440002,8982,1.02973180638512,0.0244960678667658
"2015-10-29",2015-10-29,-0.00587912917471647,1572500,-0.212529485793486,71.019997,0.0298506771268943,68.900002,71.440002,8985,-1.02240325615717,-0.0318277775122205
"2015-10-30",2015-10-30,-0.00887071285007236,1662000,-0.219514910602911,70.389999,0.0211677371951661,68.900002,71.440002,0,-1.03286802668037,-0.117006050421302
"2015-11-02",2015-11-02,0.0127859356838462,976600,-0.209535678447678,71.290001,0.0335250240773598,68.900002,71.440002,0,1.58377930377063,0.00442245509539776
"2015-11-03",2015-11-03,0.00617200159668945,955000,-0.204656931392931,71.730003,0.0186812204650262,70.389999,71.730003,8985,-0.976716389824918,-0.0497507991681541
"2015-11-04",2015-11-04,0.00613404407636802,1058800,-0.199778261954262,72.169998,0.0246639746338916,0,72.169998,0,1.32025499512015,0.00929539483534854
"2015-11-05",2015-11-05,0.0153803662291912,1470000,-0.187470558558559,73.279999,0.0394377734639434,0,73.279999,0,1.59900316349461,0.156519155928591
"2015-11-06",2015-11-06,0.0230622546815263,1730200,-0.168731797643798,74.970001,0.0610911289703731,0,74.970001,0,1.54905116604077,0.376103699225762
"2015-11-09",2015-11-09,-0.0124049618193281,995800,-0.179043647955648,74.040001,0.0492977032779889,70.389999,74.970001,8992,-1.06111385320282,0.255932305252921
"2015-11-10",2015-11-10,0.0105348323806747,1637500,-0.170395010395011,74.82,0.0592087810745788,70.389999,74.970001,0,1.20104542681637,0.356828890565401
"2015-11-11",2015-11-11,0.00173746324512167,998900,-0.168953602217602,74.949997,0.0608405361243709,70.389999,74.970001,0,1.02755934204652,0.373535594831296
"2015-11-12",2015-11-12,-0.0133422286861466,1230700,-0.180041613305614,73.949997,0.0481406104722356,70.389999,74.970001,0,-1.06562755065577,0.24421671560746
"2015-11-13",2015-11-13,-0.00973622757550619,1396600,-0.188024914760915,73.230003,0.0387819730117994,70.389999,74.970001,0,-1.04434142367826,0.14994035491887
"2015-11-16",2015-11-16,0.0106513582964076,1392300,-0.179376277200277,74.010002,0.0489123483606986,70.389999,74.970001,0,1.26121351138626,0.252029112297005
"2015-11-17",2015-11-17,-0.000405337105652337,757600,-0.179708906444907,73.980003,0.048526680919437,70.389999,74.970001,0,-1.00185436586053,0.248124220360209
"2015-11-18",2015-11-18,0.0240605424144144,1205400,-0.159972257796258,75.760002,0.0333949172810213,73.230003,75.760002,8992,-0.890174343391826,0.273157857156164
"2015-11-19",2015-11-19,-0.00475184781542112,720100,-0.163963941787942,75.400002,0.0287798268228163,73.230003,75.760002,9000,-1.02495235140563,0.226368661533596
"2015-11-20",2015-11-20,0.00318298400045139,903000,-0.161302852390853,75.639999,0.0318613965079508,73.230003,75.760002,0,1.10707394815494,0.25758760432759
"2015-11-23",2015-11-23,-0.00581705454543973,955300,-0.1661815994456,75.199997,0.0261967297684865,73.230003,75.760002,0,-1.03024588209343,0.200270214006829
"2015-11-24",2015-11-24,-0.00132977398921966,1208000,-0.16729038946639,75.099998,0.0249000672410138,73.230003,75.760002,0,-1.0066721587979,0.187193399865043
"2015-11-25",2015-11-25,-0.0013315313270714,1267300,-0.168399168399168,75,0.0235999600000001,73.230003,75.760002,0,-1.00662786987534,0.174097919429915
"2015-11-27",2015-11-27,0.00720001333333338,630200,-0.162411631323631,75.540001,0.0305797983772863,73.230003,75.760002,0,1.2957563647263,0.244592745372666
"2015-11-30",2015-11-30,-0.00794279841219484,1450800,-0.169064426888427,74.940002,0.0228182406507009,73.230003,75.760002,0,-1.0409625561333,0.166231682253145
"2015-12-01",2015-12-01,0.00106745393468226,1842200,-0.168177441441441,75.019997,0.0238602248944373,73.230003,75.760002,0,1.04566453039421,0.176718182246223
"2015-12-02",2015-12-02,-0.0109304189921523,1539500,-0.177269610533611,74.199997,0.0130726959463354,73.230003,75.760002,0,-1.05406295288025,0.0686457462901685
"2015-12-03",2015-12-03,-0.0192722379759664,1844100,-0.193125466389466,72.769997,0,72.769997,75.639999,9009,-1.08944486202755,-0.0886191706924981
"2015-12-04",2015-12-04,0.0379277465134429,1653600,-0.162522533610534,75.529999,0.0365417984448801,72.769997,75.529999,9009,-0.841538594826136,0.27640119582777
"2015-12-07",2015-12-07,-0.0121805641755669,819000,-0.172723481635482,74.610001,0.0246616267971903,72.769997,75.529999,9011,-1.06276636105977,0.156361123447144
"2015-12-08",2015-12-08,-0.00388689178545921,1967300,-0.175939015939016,74.32,0.0208557992465015,72.769997,75.529999,0,-1.01861665983737,0.118190740890143
"2015-12-09",2015-12-09,-0.0247577637244348,1684800,-0.196340923076923,72.480003,0,72.480003,74.610001,9013,-1.11596010713723,-0.106099427999258
"2015-12-10",2015-12-10,-0.0048290009038768,1574200,-0.200221793485794,72.129997,0,72.129997,72.480003,9014,-1.01976597821815,-0.127197088429853
"2015-12-11",2015-12-11,-0.0280049366978347,1400000,-0.222619531531532,70.110001,0,70.110001,72.129997,9015,-1.11186463599092,-0.248958400176391
"2015-12-14",2015-12-14,-0.00114109255254458,2127100,-0.223506594594595,70.029999,0,70.029999,70.110001,9016,-1.00398465964312,-0.253780760449553
"2015-12-15",2015-12-15,0.0378409401376688,1647500,-0.194123354123354,72.68,0.0364612135388003,70.029999,72.68,9016,-0.868535241546063,0.104170880699442
"2015-12-16",2015-12-16,0.0188497936158503,1853700,-0.178932745668746,74.050003,0.0542876953023216,0,74.050003,0,1.48891630402129,0.283662408227967
"2015-12-17",2015-12-17,-0.0280891548377116,1314800,-0.201995830907831,71.970001,0.0269557033909169,70.029999,74.050003,9019,-1.1288924794223,0.00969855139201661
"2015-12-18",2015-12-18,-0.0265388769412412,2750600,-0.223173965349966,70.059998,0.000428190134975304,70.029999,74.050003,0,-1.10484441360474,-0.249644701465667
"2015-12-21",2015-12-21,0.0155581506011463,769700,-0.211087988911989,71.150002,0.0157414331485191,70.029999,74.050003,0,36.7627179206895,-0.100693727289807
"2015-12-22",2015-12-22,0.012508769852178,946600,-0.20121967013167,72.040001,0.0279011933939313,70.029999,74.050003,0,1.77246843604937,0.0190579990654263
"2015-12-23",2015-12-23,0.0147140059034702,750400,-0.189466411642412,73.099998,0.0419972514910328,70.029999,74.050003,0,1.5052134472559,0.159583202497997
"2015-12-24",2015-12-24,-0.00191517105103071,382800,-0.191018722106722,72.959999,0.0401589917784948,70.029999,74.050003,0,-1.00819306414712,0.141150971910305
"2015-12-28",2015-12-28,-0.000822327313902453,674600,-0.19168396950797,72.900002,0.0393690387004378,70.029999,74.050003,0,-1.00348262931461,0.133240033812339
"2015-12-29",2015-12-29,0.00932784610897531,647500,-0.184144121968122,73.580002,0.0482468456578731,70.029999,74.050003,0,1.2255022538139,0.222491686961796
"2015-12-30",2015-12-30,-0.0101929869477307,590200,-0.19246013028413,72.830002,0.0384457355912196,70.029999,74.050003,0,-1.04516032457147,0.124001201233484
"2015-12-31",2015-12-31,-0.0101607301891876,985000,-0.200665325017325,72.089996,0.0285753518421612,70.029999,74.050003,0,-1.04263321822074,0.0257365397715893
"2016-01-04",2016-01-04,-0.0208073253326301,1782500,-0.217297341649342,70.589996,0.00793309295555134,70.029999,74.050003,0,-1.08288435797555,-0.17689841703886
"2016-01-05",2016-01-05,0.00141671632903914,863800,-0.216188474012474,70.690002,0.00933658199641874,70.029999,74.050003,0,1.17691574380019,-0.163240437646855
"2016-01-06",2016-01-06,-0.0237657370557156,1186600,-0.234816332640333,69.010002,0,69.010002,73.580002,9031,-1.08616490177355,-0.315264136009473
"2016-01-07",2016-01-07,-0.0265179241698905,1355300,-0.255107415107415,67.18,0,67.18,69.010002,9032,-1.08641256866132,-0.425572990095713
"2016-01-08",2016-01-08,-0.0186067281929146,1275300,-0.268967428967429,65.93,0,65.93,67.18,9033,-1.05433010974682,-0.500920485676484
"2016-01-11",2016-01-11,-0.000606719247686997,1148900,-0.269410960498961,65.889999,0,65.889999,65.93,9034,-1.00164901576832,-0.503331665813065
"2016-01-12",2016-01-12,0.00637424505045128,1332700,-0.264754006930007,66.309998,0.0063338714020168,65.889999,66.309998,9034,-0.982714312883453,-0.443582004355773
"2016-01-13",2016-01-13,-0.0235258339172321,2183100,-0.282051282051282,64.75,0,0,66.309998,9036,-1.06533338370153,-0.572048521504731
"2016-01-14",2016-01-14,0.0152895444015444,1501700,-0.271074173250173,65.739998,0.0150592946473774,64.75,65.739998,9036,-0.96108115970516,-0.430506253683939
"2016-01-15",2016-01-15,-0.0298144061397751,2596700,-0.292806663894664,63.779999,0,0,65.739998,9038,-1.08017174924457,-0.630518238353405
"2016-01-19",2016-01-19,0.00235185014662674,2274400,-0.291143451143451,63.93,0.00234633192554357,63.779999,63.93,9038,-0.994319757859708,-0.608721063194412
"2016-01-20",2016-01-20,-0.0391052713905835,4026700,-0.318863478863479,61.43,0,0,63.93,9040,-1.09521089212606,-0.772171469767257
"2016-01-21",2016-01-21,-0.0393944652449943,3804400,-0.345696487872488,59.009998,0,59.009998,61.43,9041,-1.08415202990524,-0.918044341767621
"2016-01-22",2016-01-22,0.0238942560208187,3475300,-0.330062392238393,60.419998,0.023336644268012,59.009998,60.419998,9041,-0.954775081082507,-0.706186858635894
"2016-01-25",2016-01-25,-0.0269777731538489,2032000,-0.348135817047817,58.790001,0,0,60.419998,9043,-1.05475760109128,-0.931305320155848
"2016-01-26",2016-01-26,0.0180302259222619,2377600,-0.336382558558559,59.849998,0.017710894493263,58.790001,59.849998,9043,-0.966239444740487,-0.77112870279715
"2016-01-27",2016-01-27,-0.000668287407461561,2061800,-0.336826045738046,59.810001,0.0170540040619629,58.790001,59.849998,9045,-1.00131840123158,-0.777110709597675
"2016-01-28",2016-01-28,-0.000668801192629919,1655300,-0.337269577269577,59.77,0.0163961686464783,58.790001,59.849998,0,-1.00131679701479,-0.783098094748315
"2016-01-29",2016-01-29,0.0386481847080475,1834700,-0.31165624948025,62.080002,0.0372100825641081,59.77,62.080002,9045,2.26943765744324,-0.530704668257265
"2016-02-01",2016-02-01,-0.013369877146589,2099400,-0.320859320859321,61.25,0.0241632653061225,59.77,62.080002,9048,-1.02952955826947,-0.651662223039364
"2016-02-02",2016-02-02,-0.0328162938775511,2126700,-0.343146200970201,59.240002,0,59.240002,61.25,9049,-1.06945997408207,-0.904180161468774
"2016-02-03",2016-02-03,0.00371365618792529,1689500,-0.340706871794872,59.459999,0.00369991597208075,59.240002,59.459999,9049,-0.99289128316609,-0.870805249200593
"2016-02-04",2016-02-04,0.0147998825227024,1551900,-0.330949410949411,60.34,0.0182299966854492,0,60.34,0,4.92713802773123,-0.738770357406493
"2016-02-05",2016-02-05,-0.00530328140536958,2103000,-0.334497574497575,60.02,0.0129956347884039,59.240002,60.34,9052,-1.01072116592679,-0.786514991997371
"2016-02-08",2016-02-08,-0.0383205431522826,2718800,-0.359999988911989,57.720001,0,57.720001,60.02,9053,-1.07624095466976,-0.995802776372987
"2016-02-09",2016-02-09,0.00467777192172941,2300600,-0.357006214830215,57.990002,0.00465599225190561,57.720001,57.990002,9053,-0.991683960627827,-0.954216184841233
"2016-02-10",2016-02-10,-0.0187963435490138,2075700,-0.369092146916147,56.900002,0,0,57.990002,9055,-1.03385356216188,-1.04523067319598
"2016-02-11",2016-02-11,-0.042179295529726,3778100,-0.395703395703396,54.5,0,54.5,56.900002,9056,-1.07209920072695,-1.18989798526705
"2016-02-12",2016-02-12,0.0431192293577982,2089000,-0.369646591822592,56.849998,0.0413368176371791,54.5,56.849998,9056,-0.934150669001751,-0.823524571013244
"2016-02-16",2016-02-16,0.024626245369437,2177000,-0.354123354123354,58.25,0.0643776824034334,0,58.25,0,1.55739328964528,-0.613877699845387
"2016-02-17",2016-02-17,0.0233476566523605,1705100,-0.339043647955648,59.610001,0.0857238871712147,0,59.610001,0,1.33157771405954,-0.415854725917825
"2016-02-18",2016-02-18,-0.00889110872519523,1587200,-0.344920282744283,59.080002,0.0775220352903847,54.5,59.610001,9060,-1.01733297415855,-0.492389909996664
"2016-02-19",2016-02-19,0.00507784342999852,1118100,-0.341593890505891,59.380001,0.0821825685048405,54.5,59.610001,0,1.06011881908155,-0.448970412993232
"2016-02-22",2016-02-22,0.0255978608016527,1217100,-0.324740102564103,60.900002,0.0298850564898175,59.080002,60.900002,9060,-0.950661330866228,-0.641653903063815
"2016-02-23",2016-02-23,-0.0190476184220816,1654600,-0.337602195426196,59.740002,0.0110478737513265,59.080002,60.900002,9063,-1.03960734372052,-0.813981366250509
"2016-02-24",2016-02-24,-0.0170740034457982,1707000,-0.348911977823978,58.720001,0,58.720001,59.740002,9064,-1.03350032242387,-0.935524779908371
"2016-02-25",2016-02-25,0.0136239609396464,1286000,-0.34004158004158,59.52,0.0134408434139784,58.720001,59.52,9064,-0.974576975437419,-0.814233692870181
"2016-02-26",2016-02-26,0.0120968077956988,1718700,-0.33205818988219,60.240002,0.0252324194809953,0,60.240002,0,1.877294356004,-0.706730612757634
"2016-02-29",2016-02-29,-0.0142762445459414,1075500,-0.341593890505891,59.380001,0.0111148532988404,58.720001,60.240002,9067,-1.02871695658849,-0.835317382881051
"2016-03-01",2016-03-01,0.052542926026559,1841500,-0.306999306999307,62.5,0.049919984,59.380001,62.5,9067,4.49128590884847,-0.43629291596813
"2016-03-02",2016-03-02,0.01168,2184000,-0.298905058905059,63.23,0.0608888027834888,0,63.23,0,1.21972801080002,-0.332659949808544
"2016-03-03",2016-03-03,0.0189783330697455,1997400,-0.285599445599446,64.43,0.0783796212944281,0,64.43,0,1.28725837446885,-0.165240635972527
"2016-03-04",2016-03-04,0.0190905478814216,2079900,-0.271961147609148,65.660004,0.0956442677036694,0,65.660004,0,1.22026958186475,0.00275771454100781
"2016-03-07",2016-03-07,0.00350281733153721,1591000,-0.269410960498961,65.889999,0.0988010031689331,0,65.889999,0,1.03300496246199,0.033782382183956
"2016-03-08",2016-03-08,-0.0292912434252731,1809100,-0.290810821898822,63.959999,0.0716072243841029,59.380001,65.889999,9073,-1.07943203706422,-0.230388283592415
"2016-03-09",2016-03-09,-0.00500312703256922,1081800,-0.294358985446986,63.639999,0.066939001680374,59.380001,65.889999,0,-1.01220093366882,-0.27505520334135
"2016-03-10",2016-03-10,-0.000628551235520977,1390600,-0.294802516978517,63.599998,0.0663521561745961,59.380001,65.889999,0,-1.00150677082562,-0.280656664497835
"2016-03-11",2016-03-11,0.0331761173954753,1124100,-0.271406802494803,65.709999,0.0963323405316137,59.380001,65.889999,0,1.45183436508271,0.00951189829303093
"2016-03-14",2016-03-14,-0.00395681028697018,1058300,-0.274289707553708,65.449997,0.0927424947017186,59.380001,65.889999,0,-1.01062208106947,-0.0256760585095463
"2016-03-15",2016-03-15,-0.00687543194234212,1013100,-0.279279279279279,65,0.0864615230769231,59.380001,65.889999,0,-1.01819088207892,-0.0869463590923351
"2016-03-16",2016-03-16,-0.00476919999999989,1007900,-0.282716540540541,64.690002,0.0820837971221582,59.380001,65.889999,0,-1.01230761290323,-0.129431144509622
"2016-03-17",2016-03-17,0.00726545038598072,1176500,-0.277505153153153,65.160004,0.0887047674214385,59.380001,65.889999,0,1.08066111134487,-0.0651066403993931
"2016-03-18",2016-03-18,0.0135051710555451,1733600,-0.267747736659737,66.040001,0.0369473495313848,63.599998,66.040001,9073,-0.964838791703332,-0.29343216385037
"2016-03-21",2016-03-21,0.00136274982794139,642600,-0.26674986001386,66.129997,0.0382579633263858,0,66.129997,0,1.03547247127667,-0.280882466927333
"2016-03-22",2016-03-22,-0.000302374125315719,648900,-0.266971575883576,66.110001,0.037967069460489,63.599998,66.129997,9083,-1.00083117520551,-0.28366917841109
"2016-03-23",2016-03-23,-0.00726068662440338,627900,-0.272293865557865,65.629997,0.0309309628644353,63.599998,66.129997,0,-1.01993579150393,-0.350853397544632
"2016-03-24",2016-03-24,-0.00624708241263529,681300,-0.276839905751906,65.220001,0.0248390520570522,63.599998,66.129997,0,-1.01669534561393,-0.408684722546453
"2016-03-28",2016-03-28,-0.00245328116446983,877200,-0.278614020790021,65.059998,0.0224408245447532,63.599998,66.129997,0,-1.00640845124295,-0.431366919336007
"2016-03-29",2016-03-29,-0.00138329238805075,1272400,-0.279611908523909,64.970001,0.021086701230003,63.599998,66.129997,0,-1.0035816134847,-0.444153208288029
"2016-03-30",2016-03-30,0.00784980748268728,782500,-0.273957000693001,65.480003,0.0287111318550184,63.599998,66.129997,0,1.36157531431076,-0.371962451068813
"2016-03-31",2016-03-31,-0.00473434614839571,891500,-0.277394339570339,65.169998,0.0240908400825792,63.599998,66.129997,0,-1.01254700142228,-0.415766324276124
"2016-04-01",2016-04-01,0.0104342492077412,934400,-0.269854492030492,65.849998,0.034168565958043,63.599998,66.129997,0,1.41832189499906,-0.319991525746974
"2016-04-04",2016-04-04,-0.00258159461143784,927500,-0.271739431739432,65.68,0.0316687271619976,63.599998,66.129997,0,-1.00698502253847,-0.343828592748773
"2016-04-05",2016-04-05,-0.0170524056029235,930600,-0.284158026334026,64.559998,0.0148698889364897,63.599998,66.129997,0,-1.04570037743548,-0.502663959908495
"2016-04-06",2016-04-06,0.00960350091708512,1137500,-0.277283437283437,65.18,0.0242405952746242,63.599998,66.129997,0,1.63017998171725,-0.414349306339386
"2016-04-07",2016-04-07,-0.0331389996931575,1402800,-0.301233541233541,63.02,0,63.02,66.110001,9094,-1.08637408777367,-0.676329455388516
"2016-04-08",2016-04-08,0.003808283084735,953200,-0.298572440748441,63.259998,0.00379383508674791,63.02,63.259998,9094,-0.99116598877335,-0.641238348381966
"2016-04-11",2016-04-11,0.00980086973761834,920700,-0.29169784060984,63.880001,0.0134627580860557,0,63.880001,0,3.54858811156075,-0.551302432796767
"2016-04-12",2016-04-12,0.0200376170939634,909300,-0.277505153153153,65.160004,0.0328422938709457,0,65.160004,0,2.43949223933265,-0.368793023507558
"2016-04-13",2016-04-13,0.037599706101921,1204700,-0.250339559251559,67.610001,0.0678893792650587,0,67.610001,0,2.06713268969065,-0.0305848784331293
"2016-04-14",2016-04-14,0.0054725927307707,2131500,-0.246236972972973,67.980003,0.0729626769801701,0,67.980003,0,1.07472888646255,0.0192981798125354
"2016-04-15",2016-04-15,-0.00588409800452647,896000,-0.250672188496189,67.580002,0.0674756120900971,63.02,67.980003,9100,-1.01801198036861,-0.0346425295649864
"2016-04-18",2016-04-18,0.0105060517754943,1392600,-0.242799711711712,68.290001,0.0103968222229197,67.580002,68.290001,9100,-0.968594534432779,-0.302143882376842
"2016-04-19",2016-04-19,0.0519841111145978,2271700,-0.203437327789328,71.839996,0.059298360762715,0,71.839996,0,5.70350819618635,0.177687204000863
"2016-04-20",2016-04-20,0.00570718294583425,1924600,-0.198891198891199,72.25,0.0646366505190312,0,72.25,0,1.09002423823616,0.231422084673164
"2016-04-21",2016-04-21,-0.00650520415224908,2347800,-0.204102575190575,71.779999,0.0585120793885775,67.580002,72.25,9104,-1.02620214634146,0.169796226466979
"2016-04-22",2016-04-22,0.0080802731691316,1780500,-0.197671506583507,72.360001,0.00801550569353904,71.779999,72.360001,9104,-0.968490997229879,-0.0697580397418782
"2016-04-25",2016-04-25,-0.00953569638563148,1741500,-0.205322267498268,71.669998,0,0,72.360001,9106,-1.03870441950382,-0.154924906525579
"2016-04-26",2016-04-26,0.0111623136922648,1335300,-0.196451825363825,72.470001,0.0110390918857582,71.669998,72.470001,9106,-0.956797466526533,-0.0466902725812275
"2016-04-27",2016-04-27,-0.0027598178175821,1733900,-0.198669471933472,72.269997,0.00830218659065385,71.669998,72.470001,9108,-1.01128850070769,-0.0736248109232868
"2016-04-28",2016-04-28,-0.00913236512241735,1225500,-0.205987514899515,71.610001,0,71.610001,72.269997,9109,-1.03683526661053,-0.158541405479467
"2016-04-29",2016-04-29,-0.00740118688170391,1673700,-0.21186414968815,71.080002,0,71.080002,71.610001,9110,-1.02852908241309,-0.190488683327717
"2016-05-02",2016-05-02,0.0109735365511104,1004700,-0.203215512127512,71.860001,0.0108544251203114,71.080002,71.860001,9110,-0.959178381177901,-0.0844637583885124
"2016-05-03",2016-05-03,-0.0219872248540602,1339000,-0.220734591822592,70.279999,0,0,71.860001,9112,-1.08620936222667,-0.238711261333398
"2016-05-04",2016-05-04,-0.0135173166408271,1490100,-0.231268169092169,69.330002,0,69.330002,70.279999,9113,-1.04772055518169,-0.295975177140796
"2016-05-05",2016-05-05,-0.00490413948062476,1332500,-0.235038137214137,68.989998,0,68.989998,69.330002,9114,-1.0163012840754,-0.31646993705075
"2016-05-06",2016-05-06,0.000434831147552775,1456000,-0.234705507969508,69.019997,0.000434642151607267,68.989998,69.019997,9114,-0.998584786075265,-0.312298802828152
"2016-05-09",2016-05-09,-0.00434650844739978,1168800,-0.238031866943867,68.720001,0,0,69.019997,9116,-1.01417247938975,-0.332744815262207
"2016-05-10",2016-05-10,0.0227007854671016,950800,-0.220734591822592,70.279999,0.0221968984376338,68.720001,70.279999,9116,-0.927332103287858,-0.118041778327935
"2016-05-11",2016-05-11,-0.0122367816197606,1215300,-0.230270292446292,69.419998,0.0100835064846877,68.720001,70.279999,9118,-1.043199847133,-0.235733212385776
"2016-05-12",2016-05-12,0.000576217245065169,1064000,-0.229826760914761,69.459999,0.0106535849503827,68.720001,70.279999,0,1.056535736508,-0.23022290225492
"2016-05-13",2016-05-13,-0.0142527787827927,1151500,-0.24080386971587,68.470001,0,68.470001,69.459999,9120,-1.04776253538716,-0.347814314378361
"2016-05-16",2016-05-16,0.00759452303790683,696600,-0.235038137214137,68.989998,0.007537280983832,68.470001,68.989998,9120,-0.976056312929956,-0.275494852079245
"2016-05-17",2016-05-17,-0.000869662295105344,1065000,-0.235703395703395,68.93,0.00667342231249113,68.470001,68.989998,9122,-1.00283042784947,-0.283807625043573
"2016-05-18",2016-05-18,0.0377194109966632,1607500,-0.206874577962578,71.529999,0.0363483718208915,68.93,71.529999,9122,5.44673633989199,0.0342376805954256
"2016-05-19",2016-05-19,-0.0074094646639098,1922100,-0.212751212751213,71,0.0291549295774647,68.93,71.529999,9124,-1.02840675179382,-0.0368154641820645
"2016-05-20",2016-05-20,0.012394323943662,1368000,-0.202993796257796,71.879997,0.012242585374621,71,71.879997,9124,-0.954136964169381,-0.0757119537102693
"2016-05-23",2016-05-23,-0.00779072097067575,1021300,-0.209203049203049,71.32,0.00448681996634881,71,71.879997,9126,-1.03058838772278,-0.15163028750886
"2016-05-24",2016-05-24,0.0183678771733036,1106000,-0.194677787941788,72.629997,0.0180365834243392,71.32,72.629997,9126,4.01990353069964,0.000994581580682326
"2016-05-25",2016-05-25,0.0196888483968957,1506700,-0.178821920997921,74.059998,0.0369970034295707,0,74.059998,0,2.05122015401462,0.190267121531331
"2016-05-26",2016-05-26,-0.00391575759966925,1273100,-0.182037455301455,73.769997,0.0332112932036586,71.32,74.059998,9129,-1.01798176803822,0.152206103225696
"2016-05-27",2016-05-27,0.00637116740021009,1031600,-0.176826079002079,74.239998,0.00633083260589518,73.769997,74.239998,9129,-0.971371955893659,0.0344059877350149
"2016-05-31",2016-05-31,-0.00188577591287113,1413300,-0.178378400554401,74.099998,0.00445345491102433,73.769997,74.239998,9131,-1.00877880435444,0.0157610389289572
"2016-06-01",2016-06-01,-0.00107963565667027,869300,-0.179265452529452,74.019997,0.00337746568673869,73.769997,74.239998,0,-1.00497286651464,0.00508931525062324
"2016-06-02",2016-06-02,0.00445826821635775,838400,-0.175606397782398,74.349998,0.00443848028079297,74.019997,74.349998,9131,1.31414518827541,0.0307491311362458
"2016-06-03",2016-06-03,-0.0273032690599401,2163500,-0.198115038115038,72.32,0,0,74.349998,9134,-1.12817665311108,-0.115744088267586
"2016-06-06",2016-06-06,0.0136891316371681,1085100,-0.187137929313929,73.309998,0.0135042699087238,72.32,73.309998,9134,-0.944592248495872,0.0173445646573565
"2016-06-07",2016-06-07,-0.00954845204060702,805300,-0.194899503811504,72.610001,0.00399395394582081,72.32,73.309998,9136,-1.04147515432082,-0.076550990086416
"2016-06-08",2016-06-08,0.000964040752457914,895500,-0.194123354123354,72.68,0.00495321959273543,72.32,73.309998,0,1.24017944621479,-0.0671167138576739
"2016-06-09",2016-06-09,-0.0111447028068246,1190600,-0.20310460984061,71.870003,0,71.870003,72.68,9138,-1.0462657146937,-0.142869005842675
"2016-06-10",2016-06-10,-0.0123834696375343,1528300,-0.21297293970894,70.980003,0,70.980003,71.870003,9139,-1.04858742436262,-0.196516422696182
"2016-06-13",2016-06-13,-0.00436749770213436,1021100,-0.216410278586279,70.669998,0,70.669998,70.980003,9140,-1.01613979166572,-0.215202902990195
"2016-06-14",2016-06-14,-0.0175463143496905,901100,-0.23015939015939,69.43,0,69.43,70.669998,9141,-1.06353261805737,-0.289947498050327
"2016-06-15",2016-06-15,0.00432094195592668,1190800,-0.226832953568954,69.730003,0.00430235174376792,69.43,69.730003,9141,-0.985547247982658,-0.248474949674569
"2016-06-16",2016-06-16,-0.00645352044513741,1410400,-0.231822602910603,69.279999,0,0,69.730003,9143,-1.02199702143424,-0.298989257798016
"2016-06-17",2016-06-17,0,1305800,-0.231822602910603,69.279999,0,69.279999,69.279999,9143,-1,-0.298989257798016
"2016-06-20",2016-06-20,0.00303116343867147,1299600,-0.229494131670132,69.489998,0.0030220032528997,0,69.489998,0,-0.989955805813426,-0.26990235663644
"2016-06-21",2016-06-21,0.000575636798838356,1130200,-0.2290506001386,69.529999,0.00359557030915536,0,69.529999,0,1.18979696851925,-0.264373081404646
"2016-06-22",2016-06-22,-0.00201351937312699,1039300,-0.230602921690922,69.389999,0.00158524285322437,69.279999,69.529999,9147,-1.00677719923625,-0.283740787895877
"2016-06-23",2016-06-23,0.030984320953802,1225900,-0.206763675675676,71.540001,0.0300531446735652,69.389999,71.540001,9147,18.9580698076875,0.000617700500370622
"2016-06-24",2016-06-24,-0.0844283046627299,3729500,-0.273735273735274,65.5,0,0,71.540001,9149,-1.32390407957657,-0.526840024156269
"2016-06-27",2016-06-27,-0.0584733129770992,2063600,-0.316202378378378,61.669998,0,61.669998,65.5,9150,-1.15513932151899,-0.757704871171741
"2016-06-28",2016-06-28,0.0308091788814392,2125600,-0.295135135135135,63.57,0.0298883435582822,61.669998,63.57,9150,-0.933374178425586,-0.480693903497308
"2016-06-29",2016-06-29,0.0267421267893661,2037300,-0.27628554954955,65.269997,0.0551554951044353,0,65.269997,0,1.84538480685228,-0.240861123411736
"2016-06-30",2016-06-30,0.0151678419718634,2474500,-0.265308363132363,66.260002,0.0692726209093685,0,66.260002,0,1.25595139302445,-0.104440366668226
"2016-07-01",2016-07-01,-0.0155448078616117,1254200,-0.276729003465004,65.230003,0.0545761894262061,61.669998,66.260002,9154,-1.04304666538892,-0.246421173693327
"2016-07-05",2016-07-05,-0.0257550808329719,1293100,-0.295356906444906,63.549999,0.0295830217086235,61.669998,66.260002,0,-1.06731460290269,-0.483559351533791
"2016-07-06",2016-07-06,-0.00125881984671622,1329900,-0.296243925155925,63.470001,0.0283599018692312,61.669998,66.260002,0,-1.00300320964793,-0.495030743749394
"2016-07-07",2016-07-07,0.00078775798349207,1426800,-0.295689535689536,63.52,0.0291247166246852,61.669998,66.260002,0,1.02696817354942,-0.487859125071418
"2016-07-08",2016-07-08,0.0159004880352645,1420700,-0.284490655578656,64.529999,0.0443204872822019,61.669998,66.260002,0,1.52174827495617,-0.3443693095334
"2016-07-11",2016-07-11,0.00774833422824011,1037000,-0.27894665003465,65.029999,0.0516684768824924,61.669998,66.260002,0,1.16579216635195,-0.274284275205651
"2016-07-12",2016-07-12,0.0193757038194019,1134400,-0.264975733887734,66.290001,0.0425403523526874,63.470001,66.290001,9154,-0.949915454639156,-0.247957301534898
"2016-07-13",2016-07-13,-0.00633576698844833,1183300,-0.269632676368677,65.870003,0.0364354317700577,63.470001,66.290001,9161,-1.0175749771974,-0.306462252382223
"2016-07-14",2016-07-14,0.0138150289745699,975800,-0.259542630630631,66.779999,0.0136267746874331,65.870003,66.779999,9161,-0.962578549922304,-0.375604716578735
"2016-07-15",2016-07-15,0.00359386049107308,964900,-0.25688153014553,67.019997,0.0171589682404791,0,67.019997,0,1.25920980085651,-0.341935977147245
"2016-07-18",2016-07-18,0.00596838283952778,784100,-0.252446314622315,67.419998,0.022990137140022,0,67.419998,0,1.33983214012756,-0.286124607639458
"2016-07-19",2016-07-19,-0.00459799776321574,2290900,-0.255883564795565,67.110001,0.0184770970276099,65.870003,67.419998,9165,-1.01361576689441,-0.329344944084648
"2016-07-20",2016-07-20,-0.0095365815893819,2774700,-0.262979891891892,66.470001,0.00902659832967356,65.870003,67.419998,0,-1.02773264121905,-0.41929881397261
"2016-07-21",2016-07-21,0.00391156907008321,1950800,-0.260096986832987,66.730003,0.0128877560518018,65.870003,67.419998,0,1.42775335526289,-0.382635918414016
"2016-07-22",2016-07-22,0.0052450020120634,924200,-0.256216194040194,67.080002,0.0180381479416175,65.870003,67.419998,0,1.39963449564951,-0.333539492188561
"2016-07-25",2016-07-25,0.000447212270506546,833700,-0.255883564795565,67.110001,0.0184770970276099,65.870003,67.419998,0,1.02433448752129,-0.329344944084647
"2016-07-26",2016-07-26,0.0144538963723156,1449000,-0.245128182952183,68.080002,0.0236486626425186,66.470001,68.080002,9165,1.27989059142683,-0.242760932311697
"2016-07-27",2016-07-27,0.00587545517404661,1559900,-0.240692967428968,68.480003,0.0293516634337764,0,68.480003,0,1.24115531932889,-0.187646325885834
"2016-07-28",2016-07-28,-0.0108061473069736,1142700,-0.248898151074151,67.739998,0.018748110975734,66.470001,68.480003,9172,-1.03408983541493,-0.28989666810997
"2016-07-29",2016-07-29,-0.00221437857143132,835200,-0.250561374913375,67.589996,0.0165704255996701,66.470001,68.480003,0,-1.00668234710481,-0.310777086632491
"2016-08-01",2016-08-01,-0.00739754445317618,747200,-0.256105380457381,67.089996,0.0092412436572511,66.470001,68.480003,0,-1.02212633749285,-0.380759876479632
"2016-08-02",2016-08-02,-0.0131166649644755,826300,-0.265862796950797,66.209999,0,66.209999,67.739998,9175,-1.03809922492058,-0.484042706944388
"2016-08-03",2016-08-03,0.0120828124465008,853900,-0.256992354816355,67.010002,0.0119385610524232,66.209999,67.010002,9175,-0.966635263616504,-0.370918269155333
"2016-08-04",2016-08-04,-0.00343236820079481,839900,-0.259542630630631,66.779999,0.00853548979538032,66.209999,67.010002,9177,-1.00992354739929,-0.403282579658738
"2016-08-05",2016-08-05,0.0353399226615742,837800,-0.233374924462925,69.139999,0.0341336423797172,66.779999,69.139999,9177,3.99902562102428,-0.121866712910792
"2016-08-08",2016-08-08,0.000867775540465268,544700,-0.232709665973666,69.199997,0.0349710708802486,0,69.199997,0,1.02453381597005,-0.113697622860375
"2016-08-09",2016-08-09,-0.000144436422446511,645400,-0.232820490644491,69.190002,0.0348316654189431,66.779999,69.199997,9180,-1.0004762357866,-0.115057954384231
"2016-08-10",2016-08-10,-0.0119959672786252,618600,-0.242023550935551,68.360001,0.0231129604576804,66.779999,69.199997,0,-1.03952856668923,-0.22879540304864
"2016-08-11",2016-08-11,0.00394961960284357,515100,-0.239029832293832,68.629997,0.0269561136655739,66.779999,69.199997,0,1.16627697758279,-0.191627967526721
"2016-08-12",2016-08-12,-0.0116566375487385,941700,-0.247900185724186,67.830002,0.0154799199327753,66.779999,69.199997,0,-1.03710981740325,-0.302238345549678
"2016-08-15",2016-08-15,0.00751870831435338,899600,-0.242245366597367,68.339996,0.0228269987021947,66.779999,69.199997,0,1.47461994644195,-0.231555844494987
"2016-08-16",2016-08-16,-0.00234117660761924,892000,-0.244019404019404,68.18,0.0205338955705486,66.779999,69.199997,0,-1.00732330796232,-0.253666129375664
"2016-08-17",2016-08-17,0.00205338809034888,958100,-0.242467082467083,68.32,0.0225409982435596,66.779999,69.199997,0,1.09774583035718,-0.234315953842141
"2016-08-18",2016-08-18,-0.000585494730679004,661100,-0.242910613998614,68.279999,0.0219683658753422,66.779999,69.199997,0,-1.00182924431234,-0.239840147808971
"2016-08-19",2016-08-19,0.00424723204814326,839500,-0.23969507969508,68.57,0.0261047250984394,66.779999,69.199997,0,1.18828706907781,-0.199872888713633
"2016-08-22",2016-08-22,0.000874974478635115,724500,-0.239029832293832,68.629997,0.0269561136655739,66.779999,69.199997,0,1.03261434716987,-0.191627967526722
"2016-08-23",2016-08-23,0.000582850091046976,620000,-0.238586300762301,68.669998,0.0275229220190163,66.779999,69.199997,0,1.02102707981107,-0.186135434778413
"2016-08-24",2016-08-24,-0.00422311065161242,576700,-0.241801835065835,68.379997,0.0233986263555993,66.779999,69.199997,0,-1.01347744733566,-0.226037112481203
"2016-08-25",2016-08-25,0.00658094500940078,626600,-0.236812174636175,68.830002,0.0297835673461115,66.779999,69.199997,0,1.27287674470618,-0.164201118744424
"2016-08-26",2016-08-26,0.00755478693724295,888000,-0.231046453222453,69.349998,0.0219177511728263,67.830002,69.349998,9180,-0.975652766068385,-0.175617909680827
"2016-08-29",2016-08-29,0.00778660440624676,830100,-0.225058916146916,69.889999,0.0294748466085972,0,69.889999,0,1.34479337666449,-0.101984928603281
"2016-08-30",2016-08-30,0.0133066391945433,861900,-0.214747054747055,70.82,0.042219683705168,0,70.82,0,1.43239706268237,0.0233587042107589
"2016-08-31",2016-08-31,-0.00324772663089514,1832700,-0.217297341649342,70.589996,0.0390989397421131,67.830002,70.82,9196,-1.0118757712663,-0.00747084454586254
"2016-09-01",2016-09-01,-0.00254982306557998,1293900,-0.219293094941095,70.410004,0.0366425486923706,67.830002,70.82,0,-1.00918443491579,-0.0316741339136748
"2016-09-02",2016-09-02,0.00340857813330049,780700,-0.216631994455995,70.650002,0.0399150731800405,67.830002,70.82,0,1.08930941226671,0.000582960915327774
"2016-09-06",2016-09-06,-0.0111818963572004,866000,-0.225391534303535,69.860001,0.0290581015021744,67.830002,70.82,0,-1.0404351161034,-0.106058708450881
"2016-09-07",2016-09-07,-0.00243342395600581,729000,-0.227276485100485,69.690002,0.0266896247183349,67.830002,70.82,0,-1.00836300619176,-0.129181709559221
"2016-09-08",2016-09-08,0.00200889648417554,1028600,-0.225724163548164,69.830002,0.0286409844295866,67.830002,70.82,0,1.07311304418272,-0.11013457070425
"2016-09-09",2016-09-09,-0.0126021047514791,1149200,-0.235481668745669,68.949997,0.0162435830127737,67.830002,70.82,0,-1.04322756165812,-0.230575772644941
"2016-09-12",2016-09-12,0.0111675711893069,1211600,-0.226943855855856,69.720001,0.0271084190030347,67.830002,70.82,0,1.66886942257241,-0.125096729441074
"2016-09-13",2016-09-13,-0.0134825299271007,835700,-0.237366608454609,68.779999,0.0138121112796179,67.830002,70.82,0,-1.04592656875176,-0.254041174291931
"2016-09-14",2016-09-14,-0.00465251533370926,1156000,-0.240914772002772,68.459999,0.00920241030094093,67.830002,70.82,0,-1.01494803153343,-0.298389951110834
"2016-09-15",2016-09-15,0.0134384752182075,637100,-0.230713823977824,69.379997,0.0223406610986162,67.830002,70.82,0,2.42769669771537,-0.171510555613275
"2016-09-16",2016-09-16,-0.0147015861070159,1273000,-0.242023550935551,68.360001,0.0077530572300607,67.830002,70.82,0,-1.04902058646826,-0.312296779905342
"2016-09-19",2016-09-19,0.00219428024876716,871900,-0.240360338184338,68.510002,0.00992555802290018,67.830002,70.82,0,1.28021214449651,-0.291444606723656
"2016-09-20",2016-09-20,0.00175149608082048,527700,-0.239029832293832,68.629997,0.0116566375487385,67.830002,70.82,0,1.17440626731962,-0.274800843163385
"2016-09-21",2016-09-21,0.00772267263832166,677000,-0.233153108801109,69.160004,0.0192307970369696,67.830002,70.82,0,1.64977223977002,-0.201677514702015
"2016-09-22",2016-09-22,0.00347018487737508,795600,-0.230492008316008,69.400002,0.0226224777342227,67.830002,70.82,0,1.17636714124395,-0.168772648372517
"2016-09-23",2016-09-23,-0.00129688757069499,993000,-0.231489973665974,69.309998,0.0213532829708061,67.830002,70.82,0,-1.0043297177948,-0.181097660334935
"2016-09-26",2016-09-26,-0.0266916614252391,1077100,-0.252002783090783,67.459999,0,67.459999,70.650002,9213,-1.08861208587119,-0.408695211363617
"2016-09-27",2016-09-27,0.00133418323946325,1004100,-0.251004817740818,67.550003,0.00133240556628855,67.459999,67.550003,9213,-0.996039863775608,-0.396026565135162
"2016-09-28",2016-09-28,0.000592050306792666,1170900,-0.250561374913375,67.589996,0.00192331717255911,0,67.589996,0,1.44349229785684,-0.390403481571875
"2016-09-29",2016-09-29,-0.0131676143315647,1036300,-0.260429693693694,66.699997,0,0,67.589996,9216,-1.0393848364846,-0.454506609232718
"2016-09-30",2016-09-30,0.0193403456974669,1631300,-0.246126148302149,67.989998,0.0189733937041741,66.699997,67.989998,9216,-0.945077133146083,-0.273602459584648
"2016-10-03",2016-10-03,0.00235334614953218,940600,-0.244352022176022,68.150002,0.0212766684878455,0,68.150002,0,1.12139498181418,-0.251436396106289
"2016-10-04",2016-10-04,0.024651503311768,1985100,-0.225724163548164,69.830002,0.044823212234764,0,69.830002,0,2.10668377243222,-0.0221627728148352
"2016-10-05",2016-10-05,0.0296434188846222,1686500,-0.202771980595981,71.900002,0.0723227379047918,0,71.900002,0,1.61351081948339,0.252108950925745
"2016-10-06",2016-10-06,0.0019471348554344,1188100,-0.20121967013167,72.040001,0.0741255403369582,0,72.040001,0,1.02492718727739,0.270348424326966
"2016-10-07",2016-10-07,-0.0012493614485098,1168100,-0.202217635481636,71.949997,0.0729673414718836,66.699997,72.040001,9222,-1.00495958148283,0.258626821787098
"2016-10-10",2016-10-10,0.00166786664355242,643900,-0.200887040887041,72.07,0.00166508949632294,71.949997,72.07,9222,-0.993419987374369,-0.121761625045685
"2016-10-11",2016-10-11,-0.0138753989177189,887700,-0.211975051975052,71.07,0,0,72.07,9224,-1.05519525320822,-0.191091583848357
"2016-10-12",2016-10-12,0.000562839454059431,639500,-0.211531520443521,71.110001,0.000562522844009039,71.07,71.110001,9224,-0.9979076239048,-0.185622348508432
"2016-10-13",2016-10-13,-0.0182815775800651,994000,-0.225945968121969,69.809998,0,0,71.110001,9226,-1.0681432613363,-0.267041979949768
"2016-10-14",2016-10-14,0.0111731560284532,951800,-0.217297341649342,70.589996,0.0110496960504149,69.809998,70.589996,9226,-0.961722589942575,-0.159955559673131
"2016-10-17",2016-10-17,-0.00453320609339595,935600,-0.220845494109495,70.269997,0.00654616507241368,69.809998,70.589996,9228,-1.01632855898384,-0.203727101924203
"2016-10-18",2016-10-18,0.00967696070913441,814700,-0.213305646569647,70.949997,0.00958421464062909,70.269997,70.949997,9228,1.46409608291397,-0.146222249212403
"2016-10-19",2016-10-19,0.00253699799310783,1697000,-0.211309804573805,71.129997,0.0120905389606581,0,71.129997,0,1.26150544556925,-0.121747024294507
"2016-10-20",2016-10-20,-0.00210873058240121,1044600,-0.21297293970894,70.980003,0.0100029018032022,70.269997,71.129997,9231,-1.00787060088617,-0.142137429498634
"2016-10-21",2016-10-21,0,1652300,-0.21297293970894,70.980003,0.0100029018032022,70.269997,71.129997,0,-1,-0.142137429498634
"2016-10-24",2016-10-24,0,885600,-0.21297293970894,70.980003,0.0100029018032022,70.269997,71.129997,0,-1,-0.142137429498634
"2016-10-25",2016-10-25,-0.0092984357862031,1124600,-0.220291060291061,70.32,0.00071107792946512,70.269997,71.129997,0,-1.0343617390647,-0.232434432742996
"2016-10-26",2016-10-26,0.0162115898748578,927600,-0.207650738738739,71.459999,0.0159529669178977,70.32,71.459999,9231,22.4349065789423,-0.0808577635765563
"2016-10-27",2016-10-27,0.0131542543122622,1915800,-0.197227975051976,72.400002,0.028729308598638,0,72.400002,0,1.80087558298679,0.0452600388160365
"2016-10-28",2016-10-28,0,1394500,-0.197227975051976,72.400002,0.028729308598638,0,72.400002,0,-1,0.0452600388160365
"2016-10-31",2016-10-31,0.000276187837674454,1170900,-0.19700625918226,72.419998,0.0289974876828913,0,72.419998,0,1.00933468633025,0.0479232654370241
"2016-11-01",2016-11-01,0.00414254361067491,1513200,-0.193679822591823,72.720001,0.0330033136275673,0,72.720001,0,1.13814389675694,0.0877838041450914
"2016-11-02",2016-11-02,-0.0096260174693891,1060600,-0.201441474705475,72.019997,0.0236045136186275,70.32,72.720001,9240,-1.0400746552211,-0.00550593593239146
"2016-11-03",2016-11-03,0.00499861170502408,1060200,-0.197449790713791,72.379997,0.028460860533056,70.32,72.720001,0,1.20573806318958,0.0425948074240194
"2016-11-04",2016-11-04,-0.00414472247076785,953500,-0.200776138600139,72.080002,0.0244173411648907,70.32,72.720001,0,-1.01684655058039,0.00252983735985906
"2016-11-07",2016-11-07,0.0266370414362642,1538500,-0.17948717948718,74,0.0267567972972973,72.019997,74,9240,1.09581125629561,0.130981506403069
"2016-11-08",2016-11-08,-0.000270229729729778,1155500,-0.179708906444907,73.980003,0.0264937269602434,72.019997,74,9244,-1.00123533590734,0.128345992297888
"2016-11-09",2016-11-09,0.0428494035070532,2389800,-0.144559922383923,77.150002,0.0410887740482496,73.980003,77.150002,9244,1.55088689899717,0.398770553559078
"2016-11-10",2016-11-10,0.0177575497664926,3109600,-0.129369402633403,78.519997,0.0578195895753792,0,78.519997,0,1.40718702162987,0.57230520461047
"2016-11-11",2016-11-11,0.017320428578213,2266000,-0.114289707553708,79.879997,0.0738607188480491,0,79.879997,0,1.2774341601259,0.741488020662676
"2016-11-14",2016-11-14,0.0368052467503221,3620100,-0.0816909216909223,82.82,0.10673746679546,0,82.82,0,1.44511816917253,1.09743409288453
"2016-11-15",2016-11-15,0.00181116879980685,2310400,-0.0800277089397093,82.970001,0.108352391125077,0,82.970001,0,1.01512987311861,1.1152551009806
"2016-11-16",2016-11-16,-0.0232614195099262,1595300,-0.101427570339571,81.040001,0.0871174470987482,73.980003,82.970001,9250,-1.2674056484109,0.883478578541131
"2016-11-17",2016-11-17,0.00567619686974086,1472400,-0.0963270963270967,81.5,0.0922699018404909,73.980003,82.970001,0,1.05914377559643,0.939216798704608
"2016-11-18",2016-11-18,0,1300100,-0.0963270963270967,81.5,0.0922699018404909,73.980003,82.970001,0,-1,0.939216798704608
"2016-11-21",2016-11-21,0.00478526380368102,1150100,-0.0920027830907835,81.889999,0.0965929429306747,73.980003,82.970001,0,1.04685212625085,0.986226599595271
"2016-11-22",2016-11-22,0.00024429112522028,1033200,-0.0917809674289678,81.910004,0.0968135833566801,73.980003,82.970001,0,1.00228422925434,0.988631933273758
"2016-11-23",2016-11-23,0.00134285184505671,1191500,-0.0905613638253643,82.019997,0.0980248024149526,73.980003,82.970001,0,1.01251083800721,1.0018466675174
"2016-11-25",2016-11-25,0.00158504029206435,471200,-0.0891198669438674,82.150002,0.0994522069518635,73.980003,82.970001,0,1.01456166706533,1.017442938858
"2016-11-28",2016-11-28,-0.0189897256484547,1326900,-0.106417230769231,80.589996,0.0820200189611624,73.980003,82.970001,0,-1.19409099697443,0.828641919002417
"2016-11-29",2016-11-29,0.00682470563716127,1181200,-0.100318791406792,81.139999,0.0882424955415639,73.980003,82.970001,0,1.07586533945265,0.895622383014257
"2016-11-30",2016-11-30,0.012447658521662,1475800,-0.0891198669438674,82.150002,0.0994522069518635,73.980003,82.970001,0,1.12703302803828,1.017442938858
"2016-12-01",2016-12-01,0.0398051846669463,2831400,-0.0528621150381154,85.419998,0.0565441596006594,80.589996,85.419998,9250,-0.593157472636387,0.981289792710528
"2016-12-02",2016-12-02,-0.0106531962222711,1719000,-0.0629521607761614,84.510002,0.0463851130899275,80.589996,85.419998,9261,-1.19087480194031,0.871209210963702
"2016-12-05",2016-12-05,0.0105312978220022,1576000,-0.0530838309078314,85.400002,0.056323253950275,80.589996,85.419998,0,1.21425281083352,0.978883559688934
"2016-12-06",2016-12-06,0.0114753510193127,991300,-0.0422176354816359,86.379997,0.0216484726203452,84.510002,86.379997,9261,-0.795301219969179,0.849452424966806
"2016-12-07",2016-12-07,0.0339199016179636,3020400,-0.00972975190575243,89.309998,0.0537453376720487,0,89.309998,0,2.48263878078581,1.20055590227584
"2016-12-08",2016-12-08,0.00515058795544941,1841900,-0.00462927789327827,89.769997,0.058594131400049,0,89.769997,0,1.09021794146289,1.25464332344863
"2016-12-09",2016-12-09,-0.00445576488099923,1833500,-0.00906441580041628,89.370003,0.0543806740165377,84.510002,89.769997,9266,-1.9580625767958,1.20762677627749
"2016-12-12",2016-12-12,-0.0062661405527759,1441300,-0.0152737574497579,88.809998,0.0484179269996154,84.510002,89.769997,0,-1.68502392057704,1.14145538523465
"2016-12-13",2016-12-13,0.00213942128452707,2055800,-0.0131670131670134,89,0.0504494157303371,84.510002,89.769997,0,1.04195736696323,1.1639521516047
"2016-12-14",2016-12-14,-0.00561797752808989,2419200,-0.018711018711019,88.5,0.0450847231638418,84.510002,89.769997,0,-1.42105263157894,1.10464895818985
"2016-12-15",2016-12-15,0.0176270960451977,1801500,-0.001413743589744,90.059998,0.0173217636536034,88.5,90.059998,9266,-0.0755567407407615,1.04775412992982
"2016-12-16",2016-12-16,-0.0177659231127231,2301900,-0.0191545502425506,88.459999,0,0,90.059998,9271,-13.5488149205466,0.857142714393322
"2016-12-19",2016-12-19,0.00237394305193255,874100,-0.0168260790020792,88.669998,0.00236832079324067,88.459999,88.669998,9271,-0.878437696996985,0.882675987345155
"2016-12-20",2016-12-20,0.0166911473258406,1203800,-0.000415778239778453,90.150002,0.0187465664171589,0,90.150002,0,7.91555201080136,1.0609250770566
"2016-12-21",2016-12-21,-0.000776483621154078,877300,-0.0011919390159395,90.080002,0.0179840471140309,88.459999,90.150002,9274,-2.86676622753184,1.05256031698887
"2016-12-22",2016-12-22,-0.00421852788147137,866300,-0.0054054386694391,89.699997,0.0138238354679098,88.459999,90.150002,0,-4.53499599992409,1.00703812765232
"2016-12-23",2016-12-23,-0.00189518400987229,434100,-0.00729037837837876,89.529999,0.0119513013732974,88.459999,90.150002,0,-1.34871170023565,0.986611290878019
"2016-12-27",2016-12-27,0.0034624930577738,393000,-0.00385312820512862,89.839996,0.0153606084310155,88.459999,90.150002,0,1.28526659576467,1.0238313792498
"2016-12-28",2016-12-28,-0.00701243352682254,661400,-0.0108385419265423,89.209999,0.00840712933984,88.459999,90.150002,0,-2.81292013904856,0.948055072299101
"2016-12-29",2016-12-29,-0.00650153577515446,773400,-0.017269610533611,88.629997,0.00191806392591898,88.459999,90.150002,0,-1.59335182265796,0.877817065982381
"2016-12-30",2016-12-30,0.0047388696176984,770300,-0.0126125793485796,89.050003,0.00662553599240201,88.459999,90.150002,0,3.45428319821384,0.928725519212376
"2017-01-03",2017-01-03,0.00662544615523482,1445300,-0.00607069715869746,89.639999,0.0131637663226659,88.459999,90.150002,0,1.98682285293775,0.999833220132575
"2017-01-04",2017-01-04,0.0094823628902539,1338300,0,90.489998,0.0205547689370045,88.629997,90.489998,9274,1.56146564996466,1.07301535215661
"2017-01-05",2017-01-05,-0.00430986858901246,1261500,-0.00430986858901261,90.099998,0.016315216788351,88.629997,90.489998,9283,0,1.02653794977046
"2017-01-06",2017-01-06,-0.00288570483653063,1203200,-0.00718313641691104,89.839996,0.0134683777145315,88.629997,90.489998,0,-1.66667179487175,0.99544160788713
"2017-01-09",2017-01-09,-0.00901599550382878,830200,-0.0161343687951017,89.029999,0.00449289008753107,88.629997,90.489998,0,-2.2461453964757,0.897986189010118
"2017-01-10",2017-01-10,0.00269569810957765,1053200,-0.0134821640729841,89.269997,0.00716926203100465,88.629997,90.489998,0,1.5956905001752,0.926954046533027
"2017-01-11",2017-01-11,0.00840147894258359,959800,-0.00519395524796018,90.019997,0.0154410136227843,88.629997,90.489998,0,2.1537800621608,1.01697932045592
"2017-01-12",2017-01-12,-0.00255494343106899,689600,-0.007735628417187,89.790001,0.0129190777044317,88.629997,90.489998,0,-1.48935215031454,0.989451911955279
"2017-01-13",2017-01-13,0.00445485015642224,862600,-0.00331523932622901,90.190002,0.0172968728839811,88.629997,90.489998,0,1.33886282594675,1.03728167295959
"2017-01-17",2017-01-17,-0.022618915120991,1550100,-0.0258591673302943,88.150002,0,88.150002,90.190002,9290,-7.80009066787594,0.820694258317318
"2017-01-18",2017-01-18,-0.0471923301828172,3433400,-0.0718311431502076,83.989998,0,83.989998,88.150002,9291,-2.77778252612398,0.570775803695604
"2017-01-19",2017-01-19,-0.0055959163137496,1872600,-0.0770250983981676,83.519997,0,83.519997,83.989998,9292,-1.07230784615385,0.542539791520938
"2017-01-20",2017-01-20,-0.00191566098834997,1757100,-0.0787932054103924,83.360001,0,83.360001,83.519997,9293,-1.0229549464914,0.53292779281477
"2017-01-23",2017-01-23,-0.00827738713678746,1215400,-0.0864183906822495,82.669998,0,82.669998,83.360001,9294,-1.0967746550244,0.491474831845419
"2017-01-24",2017-01-24,0.00991895512081654,1247100,-0.0773566157002236,83.489998,0.00982153574850952,82.669998,83.489998,9294,-0.895140664961639,0.594130585742184
"2017-01-25",2017-01-25,0.00694696387464272,1544000,-0.0709470454403149,84.07,0.0166528131319137,0,84.07,0,1.69554065253398,0.66611209451747
"2017-01-26",2017-01-26,-0.00142741762816697,1228400,-0.072273192005154,83.949997,0.0152471595680937,82.669998,84.07,9297,-1.01869206189784,0.65126114990799
"2017-01-27",2017-01-27,-0.00321616449849295,845600,-0.0752569140293272,83.68,0.0120698135755258,82.669998,84.07,0,-1.0412839386416,0.617767601499391
"2017-01-30",2017-01-30,-0.00633362810707464,897700,-0.081113892830454,83.150002,0.00577274790684901,82.669998,84.07,0,-1.07782645457458,0.55169430451525
"2017-01-31",2017-01-31,-0.00228506308394321,1335000,-0.0832136055522954,82.959999,0.00349567265544437,82.669998,84.07,0,-1.02588598140925,0.527900676615386
"2017-02-01",2017-02-01,0.00421888867187663,1258900,-0.0793457858182294,83.309998,0.00768215118670379,82.669998,84.07,0,2.19761743844612,0.571686433908432
"2017-02-02",2017-02-02,-0.00588162299559772,793400,-0.0847607268153548,82.82,0.00181118087418486,82.669998,84.07,0,-1.06824484679666,0.510332588153508
"2017-02-03",2017-02-03,0.0190775416566048,1108900,-0.0673002114554142,84.400002,0.0187204023999905,82.82,84.400002,9297,10.3360203648439,0.697177538257217
"2017-02-06",2017-02-06,0.00177726299106016,1304800,-0.0656425586394642,84.550003,0.0204613002793154,0,84.550003,0,1.09299468259965,0.715653153511254
"2017-02-07",2017-02-07,-0.00224721458614267,1138300,-0.0677422603103605,84.360001,0.0182551088400296,82.82,84.550003,9305,-1.03198689561186,0.69224493290141
"2017-02-08",2017-02-08,-0.00426743712343006,1069900,-0.071720611597317,84,0.0140476190476191,82.82,84.550003,0,-1.05872776120445,0.647744066539947
"2017-02-09",2017-02-09,0.0179762142857143,1283400,-0.0550336623943786,85.510002,0.0176587763382346,84,85.510002,9305,1.25706543424721,0.758091105494462
"2017-02-10",2017-02-10,-0.00163722367823127,1135400,-0.056580783657438,85.370003,0.0160478265416014,84,85.510002,9308,-1.02811227157612,0.740922814927275
"2017-02-13",2017-02-13,0.0106594350242673,721500,-0.0465244678201893,86.279999,0.0105470098579858,85.370003,86.279999,9308,-0.822266232681866,0.765687974314081
"2017-02-14",2017-02-14,0.0150672579400469,1256300,-0.0321582060373128,87.580002,0.0252340597114853,0,87.580002,0,2.39253210637505,0.923631125903858
"2017-02-15",2017-02-15,0.0123316051077506,952600,-0.0202231632273879,88.660004,0.0371080628419552,0,88.660004,0,1.47055461016705,1.05306476153331
"2017-02-16",2017-02-16,-0.0148884270296221,1132800,-0.0348104991669909,87.339996,0.0225554509986468,85.370003,88.660004,9312,-1.72131821197228,0.894650627970926
"2017-02-17",2017-02-17,-0.00160291969786675,913600,-0.0363576204300502,87.199997,0.0209861704467719,85.370003,88.660004,0,-1.04444409876565,0.877708864827665
"2017-02-21",2017-02-21,0.00986239712829344,723100,-0.0268537965930778,88.059998,0.030547297991081,85.370003,88.660004,0,1.45559181788595,0.981352075754965
"2017-02-22",2017-02-22,-0.00635927790959061,605000,-0.0330423037472054,87.5,0.0243428228571428,85.370003,88.660004,0,-1.23045185185184,0.91397983589909
"2017-02-23",2017-02-23,0.00217145142857151,591200,-0.0309426020763091,87.690002,0.0264568245761929,85.370003,88.660004,0,1.08684291593692,0.936886883522515
"2017-02-24",2017-02-24,-0.00729842610791596,768100,-0.0380151958893843,87.050003,0.0192992526375905,85.370003,88.660004,0,-1.22857139795914,0.859527123141504
"2017-02-27",2017-02-27,0.00551402623156716,528400,-0.0327107864451495,87.529999,0.0246772080963923,85.370003,88.660004,0,1.27866133263248,0.917599896405161
"2017-02-28",2017-02-28,-0.00205644924090544,1011300,-0.0346999676141002,87.349998,0.0226673731578105,85.370003,88.660004,0,-1.06081116919296,0.895859957936627
"2017-03-01",2017-03-01,0.0235833548616681,1299700,-0.0119349544023639,89.410004,0.0263952678047078,87.050003,89.410004,9312,1.16446081427008,1.03988393063691
"2017-03-02",2017-03-02,-0.0119674304007413,879300,-0.023759554066959,88.339996,0.0146025929183877,87.050003,89.410004,9321,-1.99075365233511,0.911492825993875
"2017-03-03",2017-03-03,0.00418839729175443,934300,-0.0196706712271117,88.709999,0.01871261434689,87.050003,89.410004,0,1.28145833082335,0.956064708054461
"2017-03-06",2017-03-06,-0.0112726864082143,1033900,-0.0307216163271437,87.709999,0.00752475210950565,87.050003,89.410004,0,-1.56179806842588,0.835167394783239
"2017-03-07",2017-03-07,0.00775282188750232,973500,-0.0232069736591219,88.389999,0.0151600409001023,87.050003,89.410004,0,2.01468974385898,0.917527297533443
"2017-03-08",2017-03-08,0.00599614216535972,1432900,-0.01734998380705,88.919998,0.021030083693884,87.050003,89.410004,0,1.3872049443971,0.98127922082756
"2017-03-09",2017-03-09,0.00539815576694001,1223500,-0.0120454859552542,89.400002,0.0262863416938178,87.050003,89.410004,0,1.24993994681355,1.03869088815377
"2017-03-10",2017-03-10,-0.00111855702195618,831600,-0.0131505694143124,89.300003,0.0251959677985677,87.050003,89.410004,0,-1.09174253850473,1.02675567546407
"2017-03-13",2017-03-13,0.00571103004330234,1048300,-0.00751464266802171,89.809998,0.0233826861904618,87.709999,89.809998,9321,-0.571430972399049,1.04753680458596
"2017-03-14",2017-03-14,-0.00100208219579291,804100,-0.00850919457418919,89.720001,0.0224030536959089,87.709999,89.809998,9329,-1.13234852941175,1.03680450287896
"2017-03-15",2017-03-15,-0.0021177217775554,1220900,-0.0106088962450854,89.529999,0.0203283817751412,87.709999,89.809998,0,-1.24675680554599,1.01411126469557
"2017-03-16",2017-03-16,0.00513793147702365,876700,-0.00552547255001579,89.989998,0.00511166807671226,89.529999,89.989998,9329,-0.52083387586861,0.959023439282242
"2017-03-17",2017-03-17,-0.0145571511180608,1956200,-0.0200021885291675,88.68,0,0,89.989998,9332,-3.61999600000009,0.852534679892057
"2017-03-20",2017-03-20,-0.00744252368064956,1217200,-0.0272958454480239,88.019997,0,88.019997,88.68,9333,-1.36464294435685,0.812884013737482
"2017-03-21",2017-03-21,-0.0192001256259985,2777200,-0.0459718874123525,86.330002,0,86.330002,88.019997,9334,-1.68420822501692,0.711355039554182
"2017-03-22",2017-03-22,0.0027800068856711,1599300,-0.043319682690235,86.57,0.00277229987293515,86.330002,86.57,9334,-0.942308117603959,0.740844392171842
"2017-03-23",2017-03-23,0.00196370567171083,1008500,-0.0414410441251196,86.739998,0.00472672365060478,0,86.739998,0,1.70498281832708,0.761682152570266
"2017-03-24",2017-03-24,-0.0114133966200922,1297100,-0.0523814576722611,85.75,0,0,86.739998,9337,-1.26399946666667,0.676510552982174
"2017-03-27",2017-03-27,-0.00793002915451903,1255600,-0.0598961003402828,85.07,0,85.07,85.75,9338,-1.14345997614345,0.635658537180563
"2017-03-28",2017-03-28,0.0131656518161516,1411300,-0.0475190197263566,86.190002,0.0129945698342137,85.07,86.190002,9338,-0.793357488323793,0.773586993769866
"2017-03-29",2017-03-29,-0.000812147562080459,750200,-0.048292574832414,86.120003,0.0121923242385396,85.07,86.190002,9340,-1.01627885235243,0.765020434052893
"2017-03-30",2017-03-30,0.0124245118755977,975500,-0.0364680746263248,87.190002,0.0122720377962603,86.120003,87.190002,9340,1.0065380116343,0.829735570922194
"2017-03-31",2017-03-31,-0.00699621500180736,854300,-0.0432091511373445,86.580002,0.0053129936402635,86.120003,87.190002,9342,-1.18484870890753,0.755257306193171
"2017-04-03",2017-04-03,-0.00415801561196542,952300,-0.047187502424301,86.220001,0.00115980049687081,86.120003,87.190002,0,-1.09207196119894,0.711051613888765
"2017-04-04",2017-04-04,0.000695871019533012,697400,-0.0465244678201892,86.279999,0.00185438110633274,86.120003,87.190002,0,1.59887938601159,0.718432047078681
"2017-04-05",2017-04-05,-0.00614277939432989,1388000,-0.052381457672261,85.75,0,85.75,86.580002,9345,-1.12589052871509,0.676510552982174
"2017-04-06",2017-04-06,0.00758019825072887,928000,-0.0451983212553502,86.400002,0.00752317112214884,85.75,86.400002,9345,-0.86286871851001,0.75645877334475
"2017-04-07",2017-04-07,-0.00358803232435112,717400,-0.0486241805420307,86.089996,0.00394930904631474,85.75,86.400002,9347,-1.07579616214784,0.71840603546472
"2017-04-10",2017-04-10,-0.00662096673810968,761500,-0.0549232081981037,85.519997,0,85.519997,86.089996,9348,-1.12954516838856,0.662692779172736
"2017-04-11",2017-04-11,0.0130963755763462,1441700,-0.0425461275841776,86.639999,0.0129270777115313,85.519997,86.639999,9348,-0.774647530252004,0.800254326863757
"2017-04-12",2017-04-12,-0.0100415744464632,849800,-0.0521604719230956,85.769997,0.00291477216677527,85.519997,86.639999,9350,-1.22597460414925,0.693557542119418
"2017-04-13",2017-04-13,-0.00862770229547752,703600,-0.060338149195229,85.029999,0,85.029999,85.769997,9351,-1.1567792040722,0.633255417351034
"2017-04-17",2017-04-17,0.0163471600181955,752300,-0.0449773465571297,86.419998,0.0160842285601535,85.029999,86.419998,9351,-0.745421381945307,0.804200726149244
"2017-04-18",2017-04-18,-0.0076370749279583,762400,-0.0522709261193705,85.760002,0.00851216164850366,85.029999,86.419998,9353,-1.16216117936118,0.723386288060677
"2017-04-19",2017-04-19,0.00291511187231549,579600,-0.0495081898443626,86.010002,0.0113940585654212,85.029999,86.419998,0,1.33856228722162,0.754072330569674
"2017-04-20",2017-04-20,0.0167421807524199,1133100,-0.0335948841550421,87.449997,0.0193252722467218,85.760002,87.449997,9353,1.69608328198086,0.883698811181409
"2017-04-21",2017-04-21,-0.00102911381460653,1053200,-0.0345894250102645,87.360001,0.0183150066584821,85.760002,87.449997,9356,-1.02960393763028,0.8728000381957
"2017-04-24",2017-04-24,0.0231226645704824,1225600,-0.0122665601119805,89.379997,0.0226000902640443,87.360001,89.379997,9356,1.23396571377045,1.01744940886414
"2017-04-25",2017-04-25,0.0134258787231777,2062500,0,90.580002,0.035548696499256,0,90.580002,0,1.57294489021631,1.15452716752315
"2017-04-26",2017-04-26,0.0121439387912579,1324700,0,91.68,0.0471204079406633,0,91.68,0,1.32551718012078,1.21743471476658
"2017-04-27",2017-04-27,-0.0017452334205934,1155000,-0.0017452334205933,91.519997,0.0454545032382377,87.360001,91.68,9360,0,1.19889067020461
"2017-04-28",2017-04-28,-0.0166083593730887,1216000,-0.0183246073298431,90,0.0293333222222223,87.360001,91.68,0,-10.4998031286919,1.0211199303911
"2017-05-01",2017-05-01,0.00144441111111114,1007100,-0.0169066644851659,90.129997,0.0307333417530238,87.360001,91.68,0,1.04772795662882,1.03643928070183
"2017-05-02",2017-05-02,-0.00565842690530663,1171800,-0.0224694262652705,89.620003,0.0252176068327068,87.360001,91.68,0,-1.32902775026886,0.976213007509944
"2017-05-03",2017-05-03,0.0065833070771042,1028300,-0.0160340423211169,90.209999,0.0315929279635619,87.360001,91.68,0,1.25281229789761,1.0458561228614
"2017-05-04",2017-05-04,0.00365815323864495,984300,-0.0124345440663175,90.540001,0.0351225973589288,87.360001,91.68,0,1.11172340213094,1.08461257241772
"2017-05-05",2017-05-05,-0.000110470509051575,1038900,-0.0125436409249562,90.529999,0.0350159950846791,87.360001,91.68,0,-1.00877369190674,1.08343996251803
"2017-05-08",2017-05-08,0.00441843592641598,932800,-0.00818062827225119,90.93,0.0392609589794348,87.360001,91.68,0,1.12122928063275,1.13023569312984
"2017-05-09",2017-05-09,-0.00153963488397672,912700,-0.0097076679755671,90.790001,0.0377794907172653,87.360001,91.68,0,-1.18666533333334,1.11388047567309
"2017-05-10",2017-05-10,0.000220255532324417,762200,-0.00948955061082024,90.809998,0.037991378438308,87.360001,91.68,0,1.0056085383106,1.11621812169772
"2017-05-11",2017-05-11,-0.00550600166294465,569800,-0.0149433027923211,90.309998,0.0326652315948451,87.360001,91.68,0,-1.57471132250271,1.05761512156019
"2017-05-12",2017-05-12,-0.00719736479232335,764500,-0.0220331151832459,89.660004,0.0256524971825788,87.360001,91.68,0,-1.47444748255841,0.980949138851714
"2017-05-15",2017-05-15,0.00546506779098515,744300,-0.0166884598603838,90.150002,0.0309484297071896,87.360001,91.68,0,1.20644900521449,1.03879479859721
"2017-05-16",2017-05-16,0.00499163605121161,907700,-0.0117801265270505,90.599998,0.0357615570808291,87.360001,91.68,0,1.15552089134013,1.09164378742619
"2017-05-17",2017-05-17,-0.0534215905832581,1740300,-0.0645724040139615,85.760002,0,85.760002,91.519997,9374,-5.48146947876026,0.610236645547152
"2017-05-18",2017-05-18,0.0114271918976868,1281900,-0.0538830933682373,86.739998,0.0112980864952291,85.760002,86.739998,9374,-0.834460079209487,0.729767212085053
"2017-05-19",2017-05-19,0.0023057874638181,1088100,-0.0517015488656194,86.940002,0.0135725784777415,0,86.940002,0,1.20131656661266,0.753991660398179
"2017-05-22",2017-05-22,0.00851159400709469,939100,-0.0436300174520067,87.68,0.0218977874087593,0,87.68,0,1.61338447551957,0.843129617483515
"2017-05-23",2017-05-23,0.0104926779197079,791400,-0.0335951352530539,88.599998,0.0320541316490774,0,88.599998,0,1.46380687010668,0.952895622068288
"2017-05-24",2017-05-24,-0.00214440185427542,669400,-0.0356674956369981,88.410004,0.0299740061090824,85.760002,88.599998,9379,-1.06168632358031,0.930321372290235
"2017-05-25",2017-05-25,-0.00147047838613373,751800,-0.0370855257417102,88.279999,0.0285455032685263,85.760002,88.599998,0,-1.03975692936628,0.914846703167942
"2017-05-26",2017-05-26,0.00464434758319382,882400,-0.0326134162303663,88.690002,0.00462287733402011,88.279999,88.690002,9379,-0.879410917820315,0.809107436595776
"2017-05-30",2017-05-30,-0.00665242966168844,816200,-0.0390488874345548,88.099998,0,0,88.690002,9382,-1.19732588449892,0.748990695297477
"2017-05-31",2017-05-31,-0.00749144171376704,1317900,-0.0462477966841184,87.440002,0,87.440002,88.099998,9383,-1.18435632158864,0.709855107963561
"2017-06-01",2017-06-01,0.017840781842617,1115400,-0.0292321116928446,89,0.0175280674157302,87.440002,89,9383,-0.632075769847063,0.897646062440093
"2017-06-02",2017-06-02,-0.00550559550561798,1343000,-0.0345767670157067,88.510002,0.0120890292150259,87.440002,89,9385,-1.18283507462687,0.839022434187062
"2017-06-05",2017-06-05,0.00248560609003259,933200,-0.0321771051483419,88.730003,0.0145384983250817,87.440002,89,0,1.20261917367288,0.865383870660504
"2017-06-06",2017-06-06,-0.0125098609542479,1038000,-0.0442844349912739,87.620003,0.00205433683904332,87.440002,89,0,-1.37627156908973,0.73169661010301
"2017-06-07",2017-06-07,0.0180323435962448,900700,-0.0270506435427572,89.199997,0.0177129378154576,87.620003,89.199997,9385,8.62221690173567,0.91051024029919
"2017-06-08",2017-06-08,0.00997756760014244,1141900,-0.0173429755671901,90.089996,0.0274169509342636,0,90.089996,0,1.54784887859413,1.01603838552661
"2017-06-09",2017-06-09,0.0184260636441809,1222300,0,91.75,0.045013591280654,0,91.75,0,1.64181609357587,1.2059813814162
"2017-06-12",2017-06-12,0.00174391280653952,1135300,0,91.910004,0.0466761050298725,0,91.910004,0,1.03693359498586,1.21501934116411
"2017-06-13",2017-06-13,0.00892176002951752,1088600,0,92.730003,0.0551062205832129,0,92.730003,0,1.18060880503943,1.26084816217512
"2017-06-14",2017-06-14,0.00679389603815715,1263900,0,93.360001,0.0614824115094,0,93.360001,0,1.11570728057024,1.29551118794734
"2017-06-15",2017-06-15,0.00567692795975876,882800,0,93.889999,0.0667802328978617,0,93.889999,0,1.08616808056808,1.32431184988654
"2017-06-16",2017-06-16,0.00702954528735271,1525800,0,94.550003,0.0732945508209027,0,94.550003,0,1.09754859545046,1.35972577846378
"2017-06-19",2017-06-19,0.00793231069490289,907500,0,95.300003,0.0805876155114078,0,95.300003,0,1.09950350481478,1.39937322507445
"2017-06-20",2017-06-20,-0.00692554018072802,593400,-0.006925540180728,94.639999,0.0741757826941651,87.620003,95.300003,9397,0,1.32686697340879
"2017-06-21",2017-06-21,-0.00264158920796269,838600,-0.00954883495648995,94.389999,0.0717236579269378,87.620003,95.300003,0,-1.37878558311768,1.29927535947187
"2017-06-22",2017-06-22,-0.000529748919692263,801300,-0.0100735253911798,94.339996,0.0712316438936461,87.620003,95.300003,0,-1.05494811011821,1.29374822680217
"2017-06-23",2017-06-23,-0.00349792255662168,1143900,-0.013536211536111,94.010002,0.067971480311212,87.620003,95.300003,0,-1.34374124355343,1.2572006522298
"2017-06-26",2017-06-26,0.0020210083603657,625600,-0.0115425599724274,94.199997,0.0698513185727596,87.620003,95.300003,0,1.02765627955932,1.27825818943262
"2017-06-27",2017-06-27,0.0129511787564071,1189000,0,95.419998,0.0147767347469449,94.010002,95.419998,9397,0,1.04160409889249
"2017-06-28",2017-06-28,0.0129952423599924,1363900,0,96.660004,0.0274157033968259,0,96.660004,0,1.8553289252549,1.11031359977112
"2017-06-29",2017-06-29,0.00351744243668766,1440100,0,97,0.0308247216494846,0,97,0,1.12434546009326,1.12884612003562
"2017-06-30",2017-06-30,0.00216493814432986,1138000,0,97.209999,0.0329183935080587,0,97.209999,0,1.0679218415135,1.14022799401532
"2017-07-03",2017-07-03,0.0121386689860989,614800,0,98.389999,0.0445166891403261,0,98.389999,0,1.35233480119338,1.20328006147522
"2017-07-05",2017-07-05,0.00599658507974975,1175000,0,98.980003,0.0502121726547129,0,98.980003,0,1.12794041121148,1.23424254270106
"2017-07-06",2017-07-06,-0.0145484133800238,1403700,-0.0145484133800237,97.540001,0.0361902702871615,94.010002,98.980003,9408,0,1.07892511219385
"2017-07-07",2017-07-07,0.00604875942127578,994100,-0.00858765381124504,98.129997,0.0419850721079712,94.010002,98.980003,0,1.16012043499066,1.14283212691964
"2017-07-10",2017-07-10,0.0042800979602598,863500,-0.00434431185054618,98.550003,0.0460679945387724,94.010002,98.980003,0,1.09724700294193,1.18809637959494
"2017-07-11",2017-07-11,-0.00659564667897578,717900,-0.0109113049834926,97.900002,0.0397344220687554,94.010002,98.980003,0,-2.51163023255818,1.11796475349585
"2017-07-12",2017-07-12,0.000817170565532734,828000,-0.010103050815224,97.980003,0.0405184821233369,94.010002,98.980003,0,1.01973251437317,1.12662108602777
"2017-07-13",2017-07-13,0.00214328427811959,940100,-0.00798142024707782,98.190002,0.0425705256630915,94.010002,98.980003,0,1.05064463010999,1.14931052159233
"2017-07-14",2017-07-14,-0.000814757086979283,545100,-0.00878967441534673,98.110001,0.041789817125779,94.010002,98.980003,0,-1.10126696042159,1.14067240898681
"2017-07-17",2017-07-17,-0.000815431650031206,623700,-0.00959793868666603,98.029999,0.0410078245537879,94.010002,98.980003,0,-1.09195611044569,1.13202726103214
"2017-07-18",2017-07-18,-0.00673259213233295,1340500,-0.0162659118125106,97.370003,0.0345075577331552,94.010002,98.980003,0,-1.69472970640124,1.06044047106246
"2017-07-19",2017-07-19,-0.0838040849192538,5279900,-0.0987068468769396,89.209999,0,89.209999,98.550003,9417,-6.0683254658384,0.424670829470275
"2017-07-20",2017-07-20,-0.0191682436853294,4028500,-0.115983053667921,87.5,0,87.5,89.209999,9418,-1.17502541452388,0.330751809764859
"2017-07-21",2017-07-21,0.00388566857142856,2705800,-0.112548056802949,87.839996,0.00387062859155862,87.5,87.839996,9418,-0.970383631432849,0.370467540741785
"2017-07-24",2017-07-24,0.000683128446408414,1760200,-0.11194181313573,87.900002,0.00455064836062236,0,87.900002,0,1.17568716630337,0.377460082708901
"2017-07-25",2017-07-25,0.00284414100468394,1553700,-0.109416050431924,88.150002,0.00737381718947661,0,88.150002,0,1.62038826231525,0.40653859583952
"2017-07-26",2017-07-26,-0.00283607480803007,1307900,-0.11194181313573,87.900002,0.00455064836062236,87.5,88.150002,9422,-1.02308402372262,0.377460082708902
"2017-07-27",2017-07-27,-0.00273035261136854,1213200,-0.114366525125282,87.660004,0.00182527940564547,87.5,88.150002,0,-1.02166046735916,0.349462585366708
"2017-07-28",2017-07-28,-0.00456310725242496,946300,-0.118407765657473,87.260002,0,87.260002,87.900002,9424,-1.03533586884592,0.317570295102418
"2017-07-31",2017-07-31,0.00286500108033461,981800,-0.115882002953667,87.510002,0.00285681629855294,87.260002,87.510002,9424,-0.978668943799579,0.346831726706281
"2017-08-01",2017-08-01,0.00685634768926182,1282300,-0.109820182567584,88.110001,0.00964702066000422,0,88.110001,0,3.37684318900403,0.416699469094516
"2017-08-02",2017-08-02,0,1053400,-0.109820182567584,88.110001,0.00964702066000422,0,88.110001,0,-1,0.416699469094516
"2017-08-03",2017-08-03,-0.00147540572607644,1196900,-0.111133558967462,87.980003,0.00818368919582779,87.260002,88.110001,9428,-1.01195933542607,0.401604391583844
"2017-08-04",2017-08-04,0.0114798245687717,1056800,-0.10092952815934,88.989998,0.0113495339105413,87.980003,88.989998,9428,1.38684811201377,0.474287337434181
"2017-08-07",2017-08-07,-0.00786601883056561,645800,-0.108001633420844,88.290001,0.00351113372396505,87.980003,88.989998,9430,-1.07006973469983,0.393229031526025
"2017-08-08",2017-08-08,0.00566315544610765,1042500,-0.102950108013232,88.790001,0.00912262631915062,87.980003,88.989998,0,2.59819962335374,0.45119662881403
"2017-08-09",2017-08-09,0.00506810445919464,1271000,-0.0984037654555334,89.239998,0.0106454170920084,88.290001,89.239998,9430,1.16692460258523,0.48419039068338
"2017-08-10",2017-08-10,-0.0228597158865916,1845800,-0.119013999221641,87.199997,0,0,89.239998,9433,-1.20944558036675,0.314274614357913
"2017-08-11",2017-08-11,-0.000573337175688155,1043500,-0.119519101247148,87.150002,0,87.150002,87.199997,9434,-1.0042440555633,0.311528717202318
"2017-08-14",2017-08-14,0.0170969244498698,1216600,-0.104465585841617,88.639999,0.0168095331318765,87.150002,88.639999,9434,-0.874049292134464,0.484746502776724
"2017-08-15",2017-08-15,0.000564113273512151,984300,-0.103960402991703,88.690002,0.0173638512264326,0,88.690002,0,1.03297641226602,0.490506290864783
"2017-08-16",2017-08-16,0.00890744144982644,1347200,-0.0959789827446257,89.480003,0.0260393487023016,0,89.480003,0,1.49962979771806,0.581058655905328
"2017-08-17",2017-08-17,-0.022910180277933,1376100,-0.116690267224987,87.43,0.00320253917419655,87.150002,89.480003,9438,-1.21578978947368,0.344317202830721
"2017-08-18",2017-08-18,0.00571886080292806,1149000,-0.111638741817375,87.93,0.00887066985101792,87.150002,89.480003,0,2.76988644588349,0.402592702956981
"2017-08-21",2017-08-21,-0.00068232685090424,729800,-0.112244894557136,87.870003,0.00819393394125634,87.150002,89.480003,0,-1.00542959128608,0.395618507416716
"2017-08-22",2017-08-22,0.013542676219096,1285500,-0.100222314602274,89.059998,0.0214461716022045,87.150002,89.480003,0,2.61732298014063,0.533020549568076
"2017-08-23",2017-08-23,0.00168426906993646,602800,-0.0987068468769392,89.209999,0.0230915482915766,87.150002,89.480003,0,1.07672123117782,0.5502039169856
"2017-08-24",2017-08-24,0.00605314433419065,1746500,-0.0932511893336675,89.75,0.0258495821727018,87.43,89.75,9438,1.1194391058711,0.594856186785058
"2017-08-25",2017-08-25,-0.000222807799442937,1356300,-0.0934532200408196,89.730003,0.0256324854909454,87.43,89.75,9444,-1.00216652150601,0.592577675421179
"2017-08-28",2017-08-28,-0.00858134374519078,617000,-0.101232609580745,88.959999,0.017198729959518,87.43,89.75,0,-1.08324367567568,0.504437801323467
"2017-08-29",2017-08-29,-0.00472120059263931,743200,-0.105475870717037,88.540001,0.0125367177260366,87.43,89.75,0,-1.04191595133096,0.456025869513617
"2017-08-30",2017-08-30,-0.00259772981028101,709100,-0.107799602713691,88.309998,0.0099648739659125,87.43,89.75,0,-1.02203093447683,0.429411944273372
"2017-08-31",2017-08-31,0.00215153441629573,962100,-0.105880002852697,88.5,0.0120903954802259,87.43,89.75,0,1.21330139463724,0.45140252581449
"2017-09-01",2017-09-01,0.00519772881355928,640100,-0.101232609580745,88.959999,0.017198729959518,87.43,89.75,0,1.42251177702556,0.504437801323466
"2017-09-05",2017-09-05,-0.0275404342124599,1341100,-0.125985053768891,86.510002,0,86.510002,89.730003,9450,-1.2445105810337,0.276377718510817
"2017-09-06",2017-09-06,0.000924679206457529,1274300,-0.125176870321978,86.589996,0.000923824964722209,86.510002,86.589996,9450,-0.993585084716513,0.28579347360743
"2017-09-07",2017-09-07,0.00288716955247348,2000900,-0.122651107618172,86.839996,0.00380002320589701,0,86.839996,0,4.11335842936401,0.315160271688613
"2017-09-08",2017-09-08,0.0186550331024888,1392500,-0.106284134988357,88.459999,0.0220438279679384,0,88.459999,0,5.80097193452134,0.503315595551853
"2017-09-11",2017-09-11,0.0177481349508042,1292600,-0.0904223452084559,90.029999,0.0390980455303571,0,90.029999,0,1.7736504561378,0.682257604038387
"2017-09-12",2017-09-12,0.00599801184047541,1237500,-0.0849666876651844,90.57,0.0448271833940598,0,90.57,0,1.14653258969823,0.743061751206676
"2017-09-13",2017-09-13,-0.0253947554377828,2401700,-0.108203734849351,88.269997,0.0199387680958004,86.510002,90.57,9456,-1.27348420684273,0.481436250082284
"2017-09-14",2017-09-14,-0.00521127241003543,1507100,-0.112851128121304,87.809998,0.0148046467328241,86.510002,90.57,0,-1.04295039610622,0.428260788775221
"2017-09-15",2017-09-15,0.00170824511350066,1338600,-0.111335660395969,87.959999,0.0164847318836372,86.510002,90.57,0,1.11348363666713,0.445632842558536
"2017-09-18",2017-09-18,0.0065939291336282,1001300,-0.105475870717038,88.540001,0.0229274788465386,86.510002,90.57,0,1.39083116476383,0.512513390775523
"2017-09-19",2017-09-19,0.00045178449907618,1026000,-0.105071738581378,88.580002,0.023368705726604,86.510002,90.57,0,1.01924445696881,0.517109034426736
"2017-09-20",2017-09-20,0.0124181302231176,1053300,-0.0939584028907334,89.68,0.0353478813559323,86.510002,90.57,0,1.51261613584747,0.64264735727433
"2017-09-21",2017-09-21,0.0129348349687778,1325700,-0.0822389043572771,90.839996,0.0333553295180683,87.809998,90.839996,9456,-0.875269287547541,0.695526169702863
"2017-09-22",2017-09-22,-0.00462349205739719,695300,-0.0864821654935694,90.419998,0.0288652959271246,87.809998,90.839996,9463,-1.05159676152613,0.648049169137633
"2017-09-25",2017-09-25,-0.0113912743063764,868600,-0.0968882977301991,89.389999,0.0176753665698107,87.809998,90.839996,0,-1.1203269156969,0.530646028567463
"2017-09-26",2017-09-26,0.0053697729653179,1179800,-0.0920387929266885,89.870003,0.0229220533129392,87.809998,90.839996,0,1.29683609233258,0.58553217483155
"2017-09-27",2017-09-27,0.0201401684608824,1084200,-0.0737523012602859,91.68,0.0249781958987784,89.389999,91.68,9463,1.0897015008982,0.696121281011598
"2017-09-28",2017-09-28,0.00272687609075044,573400,-0.07122653855648,91.93,0.0276297291417383,0,91.93,0,1.10615391334526,0.724266727863907
"2017-09-29",2017-09-29,0,545300,-0.07122653855648,91.93,0.0276297291417383,0,91.93,0,-1,0.724266727863907
"2017-10-02",2017-10-02,0.00620036984662236,805600,-0.0654677995918024,92.5,0.0336216324324324,0,92.5,0,1.21686435143668,0.788147000593082
"2017-10-03",2017-10-03,-0.00118919999999997,1140500,-0.0665791452845279,92.389999,0.0324710470015267,89.389999,92.5,9470,-1.01697545510396,0.77585041510167
"2017-10-04",2017-10-04,-0.00790123398529317,764200,-0.0739543218643871,91.660004,0.0247654909550298,89.389999,92.5,0,-1.11077307388584,0.693866699472254
"2017-10-05",2017-10-05,0.0142919151520002,744700,-0.0607193556055965,92.970001,0.0140905344294876,91.660004,92.970001,9470,-0.821038636753913,0.707783736209075
"2017-10-06",2017-10-06,0.00322680431077985,1994500,-0.0576884807732324,93.269997,0.0172616388097451,0,93.269997,0,1.2250521011908,0.741499691043955
"2017-10-09",2017-10-09,-0.00664731446276344,685800,-0.0639523217634171,92.650002,0.0106853532501813,91.660004,93.269997,9474,-1.10858044632528,0.671696631087798
"2017-10-10",2017-10-10,0.00669179694135358,771400,-0.0576884807732325,93.269997,0.00664731446276345,92.650002,93.269997,9474,-0.902054517842889,0.683796808138882
"2017-10-11",2017-10-11,0.00493198257527544,945500,-0.0530410167799248,93.730003,0.0115224684245449,0,93.730003,0,1.73340203612914,0.735564823779793
"2017-10-12",2017-10-12,-0.00405425144390529,923900,-0.0568802266049637,93.349998,0.00749861826456599,92.650002,93.730003,9477,-1.0723819047619,0.692818699320155
"2017-10-13",2017-10-13,-0.00385645428722987,1126500,-0.0605173248984444,92.989998,0.00365626419305864,92.650002,93.730003,0,-1.06394310484627,0.652157989330291
"2017-10-16",2017-10-16,-0.0115066138618477,1747400,-0.0713275892707338,91.919998,0,91.919998,93.349998,9479,-1.17863090264532,0.57351328463116
"2017-10-17",2017-10-17,-0.00892080089035693,2755800,-0.0796120909392174,91.099998,0,91.099998,91.919998,9480,-1.11614722652463,0.528476067557676
"2017-10-18",2017-10-18,0.0381998252074604,5225000,-0.0444534336900354,94.580002,0.036794289769628,91.099998,94.580002,9480,-0.558375407122204,0.919635442452973
"2017-10-19",2017-10-19,0.00422923442103547,1719500,-0.040412203260895,94.980003,0.0408507567640316,0,94.980003,0,1.1102471883491,0.963657131536211
"2017-10-20",2017-10-20,0.00305321110592097,1579100,-0.037482379142785,95.269997,0.0437703278189461,0,95.269997,0,1.07146920366198,0.995456326068128
"2017-10-23",2017-10-23,0.00146958123657753,985300,-0.036067881307298,95.410004,0.0451735228938885,0,95.410004,0,1.03205813492526,1.01077421148014
"2017-10-24",2017-10-24,0.0109002510889738,1114400,-0.0255607791808211,96.449997,0.055469146359849,0,96.449997,0,1.22791278621649,1.12386452224571
"2017-10-25",2017-10-25,-0.0175219808456811,1310900,-0.0426348845432951,94.760002,0.0386239333342353,91.099998,96.449997,9486,-1.66798062929494,0.939468192042719
"2017-10-26",2017-10-26,0.00802020877964949,954300,-0.0349566164389791,95.519997,0.0462730228100824,91.099998,96.449997,0,1.1980401480516,1.02279264028646
"2017-10-27",2017-10-27,-0.00847987882579192,1101300,-0.0431400673932089,94.709999,0.0381163661505265,91.099998,96.449997,0,-1.23410306224903,0.933962556950755
"2017-10-30",2017-10-30,-0.000633481159681943,818500,-0.0437462201329698,94.650002,0.0375066447436525,91.099998,96.449997,0,-1.01405080650978,0.927352673813866
"2017-10-31",2017-10-31,-0.0119387741798463,959800,-0.0551627180694266,93.519997,0.02587680793018,91.099998,96.449997,0,-1.26097107136926,0.802065381660934
"2017-11-01",2017-11-01,-0.00117614417802005,859600,-0.0562739829377455,93.410004,0.0247297495030618,91.099998,96.449997,0,-1.02014521595764,0.789788409484607
"2017-11-02",2017-11-02,0.00642327346437111,1418000,-0.0502121726547128,94.010002,0.0309541957035593,91.099998,96.449997,0,1.25169871614457,0.856580453522006
"2017-11-03",2017-11-03,0.00404209118089374,1074700,-0.0463730436540801,94.389999,0.0348553981868355,91.099998,96.449997,0,1.12603146018191,0.898659386354828
"2017-11-06",2017-11-06,-0.00180101707597228,607900,-0.0480905420865666,94.220001,0.0331140200263849,91.099998,96.449997,0,-1.03703656903131,0.879855820107854
"2017-11-07",2017-11-07,-0.0192103266906142,752600,-0.0663770337529691,92.410004,0.014176019297651,91.099998,96.449997,0,-1.38025131081878,0.677491500377213
"2017-11-08",2017-11-08,0.0049778052168464,829100,-0.0617296404810171,92.870003,0.0190589527600209,91.099998,96.449997,0,1.34445025502886,0.729301423422766
"2017-11-09",2017-11-09,-0.00764508427979696,550000,-0.0689027964567751,92.160004,0.0115018007160677,91.099998,96.449997,0,-1.11620278232406,0.649222728723866
"2017-11-10",2017-11-10,0.00379772118933501,852500,-0.0653667488775485,92.510002,0.0152416384122444,91.099998,96.449997,0,1.32515236426869,0.688776782505606
"2017-11-13",2017-11-13,-0.000540514527283264,878900,-0.0658719317274621,92.459999,0.0147090743533319,91.099998,96.449997,0,-1.00772843775449,0.683135256355887
"2017-11-14",2017-11-14,0.00194678782118532,891300,-0.0640533825807217,92.639999,0.0166234997476631,91.099998,96.449997,0,1.13015267639173,0.703428907255327
"2017-11-15",2017-11-15,0.00690846294158531,1001100,-0.0575874300589786,93.279999,0.0233705083980544,91.099998,96.449997,0,1.40587173295682,0.775258816199249
"2017-11-16",2017-11-16,0.00460977706485602,1026000,-0.0532431182084323,93.709999,0.0278518944387141,91.099998,96.449997,0,1.19175389616397,0.823238150099726
"2017-11-17",2017-11-17,0.00384164981156383,1067100,-0.0496060098119009,94.07,0.0315722547039438,91.099998,96.449997,0,1.13357656059684,0.863235717423742
"2017-11-20",2017-11-20,0.00382693738705234,613400,-0.0459689115184202,94.43,0.0352642380599386,91.099998,96.449997,0,1.1169375893681,0.903078963813859
"2017-11-21",2017-11-21,0.000317685057714598,954000,-0.0456658300970144,94.459999,0.0355706228622763,91.099998,96.449997,0,1.00868825811058,0.906392218336109
"2017-11-22",2017-11-22,-0.000741054422412107,482400,-0.04637304365408,94.389999,0.0348553981868355,91.099998,96.449997,0,-1.01548671195866,0.898659386354829
"2017-11-24",2017-11-24,-0.00137723277229829,272900,-0.0476864099509067,94.260002,0.0335243362290614,91.099998,96.449997,0,-1.0283217618111,0.884283423369537
"2017-11-27",2017-11-27,-0.00159135366875977,728200,-0.0492018776762411,94.110001,0.0319838802254395,91.099998,96.449997,0,-1.03177986614833,0.867670438563873
"2017-11-28",2017-11-28,0.0231643818599046,1083300,-0.0271772268990533,96.290001,0.0538997086519919,91.099998,96.449997,0,1.6852148104632,1.10654502383196
"2017-11-29",2017-11-29,0.02025129275884,1278300,-0.00747630811851929,98.239998,0.0618891909993727,92.160004,98.239998,9486,1.14822867409109,1.25707895530475
"2017-11-30",2017-11-30,-0.00468240033962538,1343600,-0.0121237013904715,97.779999,0.0574759159079149,92.160004,98.239998,9511,-1.62161607016173,1.20782224630243
"2017-12-01",2017-12-01,-0.00122719371269377,1243400,-0.0133360169730442,97.660004,0.0563178350883541,92.160004,98.239998,0,-1.099995500015,1.19493600865229
"2017-12-04",2017-12-04,0.0132090205525693,1011200,-0.000303152142761332,98.949997,0.0130368169692819,97.660004,98.949997,9511,-0.0227318354028857,1.0304973133326
"2017-12-05",2017-12-05,-0.0202122290109822,1164600,-0.0205092537732089,96.949997,0,0,98.949997,9514,-67.6533359995268,0.849778110048732
"2017-12-06",2017-12-06,-0.00464153701830436,627200,-0.0250555963309071,96.5,0,96.5,96.949997,9515,-1.22167274382441,0.825062728864078
"2017-12-07",2017-12-07,0.0084974093264248,705400,-0.0167710946624238,97.32,0.00842581175503487,96.5,97.32,9515,-0.66935523868318,0.915905370115994
"2017-12-08",2017-12-08,0.00421293670365807,647000,-0.0126288135190296,97.730003,0.0125857255933983,0,97.730003,0,1.49371074969455,0.961038773734254
"2017-12-11",2017-12-11,-0.0017395374478808,863200,-0.0143463826728717,97.559998,0.010865088373618,96.5,97.730003,9518,-1.136004,0.942347577451277
"2017-12-12",2017-12-12,0.0101476529345563,1123400,-0.00434431185054596,98.550003,0.0100457125303184,97.559998,98.550003,9518,-0.302815835155494,0.992267662405005
"2017-12-13",2017-12-13,-0.0108574324447256,1064400,-0.0151545762228354,97.480003,0,0,98.550003,9520,-3.48837209302342,0.878887860380743
"2017-12-14",2017-12-14,-0.00913014949332734,594300,-0.0241463621697403,96.589996,0,96.589996,97.480003,9521,-1.59333800000001,0.830005618361328
"2017-12-15",2017-12-15,0.0130448499035035,1570200,-0.0114164979364568,97.849998,0.0128768730276315,96.589996,97.849998,9521,-0.472804054548794,0.96921208251726
"2017-12-18",2017-12-18,0.00756257552503987,795900,-0.00394026053929275,98.589996,0.0202860338892802,0,98.589996,0,1.57538509898715,1.05013389766491
"2017-12-19",2017-12-19,-0.00578150951542787,1220600,-0.00969898940091951,98.019997,0.0145888700649522,96.589996,98.589996,9524,-2.46150966521123,0.98785597844731
"2017-12-20",2017-12-20,0.00428489096974777,1397700,-0.00545565754327149,98.440002,0.0187932340757165,96.589996,98.589996,0,1.28818983184069,1.0337803717085
"2017-12-21",2017-12-21,0.0163551500131013,1012100,0,100.050003,0.0202899144340856,98.019997,100.050003,9524,1.07963931872178,1.07157551784693
"2017-12-22",2017-12-22,-0.010694652352984,652700,-0.0106946523529841,98.980003,0.00969898940091962,98.019997,100.050003,9527,0,0.955860269346059
"2017-12-26",2017-12-26,-0.00282891484656755,318700,-0.0134933129387315,98.699997,0.00688956454578205,98.019997,100.050003,0,-1.2616878504673,0.925372912173009
"2017-12-27",2017-12-27,-0.000202603856208723,575000,-0.0136931829977057,98.68,0.00668831576813944,98.019997,100.050003,0,-1.01481252675913,0.92319230109465
"2017-12-28",2017-12-28,0.0166193757600323,575100,0,100.32,0.0163476874003189,98.68,100.32,9527,2.44421584850897,1.05014430305846
"2017-12-29",2017-12-29,-0.00428629385964902,637400,-0.00428629385964907,99.889999,0.0121133147673772,98.68,100.32,9531,0,1.00382321800184
"2018-01-02",2018-01-02,-0.00430473525182443,979900,-0.00857257775119602,99.459999,0.00784233870744344,98.68,100.32,0,-1.999997674424,0.957303199126689
"2018-01-03",2018-01-03,0.00593207325489725,1107000,-0.00269135765550221,100.050003,0.0136931829977056,98.68,100.32,0,1.74605860681698,1.02108247657925
"2018-01-04",2018-01-04,0.0149925032985756,1022600,0,101.550003,0.0205810333654053,99.459999,101.550003,9531,1.50301309555666,1.07315813404145
"2018-01-05",2018-01-05,0.00443128495033128,1012400,0,102,0.0249019705882353,0,102,0,1.20994753500051,1.09664813928894
"2018-01-08",2018-01-08,0.00490196078431373,691100,0,102.5,0.0296585463414635,0,102.5,0,1.1910120219753,1.12250641577883
"2018-01-09",2018-01-09,0.0171707512195122,1128000,0,104.260002,0.0460387771717097,0,104.260002,0,1.55229378546265,1.21155462183111
"2018-01-10",2018-01-10,0.0143871088742162,932500,0,105.760002,0.0595688623379566,0,105.760002,0,1.29388454684155,1.28510851885948
"2018-01-11",2018-01-11,0.00179647311277468,779900,0,105.949997,0.0612552919656997,0,105.949997,0,1.02831058982083,1.29427649301932
"2018-01-12",2018-01-12,0.0123643703359426,1110900,0,107.260002,0.0727205188752468,0,107.260002,0,1.18717120662762,1.35660515608018
"2018-01-16",2018-01-16,-0.00606005023195882,789500,-0.00606005023195877,106.610001,0.0670668974104972,99.459999,107.260002,9541,0,1.29292586720525
"2018-01-17",2018-01-17,0.00262637648788697,1291000,-0.00344958971751641,106.889999,0.0695107125971627,99.459999,107.260002,0,1.03643847085556,1.32040253641349
"2018-01-18",2018-01-18,-0.0141266911228992,1062800,-0.0175275495519756,105.379997,0.0561776254368275,99.459999,107.260002,0,-5.08105339686448,1.17138726390622
"2018-01-19",2018-01-19,0.0105333178174222,1125400,-0.00717885498454507,106.489998,0.0660155801674445,99.459999,107.260002,0,1.17512229564918,1.28112838567835
"2018-01-22",2018-01-22,0.00882713886425284,1012300,0,107.43,0.019082220981104,105.379997,107.43,9541,0,1.06501010759334
"2018-01-23",2018-01-23,-0.00502653821092808,1462400,-0.00502653821092813,106.889999,0.0141266911228991,105.379997,107.43,9546,0,1.01074437327862
"2018-01-24",2018-01-24,-0.0067359061346796,2271800,-0.0117285860560365,106.169998,0.00744090623416993,105.379997,107.43,0,-2.3333327160505,0.937963806250531
"2018-01-25",2018-01-25,-0.0109258361293367,1584200,-0.0225262775760963,105.010002,0,105.010002,106.889999,9548,-1.92063028471384,0.838812919565567
"2018-01-26",2018-01-26,0.0111417767614175,1584400,-0.0116354835706973,106.18,0.0110190054624224,105.010002,106.18,9548,-0.516529352503598,0.957921640180914
"2018-01-29",2018-01-29,0.00715767564513091,1268700,-0.00456109094293977,106.940002,0.0180475029353376,0,106.940002,0,1.63785225416978,1.03458948916498
"2018-01-30",2018-01-30,-0.0116887972379129,999000,-0.0161965745136371,105.690002,0.00643391037120056,105.010002,106.940002,9551,-3.55103082053389,0.908200029600273
"2018-01-31",2018-01-31,-0.002838518254546,833600,-0.0189891184957648,105.389999,0.00360562675401488,105.010002,106.940002,0,-1.17241571542035,0.877643401953502
"2018-02-01",2018-02-01,0.013189107251059,1104700,-0.00605046076514959,106.779999,0.0165761099136178,105.010002,106.940002,0,4.59728947128547,1.01849382955367
"2018-02-02",2018-02-02,-0.020134875633404,1453500,-0.0260635111235226,104.629997,0,104.629997,106.779999,9554,-4.30769029586099,0.819583379698239
"2018-02-05",2018-02-05,-0.046736109530807,2008700,-0.0715815135437031,99.739998,0,99.739998,104.629997,9555,-2.74642634311461,0.572132870568906
"2018-02-06",2018-02-06,0.0162422602013687,2736400,-0.0565018989109189,101.360001,0.0159826655881742,99.739998,101.360001,9555,-0.789336465712233,0.740997421882924
"2018-02-07",2018-02-07,-0.00621544982028957,1515500,-0.0623661640137767,100.730003,0.0098283030925751,99.739998,101.360001,9557,-1.10378881446274,0.675660294589405
"2018-02-08",2018-02-08,-0.0449717647680404,1749100,-0.104533212324304,96.199997,0,96.199997,100.730003,9558,-1.67612060124802,0.392996831938152
"2018-02-09",2018-02-09,0.0122661126486314,1588700,-0.0935493158335662,97.379997,0.0121174782948494,96.199997,97.379997,9558,-0.894924337954318,0.518583339437145
"2018-02-12",2018-02-12,0.0203327588929787,1387000,-0.0751186726240345,99.360001,0.0318035826106725,0,99.360001,0,2.6246040501835,0.725798245188844
"2018-02-13",2018-02-13,-0.000100674314606715,1015900,-0.0752117844177606,99.349998,0.0317061002859809,96.199997,99.360001,9561,-1.00123952927379,0.724762114226765
"2018-02-14",2018-02-14,0.0336185613209575,1165700,-0.0441217350833103,102.690002,0.0325251137885849,99.349998,102.690002,9561,1.02583141714739,0.898230048341736
"2018-02-15",2018-02-15,0.0114909044407263,1238400,-0.0331378292841854,103.870003,0.043515980258516,0,103.870003,0,1.3379193856591,1.01769198201324
"2018-02-16",2018-02-16,0.00953112516998772,1512800,-0.023922544912967,104.860001,0.0525462802541838,0,104.860001,0,1.20751686948154,1.11688085017294
"2018-02-20",2018-02-20,-0.00133511347191386,1220100,-0.025225719072885,104.720001,0.0512796309083304,99.349998,104.860001,9565,-1.05447472936759,1.10291046261055
"2018-02-21",2018-02-21,0.00630248275112227,870300,-0.0190822209811043,105.379997,0.0062630102371326,104.720001,105.379997,9565,-0.756458950722866,0.891583658658826
"2018-02-22",2018-02-22,-0.0119566714354718,1252300,-0.030810732570046,104.120003,0,0,105.379997,9567,-1.61463032005318,0.793775956229869
"2018-02-23",2018-02-23,0.0234344499586693,881300,-0.00809831518197934,106.559998,0.0228978514057404,104.120003,106.559998,9567,-0.262840721607914,1.04172805505812
"2018-02-26",2018-02-26,0.0213963780292114,987300,0,108.839996,0.0433663466874806,0,108.839996,0,1.8939046253313,1.19702642971427
"2018-02-27",2018-02-27,-0.0114847486763965,1414100,-0.0114847486763966,107.589996,0.0322520041733249,104.120003,108.839996,9570,0,1.07417049747584
"2018-02-28",2018-02-28,-0.0159865513890344,1329300,-0.0272876985405256,105.870003,0.0165297057751099,104.120003,108.839996,0,-2.37599439999999,0.902789102902884
"2018-03-01",2018-03-01,-0.0207802487735831,1161300,-0.0475009021499779,103.669998,0,103.669998,107.589996,9572,-1.74074417010409,0.7030428233941
"2018-03-02",2018-03-02,0.0100318416134241,1328000,-0.0379455820634174,104.709999,0.00993220332281719,103.669998,104.709999,9572,-0.798839187171838,0.808983271852409
"2018-03-05",2018-03-05,0.0157578265281045,1126000,-0.0227856954349761,106.360001,0.0252914909242995,0,106.360001,0,2.54641292594137,0.974895324224312
"2018-03-06",2018-03-06,0.00338473107009466,877700,-0.0194780878161737,106.720001,0.0285794881130107,0,106.720001,0,1.13000408708813,1.01075115446416
"2018-03-07",2018-03-07,0.00843330201992784,1278200,-0.0112090503935702,107.620003,0.0367032604524271,0,107.620003,0,1.28425184899369,1.09986774363754
"2018-03-08",2018-03-08,0.00139373718471283,1287500,-0.00983093567919635,107.769997,0.0380439743354544,0,107.769997,0,1.03652846822056,1.11464817082879
"2018-03-09",2018-03-09,0.0271875297537588,1215400,0,110.699997,0.0635049610705951,0,110.699997,0,1.6692514959304,1.30650641823089
"2018-03-12",2018-03-12,-0.0107497292886105,1498700,-0.0107497292886106,109.510002,0.0533284987064468,103.669998,110.699997,9579,0,1.19274490622927
"2018-03-13",2018-03-13,-0.00876631341856789,783800,-0.0194218072110698,108.550003,0.0449562861826913,103.669998,110.699997,0,-1.80672523834133,1.10008665840612
"2018-03-14",2018-03-14,-0.0189774752931145,1016100,-0.0380307056376884,106.489998,0.0264813602494386,103.669998,110.699997,0,-1.95814453435683,0.898487055383015
"2018-03-15",2018-03-15,-0.00366231577917769,672100,-0.0415537409635161,106.099998,0.0229029222036365,103.669998,110.699997,0,-1.09263660157639,0.859881160837012
"2018-03-16",2018-03-16,0.0104618380859913,1309300,-0.0315266313873522,107.209999,0.0330193175358577,103.669998,110.699997,0,1.44170762325756,0.969387735822807
"2018-03-19",2018-03-19,-0.00457045056030641,814400,-0.0359529910375697,106.720001,0.0285794881130107,103.669998,110.699997,0,-1.14040065352473,0.921188278827435
"2018-03-20",2018-03-20,-0.00346704457021132,564300,-0.0392953849854213,106.349998,0.0251998124156052,103.669998,110.699997,0,-1.09296567132228,0.884644945032448
"2018-03-21",2018-03-21,0.00564173964535474,1104500,-0.0338753396714183,106.949997,0.0306685282094958,103.669998,110.699997,0,1.21701414691897,0.943839754485276
"2018-03-22",2018-03-22,-0.0415146809214029,1381100,-0.0739836966752581,102.510002,0,102.510002,109.510002,9587,-2.18399866666667,0.559073830028462
"2018-03-23",2018-03-23,-0.0298507944619882,1832400,-0.101626019014255,99.449997,0,99.449997,102.510002,9588,-1.37362721222663,0.408801270324274
"2018-03-26",2018-03-26,0.0437406348036391,1113400,-0.0623305707948663,103.800003,0.0419075710431338,99.449997,103.800003,9588,-0.6133328,0.850247014666553
"2018-03-27",2018-03-27,-0.0213872922527759,1175400,-0.0823847809137699,101.580002,0.0209687434343622,99.449997,103.800003,9590,-1.32173955513585,0.627395669767157
"2018-03-28",2018-03-28,-0.00443005504173932,1052400,-0.0864498668414596,101.129997,0.0166122817149892,99.449997,103.800003,0,-1.04934268056068,0.581613426651877
"2018-03-29",2018-03-29,0.0197765258511775,925400,-0.0683830190167032,103.129997,0.0356831194322638,99.449997,103.800003,0,2.14799628639015,0.783505836394057
"2018-04-02",2018-04-02,-0.0166779118591461,1449100,-0.0839204449120263,101.410004,0.0193275507611655,99.449997,103.800003,0,-1.22721175693527,0.610125254569115
"2018-04-03",2018-04-03,0.024652400171486,1341900,-0.0613368851310806,103.910004,0.0267539879990766,101.129997,103.910004,9590,1.38424098995682,0.7732692557653
"2018-04-04",2018-04-04,0.00856509446385935,827100,-0.0532971468824879,104.800003,0.0350191402189177,0,104.800003,0,1.30893159629609,0.861907887365776
"2018-04-05",2018-04-05,-0.00324431288422776,846700,-0.0563685471463923,104.459999,0.031878250353037,101.129997,104.800003,9596,-1.05762785521477,0.828135879067079
"2018-04-06",2018-04-06,-0.0314953190838149,1201100,-0.0860885208515405,101.169998,0.000395384014932998,101.129997,104.800003,0,-1.52724391898844,0.495417545141479
"2018-04-09",2018-04-09,0.00850055369181679,1291300,-0.0783197672534713,102.029999,0.00882095470764432,101.129997,104.800003,0,22.3098415072221,0.583455103419355
"2018-04-10",2018-04-10,0.0119572773885845,1406800,-0.0672989810469459,103.25,0.0205327167070217,101.129997,104.800003,0,2.32772045515979,0.70703655094052
"2018-04-11",2018-04-11,-0.00910413559322041,1468600,-0.0757904175914293,102.309998,0.0115335844303309,101.129997,104.800003,0,-1.12617481590932,0.611952190255958
"2018-04-12",2018-04-12,0.0266836384846768,1296700,-0.0511291432103649,105.040001,0.0368431355974568,101.169998,105.040001,9596,3.19442197870135,0.883609678855031
"2018-04-13",2018-04-13,-0.0107577778869214,816300,-0.0613368851310806,103.910004,0.0263690298770463,101.169998,105.040001,9602,-1.19964625416697,0.771176499532051
"2018-04-16",2018-04-16,0.00943119009022464,1107000,-0.0524841748640695,104.889999,0.0354657358705857,101.169998,105.040001,0,1.34497689281538,0.868755302556991
"2018-04-17",2018-04-17,0.0148727048800906,2015100,-0.0383920516276074,106.449997,0.0238609025042997,103.910004,106.449997,9602,-0.731497670050834,0.882277010716453
"2018-04-18",2018-04-18,-0.00131516208497407,1237200,-0.0396567219419164,106.309998,0.0225754307699262,103.910004,106.449997,9605,-1.03294094117647,0.868413617888413
"2018-04-19",2018-04-19,0.0173079111524394,972200,-0.0230351858094445,108.150002,0.0170134439757108,106.309998,108.150002,9605,-0.580864597007873,0.928536887122197
"2018-04-20",2018-04-20,-0.00462320842120743,1422700,-0.0275518977656338,107.650002,0.0124477842554988,106.309998,108.150002,9607,-1.19607881584083,0.879162191926194
"2018-04-23",2018-04-23,-0.0024152623796514,1023600,-0.0299006150831238,107.389999,0.0100568117148414,106.309998,108.150002,0,-1.08524702499512,0.853395712595947
"2018-04-24",2018-04-24,-0.00325913030318586,1494600,-0.0330622953856085,107.040001,0.00681990838172741,106.309998,108.150002,0,-1.1057396409303,0.818610952849252
"2018-04-25",2018-04-25,-0.00196187404744148,926700,-0.034959305373784,106.830002,0.00486758392085396,106.309998,108.150002,0,-1.05737683866321,0.797684732044712
"2018-04-26",2018-04-26,0.00561638106119303,1098700,-0.0295392690932046,107.43,0.0104254118961186,106.309998,108.150002,0,2.14180424326193,0.85736393488374
"2018-04-27",2018-04-27,0.000837726891929599,885200,-0.0287262880413625,107.519997,0.0112537112514988,106.309998,108.150002,0,1.0794500364718,0.866286463351534
"2018-04-30",2018-04-30,-0.00716143063136435,903100,-0.0356819973536219,106.75,0.00412179859484785,106.309998,108.150002,0,-1.24213742138365,0.789701616845112
"2018-05-01",2018-05-01,-0.00786881498829039,708800,-0.0432700373063241,105.910004,0,105.910004,107.650002,9614,-1.21265737670181,0.72604316620254
"2018-05-02",2018-05-02,-0.0127467278728458,1161900,-0.0554652137885782,104.559998,0,104.559998,105.910004,9615,-1.28183882523419,0.659746262362183
"2018-05-03",2018-05-03,-0.00554700660954485,762200,-0.0607045544906381,103.980003,0,103.980003,104.559998,9616,-1.09446174176902,0.631263520253712
"2018-05-04",2018-05-04,0.00827075375252685,1385800,-0.0529358731599601,104.839996,0.00820290950793245,103.980003,104.839996,9616,-0.872024736926847,0.718090227808597
"2018-05-07",2018-05-07,0.00495998683555842,914400,-0.0482384475584041,105.360001,0.0130979307792527,0,105.360001,0,1.59674207872056,0.770237855917974
"2018-05-08",2018-05-08,0.000854176149827479,1162600,-0.0474254755399856,105.449997,0.0139401995431067,0,105.449997,0,1.06430548290789,0.779236277477075
"2018-05-09",2018-05-09,0.00739692766420847,1541900,-0.040379350687787,106.230003,0.0211804568997329,0,106.230003,0,1.51937975021358,0.856901648609939
"2018-05-10",2018-05-10,0.0157205963742654,1155500,-0.0252935417875391,107.900002,0.0363299251838753,0,107.900002,0,1.71525691612127,1.02127034528251
"2018-05-11",2018-05-11,0.00945316015842156,910300,-0.0160794855306089,108.919998,0.0453543434695988,0,108.919998,0,1.24840178558168,1.12042056214969
"2018-05-14",2018-05-14,-0.0025706849535565,576000,-0.0186088351926511,108.639999,0.0428939252843697,103.980003,108.919998,9623,-1.1573028973612,1.09329457839393
"2018-05-15",2018-05-15,-0.00671939439174702,927800,-0.0252031894815675,107.910004,0.0364192461710965,103.980003,108.919998,0,-1.35436684889985,1.02224710712427
"2018-05-16",2018-05-16,0.00259473625818795,621200,-0.0226738488529494,108.190002,0.0389130134224418,103.980003,108.919998,0,1.06847388437503,1.04955433802678
"2018-05-17",2018-05-17,0.00434422766717385,927100,-0.0184281215472839,108.660004,0.0430701346191742,103.980003,108.919998,0,1.10683113002847,1.09523492657416
"2018-05-18",2018-05-18,-0.00773057214317798,693200,-0.0260162337673772,107.82,0.0356148859209794,103.980003,108.919998,0,-1.41176807959635,1.01345437557625
"2018-05-21",2018-05-21,0.00584304396215918,988000,-0.0203252038028506,108.449997,0.0412170965758533,103.980003,108.919998,0,1.15729969393427,1.07484806581762
"2018-05-22",2018-05-22,-0.000184389124510436,579700,-0.0205058451808264,108.43,0.0410402748316887,103.980003,108.919998,0,-1.00888755555555,1.07290478125183
"2018-05-23",2018-05-23,-0.00534909157982115,624500,-0.0257452491168536,107.849998,0.0358831253756723,103.980003,108.919998,0,-1.25550782666233,1.01638577133784
"2018-05-24",2018-05-24,-0.00296707469572689,1016800,-0.0286359357353907,107.529999,0.033014005700865,103.980003,108.919998,0,-1.11228039027382,0.985073610786115
"2018-05-25",2018-05-25,-0.00855573336330085,561300,-0.036946667667931,106.610001,0.0246693366037958,103.980003,108.919998,0,-1.29022037237879,0.894529490978632
"2018-05-29",2018-05-29,-0.0404277080909135,1343000,-0.0758807066634333,102.300003,0,102.300003,108.660004,9633,-2.05379027265553,0.548761073263256
"2018-05-30",2018-05-30,0.0138807229555994,1257800,-0.0630532627747039,103.720001,0.013690686331559,102.300003,103.720001,9633,-0.830952498299401,0.692922162838203
"2018-05-31",2018-05-31,-0.0115696489436015,1120800,-0.0738934076032535,102.519997,0.00214586428440877,102.300003,103.720001,9635,-1.17192044236129,0.571230279281833
"2018-06-01",2018-06-01,0.0316036392392793,1364700,-0.0446250689600283,105.760002,0.0306354476052297,102.519997,105.760002,9635,14.2765075255775,0.885220929933036
"2018-06-04",2018-06-04,-0.0042549545337566,797000,-0.0486901458542942,105.309998,0.0264932205202396,102.519997,105.760002,9637,-1.09109401932593,0.840603384340883
"2018-06-05",2018-06-05,-0.00256383064407607,747300,-0.0511291432103645,105.040001,0.0239908984768574,102.519997,105.760002,0,-1.05009221708575,0.813740781938475
"2018-06-06",2018-06-06,0.0162795028914746,677500,-0.0356819973536217,106.75,0.0160187259953162,105.040001,106.75,9637,-0.697879821823192,0.854377142698494
"2018-06-07",2018-06-07,0.00327866978922716,597500,-0.0325203170511372,107.099998,0.019234332758811,0,107.099998,0,1.20074048113658,0.889046127439372
"2018-06-08",2018-06-08,-0.0016806723002926,547800,-0.0341463333553652,106.919998,0.0175832120760048,105.040001,107.099998,9641,-1.05000001388889,0.871230556175008
"2018-06-11",2018-06-11,-0.0039281519627414,763900,-0.0379403533317162,106.5,0.013708910798122,105.040001,107.099998,0,-1.11111061140492,0.829543094124034
"2018-06-12",2018-06-12,0.00215965258215959,1109200,-0.0358626387315975,106.730003,0.0158343666494603,105.040001,107.099998,0,1.15504192000647,0.852392881304266
"2018-06-13",2018-06-13,-0.00412257085760592,1314000,-0.0398373633198918,106.290001,0.0117602783727512,105.040001,107.099998,0,-1.11083190553941,0.808636944412606
"2018-06-14",2018-06-14,0.00620938934792175,1411200,-0.0338753396714176,106.949997,0.0178587756295121,105.040001,107.099998,0,1.51856742361569,0.874201817203295
"2018-06-15",2018-06-15,-0.000560991133080566,1923500,-0.0344173270393127,106.889999,0.0173074938470156,105.040001,107.099998,0,-1.01599946666667,0.868258454281027
"2018-06-18",2018-06-18,0.00205820939337827,653200,-0.0324299557117417,107.110001,0.00765568100405478,106.290001,107.110001,9641,-0.942256662601923,0.826592083738932
"2018-06-19",2018-06-19,0.00644199415141455,886600,-0.0261968751453528,107.800003,0.0140074393133366,0,107.800003,0,1.8296790717792,0.895007317745657
"2018-06-20",2018-06-20,-0.000278348786316826,1269400,-0.0264679320632677,107.769997,0.0137329130667044,106.290001,107.800003,9649,-1.01034691795914,0.892041352091161
"2018-06-21",2018-06-21,-0.000371105141628678,800200,-0.0268292148192193,107.730003,0.0133667684015566,106.290001,107.800003,0,-1.01364982935153,0.888086822539445
"2018-06-22",2018-06-22,-0.00399146002065917,2345900,-0.0307135871015419,107.300003,0.00941287951315339,106.290001,107.800003,0,-1.1447814372689,0.845475512414709
"2018-06-25",2018-06-25,-0.0221808474693146,1135200,-0.0522131811801217,104.919998,0,104.919998,107.769997,9652,-1.70000270588714,0.677425358145854
"2018-06-26",2018-06-26,-0.00276402025855932,937900,-0.0548328831481355,104.629997,0,104.629997,104.919998,9653,-1.05017319207149,0.66318381521152
"2018-06-27",2018-06-27,-0.0117556631488769,1134300,-0.065943949393241,103.400002,0,103.400002,104.629997,9654,-1.20263509060955,0.602780483493647
"2018-06-28",2018-06-28,0.00299803669249441,941700,-0.0631436150806756,103.709999,0.00298907533496351,103.400002,103.709999,9654,-0.957534628448377,0.634253577405259
"2018-06-29",2018-06-29,-0.0079066628859961,1007800,-0.0705510226888256,102.889999,0,0,103.709999,9656,-1.11731047705593,0.577734950474317
"2018-07-02",2018-07-02,0.0109825834481736,704000,-0.060343271734686,104.019997,0.010863276606324,102.889999,104.019997,9656,-0.855313919414574,0.692283837079308
"2018-07-03",2018-07-03,-0.0135550474972616,518500,-0.0730803633174438,102.610001,0,0,104.019997,9658,-1.21107724550899,0.563984640859772
"2018-07-05",2018-07-05,-0.00146186530102461,754900,-0.0744353949711484,102.459999,0,102.459999,102.610001,9659,-1.01854166553358,0.556618252732711
"2018-07-06",2018-07-06,0.00214718916794066,805500,-0.0724480326770011,102.68,0.00214258862485406,102.459999,102.68,9659,-0.973300843034183,0.579069994972018
"2018-07-09",2018-07-09,0.0292169848071679,833500,-0.0453477609398661,105.68,0.0304693508705527,0,105.68,0,14.2208123935261,0.880389188463256
"2018-07-10",2018-07-10,-0.00633987509462535,836600,-0.0514001368943119,105.010002,0.0242834296870121,102.459999,105.68,9662,-1.13346581681225,0.813857866861847
"2018-07-11",2018-07-11,-0.00857062168230416,575300,-0.0595302274488761,104.110001,0.0158486407083984,102.459999,105.68,0,-1.15817254672456,0.723805851039341
"2018-07-12",2018-07-12,0.000192066082104889,617800,-0.0593495951043244,104.129997,0.0160376265064139,102.459999,105.68,0,1.01192441683124,0.725815214207729
"2018-07-13",2018-07-13,-0.000864265846468807,762900,-0.0601625671227427,104.040001,0.0151864858209682,102.459999,105.68,0,-1.01369802130898,0.716768562027817
"2018-07-16",2018-07-16,0.0136485773390178,820000,-0.0473351232340136,105.459999,0.0284468047453708,102.459999,105.68,0,1.8731657264707,0.858590035882581
"2018-07-17",2018-07-17,0.00265502562729973,1259700,-0.0448057735719715,105.739998,0.0160771423506174,104.040001,105.739998,9662,-0.946565055940858,0.805094929194382
"2018-07-18",2018-07-18,0.0468129761076788,2302900,-9.02890720033689e-05,110.690002,0.0600777024107381,0,110.690002,0,3.7368396136911,1.287383896792
"2018-07-19",2018-07-19,-0.0203270391123491,1387800,-0.0204154928748547,108.440002,0.0405754418927436,104.040001,110.690002,9669,-226.112556280265,1.07086898402082
"2018-07-20",2018-07-20,-0.00654739014114008,922400,-0.0268292148192193,107.730003,0.0342523150212851,104.040001,110.690002,0,-1.31415954460077,1.00162737506169
"2018-07-23",2018-07-23,0.0294254052884414,1295400,0,110.900002,0.0285843006567305,107.730003,110.900002,9669,0,1.11666647053775
"2018-07-24",2018-07-24,0.00658246155847682,1229100,0,111.629997,0.034936792124074,0,111.629997,0,1.22223707844494,1.15120065842507
"2018-07-25",2018-07-25,-0.00322493961905239,873200,-0.00322493961905246,111.269997,0.0318144521923552,107.730003,111.629997,9673,0,1.11669480419346
"2018-07-26",2018-07-26,0.00305566647943734,845700,-0.000179127479506991,111.610001,0.0347638918128851,107.730003,111.629997,0,1.09270754067042,1.14928692207014
"2018-07-27",2018-07-27,-0.00582386877677746,750900,-0.00600195304134954,110.959999,0.029109553254412,107.730003,111.629997,0,-33.5066013202921,1.08689336449007
"2018-07-30",2018-07-30,-0.00856161687600589,943200,-0.0145121834949075,110.010002,0.0207253791341627,107.730003,111.629997,0,-2.41791020271701,0.99504994450352
"2018-07-31",2018-07-31,-0.00718117430813249,974800,-0.0215891432837715,109.220001,0.0136421716385079,107.730003,111.629997,0,-1.4876564433841,0.918070718315922
"2018-08-01",2018-08-01,0.000366242443085161,958500,-0.0212308077012665,109.260002,0.0140032854841061,107.730003,111.629997,0,1.02647040773031,0.921981876930344
"2018-08-02",2018-08-02,-0.00164744642783374,895900,-0.0228432775107928,109.080002,0.0123762282292588,107.730003,111.629997,0,-1.07594952731969,0.904370765308668
"2018-08-03",2018-08-03,0.00669229910721857,827500,-0.0163038524492659,109.809998,0.0189417633902516,107.730003,111.629997,0,1.53049564369467,0.975613546335114
"2018-08-06",2018-08-06,0.00655678911860112,826500,-0.00985396425299534,110.529999,0.0253324529569571,107.730003,111.629997,0,1.33738619974498,1.04541905923158
"2018-08-07",2018-08-07,0.00524746227492496,1002300,-0.00465821028374636,111.110001,0.0304202859290768,107.730003,111.629997,0,1.20084249167519,1.10132394716641
"2018-08-08",2018-08-08,0.00324003237116342,687200,-0.00143327066469401,111.470001,0.0335516099977428,107.730003,111.629997,0,1.10293539238804,1.13587864205761
"2018-08-09",2018-08-09,-0.00663853945780444,1267300,-0.00806229529863711,110.730003,0.0270929280115706,107.730003,111.629997,0,-5.62510312757873,1.06472965716615
"2018-08-10",2018-08-10,-0.0210421831199625,1376800,-0.0289348301245586,108.400002,0.00618080246898889,107.730003,111.629997,0,-3.58890725938181,0.837574796842173
"2018-08-13",2018-08-13,-0.0102398614346889,873800,-0.0388784029081358,107.290001,0,107.290001,111.610001,9686,-1.3436540923438,0.749917504046061
"2018-08-14",2018-08-14,0.0133283622581008,937800,-0.0260682260880108,108.720001,0.0131530535949865,107.290001,108.720001,9686,-0.670506608761846,0.891061979709895
"2018-08-15",2018-08-15,-0.0152686072914955,1106300,-0.0409388078725827,107.059998,0,0,108.720001,9688,-1.57044855044475,0.738716479608333
"2018-08-16",2018-08-16,0.00560439016634399,2058300,-0.0355638547585017,107.660004,0.00557315602551911,107.059998,107.660004,9688,-0.868707629914139,0.79823392406008
"2018-08-17",2018-08-17,0.000371475000130926,1264900,-0.0352055908413218,107.699997,0.00594242356385588,0,107.699997,0,1.06625824517489,0.802189019176367
"2018-08-20",2018-08-20,0.00687098440680561,693400,-0.0285765035002195,108.440002,0.0127259680426787,0,108.440002,0,2.14154509619323,0.875104402016921
"2018-08-21",2018-08-21,0.00451860928589802,800100,-0.024187020268396,108.93,0.0171670063343433,0,108.93,0,1.34897449661754,0.923109958734759
"2018-08-22",2018-08-22,-0.00504914165060134,567100,-0.0291140382275562,108.379997,0.0121793599975835,107.059998,108.93,9693,-1.20370504115375,0.869210653022167
"2018-08-23",2018-08-23,-0.0095958758884262,786600,-0.0384305394185399,107.339996,0.00260851509627413,107.059998,108.93,0,-1.32000030769231,0.766532961600284
"2018-08-24",2018-08-24,0.00195646550983665,712300,-0.0365492619336,107.550003,0.00455606681851983,107.059998,108.93,0,1.74661316893564,0.787347709311341
"2018-08-27",2018-08-27,0.0150627145961121,1152100,-0.0220370784386921,109.169998,0.0167628655631193,107.339996,109.169998,9693,3.6792405008154,0.932600695098178
"2018-08-28",2018-08-28,-0.000641201807111945,992000,-0.0226641500312856,109.099998,0.0161320076284511,107.339996,109.169998,9697,-1.02845529612004,0.925762185378522
"2018-08-29",2018-08-29,-0.00870757119537251,980800,-0.0311743715266781,108.150002,0.00748965312085714,107.339996,109.169998,0,-1.37549263853464,0.832515262421797
"2018-08-30",2018-08-30,-0.00896904282997603,805700,-0.0398638100832339,107.18,0,107.18,109.099998,9699,-1.27873660738019,0.744560513532135
"2018-08-31",2018-08-31,0.00261241836163453,1041100,-0.0373555326710254,107.459999,0.00260561141453197,107.18,107.459999,9699,-0.93707883398573,0.772361258875185
"2018-09-04",2018-09-04,0.0079099107380412,956200,-0.0297411008619841,108.309998,0.0104329980691162,0,108.309998,0,4.00404987901477,0.856307953315642
"2018-09-05",2018-09-05,-0.0121872405537298,1323300,-0.0415658794651762,106.989998,0,0,108.309998,9702,-1.39759048120195,0.735307516635498
"2018-09-06",2018-09-06,-0.0080381439020122,832200,-0.0492699108466335,106.129997,0,106.129997,106.989998,9703,-1.18534508304851,0.693425922841198
"2018-09-07",2018-09-07,-0.00131912752244781,713200,-0.0505240450736549,105.989998,0,105.989998,106.129997,9704,-1.02545436363636,0.686608045594999
"2018-09-10",2018-09-10,0.00405698658471535,1395800,-0.0466720338620089,106.419998,0.00404059394926892,105.989998,106.419998,9704,-0.92375885173029,0.729514787138633
"2018-09-11",2018-09-11,-0.000469789522078452,1095400,-0.047119897351605,106.370003,0.0035724827421505,105.989998,106.419998,9706,-1.00959597113167,0.724535253921
"2018-09-12",2018-09-12,-0.00968324688305215,1767000,-0.0563468706354975,105.339996,0,105.339996,106.370003,9707,-1.19581904466051,0.654953292019732
"2018-09-13",2018-09-13,-0.0215492318795988,2871100,-0.0766818707340822,103.07,0,103.07,105.339996,9708,-1.36088960876159,0.544405687555681
"2018-09-14",2018-09-14,0.0104783351120598,1666400,-0.0670070339605936,104.150002,0.0103696781494061,103.07,104.150002,9708,-0.873831497838139,0.653374121124764
"2018-09-17",2018-09-17,-0.0109457511100192,1256200,-0.0772193427542596,103.010002,0,0,104.150002,9710,-1.15240651898832,0.541483816692194
"2018-09-18",2018-09-18,0.00815450911261995,1380600,-0.0696945194757996,103.849998,0.00808855095018879,103.010002,103.849998,9710,-0.902552611689448,0.626363143479017
"2018-09-19",2018-09-19,0.0129032645720418,1982600,-0.0576905417277754,105.190002,0.0207244030663676,0,105.190002,0,2.56218984018193,0.760313187869674
"2018-09-20",2018-09-20,0.0144500139851693,1450100,-0.0440741568773846,106.709999,0.0346733861369448,0,106.709999,0,1.67307043903302,0.910167398593051
"2018-09-21",2018-09-21,-0.00337363886583859,4546700,-0.0472991054546025,106.349998,0.0314056987570418,103.010002,106.709999,9714,-1.07317096470364,0.874871340159944
"2018-09-24",2018-09-24,-0.0094969630370844,990500,-0.0563468706354973,105.339996,0.0221187971186176,103.010002,106.709999,0,-1.1912882938046,0.775198191121539
"2018-09-25",2018-09-25,-0.00560087357512335,989000,-0.0616321525118375,104.75,0.0166109594272076,103.010002,106.709999,0,-1.09379903119253,0.716523319858966
"2018-09-26",2018-09-26,-0.0156563150357996,1075900,-0.0763235351515773,103.110001,0.000969828329261624,103.010002,106.709999,0,-1.23837205161572,0.551626013991362
"2018-09-27",2018-09-27,-0.0017457181481357,749500,-0.077936013919269,102.93,0,102.93,106.349998,9718,-1.021126887853,0.537587761610012
"2018-09-28",2018-09-28,-0.00777230156416986,1317100,-0.0851025732805489,102.129997,0,102.129997,102.93,9719,-1.09195439952451,0.498628038679199
"2018-10-01",2018-10-01,0.0149809756677071,1232700,-0.071396517192417,103.660004,0.0147598585853806,102.129997,103.660004,9719,-0.838946631578947,0.653377911350894
"2018-10-02",2018-10-02,0.0010610939200813,1229900,-0.0704111816826437,103.769997,0.0158041827831988,0,103.769997,0,1.07075434983182,0.664411794678343
"2018-10-03",2018-10-03,0.00982946930219146,922500,-0.0612738169293328,104.790001,0.0253841394657492,0,104.790001,0,1.60616590012707,0.766165177352883
"2018-10-04",2018-10-04,0.0133600628556154,1538300,-0.0487323761192967,106.190002,0.0382334016718449,0,106.190002,0,1.5061925468631,0.904197209833024
"2018-10-05",2018-10-05,-0.00414353509476351,1275100,-0.0526739869033587,105.75,0.0342317068557919,102.129997,106.190002,9724,-1.08088279492904,0.861014844386185
"2018-10-08",2018-10-08,0.00917258628841604,829900,-0.0439845573049688,106.720001,0.00908921468244739,105.75,106.720001,9724,-0.835033759370968,0.771570701531967
"2018-10-09",2018-10-09,-0.0111506932988128,806200,-0.0546447922953897,105.529999,0,0,106.720001,9726,-1.24236313023473,0.66420633761584
"2018-10-10",2018-10-10,-0.0342082918052524,1530600,-0.0869837791001641,101.919998,0,101.919998,105.529999,9727,-1.59180363665693,0.488401198460164
"2018-10-11",2018-10-11,-0.0270800044560441,1927100,-0.111708262430572,99.160004,0,99.160004,101.919998,9728,-1.28424245975721,0.353990950585211
"2018-10-12",2018-10-12,-0.0011093283134599,1689500,-0.11269366960567,99.050003,0,99.050003,99.160004,9729,-1.00882125595419,0.348633960071285
"2018-10-15",2018-10-15,-0.00888445202772984,1387500,-0.12057690013196,98.169998,0,98.169998,99.050003,9730,-1.06995273606649,0.305778182058291
"2018-10-16",2018-10-16,0.012325547770715,1877000,-0.109737528703866,99.379997,0.012175478330916,98.169998,99.379997,9730,-0.910104079502533,0.43089431166852
"2018-10-17",2018-10-17,-0.0520225211920665,6033000,-0.156051226983371,94.209999,0,0,99.379997,9732,-1.42204065306123,0.112928325437382
"2018-10-18",2018-10-18,-0.0116760217776884,2201700,-0.165905191236366,93.110001,0,93.110001,94.209999,9733,-1.0631457018537,0.0593590046917738
"2018-10-19",2018-10-19,0.000322178065490582,1601400,-0.165636464184443,93.139999,0.00032207430021558,93.110001,93.139999,9733,-0.998380237231152,0.0625707909655106
"2018-10-22",2018-10-22,-0.0129911854519131,1853700,-0.176475835612537,91.93,0,0,93.139999,9735,-1.06544073179456,0.00189358016451337
"2018-10-23",2018-10-23,-0.00924614380506922,2090100,-0.184090258463413,91.080002,0,91.080002,91.93,9736,-1.04314711316961,-0.0395008728209696
"2018-10-24",2018-10-24,-0.0293148654081056,1436900,-0.20800854272172,88.410004,0,88.410004,91.080002,9737,-1.12992694158806,-0.169528363100162
"2018-10-25",2018-10-25,0.0134599473607082,1124300,-0.197348379396624,89.599998,0.0132811833321692,88.410004,89.599998,9737,-0.948751319606341,-0.0393754981986121
"2018-10-26",2018-10-26,-0.0123883931336695,1389800,-0.207291943222035,88.489998,0.000903989171747943,88.410004,89.599998,9739,-1.05038583978147,-0.160718321566849
"2018-10-29",2018-10-29,0.0162730481698057,1097900,-0.194392166829495,89.93,0.0160124763705105,88.489998,89.93,9739,17.7131285096579,-0.00845638745297726
"2018-10-30",2018-10-30,0.027465828978094,1538600,-0.172265479860221,92.400002,0.0423160596901286,0,92.400002,0,2.64269302954665,0.25482614699639
"2018-10-31",2018-10-31,0.0180735710373685,1411900,-0.157305361210392,94.07,0.0593175507600722,0,94.07,0,1.40177396464703,0.428579742875725
"2018-11-01",2018-11-01,0.00191346869352617,971800,-0.155692891400866,94.25,0.0611140795755968,0,94.25,0,1.03028663173891,0.447112156438234
"2018-11-02",2018-11-02,-0.00679044031830242,1362700,-0.161426108432127,93.610001,0.0546950426803221,88.489998,94.25,9744,-1.03682388437697,0.381048593423505
"2018-11-05",2018-11-05,0.0200832921687502,890200,-0.144584783962683,95.489998,0.0196878944326714,93.610001,95.489998,9744,-0.895671619460959,0.282293329491311
"2018-11-06",2018-11-06,0.00335113631482109,709600,-0.14171817096797,95.809998,0.022962081681705,0,95.809998,0,1.16630459190193,0.31567669576362
"2018-11-07",2018-11-07,0.0268239124689264,746900,-0.118695694312345,98.379997,0.0484854253451543,0,98.379997,0,2.11154310908079,0.579587397361769
"2018-11-08",2018-11-08,0.00731857107090577,616300,-0.112245806116074,99.099998,0.0553985581311516,0,99.099998,0,1.14258166731104,0.652233079723745
"2018-11-09",2018-11-09,-0.0117053080061615,692300,-0.122637242389247,97.940002,0.0442107505776854,93.610001,99.099998,9749,-1.09257750140283,0.534921365948704
"2018-11-12",2018-11-12,-0.0160302120475759,837000,-0.136701553436394,96.370003,0.0286396380002188,93.610001,99.099998,0,-1.11468221865676,0.373813666263651
"2018-11-13",2018-11-13,0.00788620915576817,805100,-0.129893401322943,97.129997,0.0362400505376316,93.610001,99.099998,0,1.26538088705432,0.452143260470497
"2018-11-14",2018-11-14,-0.012457521233116,1344400,-0.140732772751037,95.919998,0.0240825380334142,93.610001,99.099998,0,-1.08344820689655,0.327124798875715
"2018-11-15",2018-11-15,0.0160550566316733,1112300,-0.126937188755814,97.459999,0.0395033658886041,93.610001,99.099998,0,1.64033233680743,0.485954615715649
"2018-11-16",2018-11-16,0.000923496828683607,826700,-0.126130918018389,97.550003,0.040389563083868,93.610001,99.099998,0,1.02243346042367,0.495155416044342
"2018-11-19",2018-11-19,0.000512506391209394,876300,-0.125683054528793,97.599998,0.0408811176410065,93.610001,99.099998,0,1.01217033608702,0.500262394856897
"2018-11-20",2018-11-20,-0.0207991602622779,1032200,-0.143868112797674,95.57,0.0205085173171496,93.610001,99.099998,0,-1.14468981786813,0.29065055465501
"2018-11-21",2018-11-21,0.00449931987025224,687200,-0.140016101586028,96,0.0248958229166667,93.610001,99.099998,0,1.21392602554687,0.335442132303336
"2018-11-23",2018-11-23,0.00302084375000004,396700,-0.137418224601403,96.290001,0.0278325887648501,93.610001,99.099998,0,1.11796219221247,0.365530231824596
"2018-11-26",2018-11-26,0.0223283931630658,691000,-0.118158159585008,98.440002,0.0490654297223603,93.610001,99.099998,0,1.7628769690416,0.585662699565023
"2018-11-27",2018-11-27,-0.0100569380321631,956100,-0.12702678832823,97.449997,0.039404783152533,93.610001,99.099998,0,-1.07505726878593,0.484931596128488
"2018-11-28",2018-11-28,0.0167265782470983,1043800,-0.112424933595582,99.080002,0.0552079217761824,93.610001,99.099998,0,1.40104620199219,0.650222924527254
"2018-11-29",2018-11-29,-0.0209931566210505,1004700,-0.131057935977549,97,0.0349484432989691,93.610001,99.099998,0,-1.16573727718617,0.43879088273712
"2018-11-30",2018-11-30,0.0229897216494845,1404400,-0.111081199796144,99.230003,0.0368840359704514,95.57,99.230003,9749,1.05538423142124,0.557913353903656
"2018-12-03",2018-12-03,-0.00262019542617569,1344900,-0.11341034077068,98.970001,0.0343538543563318,95.57,99.230003,9764,-1.02096791337157,0.531496512551819
"2018-12-04",2018-12-04,-0.0464787102507961,1331400,-0.154617884653352,94.370003,0,94.370003,98.970001,9765,-1.363349087946,0.120720435601746
"2018-12-06",2018-12-06,-0.0363463059336767,2697200,-0.1853444016486,90.940002,0,90.940002,94.370003,9766,-1.19872550361257,-0.0463187987666389
"2018-12-07",2018-12-07,-0.0221025066614799,1405200,-0.203350332437973,88.93,0,88.93,90.940002,9767,-1.09714850100254,-0.144204832956985
"2018-12-10",2018-12-10,-0.00820873720904094,1821000,-0.20988982020666,88.199997,0,88.199997,88.93,9768,-1.03215872671701,-0.179755592914964
"2018-12-11",2018-12-11,-0.0113378688663674,1065900,-0.218847985815139,87.199997,0,87.199997,88.199997,9769,-1.04268032437046,-0.228455063955463
"2018-12-12",2018-12-12,0.0057339451513972,1892400,-0.214368903010899,87.699997,0.00570125447096648,87.199997,87.699997,9769,-0.979533360622186,-0.173111474432274
"2018-12-13",2018-12-13,-0.00912195014100167,2100100,-0.221535390706854,86.900002,0,0,87.699997,9771,-1.0334306310071,-0.243064661770259
"2018-12-14",2018-12-14,-0.00609895267896546,1468400,-0.226283209521183,86.370003,0,86.370003,86.900002,9772,-1.02143142366183,-0.268875332722252
"2018-12-17",2018-12-17,-0.00868357038264778,1460700,-0.233001833727542,85.620003,0,85.620003,86.370003,9773,-1.02969121845397,-0.305399936002628
"2018-12-18",2018-12-18,-0.0235926761179861,1713700,-0.251097373047497,83.599998,0,83.599998,85.620003,9774,-1.07766264767304,-0.403773111001792
"2018-12-19",2018-12-19,-0.0191387325152807,2194900,-0.265430420104732,82,0,82,83.599998,9775,-1.05708162886485,-0.48169216726765
"2018-12-20",2018-12-20,-0.0180488170731707,2348200,-0.278688532079778,80.519997,0,80.519997,82,9776,-1.04994948193886,-0.553767530506002
"2018-12-21",2018-12-21,-0.0140337561115408,4787500,-0.288811241301028,79.389999,0,79.389999,80.519997,9777,-1.03632266152363,-0.608797835382825
"2018-12-24",2018-12-24,-0.0268295380631004,1917600,-0.307892107172591,77.260002,0,77.260002,79.389999,9778,-1.06606690856494,-0.712527562600677
"2018-12-26",2018-12-26,0.0508672003399638,2293900,-0.272686516331269,81.190002,0.0484049747898763,77.260002,81.190002,9778,-0.8856560787978,-0.257993621435042
"2018-12-27",2018-12-27,0.0192141638326354,1441700,-0.258711795898373,82.75,0.0663443867069486,0,82.75,0,1.37061091333993,-0.0844981278164708
"2018-12-28",2018-12-28,0.000241655589123911,1475400,-0.2585326594607,82.769997,0.066569955294308,0,82.769997,0,1.00339996491875,-0.0822980210638293
"2018-12-31",2018-12-31,0.00990695940220942,910600,-0.251186972619913,83.589996,0.0757266934191503,0,83.589996,0,1.13755061250019,0.00741447163121771
"2019-01-02",2019-01-02,0.00550313460955309,881900,-0.247066153732854,84.050003,0.0807852558910677,0,84.050003,0,1.06680025554421,0.0573165426800148
"2019-01-03",2019-01-03,-0.0256990353706472,1149400,-0.266415827279831,81.889999,0.0565392240388232,77.260002,84.050003,9784,-1.07831778353541,-0.179683741236376
"2019-01-04",2019-01-04,0.0349249118930872,1193300,-0.240795464681415,84.75,0.0337463244837758,81.889999,84.75,9784,-0.903833181158923,-0.164312742237625
"2019-01-07",2019-01-07,0.00259588200589966,958600,-0.238824659289384,84.970001,0.0362481106714356,0,84.970001,0,1.07413507177241,-0.139998295102938
"2019-01-08",2019-01-08,-0.0075320582848999,1081500,-0.244557876320645,84.330002,0.0289339848468163,81.889999,84.970001,9787,-1.02400596759279,-0.210927849582709
"2019-01-09",2019-01-09,0.00901214255870652,937000,-0.237749724207195,85.089996,0.00893164926227052,84.330002,85.089996,9787,-0.972161386842745,-0.282655676901003
"2019-01-10",2019-01-10,-0.00235041731580286,905900,-0.239541330454394,84.889999,0.00659673703141417,84.330002,85.089996,9789,-1.00753568170551,-0.305088759286747
"2019-01-11",2019-01-11,0.00895279784371299,1141300,-0.232733097717453,85.650002,0.0088733564769794,84.889999,85.650002,9789,1.34511296035052,-0.255700579261317
"2019-01-14",2019-01-14,0.00478687671250717,1347100,-0.22906028565064,86.059998,0.0135951548592878,0,86.059998,0,1.53213216380502,-0.210064775422597
"2019-01-15",2019-01-15,0.0103416107446343,1395000,-0.221087527217259,86.949997,0.0236917546989679,0,86.949997,0,1.74266162792419,-0.111833929019573
"2019-01-16",2019-01-16,0.0169062800542709,1191500,-0.207919014814629,88.419998,0.0399230839159259,0,88.419998,0,1.68510456161633,0.0479930710744232
"2019-01-17",2019-01-17,0.00859536323445744,1376400,-0.201110791035854,89.18,0.0481049674814982,0,89.18,0,1.20494117094768,0.129484118507067
"2019-01-18",2019-01-18,0.022202332361516,2206200,-0.183373587298403,91.160004,0.0687802185704161,0,91.160004,0,1.42979451336018,0.338306584307504
"2019-01-22",2019-01-22,-0.00691098039004032,1807200,-0.189017276422573,90.529999,0.0622997908129879,84.889999,91.160004,9796,-1.03077700124275,0.272395983323731
"2019-01-23",2019-01-23,-0.00662762627446839,2563800,-0.194392166829495,89.93,0.0560436005782275,84.889999,91.160004,0,-1.02843597425933,0.209165686002237
"2019-01-24",2019-01-24,-0.00622703213610597,1998700,-0.199408712695746,89.370003,0.0501287216024822,84.889999,91.160004,0,-1.02580631693175,0.149738942761371
"2019-01-25",2019-01-25,0.0196933416238109,1810300,-0.183642394973817,91.129997,0.0684735894372959,84.889999,91.160004,0,1.36595522982388,0.33517832463721
"2019-01-28",2019-01-28,-0.00307252287081721,762100,-0.186150672386025,90.849998,0.0656026321541581,84.889999,91.160004,0,-1.01365848780488,0.305935073762486
"2019-01-29",2019-01-29,-0.0133186464131787,914200,-0.196990043814119,89.639999,0.0529897373158159,84.889999,91.160004,0,-1.05822902108898,0.178441007254564
"2019-01-30",2019-01-30,-0.00234269302033344,1899500,-0.198871249633734,89.43,0.0507659733870066,84.889999,91.160004,0,-1.00954975075487,0.156125070697609
"2019-01-31",2019-01-31,-0.0108464832830148,1496800,-0.207560679232124,88.459999,0.0403572240601087,84.889999,91.160004,0,-1.0436937446433,0.0523012241482617
"2019-02-01",2019-02-01,0.000791318118825746,1287000,-0.206933607639531,88.529999,0.0411160063381454,84.889999,91.160004,0,1.01880164693455,0.0598351717653101
"2019-02-04",2019-02-04,0.00677734109089959,886300,-0.201558726190775,89.129997,0.0475709429228411,84.889999,91.160004,0,1.15699327730444,0.124145869503381
"2019-02-05",2019-02-05,0.00762931698516707,1601900,-0.195467164618843,89.809998,0.0547823083127114,84.889999,91.160004,0,1.15159181102563,0.196464861431478
"2019-02-06",2019-02-06,0.00634672099647536,1221700,-0.190361019180176,90.379997,0.060743507216536,84.889999,91.160004,0,1.10881613220452,0.256630506816766
"2019-02-07",2019-02-07,-0.00608536200770188,1134900,-0.195287965474012,89.830002,0.054992796282026,84.889999,91.160004,0,-1.02588211764706,0.198583325987689
"2019-02-08",2019-02-08,-0.00211513966124581,1210500,-0.196990043814119,89.639999,0.0529897373158159,84.889999,91.160004,0,-1.00871573594398,0.178441007254564
"2019-02-11",2019-02-11,-0.000111579653185851,828000,-0.197079643386535,89.629997,0.0528840584475306,84.889999,91.160004,0,-1.00045484315187,0.177379410809109
"2019-02-12",2019-02-12,0.0269999562757991,1434800,-0.175400828865023,92.050003,0.0390005853666295,88.459999,92.050003,9796,-0.889999727272728,0.219757395469109
"2019-02-13",2019-02-13,-0.000977772917617477,1291000,-0.176207099602448,91.959999,0.0380600265121795,88.459999,92.050003,9812,-1.00459673276713,0.210261067667163
"2019-02-14",2019-02-14,-0.00739451943665194,867100,-0.182298652216214,91.279999,0.0308939530115464,88.459999,92.050003,0,-1.03457041530965,0.13818834572364
"2019-02-15",2019-02-15,0.0198290646344113,886600,-0.166084399339364,93.089996,0.0194435178620053,91.279999,93.089996,9812,-0.911056649735298,0.164085991915144
"2019-02-19",2019-02-19,-0.000966763388839326,864100,-0.166890598411465,93,0.0184946344086021,91.279999,93.089996,9815,-1.00485415292049,0.154544798510151
"2019-02-20",2019-02-20,0.00505377419354835,843900,-0.162680251617314,93.470001,0.00502836198750012,93,93.470001,9815,-0.974771815583224,0.104226608188228
"2019-02-21",2019-02-21,-0.00834491271696883,1083200,-0.169667611833762,92.690002,0,0,93.470001,9817,-1.04295149624482,0.038905275554235
"2019-02-22",2019-02-22,-0.000539464871302989,694800,-0.170115546988683,92.639999,0,92.639999,92.690002,9818,-1.00264007461459,0.0364701559037966
"2019-02-25",2019-02-25,0.000431789728322468,1171600,-0.169757211406178,92.68,0.000431603366422117,92.639999,92.68,9818,-0.997893575344242,0.040764518237377
"2019-02-26",2019-02-26,0.00280537332757877,835800,-0.167428070431642,92.940002,0.00322792117004689,0,92.940002,0,7.47890637833884,0.0686281615596271
"2019-02-27",2019-02-27,0.00344308148390177,793300,-0.164561457436929,93.260002,0.00664811266034493,0,93.260002,0,2.0595647508481,0.102805253872511
"2019-02-28",2019-02-28,-0.000643416241831132,1391700,-0.165098992164266,93.199997,0.00600856242516823,92.639999,93.260002,9822,-1.00326646795494,0.096406241223105
"2019-03-01",2019-03-01,-0.000751072985549487,1118900,-0.165726063756859,93.129997,0.00526144116594351,92.639999,93.260002,0,-1.00379815518177,0.0889356866569063
"2019-03-04",2019-03-04,-0.0041876840176426,1536600,-0.169219739386,92.739998,0.0010782726132903,92.639999,93.260002,0,-1.02108102702703,0.0472018912289827
"2019-03-05",2019-03-05,0.00183314647041507,1271100,-0.167696797483565,92.910004,0.00290609179179457,92.639999,93.260002,0,2.69513642095274,0.0654177067605006
"2019-03-06",2019-03-06,-0.0097944673428278,1247000,-0.175848764019944,92,0,92,93.199997,9826,-1.04861134296364,0.00530254313734739
"2019-03-07",2019-03-07,-0.0219564891304348,1853900,-0.193944231674574,89.980003,0,89.980003,92,9827,-1.10290358169693,-0.0930702422660493
"2019-03-08",2019-03-08,-0.00500115564566043,1037000,-0.197975442031052,89.529999,0,89.529999,89.980003,9828,-1.02078540991743,-0.114985199032158
"2019-03-11",2019-03-11,0.00290407687818694,1127800,-0.195646301056516,89.790001,0.00289566763675608,89.529999,89.790001,9828,-0.988235202555222,-0.0865814580456182
"2019-03-12",2019-03-12,0.00389796186771397,1062800,-0.19251096100988,90.139999,0.00676725101805253,0,90.139999,0,2.33702616009952,-0.048489567420306
"2019-03-13",2019-03-13,0.0203017752418656,1579700,-0.176117500030032,91.970001,0.026530411802431,0,91.970001,0,3.92041195629623,0.148069463913368
"2019-03-14",2019-03-14,0.0274002062911797,2041600,-0.153542949571162,94.489998,0.0524923177583303,0,94.489998,0,1.97857154081266,0.411929260314352
"2019-03-15",2019-03-15,0.0045507462070219,2083100,-0.149690938359516,94.919998,0.0567846514282481,0,94.919998,0,1.08177070194689,0.456204539990825
"2019-03-18",2019-03-18,0.0127475666402774,887400,-0.138851566931422,96.129997,0.0686570082801521,0,96.129997,0,1.20907686414005,0.579672803694789
"2019-03-19",2019-03-19,-0.0111307503733721,927500,-0.148436795174329,95.059998,0.0581737756821749,89.529999,96.129997,9835,-1.06903219354839,0.470574192409572
"2019-03-20",2019-03-20,-0.0277719340999774,1093000,-0.172086352380713,92.419998,0.0312702776730205,89.529999,96.129997,0,-1.15932408927725,0.195751515973705
"2019-03-21",2019-03-21,0.00292148891844815,1006300,-0.169667611833762,92.690002,0.0340921667042364,89.529999,96.129997,0,1.09024189234017,0.224241264827465
"2019-03-22",2019-03-22,-0.0442335301708161,1635100,-0.206396144577519,88.589996,0,88.589996,95.059998,9838,-1.21647344679869,-0.160762847908639
"2019-03-25",2019-03-25,-0.0114007680957566,1266200,-0.215443838093089,87.580002,0,87.580002,88.589996,9839,-1.04383654323626,-0.209949021462718
"2019-03-26",2019-03-26,0.0220369942444167,1076800,-0.198154578468724,89.510002,0.0215618361845195,87.580002,89.510002,9839,-0.919750503066632,0.00125803787603946
"2019-03-27",2019-03-27,-0.00491567411650831,1592000,-0.202096189252786,89.07,0.0167283933984507,87.580002,89.510002,9841,-1.01989159581637,-0.04644597719742
"2019-03-28",2019-03-28,0.0112271247333558,974200,-0.193138023644308,90.07,0.011102475852115,89.07,90.07,9841,-0.9556737529708,-0.0283308043936808
"2019-03-29",2019-03-29,0.0037748861996226,1066500,-0.190092211504762,90.410004,0.0148214129047047,0,90.410004,0,1.33496466032676,0.00844454915267563
"2019-04-01",2019-04-01,0.0253289779746055,1101200,-0.169578074968505,92.699997,0.0391585449565872,0,92.699997,0,2.64202510302896,0.252270478611986
"2019-04-02",2019-04-02,0.00625676395652966,915500,-0.164382320999256,93.279999,0.0451329228680631,0,93.279999,0,1.15256894550345,0.312994910132771
"2019-04-03",2019-04-03,0.00911232857110129,869000,-0.15676789814838,94.129997,0.0537554144403086,0,94.129997,0,1.19104660244256,0.401264002075819
"2019-04-04",2019-04-04,0.00648041027771409,686400,-0.151303408169043,94.739998,0.0598479852195057,0,94.739998,0,1.11333873699295,0.464091903492471
"2019-04-05",2019-04-05,0.00337766526024196,1156900,-0.148436795174329,95.059998,0.0630128142859839,0,95.059998,0,1.05288112966327,0.496880763492272
"2019-04-08",2019-04-08,-0.00694294144630628,891400,-0.154349148643263,94.400002,0.0564618843969941,89.07,95.059998,9849,-1.03983078091918,0.429126344397334
"2019-04-09",2019-04-09,-0.0102754446975541,740500,-0.163038587199818,93.43,0.046665953119983,89.07,95.059998,0,-1.05629728853665,0.328633925276321
"2019-04-10",2019-04-10,-0.000321074601305857,938100,-0.163307314251742,93.400002,0.0463597634612471,89.07,95.059998,0,-1.00164824202993,0.325508493025444
"2019-04-11",2019-04-11,0.00246247318067512,1028200,-0.16124698095262,93.629997,0.0487023085133711,89.07,95.059998,0,1.05052970242357,0.34944395661616
"2019-04-12",2019-04-12,0.00982597489563095,1224300,-0.153005414843825,94.550003,0.0579587818733334,89.07,95.059998,0,1.1900623120857,0.444568930145078
"2019-04-15",2019-04-15,-0.00539399242536248,830000,-0.157574097220481,94.040001,0.0528498611989595,89.07,95.059998,0,-1.02985961236286,0.391958365647479
"2019-04-16",2019-04-16,0.01680138221181,1020300,-0.143420177642753,95.620003,0.0232169099597288,93.400002,95.620003,9849,-0.910176102370916,0.307809368287925
"2019-04-17",2019-04-17,-0.0334658533737966,2724400,-0.172086352380713,92.419998,0,0,95.620003,9856,-1.19987546528749,0.0257562235754161
"2019-04-18",2019-04-18,-0.00595103886498688,1870700,-0.177013298674549,91.870003,0,91.870003,92.419998,9857,-1.02863066260441,-0.00102824199950442
"2019-04-22",2019-04-22,0,1286300,-0.177013298674549,91.870003,0,91.870003,91.870003,9857,-1,-0.00102824199950442
"2019-04-23",2019-04-23,0.0443017183748215,2674500,-0.140553573606205,95.940002,0.0424223359928636,0,95.940002,0,-0.794028328146253,0.427800026661795
"2019-04-24",2019-04-24,0.0186575043014903,2242800,-0.124518448208863,97.730003,0.0599611155235511,0,97.730003,0,1.41343266749002,0.610318578139738
"2019-04-25",2019-04-25,-0.00163719426059982,1353200,-0.125951781580716,97.57,0.0584195654401968,91.870003,97.730003,9861,-1.01151101216303,0.59414615434143
"2019-04-26",2019-04-26,0.00153736804345601,1147500,-0.124608047781279,97.720001,0.0598648991008504,91.870003,97.730003,0,1.02474057534942,0.609308422593554
"2019-04-29",2019-04-29,0.0086983114132387,1109900,-0.116993615972237,98.57,0.0101450745662981,97.57,98.57,9861,-0.938892937136719,0.38040995796324
"2019-04-30",2019-04-30,-0.000202871056102155,1683000,-0.11717275240991,98.550003,0.00994422090479297,97.57,98.57,9864,-1.00153116421083,0.378344209500959
"2019-05-01",2019-05-01,-0.0100457125303183,1014000,-0.126041381153132,97.559998,0,97.559998,98.550003,9865,-1.07568849037699,0.276071504723583
"2019-05-02",2019-05-02,0.0093276242174585,1255800,-0.11788942357492,98.470001,0.00924142369004344,97.559998,98.470001,9865,-0.935323165268171,0.370627522594929
"2019-05-03",2019-05-03,0.0102569512515797,724000,-0.108841658394025,99.480003,0.0193004115611054,0,99.480003,0,2.08846734101147,0.474497980856054
"2019-05-06",2019-05-06,-0.00683554462699396,656500,-0.114933211007791,98.800003,0.0125506575136441,97.559998,99.480003,9868,-1.05596710582738,0.404688505434134
"2019-05-07",2019-05-07,-0.0133603234809619,1011500,-0.126757989610983,97.480003,0,97.480003,98.800003,9869,-1.10288391405327,0.272175790537698
"2019-05-08",2019-05-08,-0.00636029935288368,674500,-0.132312070204571,96.860001,0,96.860001,97.480003,9870,-1.04381641433912,0.241982021093646
"2019-05-09",2019-05-09,0.00113565970332789,804000,-0.131326671987638,96.970001,0.00113437144339101,96.860001,96.970001,9870,-0.992552469208523,0.253505771122084
"2019-05-10",2019-05-10,0.00608432498623978,731600,-0.126041381153133,97.559998,0.00717504114749978,0,97.559998,0,6.3251249749828,0.315077337373777
"2019-05-13",2019-05-13,-0.0370028810373694,948000,-0.158380367957907,93.949997,0,0,97.559998,9873,-1.25657436080841,0.100266365567906
"2019-05-14",2019-05-14,0.0102182760048412,1048900,-0.149780466266608,94.910004,0.0101149189710287,93.949997,94.910004,9873,-0.945700961538461,0.202006153232754
"2019-05-15",2019-05-15,-0.00705938227544486,951000,-0.155782490973282,94.239998,0.00307726025206412,93.949997,94.910004,9875,-1.04007214596322,0.131118237880626
"2019-05-16",2019-05-16,0.00573006166659727,789100,-0.150945072586538,94.779999,0.00875714294953733,93.949997,94.910004,0,2.8457596147948,0.188293671106629
"2019-05-17",2019-05-17,-0.0143490294824755,762200,-0.163128186772235,93.419998,0,93.419998,94.779999,9877,-1.08071223509938,0.0744556946159127
"2019-05-20",2019-05-20,0.000856369104182525,1025800,-0.162411515607226,93.5,0.000855636363636281,93.419998,93.5,9877,-0.995606699374338,0.0830032643198677
"2019-05-21",2019-05-21,0.0113368770053475,990300,-0.152915877978569,94.559998,0.0120558378184398,0,94.559998,0,14.0899082025978,0.195512505625905
"2019-05-22",2019-05-22,-0.0126903238724687,725700,-0.163665649834247,93.360001,0,0,94.559998,9880,-1.07029859814286,0.0715338724518955
"2019-05-23",2019-05-23,-0.0345973004006287,1568500,-0.192600560582296,90.129997,0,90.129997,93.360001,9881,-1.17679281374774,-0.0857656138068024
"2019-05-24",2019-05-24,0.0134250420534242,1038700,-0.181761189154203,91.339996,0.0132471978649966,90.129997,91.339996,9881,-0.943720976744187,0.0451767280766293
"2019-05-28",2019-05-28,-0.0203634013734794,1444500,-0.198423314478814,89.480003,0,0,91.339996,9883,-1.09167042426464,-0.117419977786302
"2019-05-29",2019-05-29,-0.00044703842935711,1112300,-0.198781650061319,89.440002,0,89.440002,89.480003,9884,-1.00180591471041,-0.119368005327392
"2019-05-30",2019-05-30,-0.019901587211503,755900,-0.21472716692808,87.660004,0,87.660004,89.440002,9885,-1.08021624159897,-0.20605296638054
"2019-05-31",2019-05-31,-0.0244125815919424,988500,-0.233897704037384,85.519997,0,85.519997,87.660004,9886,-1.08927858260117,-0.310270175303506
"2019-06-03",2019-06-03,0.00397572511608008,1122500,-0.230851891897839,85.860001,0.0039599813188913,85.519997,85.860001,9886,-0.986978016085791,-0.272184427556007
"2019-06-04",2019-06-04,0.0355229788548454,726300,-0.203529459917481,88.910004,0.0381285215103578,0,88.910004,0,9.62845994461228,0.0621002853432007
"2019-06-05",2019-06-05,-0.01225963278553,848600,-0.213293896263386,87.82,0.026189968116602,85.519997,88.910004,9889,-1.04797554295021,-0.0558841510372199
"2019-06-06",2019-06-06,-0.00136646549760871,931400,-0.2143689030109,87.699997,0.0248574694934139,85.519997,88.910004,0,-1.00504002583453,-0.0689721249823978
"2019-06-07",2019-06-07,0.00649943009690191,919400,-0.209262748614067,88.269997,0.0311544136565451,85.519997,88.910004,0,1.25332201110815,-0.00698121162315775
"2019-06-10",2019-06-10,0.00135948798095008,1478000,-0.208187750824718,88.389999,0.0324697593898604,85.519997,88.910004,0,1.0422202050668,0.00601346499329544
"2019-06-11",2019-06-11,-0.00690123324925029,2443900,-0.21365223184589,87.779999,0.0257462067184576,85.519997,88.910004,0,-1.02624785079586,-0.0602446083437713
"2019-06-12",2019-06-12,0.00262022103691293,2207900,-0.211591826881444,88.010002,0.0282922956870288,85.519997,88.910004,0,1.09889180943871,-0.0352022249257958
"2019-06-13",2019-06-13,-0.00874905104535732,944600,-0.218489650232635,87.239998,0.0197157386454777,85.519997,88.910004,0,-1.03259966820484,-0.119325936491561
"2019-06-14",2019-06-14,-0.000802384245813407,933900,-0.219116721825228,87.169998,0.0189285423638532,85.519997,88.910004,0,-1.00287002881796,-0.127014351775913
"2019-06-17",2019-06-17,-0.0149133306163436,687900,-0.230762292325423,85.870003,0.0040759984601374,85.519997,88.910004,0,-1.05314779448683,-0.271066628931816
"2019-06-18",2019-06-18,0.0061721087863477,1238400,-0.226014473511094,86.400002,0.0101852428197861,85.519997,88.910004,0,2.49883382425093,-0.212044139648349
"2019-06-19",2019-06-19,-0.0133102080252267,1121800,-0.236316381877176,85.25,0,85.25,88.389999,9899,-1.04558074625064,-0.323418886386028
"2019-06-20",2019-06-20,0.00574777712609971,1318700,-0.231926898645353,85.739998,0.00571492898798531,85.25,85.739998,9899,-0.981425395916459,-0.268488049897127
"2019-06-21",2019-06-21,0.0110800562416622,1673300,-0.223416605484635,86.690002,0.0166109351341347,0,86.690002,0,2.90658644561576,-0.162989161798484
"2019-06-24",2019-06-24,-0.00934369571245371,805900,-0.230672764418331,85.879997,0.00733578274344848,85.25,86.690002,9902,-1.03247815406539,-0.252858690035519
"2019-06-25",2019-06-25,-0.00139724038416074,1020300,-0.231747699500521,85.760002,0.00594685154041863,85.25,86.690002,0,-1.00466,-0.266253060049301
"2019-06-26",2019-06-26,0.0111940179292439,1816000,-0.223147869474547,86.720001,0.0110700990420883,85.760002,86.720001,9902,1.86150586858421,-0.191649994438249
"2019-06-27",2019-06-27,0.0129150713455366,1160500,-0.213114768783879,87.839996,0.0236793498943237,0,87.839996,0,2.13903685994996,-0.0685588850029896
"2019-06-28",2019-06-28,0.0245902105915397,2889300,-0.193765095236902,90,0.0471110888888889,0,90,0,1.98954317154552,0.164014640894605
"2019-07-01",2019-07-01,0.0183333555555556,1792700,-0.17898410406658,91.650002,0.0642662288212498,0,91.650002,0,1.364142292971,0.337629726812263
"2019-07-02",2019-07-02,0.00240044730168142,2564000,-0.177013298674549,91.870003,0.0665070295034169,0,91.870003,0,1.03486746808187,0.360525372752351
"2019-07-03",2019-07-03,0.0100141283330535,767400,-0.16877180423108,92.790001,0.0757624628110523,0,92.790001,0,1.13916473757349,0.455644302626358
"2019-07-05",2019-07-05,0.0121780039640263,1025100,-0.158649103967996,93.919998,0.0868824124123172,0,93.919998,0,1.1467738664858,0.571126183304384
"2019-07-08",2019-07-08,-0.0239565592835724,1612100,-0.178804976587073,91.669998,0.0644703406669651,85.760002,93.919998,9911,-1.12704687335104,0.339713139112946
"2019-07-09",2019-07-09,-0.000872717374773014,870400,-0.179521647752083,91.589996,0.0636531745235582,85.760002,93.919998,0,-1.00400811643327,0.331374705906111
"2019-07-10",2019-07-10,-0.012774299062094,1567900,-0.190002683597672,90.419998,0.0515372274173242,85.760002,93.919998,0,-1.0583831308192,0.208530234731858
"2019-07-11",2019-07-11,0.0101747182078017,1068700,-0.181761189154203,91.339996,0.061090368342035,85.760002,93.919998,0,1.18536388943382,0.305267599016428
"2019-07-12",2019-07-12,0,779700,-0.181761189154203,91.339996,0.061090368342035,85.760002,93.919998,0,-1,0.305267599016428
"2019-07-15",2019-07-15,-0.0176263747592019,1423000,-0.196183773076694,89.730003,0.0442438523043401,85.760002,93.919998,0,-1.07934908431005,0.135278709044101
"2019-07-16",2019-07-16,-0.00267474637218051,920700,-0.198333777613557,89.489998,0.0416805909415709,85.760002,93.919998,0,-1.01095913542259,0.109655878855736
"2019-07-17",2019-07-17,0.00446978443333973,1464400,-0.194750502412,89.889999,0.0459450110795975,85.760002,93.919998,0,1.10231189245864,0.152318476158356
"2019-07-18",2019-07-18,0.0140171655803445,1011000,-0.18346318687082,91.150002,0.0591332954660824,85.760002,93.919998,0,1.28704497129486,0.285375713763789
"2019-07-19",2019-07-19,0.0187602738615408,1824000,-0.168144732638487,92.860001,0.0764591742789233,85.760002,93.919998,0,1.29299701084271,0.462840813344577
"2019-07-22",2019-07-22,-0.00139993537152773,1167100,-0.169309276251258,92.730003,0.0751644642996506,85.760002,93.919998,0,-1.00692584058089,0.44947151941529
"2019-07-23",2019-07-23,0.024587500552545,1466600,-0.148884667622091,95.010002,0.0580991883359817,89.489998,95.010002,9911,-0.879365093978337,0.467733932838854
"2019-07-24",2019-07-24,0.0468371424726419,3346800,-0.109020857538857,99.459999,0.100241314098545,0,99.459999,0,1.72534792601335,0.913544590111313
"2019-07-25",2019-07-25,-0.00432334611223948,1328700,-0.112872868750503,99.029999,0.0963344551785768,89.489998,99.459999,9924,-1.03533279134475,0.871364875223712
"2019-07-26",2019-07-26,0.00615974963303796,941300,-0.107408387729331,99.639999,0.00612203940307143,99.029999,99.639999,9924,-0.951587293902745,0.410647829492334
"2019-07-29",2019-07-29,-0.00622242077702148,746200,-0.112962468322919,99.019997,0,0,99.639999,9926,-1.05170993356296,0.34717268374324
"2019-07-30",2019-07-30,0.000706917815802355,675200,-0.112335405688491,99.089996,0.000706418436024481,99.019997,99.089996,9926,-0.994448929421095,0.354421915964631
"2019-07-31",2019-07-31,-0.0110000609950575,1164200,-0.122099770369071,98,0,0,99.089996,9928,-1.08692152416894,0.297499369380342
"2019-08-01",2019-08-01,-0.0333673163265307,1007700,-0.1513929450343,94.730003,0,94.730003,98,9929,-1.23991179161668,0.138252245176321
"2019-08-02",2019-08-02,-0.0102396386496472,1249500,-0.16008237463269,93.760002,0,93.760002,94.730003,9930,-1.0573965292532,0.0910137095675661
"2019-08-05",2019-08-05,-0.0472482925075024,1516100,-0.199767048278252,89.330002,0,89.330002,93.760002,9931,-1.24790158027464,-0.124724947141848
"2019-08-06",2019-08-06,0.00850771278388649,900900,-0.192958896164801,90.089996,0.00843594221049815,89.330002,90.089996,9931,-0.965919543928149,-0.0418531447535205
"2019-08-07",2019-08-07,-0.0231989798290145,1242800,-0.21168142645386,88,0,0,90.089996,9933,-1.09702859345271,-0.189495341024655
"2019-08-08",2019-08-08,0.0292045454545454,794200,-0.188658940840069,90.57,0.0283758418902506,88,90.57,9933,-0.891239935409218,0.0899225075853355
"2019-08-09",2019-08-09,-0.0123661587722203,775100,-0.198692113196062,89.449997,0.0162101402865334,88,90.57,9935,-1.05318153654058,-0.0307577149938697
"2019-08-12",2019-08-12,-0.0163219569476341,929700,-0.211771026026276,87.989998,0,87.989998,89.449997,9936,-1.06582502254283,-0.189982433134003
"2019-08-13",2019-08-13,0.0100011935447481,986700,-0.203887795499986,88.870003,0.00990216012482859,87.989998,88.870003,9936,-0.962774744618221,-0.0932953261063872
"2019-08-14",2019-08-14,-0.0326319556892555,1398900,-0.229866493680906,85.970001,0,0,88.870003,9938,-1.12741664167398,-0.288355218537399
"2019-08-15",2019-08-15,-0.00558337785758542,1368800,-0.234166440047473,85.489998,0,85.489998,85.970001,9939,-1.018706277273,-0.311731110735252
"2019-08-16",2019-08-16,0.0176629083556652,772000,-0.220639592062339,87,0.0173563448275862,85.489998,87,9939,-0.94223404522701,-0.143840136203844
"2019-08-19",2019-08-19,0.0173563448275862,911600,-0.207112744077204,88.510002,0.0341204827901823,0,88.510002,0,1.96587951720982,0.0208314112336635
"2019-08-20",2019-08-20,-0.0202237143775006,1153900,-0.223147869474547,86.720001,0.0141836137663328,85.489998,88.510002,9942,-1.07742220532487,-0.174723926449063
"2019-08-21",2019-08-21,0.00011533671453717,939300,-0.223058269902131,86.730003,0.0142973014770909,85.489998,88.510002,0,1.00801542629622,-0.173618791358631
"2019-08-22",2019-08-22,0.00622614990570227,981700,-0.218220914222546,87.269997,0.0203964599655023,85.489998,88.510002,0,1.42659508146935,-0.114164380903854
"2019-08-23",2019-08-23,-0.0293342281196596,1281000,-0.241153800263921,84.709999,0,84.709999,87.269997,9945,-1.10509022988506,-0.34971664944737
"2019-08-26",2019-08-26,0.00118048637918172,1074500,-0.240257992661238,84.809998,0.00117909447421516,84.709999,84.809998,9945,-0.996285326618523,-0.338436814041101
"2019-08-27",2019-08-27,-0.00377314004888897,860900,-0.243124605655952,84.489998,0,0,84.809998,9947,-1.0119313949266,-0.36043058177575
"2019-08-28",2019-08-28,0.00745656308336044,622500,-0.237480916531782,85.120003,0.0074013742692185,84.489998,85.120003,9947,-0.976786845128476,-0.289513419187631
"2019-08-29",2019-08-29,0.0252583872676791,526800,-0.218220914222546,87.269997,0.0318551517768473,0,87.269997,0,4.30395094453328,-0.0518712447398571
"2019-08-30",2019-08-30,0.00756277097156315,711800,-0.212308498046453,87.93,0.03912205163198,0,87.93,0,1.22812322182732,0.0197757583908707
"2019-09-03",2019-09-03,-0.0144432616854317,888700,-0.223685332536559,86.660004,0.0250404558024253,84.489998,87.93,9951,-1.053586335897,-0.118624461506315
"2019-09-04",2019-09-04,0.0150010955457606,720500,-0.212039762036364,87.959999,0.0147793885263686,86.660004,87.959999,9951,-0.94793771067537,-0.111097856438247
"2019-09-05",2019-09-05,0.0234197137723934,773800,-0.193585958799229,90.019997,0.0373249623636401,0,90.019997,0,2.52547406119319,0.111787951190023
"2019-09-06",2019-09-06,-0.00222169525288932,963400,-0.195377565046428,89.82,0.035181429525718,86.660004,90.019997,9954,-1.0092548357242,0.0903952687713354
"2019-09-09",2019-09-09,0.037074170563349,1164500,-0.165546855653862,93.150002,0.0357488129737239,89.82,93.150002,9954,1.01612735626877,0.255649083745987
"2019-09-10",2019-09-10,0.0141706813919338,1768000,-0.153722086008836,94.470001,0.0492219852945699,0,94.470001,0,1.37688446692619,0.393176837305842
"2019-09-11",2019-09-11,0.0306975967958336,1116400,-0.127743387827916,97.370003,0.0775393115680607,0,97.370003,0,1.57529833679047,0.688347499034748
"2019-09-12",2019-09-12,0.00195126829769119,1094400,-0.126041381153133,97.559998,0.0793357744841282,0,97.559998,0,1.0231684145724,0.70736630555965
"2019-09-13",2019-09-13,0.0141451827418038,1151500,-0.113679076780769,98.940002,0.0921770953673522,0,98.940002,0,1.16186040870872,0.844381323130698
"2019-09-16",2019-09-16,-0.00939963595311032,1105400,-0.122010170796655,98.010002,0.0835629204456093,89.82,98.940002,9960,-1.07328608088498,0.752261388093949
"2019-09-17",2019-09-17,-0.0185695333421174,796600,-0.138314032204086,96.190002,0.0662231195296161,89.82,98.940002,0,-1.13362706814503,0.569363612966281
"2019-09-18",2019-09-18,0.00166333295221256,752500,-0.136880761539392,96.349998,0.0677737222163721,89.82,98.940002,0,1.02341482397341,0.585584908733567
"2019-09-19",2019-09-19,-0.00591592124371394,706800,-0.141986906978059,95.779999,0.0622259246421585,89.82,98.940002,0,-1.03730360191777,0.527666646011136
"2019-09-20",2019-09-20,-0.0157653165145679,1756300,-0.155513754963194,94.269997,0.0472048068485672,89.82,98.940002,0,-1.09526827700546,0.372470717126953
"2019-09-23",2019-09-23,0.00371280376724732,720100,-0.152378343251233,94.620003,0.0507292628177153,89.82,98.940002,0,1.07466307362414,0.408675901027858
"2019-09-24",2019-09-24,-0.00539000194282387,942500,-0.156947025627888,94.110001,0.0455849639189783,89.82,98.940002,0,-1.02998249146943,0.35587300911769
"2019-09-25",2019-09-25,0.0127510040085962,623300,-0.14619725377221,95.309998,0.057601491083863,89.82,98.940002,0,1.26360725405515,0.479637936928564
"2019-09-26",2019-09-26,-0.0144790476231044,653200,-0.15855950439558,93.93,0.0437559885020762,89.82,98.940002,0,-1.08455870616168,0.337164156689108
"2019-09-27",2019-09-27,-0.00841052911742791,946000,-0.165636464184444,93.139999,0.0356452548383644,89.82,98.940002,0,-1.04463283242364,0.25459896758771
"2019-09-30",2019-09-30,0.00193258537612815,745400,-0.164023985416752,93.32,0.0375053579082726,89.82,98.940002,0,1.05218375007677,0.273477039955104
"2019-10-01",2019-10-01,-0.0368624410630089,1190100,-0.194840101984416,89.879997,0.000667523386766566,89.82,98.940002,0,-1.1878756725083,-0.0943116096233318
"2019-10-02",2019-10-02,-0.029706253773017,1031000,-0.218758386242723,87.209999,0,87.209999,98.010002,9972,-1.12275852873563,-0.22796797184612
"2019-10-03",2019-10-03,-0.00447195280898929,1119600,-0.222252061871865,86.82,0,86.82,87.209999,9973,-1.01597047632846,-0.246960716852445
"2019-10-04",2019-10-04,0.0254549527758582,1044100,-0.202454524835292,89.029999,0.0248230823859721,86.82,89.029999,9973,-0.910923044448574,-0.00438867048162819
"2019-10-07",2019-10-07,-0.00292038641941353,926800,-0.204783665809828,88.769997,0.0219668476501133,86.82,89.029999,9975,-1.01150451429243,-0.0325780415291401
"2019-10-08",2019-10-08,-0.0145318693657273,1128500,-0.216339645695772,87.480003,0.00754461565347686,86.82,89.029999,0,-1.05643018372703,-0.173803961271265
"2019-10-09",2019-10-09,0.0108595903911893,486800,-0.207829415242214,88.43,0.0182064910098384,86.82,89.029999,0,2.41317674034835,-0.0695782243869344
"2019-10-10",2019-10-10,0.0119868596630102,504600,-0.198333777613557,89.489998,0.0224605547538397,87.480003,89.489998,9975,1.23365643284598,0.00516957701333032
"2019-10-11",2019-10-11,0.0236898317955041,961100,-0.179342439649085,91.610001,0.0450823922597708,0,91.610001,0,2.00718071097794,0.231392190246336
"2019-10-14",2019-10-14,0.00491209469586182,834000,-0.175311291999767,92.059998,0.0497501097056291,0,92.059998,0,1.10353748352488,0.278682020252026
"2019-10-15",2019-10-15,0.0169455250259728,684500,-0.161336508859712,93.620003,0.065584274762307,0,93.620003,0,1.31827397266797,0.440733055352398
"2019-10-16",2019-10-16,-0.00427261255268279,788400,-0.164919793019434,93.220001,0.0615747472476427,87.480003,93.620003,9982,-1.02221000184675,0.399456087676918
"2019-10-17",2019-10-17,0.0058999784820857,884500,-0.159992837767433,93.769997,0.00586537290813827,93.220001,93.769997,9982,-0.970125142884333,0.123386515422344
"2019-10-18",2019-10-18,0.00970462865643478,1407900,-0.151840880189221,94.68,0.015420352767216,0,94.68,0,2.62904899803047,0.219647125532865
"2019-10-21",2019-10-21,0.022919286016054,1117000,-0.132401678735153,96.849998,0.0374806099634613,0,96.849998,0,2.43059354926989,0.44525153753709
"2019-10-22",2019-10-22,0.00681470328992677,1084600,-0.126489253600894,97.510002,0.0439954969952724,0,97.510002,0,1.17382019764786,0.51281040565736
"2019-10-23",2019-10-23,0.0271767197789618,1836200,-0.102750096822094,100.160004,0.0692891645651292,0,100.160004,0,1.57491491851029,0.779368617881214
"2019-10-24",2019-10-24,0.00189690487632168,975500,-0.101048099105476,100.349998,0.0710512918993781,0,100.349998,0,1.02543149921504,0.798200716434478
"2019-10-25",2019-10-25,0.0117588542453185,955500,-0.0904774547293058,101.529999,0.0818477108425856,0,101.529999,0,1.1519524649671,0.914358948691056
"2019-10-28",2019-10-28,0.00984930572096233,1219100,-0.081519289120827,102.529999,0.0908026732741898,0,102.529999,0,1.10941005361563,1.01174047727176
"2019-10-29",2019-10-29,-0.00175559350195648,938800,-0.0831317678885188,102.349998,0.0892036851822899,93.220001,102.529999,9991,-1.01978033401766,0.994281909953228
"2019-10-30",2019-10-30,-0.0128969128069743,988800,-0.0949565375335453,101.029999,0.0773037521261384,93.220001,102.529999,0,-1.14224128687945,0.865306791314327
"2019-10-31",2019-10-31,-0.0133623578477913,1051500,-0.107050052146826,99.68,0.0648073735955057,93.220001,102.529999,0,-1.12735842025631,0.731628219005108
"2019-11-01",2019-11-01,0.0174558386837881,811800,-0.0914628619044041,101.419998,0.0808518749921491,93.220001,102.529999,0,1.24757215894575,0.903588274028053
"2019-11-04",2019-11-04,0.0241570207879514,679600,-0.0695153113728031,103.870003,0.0403389128620704,99.68,103.870003,9991,-0.760038664058639,0.802660722115051
"2019-11-05",2019-11-05,0.0156926634535671,1205100,-0.0549135283054792,105.5,0.0551658767772512,0,105.5,0,1.36755982903848,0.962644861063788
"2019-11-06",2019-11-06,0.00483414218009479,1071800,-0.0503448459288238,106.010002,0.0597113657256604,0,106.010002,0,1.082396749838,1.01219242938325
"2019-11-07",2019-11-07,0.011791340217124,1949900,-0.0391471389182252,107.260002,0.0706694187829681,0,107.260002,0,1.18351703941346,1.13263827097229
"2019-11-08",2019-11-08,0.00363602454529136,866500,-0.0356534543309185,107.650002,0.0740362457215745,0,107.650002,0,1.04764192201646,1.16993421938197
"2019-11-11",2019-11-11,-0.0080817741183135,791100,-0.0434470852847918,106.779999,0.0664918436644675,99.68,107.650002,10000,-1.21859399320853,1.08655173606089
"2019-11-12",2019-11-12,-0.0035586907993884,921100,-0.046851161341517,106.400002,0.0631579123466557,99.68,107.650002,0,-1.07834992921647,1.04992175964068
"2019-11-13",2019-11-13,-0.00761283820276621,716800,-0.0541073292333786,105.589996,0.0559711736327747,99.68,107.650002,0,-1.15487701231072,0.971405471515657
"2019-11-14",2019-11-14,0.00217827454032666,609100,-0.0520469153107659,105.82,0.0580230580230578,99.68,107.650002,0,1.03665966348581,0.993761248507458
"2019-11-15",2019-11-15,0.00689853524853535,516600,-0.0455074275420796,106.550003,0.0644767978091938,99.68,107.650002,0,1.11122715703077,1.06439661479604
"2019-11-18",2019-11-18,0.000281548560819744,943600,-0.0452386915319907,106.580002,0.0647401188827148,99.68,107.650002,0,1.00408396636415,1.06728904832179
"2019-11-19",2019-11-19,0.00450362160811369,545300,-0.0409388078725832,107.059998,0.0689332910318192,99.68,107.650002,0,1.06476929949265,1.11346003281447
"2019-11-20",2019-11-20,-0.00709877651968562,793600,-0.0477469689441991,106.300003,0.0622766021935107,99.68,107.650002,0,-1.16630091166322,1.04026077563258
"2019-11-21",2019-11-21,0.00479769506685705,901100,-0.0431783492747029,106.809998,0.0667540317714451,99.68,107.650002,0,1.07189585526875,1.08943801041591
"2019-11-22",2019-11-22,0.00299596485340267,693400,-0.0403117452381552,107.129997,0.069541652278773,99.68,107.650002,0,1.0417595826552,1.12017619460067
"2019-11-25",2019-11-25,0.00308038839952542,879400,-0.0373555326710261,107.459999,0.0723990235659688,99.68,107.650002,0,1.04108863096524,1.15178070727983
"2019-11-26",2019-11-26,-0.0067001768723262,1299300,-0.0438054208672963,106.739998,0.066142009858385,99.68,107.650002,0,-1.17266219312335,1.08270189937127
"2019-11-27",2019-11-27,0.00890016880082766,566200,-0.0352951277065789,107.690002,0.0195004732194174,105.589996,107.690002,10000,-0.805725113645218,0.875408188954743
"2019-11-29",2019-11-29,-0.00417869803735362,390400,-0.0393263380630569,107.239998,0.0153860689180543,105.589996,107.690002,10013,-1.11421435814005,0.831126006365806
"2019-12-02",2019-12-02,-0.00671392216922641,866700,-0.0457762262593273,106.519997,0.00873076442163256,105.589996,107.690002,0,-1.16400937676751,0.759881961556692
"2019-12-03",2019-12-03,-0.0113593600645709,595400,-0.0566155976874211,105.309998,0,105.309998,107.239998,10015,-1.2367904109589,0.653492405287456
"2019-12-04",2019-12-04,0.00978062880601333,776100,-0.0473887050270189,106.339996,0.00968589466563463,105.309998,106.339996,10015,-0.837025607124302,0.756308403443117
"2019-12-05",2019-12-05,0.0140117176607755,1014500,-0.0340409845213919,107.830002,0.0233701562947203,0,107.830002,0,2.41280306068547,0.903262957385581
"2019-12-06",2019-12-06,0.0102939810758792,1129600,-0.0240974206959802,108.940002,0.0333211302860084,0,108.940002,0,1.42579835007506,1.01141606714183
"2019-12-09",2019-12-09,0.00183584538579315,1455900,-0.0223058144487814,109.139999,0.0350925511736536,0,109.139999,0,1.05316208881393,1.0307858292509
"2019-12-10",2019-12-10,-0.0034817390826621,1350300,-0.0257098905055065,108.760002,0.0317212572320476,105.309998,109.139999,10020,-1.15260935952559,0.99395273758422
"2019-12-11",2019-12-11,-0.00422948686595276,1714200,-0.0298306377272413,108.300003,0.0276085403247867,105.309998,109.139999,0,-1.16027867644369,0.949192976999586
"2019-12-12",2019-12-12,0.014589048534006,1549800,-0.0156767898148383,109.879997,0.0143792686852731,108.300003,109.879997,10020,-0.525526472420076,0.954219271153346
"2019-12-13",2019-12-13,-0.0167455046435795,1070200,-0.032159778701777,108.040001,0,0,109.879997,10023,-2.05142628571426,0.786442107326433
"2019-12-16",2019-12-16,0.00157347277329248,1040900,-0.0306369084646666,108.209999,0.00157100084623407,108.040001,108.209999,10023,-0.952646743896088,0.803261386162244
"2019-12-17",2019-12-17,0.00508273731709399,1310200,-0.0257098905055063,108.760002,0.00662008998491925,0,108.760002,0,4.21393152065361,0.857494714718775
"2019-12-18",2019-12-18,-0.00625229852423142,1728900,-0.031801443119272,108.080002,0.000370105470575255,108.040001,108.760002,10026,-1.23693421068678,0.79040214730779
"2019-12-19",2019-12-19,-0.00841972597298792,1201600,-0.0399534096556501,107.169998,0,107.169998,108.080002,10027,-1.25633951597114,0.744073421422788
"2019-12-20",2019-12-20,-0.00531865270726241,2214300,-0.045059564052483,106.599998,0,106.599998,107.169998,10028,-1.12780271923828,0.716314722929703
"2019-12-23",2019-12-23,-0.00187613511962729,513900,-0.0468511613415163,106.400002,0,106.400002,106.599998,10029,-1.0397606440876,0.706575023519487
"2019-12-24",2019-12-24,0.00291350558433256,204300,-0.0440741568773848,106.709999,0.00290504172903228,106.400002,106.709999,10029,-0.940727094385369,0.73746445514295
"2019-12-26",2019-12-26,-0.00131195765450249,1186800,-0.0453282911044062,106.57,0.00159517687904653,106.400002,106.709999,10031,-1.02845509286792,0.723525731049661
"2019-12-27",2019-12-27,0.00394105282912646,993000,-0.0415658794651764,106.989998,0.00392558190345982,106.57,106.989998,10031,2.46090697215108,0.756648243139113
"2019-12-30",2019-12-30,-0.00626224892536223,655800,-0.0475678325065261,106.32,0,0,106.989998,10033,-1.14439615180952,0.702678968437304
"2019-12-31",2019-12-31,-0.00075246425884117,741400,-0.0482845036715355,106.239998,0,106.239998,106.32,10034,-1.01506629853086,0.698782913355123
"2020-01-02",2020-01-02,0.0126129896952746,675700,-0.0362805259235113,107.580002,0.0124558837617422,106.239998,107.580002,10034,-0.751390677437972,0.831754591856138
"2020-01-03",2020-01-03,-0.0205428421538791,995900,-0.056078062960084,105.370003,0,0,107.580002,10036,-1.54567943911042,0.656414617047243
"2020-01-06",2020-01-06,-0.00123379516274662,878100,-0.0572426692800142,105.239998,0,105.239998,105.370003,10037,-1.02076759179002,0.650083442314624
"2020-01-07",2020-01-07,0.00551123157565998,686200,-0.0520469153107653,105.82,0.00548102438102427,105.239998,105.82,10037,-0.909232849645205,0.708125845279671
"2020-01-08",2020-01-08,0.00916651861651872,1099900,-0.0433574857123752,106.790001,0.0145144956033852,0,106.790001,0,2.64813556634332,0.8044732374798
"2020-01-09",2020-01-09,0.0125479538107692,1001600,-0.0313535796296761,108.129997,0.0267270792581267,0,108.129997,0,1.84140599773189,0.936121868707918
"2020-01-10",2020-01-10,-0.0105428561142012,1035900,-0.0415658794651764,106.989998,0.0163566691533166,105.239998,108.129997,10041,-1.325714,0.824227633829695
"2020-01-13",2020-01-13,0.0157958877613962,1231600,-0.0264265616705159,108.68,0.0155502576370998,106.989998,108.68,10041,-0.635775352537793,0.90214592477674
"2020-01-14",2020-01-14,-0.00625690099374316,1133200,-0.0325181142842816,108,0.00935187037037033,106.989998,108.68,10043,-1.23050870899191,0.8353338566081
"2020-01-15",2020-01-15,-0.00907410185185182,907300,-0.0412971434550877,107.019997,0.000280312099055657,106.989998,108.68,0,-1.26997350135551,0.738292318843865
"2020-01-16",2020-01-16,0.00850311180629171,967000,-0.0331451858768752,107.93,0.00870936718243309,106.989998,108.68,0,31.0702506662183,0.828432039544159
"2020-01-17",2020-01-17,0.0134346057629945,2064600,-0.0201558726190775,109.379997,0.0215761571103352,107.019997,109.379997,10043,2.47735072576279,0.96899413711471
"2020-01-21",2020-01-21,-0.00740534853004256,1978900,-0.0274119598874486,108.57,0.0142765312701482,107.019997,109.379997,10047,-1.35999866666667,0.889864596538554
"2020-01-22",2020-01-22,-0.0323293911761997,3113300,-0.0588551390895408,105.059998,0,105.059998,108.57,10048,-2.1470606016934,0.641317537527332
"2020-01-23",2020-01-23,-0.00942316789307382,1583400,-0.0677237051256036,104.07,0,104.07,105.059998,10049,-1.1506846500281,0.593105158596179
"2020-01-24",2020-01-24,-0.0235418180071106,1319800,-0.08967118399188,101.620003,0,101.620003,104.07,10050,-1.32407380584939,0.473791600645368
"2020-01-27",2020-01-27,-0.0310962793417749,1305600,-0.117979023147336,98.459999,0,98.459999,101.620003,10051,-1.31568490450644,0.319901077359505
"2020-01-28",2020-01-28,0.0131017775045885,1192000,-0.106422980554232,99.75,0.0129323408521304,98.459999,99.75,10051,-0.902050023090359,0.453027810280255
"2020-01-29",2020-01-29,-0.0011027669172932,1058000,-0.10740838772933,99.639999,0.0118426335993842,98.459999,99.75,10053,-1.00925934577256,0.441746820465902
"2020-01-30",2020-01-30,0.0141509836827678,710100,-0.0947773383887127,101.050003,0.013953527542201,99.639999,101.050003,10053,1.1782453138571,0.521888768202702
"2020-01-31",2020-01-31,-0.0320633835112307,1253300,-0.123801839751013,97.809998,0,0,101.050003,10055,-1.30623883151541,0.288246372483709
"2020-02-03",2020-02-03,-0.00153352421088887,1643500,-0.125145510843291,97.660004,0,97.660004,97.809998,10056,-1.01085340165365,0.280941744024461
"2020-02-04",2020-02-04,0.0282612521703358,1374200,-0.100421027512883,100.419998,0.0274845056260608,97.660004,100.419998,10056,-0.80243411718245,0.564766609165691
"2020-02-05",2020-02-05,0.0298745275816476,797000,-0.0735465306874459,103.419998,0.055695166422262,0,103.419998,0,2.02642052871608,0.864227252739553
"2020-02-06",2020-02-06,-0.0074453298674402,790800,-0.0804442823733124,102.650002,0.048611767197043,97.660004,103.419998,10059,-1.09378758755026,0.788221217166509
"2020-02-07",2020-02-07,-0.0135411590152721,765700,-0.0928961325690979,101.260002,0.0355520237892154,97.660004,103.419998,0,-1.15478850489338,0.649531984549484
"2020-02-10",2020-02-10,-0.00197515303229015,535300,-0.0946878015234561,101.059998,0.0336433214653338,97.660004,103.419998,0,-1.01928679811321,0.629415575478728
"2020-02-11",2020-02-11,0.0181080648744918,1003800,-0.0782943495017741,102.889999,0.0508309364450475,97.660004,103.419998,0,1.51087747080573,0.811973062292287
"2020-02-12",2020-02-12,-0.00447078437623463,704100,-0.0824150967235087,102.43,0.0465683491164698,97.660004,103.419998,0,-1.05263147657471,0.766398557868152
"2020-02-13",2020-02-13,-0.0119105828370596,705200,-0.0933440677240187,101.209999,0.0350755363607897,97.660004,103.419998,0,-1.13260884758984,0.644506525901538
"2020-02-14",2020-02-14,-9.8824227831482e-05,688800,-0.0934336672964347,101.199997,0.0349801690211512,97.660004,103.419998,0,-1.00095988502109,0.64350098624412
"2020-02-18",2020-02-18,-0.00365607718348058,667900,-0.0967481437807438,100.830002,0.0314390353775853,97.660004,103.419998,0,-1.03547411313519,0.606231683411472
"2020-02-19",2020-02-19,0.0222155901573819,691000,-0.0766818707340824,103.07,0.0524885611720189,97.660004,103.419998,0,1.6695347214578,0.8297503972287
"2020-02-20",2020-02-20,-0.00358982245076159,753000,-0.0799964188837163,102.699997,0.0490749089311073,97.660004,103.419998,0,-1.04322466468154,0.793173734729413
"2020-02-21",2020-02-21,-0.00740014627264292,990400,-0.0868045799553322,101.940002,0.0419854612127633,97.660004,103.419998,0,-1.08510582306831,0.717621861011176
"2020-02-24",2020-02-24,-0.0530704619762515,1437100,-0.1352682827717,96.529999,0,96.529999,103.07,10070,-1.55830813122195,0.225911098251341
"2020-02-25",2020-02-25,-0.0559411794876327,1748600,-0.183642394973817,91.129997,0,91.129997,96.529999,10071,-1.35761607385643,-0.0370661427663004
"2020-02-26",2020-02-26,-0.019313004037518,2473700,-0.199408712695746,89.370003,0,89.370003,91.129997,10072,-1.08585336585366,-0.122776919600754
"2020-02-27",2020-02-27,-0.0189101817530429,3088200,-0.214548039448572,87.68,0,87.68,89.370003,10073,-1.07592108964629,-0.205079171757611
"2020-02-28",2020-02-28,0.000912431569342989,3582300,-0.213831368283563,87.760002,0.00091159979690969,87.68,87.760002,10073,-0.996659623798701,-0.196227366821005
"2020-03-02",2020-03-02,0.00831809461444634,3152600,-0.207291943222036,88.489998,0.0091535542807899,0,88.489998,0,10.04119824491,-0.115871030873289
"2020-03-03",2020-03-03,-0.0570685514084879,2853800,-0.252530643712191,83.440002,0,0,88.489998,10076,-1.21823665593071,-0.411564831570388
"2020-03-04",2020-03-04,0.0192953135355869,1837900,-0.238107988124375,85.050003,0.0189300522423261,83.440002,85.050003,10076,-0.942887503172668,-0.230248778699148
"2020-03-05",2020-03-05,-0.0489124497738113,2639700,-0.275373992888309,80.889999,0,0,85.050003,10078,-1.15650883894105,-0.535748628822075
"2020-03-06",2020-03-06,-0.0401780200293982,2610500,-0.304488031115866,77.639999,0,77.639999,80.889999,10079,-1.1057254460459,-0.6940219097037
"2020-03-09",2020-03-09,-0.0877124818097951,3275900,-0.36549311203511,70.830002,0,70.830002,77.639999,10080,-1.20035296854092,-1.02566516139109
"2020-03-10",2020-03-10,0.049837623892768,2591800,-0.333870796395345,74.360001,0.047471744923726,70.830002,74.360001,10080,-0.913480406063775,-0.595684395212633
"2020-03-11",2020-03-11,-0.0388649806500137,2440700,-0.359759895003849,71.470001,0.00895479209521777,70.830002,74.360001,10082,-1.07754226751192,-0.945816417087847
"2020-03-12",2020-03-12,-0.117951586428549,3488100,-0.435277231083326,63.040001,0,63.040001,71.470001,10083,-1.20991037947315,-1.40503408949605
"2020-03-13",2020-03-13,0.206376932005442,3534000,-0.318731478600685,76.050003,0.171071682929454,63.040001,76.050003,10083,-0.732249370837569,0.158546846464399
"2020-03-16",2020-03-16,-0.181854062517262,2885200,-0.442622926882279,62.220001,0,0,76.050003,10085,-1.38870163946627,-1.44496765574926
"2020-03-17",2020-03-17,0.101735806786631,3567800,-0.385917720664276,68.550003,0.0923413818085463,62.220001,68.550003,10085,-0.871888230875388,-0.634702439127897
"2020-03-18",2020-03-18,-0.0345733464081686,2953900,-0.407148600030868,66.18,0.0598367935932306,62.220001,68.550003,10087,-1.0550140048766,-0.926825733307225
"2020-03-19",2020-03-19,0.0185857358718645,2586700,-0.396130020499776,67.410004,0.076991584216491,62.220001,68.550003,0,1.28669301266171,-0.773666226784314
"2020-03-20",2020-03-20,-0.0422786801792803,2422900,-0.421660846232935,64.559998,0.0362453078142907,62.220001,68.550003,0,-1.06445062078594,-1.13396988237137
"2020-03-23",2020-03-23,-0.0224596816127534,2312000,-0.434650159490732,63.110001,0.0141023607336022,62.220001,68.550003,0,-1.03080512068845,-1.32496015534891
"2020-03-24",2020-03-24,0.106956106687433,1936800,-0.3741825416335,69.860001,0.0966218136756111,63.110001,69.860001,10087,6.85146377268503,-0.547636424365109
"2020-03-25",2020-03-25,0.0429430283002716,1827900,-0.347308044808063,72.860001,0.133818279799365,0,72.860001,0,1.3849696534225,-0.199326051343232
"2020-03-26",2020-03-26,0.0341750887431363,1585800,-0.325002239317448,75.349998,0.162441902121882,0,75.349998,0,1.21389919497869,0.0775427076521747
"2020-03-27",2020-03-27,-0.0181817523074122,1582100,-0.337274881410236,73.980003,0.146931624212018,63.110001,75.349998,10094,-1.03776171548406,-0.0734941861968321
"2020-03-30",2020-03-30,0.0244660438848591,1455500,-0.32106061957522,75.790001,0.0238817518949499,73.980003,75.790001,10094,-0.951925676269695,-0.654286945134039
"2020-03-31",2020-03-31,-0.0043541627608635,1585500,-0.324016832142349,75.459999,0.0196129872728994,73.980003,75.790001,10096,-1.00920764611693,-0.693564246176532
"2020-04-01",2020-04-01,-0.0326000401881796,1657900,-0.346053910581042,73,0,73,75.459999,10097,-1.06801214089091,-0.919987406632146
"2020-04-02",2020-04-02,0.0536986027397261,1883900,-0.310937919312136,76.919998,0.0509620138055646,73,76.919998,10097,-0.898524506745366,-0.452039670615689
"2020-04-03",2020-04-03,0.00143007023999139,1520200,-0.309952512137037,77.029999,0.0523172666794401,0,77.029999,0,1.02659339324867,-0.439315089350663
"2020-04-06",2020-04-06,0.0563417377170158,2238600,-0.271074037563577,81.370003,0.102863496269012,0,81.370003,0,1.96614813421504,0.0468263798995745
"2020-04-07",2020-04-07,0.0151160741631041,2169000,-0.260055538655976,82.599998,0.116222738891592,0,82.599998,0,1.12987350330424,0.179351627764847
"2020-04-08",2020-04-08,0.00944308739571645,1742500,-0.253068178439528,83.379997,0.124490253939443,0,83.379997,0,1.0711350904883,0.262282038814295
"2020-04-09",2020-04-09,0.01810988311741,2148000,-0.239541330454393,84.889999,0.140063601602822,0,84.889999,0,1.12509692261496,0.420480066981617
"2020-04-13",2020-04-13,-0.0157850867685839,1136500,-0.251545236537093,83.550003,0.126271724969298,73,84.889999,10104,-1.05011204563291,0.280245890894634
"2020-04-14",2020-04-14,-0.00191506875230155,1277000,-0.252978578867112,83.389999,0.124595264715137,73,84.889999,0,-1.0056981493657,0.263340003293427
"2020-04-15",2020-04-15,-0.0539633055997518,1567900,-0.293290324105267,78.889999,0.0746609085392433,73,84.889999,0,-1.15934845321165,-0.227266845744021
"2020-04-16",2020-04-16,-0.0117885665076508,1722000,-0.301621418121152,77.959999,0.0636223584353817,73,84.889999,0,-1.02840562177188,-0.332566464449618
"2020-04-17",2020-04-17,0.026167278426979,3483900,-0.28334675132169,80,0.0875,73,84.889999,0,1.37530267899248,-0.103412951310296
"2020-04-20",2020-04-20,-0.00837497500000008,2361600,-0.289348704363039,79.330002,0.0797932918241953,73,84.889999,0,-1.02118236052947,-0.177937645218272
"2020-04-21",2020-04-21,-0.0617673248010253,3134200,-0.333243733760917,74.43,0.0192126830579068,73,84.889999,0,-1.15170287178063,-0.745900835181833
"2020-04-22",2020-04-22,0.0233776434233508,1038200,-0.317656543518495,76.169998,0.0416174095212659,73,84.889999,0,2.16614251095651,-0.539364549936663
"2020-04-23",2020-04-23,-0.00735193665096341,889700,-0.322673089384746,75.610001,0.0345192562555315,73,84.889999,0,-1.01579235803137,-0.605223953002856
"2020-04-24",2020-04-24,0.0235418327795024,997300,-0.306727572517985,77.389999,0.0567256629632468,73,84.889999,0,1.64330490041067,-0.397817818928263
"2020-04-27",2020-04-27,0.0325624115849904,1079100,-0.28415295039379,79.910004,0.0864723270443085,73,84.889999,0,1.52439517719405,-0.113382469804676
"2020-04-28",2020-04-28,0.00275300949803484,927100,-0.282182216667084,80.129997,0.0889803727310761,73,84.889999,0,1.02900402675046,-0.0890343836142623
"2020-04-29",2020-04-29,0.0238363168789336,1046300,-0.265072084522227,82.040001,0.110190161991831,73,84.889999,0,1.23836480574044,0.119285040733121
"2020-04-30",2020-04-30,-0.0351047899182742,1089900,-0.290871574600149,79.160004,0.0778171259314236,73,84.889999,0,-1.09733009088612,-0.196959531631663
"2020-05-01",2020-05-01,-0.0466144872857763,1280500,-0.323927232569933,75.470001,0.0327282492019577,73,84.889999,0,-1.11364347999706,-0.621778369648842
"2020-05-04",2020-05-04,-0.00675767845822607,1033100,-0.328495914946589,74.959999,0.0261472655569271,73,84.889999,0,-1.0141040391708,-0.682391542173852
"2020-05-05",2020-05-05,-0.0252134341677353,1006300,-0.345426838988448,73.07,0.000957985493362457,73,84.889999,0,-1.05154074456181,-0.911370526231766
"2020-05-06",2020-05-06,-0.0136855070480361,881400,-0.354385004596927,72.07,0,72.07,83.550003,10121,-1.02593361197616,-0.96527791469981
"2020-05-07",2020-05-07,0.0259470237269323,1048800,-0.33763321699274,73.940002,0.0252908026699812,72.07,73.940002,10121,-0.952729976192869,-0.736720864405212
"2020-05-08",2020-05-08,0.0277251277326175,1271900,-0.319269013328021,75.989998,0.0515857100035719,0,75.989998,0,2.03970236440148,-0.493939565441712
"2020-05-11",2020-05-11,-0.0160547576274446,994900,-0.330197984328531,74.769997,0.0361107009272718,72.07,75.989998,10124,-1.0342312299167,-0.637480098102491
"2020-05-12",2020-05-12,-0.0256787358169883,1180700,-0.347397653338645,72.849998,0.010706904892434,72.07,75.989998,0,-1.05208895822029,-0.869086244144021
"2020-05-13",2020-05-13,-0.0356897470333493,1214800,-0.370688866004358,70.25,0,70.25,74.769997,10126,-1.06704481864479,-1.05391095199352
"2020-05-14",2020-05-14,0.028612128113879,1184400,-0.352682935214985,72.260002,0.0278162461163508,70.25,72.260002,10126,-0.951425757715739,-0.804806852475548
"2020-05-15",2020-05-15,-0.0156380427445878,890100,-0.362805707143394,71.129997,0.012371672109026,70.25,72.260002,10128,-1.02870218804955,-0.943799172711425
"2020-05-18",2020-05-18,0.0676227358761171,1126800,-0.319716885775782,75.940002,0.0633395427089929,71.129997,75.940002,10128,5.11972368413985,-0.432476727153502
"2020-05-19",2020-05-19,-0.0338424931829737,865400,-0.342739362431408,73.370003,0.0305302699796809,71.129997,75.940002,10130,-1.07200894816601,-0.735996083810482
"2020-05-20",2020-05-20,0.0189450585138998,1053800,-0.330287521193788,74.760002,0.0485554427887789,71.129997,75.940002,0,1.59040332172282,-0.570313227761891
"2020-05-21",2020-05-21,-0.0109684320233163,1084400,-0.33763321699274,73.940002,0.038003853448638,71.129997,75.940002,0,-1.02224030678605,-0.667608629234476
"2020-05-22",2020-05-22,-0.000811536358898176,1071400,-0.338170751720077,73.879997,0.0372225245217592,71.129997,75.940002,0,-1.00159206707244,-0.67477839647723
"2020-05-26",2020-05-26,0.0711965648834555,1920700,-0.291050782703147,79.139999,0.0729087196475704,73.370003,79.139999,10130,1.95872581412231,-0.224617440664195
"2020-05-27",2020-05-27,0.0475107789677884,1489300,-0.257368053140769,82.900002,0.114957765622249,0,82.900002,0,1.57673548757868,0.187084862106557
"2020-05-28",2020-05-28,-0.0359469713884928,1061900,-0.284063422486699,79.919998,0.0819568964453679,73.370003,82.900002,10136,-1.10372448724756,-0.137443101120286
"2020-05-29",2020-05-29,-0.0113863366212798,1514200,-0.292215317357752,79.010002,0.0713833547302024,73.370003,82.900002,0,-1.02869744650575,-0.239240600363675
"2020-06-01",2020-06-01,0.0210099475760045,857400,-0.27734479828034,80.669998,0.0904920686870478,73.370003,82.900002,0,1.26769145312752,-0.0545185548631986
"2020-06-02",2020-06-02,0.00235531182237032,1134600,-0.275642719940232,80.860001,0.0926292098363937,73.370003,82.900002,0,1.02361688908601,-0.0336473222340764
"2020-06-03",2020-06-03,0.0529309664490359,1142800,-0.237301789052274,85.139999,0.0719990259807262,79.010002,85.139999,10136,-0.860903524329349,0.0626339980608188
"2020-06-04",2020-06-04,0.0333568714277292,1332900,-0.211860562891531,87.980003,0.101954997660093,0,87.980003,0,1.41606079070273,0.363790992678755
"2020-06-05",2020-06-05,0.0309160480478729,2437900,-0.187494406185462,90.699997,0.128886387945525,0,90.699997,0,1.26414978082015,0.642660965990789
"2020-06-08",2020-06-08,0.00507174217436859,1782000,-0.183373587298403,91.160004,0.133282157381213,0,91.160004,0,1.03410576947463,0.688959880803763
"2020-06-09",2020-06-09,0.00910480433941182,1227600,-0.175938363592359,91.989998,0.141102253312366,0,91.989998,0,1.05867323942533,0.771892707607282
"2020-06-10",2020-06-10,-0.0473964680377534,1323400,-0.214995974603492,87.629997,0.0983680850747947,79.010002,91.989998,10145,-1.2219959889,0.327246274513533
"2020-06-11",2020-06-11,-0.063676756716082,1613600,-0.264982484949811,82.050003,0.0370505897483027,79.010002,91.989998,0,-1.23249975,-0.277838118637697
"2020-06-12",2020-06-12,0.019012772004408,1150300,-0.251007764516915,83.610001,0.05501732980484,79.010002,91.989998,0,1.48492453638637,-0.104194060458632
"2020-06-15",2020-06-15,-0.00107647409309316,1447600,-0.251814035254341,83.519997,0.0539989842193123,79.010002,91.989998,0,-1.00321213464841,-0.114113261962964
"2020-06-16",2020-06-16,0.0168822204339878,1137000,-0.239182994871889,84.93,0.0697044389497233,79.010002,91.989998,0,1.29084722532233,0.0399330443290294
"2020-06-17",2020-06-17,-0.0130695867184742,1770900,-0.2491265586973,83.82,0.0573848484848484,79.010002,91.989998,0,-1.04157303837899,-0.0810966268129948
"2020-06-18",2020-06-18,-0.0143163564781675,1672700,-0.259876330552978,82.620003,0.0436940313352445,79.010002,91.989998,0,-1.04314984284249,-0.21396353377762
"2020-06-19",2020-06-19,0.000484156361020753,4060100,-0.259517994970473,82.660004,0.0441568088963558,79.010002,91.989998,0,1.01059132213186,-0.209499698489662
"2020-06-22",2020-06-22,-0.0110090001931285,1518000,-0.267669961506851,81.75,0.0335167951070336,79.010002,91.989998,0,-1.03141195097976,-0.311658950915057
"2020-06-23",2020-06-23,-0.00795109480122325,1938800,-0.273492787068694,81.099998,0.0257706048278817,79.010002,91.989998,0,-1.02175375051075,-0.385424487619485
"2020-06-24",2020-06-24,-0.0483353649404528,1644500,-0.3086087783376,77.18,0,77.18,87.629997,10155,-1.12839823545359,-0.716423617682856
"2020-06-25",2020-06-25,0.0163254988338948,1440700,-0.297321471754585,78.440002,0.0160632581319924,77.18,78.440002,10155,-0.963425192751105,-0.567737146312075
"2020-06-26",2020-06-26,-0.028556921760405,1970600,-0.317387807508406,76.199997,0,0,78.440002,10157,-1.06749036870901,-0.76414924540096
"2020-06-29",2020-06-29,0.0013124147498327,1134200,-0.316491937198564,76.300003,0.00131069457494004,76.199997,76.300003,10157,-0.997177363815975,-0.75215364860113
"2020-06-30",2020-06-30,0.0398426327715871,1468300,-0.289259176455948,79.339996,0.0395764955672546,0,79.339996,0,30.1950556017714,-0.396082389169894
"2020-07-01",2020-07-01,-0.0302494847617587,895400,-0.310758720167304,76.940002,0.00961794880119715,76.199997,79.339996,10160,-1.07432622872944,-0.675825128535227
"2020-07-02",2020-07-02,0.00948786042402234,833600,-0.304219295105776,77.669998,0.0189262397045512,76.199997,79.339996,0,1.96780416445921,-0.589671844657631
"2020-07-06",2020-07-06,0.0132612208899502,1036000,-0.294992393487209,78.699997,0.0317662019732987,76.199997,79.339996,0,1.67842120089285,-0.46970927131362
"2020-07-07",2020-07-07,-0.0108004959644407,1419600,-0.30260682529625,77.849998,0.021194618399348,76.199997,79.339996,0,-1.02581229881567,-0.568574303307206
"2020-07-08",2020-07-08,0.0296725248470784,1456700,-0.28191340899167,80.160004,0.0401696836242672,76.940002,80.160004,10160,1.89527751183777,-0.352923672151429
"2020-07-09",2020-07-09,-0.0467814347913456,1379500,-0.315506530023466,76.410004,0,0,80.160004,10165,-1.11916113232056,-0.753922015586157
"2020-07-10",2020-07-10,0.0492081377197678,1144300,-0.281823881084579,80.169998,0.0469002631133907,76.410004,80.169998,10165,-0.893242625005633,-0.315847373593085
"2020-07-13",2020-07-13,0.0174629167385034,1437800,-0.269282431316378,81.57,0.0632585019002083,0,81.57,0,1.34878778285888,-0.158739366510416
"2020-07-14",2020-07-14,0.000980777246536808,1044800,-0.268565760151368,81.650002,0.0641763364561828,0,81.650002,0,1.01450926797828,-0.149853667417149
"2020-07-15",2020-07-15,-0.0134721245934568,1636900,-0.278419733362529,80.550003,0.0513966337158299,76.410004,81.650002,10169,-1.03669110018197,-0.272897613545756
"2020-07-16",2020-07-16,-0.00757294819715894,1102300,-0.283884223341867,79.940002,0.0441580924653968,76.410004,81.650002,0,-1.01962680559076,-0.341955379224396
"2020-07-17",2020-07-17,-0.0278959587716799,1399300,-0.303860959523272,77.709999,0.016728799597591,76.410004,81.650002,0,-1.07036930741075,-0.599669808687723
"2020-07-20",2020-07-20,0.00038603783793645,1528200,-0.303592223513183,77.739998,0.0171082330102452,76.410004,81.650002,0,1.02268144886552,-0.596146151120783
"2020-07-21",2020-07-21,0.0268845388959232,1507700,-0.2848696215588,79.830002,0.0428410110775144,76.410004,81.650002,0,2.50411664675476,-0.354472399308274
"2020-07-22",2020-07-22,-0.0527370524179618,2889400,-0.32258348981233,75.620003,0,75.620003,80.550003,10174,-1.1323899264764,-0.792394646407623
"2020-07-23",2020-07-23,0.0245966665724676,1709300,-0.305921301780559,77.480003,0.0240061942176228,75.620003,77.480003,10174,-0.948347672593336,-0.571308233164296
"2020-07-24",2020-07-24,-0.0187145578711451,1092200,-0.318910677745516,76.029999,0.00539255564109642,75.620003,77.480003,10176,-1.04245986104712,-0.743112390256319
"2020-07-27",2020-07-27,0.00762859407639862,1072700,-0.313714923776267,76.610001,0.0129225686865609,75.620003,77.480003,0,2.39637187757112,-0.673931025534215
"2020-07-28",2020-07-28,0.00639599260676165,1290300,-0.309325449502609,77.099998,0.0191957851931462,75.620003,77.480003,0,1.48544655932913,-0.615965207133316
"2020-07-29",2020-07-29,0.0280156168097436,1263400,-0.289975775955633,79.260002,0.0407519924110019,76.029999,79.260002,10176,2.12296564068409,-0.393587675531581
"2020-07-30",2020-07-30,-0.0167802418173039,890700,-0.301890154131241,77.93,0.0243808674451431,76.029999,79.260002,10180,-1.04108749476174,-0.547356773057534
"2020-07-31",2020-07-31,0.00538942640831506,845800,-0.298127742492011,78.349998,0.0296107091157807,76.029999,79.260002,0,1.21450597204569,-0.498471990302655
"2020-08-03",2020-08-03,0.0118698279992299,993600,-0.28979663951796,79.279999,0.0170282418898617,77.93,79.279999,10180,-0.972055257573775,-0.521583774490981
"2020-08-04",2020-08-04,0,672400,-0.28979663951796,79.279999,0.0170282418898617,0,79.279999,0,-1,-0.521583774490981
"2020-08-05",2020-08-05,0.0140010092583376,602400,-0.279853075692548,80.389999,0.0306008089389328,0,80.389999,0,1.79706214751106,-0.393742519421695
"2020-08-06",2020-08-06,-0.0041050006730316,764800,-0.282809279301512,80.059998,0.0266050218987014,77.93,80.389999,10185,-1.01056341296821,-0.431535777784083
"2020-08-07",2020-08-07,0.039845142139524,752800,-0.254232713094133,83.25,0.0383183423423424,80.059998,83.25,10185,1.44026727315766,-0.212506988415727
"2020-08-10",2020-08-10,0.00492497297297298,871500,-0.250559829361994,83.660004,0.0430313868978539,0,83.660004,0,1.12299708879378,-0.166918383600742
"2020-08-11",2020-08-11,0.00729133362221693,1033400,-0.245095411047981,84.269997,0.0499584567446942,0,84.269997,0,1.1609771458978,-0.0995542663012143
"2020-08-12",2020-08-12,-0.00237328832466922,705600,-0.246887017295181,84.07,0.0476983704056144,80.059998,84.269997,10189,-1.00730983187135,-0.121580571059829
"2020-08-13",2020-08-13,-0.0168906625431187,603100,-0.259607594542889,82.650002,0.0313370107359466,80.059998,84.269997,0,-1.05152388078997,-0.279679338888917
"2020-08-14",2020-08-14,0.00931634581206672,616300,-0.252709842857023,83.419998,0.0402781117304751,80.059998,84.269997,0,1.28532080069374,-0.193574238678049
"2020-08-17",2020-08-17,-0.0100694799824859,560600,-0.260234666135483,82.580002,0.0305159111039983,80.059998,84.269997,0,-1.02977653419981,-0.287552063695937
"2020-08-18",2020-08-18,-0.00435942106177228,599000,-0.263459614712701,82.220001,0.0262710164647164,80.059998,84.269997,0,-1.01239246340662,-0.328160535262336
"2020-08-19",2020-08-19,0.00948673060706973,635600,-0.256472254496253,83,0.0354217108433735,80.059998,84.269997,0,1.34831900741058,-0.240428877158085
"2020-08-20",2020-08-20,-0.0189156626506023,725400,-0.270536574501565,81.43,0.0168242908019159,80.059998,84.269997,0,-1.05483758870111,-0.417988606801224
"2020-08-21",2020-08-21,0.00368418273363612,628700,-0.267849097944524,81.730003,0.0204331939153362,80.059998,84.269997,0,1.21450551205458,-0.383759460698884
"2020-08-24",2020-08-24,0.0309555720926623,698200,-0.245184947913238,84.260002,0.0498457619310287,80.059998,84.269997,0,2.4394503442566,-0.100653662787235
"2020-08-25",2020-08-25,-0.00308571082160667,568200,-0.247514088887774,84,0.0469047857142858,80.059998,84.269997,0,-1.00949952676279,-0.129303715795163
"2020-08-26",2020-08-26,-0.0150000238095238,729400,-0.258801395470789,82.739998,0.0323906220060581,80.059998,84.269997,0,-1.04560268319971,-0.269568811370241
"2020-08-27",2020-08-27,0.0186125336865491,515600,-0.245005811475566,84.279999,0.0338158404581851,81.43,84.279999,10189,1.04400095965617,-0.186823631118572
"2020-08-28",2020-08-28,-0.00439006887031409,566600,-0.248320287959875,83.910004,0.0295555223665582,81.43,84.279999,10201,-1.01352815455416,-0.228002652048859
"2020-08-31",2020-08-31,-0.024073470429104,1048400,-0.26641582727983,81.889999,0.00561727934567435,81.43,84.279999,0,-1.07287177164872,-0.456511819583434
"2020-09-01",2020-09-01,0.00232022227769218,835600,-0.264713748939723,82.080002,0.00791912748735057,81.43,84.279999,0,1.40977989521721,-0.434745186740281
"2020-09-02",2020-09-02,0.0224171047169323,699700,-0.248230760052784,83.919998,0.0296710922228572,81.43,84.279999,0,3.74676279302886,-0.226887674605348
"2020-09-03",2020-09-03,-0.00309811732836321,1015500,-0.250559829361995,83.660004,0.0266555569373388,81.43,84.279999,0,-1.00938267807227,-0.255942665108938
"2020-09-04",2020-09-04,0.0094428993811666,1002500,-0.243482941238455,84.449997,0.0303137725392695,81.889999,84.449997,10201,1.13724026140329,-0.197583186634857
"2020-09-08",2020-09-08,-0.0336293203183891,1585700,-0.268924095733873,81.610001,0,0,84.449997,10207,-1.10448844738779,-0.500684912273972
"2020-09-09",2020-09-09,-0.00637182935459096,955900,-0.27358238664111,81.089996,0,81.089996,81.610001,10207,-1.01732195434003,-0.526008880712387
