"row_names","DATES","RETORNOS","VOLUMEN","DRAWDOWNS","PRECIO","DRAWUPS","MINIMOS","MAXIMOS","temp","drawmed","SCALE"
"2001-01-02",2001-01-02,0,0,0,400,0,0,0,0,1,0.847574889186655
"2001-01-03",2001-01-03,0,0,0,400,0,400,400,1,0,0.847574889186655
"2001-01-04",2001-01-04,0.0125,160000,0,405,0.0123456790123457,0,405,0,0,0.91024142283171
"2001-01-05",2001-01-05,0.037037037037037,320000,0,420,0.0476190476190477,0,420,0,3.85714285714284,1.08928866181758
"2001-01-08",2001-01-08,0,0,0,420,0.0476190476190477,0,420,0,0,1.08928866181758
"2001-01-09",2001-01-09,-0.0178571428571429,302000,-0.0178571428571429,412.5,0.0303030303030303,400,420,6,0,0.910750079760646
"2001-01-10",2001-01-10,-0.0133333333333333,214000,-0.030952380952381,407,0.0171990171990172,400,420,0,-1.73333333333333,0.777762962963644
"2001-01-11",2001-01-11,-0.00368550368550369,288000,-0.0345238095238094,405.5,0.0135635018495684,400,420,0,-1.11538461538461,0.741180593274295
"2001-01-12",2001-01-12,-0.0172626387176326,642000,-0.0511904761904761,398.5,0,398.5,412.5,9,-1.48275862068966,0.587732583608412
"2001-01-15",2001-01-15,-0.00878293601003764,734000,-0.0595238095238095,395,0,395,398.5,10,-1.16279069767442,0.545432673397999
"2001-01-16",2001-01-16,0.0379746835443038,208000,-0.0238095238095237,410,0.0365853658536586,395,410,10,-0.399999999999999,0.912424925746172
"2001-01-17",2001-01-17,-0.0304878048780488,346000,-0.0535714285714286,397.5,0.00628930817610063,395,410,12,-2.25000000000001,0.607571355513025
"2001-01-18",2001-01-18,0.0138364779874214,568000,-0.0404761904761904,403,0.0198511166253101,395,410,0,3.15632754342431,0.742882236549613
"2001-01-19",2001-01-19,-0.00744416873449132,476000,-0.0476190476190476,400,0.0125,395,410,0,-1.17647058823529,0.669310981871348
"2001-01-22",2001-01-22,0.0075,394000,-0.0404761904761904,403,0.0198511166253101,395,410,0,1.58808933002482,0.742882236549613
"2001-01-23",2001-01-23,-0.0124069478908189,690000,-0.0523809523809523,398,0.00753768844221103,395,410,0,-1.29411764705882,0.619950964608589
"2001-01-24",2001-01-24,0.0188442211055276,296000,-0.0345238095238094,405.5,0.0258939580764488,395,410,0,3.43526510480888,0.803769856224349
"2001-01-25",2001-01-25,0.00123304562268804,332000,-0.0333333333333331,406,0.0270935960591133,395,410,0,1.04632887637814,0.815902050014328
"2001-01-26",2001-01-26,0.00985221674876847,564000,-0.0238095238095235,410,0.0304878048780488,397.5,410,12,1.12527716186253,0.881473771933676
"2001-01-29",2001-01-29,-0.0182926829268293,436000,-0.0416666666666664,402.5,0.0124223602484472,397.5,410,20,-1.75000000000001,0.699131104907882
"2001-01-30",2001-01-30,0,432000,-0.0416666666666664,402.5,0.0124223602484472,397.5,410,0,-1,0.699131104907882
"2001-01-31",2001-01-31,0.00993788819875776,416000,-0.0321428571428569,406.5,0.0221402214022141,397.5,410,0,1.78228782287823,0.796801617943057
"2001-02-01",2001-02-01,0.011070110701107,272000,-0.0214285714285712,411,0.0206812652068127,402.5,411,20,-0.666666666666666,0.843781570857047
"2001-02-02",2001-02-02,-0.0145985401459854,306000,-0.0357142857142854,405,0.00617283950617287,402.5,411,24,-1.66666666666666,0.697622826535991
"2001-02-05",2001-02-05,-0.00617283950617284,520000,-0.0416666666666664,402.5,0,402.5,405,25,-1.16666666666667,0.636075338134597
"2001-02-06",2001-02-06,0.0124223602484472,388000,-0.0297619047619045,407.5,0.0122699386503068,402.5,407.5,25,-0.714285714285714,0.758785857675757
"2001-02-07",2001-02-07,-0.0122699386503067,340000,-0.0416666666666664,402.5,0,0,407.5,27,-1.4,0.636075338134597
"2001-02-08",2001-02-08,-0.00248447204968944,622000,-0.044047619047619,401.5,0,401.5,402.5,28,-1.05714285714286,0.62398964950305
"2001-02-09",2001-02-09,-0.0037359900373599,736000,-0.0476190476190474,400,0,400,401.5,29,-1.08108108108108,0.605861116555731
"2001-02-13",2001-02-13,0.00125,556000,-0.0464285714285713,400.5,0.00124843945068664,400,400.5,29,-0.975,0.618241026071566
"2001-02-14",2001-02-14,-0.00249687890137328,316000,-0.0488095238095237,399.5,0,0,400.5,31,-1.05128205128205,0.599818272239958
"2001-02-15",2001-02-15,0.0125156445556946,598000,-0.0369047619047618,404.5,0.0123609394313968,399.5,404.5,31,-0.756097560975608,0.72299071076542
"2001-02-16",2001-02-16,-0.0135970333745365,606000,-0.0499999999999998,399,0,0,404.5,33,-1.35483870967742,0.593775427924185
"2001-02-19",2001-02-19,-0.018796992481203,850000,-0.0678571428571427,391.5,0,391.5,399,34,-1.35714285714286,0.503132763187588
"2001-02-20",2001-02-20,-0.00510855683269476,310000,-0.0726190476190475,389.5,0,389.5,391.5,35,-1.07017543859649,0.478961385924496
"2001-02-21",2001-02-21,-0.0154043645699615,512000,-0.0869047619047617,383.5,0,383.5,389.5,36,-1.19672131147541,0.406447254135219
"2001-02-22",2001-02-22,-0.0508474576271186,986000,-0.133333333333333,364,0,364,383.5,37,-1.53424657534247,0.170776325820067
"2001-02-23",2001-02-23,0.00824175824175824,860000,-0.126190476190476,367,0.00817438692098094,364,367,37,-0.946428571428572,0.248526491648625
"2001-02-26",2001-02-26,0.00272479564032698,608000,-0.123809523809524,368,0.0108695652173914,0,368,0,1.32971014492754,0.274292876272876
"2001-02-27",2001-02-27,0.0122282608695652,670000,-0.113095238095238,372.5,0.0228187919463088,0,372.5,0,2.0993288590604,0.389332621240881
"2001-02-28",2001-02-28,-0.0147651006711409,260000,-0.126190476190476,367,0.00817438692098094,364,372.5,41,-1.11578947368421,0.248526491648625
"2001-03-01",2001-03-01,-0.00681198910081744,948000,-0.132142857142857,364.5,0.00137174211248281,364,372.5,0,-1.04716981132076,0.183782118318623
"2001-03-02",2001-03-02,-0.00548696844993141,542000,-0.136904761904762,362.5,0,362.5,367,43,-1.03603603603604,0.152647792872748
"2001-03-05",2001-03-05,0.00413793103448276,536000,-0.133333333333333,364,0.00412087912087911,362.5,364,43,-0.973913043478262,0.191693863836204
"2001-03-06",2001-03-06,0.0206043956043956,588000,-0.115476190476191,371.5,0.0242261103633916,0,371.5,0,5.87886944818305,0.384390465730941
"2001-03-07",2001-03-07,0.00672947510094213,550000,-0.10952380952381,374,0.0307486631016043,0,374,0,1.26923648247178,0.447713094730095
"2001-03-08",2001-03-08,0.017379679144385,468000,-0.0940476190476192,380.5,0.0473061760840998,0,380.5,0,1.53847911786551,0.610315828331221
"2001-03-09",2001-03-09,-0.0131406044678055,1642000,-0.105952380952381,375.5,0.0346205059920106,362.5,380.5,48,-1.12658227848101,0.485495060470976
"2001-03-12",2001-03-12,-0.00798934753661784,1090000,-0.113095238095238,372.5,0.0268456375838926,362.5,380.5,0,-1.06741573033708,0.409772846308998
"2001-03-13",2001-03-13,-0.0187919463087248,292000,-0.129761904761905,365.5,0.00820793433652534,362.5,380.5,0,-1.14736842105263,0.230568245021143
"2001-03-15",2001-03-15,0.0465116279069767,444000,-0.0892857142857144,382.5,0.0444444444444444,365.5,382.5,48,5.41481481481479,0.619961086625867
"2001-03-16",2001-03-16,0,422000,-0.0892857142857144,382.5,0.0444444444444444,0,382.5,0,-1,0.619961086625867
"2001-03-19",2001-03-19,-0.0470588235294118,710000,-0.132142857142857,364.5,0,0,382.5,53,-1.48,0.176819170135839
"2001-03-20",2001-03-20,0,0,-0.132142857142857,364.5,0,364.5,364.5,53,-1,0.176819170135839
"2001-03-21",2001-03-21,0.0480109739368999,444000,-0.0904761904761906,382,0.0458115183246073,0,382,0,-0.684684684684685,0.62085749459592
"2001-03-22",2001-03-22,0.00261780104712042,934000,-0.0880952380952381,383,0.0483028720626631,0,383,0,1.05438269302499,0.645589267958124
"2001-03-23",2001-03-23,0.0234986945169713,372000,-0.0666666666666668,392,0.0701530612244898,0,392,0,1.45235797021511,0.865271790397133
"2001-03-26",2001-03-26,0.0331632653061225,486000,-0.0357142857142858,405,0.1,0,405,0,1.42545454545454,1.1738884822384
"2001-03-27",2001-03-27,0.0308641975308642,968000,-0.00595238095238104,417.5,0.126946107784431,0,417.5,0,1.26946107784431,1.46173774290891
"2001-03-28",2001-03-28,-0.0323353293413174,560000,-0.0380952380952382,404,0.0977722772277227,364.5,417.5,60,-6.39999999999992,1.15049489681793
"2001-03-29",2001-03-29,-0.0160891089108911,152000,-0.0535714285714286,397.5,0.0830188679245283,364.5,417.5,0,-1.40625,0.997049774054174
"2001-03-30",2001-03-30,-0.030188679245283,142000,-0.0821428571428572,385.5,0.0544747081712063,364.5,417.5,0,-1.53333333333333,0.707131663123959
"2001-04-02",2001-04-02,-0.0012970168612192,334000,-0.0833333333333334,385,0.0532467532467532,364.5,417.5,0,-1.01449275362319,0.69485573284257
"2001-04-03",2001-04-03,0.0194805194805195,192000,-0.0654761904761906,392.5,0.0713375796178344,364.5,417.5,0,1.33975454404226,0.877327237314633
"2001-04-04",2001-04-04,0.0318471337579618,608000,-0.0357142857142858,405,0.1,364.5,417.5,0,1.40178571428571,1.1738884822384
"2001-04-05",2001-04-05,0.0111111111111111,364000,-0.0250000000000001,409.5,0.10989010989011,364.5,417.5,0,1.0989010989011,1.27847617231909
"2001-04-06",2001-04-06,0.00854700854700855,576000,-0.0166666666666669,413,0.117433414043584,364.5,417.5,0,1.06864406779661,1.35906581313531
"2001-04-09",2001-04-09,-0.0205811138014528,124000,-0.0369047619047622,404.5,0.0988875154511742,364.5,417.5,0,-2.2142857142857,1.16219867833953
"2001-04-10",2001-04-10,-0.00618046971569839,164000,-0.042857142857143,402,0.0932835820895522,364.5,417.5,0,-1.16129032258064,1.10353895139806
"2001-04-11",2001-04-11,-0.0261194029850746,330000,-0.0678571428571431,391.5,0.0689655172413793,364.5,417.5,0,-1.58333333333333,0.853200985618581
"2001-04-12",2001-04-12,0.0140485312899106,348000,-0.054761904761905,397,0.0818639798488665,364.5,417.5,0,1.18702770780856,0.985144730309972
"2001-04-13",2001-04-13,0.00629722921914358,618000,-0.048809523809524,399.5,0.0876095118898623,364.5,417.5,0,1.07018388370078,1.04452321062226
"2001-04-16",2001-04-16,-0.0175219023779725,152000,-0.0654761904761907,392.5,0.0713375796178344,364.5,417.5,0,-1.34146341463415,0.877327237314632
"2001-04-17",2001-04-17,0.0114649681528662,134000,-0.0547619047619049,397,0.0818639798488665,364.5,417.5,0,1.14755757466715,0.985144730309972
"2001-04-18",2001-04-18,0.00755667506297229,430000,-0.0476190476190478,400,0.08875,364.5,417.5,0,1.08411538461538,1.05635516029661
"2001-04-19",2001-04-19,-0.0075,358000,-0.0547619047619049,397,0.0818639798488665,364.5,417.5,0,-1.15,0.985144730309972
"2001-04-20",2001-04-20,-0.00125944584382872,422000,-0.0559523809523811,396.5,0.0807061790668349,364.5,417.5,0,-1.02173913043478,0.973224901699621
"2001-04-23",2001-04-23,-0.00630517023959647,302000,-0.061904761904762,394,0.0748730964467005,364.5,417.5,0,-1.1063829787234,0.913402015590964
"2001-04-24",2001-04-24,0.00761421319796954,278000,-0.0547619047619049,397,0.0818639798488665,364.5,417.5,0,1.09336976476113,0.985144730309972
"2001-04-25",2001-04-25,-0.00377833753148615,164000,-0.0583333333333335,395.5,0.0783817951959545,364.5,417.5,0,-1.06521739130435,0.949340665584143
"2001-04-26",2001-04-26,0,164000,-0.0583333333333335,395.5,0.0783817951959545,364.5,417.5,0,-1,0.949340665584143
"2001-04-27",2001-04-27,0.00252844500632111,540000,-0.055952380952381,396.5,0.0807061790668349,364.5,417.5,0,1.02965463938494,0.973224901699622
"2001-04-30",2001-04-30,0,0,-0.055952380952381,396.5,0.0807061790668349,364.5,417.5,0,-1,0.973224901699622
"2001-05-01",2001-05-01,0,1282000,-0.055952380952381,396.5,0.0807061790668349,364.5,417.5,0,-1,0.973224901699622
"2001-05-02",2001-05-02,0.0226986128625473,1056000,-0.0345238095238096,405.5,0.101109741060419,364.5,417.5,0,1.25281288532676,1.18556436021968
"2001-05-03",2001-05-03,0,0,-0.0345238095238096,405.5,0.101109741060419,364.5,417.5,0,-1,1.18556436021968
"2001-05-04",2001-05-04,0,0,-0.0345238095238096,405.5,0.101109741060419,364.5,417.5,0,-1,1.18556436021968
"2001-05-07",2001-05-07,0.00493218249075216,4200,-0.0297619047619048,407.5,0.105521472392638,364.5,417.5,0,1.04363309890768,1.23212963818981
"2001-05-08",2001-05-08,-0.00613496932515337,4200,-0.0357142857142856,405,0.1,364.5,417.5,0,-1.2,1.1738884822384
"2001-05-09",2001-05-09,-0.0111111111111111,6800,-0.0464285714285713,400.5,0.0898876404494382,364.5,417.5,0,-1.3,1.06817265527595
"2001-05-10",2001-05-10,0.00499375780274657,18000,-0.0416666666666666,402.5,0.0944099378881987,364.5,417.5,0,1.05031055900621,1.11529916561156
"2001-05-11",2001-05-11,-0.00745341614906832,4800,-0.0488095238095237,399.5,0.0876095118898623,364.5,417.5,0,-1.17142857142857,1.04452321062226
"2001-05-14",2001-05-14,0.00125156445556946,5200,-0.0476190476190476,400,0.08875,364.5,417.5,0,1.01301785714286,1.05635516029662
"2001-05-15",2001-05-15,-0.00125,554000,-0.0488095238095237,399.5,0.0876095118898623,364.5,417.5,0,-1.025,1.04452321062226
"2001-05-16",2001-05-16,-0.00375469336670839,448000,-0.0523809523809523,398,0.0841708542713567,364.5,417.5,0,-1.07317073170732,1.00894008865408
"2001-05-17",2001-05-17,0,426000,-0.0523809523809523,398,0.0841708542713567,364.5,417.5,0,-1,1.00894008865408
"2001-05-18",2001-05-18,0.00125628140703518,478000,-0.0511904761904761,398.5,0.0853199498117942,364.5,417.5,0,1.01365194104759,1.0208157295519
"2001-05-21",2001-05-21,-0.0225846925972397,712000,-0.0726190476190475,389.5,0.0641848523748395,364.5,417.5,0,-1.41860465116279,0.804763005003405
"2001-05-22",2001-05-22,0.0192554557124519,810000,-0.0547619047619047,397,0.0818639798488665,364.5,417.5,0,1.27544080604534,0.985144730309974
"2001-05-23",2001-05-23,-0.0428211586901763,1642000,-0.0952380952380952,380,0.0407894736842105,364.5,417.5,0,-1.73913043478261,0.571194272849453
"2001-05-24",2001-05-24,-0.00526315789473684,1340000,-0.1,378,0.0357142857142857,364.5,417.5,0,-1.05,0.521261296134907
"2001-05-25",2001-05-25,0.0158730158730159,1448000,-0.0857142857142857,384,0.05078125,364.5,417.5,0,1.421875,0.670255176295688
"2001-05-28",2001-05-28,-0.0221354166666667,734000,-0.105952380952381,375.5,0.0292942743009321,364.5,417.5,0,-1.23611111111111,0.458459165795881
"2001-05-29",2001-05-29,0.00399467376830892,622000,-0.102380952380952,377,0.03315649867374,364.5,417.5,0,1.1318422956354,0.496192308045068
"2001-05-30",2001-05-30,0.0026525198938992,486000,-0.1,378,0.0357142857142857,364.5,417.5,0,1.07714285714286,0.521261296134907
"2001-05-31",2001-05-31,-0.00925925925925926,638000,-0.108333333333333,374.5,0.0267022696929239,364.5,417.5,0,-1.08333333333333,0.433216489702287
"2001-06-01",2001-06-01,-0.0146862483311081,724000,-0.121428571428571,369,0.0121951219512195,364.5,417.5,0,-1.12087912087912,0.293107076602791
"2001-06-04",2001-06-04,0.016260162601626,278000,-0.107142857142857,375,0.028,364.5,417.5,0,2.296,0.445846599074059
"2001-06-05",2001-06-05,-0.012,464000,-0.117857142857143,370.5,0.0161943319838057,364.5,417.5,0,-1.1,0.331535556585027
"2001-06-06",2001-06-06,0.00539811066126856,752000,-0.113095238095238,372.5,0.021476510067114,364.5,417.5,0,1.32617449664429,0.382519212884842
"2001-06-07",2001-06-07,-0.00268456375838926,754000,-0.11547619047619,371.5,0.0188425302826379,364.5,417.5,0,-1.02105263157895,0.35706347124777
"2001-06-08",2001-06-08,-0.0161507402422611,1108000,-0.129761904761905,365.5,0.00273597811217507,364.5,417.5,0,-1.12371134020619,0.202792654185306
"2001-06-11",2001-06-11,-0.00136798905608755,828000,-0.130952380952381,365,0.00136986301369868,364.5,417.5,0,-1.00917431192661,0.189815424349216
"2001-06-12",2001-06-12,-0.0123287671232877,1442000,-0.141666666666667,360.5,0,360.5,413,114,-1.08181818181818,0.128476415609655
"2001-06-13",2001-06-13,-0.00277392510402219,724000,-0.144047619047619,359.5,0,359.5,360.5,115,-1.01680672268908,0.116390726978109
"2001-06-14",2001-06-14,-0.00417246175243394,446000,-0.147619047619048,358,0,358,359.5,116,-1.02479338842975,0.0982621940307897
"2001-06-15",2001-06-15,0.00418994413407821,768000,-0.144047619047619,359.5,0.00417246175243391,358,359.5,116,-0.975806451612903,0.137570097876229
"2001-06-18",2001-06-18,0.0152990264255911,316000,-0.130952380952381,365,0.0191780821917809,0,365,0,4.59634703196351,0.28020975301804
"2001-06-19",2001-06-19,0.0136986301369863,334000,-0.119047619047619,370,0.0324324324324324,0,370,0,1.69111969111969,0.407917135185001
"2001-06-20",2001-06-20,0.0175675675675676,514000,-0.103571428571429,376.5,0.049136786188579,0,376.5,0,1.51505090748118,0.571265230971005
"2001-06-21",2001-06-21,0.00531208499335989,310000,-0.0988095238095237,378.5,0.0541611624834875,0,378.5,0,1.10225284729908,0.620940288170652
"2001-06-22",2001-06-22,0.0290620871862616,302000,-0.0726190476190477,389.5,0.0808729139922978,0,389.5,0,1.49319014371145,0.889471425963921
"2001-06-25",2001-06-25,-0.0179717586649551,368000,-0.0892857142857143,382.5,0.0640522875816993,358,389.5,123,-1.22950819672131,0.719490287120954
"2001-06-26",2001-06-26,0.0065359477124183,270000,-0.0833333333333334,385,0.0701298701298702,358,389.5,0,1.09488470712961,0.780554252229898
"2001-06-27",2001-06-27,0.0025974025974026,314000,-0.0809523809523811,386,0.072538860103627,358,389.5,0,1.03435041258875,0.804867948011968
"2001-06-28",2001-06-28,-0.00129533678756477,324000,-0.0821428571428573,385.5,0.0713359273670557,358,389.5,0,-1.01470588235294,0.792719030086659
"2001-06-29",2001-06-29,0.0194552529182879,446000,-0.0642857142857145,393,0.0267175572519084,382.5,393,123,-0.782608695652175,0.656879328870577
"2001-07-02",2001-07-02,0.00127226463104326,388000,-0.0630952380952383,393.5,0.0279542566709021,0,393.5,0,1.04628789253948,0.669199646112035
"2001-07-03",2001-07-03,0.0101651842439644,262000,-0.0535714285714287,397.5,0.0377358490566038,0,397.5,0,1.34991423670669,0.767193658193823
"2001-07-04",2001-07-04,-0.0213836477987421,154000,-0.073809523809524,389,0.0167095115681234,382.5,397.5,130,-1.37777777777778,0.557735842287696
"2001-07-05",2001-07-05,-0.012853470437018,704000,-0.085714285714286,384,0.00390625,382.5,397.5,0,-1.16129032258065,0.43231818136212
"2001-07-06",2001-07-06,-0.0234375,304000,-0.107142857142857,375,0,375,389,132,-1.25,0.303718900767074
"2001-07-09",2001-07-09,-0.028,508000,-0.132142857142857,364.5,0,364.5,375,133,-1.23333333333333,0.176819170135839
"2001-07-10",2001-07-10,0.0754458161865569,450000,-0.0666666666666669,392,0.0701530612244898,364.5,392,133,-0.504504504504505,0.865271790397132
"2001-07-11",2001-07-11,-0.0293367346938776,194000,-0.0940476190476192,380.5,0.0420499342969777,364.5,392,135,-1.41071428571428,0.583635201654483
"2001-07-12",2001-07-12,0.0105124835742444,170000,-0.0845238095238096,384.5,0.0520156046814044,364.5,392,0,1.23699609882965,0.682563591674406
"2001-07-13",2001-07-13,0.011703511053316,270000,-0.073809523809524,389,0.0629820051413882,364.5,392,0,1.21082904884319,0.792614521091011
"2001-07-16",2001-07-16,-0.019280205655527,166000,-0.0916666666666669,381.5,0.0445609436435125,364.5,392,0,-1.24193548387097,0.60846674667354
"2001-07-17",2001-07-17,-0.00262123197903014,248000,-0.0940476190476193,380.5,0.0420499342969777,364.5,392,0,-1.02597402597403,0.583635201654482
"2001-07-18",2001-07-18,-0.00131406044678055,178000,-0.0952380952380953,380,0.0407894736842105,364.5,392,0,-1.0126582278481,0.571194272849452
"2001-07-19",2001-07-19,-0.00789473684210526,332000,-0.102380952380953,377,0.03315649867374,364.5,392,0,-1.075,0.496192308045067
"2001-07-20",2001-07-20,0,0,-0.102380952380953,377,0.03315649867374,364.5,392,0,-1,0.496192308045067
"2001-07-23",2001-07-23,-0.0251989389920424,156000,-0.125,367.5,0.00816326530612244,364.5,392,0,-1.22093023255814,0.254512882767208
"2001-07-24",2001-07-24,0.00680272108843537,386000,-0.119047619047619,370,0.0148648648648648,364.5,392,0,1.82094594594594,0.318744351498186
"2001-07-25",2001-07-25,-0.00405405405405405,140000,-0.122619047619048,368.5,0.010854816824966,364.5,392,0,-1.03,0.280260857907608
"2001-07-26",2001-07-26,0.00135685210312076,192000,-0.121428571428571,369,0.0121951219512195,364.5,392,0,1.1234756097561,0.293107076602791
"2001-07-27",2001-07-27,-0.00542005420054201,340000,-0.126190476190476,367,0.00681198910081748,364.5,392,0,-1.03921568627451,0.241610974992971
"2001-07-30",2001-07-30,-0.0245231607629428,332000,-0.147619047619048,358,0,358,389,148,-1.16981132075472,0.0982621940307892
"2001-07-31",2001-07-31,0.0279329608938547,280000,-0.123809523809524,368,0.0271739130434783,358,368,148,-0.838709677419355,0.357053570162812
"2001-08-01",2001-08-01,0.0190217391304348,224000,-0.107142857142857,375,0.0453333333333333,0,375,0,1.66826666666667,0.533830412311715
"2001-08-02",2001-08-02,0.00133333333333333,424000,-0.105952380952381,375.5,0.0466045272969374,0,375.5,0,1.0280410433148,0.546325823489945
"2001-08-03",2001-08-03,0,390000,-0.105952380952381,375.5,0.0466045272969374,0,375.5,0,-1,0.546325823489945
"2001-08-06",2001-08-06,0.0159786950732357,2e+05,-0.0916666666666667,381.5,0.0615989515072084,0,381.5,0,1.32173750234039,0.694951491009376
"2001-08-07",2001-08-07,0.00786369593709043,228000,-0.0845238095238096,384.5,0.0689206762028609,0,384.5,0,1.11886119027198,0.768373552569389
"2001-08-08",2001-08-08,-0.00260078023407022,208000,-0.0869047619047618,383.5,0.0664928292046936,358,384.5,155,-1.02816901408451,0.743964138734592
"2001-08-09",2001-08-09,-0.0208604954367666,432000,-0.105952380952381,375.5,0.0466045272969374,358,384.5,0,-1.21917808219178,0.546325823489945
"2001-08-10",2001-08-10,-0.00798934753661784,260000,-0.113095238095238,372.5,0.0389261744966443,358,384.5,0,-1.06741573033708,0.471093521513355
"2001-08-13",2001-08-13,0.0187919463087248,318000,-0.0964285714285713,379.5,0.0566534914361001,358,384.5,0,1.45540865930671,0.645677011711438
"2001-08-14",2001-08-14,0.00263504611330698,320000,-0.0940476190476189,380.5,0.0591327201051248,358,384.5,0,1.04376126883232,0.670347238353883
"2001-08-15",2001-08-15,0.0170827858081472,270000,-0.0785714285714284,387,0.037467700258398,372.5,387,155,-0.835443037974683,0.638932807152133
"2001-08-16",2001-08-16,-0.00904392764857881,360000,-0.0869047619047617,383.5,0.0286831812255541,372.5,387,161,-1.10606060606061,0.552042772982008
"2001-08-17",2001-08-17,-0.0117340286831812,126000,-0.0976190476190475,379,0.0171503957783641,372.5,387,0,-1.12328767123288,0.439116879473
"2001-08-20",2001-08-20,-0.00395778364116095,194000,-0.101190476190476,377.5,0.0132450331125827,372.5,387,0,-1.03658536585366,0.401164767713483
"2001-08-21",2001-08-21,0.0132450331125828,478000,-0.0892857142857141,382.5,0.0261437908496732,372.5,387,0,1.97385620915033,0.527067166163788
"2001-08-22",2001-08-22,-0.0104575163398693,2e+05,-0.0988095238095236,378.5,0.0158520475561427,372.5,387,0,-1.10666666666667,0.426483633570609
"2001-08-23",2001-08-23,0.00792602377807133,218000,-0.0916666666666665,381.5,0.0235910878112713,372.5,387,0,1.48820445609436,0.502023984414052
"2001-08-24",2001-08-24,-0.00524246395806029,260000,-0.0964285714285711,379.5,0.0184453227931489,372.5,387,0,-1.05194805194805,0.451732759363306
"2001-08-27",2001-08-27,0.0210803689064559,402000,-0.0773809523809521,387.5,0.0258064516129032,377.5,387.5,161,1.39907834101382,0.585783278990421
"2001-08-28",2001-08-28,-0.0245161290322581,398000,-0.0999999999999998,378,0.00132275132275128,377.5,387.5,169,-1.29230769230769,0.346690238123685
"2001-08-29",2001-08-29,-0.0198412698412698,346000,-0.117857142857143,370.5,0,370.5,378,170,-1.17857142857143,0.249333301925118
"2001-08-30",2001-08-30,0.0202429149797571,414000,-0.0999999999999996,378,0.0198412698412699,370.5,378,170,-0.848484848484847,0.440690038591267
"2001-08-31",2001-08-31,-0.00529100529100529,1650000,-0.104761904761905,376,0.0146276595744681,370.5,378,172,-1.04761904761905,0.390054431789239
"2001-09-03",2001-09-03,-0.0172872340425532,244000,-0.120238095238095,369.5,0,369.5,376,173,-1.14772727272727,0.237247613293572
"2001-09-04",2001-09-04,-0.0189445196211096,516000,-0.136904761904762,362.5,0,362.5,369.5,174,-1.13861386138614,0.152647792872748
"2001-09-05",2001-09-05,-0.00551724137931034,258000,-0.141666666666666,360.5,0,360.5,362.5,175,-1.03478260869565,0.128476415609656
"2001-09-06",2001-09-06,0.00970873786407767,142000,-0.133333333333333,364,0.00961538461538458,360.5,364,175,-0.941176470588236,0.219583914524388
"2001-09-07",2001-09-07,-0.00412087912087912,118000,-0.136904761904762,362.5,0.00551724137931031,360.5,364,177,-1.02678571428571,0.180653250667228
"2001-09-10",2001-09-10,-0.016551724137931,402000,-0.151190476190476,356.5,0,356.5,362.5,178,-1.10434782608696,0.080133661083471
"2001-09-11",2001-09-11,0.00841514726507714,198000,-0.144047619047619,359.5,0.00834492350486782,356.5,359.5,178,-0.952755905511811,0.158749468774349
"2001-09-12",2001-09-12,-0.0514603616133519,518000,-0.188095238095238,341,0,0,359.5,180,-1.30578512396694,-0.107194512705495
"2001-09-13",2001-09-13,0.0175953079178886,928000,-0.173809523809524,347,0.0172910662824207,341,347,180,-0.924050632911393,0.0530888852264228
"2001-09-14",2001-09-14,0.0144092219020173,740000,-0.161904761904762,352,0.03125,0,352,0,1.80729166666667,0.184372725530557
"2001-09-17",2001-09-17,-0.0553977272727273,678000,-0.208333333333333,332.5,0,0,352,183,-1.28676470588235,-0.209922866073638
"2001-09-18",2001-09-18,0,904000,-0.208333333333333,332.5,0,332.5,332.5,183,-1,-0.209922866073638
"2001-09-19",2001-09-19,0.0285714285714286,508000,-0.185714285714286,342,0.0277777777777778,0,342,0,-0.891428571428572,0.045890876627423
"2001-09-20",2001-09-20,-0.0307017543859649,754000,-0.210714285714286,331.5,0,0,342,186,-1.13461538461538,-0.222008554705185
"2001-09-21",2001-09-21,-0.0211161387631976,828000,-0.227380952380952,324.5,0,324.5,331.5,187,-1.07909604519774,-0.306608375126009
"2001-09-24",2001-09-24,0,0,-0.227380952380952,324.5,0,324.5,324.5,187,-1,-0.306608375126009
"2001-09-25",2001-09-25,-0.00308166409861325,406000,-0.229761904761905,323.5,0,0,324.5,189,-1.01047120418848,-0.318694063757554
"2001-09-26",2001-09-26,-0.0386398763523957,354000,-0.259523809523809,311,0,311,323.5,190,-1.12953367875648,-0.469765171651882
"2001-09-27",2001-09-27,0.0289389067524116,920000,-0.238095238095238,320,0.028125,311,320,190,-0.917431192660551,-0.218231777007827
"2001-09-28",2001-09-28,0,0,-0.238095238095238,320,0.028125,0,320,0,-1,-0.218231777007827
"2001-10-01",2001-10-01,0.0125,810000,-0.228571428571429,324,0.0401234567901234,0,324,0,1.42661179698217,-0.108984985095355
"2001-10-02",2001-10-02,0.0262345679012346,464000,-0.208333333333333,332.5,0.0646616541353383,0,332.5,0,1.61156737998843,0.118298993604142
"2001-10-03",2001-10-03,-0.0075187969924812,636000,-0.214285714285714,330,0.0575757575757576,311,332.5,195,-1.02857142857143,0.052116837437613
"2001-10-04",2001-10-04,0.0166666666666667,226000,-0.201190476190476,335.5,0.0163934426229508,330,335.5,195,-0.938888888888889,-0.090452862060158
"2001-10-05",2001-10-05,0.0208643815201192,4e+05,-0.18452380952381,342.5,0.0364963503649635,0,342.5,0,2.22627737226277,0.0961891014553048
"2001-10-08",2001-10-08,0,0,-0.18452380952381,342.5,0.0364963503649635,0,342.5,0,-1,0.0961891014553048
"2001-10-09",2001-10-09,0.00291970802919708,308000,-0.182142857142857,343.5,0.0393013100436681,0,343.5,0,1.07685589519651,0.122512735193215
"2001-10-10",2001-10-10,-0.00873362445414847,222000,-0.189285714285714,340.5,0.0308370044052864,330,343.5,200,-1.03921568627451,0.0432909450789333
"2001-10-11",2001-10-11,0.0146842878120411,254000,-0.177380952380952,345.5,0.0144717800289436,340.5,345.5,200,-0.937106918238995,0.0206496856335585
"2001-10-12",2001-10-12,0.0419681620839363,466000,-0.142857142857143,360,0.0541666666666667,0,360,0,3.74291666666667,0.397382987661558
"2001-10-15",2001-10-15,-0.0222222222222222,364000,-0.161904761904762,352,0.0326704545454546,340.5,360,203,-1.13333333333333,0.19158293749824
"2001-10-16",2001-10-16,-0.0170454545454545,136000,-0.176190476190476,346,0.0158959537572254,340.5,360,0,-1.08823529411765,0.033921620448973
"2001-10-17",2001-10-17,0.0404624277456647,258000,-0.142857142857143,360,0.0388888888888889,346,360,203,2.44646464646465,0.319833152275802
"2001-10-18",2001-10-18,-0.0277777777777778,630000,-0.166666666666667,350,0.0114285714285715,346,360,206,-1.16666666666667,0.0595879904098406
"2001-10-19",2001-10-19,0.0157142857142857,264000,-0.153571428571429,355.5,0.0267229254571026,346,360,0,2.33825597749648,0.203693254139319
"2001-10-22",2001-10-22,-0.00984528832630099,92000,-0.161904761904762,352,0.0170454545454546,346,360,0,-1.05426356589147,0.112270605853718
"2001-10-23",2001-10-23,0.00994318181818182,498000,-0.153571428571429,355.5,0.0267229254571026,346,360,0,1.56774496015002,0.20369325413932
"2001-10-24",2001-10-24,0.0154711673699015,850000,-0.140476190476191,361,0.0304709141274239,350,361,206,1.14025368129465,0.289189291719731
"2001-10-25",2001-10-25,0.0443213296398892,490000,-0.102380952380952,377,0.0716180371352785,0,377,0,2.35037376416686,0.691422662862353
"2001-10-26",2001-10-26,-0.0119363395225464,428000,-0.113095238095238,372.5,0.0604026845637584,350,377,212,-1.1046511627907,0.580108055209985
"2001-10-29",2001-10-29,-0.0442953020134228,406000,-0.152380952380953,356,0.0168539325842697,350,377,0,-1.34736842105263,0.159641196968529
"2001-10-30",2001-10-30,-0.0168539325842697,236000,-0.166666666666667,350,0,350,372.5,214,-1.09375,0.00157668497841863
"2001-10-31",2001-10-31,-0.0585714285714286,852000,-0.215476190476191,329.5,0,329.5,350,215,-1.29285714285714,-0.246179931968279
"2001-11-01",2001-11-01,0.0257966616084977,432000,-0.195238095238095,338,0.0251479289940828,329.5,338,215,-0.906077348066298,-0.0158009619888345
"2001-11-02",2001-11-02,0.0177514792899408,402000,-0.180952380952381,344,0.0421511627906976,0,344,0,1.67612859097127,0.143021401346457
"2001-11-05",2001-11-05,-0.00726744186046512,348000,-0.186904761904762,341.5,0.0351390922401171,329.5,344,218,-1.03289473684211,0.0772139852061553
"2001-11-06",2001-11-06,-0.00439238653001464,582000,-0.190476190476191,340,0.0308823529411765,329.5,344,0,-1.01910828025478,0.0374782894427181
"2001-11-07",2001-11-07,-0.0323529411764706,266000,-0.216666666666667,329,0,329,341.5,220,-1.1375,-0.252222776284052
"2001-11-08",2001-11-08,-0.0060790273556231,638000,-0.221428571428572,327,0,327,329,221,-1.02197802197802,-0.276394153547144
"2001-11-09",2001-11-09,0,0,-0.221428571428572,327,0,327,327,221,-1,-0.276394153547144
"2001-11-12",2001-11-12,0.00764525993883792,564000,-0.215476190476191,329.5,0.00758725341426403,0,329.5,0,-0.973118279569893,-0.207667115388238
"2001-11-13",2001-11-13,0.031866464339909,304000,-0.190476190476191,340,0.038235294117647,0,340,0,5.03941176470588,0.0748017396283754
"2001-11-14",2001-11-14,-0.0147058823529412,532000,-0.202380952380952,335,0.0238805970149254,327,340,225,-1.0625,-0.0584909913544894
"2001-11-15",2001-11-15,0.0238805970149254,624000,-0.183333333333333,343,0.0233236151603499,335,343,225,-0.905882352941176,0.0353672838053957
"2001-11-16",2001-11-16,0.0174927113702624,1020000,-0.169047619047619,349,0.0401146131805158,0,349,0,1.71991404011461,0.193112340626219
"2001-11-19",2001-11-19,-0.00716332378223496,528000,-0.175,346.5,0.0331890331890332,335,349,228,-1.03521126760563,0.127743949631985
"2001-11-20",2001-11-20,-0.00288600288600289,550000,-0.177380952380953,345.5,0.0303907380607815,335,349,0,-1.01360544217687,0.101454145080365
"2001-11-21",2001-11-21,0,578000,-0.177380952380953,345.5,0.0303907380607815,335,349,0,-1,0.101454145080365
"2001-11-22",2001-11-22,-0.00578871201157742,328000,-0.182142857142857,343.5,0.024745269286754,335,349,0,-1.02684563758389,0.0486264291488277
"2001-11-23",2001-11-23,0,0,-0.182142857142857,343.5,0.024745269286754,335,349,0,-1,0.0486264291488277
"2001-11-26",2001-11-26,0.0262008733624454,550000,-0.160714285714286,352.5,0.0255319148936171,343.5,352.5,228,1.03178973717147,0.16139063145727
"2001-11-27",2001-11-27,-0.00851063829787234,448000,-0.167857142857143,349.5,0.0171673819742489,343.5,352.5,234,-1.04444444444444,0.0826752865896747
"2001-11-28",2001-11-28,0.0100143061516452,772000,-0.15952380952381,353,0.00991501416430596,349.5,353,234,-0.950354609929078,0.0881622559392701
"2001-11-29",2001-11-29,0.00424929178470255,418000,-0.155952380952381,354.5,0.0141043723554302,0,354.5,0,1.42252669756196,0.127555925925446
"2001-11-30",2001-11-30,0.0282087447108604,970000,-0.132142857142857,364.5,0.0411522633744856,0,364.5,0,2.91769547325104,0.385707615619354
"2001-12-03",2001-12-03,-0.00137174211248285,436000,-0.133333333333334,364,0.0398351648351648,349.5,364.5,238,-1.00900900900901,0.372979193309396
"2001-12-04",2001-12-04,0.00274725274725275,430000,-0.130952380952381,365,0.00273972602739725,364,365,238,-0.982142857142856,0.196768834246816
"2001-12-05",2001-12-05,0.00136986301369863,594000,-0.129761904761905,365.5,0.00410396716826267,0,365.5,0,1.49794801641588,0.209736551894264
"2001-12-06",2001-12-06,-0.0027359781121751,570000,-0.132142857142857,364.5,0.00137174211248281,364,365.5,241,-1.01834862385321,0.183782118318623
"2001-12-07",2001-12-07,-0.00274348422496571,610000,-0.13452380952381,363.5,0,363.5,364.5,242,-1.01801801801802,0.164733481504293
"2001-12-10",2001-12-10,-0.0261348005502063,214000,-0.157142857142857,354,0,354,363.5,243,-1.16814159292035,0.0499194395046039
"2001-12-11",2001-12-11,-0.00282485875706215,104000,-0.15952380952381,353,0,353,354,244,-1.01515151515152,0.0378337508730577
"2001-12-12",2001-12-12,0.00991501416430595,356000,-0.151190476190476,356.5,0.00981767180925663,353,356.5,244,-0.947761194029852,0.12996805740429
"2001-12-13",2001-12-13,-0.0112201963534362,470000,-0.160714285714286,352.5,0,0,356.5,246,-1.06299212598425,0.0317909065572841
"2001-12-14",2001-12-14,-0.00141843971631206,688000,-0.161904761904762,352,0,352,352.5,247,-1.00740740740741,0.025748062241511
"2001-12-17",2001-12-17,-0.0184659090909091,342000,-0.177380952380953,345.5,0,345.5,352,248,-1.09558823529412,-0.0528089138635392
"2001-12-18",2001-12-18,-0.0289435600578871,850000,-0.201190476190476,335.5,0,335.5,345.5,249,-1.13422818791946,-0.173665800179001
"2001-12-19",2001-12-19,-0.014903129657228,772000,-0.213095238095238,330.5,0,330.5,335.5,250,-1.05917159763314,-0.234094243336732
"2001-12-20",2001-12-20,0.0136157337367625,1512000,-0.202380952380953,335,0.0134328358208955,330.5,335,250,-0.949720670391062,-0.111523714603365
"2001-12-21",2001-12-21,0.00149253731343284,844000,-0.201190476190476,335.5,0.0149031296572281,0,335.5,0,1.10945520781587,-0.0980176746164169
"2001-12-24",2001-12-24,0,0,-0.201190476190476,335.5,0.0149031296572281,0,335.5,0,-1,-0.0980176746164169
"2001-12-25",2001-12-25,-0.0461997019374069,232000,-0.238095238095238,320,0,0,335.5,254,-1.18343195266272,-0.360993973967968
"2001-12-26",2001-12-26,0.0390625,150000,-0.208333333333334,332.5,0.0375939849624061,320,332.5,254,-0.875,-0.019096203470279
"2001-12-27",2001-12-27,0.0180451127819549,210000,-0.194047619047619,338.5,0.0546528803545052,0,338.5,0,1.45376661742984,0.140008697523951
"2001-12-28",2001-12-28,-0.0443131462333826,5e+05,-0.229761904761905,323.5,0.0108191653786708,320,338.5,257,-1.1840490797546,-0.263776096869231
"2001-12-31",2001-12-31,0,0,-0.229761904761905,323.5,0.0108191653786708,320,338.5,0,-1,-0.263776096869231
"2002-01-01",2002-01-01,0,0,-0.229761904761905,323.5,0.0108191653786708,320,338.5,0,-1,-0.263776096869231
"2002-01-02",2002-01-02,0,0,-0.229761904761905,323.5,0.0108191653786708,320,338.5,0,-1,-0.263776096869231
"2002-01-03",2002-01-03,0,0,-0.229761904761905,323.5,0.0108191653786708,320,338.5,0,-1,-0.263776096869231
"2002-01-04",2002-01-04,0.00927357032457496,952000,-0.222619047619048,326.5,0.0199081163859112,320,338.5,0,1.8400787573835,-0.181383613593021
"2002-01-07",2002-01-07,0.0199081163859112,632000,-0.207142857142857,333,0.039039039039039,320,338.5,0,1.96096096096096,-0.00571828023161356
"2002-01-08",2002-01-08,0.003003003003003,646000,-0.204761904761905,334,0.0419161676646707,320,338.5,0,1.07369875633349,0.0209716823032953
"2002-01-09",2002-01-09,0,342000,-0.204761904761905,334,0.0419161676646707,320,338.5,0,-1,0.0209716823032953
"2002-01-10",2002-01-10,0.0239520958083832,582000,-0.185714285714286,342,0.054093567251462,323.5,342,257,1.29051796157059,0.179469540449775
"2002-01-11",2002-01-11,0.0043859649122807,652000,-0.182142857142857,343.5,0.0582241630276564,0,343.5,0,1.07636020299776,0.218564933050918
"2002-01-14",2002-01-14,0,0,-0.182142857142857,343.5,0.0582241630276564,0,343.5,0,-1,0.218564933050918
"2002-01-15",2002-01-15,-0.00145560407569141,490000,-0.183333333333334,343,0.0568513119533528,323.5,343.5,269,-1.00653594771242,0.205553511474107
"2002-01-16",2002-01-16,-0.00728862973760933,470000,-0.189285714285715,340.5,0.0499265785609398,323.5,343.5,0,-1.03246753246753,0.140189417807628
"2002-01-17",2002-01-17,-0.00146842878120411,374000,-0.190476190476191,340,0.0485294117647059,323.5,343.5,0,-1.0062893081761,0.127054569888295
"2002-01-18",2002-01-18,0.0191176470588235,538000,-0.175,346.5,0.0187590187590188,340,346.5,269,-0.91875,0.0544973518650372
"2002-01-21",2002-01-21,0.0245310245310245,462000,-0.154761904761905,355,0.0422535211267606,0,355,0,2.25243770314193,0.276483546104435
"2002-01-22",2002-01-22,-0.0352112676056338,176000,-0.18452380952381,342.5,0.00729927007299269,340,355,274,-1.19230769230769,-0.0520149635154819
"2002-01-23",2002-01-23,-0.00145985401459854,136000,-0.185714285714286,342,0.00584795321637432,340,355,0,-1.00645161290323,-0.0654246765578726
"2002-01-24",2002-01-24,0.0131578947368421,220000,-0.175,346.5,0.0187590187590188,340,355,0,3.20779220779218,0.0544973518650372
"2002-01-25",2002-01-25,0.00865800865800866,256000,-0.167857142857143,349.5,0.0271816881258942,340,355,0,1.44899306701882,0.133507796713773
"2002-01-28",2002-01-28,0.00143061516452074,158000,-0.166666666666667,350,0.0285714285714286,340,355,0,1.05112781954887,0.146604948556972
"2002-01-29",2002-01-29,-0.0171428571428571,84000,-0.180952380952381,344,0.0116279069767442,340,355,0,-1.08571428571429,-0.0119143162847035
"2002-01-30",2002-01-30,-0.0305232558139535,268000,-0.205952380952381,333.5,0,333.5,350,280,-1.13815789473684,-0.197837177442094
"2002-01-31",2002-01-31,0,0,-0.205952380952381,333.5,0,333.5,333.5,280,-1,-0.197837177442094
"2002-02-01",2002-02-01,0.0314842578710645,342000,-0.180952380952381,344,0.0305232558139535,0,344,0,-0.878612716763006,0.0839982708203007
"2002-02-04",2002-02-04,-0.0261627906976744,148000,-0.202380952380953,335,0.0044776119402985,333.5,344,283,-1.11842105263158,-0.156980334530972
"2002-02-05",2002-02-05,-0.0104477611940299,390000,-0.210714285714286,331.5,0,331.5,335,284,-1.04117647058824,-0.222008554705187
"2002-02-06",2002-02-06,0.0165912518853695,236000,-0.197619047619048,337,0.016320474777448,331.5,337,284,-0.937853107344634,-0.0726947131104024
"2002-02-07",2002-02-07,-0.013353115727003,238000,-0.208333333333334,332.5,0.00300751879699246,331.5,337,286,-1.05421686746988,-0.194656733065372
"2002-02-08",2002-02-08,-0.00300751879699248,568000,-0.210714285714286,331.5,0,331.5,332.5,287,-1.01142857142857,-0.222008554705187
"2002-02-11",2002-02-11,0,0,-0.210714285714286,331.5,0,331.5,331.5,287,-1,-0.222008554705187
"2002-02-12",2002-02-12,0.081447963800905,676000,-0.146428571428572,358.5,0.0753138075313807,0,358.5,0,-0.694915254237289,0.486597113888357
"2002-02-13",2002-02-13,0.00557880055788006,258000,-0.141666666666667,360.5,0.0804438280166435,0,360.5,0,1.06811527199877,0.536808419859952
"2002-02-14",2002-02-14,0.0374479889042996,822000,-0.10952380952381,374,0.113636363636364,0,374,0,1.41261755485894,0.868450169550233
"2002-02-15",2002-02-15,0.00401069518716578,598000,-0.105952380952381,375.5,0.117177097203728,0,375.5,0,1.03115845539281,0.904551427934974
"2002-02-18",2002-02-18,0.00798934753661784,502000,-0.0988095238095242,378.5,0.124174372523118,0,378.5,0,1.05971538369161,0.976326587956936
"2002-02-19",2002-02-19,-0.0422721268163804,438000,-0.136904761904762,362.5,0.0855172413793104,331.5,378.5,294,-1.3855421686747,0.586732388687178
"2002-02-20",2002-02-20,0.00137931034482759,364000,-0.135714285714286,363,0.0867768595041323,331.5,378.5,0,1.01472940549187,0.599169041032476
"2002-02-21",2002-02-21,0.0523415977961433,376000,-0.0904761904761909,382,0.0510471204188482,362.5,382,294,-0.666666666666668,0.647433354413979
"2002-02-22",2002-02-22,0.00523560209424084,360000,-0.0857142857142862,384,0.0559895833333334,0,384,0,1.09682158119658,0.696692620177193
"2002-02-25",2002-02-25,0.0651041666666667,1310000,-0.0261904761904767,409,0.113691931540342,0,409,0,2.03059077727867,1.29173133373622
"2002-02-26",2002-02-26,-0.039119804400978,784000,-0.0642857142857146,393,0.0776081424936387,362.5,409,299,-2.45454545454542,0.915199391224236
"2002-02-27",2002-02-27,0.0368956743002544,384000,-0.0297619047619052,407.5,0.110429447852761,362.5,409,0,1.42291059036508,1.25704246874318
"2002-02-28",2002-02-28,-0.0404907975460123,628000,-0.0690476190476194,391,0.0728900255754475,362.5,409,0,-2.31999999999998,0.867078903320939
"2002-03-01",2002-03-01,0.0345268542199488,426000,-0.0369047619047624,404.5,0.103831891223733,362.5,409,0,1.42450068310455,1.18729627648662
"2002-03-04",2002-03-04,0.0444993819530284,738000,0,422.5,0.0745562130177515,391,422.5,299,0,1.22602142314016
"2002-03-05",2002-03-05,-0.0153846153846154,436000,-0.0153846153846153,416,0.0600961538461539,391,422.5,304,0,1.07453017666175
"2002-03-06",2002-03-06,0.00120192307692308,432000,-0.0142011834319525,416.5,0.0612244897959183,391,422.5,0,1.01877551020408,1.08626468562575
"2002-03-07",2002-03-07,0.0192076830732293,760000,0,424.5,0.0200235571260307,416,424.5,304,0,0.949214249409552
"2002-03-08",2002-03-08,-0.0223792697290931,1224000,-0.022379269729093,415,0,0,424.5,307,0,0.733977957172829
"2002-03-11",2002-03-11,0.0192771084337349,888000,-0.00353356890459378,423,0.0189125295508275,415,423,307,-0.157894736842112,0.925638327722472
"2002-03-12",2002-03-12,-0.0153664302600473,792000,-0.0188457008244994,416.5,0.00360144057623046,415,423,309,-5.33333333333313,0.770195188419544
"2002-03-13",2002-03-13,-0.00360144057623049,488000,-0.022379269729093,415,0,415,416.5,310,-1.1875,0.733977957172829
"2002-03-14",2002-03-14,-0.0216867469879518,428000,-0.0435806831566549,406,0,406,415,311,-1.94736842105264,0.626359811054466
"2002-03-15",2002-03-15,0.0344827586206897,460000,-0.0106007067137809,420,0.0333333333333333,406,420,311,-0.243243243243243,0.962965456969121
"2002-03-18",2002-03-18,0.0214285714285714,538000,0,429,0.0536130536130536,0,429,0,1.60839160839161,1.11971417165923
"2002-03-19",2002-03-19,0.00582750582750583,440000,0,431.5,0.0590961761297798,0,431.5,0,1.1022721547685,1.14754644247486
"2002-03-20",2002-03-20,0.00695249130938586,620000,0,434.5,0.0655926352128884,0,434.5,0,1.10993027821025,1.18052239878299
"2002-03-21",2002-03-21,0,0,0,434.5,0.0655926352128884,0,434.5,0,0,1.18052239878299
"2002-03-22",2002-03-22,-0.0103567318757192,5e+05,-0.0103567318757192,430,0.0558139534883721,406,434.5,317,0,1.07831525630226
"2002-03-25",2002-03-25,0.00581395348837209,538000,-0.00460299194476399,432.5,0.0612716763005781,406,434.5,0,1.09778420038536,1.13522452038583
"2002-03-26",2002-03-26,-0.0369942196531792,544000,-0.0414269275028768,416.5,0.0252100840336135,406,434.5,0,-9.00000000000019,0.765258366469118
"2002-03-27",2002-03-27,0.0108043217286915,722000,-0.0310701956271576,421,0.0356294536817102,406,434.5,0,1.41330166270784,0.870717633946695
"2002-03-28",2002-03-28,0.0261282660332542,780000,-0.00575373993095496,432,0.0601851851851852,406,434.5,0,1.6891975308642,1.12386831881188
"2002-03-29",2002-03-29,-0.00462962962962963,338000,-0.0103567318757189,430,0.0558139534883721,406,434.5,0,-1.8,1.07831525630226
"2002-04-01",2002-04-01,-0.0313953488372093,164000,-0.0414269275028766,416.5,0.0252100840336135,406,434.5,0,-4.00000000000007,0.765258366469119
"2002-04-02",2002-04-02,0.0288115246098439,194000,-0.0138089758342922,428.5,0.0525087514585765,406,434.5,0,2.0828471411902,1.04401453327509
"2002-04-03",2002-04-03,0.0221703617269545,606000,0,438,0.0490867579908676,416.5,438,317,0,1.09673874385072
"2002-04-04",2002-04-04,0.0091324200913242,466000,0,442,0.0576923076923077,0,442,0,1.17531305903399,1.14042042141258
"2002-04-05",2002-04-05,0.00904977375565611,964000,0,446,0.0661434977578476,0,446,0,1.14648729446936,1.1833185711258
"2002-04-08",2002-04-08,0.0123318385650224,322000,0,451.5,0.0775193798449613,0,451.5,0,1.1719879122323,1.24106242602769
"2002-04-09",2002-04-09,-0.0365448504983389,438000,-0.0365448504983389,435,0.042528735632184,416.5,451.5,329,0,0.877949025651182
"2002-04-10",2002-04-10,0.0333333333333333,6e+05,-0.0044296788482836,449.5,0.0734149054505006,416.5,451.5,0,1.72624237140366,1.1977431561209
"2002-04-11",2002-04-11,-0.0411568409343715,448000,-0.0454042081949059,431,0.0336426914153132,416.5,451.5,0,-10.2499999999998,0.787873556740852
"2002-04-12",2002-04-12,-0.0174013921113689,756000,-0.0620155038759691,423.5,0.0165289256198347,416.5,451.5,0,-1.36585365853659,0.616685508065052
"2002-04-15",2002-04-15,0.0354191263282172,308000,-0.0287929125138427,438.5,0.0501710376282782,416.5,451.5,0,3.03534777651084,0.956090021923563
"2002-04-16",2002-04-16,0.00342075256556442,4e+05,-0.02547065337763,440,0.053409090909091,416.5,451.5,0,1.0645402892562,0.989390097066654
"2002-04-17",2002-04-17,0.00568181818181818,256000,-0.0199335548172758,442.5,0.0587570621468927,416.5,451.5,0,1.10013222743118,1.04464259407818
"2002-04-18",2002-04-18,0.00225988700564972,242000,-0.0177187153931341,443.5,0.060879368658399,416.5,451.5,0,1.03612002428237,1.06665790011587
"2002-04-19",2002-04-19,0.0180383314543405,494000,-2.22044604925031e-16,451.5,0.062015503875969,423.5,451.5,329,1.01866207292564,1.16236491865949
"2002-04-22",2002-04-22,-0.00553709856035437,304000,-0.00553709856035445,449,0.0567928730512249,423.5,451.5,338,-24936875013126,1.10774864823413
"2002-04-23",2002-04-23,0,158000,-0.00553709856035445,449,0.0567928730512249,423.5,451.5,0,-1,1.10774864823413
"2002-04-24",2002-04-24,-0.00111358574610245,162000,-0.00664451827242529,448.5,0.0557413600891862,423.5,451.5,0,-1.19999999999999,1.09678992924231
"2002-04-25",2002-04-25,-0.0501672240802676,704000,-0.0564784053156147,426,0.005868544600939,423.5,451.5,0,-8.49999999999995,0.590679781507588
"2002-04-26",2002-04-26,-0.00938967136150235,788000,-0.0653377630121816,422,0,422,449,342,-1.15686274509804,0.515921108134921
"2002-04-29",2002-04-29,0,0,-0.0653377630121816,422,0,422,422,342,-1,0.515921108134921
"2002-04-30",2002-04-30,0,628000,-0.0653377630121816,422,0,0,422,0,-1,0.515921108134921
"2002-05-01",2002-05-01,0.00118483412322275,194000,-0.0642303433001108,422.5,0.00118343195266268,0,422.5,0,-0.983050847457628,0.527549446501753
"2002-05-02",2002-05-02,-0.00591715976331361,208000,-0.0697674418604652,420,0,0,422.5,346,-1.08620689655173,0.493436106029718
"2002-05-03",2002-05-03,0,0,-0.0697674418604652,420,0,420,420,346,-1,0.493436106029718
"2002-05-06",2002-05-06,0,0,-0.0697674418604652,420,0,0,420,0,-1,0.493436106029718
"2002-05-07",2002-05-07,-0.0523809523809524,786000,-0.118493909191584,398,0,0,420,349,-1.6984126984127,0.246101082872494
"2002-05-08",2002-05-08,0.0301507537688442,498000,-0.0919158361018828,410,0.0292682926829269,398,410,349,-0.775700934579441,0.52957663380369
"2002-05-09",2002-05-09,-0.0024390243902439,730000,-0.0941306755260246,409,0.0268948655256723,398,410,351,-1.02409638554217,0.50628664207395
"2002-05-10",2002-05-10,0.0097799511002445,628000,-0.0852713178294575,413,0.00968523002421307,409,413,351,-0.905882352941176,0.463900721908478
"2002-05-13",2002-05-13,0.0036319612590799,358000,-0.081949058693245,414.5,0.0132689987937273,0,414.5,0,1.37002412545235,0.498955645147219
"2002-05-14",2002-05-14,0.014475271411339,220000,-0.0686600221483944,420.5,0.0273483947681332,0,420.5,0,2.06107447843477,0.637877513726931
"2002-05-15",2002-05-15,0.0225921521997622,448000,-0.0476190476190476,430,0.0488372093023256,0,430,0,1.78574317492416,0.853758264765586
"2002-05-16",2002-05-16,-0.0127906976744186,382000,-0.0598006644518274,424.5,0.0365135453474676,409,430,356,-1.25581395348838,0.729369723525825
"2002-05-17",2002-05-17,-0.0176678445229682,256000,-0.0764119601328905,417,0.0191846522781774,409,430,0,-1.27777777777778,0.5570896911261
"2002-05-20",2002-05-20,-0.00479616306954436,354000,-0.0808416389811739,415,0.0144578313253012,409,430,0,-1.05797101449275,0.510611396794416
"2002-05-21",2002-05-21,0.0036144578313253,358000,-0.0775193798449614,416.5,0.0180072028811524,409,430,0,1.24549819927971,0.545491720147224
"2002-05-22",2002-05-22,0.0120048019207683,232000,-0.0664451827242525,421.5,0.0296559905100831,409,430,0,1.64689600632662,0.660833345901901
"2002-05-23",2002-05-23,-0.0154211150652432,442000,-0.0808416389811739,415,0.0144578313253012,409,430,0,-1.21666666666667,0.510611396794416
"2002-05-24",2002-05-24,0.0120481927710843,186000,-0.0697674418604652,420,0.0261904761904762,409,430,0,1.81150793650794,0.626378680976727
"2002-05-27",2002-05-27,-0.0119047619047619,256000,-0.0808416389811739,415,0.0144578313253012,409,430,0,-1.15873015873016,0.510611396794416
"2002-05-28",2002-05-28,0,278000,-0.0808416389811739,415,0.0144578313253012,409,430,0,-1,0.510611396794416
"2002-05-29",2002-05-29,-0.00240963855421687,416000,-0.0830564784053156,414,0.0120772946859904,409,430,0,-1.02739726027397,0.487285317410362
"2002-05-30",2002-05-30,-0.00845410628019324,376000,-0.0908084163898119,410.5,0.00365408038976855,409,430,0,-1.09333333333333,0.405180418716668
"2002-05-31",2002-05-31,-0.00852618757612668,4e+05,-0.098560354374308,407,0,407,424.5,367,-1.08536585365854,0.347283592345904
"2002-06-03",2002-06-03,0.00368550368550369,264000,-0.0952380952380952,408.5,0.00367197062423497,407,408.5,367,-0.966292134831459,0.382786227248855
"2002-06-04",2002-06-04,0.00367197062423501,338000,-0.0919158361018827,410,0.00731707317073171,0,410,0,1.99268292682929,0.418152480078703
"2002-06-05",2002-06-05,-0.0121951219512195,276000,-0.102990033222591,405,0,0,410,370,-1.12048192771084,0.324798590240702
"2002-06-06",2002-06-06,0.00617283950617284,298000,-0.0974529346622371,407.5,0.00613496932515334,405,407.5,370,-0.946236559139786,0.384045881063918
"2002-06-07",2002-06-07,0.00245398773006135,240000,-0.0952380952380952,408.5,0.00856793145654833,0,408.5,0,1.39657282741739,0.407638071680921
"2002-06-10",2002-06-10,-0.011015911872705,288000,-0.105204872646733,404,0,0,408.5,373,-1.1046511627907,0.313556089188101
"2002-06-11",2002-06-11,0.0099009900990099,320000,-0.0963455149501661,408,0.00980392156862742,404,408,373,-0.915789473684211,0.408290693646049
"2002-06-12",2002-06-12,0.00490196078431373,276000,-0.0919158361018827,410,0.0146341463414634,0,410,0,1.49268292682927,0.455293864653699
"2002-06-13",2002-06-13,-0.0024390243902439,624000,-0.0941306755260244,409,0.0122249388753056,404,410,376,-1.02409638554217,0.431822252461491
"2002-06-14",2002-06-14,-0.00733496332518337,912000,-0.10077519379845,406,0.00492610837438423,404,410,0,-1.07058823529412,0.361045964324088
"2002-06-17",2002-06-17,-0.0295566502463054,554000,-0.127353266888151,394,0,394,409,378,-1.26373626373626,0.20113107866209
"2002-06-18",2002-06-18,0.0101522842639594,246000,-0.118493909191584,398,0.0100502512562815,394,398,378,-0.930434782608696,0.297116049960428
"2002-06-19",2002-06-19,-0.00628140703517588,276000,-0.124031007751938,395.5,0.00379266750948171,394,398,380,-1.04672897196262,0.237246369654074
"2002-06-20",2002-06-20,-0.0139064475347661,670000,-0.136212624584718,390,0,390,395.5,381,-1.09821428571429,0.156161074451685
"2002-06-21",2002-06-21,-0.0256410256410256,356000,-0.158361018826135,380,0,380,390,382,-1.16260162601626,0.0437360639256734
"2002-06-24",2002-06-24,0.0184210526315789,380000,-0.142857142857143,387,0.0180878552971576,380,387,382,-0.902097902097902,0.214247329890124
"2002-06-25",2002-06-25,-0.00516795865633075,168000,-0.147286821705426,385,0.012987012987013,380,387,384,-1.03100775193798,0.165870507178931
"2002-06-26",2002-06-26,-0.00779220779220779,340000,-0.153931339977852,382,0.00523560209424079,380,387,0,-1.04511278195489,0.0927969258489351
"2002-06-27",2002-06-27,0.0130890052356021,280000,-0.142857142857143,387,0.0129198966408268,382,387,384,2.46770025839795,0.188014827434055
"2002-06-28",2002-06-28,0,598000,-0.142857142857143,387,0.0129198966408268,0,387,0,-1,0.188014827434055
"2002-07-01",2002-07-01,0.0193798449612403,476000,-0.12624584717608,394.5,0.0316856780735107,0,394.5,0,2.45247148288974,0.367588489684252
"2002-07-02",2002-07-02,0.00887198986058302,516000,-0.118493909191584,398,0.0402010050251256,0,398,0,1.26874371859296,0.450160951224228
"2002-07-03",2002-07-03,0.00251256281407035,376000,-0.116279069767442,399,0.0426065162907269,0,399,0,1.05983709273183,0.473613801542237
"2002-07-04",2002-07-04,0.0200501253132832,364000,-0.098560354374308,407,0.0614250614250614,0,407,0,1.44168232403526,0.659076542299799
"2002-07-05",2002-07-05,-0.00368550368550369,176000,-0.101882613510521,405.5,0.0579531442663379,382,407,392,-1.03370786516854,0.624589376632257
"2002-07-08",2002-07-08,-0.0184956843403206,480000,-0.118493909191584,398,0.0402010050251256,382,407,0,-1.16304347826087,0.450160951224228
"2002-07-09",2002-07-09,0.0351758793969849,322000,-0.0874861572535992,412,0.0339805825242718,398,412,392,-0.738317757009346,0.575981168369812
"2002-07-10",2002-07-10,-0.00849514563106796,336000,-0.0952380952380955,408.5,0.0257037943696451,398,412,395,-1.08860759493671,0.49461952719315
"2002-07-11",2002-07-11,-0.0391676866585067,432000,-0.130675526024363,392.5,0,392.5,408.5,396,-1.37209302325581,0.184267327083187
"2002-07-12",2002-07-12,0.0305732484076433,208000,-0.104097452934662,404.5,0.0296662546353523,392.5,404.5,396,-0.796610169491526,0.469762928596954
"2002-07-15",2002-07-15,-0.0123609394313968,270000,-0.115171650055371,399.5,0.0175219023779725,392.5,404.5,398,-1.1063829787234,0.351905822127856
"2002-07-16",2002-07-16,-0.00876095118898623,340000,-0.122923588039867,396,0.00883838383838387,392.5,404.5,0,-1.06730769230769,0.268479621899546
"2002-07-17",2002-07-17,-0.0303030303030303,560000,-0.149501661129568,384,0,384,399.5,400,-1.21621621621622,0.0887060681360779
"2002-07-18",2002-07-18,0.06640625,324000,-0.0930232558139538,409.5,0.0622710622710623,384,409.5,400,-0.622222222222224,0.691477086110153
"2002-07-19",2002-07-19,-0.0268620268620269,270000,-0.117386489479513,398.5,0.0363864491844417,384,409.5,402,-1.26190476190476,0.436419557404105
"2002-07-22",2002-07-22,-0.00752823086574655,264000,-0.124031007751938,395.5,0.0290771175726928,384,409.5,0,-1.0566037735849,0.36558996574129
"2002-07-23",2002-07-23,-0.00758533501896334,148000,-0.130675526024363,392.5,0.021656050955414,384,409.5,0,-1.05357142857143,0.294193208394321
"2002-07-24",2002-07-24,-0.0140127388535032,332000,-0.142857142857143,387,0.00775193798449614,384,409.5,0,-1.09322033898305,0.161782324977986
"2002-07-25",2002-07-25,0.0116279069767442,378000,-0.132890365448505,391.5,0.0191570881226054,384,409.5,0,2.47126436781609,0.270265998928085
"2002-07-26",2002-07-26,-0.0549169859514687,576000,-0.180509413067553,370,0,370,398.5,407,-1.35833333333333,-0.0686889466003371
"2002-07-29",2002-07-29,0.00945945945945946,314000,-0.172757475083056,373.5,0.00937081659973227,370,373.5,407,-0.957055214723927,0.0182259711757957
"2002-07-30",2002-07-30,0.0107095046854083,238000,-0.16389811738649,377.5,0.0198675496688742,0,377.5,0,2.120151371807,0.116477279345484
"2002-07-31",2002-07-31,-0.0132450331125828,336000,-0.174972314507198,372.5,0.00671140939597314,370,377.5,410,-1.06756756756757,-0.00651565218863714
"2002-08-01",2002-08-01,-0.025503355704698,482000,-0.196013289036545,363,0,363,372.5,411,-1.12025316455696,-0.147386453968546
"2002-08-02",2002-08-02,-0.0137741046831956,316000,-0.207087486157254,358,0,358,363,412,-1.05649717514124,-0.203598959231551
"2002-08-05",2002-08-05,-0.00279329608938547,282000,-0.209302325581395,357,0,357,358,413,-1.01069518716578,-0.214841460284152
"2002-08-06",2002-08-06,-0.0168067226890756,360000,-0.222591362126246,351,0,351,357,414,-1.06349206349206,-0.28229646659976
"2002-08-07",2002-08-07,0.0327635327635328,442000,-0.197120708748616,362.5,0.0317241379310345,351,362.5,414,-0.885572139303483,0.00802367782341032
"2002-08-08",2002-08-08,0.00551724137931034,264000,-0.192691029900332,364.5,0.0370370370370371,0,364.5,0,1.16747181964574,0.0574768985455186
"2002-08-09",2002-08-09,0.0534979423868313,364000,-0.149501661129568,384,0.0859375,0,384,0,2.3203125,0.524923892180949
"2002-08-12",2002-08-12,-0.04296875,256000,-0.186046511627907,367.5,0.0448979591836735,351,384,418,-1.24444444444444,0.131106357820173
"2002-08-13",2002-08-13,0.0054421768707483,96000,-0.181616832779624,369.5,0.0500676589986468,351,384,0,1.11514331406077,0.179832700483954
"2002-08-14",2002-08-14,0.0175913396481732,238000,-0.167220376522702,376,0.0664893617021277,351,384,0,1.32799022426682,0.33626534330898
"2002-08-15",2002-08-15,0.00132978723404255,272000,-0.166112956810631,376.5,0.0677290836653387,351,384,0,1.01864541832669,0.348179409162844
"2002-08-16",2002-08-16,0.00796812749003984,208000,-0.159468438538206,379.5,0.075098814229249,351,384,0,1.10881190420832,0.419315585256048
"2002-08-19",2002-08-19,-0.0171277997364954,306000,-0.173864894795127,373,0.0589812332439679,351,384,0,-1.09027777777778,0.264426660995769
"2002-08-20",2002-08-20,-0.0187667560321716,230000,-0.18936877076412,366,0.0409836065573771,351,384,0,-1.08917197452229,0.0943733944863646
"2002-08-21",2002-08-21,-0.00546448087431694,230000,-0.193798449612403,364,0.0357142857142857,351,384,0,-1.0233918128655,0.0451413765572483
"2002-08-22",2002-08-22,0.00274725274725275,648000,-0.191583610188262,365,0.0383561643835616,351,384,0,1.07397260273973,0.0697940252695098
"2002-08-23",2002-08-23,0,0,-0.191583610188262,365,0.0383561643835616,351,384,0,-1,0.0697940252695098
"2002-08-26",2002-08-26,0.0164383561643836,260000,-0.178294573643411,371,0.0539083557951483,351,384,0,1.40546784751637,0.216191787619347
"2002-08-27",2002-08-27,-0.022911051212938,178000,-0.197120708748616,362.5,0.0317241379310345,351,384,0,-1.1055900621118,0.00802367782340976
"2002-08-28",2002-08-28,-0.0179310344827586,390000,-0.211517165005537,356,0.0140449438202247,351,384,0,-1.07303370786517,-0.15479197783606
"2002-08-29",2002-08-29,-0.0210674157303371,614000,-0.2281284606866,348.5,0,348.5,379.5,431,-1.07853403141361,-0.310402719231263
"2002-08-30",2002-08-30,0.00143472022955524,536000,-0.22702104097453,349,0.00143266475644699,348.5,349,431,-0.995145631067961,-0.297509277837843
"2002-09-02",2002-09-02,-0.00859598853868195,368000,-0.233665559246955,346,0,0,349,433,-1.02926829268293,-0.338508971862766
"2002-09-03",2002-09-03,-0.00144508670520231,554000,-0.234772978959026,345.5,0,345.5,346,434,-1.00473933649289,-0.344130222389066
"2002-09-04",2002-09-04,-0.0303907380607815,612000,-0.258028792912514,335,0,335,345.5,435,-1.09905660377358,-0.462176483441378
"2002-09-05",2002-09-05,0.0194029850746269,386000,-0.243632336655593,341.5,0.0190336749633968,335,341.5,435,-0.944206008583691,-0.292485497568369
"2002-09-06",2002-09-06,-0.0146412884333821,366000,-0.254706533776301,336.5,0.00445765230312034,335,341.5,437,-1.04545454545455,-0.422685736801929
"2002-09-09",2002-09-09,0.0282317979197623,224000,-0.233665559246955,346,0.0274566473988439,336.5,346,437,6.15944123314067,-0.199139325504762
"2002-09-10",2002-09-10,0.0158959537572254,444000,-0.221483942414175,351.5,0.0426742532005689,0,351.5,0,1.55424122183125,-0.0600611666318061
"2002-09-11",2002-09-11,-0.0085348506401138,414000,-0.228128460686601,348.5,0.0344332855093257,336.5,351.5,440,-1.03,-0.13561973299599
"2002-09-12",2002-09-12,0.0143472022955524,278000,-0.217054263565892,353.5,0.0141442715700142,348.5,353.5,440,-0.951456310679611,-0.182394043879863
"2002-09-13",2002-09-13,-0.00424328147100424,604000,-0.220376522702104,352,0.00994318181818177,348.5,353.5,442,-1.01530612244898,-0.220582481773372
"2002-09-16",2002-09-16,0,0,-0.220376522702104,352,0.00994318181818177,348.5,353.5,0,-1,-0.220582481773372
"2002-09-17",2002-09-17,0.0255681818181818,288000,-0.200442967884829,361,0.0249307479224377,352,361,442,2.50732093391374,-0.0433232482420464
"2002-09-18",2002-09-18,-0.0166204986149584,182000,-0.213732004429679,355,0.0084507042253521,352,361,445,-1.06629834254144,-0.194430778795698
"2002-09-19",2002-09-19,0.0028169014084507,476000,-0.211517165005537,356,0.0112359550561798,352,361,0,1.32958801498128,-0.169050374536199
"2002-09-20",2002-09-20,0.00561797752808989,244000,-0.207087486157254,358,0.0167597765363129,352,361,0,1.49162011173184,-0.118526514115641
"2002-09-23",2002-09-23,0,0,-0.207087486157254,358,0.0167597765363129,352,361,0,-1,-0.118526514115641
"2002-09-24",2002-09-24,0.00558659217877095,440000,-0.20265780730897,360,0.0222222222222223,352,361,0,1.32592592592592,-0.0683141965652517
"2002-09-25",2002-09-25,-0.0416666666666667,198000,-0.235880398671097,345,0,345,360,450,-1.16393442622951,-0.349751472915367
"2002-09-26",2002-09-26,0.0159420289855072,408000,-0.223698781838317,350.5,0.0156918687589158,345,350.5,450,-0.948356807511737,-0.208265960381776
"2002-09-27",2002-09-27,-0.00285306704707561,604000,-0.225913621262459,349.5,0.0128755364806867,345,350.5,452,-1.00990099009901,-0.23380413373339
"2002-09-30",2002-09-30,-0.0128755364806867,304000,-0.235880398671097,345,0,345,349.5,453,-1.04411764705882,-0.349751472915367
"2002-10-01",2002-10-01,-0.0217391304347826,442000,-0.25249169435216,337.5,0,337.5,345,454,-1.07042253521127,-0.434070230809875
"2002-10-02",2002-10-02,-0.00592592592592593,380000,-0.256921373200443,335.5,0,335.5,337.5,455,-1.01754385964912,-0.456555232915078
"2002-10-03",2002-10-03,0.0193740685543964,474000,-0.242524916943522,342,0.0190058479532164,335.5,342,455,-0.943965517241379,-0.287005496645915
"2002-10-04",2002-10-04,-0.0087719298245614,198000,-0.249169435215947,339,0.0103244837758112,335.5,342,457,-1.02739726027397,-0.364799510828694
"2002-10-07",2002-10-07,-0.0176991150442478,244000,-0.262458471760798,333,0,333,339,458,-1.05333333333333,-0.484661485546581
"2002-10-08",2002-10-08,-0.00600600600600601,250000,-0.266888150609081,331,0,331,333,459,-1.0168776371308,-0.507146487651783
"2002-10-09",2002-10-09,-0.0120845921450151,450000,-0.275747508305648,327,0,327,331,460,-1.03319502074689,-0.552116491862187
"2002-10-10",2002-10-10,0.055045871559633,374000,-0.235880398671096,345,0.0521739130434783,327,345,460,-0.855421686746988,-0.0849172524675708
"2002-10-11",2002-10-11,-0.0130434782608696,414000,-0.245847176079734,340.5,0.039647577092511,327,345,462,-1.04225352112676,-0.199092053523241
"2002-10-14",2002-10-14,0,0,-0.245847176079734,340.5,0.039647577092511,327,345,0,-1,-0.199092053523241
"2002-10-15",2002-10-15,0.0279001468428781,466000,-0.224806201550388,350,0.0271428571428571,340.5,350,462,-0.914414414414415,-0.155762117252734
"2002-10-16",2002-10-16,0.0128571428571429,618000,-0.21483942414175,354.5,0.0394922425952046,0,354.5,0,1.45497735877069,-0.0424855150214614
"2002-10-17",2002-10-17,-0.0267983074753173,268000,-0.235880398671096,345,0.0130434782608696,340.5,354.5,466,-1.0979381443299,-0.283542917803417
"2002-10-18",2002-10-18,0.0231884057971014,218000,-0.218161683277962,353,0.0354107648725213,340.5,354.5,0,2.71482530689329,-0.0800668035437986
"2002-10-21",2002-10-21,0.0056657223796034,346000,-0.213732004429679,355,0.028169014084507,345,355,466,-0.979695431472081,-0.0943408504104976
"2002-10-22",2002-10-22,-0.0126760563380282,184000,-0.223698781838317,350.5,0.0156918687589158,345,355,469,-1.04663212435233,-0.208265960381775
"2002-10-23",2002-10-23,-0.00855920114122682,368000,-0.230343300110742,347.5,0.0071942446043165,345,355,0,-1.02970297029703,-0.285127312188543
"2002-10-24",2002-10-24,0.018705035971223,560000,-0.215946843853821,354,0.0254237288135594,345,355,0,3.53389830508477,-0.119518389918665
"2002-10-25",2002-10-25,0.057909604519774,1238000,-0.170542635658915,374.5,0.0720961281708945,347.5,374.5,469,2.83578104138851,0.347861477914029
"2002-10-28",2002-10-28,0.0146862483311081,710000,-0.158361018826135,380,0.0855263157894737,0,380,0,1.18628167641326,0.477866721348321
"2002-10-29",2002-10-29,0.025,482000,-0.137320044296788,389.5,0.10783055198973,0,389.5,0,1.26078799249531,0.697886543977953
"2002-10-30",2002-10-30,-0.00641848523748395,692000,-0.142857142857143,387,0.102067183462532,347.5,389.5,475,-1.04032258064516,0.64052549480125
"2002-10-31",2002-10-31,0.0116279069767442,246000,-0.132890365448505,391.5,0.0114942528735632,387,391.5,475,-0.930232558139535,0.231369529769085
"2002-11-01",2002-11-01,-0.0102171136653895,370000,-0.141749723145072,387.5,0.00129032258064521,387,391.5,477,-1.06666666666667,0.134604485336633
"2002-11-04",2002-11-04,0,0,-0.141749723145072,387.5,0.00129032258064521,387,391.5,0,-1,0.134604485336633
"2002-11-05",2002-11-05,0.047741935483871,716000,-0.10077519379845,406,0.0455665024630542,387.5,406,477,35.3140394088657,0.567336166828067
"2002-11-06",2002-11-06,-0.0258620689655172,356000,-0.124031007751938,395.5,0.0202275600505689,387.5,406,480,-1.23076923076923,0.320669707110765
"2002-11-07",2002-11-07,0.0101137800252845,252000,-0.115171650055371,399.5,0.0300375469336671,387.5,406,0,1.48498122653317,0.415435099039614
"2002-11-08",2002-11-08,-0.0350438047559449,366000,-0.146179401993355,385.5,0,385.5,399.5,482,-1.26923076923077,0.10556981971498
"2002-11-11",2002-11-11,-0.0207522697795071,396000,-0.16389811738649,377.5,0,377.5,385.5,483,-1.12121212121212,0.0156298112941708
"2002-11-12",2002-11-12,0.00264900662251656,360000,-0.161683277962348,378.5,0.00264200792602376,377.5,378.5,483,-0.986486486486486,0.0402831161122923
"2002-11-13",2002-11-13,-0.0224570673712021,146000,-0.180509413067553,370,0,0,378.5,485,-1.11643835616438,-0.0686889466003371
"2002-11-14",2002-11-14,-0.0121621621621622,234000,-0.19047619047619,365.5,0,365.5,370,486,-1.05521472392638,-0.119280201337043
"2002-11-15",2002-11-15,0.0465116279069767,528000,-0.152823920265781,382.5,0.0444444444444444,365.5,382.5,486,-0.802325581395349,0.297441837679372
"2002-11-18",2002-11-18,-0.0483660130718954,924000,-0.193798449612403,364,0,0,382.5,488,-1.26811594202899,-0.136143952915944
"2002-11-19",2002-11-19,-0.021978021978022,912000,-0.211517165005537,356,0,356,364,489,-1.09142857142857,-0.226083961336753
"2002-11-20",2002-11-20,-0.0154494382022472,832000,-0.223698781838317,350.5,0,350.5,356,490,-1.05759162303665,-0.28791771712606
"2002-11-21",2002-11-21,0.00285306704707561,680000,-0.221483942414175,351.5,0.00284495021337128,350.5,351.5,490,-0.99009900990099,-0.262234279444015
"2002-11-22",2002-11-22,0.0227596017069701,370000,-0.203765227021041,359.5,0.0250347705146036,0,359.5,0,8.79972183588312,-0.0596589822639293
"2002-11-25",2002-11-25,0.0611961057023644,582000,-0.155038759689922,381.5,0.0812581913499345,0,381.5,0,3.2458133100335,0.473065519260099
"2002-11-26",2002-11-26,0.0458715596330275,1878000,-0.116279069767442,399,0.121553884711779,0,399,0,1.49589700056593,0.874349793009297
"2002-11-27",2002-11-27,-0.037593984962406,612000,-0.149501661129568,384,0.0872395833333334,350.5,399,495,-1.28571428571429,0.531533253151327
"2002-11-28",2002-11-28,0.09765625,1212000,-0.0664451827242525,421.5,0.0889679715302492,384,421.5,495,1.01981197216763,0.961900322488462
"2002-11-29",2002-11-29,0.0616844602609727,1440000,-0.00885935769656676,447.5,0.141899441340782,0,447.5,0,1.59494972067039,1.52288492029097
"2002-12-02",2002-12-02,0,0,-0.00885935769656676,447.5,0.141899441340782,0,447.5,0,-1,1.52288492029097
"2002-12-03",2002-12-03,-0.0502793296089385,576000,-0.0586932447397563,425,0.0964705882352941,384,447.5,499,-6.62500000000018,1.03933227772855
"2002-12-04",2002-12-04,-0.00470588235294118,578000,-0.0631229235880397,423,0.0921985815602837,384,447.5,0,-1.07547169811321,0.995162615770802
"2002-12-05",2002-12-05,-0.0260047281323877,376000,-0.0874861572535991,412,0.0679611650485437,384,447.5,0,-1.3859649122807,0.748466239130715
"2002-12-06",2002-12-06,-0.00364077669902913,364000,-0.0908084163898119,410.5,0.0645554202192449,384,447.5,0,-1.03797468354431,0.714314963494343
"2002-12-09",2002-12-09,-0.02557856272838,270000,-0.1140642303433,400,0.04,384,447.5,0,-1.25609756097561,0.471625653987673
"2002-12-10",2002-12-10,0.04375,726000,-0.0753045404208195,417.5,0.0802395209580838,384,447.5,0,2.00598802395209,0.872624797220624
"2002-12-11",2002-12-11,0.0179640718562874,486000,-0.0586932447397563,425,0.0964705882352941,384,447.5,0,1.20228270412643,1.03933227772855
"2002-12-12",2002-12-12,-0.0235294117647059,298000,-0.0808416389811739,415,0.0746987951807229,384,447.5,0,-1.37735849056604,0.816393880243175
"2002-12-13",2002-12-13,-0.00120481927710843,838000,-0.0819490586932448,414.5,0.0735826296743064,384,447.5,0,-1.01369863013699,0.80510698563271
"2002-12-16",2002-12-16,-0.0205066344993969,280000,-0.10077519379845,406,0.0541871921182266,384,447.5,0,-1.22972972972973,0.611094694631941
"2002-12-17",2002-12-17,-0.00123152709359606,572000,-0.101882613510521,405.5,0.0530209617755857,384,447.5,0,-1.01098901098901,0.599553671452236
"2002-12-18",2002-12-18,-0.0234278668310728,398000,-0.122923588039867,396,0.0303030303030303,384,447.5,0,-1.20652173913044,0.377433936077879
"2002-12-19",2002-12-19,0.0340909090909091,748000,-0.0930232558139535,409.5,0.0622710622710623,384,447.5,0,2.05494505494506,0.691477086110154
"2002-12-20",2002-12-20,-0.00244200244200244,7e+05,-0.0952380952380952,408.5,0.0599755201958384,384,447.5,0,-1.02380952380952,0.66858243821761
"2002-12-23",2002-12-23,0,0,-0.0952380952380952,408.5,0.0599755201958384,384,447.5,0,-1,0.66858243821761
"2002-12-24",2002-12-24,0.0269277845777234,594000,-0.0708748615725361,419.5,0.0846245530393326,384,447.5,0,1.41098489455377,0.917368174922618
"2002-12-25",2002-12-25,-0.00119189511323004,306000,-0.0719822812846069,419,0.0835322195704057,384,447.5,0,-1.015625,0.906202251477665
"2002-12-26",2002-12-26,0.0143198090692124,224000,-0.0586932447397563,425,0.0964705882352941,384,447.5,0,1.15489075630252,1.03933227772855
"2002-12-27",2002-12-27,0.00588235294117647,330000,-0.0531561461794019,427.5,0.101754385964912,384,447.5,0,1.05477107402653,1.09425903070399
"2002-12-30",2002-12-30,0.00584795321637427,202000,-0.0476190476190476,430,0.106976744186047,384,447.5,0,1.05132317562149,1.14887391739637
"2002-12-31",2002-12-31,0,0,-0.0476190476190476,430,0.106976744186047,384,447.5,0,-1,1.14887391739637
"2003-01-01",2003-01-01,0,0,-0.0476190476190476,430,0.106976744186047,384,447.5,0,-1,1.14887391739637
"2003-01-02",2003-01-02,0,0,-0.0476190476190476,430,0.106976744186047,384,447.5,0,-1,1.14887391739637
"2003-01-03",2003-01-03,0,0,-0.0476190476190476,430,0.106976744186047,384,447.5,0,-1,1.14887391739637
"2003-01-06",2003-01-06,0.0290697674418605,356000,-0.0199335548172758,442.5,0.132203389830508,384,447.5,0,1.23581429624171,1.41745536203435
"2003-01-07",2003-01-07,-0.0564971751412429,570000,-0.0753045404208195,417.5,0.0802395209580838,384,447.5,0,-3.77777777777777,0.872624797220624
"2003-01-08",2003-01-08,-0.0191616766467066,670000,-0.0930232558139535,409.5,0.0622710622710623,384,447.5,0,-1.23529411764706,0.691477086110154
"2003-01-09",2003-01-09,0.0256410256410256,338000,-0.0697674418604652,420,0.0857142857142857,384,447.5,0,1.37647058823529,0.928520896765383
"2003-01-10",2003-01-10,-0.0321428571428571,348000,-0.0996677740863788,406.5,0.0553505535055351,384,447.5,0,-1.42857142857143,0.62262115502529
"2003-01-13",2003-01-13,0,0,-0.0996677740863788,406.5,0.0553505535055351,384,447.5,0,-1,0.62262115502529
"2003-01-14",2003-01-14,0.023370233702337,198000,-0.0786267995570322,416,0.0769230769230769,384,447.5,0,1.38974358974359,0.838926811453884
"2003-01-15",2003-01-15,-0.00480769230769231,340000,-0.0830564784053156,414,0.072463768115942,384,447.5,0,-1.05633802816901,0.793806405891606
"2003-01-16",2003-01-16,0.0108695652173913,418000,-0.0730897009966778,418.5,0.0824372759856631,384,447.5,0,1.13763440860215,0.895023079112955
"2003-01-17",2003-01-17,-0.014336917562724,132000,-0.0863787375415284,412.5,0.0690909090909091,384,447.5,0,-1.18181818181818,0.759822058243351
"2003-01-20",2003-01-20,-0.00242424242424242,180000,-0.0885935769656702,411.5,0.0668286755771568,384,447.5,0,-1.02564102564103,0.737096484249945
"2003-01-21",2003-01-21,-0.00121506682867558,220000,-0.089700996677741,411,0.0656934306569343,384,447.5,0,-1.0125,0.725712742740576
"2003-01-22",2003-01-22,0,188000,-0.089700996677741,411,0.0656934306569343,384,447.5,0,-1,0.725712742740576
"2003-01-23",2003-01-23,0.0097323600973236,330000,-0.0808416389811739,415,0.0746987951807229,384,447.5,0,1.13708165997323,0.816393880243175
"2003-01-24",2003-01-24,0.0072289156626506,326000,-0.0741971207087486,418,0.0813397129186603,384,447.5,0,1.08890260842723,0.883830610284517
"2003-01-27",2003-01-27,-0.0107655502392345,114000,-0.0841638981173866,413.5,0.0713422007255139,384,447.5,0,-1.13432835820896,0.782492091376101
"2003-01-28",2003-01-28,-0.0217654171704958,470000,-0.104097452934662,404.5,0.0506798516687268,384,447.5,0,-1.23684210526316,0.576427720722097
"2003-01-29",2003-01-29,-0.0222496909765142,522000,-0.124031007751938,395.5,0.0290771175726928,384,447.5,0,-1.19148936170213,0.36558996574129
"2003-01-30",2003-01-30,-0.0101137800252845,386000,-0.132890365448505,391.5,0.0191570881226054,384,447.5,0,-1.07142857142857,0.270265998928086
"2003-01-31",2003-01-31,-0.0140485312899106,292000,-0.145071982281284,386,0.00518134715025909,384,447.5,0,-1.09166666666667,0.137491532548273
"2003-02-03",2003-02-03,0.0259067357512953,132000,-0.122923588039867,396,0.0303030303030303,384,447.5,0,5.84848484848482,0.37743393607788
"2003-02-04",2003-02-04,0.0202020202020202,218000,-0.105204872646733,404,0.0495049504950495,384,447.5,0,1.63366336633664,0.564842684497478
"2003-02-05",2003-02-05,-0.0148514851485149,320000,-0.118493909191584,398,0.035175879396985,384,447.5,0,-1.12631578947369,0.424653467680262
"2003-02-06",2003-02-06,0.0138190954773869,282000,-0.106312292358804,403.5,0.0483271375464684,384,447.5,0,1.37387148167817,0.553242868134821
"2003-02-07",2003-02-07,0.00123915737298637,234000,-0.105204872646733,404,0.0495049504950495,384,447.5,0,1.02437166793602,0.564842684497478
"2003-02-10",2003-02-10,0.00123762376237624,244000,-0.104097452934662,404.5,0.0506798516687268,384,447.5,0,1.02373300370828,0.576427720722097
"2003-02-11",2003-02-11,0,0,-0.104097452934662,404.5,0.0506798516687268,384,447.5,0,-1,0.576427720722097
"2003-02-12",2003-02-12,-0.00247218788627936,414000,-0.106312292358804,403.5,0.0483271375464684,384,447.5,0,-1.02127659574468,0.553242868134821
"2003-02-13",2003-02-13,-0.00619578686493185,290000,-0.111849390919158,401,0.0423940149625935,384,447.5,0,-1.05208333333333,0.495020149195485
"2003-02-14",2003-02-14,0.0224438902743142,452000,-0.0919158361018827,410,0.0634146341463414,384,447.5,0,1.49583931133429,0.70290309515367
"2003-02-17",2003-02-17,0.0170731707317073,374000,-0.0764119601328903,417,0.079136690647482,384,447.5,0,1.24792473713337,0.86140559192043
"2003-02-18",2003-02-18,0.00119904076738609,394000,-0.0753045404208195,417.5,0.0802395209580838,384,447.5,0,1.01393576483397,0.872624797220624
"2003-02-19",2003-02-19,-0.0119760479041916,138000,-0.0863787375415282,412.5,0.0690909090909091,384,447.5,0,-1.14705882352941,0.759822058243352
"2003-02-20",2003-02-20,0.0133333333333333,3e+05,-0.0741971207087484,418,0.0813397129186603,384,447.5,0,1.17728531855956,0.883830610284518
"2003-02-21",2003-02-21,-0.0107655502392345,158000,-0.0841638981173863,413.5,0.0713422007255139,384,447.5,0,-1.13432835820896,0.782492091376102
"2003-02-24",2003-02-24,-0.00967351874244256,74000,-0.0930232558139533,409.5,0.0622710622710623,384,447.5,0,-1.10526315789474,0.691477086110155
"2003-02-25",2003-02-25,-0.0354090354090354,126000,-0.125138427464009,395,0.0278481012658228,384,447.5,0,-1.3452380952381,0.353730241683663
"2003-02-26",2003-02-26,-0.0177215189873418,202000,-0.140642303433001,388,0.0103092783505154,384,447.5,0,-1.12389380530973,0.186005858173797
"2003-02-27",2003-02-27,0.00515463917525773,232000,-0.136212624584718,390,0.0153846153846153,384,447.5,0,1.49230769230769,0.234253216378599
"2003-02-28",2003-02-28,0.0128205128205128,284000,-0.125138427464009,395,0.0278481012658228,384,447.5,0,1.81012658227849,0.353730241683662
"2003-03-03",2003-03-03,0.0253164556962025,210000,-0.102990033222591,405,0.0518518518518518,384,447.5,0,1.86195286195286,0.587998031549931
"2003-03-04",2003-03-04,-0.00987654320987654,110000,-0.111849390919158,401,0.0423940149625935,384,447.5,0,-1.08602150537634,0.495020149195485
"2003-03-05",2003-03-05,0.00748129675810474,122000,-0.105204872646733,404,0.0495049504950495,384,447.5,0,1.16773442050087,0.564842684497478
"2003-03-06",2003-03-06,0.0309405940594059,304000,-0.0775193798449612,416.5,0.078031212484994,384,447.5,0,1.57623049219688,0.850172946152593
"2003-03-07",2003-03-07,-0.0396158463385354,316000,-0.1140642303433,400,0.04,384,447.5,0,-1.47142857142857,0.471625653987673
"2003-03-10",2003-03-10,0.01,370000,-0.105204872646733,404,0.0495049504950495,384,447.5,0,1.23762376237624,0.564842684497478
"2003-03-11",2003-03-11,0.00866336633663366,354000,-0.0974529346622371,407.5,0.0576687116564417,384,447.5,0,1.16490797546012,0.645630601874317
"2003-03-12",2003-03-12,0.0331288343558282,470000,-0.0675526024363233,421,0.0878859857482185,384,447.5,0,1.52398039116592,0.950786923790701
"2003-03-13",2003-03-13,-0.00950118764845606,362000,-0.0764119601328903,417,0.079136690647482,384,447.5,0,-1.13114754098361,0.86140559192043
"2003-03-14",2003-03-14,0.00839328537170264,1546000,-0.0686600221483944,420.5,0.0868014268727705,384,447.5,0,1.09685439411955,0.939660464098477
"2003-03-17",2003-03-17,0.014268727705113,530000,-0.0553709856035438,426.5,0.0996483001172332,384,447.5,0,1.14800301915881,1.07232606058112
"2003-03-18",2003-03-18,0.0105509964830012,624000,-0.0454042081949061,431,0.109048723897912,384,447.5,0,1.09433601746963,1.17063376514133
"2003-03-19",2003-03-19,0.00696055684454756,294000,-0.0387596899224808,434,0.115207373271889,384,447.5,0,1.0564761251103,1.23562250616353
"2003-03-20",2003-03-20,0.0172811059907834,564000,-0.0221483942414177,441.5,0.130237825594564,384,447.5,0,1.13046432616082,1.39623567809856
"2003-03-21",2003-03-21,0,0,-0.0221483942414177,441.5,0.130237825594564,384,447.5,0,-1,1.39623567809856
"2003-03-24",2003-03-24,-0.0101925254813137,650000,-0.0321151716500555,437,0.121281464530893,384,447.5,0,-1.44999999999999,1.30018203110522
"2003-03-25",2003-03-25,-0.0331807780320366,398000,-0.0642303433001108,422.5,0.0911242603550296,384,447.5,0,-1.99999999999999,0.984088122382174
"2003-03-26",2003-03-26,-0.0118343195266272,482000,-0.0753045404208195,417.5,0.0802395209580838,384,447.5,0,-1.17241379310345,0.872624797220624
"2003-03-27",2003-03-27,0.0119760479041916,306000,-0.0642303433001106,422.5,0.0911242603550296,384,447.5,0,1.1356530954694,0.984088122382175
"2003-03-28",2003-03-28,0.0118343195266272,594000,-0.0531561461794019,427.5,0.101754385964912,384,447.5,0,1.11665527455001,1.09425903070399
"2003-03-31",2003-03-31,-0.0280701754385965,490000,-0.0797342192691028,415.5,0.075812274368231,384,447.5,0,-1.5,0.827667139127808
"2003-04-01",2003-04-01,0.036101083032491,430000,-0.0465116279069766,430.5,0.10801393728223,384,447.5,0,1.42475526796084,1.1597599489034
"2003-04-02",2003-04-02,0.0511033681765389,722000,0,452.5,0.146961325966851,386,452.5,499,1.36057743717697,1.59354899632276
"2003-04-03",2003-04-03,-0.0685082872928177,1146000,-0.0685082872928178,421.5,0.0842230130486358,386,452.5,586,0,0.927342667800936
"2003-04-04",2003-04-04,0.0533807829181495,392000,-0.0187845303867405,444,0.130630630630631,386,452.5,0,1.55100875523411,1.41530448891081
"2003-04-07",2003-04-07,0.00225225225225225,238000,-0.0165745856353592,445,0.132584269662921,386,452.5,0,1.0149554436265,1.43643879533515
"2003-04-08",2003-04-08,-0.0168539325842697,340000,-0.0331491712707184,437.5,0.117714285714286,386,452.5,0,-2,1.27682649893419
"2003-04-09",2003-04-09,-0.00342857142857143,244000,-0.03646408839779,436,0.114678899082569,386,452.5,0,-1.09999999999999,1.24459242547751
"2003-04-10",2003-04-10,-0.0137614678899083,306000,-0.0497237569060774,430,0.102325581395349,386,452.5,0,-1.36363636363637,1.11458118352266
"2003-04-11",2003-04-11,0.00465116279069767,256000,-0.0453038674033149,432,0.106481481481482,386,452.5,0,1.04061447811448,1.1581117990739
"2003-04-14",2003-04-14,0.00347222222222222,278000,-0.0419889502762429,433.5,0.10957324106113,386,452.5,0,1.02903565518279,1.19063202100687
"2003-04-15",2003-04-15,0.0184544405997693,388000,-0.0243093922651932,441.5,0.125707814269536,386,452.5,0,1.14724921022829,1.36227218673799
"2003-04-16",2003-04-16,-0.00906002265005663,220000,-0.0331491712707181,437.5,0.117714285714286,386,452.5,0,-1.36363636363637,1.27682649893419
"2003-04-17",2003-04-17,0,84000,-0.0331491712707181,437.5,0.117714285714286,386,452.5,0,-1,1.27682649893419
"2003-04-18",2003-04-18,-0.016,208000,-0.0486187845303867,430.5,0.103368176538908,386,452.5,0,-1.46666666666667,1.12548221311087
"2003-04-21",2003-04-21,0.0185830429732869,138000,-0.030939226519337,438.5,0.119726339794755,386,452.5,0,1.15825144453128,1.29825731951368
"2003-04-22",2003-04-22,-0.0102622576966933,156000,-0.0408839779005524,434,0.110599078341014,386,452.5,0,-1.32142857142857,1.20144798785962
"2003-04-23",2003-04-23,0.00576036866359447,302000,-0.0353591160220993,436.5,0.115693012600229,386,452.5,0,1.04605765559374,1.25534888263954
"2003-04-24",2003-04-24,-0.013745704467354,110000,-0.0486187845303867,430.5,0.103368176538908,386,452.5,0,-1.37500000000001,1.12548221311087
"2003-04-25",2003-04-25,0.0267131242740999,332000,-0.0232044198895026,442,0.126696832579186,386,452.5,0,1.22568508820987,1.37290126089455
"2003-04-28",2003-04-28,-0.0135746606334842,378000,-0.0364640883977899,436,0.114678899082569,386,452.5,0,-1.57142857142858,1.24459242547751
"2003-04-29",2003-04-29,0,0,-0.0364640883977899,436,0.114678899082569,386,452.5,0,-1,1.24459242547751
"2003-04-30",2003-04-30,0.0263761467889908,724000,-0.0110497237569058,447.5,0.137430167597765,386,452.5,0,1.19839106145251,1.4890806604051
"2003-05-01",2003-05-01,0.00446927374301676,472000,-0.00662983425414332,449.5,0.1412680756396,386,452.5,0,1.02792624144261,1.53099715176576
"2003-05-02",2003-05-02,0.00111234705228031,484000,-0.00552486187845269,450,0.142222222222222,386,452.5,0,1.00675415573053,1.54144921741167
"2003-05-05",2003-05-05,0,0,-0.00552486187845269,450,0.142222222222222,386,452.5,0,-1,1.54144921741167
"2003-05-06",2003-05-06,-0.00222222222222222,1136000,-0.00773480662983406,449,0.140311804008909,386,452.5,0,-1.40000000000005,1.52053429939876
"2003-05-07",2003-05-07,0.00334075723830735,764000,-0.00441988950276229,450.5,0.143174250832408,386,452.5,0,1.02040061307542,1.5518905322523
"2003-05-08",2003-05-08,0.00554938956714761,476000,0,453,0.0695364238410596,421.5,453,586,0,1.20054102736625
"2003-05-09",2003-05-09,-0.0011037527593819,360000,-0.0011037527593819,452.5,0.0685082872928177,421.5,453,612,0,1.18971958021133
"2003-05-12",2003-05-12,0.00662983425414365,532000,0,455.5,0.00658616904500553,452.5,455.5,612,0,0.881006212294774
"2003-05-13",2003-05-13,0.0318331503841932,530000,0,470,0.0372340425531915,0,470,0,5.65336879432621,1.03657448799913
"2003-05-14",2003-05-14,-0.0287234042553191,464000,-0.0287234042553192,456.5,0.00876232201533411,452.5,470,615,0,0.746252650812173
"2003-05-15",2003-05-15,0,352000,-0.0287234042553192,456.5,0.00876232201533411,452.5,470,0,-1,0.746252650812173
"2003-05-16",2003-05-16,-0.00438116100766703,362000,-0.0329787234042553,454.5,0.00440044004400442,452.5,470,0,-1.14814814814815,0.702511830773897
"2003-05-19",2003-05-19,-0.0077007700770077,322000,-0.0404255319148935,451,0,451,456.5,618,-1.2258064516129,0.642375324761679
"2003-05-20",2003-05-20,-0.00221729490022173,394000,-0.0425531914893615,450,0,450,451,619,-1.05263157894737,0.631575347686681
"2003-05-21",2003-05-21,-0.00333333333333333,290000,-0.0457446808510638,448.5,0,448.5,450,620,-1.075,0.615375382074182
"2003-05-22",2003-05-22,0.00334448160535117,424000,-0.0425531914893615,450,0.0033333333333333,448.5,450,620,-0.930232558139533,0.648495311770845
"2003-05-23",2003-05-23,0.0311111111111111,434000,-0.0127659574468084,464,0.0334051724137931,0,464,0,10.021551724138,0.952339321976676
"2003-05-26",2003-05-26,-0.0107758620689655,156000,-0.0234042553191488,459,0.0228758169934641,448.5,464,623,-1.83333333333334,0.84489254193927
"2003-05-27",2003-05-27,-0.0261437908496732,260000,-0.0489361702127659,447,0,447,459,624,-2.0909090909091,0.599175416461684
"2003-05-28",2003-05-28,0.0246085011185682,344000,-0.0255319148936171,458,0.0240174672489083,447,458,624,-0.521739130434784,0.839887569259909
"2003-05-29",2003-05-29,-0.0163755458515284,472000,-0.0414893617021276,450.5,0.00776914539400664,447,458,626,-1.62499999999999,0.676411434533553
"2003-05-30",2003-05-30,0.025527192008879,532000,-0.0170212765957445,462,0.0248917748917749,450.5,462,626,3.2039270253556,0.887525453734649
"2003-06-02",2003-06-02,0.0367965367965368,746000,0,479,0.0594989561586639,0,479,0,2.39030589089589,1.14959094956162
"2003-06-03",2003-06-03,-0.0135699373695198,382000,-0.0135699373695199,472.5,0.0465608465608466,450.5,479,629,0,1.01503638877301
"2003-06-04",2003-06-04,-0.00105820105820106,242000,-0.0146137787056368,472,0.0455508474576272,450.5,479,0,-1.07692307692308,1.00461111683256
"2003-06-05",2003-06-05,0.00847457627118644,450000,-0.00626304801670152,476,0.0535714285714286,450.5,479,0,1.17607973421927,1.08771171914645
"2003-06-06",2003-06-06,-0.00105042016806723,214000,-0.00730688935281842,475.5,0.0525762355415352,450.5,479,0,-1.16666666666666,1.07736160267467
"2003-06-09",2003-06-09,0.0010515247108307,336000,-0.00626304801670152,476,0.0535714285714286,450.5,479,0,1.01892857142857,1.08771171914645
"2003-06-10",2003-06-10,0.00525210084033613,644000,-0.00104384133611712,478.5,0.0585161964472309,450.5,479,0,1.09230233368164,1.13930394448038
"2003-06-11",2003-06-11,0.0135841170323929,648000,0,485,0.0268041237113402,472,485,629,0,0.98363233233767
"2003-06-12",2003-06-12,-0.022680412371134,6e+05,-0.0226804123711341,474,0.00421940928270037,472,485,636,0,0.753867036422469
"2003-06-13",2003-06-13,0.0179324894514768,836000,-0.00515463917525782,482.5,0.0217616580310881,472,485,0,5.15751295336794,0.931871937962363
"2003-06-16",2003-06-16,-0.00310880829015544,288000,-0.00824742268041234,481,0.0187110187110187,472,485,0,-1.59999999999997,0.900687989895375
"2003-06-17",2003-06-17,-0.00103950103950104,434000,-0.00927835051546388,480.5,0.0176899063475546,472,485,0,-1.125,0.890271855957931
"2003-06-18",2003-06-18,0.00624349635796046,360000,-0.00309278350515463,483.5,0.0237849017580145,472,485,0,1.34454650526188,0.952607858485758
"2003-06-19",2003-06-19,-0.0330920372285419,514000,-0.0360824742268042,467.5,0,467.5,483.5,641,-11.6666666666667,0.664420638791057
"2003-06-20",2003-06-20,0,478000,-0.0360824742268042,467.5,0,467.5,467.5,641,-1,0.664420638791057
"2003-06-23",2003-06-23,0.027807486631016,378000,-0.00927835051546388,480.5,0.0270551508844953,0,480.5,0,-0.257142857142856,0.937809736319268
"2003-06-24",2003-06-24,-0.0218522372528616,278000,-0.0309278350515465,470,0.00531914893617025,467.5,480.5,644,-3.33333333333336,0.717585474392211
"2003-06-25",2003-06-25,0.0127659574468085,368000,-0.018556701030928,476,0.0178571428571429,467.5,480.5,0,3.35714285714284,0.844023939434087
"2003-06-26",2003-06-26,0.0136554621848739,4e+05,-0.00515463917525782,482.5,0.0259067357512953,470,482.5,644,1.45077720207253,0.952912307807956
"2003-06-27",2003-06-27,0.00518134715025907,332000,-2.22044604925031e-16,485,0.0309278350515464,0,485,0,1.19381443298969,1.00456424666859
"2003-06-30",2003-06-30,0.00515463917525773,274000,0,487.5,0.0358974358974359,0,487.5,0,1.16068376068376,1.02978988701612
"2003-07-01",2003-07-01,-0.00820512820512821,404000,-0.0082051282051282,483.5,0.0279214064115823,470,487.5,649,0,0.947654504924635
"2003-07-02",2003-07-02,0.0134436401240951,244000,0,490,0.013265306122449,483.5,490,649,0,0.914909440133841
"2003-07-03",2003-07-03,-0.0428571428571429,684000,-0.0428571428571428,469,0,0,490,651,0,0.630032493818823
"2003-07-04",2003-07-04,-0.00746268656716418,282000,-0.05,465.5,0,465.5,469,652,-1.16666666666667,0.593775427924184
"2003-07-07",2003-07-07,0.0075187969924812,328000,-0.0428571428571428,469,0.0074626865671642,465.5,469,652,-0.857142857142856,0.667913010425162
"2003-07-08",2003-07-08,0.00319829424307036,494000,-0.039795918367347,470.5,0.0106269925611052,0,470.5,0,1.4240170031881,0.699513736082072
"2003-07-09",2003-07-09,-0.0318809776833156,736000,-0.0704081632653061,455.5,0,0,470.5,655,-1.76923076923077,0.49018381108236
"2003-07-10",2003-07-10,0.0417124039517014,722000,-0.0316326530612245,474.5,0.0400421496311907,455.5,474.5,655,-0.449275362318842,0.890261403165575
"2003-07-11",2003-07-11,-0.0316122233930453,352000,-0.0622448979591838,459.5,0.00870511425462461,455.5,474.5,657,-1.96774193548387,0.575807523980129
"2003-07-14",2003-07-14,0.00979325353645267,362000,-0.0530612244897961,464,0.0183189655172413,455.5,474.5,0,2.10439116379309,0.671223556981142
"2003-07-15",2003-07-15,0.040948275862069,730000,-0.0142857142857143,483,0.0486542443064182,459.5,483,657,2.65594933625625,1.02202917725941
"2003-07-16",2003-07-16,-0.0186335403726708,456000,-0.03265306122449,474,0.0305907172995781,459.5,483,660,-2.28571428571429,0.837106453645043
"2003-07-17",2003-07-17,-0.00527426160337553,592000,-0.0377551020408164,471.5,0.0254506892895016,459.5,483,0,-1.15625,0.785117822637959
"2003-07-18",2003-07-18,0.0095440084835631,676000,-0.0285714285714287,476,0.0346638655462185,459.5,483,0,1.36200105042017,0.878500033626199
"2003-07-21",2003-07-21,0,0,-0.0285714285714287,476,0.0346638655462185,459.5,483,0,-1,0.878500033626199
"2003-07-22",2003-07-22,0.0399159663865546,770000,0,495,0.0474747474747474,471.5,495,660,1.3695745332109,1.08855619583991
"2003-07-23",2003-07-23,0.0191919191919192,912000,0,504.5,0.0654112983151636,0,504.5,0,1.3778124538726,1.179601934644
"2003-07-24",2003-07-24,-0.0188305252725471,576000,-0.018830525272547,495,0.0474747474747474,471.5,504.5,666,0,0.992972652450674
"2003-07-25",2003-07-25,0.00202020202020202,360000,-0.0168483647175421,496,0.0493951612903226,471.5,504.5,0,1.04045126973233,1.01278207790647
"2003-07-28",2003-07-28,0.0110887096774194,268000,-0.00594648166501488,501.5,0.0598205383848455,471.5,504.5,0,1.21106069546463,1.12103902061699
"2003-07-29",2003-07-29,-0.0229312063808574,5e+05,-0.0287413280475719,490,0.0377551020408163,471.5,504.5,0,-4.83333333333333,0.893328708855197
"2003-07-30",2003-07-30,-0.00102040816326531,486000,-0.0297324083250744,489.5,0.0367722165474974,471.5,504.5,0,-1.03448275862069,0.883308879871496
"2003-07-31",2003-07-31,-0.0194075587334014,826000,-0.0485629335976214,480,0.0177083333333333,471.5,504.5,0,-1.63333333333333,0.690957270695751
"2003-08-01",2003-08-01,0.1,1934000,0,528,0.0909090909090909,480,528,666,5.1336898395722,1.30902845511842
"2003-08-04",2003-08-04,-0.0331439393939394,474000,-0.0331439393939396,510.5,0.0597453476983349,480,528,673,0,0.982603351116226
"2003-08-05",2003-08-05,-0.0127326150832517,414000,-0.0454545454545456,504,0.0476190476190477,480,528,0,-1.37142857142857,0.858561878851696
"2003-08-06",2003-08-06,0.00496031746031746,478000,-0.0407196969696971,506.5,0.052319842053307,480,528,0,1.09871668311945,0.906457100642388
"2003-08-07",2003-08-07,0.0562685093780849,936000,0,535,0.0579439252336449,504,535,673,1.10749426908835,1.14169762934129
"2003-08-08",2003-08-08,-0.00280373831775701,934000,-0.00280373831775693,533.5,0.0552952202436738,504,535,677,0,1.11402108585998
"2003-08-11",2003-08-11,0,354000,-0.00280373831775693,533.5,0.0552952202436738,504,535,0,-1,1.11402108585998
"2003-08-12",2003-08-12,0.0262417994376757,574000,0,547.5,0.0255707762557078,533.5,547.5,677,0,0.977371873941891
"2003-08-13",2003-08-13,-0.010958904109589,380000,-0.010958904109589,541.5,0.0147737765466297,533.5,547.5,680,0,0.866939140572774
"2003-08-14",2003-08-14,0.0138504155124654,420000,0,549,0.0136612021857924,541.5,549,680,0,0.916919004285691
"2003-08-15",2003-08-15,-0.017304189435337,304000,-0.0173041894353371,539.5,0,0,549,682,0,0.759739010061209
"2003-08-18",2003-08-18,0.0278035217794254,608000,0,554.5,0.0270513976555455,539.5,554.5,682,0,0.984887492214141
"2003-08-19",2003-08-19,-0.00991884580703336,374000,-0.00991884580703328,549,0.017304189435337,539.5,554.5,684,0,0.885062813868689
"2003-08-20",2003-08-20,-0.0136612021857923,508000,-0.0234445446348062,541.5,0.0036934441366574,539.5,554.5,0,-2.36363636363639,0.747318515871233
"2003-08-21",2003-08-21,-0.00461680517082179,368000,-0.0279531109107303,539,0,539,549,686,-1.19230769230769,0.705685199391586
"2003-08-22",2003-08-22,-0.0380333951762523,442000,-0.0649233543733093,518.5,0,518.5,539,687,-2.3225806451613,0.518024641920687
"2003-08-25",2003-08-25,0.0183220829315333,460000,-0.0477908025247971,528,0.0179924242424242,518.5,528,687,-0.73611111111111,0.696318642095424
"2003-08-26",2003-08-26,-0.0160984848484848,396000,-0.0631199278629395,519.5,0.00192492781520692,518.5,528,689,-1.32075471698113,0.536949728305227
"2003-08-27",2003-08-27,-0.0279114533205005,450000,-0.0892696122633001,505,0,505,519.5,690,-1.41428571428571,0.394443299195951
"2003-08-28",2003-08-28,0.0217821782178218,534000,-0.0694319206492335,516,0.0213178294573644,505,516,690,-0.777777777777779,0.603348280714059
"2003-08-29",2003-08-29,0.0184108527131783,556000,-0.0522993688007212,525.5,0.0390104662226451,0,525.5,0,1.82994550644408,0.780120562884952
"2003-09-01",2003-09-01,0.0190294957183635,314000,-0.0342651036970243,535.5,0.0569561157796452,0,535.5,0,1.46002140693676,0.962754222028043
"2003-09-02",2003-09-02,-0.0205415499533147,410000,-0.0541027953110911,524.5,0.0371782650142993,505,535.5,694,-1.57894736842106,0.761666155757733
"2003-09-03",2003-09-03,0.00857959961868446,258000,-0.0459873760144274,529,0.0453686200378072,505,535.5,0,1.22029954922204,0.844434090516272
"2003-09-04",2003-09-04,-0.0151228733459357,254000,-0.060414788097385,521,0.0307101727447217,505,535.5,0,-1.31372549019608,0.696794581716357
"2003-09-05",2003-09-05,0.0211132437619962,468000,-0.0405770964833184,532,0.0507518796992481,505,535.5,0,1.65260808270677,0.899221979159962
"2003-09-08",2003-09-08,-0.0244360902255639,212000,-0.0640216411181245,519,0.0269749518304432,505,535.5,0,-1.57777777777777,0.659526293531222
"2003-09-09",2003-09-09,0.0115606936416185,380000,-0.0532010820559062,525,0.0380952380952381,505,535.5,0,1.41224489795918,0.770897788004004
"2003-09-10",2003-09-10,-0.00571428571428571,278000,-0.0586113615870154,522,0.0325670498084292,505,535.5,0,-1.10169491525424,0.715374243219515
"2003-09-11",2003-09-11,-0.0373563218390805,314000,-0.0937781785392244,502.5,0,502.5,532,701,-1.6,0.371557865358036
"2003-09-12",2003-09-12,0.0348258706467662,670000,-0.0622182146077547,520,0.0336538461538461,502.5,520,701,-0.663461538461538,0.702582462688561
"2003-09-15",2003-09-15,0,0,-0.0622182146077547,520,0.0336538461538461,0,520,0,-1,0.702582462688561
"2003-09-16",2003-09-16,-0.0163461538461538,196000,-0.0775473399458974,511.5,0.0175953079178885,502.5,520,704,-1.24637681159421,0.543259020580675
"2003-09-17",2003-09-17,0.010752688172043,368000,-0.067628494138864,517,0.028046421663443,502.5,520,0,1.59397163120568,0.646656715788376
"2003-09-18",2003-09-18,-0.0203094777562863,538000,-0.0865644724977458,506.5,0.00789733464955578,502.5,520,0,-1.28,0.448261345088032
"2003-09-19",2003-09-19,0.00197433366238894,610000,-0.084761045987376,507.5,0.00985221674876846,502.5,520,0,1.24753694581281,0.467338479095435
"2003-09-22",2003-09-22,-0.0315270935960591,488000,-0.113615870153291,491.5,0,491.5,517,708,-1.34042553191489,0.270861956471212
"2003-09-23",2003-09-23,0,0,-0.113615870153291,491.5,0,491.5,491.5,708,-1,0.270861956471212
"2003-09-24",2003-09-24,0.0376398779247202,326000,-0.0802524797114518,510,0.0362745098039216,0,510,0,-0.706349206349207,0.624343187787689
"2003-09-25",2003-09-25,-0.0352941176470588,446000,-0.112714156898106,492,0.00101626016260159,491.5,510,711,-1.40449438202247,0.280597568874211
"2003-09-26",2003-09-26,-0.0101626016260163,154000,-0.121731289449955,487,0,487,492,712,-1.08,0.229668175562966
"2003-09-29",2003-09-29,-0.0143737166324435,246000,-0.134355275022543,480,0,480,487,713,-1.1037037037037,0.165588960816806
"2003-09-30",2003-09-30,0.0583333333333333,460000,-0.0838593327321911,508,0.0551181102362205,480,508,713,-0.624161073825503,0.701684753476612
"2003-10-01",2003-10-01,-0.000984251968503937,376000,-0.084761045987376,507.5,0.0541871921182266,480,508,715,-1.01075268817204,0.692382336372503
"2003-10-02",2003-10-02,-0.0216748768472906,414000,-0.104598737601443,496.5,0.0332326283987915,480,508,0,-1.23404255319149,0.485321287826024
"2003-10-03",2003-10-03,0.0322255790533736,360000,-0.0757439134355274,512.5,0.031219512195122,496.5,512.5,715,-0.724137931034482,0.621569508229675
"2003-10-06",2003-10-06,-0.0214634146341463,406000,-0.0955816050495942,501.5,0.0099700897308076,496.5,512.5,718,-1.26190476190476,0.413011759871219
"2003-10-07",2003-10-07,-0.00398803589232303,422000,-0.0991884580703336,499.5,0.00600600600600598,496.5,512.5,0,-1.0377358490566,0.374581766525808
"2003-10-08",2003-10-08,-0.015015015015015,222000,-0.112714156898106,492,0,492,501.5,720,-1.13636363636364,0.275439043238795
"2003-10-09",2003-10-09,-0.00813008130081301,296000,-0.119927862939585,488,0,488,492,721,-1.064,0.238822349098132
"2003-10-10",2003-10-10,-0.014344262295082,4e+05,-0.132551848512173,481,0,481,488,722,-1.10526315789474,0.174743134351972
"2003-10-13",2003-10-13,0,0,-0.132551848512173,481,0,481,481,722,-1,0.174743134351972
"2003-10-14",2003-10-14,-0.0051975051975052,656000,-0.137060414788097,478.5,0,0,481,724,-1.03401360544218,0.151857700514057
"2003-10-15",2003-10-15,-0.00731452455590387,618000,-0.143372407574391,475,0,475,478.5,725,-1.04605263157895,0.119818093140978
"2003-10-16",2003-10-16,-0.0126315789473684,406000,-0.15419296663661,469,0,469,475,726,-1.07547169811321,0.0648930519299823
"2003-10-17",2003-10-17,0.0223880597014925,1348000,-0.135256988277728,479.5,0.0218978102189781,469,479.5,726,-0.87719298245614,0.272164922777312
"2003-10-20",2003-10-20,0.0542231491136601,890000,-0.0883678990081156,505.5,0.0722057368941642,0,505.5,0,3.29739531816684,0.765535928439503
"2003-10-21",2003-10-21,-0.0267062314540059,398000,-0.112714156898107,492,0.0467479674796748,469,505.5,729,-1.27551020408163,0.512731222467933
"2003-10-22",2003-10-22,0.0304878048780488,6e+05,-0.0856627592425609,507,0.0295857988165681,492,507,729,-0.759999999999999,0.562928842279577
"2003-10-23",2003-10-23,-0.00394477317554241,1122000,-0.0892696122633004,505,0.0257425742574258,492,507,731,-1.0421052631579,0.525112328756825
"2003-10-24",2003-10-24,-0.0287128712871287,780000,-0.115419296663661,490.5,0,490.5,505,732,-1.29292929292929,0.261707782936046
"2003-10-27",2003-10-27,-0.00101936799184506,288000,-0.116321009918846,490,0,490,490.5,733,-1.0078125,0.257130696168462
"2003-10-28",2003-10-28,0.023469387755102,968000,-0.0955816050495945,501.5,0.0229312063808574,490,501.5,733,-0.821705426356589,0.478802248334072
"2003-10-29",2003-10-29,0.0468594217347956,1276000,-0.0532010820559066,525,0.0666666666666667,0,525,0,2.90724637681159,0.915926051582557
"2003-10-30",2003-10-30,0.0285714285714286,1872000,-0.0261496844003611,540,0.0925925925925926,0,540,0,1.38888888888889,1.18483837526466
"2003-10-31",2003-10-31,0.00925925925925926,964000,-0.0171325518485126,545,0.100917431192661,0,545,0,1.08990825688073,1.27286603397637
"2003-11-03",2003-11-03,0,0,-0.0171325518485126,545,0.100917431192661,0,545,0,-1,1.27286603397637
"2003-11-04",2003-11-04,0.00825688073394495,666000,-0.00901713255184899,549.5,0.10828025477707,0,549.5,0,1.07295888824551,1.35143342806649
"2003-11-05",2003-11-05,0.000909918107370337,1440000,-0.00811541929666415,550,0.109090909090909,0,550,0,1.00748663101604,1.36012538739652
"2003-11-06",2003-11-06,-0.0227272727272727,744000,-0.0306582506762852,537.5,0.0883720930232558,490,550,741,-3.77777777777759,1.14052973108762
"2003-11-07",2003-11-07,0.0186046511627907,1116000,-0.0126239855725883,547.5,0.105022831050228,490,550,0,1.18841624609469,1.31659043325664
"2003-11-10",2003-11-10,-0.0118721461187215,612000,-0.0243462578899915,541,0.0942698706099815,490,550,0,-1.92857142857141,1.20250639394384
"2003-11-11",2003-11-11,-0.0212569316081331,950000,-0.0450856627592431,529.5,0.0745986779981114,490,550,0,-1.85185185185184,0.997382636543772
"2003-11-12",2003-11-12,-0.04438149197356,576000,-0.0874661857529311,506,0.0316205533596838,490,550,0,-1.93999999999999,0.564103060881292
"2003-11-13",2003-11-13,0.0424901185770751,474000,-0.0486925157799823,527.5,0.0710900473933649,490,550,0,2.24822274881516,0.961264518328368
"2003-11-14",2003-11-14,-0.0180094786729858,690000,-0.0658250676284945,518,0.0540540540540541,490,550,0,-1.35185185185185,0.787825351112531
"2003-11-17",2003-11-17,-0.0501930501930502,352000,-0.112714156898107,492,0.00406504065040647,490,550,0,-1.71232876712328,0.296073145780458
"2003-11-18",2003-11-18,0.0274390243902439,688000,-0.0883678990081159,505.5,0.0306627101879328,490,550,0,7.54302670623152,0.554663972494422
"2003-11-19",2003-11-19,-0.0158259149357072,952000,-0.102795311091073,497.5,0.0150753768844221,490,550,0,-1.16326530612245,0.402309448314105
"2003-11-20",2003-11-20,0.0371859296482412,484000,-0.0694319206492339,516,0.0503875968992248,490,550,0,3.34237726098192,0.750906107029447
"2003-11-21",2003-11-21,-0.0406976744186047,718000,-0.107303877366998,495,0.0101010101010101,490,550,0,-1.54545454545454,0.354174182281154
"2003-11-24",2003-11-24,0,0,-0.107303877366998,495,0.0101010101010101,490,550,0,-1,0.354174182281154
"2003-11-25",2003-11-25,0.0252525252525253,286000,-0.0847610459873763,507.5,0.0344827586206896,490,550,0,3.41379310344829,0.592362844249359
"2003-11-26",2003-11-26,0.00886699507389163,268000,-0.0766456266907126,512,0.04296875,490,550,0,1.24609375,0.676631425964545
"2003-11-27",2003-11-27,0.005859375,350000,-0.0712353471596034,515,0.0485436893203883,490,550,0,1.1297440423654,0.732392278491753
"2003-11-28",2003-11-28,-0.0252427184466019,406000,-0.0946798917944097,502,0.0239043824701195,490,550,0,-1.32911392405063,0.488319166445018
"2003-12-01",2003-12-01,0.0348605577689243,316000,-0.06311992786294,519.5,0.0567853705486044,490,550,0,2.37552133461662,0.815420744512363
"2003-12-02",2003-12-02,0.00962463907603465,588000,-0.0541027953110915,524.5,0.0657769304099142,490,550,0,1.15834289315086,0.906832673162385
"2003-12-03",2003-12-03,-0.0171591992373689,264000,-0.0703336339044188,515.5,0.049466537342386,490,550,0,-1.3,0.741653731875537
"2003-12-04",2003-12-04,0.00678952473326867,342000,-0.0640216411181248,519,0.0558766859344894,490,550,0,1.12958555291095,0.806231184434382
"2003-12-05",2003-12-05,-0.0115606936416185,246000,-0.0748422001803429,513,0.0448343079922028,490,550,0,-1.16901408450704,0.695255151767209
"2003-12-08",2003-12-08,-0.0107212475633528,222000,-0.0847610459873763,507.5,0.0344827586206896,490,550,0,-1.13253012048193,0.592362844249359
"2003-12-09",2003-12-09,0.00197044334975369,244000,-0.0829576194770067,508.5,0.0363815142576205,490,550,0,1.055063913471,0.611155080938967
"2003-12-10",2003-12-10,-0.000983284169124877,372000,-0.0838593327321916,508,0.0354330708661418,490,550,0,-1.01086956521739,0.60176370573548
"2003-12-11",2003-12-11,-0.00885826771653543,422000,-0.0919747520288553,503.5,0.0268123138033763,490,550,0,-1.09677419354839,0.516811054863143
"2003-12-12",2003-12-12,0.028798411122145,818000,-0.0658250676284946,518,0.0540540540540541,490,550,0,2.01601601601602,0.78782535111253
"2003-12-15",2003-12-15,0.00193050193050193,370000,-0.0640216411181248,519,0.0558766859344894,490,550,0,1.03371868978805,0.806231184434382
"2003-12-16",2003-12-16,-0.0154142581888247,480000,-0.0784490532010824,511,0.041095890410959,490,550,0,-1.22535211267605,0.657970637335001
"2003-12-17",2003-12-17,-0.00587084148727984,424000,-0.0838593327321916,508,0.0354330708661418,490,550,0,-1.06896551724138,0.60176370573548
"2003-12-18",2003-12-18,0.0324803149606299,542000,-0.0541027953110915,524.5,0.0657769304099142,490,550,0,1.85637114712424,0.906832673162385
"2003-12-19",2003-12-19,0.00953288846520496,488000,-0.0450856627592431,529.5,0.0745986779981114,490,550,0,1.13411613362346,0.997382636543772
"2003-12-22",2003-12-22,0.00755429650613787,536000,-0.0378719567177641,533.5,0.0815370196813496,490,550,0,1.09300890939936,1.06921827830965
"2003-12-23",2003-12-23,0,0,-0.0378719567177641,533.5,0.0815370196813496,490,550,0,-1,1.06921827830965
"2003-12-24",2003-12-24,-0.0056232427366448,552000,-0.0432822362488732,530.5,0.0763430725730443,490,550,0,-1.14285714285714,1.01539133814588
"2003-12-25",2003-12-25,-0.000942507068803016,66000,-0.0441839495040582,530,0.0754716981132075,490,550,0,-1.02083333333334,1.00639116400901
"2003-12-26",2003-12-26,0,66000,-0.0441839495040582,530,0.0754716981132075,490,550,0,-1,1.00639116400901
"2003-12-29",2003-12-29,0.000943396226415094,224000,-0.0432822362488732,530.5,0.0763430725730443,490,550,0,1.01154571159284,1.01539133814588
"2003-12-30",2003-12-30,0.0113100848256362,140000,-0.032461677186655,536.5,0.0866728797763281,490,550,0,1.13530772151462,1.12275036941965
"2003-12-31",2003-12-31,0,0,-0.032461677186655,536.5,0.0866728797763281,490,550,0,-1,1.12275036941965
"2004-01-01",2004-01-01,0,0,-0.032461677186655,536.5,0.0866728797763281,490,550,0,-1,1.12275036941965
"2004-01-02",2004-01-02,0,0,-0.032461677186655,536.5,0.0866728797763281,490,550,0,-1,1.12275036941965
"2004-01-05",2004-01-05,0.0251630941286114,344000,-0.00811541929666393,550,0.105454545454545,492,550,741,1.21669599217986,1.34166724475925
"2004-01-06",2004-01-06,-0.00545454545454545,318000,-0.0135256988277731,547,0.10054844606947,492,550,784,-1.66666666666665,1.28930141653711
"2004-01-07",2004-01-07,0.00182815356489945,594000,-0.0117222723174034,548,0.102189781021898,492,550,0,1.01632382216324,1.30678698860583
"2004-01-08",2004-01-08,-0.0072992700729927,306000,-0.0189359783588823,544,0.0955882352941176,492,550,0,-1.6153846153846,1.23666091948096
"2004-01-09",2004-01-09,0.0110294117647059,446000,-0.00811541929666415,550,0.0109090909090909,544,550,784,-0.428571428571445,0.861755536190218
"2004-01-12",2004-01-12,0,0,-0.00811541929666415,550,0.0109090909090909,0,550,0,-1,0.861755536190218
"2004-01-13",2004-01-13,0,296000,-0.00811541929666415,550,0.0109090909090909,0,550,0,-1,0.861755536190218
"2004-01-14",2004-01-14,-0.0118181818181818,2e+05,-0.0198376916140672,543.5,0,0,550,790,-2.44444444444436,0.746878980299829
"2004-01-15",2004-01-15,-0.0128794848206072,382000,-0.032461677186655,536.5,0,536.5,543.5,791,-1.63636363636361,0.682799765553669
"2004-01-16",2004-01-16,0.000931966449207828,382000,-0.0315599639314702,537,0.000931098696461796,536.5,537,791,-0.972222222222223,0.692103099272136
"2004-01-19",2004-01-19,0.00931098696461825,304000,-0.0225428313796219,542,0.0101476014760148,0,542,0,10.8985239852402,0.784656835751456
"2004-01-20",2004-01-20,0.00461254612546125,306000,-0.0180342651036974,544.5,0.0146923783287419,0,544.5,0,1.44786710075966,0.830611507924977
"2004-01-21",2004-01-21,-0.0119375573921028,232000,-0.0297565374211006,538,0.00278810408921937,536.5,544.5,795,-1.64999999999999,0.710683412172168
"2004-01-22",2004-01-22,0.0548327137546468,1020000,0,567.5,0.0519823788546255,538,567.5,795,18.6443465491921,1.11143688415557
"2004-01-23",2004-01-23,0.0370044052863436,1712000,0,588.5,0.0858113848768054,0,588.5,0,1.65077833618939,1.28315255422505
"2004-01-26",2004-01-26,-0.00849617672047579,598000,-0.00849617672047576,583.5,0.0779777206512425,538,588.5,798,0,1.20026245753292
"2004-01-27",2004-01-27,-0.0282776349614396,680000,-0.0365335598980457,567,0.0511463844797179,538,588.5,0,-4.3,0.921749429313682
"2004-01-28",2004-01-28,-0.0194003527336861,676000,-0.0552251486830925,556,0.0323741007194245,538,588.5,0,-1.51162790697675,0.731583215937419
"2004-01-29",2004-01-29,-0.000899280575539568,796000,-0.0560747663551401,555.5,0.0315031503150315,538,588.5,0,-1.01538461538462,0.722849630920098
"2004-01-30",2004-01-30,0.018001800180018,1026000,-0.0390824129141886,565.5,0.0486295313881521,538,588.5,0,1.5436402677782,0.896035959692673
"2004-02-02",2004-02-02,0.000884173297966401,340000,-0.0382327952421412,566,0.049469964664311,538,588.5,0,1.01728236427883,0.904614640095891
"2004-02-03",2004-02-03,0.00441696113074205,666000,-0.0339847068819031,568.5,0.0536499560246262,538,588.5,0,1.08449553964066,0.947395481946962
"2004-02-04",2004-02-04,0.0281442392260334,808000,-0.00679694137638065,584.5,0.0795551753635586,538,588.5,0,1.48285630144863,1.21689490095375
"2004-02-05",2004-02-05,0.0128314798973482,1016000,0,592,0.0616554054054054,555.5,592,798,0,1.16053706270288
"2004-02-06",2004-02-06,0,546000,0,592,0.0616554054054054,0,592,0,0,1.16053706270288
"2004-02-09",2004-02-09,-0.0261824324324324,944000,-0.0261824324324325,576.5,0.0364267129228101,555.5,592,808,0,0.899574746576244
"2004-02-10",2004-02-10,0.0199479618386817,454000,-0.0067567567567568,588,0.0552721088435374,555.5,592,0,1.51735098801425,1.09383829363833
"2004-02-11",2004-02-11,0,0,-0.0067567567567568,588,0.0552721088435374,555.5,592,0,-1,1.09383829363833
"2004-02-12",2004-02-12,-0.00935374149659864,580000,-0.0160472972972973,582.5,0.0463519313304721,555.5,592,0,-2.37499999999998,1.00140088501418
"2004-02-13",2004-02-13,0.0128755364806867,1084000,-0.00337837837837829,590,0.0584745762711865,555.5,592,0,1.26153483992467,1.12724259604276
"2004-02-16",2004-02-16,0.0177966101694915,1588000,0,600.5,0.0399666944213156,576.5,600.5,808,0,1.05044539943809
"2004-02-17",2004-02-17,-0.00166527893422148,916000,-0.00166527893422164,599.5,0.0383653044203502,576.5,600.5,814,0,1.03386382312062
"2004-02-18",2004-02-18,-0.00500417014178482,660000,-0.00666111573688599,596.5,0.0335289186923722,576.5,600.5,0,-3.99999999999967,0.983955567494827
"2004-02-19",2004-02-19,0.038558256496228,1400000,0,619.5,0.0371267150928168,596.5,619.5,814,1.10730427764326,1.0360296949667
"2004-02-20",2004-02-20,0.0129136400322841,898000,0,627.5,0.049402390438247,0,627.5,0,1.33064264680409,1.09834089075276
"2004-02-23",2004-02-23,0.0151394422310757,1002000,0,637,0.0635792778649922,0,637,0,1.28696764065428,1.17030261857849
"2004-02-24",2004-02-24,0.010989010989011,938000,0,644,0.0737577639751553,0,644,0,1.16009125067096,1.22196850440303
"2004-02-25",2004-02-25,-0.0225155279503106,464000,-0.0225155279503105,629.5,0.0524225575853853,596.5,644,820,0,0.999382649373509
"2004-02-26",2004-02-26,0.0119142176330421,530000,-0.0108695652173914,637,0.0635792778649922,596.5,644,0,1.21282289139432,1.11512882265187
"2004-02-27",2004-02-27,0.0188383045525903,806000,0,649,0.0300462249614792,629.5,649,820,0,1.00008920335054
"2004-03-01",2004-03-01,-0.012326656394453,878000,-0.0123266563944531,641,0.0179407176287052,629.5,649,823,0,0.876071803521609
"2004-03-02",2004-03-02,0.00702028081123245,834000,-0.00539291217257309,645.5,0.0247869868319133,629.5,649,0,1.38160509210925,0.946019003191148
"2004-03-03",2004-03-03,-0.00232378001549187,1162000,-0.00770416024653298,644,0.0225155279503105,629.5,649,0,-1.42857142857143,0.922757232062237
"2004-03-04",2004-03-04,0.0031055900621118,7e+05,-0.00462249614791976,646,0.0255417956656346,629.5,649,0,1.13440802818405,0.953761028138341
"2004-03-05",2004-03-05,0.00154798761609907,530000,-0.00308166409861321,647,0.027047913446677,629.5,649,0,1.05896679312445,0.969227312647067
"2004-03-08",2004-03-08,0.00463678516228748,1122000,0,650,0.0138461538461538,641,650,823,0,0.917857816920877
"2004-03-09",2004-03-09,0.00384615384615385,1164000,0,652.5,0.0176245210727969,0,652.5,0,1.27288207747978,0.937036768252353
"2004-03-10",2004-03-10,0.00842911877394636,922000,0,658,0.0258358662613982,0,658,0,1.46590458570108,0.978717467954497
"2004-03-11",2004-03-11,-0.0288753799392097,656000,-0.0288753799392099,639,0,0,658,831,0,0.701003771740243
"2004-03-12",2004-03-12,0.0054773082942097,760000,-0.0235562310030396,642.5,0.0054474708171206,639,642.5,831,-0.81578947368421,0.755655017600304
"2004-03-15",2004-03-15,0.0116731517509728,864000,-0.0121580547112463,650,0.0169230769230769,0,650,0,3.10659340659342,0.871762090591981
"2004-03-16",2004-03-16,-0.0123076923076923,388000,-0.0243161094224926,642,0.00467289719626163,639,650,834,-2,0.747866155577019
"2004-03-17",2004-03-17,0.0194704049844237,908000,-0.00531914893617036,654.5,0.0190985485103132,642,654.5,834,4.08708938120708,0.91751897295541
"2004-03-18",2004-03-18,0.000763941940412529,786000,-0.00455927051671734,655,0.0198473282442748,0,655,0,1.03920610687023,0.925176905486728
"2004-03-19",2004-03-19,-0.0099236641221374,226000,-0.0144376899696049,648.5,0.0100231303006939,642,655,837,-3.16666666666667,0.825166631873042
"2004-03-22",2004-03-22,-0.000771010023130301,140000,-0.0151975683890578,648,0.0092592592592593,642,655,0,-1.05263157894737,0.817432096027597
"2004-03-23",2004-03-23,0.0115740740740741,624000,-0.00379939209726432,655.5,0.011441647597254,648,655.5,837,1.23569794050342,0.886366895761205
"2004-03-24",2004-03-24,0.0129672006102212,646000,0,664,0.0240963855421686,0,664,0,2.10602409638555,0.969887882566159
"2004-03-25",2004-03-25,-0.00903614457831325,886000,-0.00903614457831325,658,0.0151975683890577,648,664,841,0,0.878850210062189
"2004-03-26",2004-03-26,0.00455927051671732,798000,-0.00451807228915668,661,0.0196671709531013,648,664,0,1.29409984871407,0.924471550777078
"2004-03-29",2004-03-29,-0.00983358547655068,594000,-0.0143072289156627,654.5,0.00993124522536282,648,664,0,-3.16666666666664,0.825362443124825
"2004-03-30",2004-03-30,0.0190985485103132,878000,0,667,0.0187406296851574,654.5,667,841,1.88703725060548,0.942702123542903
"2004-03-31",2004-03-31,0.00374812593703148,560000,0,669.5,0.022404779686333,0,669.5,0,1.19551904406273,0.961301309468568
"2004-04-01",2004-04-01,-0.017176997759522,540000,-0.0171769977595221,658,0.00531914893617025,654.5,669.5,846,0,0.787384576324685
"2004-04-02",2004-04-02,0.0349544072948328,724000,0,681,0.0337738619676946,658,681,846,6.34948604992654,1.01901064862973
"2004-04-05",2004-04-05,0.0403817914831131,1522000,0,708.5,0.0712773465067043,0,708.5,0,2.11042925961155,1.20937793205905
"2004-04-06",2004-04-06,0.0119971771347918,1044000,0,717,0.0822873082287309,0,717,0,1.15446649267437,1.26526437913047
"2004-04-07",2004-04-07,-0.00906555090655509,788000,-0.00906555090655514,710.5,0.0738916256157636,658,717,850,0,1.17663134592581
"2004-04-08",2004-04-08,0,950000,-0.00906555090655514,710.5,0.0738916256157636,658,717,0,-1,1.17663134592581
"2004-04-09",2004-04-09,0.00562983814215341,662000,-0.00348675034867518,714.5,0.0790762771168649,658,717,0,1.07016561698157,1.23126651260369
"2004-04-12",2004-04-12,0.0167949615115465,410000,0,726.5,0.0220233998623538,710.5,726.5,850,0,0.959365429591322
"2004-04-13",2004-04-13,0.00344115622849277,576000,0,729,0.0253772290809328,0,729,0,1.1522848079561,0.976389430568156
"2004-04-14",2004-04-14,0.0260631001371742,960000,0,748,0.0501336898395722,0,748,0,1.9755383725972,1.10205295863432
"2004-04-15",2004-04-15,-0.00200534759358289,794000,-0.00200534759358284,746.5,0.0482250502344274,710.5,748,856,0,1.08218560178581
"2004-04-16",2004-04-16,0.00602813127930342,712000,0,751,0.00599201065246335,746.5,751,856,0,0.877990270696139
"2004-04-19",2004-04-19,-0.00399467376830892,788000,-0.00399467376830898,748,0.00200534759358284,746.5,751,858,0,0.837477090958238
"2004-04-20",2004-04-20,-0.00401069518716578,332000,-0.00798934753661795,745,0,745,748,859,-2,0.807021047174009
"2004-04-21",2004-04-21,-0.00805369127516779,848000,-0.0159786950732357,739,0,739,745,860,-1.99999999999997,0.766467205161365
"2004-04-22",2004-04-22,-0.003382949932341,838000,-0.0193075898801599,736.5,0,736.5,739,861,-1.20833333333334,0.749569770989429
"2004-04-23",2004-04-23,-0.00407331975560081,764000,-0.0233022636484687,733.5,0,733.5,736.5,862,-1.20689655172413,0.729292849983107
"2004-04-26",2004-04-26,0.00886162235855487,444000,-0.0146471371504659,740,0.00878378378378375,733.5,740,862,-0.628571428571426,0.817812570673546
"2004-04-27",2004-04-27,-0.0108108108108108,316000,-0.0252996005326231,732,0,0,740,864,-1.72727272727274,0.719154389479945
"2004-04-28",2004-04-28,0.0300546448087432,1494000,0,754,0.0291777188328912,732,754,864,0,0.995680675599767
"2004-04-29",2004-04-29,0,0,0,754,0.0291777188328912,0,754,0,0,0.995680675599767
"2004-04-30",2004-04-30,-0.00928381962864721,1262000,-0.00928381962864722,747,0.0200803212851406,732,754,867,0,0.902377815265403
"2004-05-03",2004-05-03,0,0,-0.00928381962864722,747,0.0200803212851406,732,754,0,-1,0.902377815265403
"2004-05-04",2004-05-04,0,0,-0.00928381962864722,747,0.0200803212851406,732,754,0,-1,0.902377815265403
"2004-05-05",2004-05-05,0,0,-0.00928381962864722,747,0.0200803212851406,732,754,0,-1,0.902377815265403
"2004-05-06",2004-05-06,-0.0281124497991968,898000,-0.0371352785145889,726,0,726,747,871,-4,0.659076615569966
"2004-05-07",2004-05-07,-0.00275482093663912,1426000,-0.0397877984084882,724,0,724,726,872,-1.07142857142858,0.645612453168773
"2004-05-10",2004-05-10,-0.0455801104972376,1056000,-0.0835543766578249,691,0,691,724,873,-2.09999999999999,0.423453773549104
"2004-05-11",2004-05-11,0.11794500723589,1998000,0,772.5,0.105501618122977,691,772.5,873,0,1.38309996602527
"2004-05-12",2004-05-12,-0.056957928802589,1762000,-0.056957928802589,728.5,0.0514756348661634,691,772.5,875,0,0.819746824235708
"2004-05-13",2004-05-13,0.00137268359643102,630000,-0.055663430420712,729.5,0.0527758738862234,691,772.5,0,1.0252593100297,0.832917683330292
"2004-05-14",2004-05-14,-0.00137080191912269,1100000,-0.056957928802589,728.5,0.0514756348661634,691,772.5,0,-1.02325581395349,0.819746824235708
"2004-05-17",2004-05-17,-0.0459849004804393,926000,-0.100323624595469,695,0.00575539568345329,691,772.5,0,-1.76136363636364,0.367547578178342
"2004-05-18",2004-05-18,0.0568345323741007,684000,-0.0491909385113268,734.5,0.0592239618788292,691,772.5,0,10.2901633764465,0.898502407696772
"2004-05-19",2004-05-19,0.0360789652825051,974000,-0.0148867313915858,761,0.0919842312746386,691,772.5,0,1.55315903152235,1.2389209678867
"2004-05-20",2004-05-20,0.0144546649145861,1488000,-0.000647249190938615,772,0.104922279792746,691,772.5,0,1.14065507031828,1.37687382098398
"2004-05-21",2004-05-21,-0.022020725388601,1170000,-0.022653721682848,755,0.0847682119205299,691,772.5,0,-34.9999999999945,1.16286737236499
"2004-05-24",2004-05-24,0.0298013245033113,724000,0,777.5,0.106109324758842,695,777.5,875,1.25175844051447,1.38618467836103
"2004-05-25",2004-05-25,-0.0244372990353698,860000,-0.0244372990353697,758.5,0.0837178642056691,695,777.5,884,0,1.14848239925779
"2004-05-26",2004-05-26,0.03295978905735,764000,0,783.5,0.0319081046585833,758.5,783.5,884,0,1.00954008463175
"2004-05-27",2004-05-27,-0.01531589023612,624000,-0.01531589023612,771.5,0.016850291639663,758.5,783.5,886,0,0.855363494178247
"2004-05-28",2004-05-28,0.00453661697990927,644000,-0.0108487555839183,775,0.0212903225806451,758.5,783.5,0,1.26349875930521,0.90057617075676
"2004-05-31",2004-05-31,0,462000,-0.0108487555839183,775,0.0212903225806451,758.5,783.5,0,-1,0.90057617075676
"2004-06-01",2004-06-01,-0.00838709677419355,272000,-0.01914486279515,768.5,0.0130123617436565,758.5,783.5,0,-1.76470588235295,0.816446379925443
"2004-06-02",2004-06-02,-0.0169160702667534,636000,-0.0357370772176133,755.5,0,755.5,775,890,-1.86666666666666,0.666173870288143
"2004-06-03",2004-06-03,-0.00132362673726009,1046000,-0.0370134014039566,754.5,0,754.5,755.5,891,-1.03571428571428,0.65969526247034
"2004-06-04",2004-06-04,-0.0265076209410205,758000,-0.0625398851308233,734.5,0,734.5,754.5,892,-1.6896551724138,0.53012310611426
"2004-06-07",2004-06-07,0.0224642614023145,762000,-0.0414805360561583,751,0.021970705725699,734.5,751,892,-0.663265306122449,0.748543200642799
"2004-06-08",2004-06-08,0.0199733688415446,410000,-0.0223356732610083,766,0.0411227154046997,0,766,0,1.87170662235936,0.942937712682339
"2004-06-09",2004-06-09,0.0241514360313316,1264000,0,784.5,0.0637348629700446,0,784.5,0,1.54987000111283,1.17109236689535
"2004-06-10",2004-06-10,0.0675589547482473,1976000,0,837.5,0.122985074626866,0,837.5,0,1.92963582089552,1.47184580285912
"2004-06-11",2004-06-11,-0.0340298507462687,1304000,-0.0340298507462687,809,0.0920889987639061,734.5,837.5,897,0,1.14228249895134
"2004-06-14",2004-06-14,0.00741656365883807,426000,-0.026865671641791,815,0.0987730061349693,734.5,837.5,0,1.07258203977436,1.21257574429043
"2004-06-15",2004-06-15,-0.0417177914110429,1158000,-0.0674626865671641,781,0.059539052496799,734.5,837.5,0,-2.51111111111112,0.807354608020662
"2004-06-16",2004-06-16,0.0185659411011524,554000,-0.0501492537313433,795.5,0.076681332495286,734.5,837.5,0,1.28791657373803,0.982251435115897
"2004-06-17",2004-06-17,0.00125707102451289,770000,-0.0489552238805971,796.5,0.0778405524168236,734.5,837.5,0,1.01511736799317,0.99419650560433
"2004-06-18",2004-06-18,-0.0069052102950408,568000,-0.0555223880597017,791,0.0714285714285714,734.5,837.5,0,-1.13414634146342,0.928314504581879
"2004-06-21",2004-06-21,0.011378002528445,568000,-0.0447761194029853,800,0.081875,734.5,837.5,0,1.14625,1.03588840736592
"2004-06-22",2004-06-22,-0.00875,426000,-0.0531343283582092,793,0.0737704918032787,734.5,837.5,0,-1.18666666666667,0.952323832484313
"2004-06-23",2004-06-23,0,4e+05,-0.0531343283582092,793,0.0737704918032787,734.5,837.5,0,-1,0.952323832484313
"2004-06-24",2004-06-24,0.00126103404791929,382000,-0.0519402985074628,794,0.0749370277078085,734.5,837.5,0,1.0158130422614,0.964306038823588
"2004-06-25",2004-06-25,0.00503778337531486,434000,-0.0471641791044779,798,0.0795739348370927,734.5,837.5,0,1.06187738253196,1.01208646007837
"2004-06-28",2004-06-28,0.0119047619047619,422000,-0.0358208955223884,807.5,0.0904024767801858,734.5,837.5,0,1.13608151922186,1.12463040754831
"2004-06-29",2004-06-29,0.00309597523219814,554000,-0.0328358208955226,810,0.0932098765432099,734.5,837.5,0,1.03105445628277,1.15403294513892
"2004-06-30",2004-06-30,0.00987654320987654,518000,-0.0232835820895525,818,0.102078239608802,734.5,837.5,0,1.09514402759112,1.24753572176158
"2004-07-01",2004-07-01,0.0103911980440098,740000,-0.0131343283582093,826.5,0.111312764670296,734.5,837.5,0,1.09046516766829,1.34592757405864
"2004-07-02",2004-07-02,-0.0108892921960073,542000,-0.0238805970149257,817.5,0.101529051987768,734.5,837.5,0,-1.8181818181818,1.24171760998606
"2004-07-05",2004-07-05,-0.00122324159021407,706000,-0.0250746268656717,816.5,0.100428658909982,734.5,837.5,0,-1.04999999999999,1.23007114392267
"2004-07-06",2004-07-06,-0.0067360685854256,822000,-0.0316417910447764,811,0.094327990135635,734.5,837.5,0,-1.26190476190477,1.16576936034369
"2004-07-07",2004-07-07,-0.0252774352651048,870000,-0.056119402985075,790.5,0.0708412397216951,734.5,837.5,0,-1.77358490566037,0.922302773837619
"2004-07-08",2004-07-08,0.00189753320683112,666000,-0.0543283582089554,792,0.0726010101010101,734.5,837.5,0,1.02484104437229,0.940326673307457
"2004-07-09",2004-07-09,0.0113636363636364,930000,-0.0435820895522389,801,0.0830212234706617,734.5,837.5,0,1.14352711284807,1.04776750800974
"2004-07-12",2004-07-12,0.0387016229712859,916000,-0.00656716417910441,832,0.1171875,734.5,837.5,0,1.41153665413534,1.40908252190699
"2004-07-13",2004-07-13,-0.0144230769230769,506000,-0.0208955223880598,820,0.104268292682927,734.5,837.5,0,-3.18181818181823,1.27077417288259
"2004-07-14",2004-07-14,-0.0152439024390244,608000,-0.0358208955223882,807.5,0.0904024767801858,734.5,837.5,0,-1.71428571428571,1.12463040754831
"2004-07-15",2004-07-15,0.00681114551083591,464000,-0.0292537313432835,813,0.0965559655596556,734.5,837.5,0,1.06806770122496,1.18920030490417
"2004-07-16",2004-07-16,-0.00553505535055351,392000,-0.0346268656716417,808.5,0.0915275200989487,734.5,837.5,0,-1.18367346938776,1.13640199796931
"2004-07-19",2004-07-19,0,0,-0.0346268656716417,808.5,0.0915275200989487,734.5,837.5,0,-1,1.13640199796931
"2004-07-20",2004-07-20,0.0136054421768707,444000,-0.0214925373134328,819.5,0.103721781574131,734.5,837.5,0,1.13323054598222,1.26496964705436
"2004-07-21",2004-07-21,-0.0061012812690665,952000,-0.0274626865671642,814.5,0.098219766728054,734.5,837.5,0,-1.27777777777778,1.20673706569344
"2004-07-22",2004-07-22,-0.0288520564763659,1380000,-0.0555223880597016,791,0.0714285714285714,734.5,837.5,0,-2.02173913043478,0.928314504581879
"2004-07-23",2004-07-23,-0.0132743362831858,824000,-0.0680597014925374,780.5,0.0589365791159513,734.5,837.5,0,-1.2258064516129,0.801266018302472
"2004-07-26",2004-07-26,-0.0358744394618834,1478000,-0.101492537313433,752.5,0.0239202657807309,734.5,837.5,0,-1.49122807017544,0.453818874708538
"2004-07-27",2004-07-27,0.00465116279069767,872000,-0.0973134328358209,756,0.0284391534391535,734.5,837.5,0,1.1889146090535,0.497969789072353
"2004-07-28",2004-07-28,0.0198412698412698,296000,-0.079402985074627,771,0.0473411154345007,734.5,837.5,0,1.66464573341779,0.684829184352023
"2004-07-29",2004-07-29,-0.00389105058365759,278000,-0.0829850746268657,768,0.0436197916666666,734.5,837.5,0,-1.04511278195489,0.64775713703179
"2004-07-30",2004-07-30,0.0279947916666667,460000,-0.0573134328358209,789.5,0.0696643445218492,734.5,837.5,0,1.5970810923218,0.910267983826942
"2004-08-02",2004-08-02,0.0113996200126662,694000,-0.0465671641791044,798.5,0.0801502817783344,734.5,837.5,0,1.15052086298173,1.01804243227063
"2004-08-03",2004-08-03,0.000626174076393237,842000,-0.0459701492537312,799,0.0807259073842302,734.5,837.5,0,1.00718182884856,1.02399474297244
"2004-08-04",2004-08-04,-0.0181476846057572,792000,-0.0632835820895521,784.5,0.0637348629700446,734.5,837.5,0,-1.37662337662338,0.849865586073596
"2004-08-05",2004-08-05,0.011472275334608,392000,-0.0525373134328357,793.5,0.074354127284184,734.5,837.5,0,1.16661625708885,0.958316801225371
"2004-08-06",2004-08-06,-0.00504095778197858,656000,-0.0573134328358209,789.5,0.0696643445218492,734.5,837.5,0,-1.09090909090909,0.910267983826942
"2004-08-09",2004-08-09,-0.00253324889170361,646000,-0.0597014925373134,787.5,0.0673015873015873,734.5,837.5,0,-1.04166666666667,0.886152888320984
"2004-08-10",2004-08-10,0.0285714285714286,704000,-0.0328358208955225,810,0.0932098765432099,734.5,837.5,0,1.38495807127883,1.15403294513892
"2004-08-11",2004-08-11,-0.0037037037037037,446000,-0.0364179104477612,807,0.0898389095415117,734.5,837.5,0,-1.10909090909091,1.11873930498859
"2004-08-12",2004-08-12,-0.000619578686493185,356000,-0.0370149253731344,806.5,0.0892746435213887,734.5,837.5,0,-1.01639344262295,1.11284465542176
"2004-08-13",2004-08-13,-0.0037197768133912,474000,-0.0405970149253732,803.5,0.0858742999377723,734.5,837.5,0,-1.09677419354838,1.07740190005814
"2004-08-16",2004-08-16,-0.014934660858743,622000,-0.0549253731343283,791.5,0.0720151610865445,734.5,837.5,0,-1.35294117647059,0.934322468693901
"2004-08-17",2004-08-17,-0.00568540745420088,1096000,-0.0602985074626865,787,0.0667090216010165,734.5,837.5,0,-1.09782608695652,0.880114589881127
"2004-08-18",2004-08-18,-0.00444726810673443,548000,-0.0644776119402984,783.5,0.0625398851308232,734.5,837.5,0,-1.06930693069307,0.837739008780282
"2004-08-19",2004-08-19,-0.00127632418634333,336000,-0.0656716417910448,782.5,0.0613418530351437,734.5,837.5,0,-1.01851851851852,0.825596928114095
"2004-08-20",2004-08-20,0.00319488817891374,324000,-0.0626865671641792,785,0.0643312101910828,734.5,837.5,0,1.04873274946921,0.855923079470599
"2004-08-23",2004-08-23,0.00700636942675159,286000,-0.0561194029850747,790.5,0.0708412397216951,734.5,837.5,0,1.10119550854516,0.922302773837621
"2004-08-24",2004-08-24,-0.00632511068943706,248000,-0.062089552238806,785.5,0.0649267982176958,734.5,837.5,0,-1.1063829787234,0.861976719204882
"2004-08-25",2004-08-25,0.011457670273711,458000,-0.0513432835820895,794.5,0.0755191944619258,734.5,837.5,0,1.16314367156554,0.970291552323294
"2004-08-26",2004-08-26,-0.00188797986154814,520000,-0.053134328358209,793,0.0737704918032787,734.5,837.5,0,-1.03488372093023,0.952323832484314
"2004-08-27",2004-08-27,0.00567465321563682,580000,-0.0477611940298506,797.5,0.0789968652037617,734.5,837.5,0,1.07084639498433,1.00612681950886
"2004-08-30",2004-08-30,0.0294670846394984,1036000,-0.0197014925373133,821,0.105359317904994,734.5,837.5,0,1.33371517506719,1.2823730878113
"2004-08-31",2004-08-31,-0.0164433617539586,608000,-0.035820895522388,807.5,0.0904024767801858,734.5,837.5,0,-1.81818181818182,1.12463040754831
"2004-09-01",2004-09-01,0.00247678018575851,478000,-0.0334328358208953,809.5,0.092649783817171,734.5,837.5,0,1.02485891003241,1.14815947916791
"2004-09-02",2004-09-02,-0.0080296479308215,202000,-0.0411940298507462,803,0.0853051058530511,734.5,837.5,0,-1.23214285714286,1.07148223568851
"2004-09-03",2004-09-03,-0.0149439601494396,274000,-0.0555223880597012,791,0.0714285714285714,734.5,837.5,0,-1.34782608695652,0.928314504581881
"2004-09-06",2004-09-06,0.00316055625790139,510000,-0.0525373134328356,793.5,0.074354127284184,734.5,837.5,0,1.04095778197858,0.958316801225371
"2004-09-07",2004-09-07,0.0056710775047259,260000,-0.0471641791044773,798,0.0795739348370927,734.5,837.5,0,1.0702019880209,1.01208646007838
"2004-09-08",2004-09-08,-0.006265664160401,556000,-0.0531343283582087,793,0.0737704918032787,734.5,837.5,0,-1.12658227848101,0.952323832484316
"2004-09-09",2004-09-09,-0.0100882723833544,686000,-0.0626865671641788,785,0.0643312101910828,734.5,837.5,0,-1.17977528089887,0.855923079470601
"2004-09-10",2004-09-10,0.00191082802547771,1032000,-0.0608955223880593,786.5,0.0661157024793388,734.5,837.5,0,1.02773913755012,0.874072467083851
"2004-09-13",2004-09-13,0.0184361093452003,672000,-0.0435820895522382,801,0.0830212234706617,734.5,837.5,0,1.25569600499376,1.04776750800974
"2004-09-14",2004-09-14,-0.00561797752808989,464000,-0.0489552238805966,796.5,0.0778405524168236,734.5,837.5,0,-1.12328767123288,0.994196505604333
"2004-09-15",2004-09-15,-0.0131826741996234,550000,-0.0614925373134323,786,0.0655216284987278,734.5,837.5,0,-1.25609756097561,0.868026512630762
"2004-09-16",2004-09-16,-0.0165394402035623,678000,-0.0770149253731339,773,0.0498059508408797,734.5,837.5,0,-1.25242718446602,0.709462427630847
"2004-09-17",2004-09-17,0.0019404915912031,498000,-0.0752238805970145,774.5,0.0516462233699161,734.5,837.5,0,1.03694884844013,0.72789495514528
"2004-09-20",2004-09-20,0,0,-0.0752238805970145,774.5,0.0516462233699161,734.5,837.5,0,-1,0.72789495514528
"2004-09-21",2004-09-21,0.00322788896061975,534000,-0.0722388059701489,777,0.0546975546975547,734.5,837.5,0,1.0590814028314,0.758535686729574
"2004-09-22",2004-09-22,0.00128700128700129,6e+05,-0.0710447761194026,778,0.0559125964010283,734.5,837.5,0,1.02221382126115,0.770764107981649
"2004-09-23",2004-09-23,0,0,-0.0710447761194026,778,0.0559125964010283,734.5,837.5,0,-1,0.770764107981649
"2004-09-24",2004-09-24,-0.0205655526992288,902000,-0.0901492537313429,762,0.0360892388451444,734.5,837.5,0,-1.26890756302521,0.573166836107489
"2004-09-27",2004-09-27,-0.0177165354330709,758000,-0.106268656716417,748.5,0.0187040748162992,734.5,837.5,0,-1.17880794701987,0.403098014948185
"2004-09-28",2004-09-28,-0.00935203740814963,578000,-0.114626865671641,741.5,0.0094403236682401,734.5,837.5,0,-1.07865168539326,0.313649135336145
"2004-09-29",2004-09-29,0.00944032366824005,564000,-0.106268656716417,748.5,0.0187040748162992,734.5,837.5,0,1.98129592518368,0.403098014948185
"2004-09-30",2004-09-30,0.0394121576486306,934000,-0.0710447761194026,778,0.0559125964010283,734.5,837.5,0,2.98932702901213,0.770764107981649
"2004-10-01",2004-10-01,-0.032133676092545,862000,-0.100895522388059,753,0.0245683930942895,734.5,837.5,0,-1.42016806722689,0.46013920329726
"2004-10-04",2004-10-04,0.0239043824701195,472000,-0.0794029850746265,771,0.0473411154345007,734.5,837.5,0,1.92691134714481,0.684829184352025
"2004-10-05",2004-10-05,0.00194552529182879,456000,-0.0776119402985072,772.5,0.0491909385113268,734.5,837.5,0,1.03907434499268,0.703310190344133
"2004-10-06",2004-10-06,-0.0284789644012945,2212000,-0.103880597014925,750.5,0.0213191205862758,734.5,837.5,0,-1.33846153846154,0.428493724414148
"2004-10-07",2004-10-07,0,870000,-0.103880597014925,750.5,0.0213191205862758,734.5,837.5,0,-1,0.428493724414148
"2004-10-08",2004-10-08,0.00932711525649567,442000,-0.095522388059701,757.5,0.0303630363036304,734.5,837.5,0,1.42421617161716,0.516826721748604
"2004-10-11",2004-10-11,0,0,-0.095522388059701,757.5,0.0303630363036304,734.5,837.5,0,-1,0.516826721748604
"2004-10-12",2004-10-12,-0.0178217821782178,772000,-0.111641791044776,744,0.0127688172043011,734.5,837.5,0,-1.16875,0.345696739304039
"2004-10-13",2004-10-13,-0.0141129032258065,986000,-0.124179104477611,733.5,0,733.5,832,985,-1.11229946524064,0.217243092857178
"2004-10-14",2004-10-14,-0.0170415814587594,438000,-0.13910447761194,721,0,721,733.5,986,-1.12019230769231,0.1414820596445
"2004-10-15",2004-10-15,0.013869625520111,1084000,-0.127164179104477,731,0.0136798905608755,721,731,986,-0.914163090128755,0.271529863304237
"2004-10-18",2004-10-18,-0.00136798905608755,554000,-0.128358208955223,730,0.0123287671232877,721,731,988,-1.0093896713615,0.258610692636046
"2004-10-19",2004-10-19,0.0226027397260274,822000,-0.10865671641791,746.5,0.0221031480241125,730,746.5,988,1.79281089528912,0.40822990861285
"2004-10-20",2004-10-20,-0.00267916945746818,808000,-0.111044776119403,744.5,0.0194761584956347,730,746.5,990,-1.02197802197802,0.382773572757426
"2004-10-21",2004-10-21,-0.0154466084620551,644000,-0.124776119402985,733,0.00409276944065484,730,746.5,0,-1.1236559139785,0.234987505110864
"2004-10-22",2004-10-22,-0.00818553888130969,798000,-0.131940298507462,727,0,727,744.5,992,-1.05741626794258,0.177847355586585
"2004-10-25",2004-10-25,-0.0268225584594223,576000,-0.155223880597015,707.5,0,707.5,727,993,-1.1764705882353,0.0596601437748079
"2004-10-26",2004-10-26,0.00212014134275618,554000,-0.153432835820895,709,0.00211565585331452,707.5,709,993,-0.988461538461537,0.0794905140760905
"2004-10-27",2004-10-27,-0.00916784203102962,218000,-0.161194029850746,702.5,0,0,709,995,-1.05058365758755,0.029355730489737
"2004-10-28",2004-10-28,0.0234875444839858,2392000,-0.141492537313432,719,0.0229485396383866,702.5,719,995,-0.877777777777777,0.245846834270131
"2004-10-29",2004-10-29,0.0152990264255911,2056000,-0.128358208955224,730,0.0376712328767124,0,730,0,1.64155251141553,0.387248775741681
"2004-11-01",2004-11-01,0.023972602739726,1422000,-0.107462686567164,747.5,0.060200668896321,0,747.5,0,1.59805411979325,0.607673396725909
"2004-11-02",2004-11-02,0.0354515050167224,1828000,-0.0758208955223878,774,0.0923772609819121,0,774,0,1.53448894631065,0.931614821868492
"2004-11-03",2004-11-03,0,0,-0.0758208955223878,774,0.0923772609819121,0,774,0,-1,0.931614821868492
"2004-11-04",2004-11-04,0.00258397932816537,1132000,-0.0734328358208952,776,0.0947164948453608,0,776,0,1.0253226155288,0.955610513068725
"2004-11-05",2004-11-05,0.0322164948453608,1476000,-0.0435820895522384,801,0.122971285892634,0,801,0,1.29830908643108,1.25055359441171
"2004-11-08",2004-11-08,-0.00686641697877653,690000,-0.0501492537313429,795.5,0.116907605279698,702.5,801,1003,-1.15068493150685,1.18643956234152
"2004-11-09",2004-11-09,-0.00817096165933375,818000,-0.0579104477611937,789,0.109632446134347,702.5,801,0,-1.15476190476191,1.11011519563715
"2004-11-10",2004-11-10,0.0329531051964512,1702000,-0.0268656716417908,815,0.0319018404907976,789,815,1003,-0.463917525773194,0.87313842800075
"2004-11-11",2004-11-11,-0.0171779141104294,1182000,-0.0435820895522386,801,0.0149812734082397,789,815,1006,-1.62222222222223,0.702397454606377
"2004-11-12",2004-11-12,0.0031210986267166,902000,-0.0405970149253729,803.5,0.0180460485376478,789,815,0,1.20457373988799,0.7331064267836
"2004-11-15",2004-11-15,0.0248911014312383,706000,-0.0167164179104476,823.5,0.0273224043715847,801,823.5,1006,1.51403806293575,0.901410762186528
"2004-11-16",2004-11-16,-0.0145719489981785,1240000,-0.0310447761194029,811.5,0.0129390018484289,801,823.5,1009,-1.85714285714287,0.755670174072393
"2004-11-17",2004-11-17,-0.0104744300677757,1276000,-0.0411940298507462,803,0.00249066002490661,801,823.5,0,-1.32692307692308,0.65111700096985
"2004-11-18",2004-11-18,-0.00186799501867995,896000,-0.0429850746268656,801.5,0.000623830318153495,801,823.5,0,-1.04347826086957,0.632549669507474
"2004-11-19",2004-11-19,-0.0143480973175296,1404000,-0.0567164179104477,790,0,790,811.5,1012,-1.31944444444444,0.55968296297848
"2004-11-22",2004-11-22,-0.00886075949367089,750000,-0.0650746268656716,783,0,783,790,1013,-1.14736842105263,0.51725678437938
"2004-11-23",2004-11-23,0,0,-0.0650746268656716,783,0,783,783,1013,-1,0.51725678437938
"2004-11-24",2004-11-24,0.000638569604086846,1432000,-0.0644776119402983,783.5,0.00063816209317169,0,783.5,0,-0.990825688073393,0.52352652961679
"2004-11-25",2004-11-25,0.0242501595405233,1044000,-0.0417910447761192,802.5,0.0242990654205607,0,802.5,0,38.0766355140172,0.758785790449555
"2004-11-26",2004-11-26,-0.0137071651090343,634000,-0.0549253731343282,791.5,0.0107391029690461,783,802.5,1017,-1.31428571428572,0.623285857923723
"2004-11-29",2004-11-29,0.00568540745420088,808000,-0.0495522388059698,796,0.0163316582914573,783,802.5,0,1.52076559266923,0.678947580438459
"2004-11-30",2004-11-30,-0.000628140703517588,778000,-0.0501492537313429,795.5,0.0157133878064111,783,802.5,0,-1.01204819277108,0.672778804789567
"2004-12-01",2004-12-01,-0.0150848522941546,888000,-0.0644776119402981,783.5,0.00063816209317169,783,802.5,0,-1.28571428571429,0.523526529616791
"2004-12-02",2004-12-02,0.0306317804722399,608000,-0.0358208955223875,807.5,0.0297213622291022,783.5,807.5,1017,46.5733746130013,0.816613723910888
"2004-12-03",2004-12-03,-0.00123839009287926,696000,-0.037014925373134,806.5,0.0285182889026658,783.5,807.5,1022,-1.03333333333334,0.804446054011697
"2004-12-06",2004-12-06,-0.0018598884066956,634000,-0.0388059701492532,805,0.0267080745341615,783.5,807.5,0,-1.04838709677419,0.786166101396257
"2004-12-07",2004-12-07,-0.015527950310559,502000,-0.0537313432835818,792.5,0.0113564668769716,783.5,807.5,0,-1.38461538461539,0.632480473125426
"2004-12-08",2004-12-08,-0.00757097791798107,728000,-0.0608955223880593,786.5,0.00381436745073105,783.5,807.5,0,-1.13333333333333,0.557831561759984
"2004-12-09",2004-12-09,-0.00127145581691036,1030000,-0.0620895522388055,785.5,0.00254614894971361,783.5,807.5,0,-1.01960784313725,0.545333215656544
"2004-12-10",2004-12-10,-0.00190961171228517,798000,-0.063880597014925,784,0.000637755102040782,783.5,807.5,0,-1.02884615384616,0.526554905062703
"2004-12-13",2004-12-13,0.00701530612244898,492000,-0.0573134328358206,789.5,0.00759974667511087,783.5,807.5,0,11.9164027865745,0.595228753887462
"2004-12-14",2004-12-14,0.0531982267257758,2374000,-0.0071641791044772,831.5,0.0571256764882742,784,831.5,1022,7.5167869312487,1.10117891158413
"2004-12-15",2004-12-15,-0.00841852074564041,1158000,-0.0155223880597012,824.5,0.0491206791995149,784,831.5,1030,-2.16666666666675,1.01811945299914
"2004-12-16",2004-12-16,0.0151607034566404,680000,-0.000597014925372785,837,0.0149342891278376,824.5,837,1030,-0.0384615384615167,0.920350738557812
"2004-12-17",2004-12-17,0.0651135005973716,2826000,0,891.5,0.0751542344363433,0,891.5,0,5.03232753785753,1.2290569734174
"2004-12-20",2004-12-20,-0.0089736399326977,1792000,-0.00897363993269773,883.5,0.0667798528579513,824.5,891.5,1033,0,1.14099860314772
"2004-12-21",2004-12-21,-0.0067911714770798,1034000,-0.0157038698822208,877.5,0.0603988603988604,824.5,891.5,0,-1.74999999999998,1.07444617947174
"2004-12-22",2004-12-22,0.00170940170940171,1294000,-0.0140213123948402,879,0.0620022753128555,824.5,891.5,0,1.02654710541567,1.09112573997559
"2004-12-23",2004-12-23,0,0,-0.0140213123948402,879,0.0620022753128555,824.5,891.5,0,-1,1.09112573997559
"2004-12-24",2004-12-24,-0.000568828213879408,990000,-0.0145821648906337,878.5,0.0614684120660216,824.5,891.5,0,-1.03999999999999,1.0855689746613
"2004-12-27",2004-12-27,0.0130904951622083,684000,-0.00168255748738066,890,0.0735955056179776,824.5,891.5,0,1.1972898460258,1.21260423905348
"2004-12-28",2004-12-28,-0.00337078651685393,394000,-0.00504767246214222,887,0.0704622322435174,824.5,891.5,0,-3.00000000000013,1.17961848981135
"2004-12-29",2004-12-29,-0.0129650507328072,692000,-0.0179472798653952,875.5,0.058252427184466,824.5,891.5,0,-3.55555555555569,1.05216338270035
"2004-12-30",2004-12-30,0.0234151913192461,446000,0,896,0.0228794642857143,875.5,896,1033,0,0.963710803380419
"2004-12-31",2004-12-31,0,0,0,896,0.0228794642857143,0,896,0,0,0.963710803380419
"2005-01-03",2005-01-03,0,0,0,896,0.0228794642857143,0,896,0,0,0.963710803380419
"2005-01-04",2005-01-04,-0.00167410714285714,458000,-0.00167410714285698,894.5,0.0212409167132476,875.5,896,1044,0,0.946895803738464
"2005-01-05",2005-01-05,-0.0134153158188932,660000,-0.0150669642857143,882.5,0.00793201133144472,875.5,896,0,-9.00000000000086,0.811357944868121
"2005-01-06",2005-01-06,-0.00793201133144476,1032000,-0.0228794642857141,875.5,0,875.5,894.5,1046,-1.5185185185185,0.731438974992891
"2005-01-07",2005-01-07,0.0148486579097658,1168000,-0.00837053571428559,888.5,0.0146314012380416,875.5,888.5,1046,-0.365853658536583,0.879354975125976
"2005-01-10",2005-01-10,0,0,-0.00837053571428559,888.5,0.0146314012380416,0,888.5,0,-1,0.879354975125976
"2005-01-11",2005-01-11,0.00731570061902082,660000,-0.0011160714285714,895,0.0217877094972067,0,895,0,1.48910614525139,0.952503901291303
"2005-01-12",2005-01-12,-0.00502793296089385,708000,-0.00613839285714279,890.5,0.0168444693992139,875.5,895,1050,-5.5000000000001,0.901918818358903
"2005-01-13",2005-01-13,-0.00449185850645705,458000,-0.0106026785714286,886.5,0.0124083474337281,875.5,895,0,-1.72727272727275,0.856740444876055
"2005-01-14",2005-01-14,0.00846023688663283,688000,-0.00223214285714279,894,0.0206935123042505,875.5,895,0,1.66770896888347,0.941284601583522
"2005-01-17",2005-01-17,0.000559284116331096,730000,-0.00167410714285721,894.5,0.0212409167132476,875.5,895,0,1.02645294819694,0.946895803738463
"2005-01-18",2005-01-18,-0.00782560089435439,870000,-0.0094866071428571,887.5,0.0135211267605634,875.5,895,0,-5.66666666666642,0.868054067295189
"2005-01-19",2005-01-19,-0.00676056338028169,836000,-0.0161830357142857,881.5,0.00680657969370391,875.5,895,0,-1.70588235294118,0.799980099455157
"2005-01-20",2005-01-20,-0.0187180941576858,1946000,-0.0345982142857142,865,0,865,894.5,1056,-2.13793103448275,0.671954726259499
"2005-01-21",2005-01-21,0.00346820809248555,1110000,-0.0312499999999999,868,0.00345622119815669,865,868,1056,-0.903225806451612,0.706493967459533
"2005-01-24",2005-01-24,0.0224654377880184,848000,-0.0094866071428571,887.5,0.0253521126760563,0,887.5,0,7.3352112676056,0.928108024326309
"2005-01-25",2005-01-25,-0.0123943661971831,948000,-0.0217633928571429,876.5,0.0131203650884198,865,887.5,1059,-2.29411764705884,0.803702973359085
"2005-01-26",2005-01-26,-0.00456360524814604,838000,-0.0262276785714285,872.5,0.00859598853868193,865,887.5,0,-1.2051282051282,0.758076620557496
"2005-01-27",2005-01-27,0.00859598853868195,794000,-0.0178571428571429,880,0.0170454545454546,865,887.5,0,1.98295454545455,0.843454768062264
"2005-01-28",2005-01-28,-0.01875,1002000,-0.0362723214285714,863.5,0,863.5,880,1062,-2.03124999999999,0.663456976440443
"2005-01-31",2005-01-31,0.0799073537927041,2984000,0,932.5,0.0739946380697051,863.5,932.5,1062,0,1.22317087475471
"2005-02-01",2005-02-01,-0.000536193029490617,1372000,-0.000536193029490484,932,0.0734978540772532,863.5,932.5,1064,0,1.2179274945214
"2005-02-02",2005-02-02,0.0402360515021459,2072000,0,969.5,0.0386797318205261,932,969.5,1064,0,1.04391279114318
"2005-02-03",2005-02-03,-0.0154718927282104,1412000,-0.0154718927282103,954.5,0.0235725510738607,932,969.5,1066,0,0.888693743666603
"2005-02-04",2005-02-04,-0.00995285489785228,1270000,-0.0252707581227436,945,0.0137566137566137,932,969.5,0,-1.63333333333334,0.789129216446213
"2005-02-07",2005-02-07,0.00634920634920635,632000,-0.0190820010314594,951,0.0199789695057834,932,969.5,0,1.45231739868964,0.852127891497712
"2005-02-08",2005-02-08,0.00420609884332282,1020000,-0.0149561629706033,955,0.0240837696335079,932,969.5,0,1.20545604849821,0.893906522259873
"2005-02-09",2005-02-09,-0.0146596858638743,658000,-0.0293965961835998,941,0.00956429330499464,932,969.5,0,-1.96551724137932,0.746906333462972
"2005-02-10",2005-02-10,0.00903294367693943,1166000,-0.0206291903042805,949.5,0.0184307530279094,932,969.5,0,1.92703762214032,0.836415645259409
"2005-02-11",2005-02-11,0,0,-0.0206291903042805,949.5,0.0184307530279094,932,969.5,0,-1,0.836415645259409
"2005-02-14",2005-02-14,0.00842548709847288,1274000,-0.0123775141825685,957.5,0.0266318537859008,932,969.5,0,1.44496829541216,0.919929763426216
"2005-02-15",2005-02-15,0.0010443864229765,432000,-0.0113460546673543,958.5,0.0276473656755347,932,969.5,0,1.03813147585586,0.930320168221618
"2005-02-16",2005-02-16,0.0114762649973918,980000,0,969.5,0.0293965961835998,941,969.5,1066,1.06326933743322,0.996791694673615
"2005-02-17",2005-02-17,-0.00257864878803507,852000,-0.00257864878803493,967,0.0268872802481903,941,969.5,1076,0,0.970965240558962
"2005-02-18",2005-02-18,0.0392967942088935,1888000,0,1005,0.0378109452736318,967,1005,1076,1.40627631075392,1.03950283999211
"2005-02-21",2005-02-21,-0.0194029850746269,1300000,-0.0194029850746269,985.5,0.0187721968543887,967,1005,1078,0,0.844373014977311
"2005-02-22",2005-02-22,-0.0126839167935058,794000,-0.0318407960199005,973,0.00616649537512848,967,1005,0,-1.64102564102564,0.717252415747978
"2005-02-23",2005-02-23,0.0154162384378212,946000,-0.0169154228855721,988,0.0212550607287449,967,1005,0,3.44686234817813,0.869602844120085
"2005-02-24",2005-02-24,0.00607287449392713,1232000,-0.0109452736318409,994,0.0271629778672032,967,1005,0,1.27795343489508,0.929895781143635
"2005-02-25",2005-02-25,0.00402414486921529,776000,-0.00696517412935327,998,0.031062124248497,967,1005,0,1.14354635196318,0.969890748352801
"2005-02-28",2005-02-28,0,524000,-0.00696517412935327,998,0.031062124248497,967,1005,0,-1,0.969890748352801
"2005-03-01",2005-03-01,-0.00100200400801603,728000,-0.00796019900497513,997,0.0300902708124373,967,1005,0,-1.14285714285714,0.959906895235329
"2005-03-02",2005-03-02,0.0581745235707121,2130000,0,1055,0.0777251184834123,973,1055,1078,2.58306477093207,1.24210675313969
"2005-03-03",2005-03-03,-0.028436018957346,1496000,-0.028436018957346,1025,0.0507317073170732,973,1055,1086,0,0.960747563070149
"2005-03-04",2005-03-04,-0.0146341463414634,892000,-0.0426540284360191,1010,0.0366336633663367,973,1055,0,-1.5,0.817015580960879
"2005-03-07",2005-03-07,0.0123762376237624,378000,-0.0308056872037916,1022.5,0.0484107579462103,973,1055,0,1.3214828520452,0.936938038584926
"2005-03-08",2005-03-08,-0.0122249388753056,262000,-0.0426540284360191,1010,0.0366336633663367,973,1055,0,-1.38461538461538,0.817015580960879
"2005-03-09",2005-03-09,0.00495049504950495,614000,-0.037914691943128,1015,0.0413793103448276,973,1055,0,1.12954333643989,0.865161254863283
"2005-03-10",2005-03-10,-0.0152709359605911,1038000,-0.05260663507109,999.5,0.0265132566283142,973,1055,0,-1.3875,0.71512518136077
"2005-03-11",2005-03-11,0.00300150075037519,780000,-0.0497630331753555,1002.5,0.0294264339152119,973,1055,0,1.10987625276431,0.744346530463951
"2005-03-14",2005-03-14,-0.0179551122194514,808000,-0.066824644549763,984.5,0.0116810563737938,973,1055,0,-1.34285714285714,0.567666629763844
"2005-03-15",2005-03-15,-0.00203148806500762,656000,-0.0687203791469194,982.5,0.00966921119592878,973,1055,0,-1.02836879432624,0.547831796929033
"2005-03-16",2005-03-16,-0.000508905852417303,676000,-0.0691943127962086,982,0.00916496945010181,973,1055,0,-1.00689655172414,0.542866589163019
"2005-03-17",2005-03-17,-0.00356415478615071,594000,-0.0725118483412321,978.5,0.00562084823709763,973,1055,0,-1.04794520547945,0.508036893391911
"2005-03-18",2005-03-18,0.00868676545733265,530000,-0.0644549763033175,987,0.0141843971631206,973,1055,0,2.52353320438426,0.592401971123967
"2005-03-21",2005-03-21,0,0,-0.0644549763033175,987,0.0141843971631206,973,1055,0,-1,0.592401971123967
"2005-03-22",2005-03-22,0.0116514690982776,1008000,-0.0535545023696682,998.5,0.0255383074611918,973,1055,0,1.80045067601402,0.705364985698741
"2005-03-23",2005-03-23,-0.00751126690035053,930000,-0.0606635071090046,991,0.0181634712411706,973,1055,0,-1.13274336283186,0.631845165048816
"2005-03-24",2005-03-24,-0.00252270433905146,666000,-0.0630331753554502,988.5,0.0156803237228124,973,1055,0,-1.0390625,0.607212324514551
"2005-03-25",2005-03-25,-0.00455235204855842,604000,-0.0672985781990521,984,0.0111788617886179,973,1055,0,-1.06766917293233,0.562711813363239
"2005-03-28",2005-03-28,-0.00508130081300813,414000,-0.0720379146919431,979,0.00612870275791622,973,1055,0,-1.07042253521127,0.513020439564854
"2005-03-29",2005-03-29,-0.00970377936670072,858000,-0.081042654028436,969.5,0,969.5,1025,1104,-1.125,0.436203250552698
"2005-03-30",2005-03-30,-0.0190820010314595,834000,-0.0985781990521328,951,0,951,969.5,1105,-1.21637426900585,0.347193012953537
"2005-03-31",2005-03-31,0.0294426919032597,540000,-0.0720379146919431,979,0.0286006128702758,951,979,1105,-0.73076923076923,0.627087613165965
"2005-04-01",2005-04-01,0.00153217568947906,844000,-0.0706161137440757,980.5,0.030086690464049,0,980.5,0,1.05195964158228,0.641847973311666
"2005-04-04",2005-04-04,0.00662927078021418,508000,-0.0644549763033175,987,0.0364741641337386,0,987,0,1.21230230281799,0.705544588100145
"2005-04-05",2005-04-05,0.00455927051671732,696000,-0.0601895734597157,991.5,0.0408472012102874,0,991.5,0,1.11989409984871,0.749393216057794
"2005-04-06",2005-04-06,0.00706001008572869,760000,-0.0535545023696682,998.5,0.0475713570355534,0,998.5,0,1.16461729631484,0.817204507937587
"2005-04-07",2005-04-07,-0.0150225338007011,590000,-0.0677725118483412,983.5,0.0330452465683783,951,998.5,1111,-1.26548672566372,0.671299664803185
"2005-04-08",2005-04-08,0.0193187595322827,804000,-0.0497630331753555,1002.5,0.0189526184538653,983.5,1002.5,1111,-0.734265734265735,0.691181556034905
"2005-04-11",2005-04-11,-0.0184538653366584,646000,-0.0672985781990523,984,0.000508130081300795,983.5,1002.5,1113,-1.35238095238095,0.508547294191368
"2005-04-12",2005-04-12,-0.0142276422764228,834000,-0.0805687203791471,970,0,970,984,1114,-1.19718309859155,0.438608932649972
"2005-04-13",2005-04-13,0.00927835051546392,1256000,-0.0720379146919433,979,0.00919305413687432,970,979,1114,-0.894117647058824,0.528575054146823
"2005-04-14",2005-04-14,-0.0163432073544433,680000,-0.0872037914691944,963,0,0,979,1116,-1.21052631578947,0.404929383288127
"2005-04-15",2005-04-15,-0.0155763239875389,1072000,-0.101421800947867,948,0,948,963,1117,-1.16304347826087,0.33275892036989
"2005-04-18",2005-04-18,-0.0511603375527426,1822000,-0.14739336492891,899.5,0,899.5,948,1118,-1.45327102803738,0.0994077569342527
"2005-04-19",2005-04-19,0.018899388549194,770000,-0.131279620853081,916.5,0.0185488270594654,899.5,916.5,1118,-0.890675241157557,0.27535459453645
"2005-04-20",2005-04-20,0.0261865793780687,1052000,-0.108530805687204,940.5,0.0435938330675173,0,940.5,0,2.3502204709635,0.517955515848809
"2005-04-21",2005-04-21,-0.00212652844231792,1146000,-0.11042654028436,938.5,0.041555673947789,899.5,940.5,1121,-1.0174672489083,0.497987113728626
"2005-04-22",2005-04-22,0.00372935535428876,736000,-0.107109004739337,942,0.00371549893842893,938.5,942,1121,-0.969957081545064,0.322750567780484
"2005-04-25",2005-04-25,0.00530785562632696,478000,-0.102369668246446,947,0.00897571277719111,0,947,0,2.41574898174683,0.373508177521295
"2005-04-26",2005-04-26,-0.00316789862724393,778000,-0.10521327014218,944,0.00582627118644063,938.5,947,1124,-1.02777777777778,0.343087553357446
"2005-04-27",2005-04-27,-0.0206567796610169,1064000,-0.123696682464455,924.5,0,924.5,944,1125,-1.17567567567568,0.219691861797983
"2005-04-28",2005-04-28,0.0724716062736614,1614000,-0.0601895734597158,991.5,0.0675743822491175,924.5,991.5,1125,-0.486590038314177,0.885060099032185
"2005-04-29",2005-04-29,0,0,-0.0601895734597158,991.5,0.0675743822491175,0,991.5,0,-1,0.885060099032185
"2005-05-02",2005-05-02,-0.0206757438224912,2048000,-0.0796208530805689,971,0.0478887744593203,924.5,991.5,1128,-1.32283464566929,0.68650320001043
"2005-05-03",2005-05-03,0,0,-0.0796208530805689,971,0.0478887744593203,924.5,991.5,0,-1,0.68650320001043
"2005-05-04",2005-05-04,0,0,-0.0796208530805689,971,0.0478887744593203,924.5,991.5,0,-1,0.68650320001043
"2005-05-05",2005-05-05,0,0,-0.0796208530805689,971,0.0478887744593203,924.5,991.5,0,-1,0.68650320001043
"2005-05-06",2005-05-06,0.0401647785787848,1538000,-0.0426540284360191,1010,0.0386138613861386,971,1010,1128,-0.535714285714286,0.827067044773254
"2005-05-09",2005-05-09,-0.0103960396039604,856000,-0.0526066350710902,999.5,0.0285142571285643,971,1010,1133,-1.23333333333333,0.725282238339757
"2005-05-10",2005-05-10,0.0105052526263132,520000,-0.0426540284360191,1010,0.0103960396039604,999.5,1010,1133,-0.810810810810811,0.683833685446909
"2005-05-11",2005-05-11,-0.0183168316831683,1116000,-0.0601895734597157,991.5,0,0,1010,1135,-1.41111111111111,0.54205326283278
"2005-05-12",2005-05-12,-0.010590015128593,1638000,-0.0701421800947868,981,0,981,991.5,1136,-1.16535433070866,0.491533938790013
"2005-05-13",2005-05-13,0.027013251783894,1118000,-0.0450236966824646,1007.5,0.026302729528536,981,1007.5,1136,-0.641891891891894,0.752547461627065
"2005-05-16",2005-05-16,-0.0148883374689826,618000,-0.0592417061611377,992.5,0.0115869017632242,981,1007.5,1138,-1.31578947368421,0.605679615531478
"2005-05-17",2005-05-17,0.00755667506297229,822000,-0.052132701421801,1000,0.019,981,1007.5,0,1.63978260869565,0.679393653766187
"2005-05-18",2005-05-18,0.0275,1598000,-0.0260663507109005,1027.5,0.0340632603406326,992.5,1027.5,1138,1.79280317582276,0.888167116302468
"2005-05-19",2005-05-19,0.0097323600973236,946000,-0.0165876777251186,1037.5,0.0433734939759036,0,1037.5,0,1.27332185886403,0.98353940386515
"2005-05-20",2005-05-20,-0.0072289156626506,7e+05,-0.023696682464455,1030,0.0364077669902912,992.5,1037.5,1142,-1.42857142857142,0.912096217281034
"2005-05-23",2005-05-23,0.0339805825242718,1062000,0,1065,0.0328638497652582,1030,1065,1142,0,1.01439143649532
"2005-05-24",2005-05-24,-0.0140845070422535,1148000,-0.0140845070422535,1050,0.0190476190476191,1030,1065,1144,0,0.872767592249597
"2005-05-25",2005-05-25,-0.0119047619047619,736000,-0.0258215962441315,1037.5,0.0072289156626506,1030,1065,0,-1.83333333333334,0.753198642886554
"2005-05-26",2005-05-26,-0.00481927710843374,670000,-0.0305164319248827,1032.5,0.00242130750605329,1030,1065,0,-1.18181818181818,0.704964340354635
"2005-05-27",2005-05-27,0.036319612590799,868000,0,1070,0.0350467289719626,1032.5,1070,1144,14.4742990654204,1.02547170782857
"2005-05-30",2005-05-30,0.0280373831775701,1530000,0,1100,0.0613636363636364,0,1100,0,1.75090909090909,1.1590560461906
"2005-05-31",2005-05-31,-0.0363636363636364,1130000,-0.0363636363636364,1060,0.0259433962264151,1032.5,1100,1149,0,0.794681862525608
"2005-06-01",2005-06-01,0.0165094339622642,778000,-0.0204545454545454,1077.5,0.0417633410672854,1032.5,1100,0,1.60978696477537,0.955738106119965
"2005-06-02",2005-06-02,0.0116009280742459,1096000,-0.00909090909090904,1090,0.0527522935779816,1032.5,1100,0,1.263124362895,1.06919960640251
"2005-06-03",2005-06-03,-0.0298165137614679,1630000,-0.0386363636363636,1057.5,0.0236406619385343,1032.5,1100,0,-4.25000000000002,0.771456868943419
"2005-06-06",2005-06-06,0,684000,-0.0386363636363636,1057.5,0.0236406619385343,1032.5,1100,0,-1,0.771456868943419
"2005-06-07",2005-06-07,0.0307328605200946,946000,-0.00909090909090904,1090,0.0527522935779816,1032.5,1100,0,2.23142201834862,1.06919960640251
"2005-06-08",2005-06-08,0.00917431192660551,798000,0,1100,0.0386363636363637,1057.5,1100,1149,0,1.04369265470766
"2005-06-09",2005-06-09,-0.00909090909090909,884000,-0.00909090909090904,1090,0.0298165137614679,1057.5,1100,1156,0,0.95277783518119
"2005-06-10",2005-06-10,0.0252293577981651,1122000,0,1117.5,0.0246085011185683,1090,1117.5,1156,0,0.972487375714045
"2005-06-13",2005-06-13,-0.00894854586129754,6e+05,-0.00894854586129756,1107.5,0.0158013544018059,1090,1117.5,1158,0,0.882359671500972
"2005-06-14",2005-06-14,-0.00225733634311512,540000,-0.011185682326622,1105,0.0135746606334841,1090,1117.5,0,-1.25,0.859701317331642
"2005-06-15",2005-06-15,0,556000,-0.011185682326622,1105,0.0135746606334841,1090,1117.5,0,-1,0.859701317331642
"2005-06-16",2005-06-16,0.00678733031674208,460000,-0.00447427293064884,1112.5,0.0202247191011236,1090,1117.5,0,1.48988764044944,0.927523984240855
"2005-06-17",2005-06-17,0.0584269662921348,1366000,0,1177.5,0.0615711252653928,1105,1177.5,1158,3.04435008256665,1.16010925762027
"2005-06-20",2005-06-20,-0.0318471337579618,974000,-0.0318471337579618,1140,0.0307017543859649,1105,1177.5,1163,0,0.841760955835576
"2005-06-21",2005-06-21,-0.0087719298245614,326000,-0.0403397027600849,1130,0.0221238938053098,1105,1177.5,0,-1.26666666666667,0.755111639203014
"2005-06-22",2005-06-22,-0.00442477876106195,526000,-0.0445859872611466,1125,0.0177777777777778,1105,1177.5,0,-1.10526315789474,0.711496706700846
"2005-06-23",2005-06-23,0.00444444444444444,552000,-0.0403397027600849,1130,0.0221238938053098,1105,1177.5,0,1.24446902654867,0.755111639203014
"2005-06-24",2005-06-24,-0.0199115044247788,1230000,-0.059447983014862,1107.5,0.00225733634311509,1105,1177.5,0,-1.47368421052632,0.557275782895821
"2005-06-27",2005-06-27,-0.0316027088036117,1128000,-0.089171974522293,1072.5,0,1072.5,1140,1168,-1.5,0.394938907317281
"2005-06-28",2005-06-28,0.0186480186480186,952000,-0.0721868365180466,1092.5,0.0183066361556065,1072.5,1092.5,1168,-0.809523809523808,0.574079572692629
"2005-06-29",2005-06-29,0.011441647597254,740000,-0.0615711252653927,1105,0.0294117647058824,0,1105,0,1.60661764705882,0.68433432149567
"2005-06-30",2005-06-30,-0.0135746606334842,556000,-0.0743099787685773,1090,0.0160550458715596,1072.5,1105,1171,-1.20689655172414,0.551873477483766
"2005-07-01",2005-07-01,-0.00229357798165138,720000,-0.0764331210191082,1087.5,0.0137931034482759,1072.5,1105,0,-1.02857142857143,0.529614834927676
"2005-07-04",2005-07-04,0.0160919540229885,738000,-0.0615711252653927,1105,0.0158371040723982,1087.5,1105,1171,1.14819004524887,0.615429490383687
"2005-07-05",2005-07-05,-0.0113122171945701,710000,-0.0721868365180466,1092.5,0.00457665903890159,1087.5,1105,1174,-1.17241379310345,0.504386356785314
"2005-07-06",2005-07-06,0,492000,-0.0721868365180466,1092.5,0.00457665903890159,1087.5,1105,0,-1,0.504386356785314
"2005-07-07",2005-07-07,-0.0022883295194508,520000,-0.0743099787685774,1090,0.00229357798165142,1087.5,1105,0,-1.02941176470588,0.482020414750975
"2005-07-08",2005-07-08,0.00229357798165138,534000,-0.0721868365180466,1092.5,0.00457665903890159,1087.5,1105,0,1.99542334096106,0.504386356785314
"2005-07-11",2005-07-11,0.0045766590389016,442000,-0.0679405520169851,1097.5,0.00911161731207288,1087.5,1105,0,1.99088838268793,0.548959850491619
"2005-07-12",2005-07-12,-0.00683371298405467,224000,-0.0743099787685774,1090,0.00229357798165142,1087.5,1105,0,-1.09375,0.482020414750975
"2005-07-13",2005-07-13,0.0137614678899083,828000,-0.0615711252653927,1105,0.0135746606334841,1090,1105,1174,5.91855203619897,0.603945351865023
"2005-07-14",2005-07-14,0.0203619909502262,1016000,-0.0424628450106156,1127.5,0.0332594235033259,0,1127.5,0,2.45011086474502,0.800858420780224
"2005-07-15",2005-07-15,-0.00443458980044346,1090000,-0.0467091295116772,1122.5,0.0289532293986637,1090,1127.5,1182,-1.1,0.757446131528394
"2005-07-18",2005-07-18,0,0,-0.0467091295116772,1122.5,0.0289532293986637,1090,1127.5,0,-1,0.757446131528394
"2005-07-19",2005-07-19,0.0022271714922049,520000,-0.0445859872611464,1125,0.0311111111111111,1090,1127.5,0,1.07452991452991,0.779176563037505
"2005-07-20",2005-07-20,0.0244444444444444,666000,-0.0212314225053077,1152.5,0.0260303687635575,1122.5,1152.5,1182,-0.476190476190475,0.871934288686081
"2005-07-21",2005-07-21,-0.0151843817787419,366000,-0.0360934182590232,1135,0.0110132158590308,1122.5,1152.5,1186,-1.7,0.720268052037219
"2005-07-22",2005-07-22,-0.013215859030837,932000,-0.0488322717622078,1120,0,1120,1135,1187,-1.35294117647059,0.599702803877237
"2005-07-25",2005-07-25,0.00669642857142857,642000,-0.0424628450106156,1127.5,0.00665188470066513,1120,1127.5,1187,-0.869565217391306,0.665798840507512
"2005-07-26",2005-07-26,0,616000,-0.0424628450106156,1127.5,0.00665188470066513,0,1127.5,0,-1,0.665798840507512
"2005-07-27",2005-07-27,0.0643015521064302,3832000,0,1200,0.0666666666666667,0,1200,0,10.0222222222223,1.18597417086995
"2005-07-28",2005-07-28,-0.00625,764000,-0.00624999999999998,1192.5,0.060796645702306,1120,1200,1191,0,1.12445307504506
"2005-07-29",2005-07-29,-0.00838574423480084,802000,-0.0145833333333334,1182.5,0.0528541226215645,1120,1200,0,-2.33333333333335,1.04183700325551
"2005-08-01",2005-08-01,0.00634249471458774,1132000,-0.0083333333333333,1190,0.0588235294117647,1120,1200,0,1.11294117647059,1.1038625804615
"2005-08-02",2005-08-02,-0.00420168067226891,636000,-0.0124999999999998,1185,0.0548523206751055,1120,1200,0,-1.49999999999999,1.0625548125978
"2005-08-03",2005-08-03,0.0147679324894515,814000,0,1202.5,0.0166320166320166,1182.5,1202.5,1191,0,0.93199882640494
"2005-08-04",2005-08-04,-0.00207900207900208,1064000,-0.00207900207900213,1200,0.0145833333333333,1182.5,1202.5,1196,0,0.911046739902589
"2005-08-05",2005-08-05,-0.0416666666666667,1052000,-0.0436590436590436,1150,0,1150,1200,1197,-20.9999999999994,0.625962053988656
"2005-08-08",2005-08-08,-0.00217391304347826,1158000,-0.0457380457380456,1147.5,0,1147.5,1150,1198,-1.04761904761905,0.61540906183637
"2005-08-09",2005-08-09,-0.00435729847494553,810000,-0.0498960498960497,1142.5,0,1142.5,1147.5,1199,-1.09090909090909,0.5943030775318
"2005-08-10",2005-08-10,0.0131291028446389,678000,-0.0374220374220372,1157.5,0.0129589632829373,1142.5,1157.5,1199,-0.749999999999999,0.723400588440106
"2005-08-11",2005-08-11,-0.0107991360691145,536000,-0.0478170478170477,1145,0.00218340611353707,1142.5,1157.5,1201,-1.27777777777778,0.615939015590743
"2005-08-12",2005-08-12,-0.00655021834061135,498000,-0.0540540540540538,1137.5,0,1137.5,1145,1202,-1.13043478260869,0.573197093227228
"2005-08-15",2005-08-15,-0.0043956043956044,562000,-0.058212058212058,1132.5,0,1132.5,1137.5,1203,-1.07692307692308,0.552091108922657
"2005-08-16",2005-08-16,0.00441501103752759,552000,-0.0540540540540538,1137.5,0.00439560439560438,1132.5,1137.5,1203,-0.928571428571428,0.595509133777775
"2005-08-17",2005-08-17,0,446000,-0.0540540540540538,1137.5,0.00439560439560438,0,1137.5,0,-1,0.595509133777775
"2005-08-18",2005-08-18,-0.00879120879120879,402000,-0.062370062370062,1127.5,0,0,1137.5,1206,-1.15384615384615,0.530985124618086
"2005-08-19",2005-08-19,0.0177383592017738,764000,-0.0457380457380454,1147.5,0.0174291938997821,1127.5,1147.5,1206,-0.733333333333332,0.703879462276448
"2005-08-22",2005-08-22,-0.0108932461873638,594000,-0.0561330561330557,1135,0.00660792951541855,1127.5,1147.5,1208,-1.22727272727273,0.596185880096416
"2005-08-23",2005-08-23,-0.0066079295154185,512000,-0.062370062370062,1127.5,0,1127.5,1135,1209,-1.11111111111111,0.530985124618086
"2005-08-24",2005-08-24,0,464000,-0.062370062370062,1127.5,0,1127.5,1127.5,1209,-1,0.530985124618086
"2005-08-25",2005-08-25,-0.00665188470066519,418000,-0.0686070686070682,1120,0,0,1127.5,1211,-1.1,0.499326148161229
"2005-08-26",2005-08-26,-0.00892857142857143,452000,-0.0769230769230765,1110,0,1110,1120,1212,-1.12121212121212,0.457114179552087
"2005-08-29",2005-08-29,-0.0135135135135135,398000,-0.089397089397089,1095,0,1095,1110,1213,-1.16216216216216,0.393796226638373
"2005-08-30",2005-08-30,0.0114155251141553,342000,-0.0790020790020787,1107.5,0.0112866817155757,1095,1107.5,1213,-0.883720930232558,0.503852262176882
"2005-08-31",2005-08-31,-0.00677200902934537,228000,-0.0852390852390849,1100,0.00454545454545452,1095,1107.5,1215,-1.07894736842105,0.437974889239532
"2005-09-01",2005-09-01,0.0318181818181818,852000,-0.0561330561330559,1135,0.0308370044052864,1100,1135,1215,6.78414096916304,0.719172403175145
"2005-09-02",2005-09-02,-0.013215859030837,626000,-0.0686070686070682,1120,0.0178571428571429,1100,1135,1217,-1.22222222222222,0.589968812897826
"2005-09-05",2005-09-05,0.0178571428571429,888000,-0.0519750519750517,1140,0.0175438596491229,1120,1140,1217,-0.757575757575758,0.67280252792775
"2005-09-06",2005-09-06,-0.00219298245614035,1060000,-0.0540540540540538,1137.5,0.0153846153846153,1120,1140,1219,-1.04,0.651289235154142
"2005-09-07",2005-09-07,-0.0131868131868132,966000,-0.0665280665280662,1122.5,0.00222717149220486,1120,1140,0,-1.23076923076923,0.521184238810729
"2005-09-08",2005-09-08,-0.0111358574610245,578000,-0.0769230769230765,1110,0,1110,1137.5,1221,-1.15625,0.457114179552087
"2005-09-09",2005-09-09,-0.00675675675675676,1316000,-0.0831600831600828,1102.5,0,1102.5,1110,1222,-1.08108108108108,0.425455203095229
"2005-09-12",2005-09-12,0,726000,-0.0831600831600828,1102.5,0,1102.5,1102.5,1222,-1,0.425455203095229
"2005-09-13",2005-09-13,0.00680272108843537,568000,-0.0769230769230768,1110,0.0067567567567568,0,1110,0,-0.925000000000002,0.491411404047014
"2005-09-14",2005-09-14,0.0045045045045045,990000,-0.0727650727650725,1115,0.0112107623318386,0,1115,0,1.6591928251121,0.535125872659902
"2005-09-15",2005-09-15,0.00224215246636771,776000,-0.0706860706860706,1117.5,0.0134228187919463,0,1117.5,0,1.19731543624161,0.556907239569337
"2005-09-16",2005-09-16,-0.0201342281879195,1280000,-0.0893970893970892,1095,0,0,1117.5,1227,-1.26470588235294,0.393796226638371
"2005-09-19",2005-09-19,0,0,-0.0893970893970892,1095,0,1095,1095,1227,-1,0.393796226638371
"2005-09-20",2005-09-20,0.00228310502283105,954000,-0.0873180873180871,1097.5,0.00227790432801822,0,1097.5,0,-0.976744186046511,0.415911836615827
"2005-09-21",2005-09-21,-0.00227790432801822,1044000,-0.0893970893970892,1095,0,0,1097.5,1230,-1.02380952380952,0.393796226638371
"2005-09-22",2005-09-22,-0.0091324200913242,1516000,-0.0977130977130976,1085,0,1085,1095,1231,-1.09302325581395,0.351584258029229
"2005-09-23",2005-09-23,0,0,-0.0977130977130976,1085,0,1085,1085,1231,-1,0.351584258029229
"2005-09-26",2005-09-26,0.00691244239631336,1358000,-0.0914760914760911,1092.5,0.00686498855835238,0,1092.5,0,-0.936170212765956,0.418089842439744
"2005-09-27",2005-09-27,-0.0022883295194508,910000,-0.0935550935550933,1090,0.00458715596330272,1085,1092.5,1234,-1.02272727272727,0.395974596578064
"2005-09-28",2005-09-28,0.0802752293577982,2400000,-0.0207900207900205,1177.5,0.0743099787685775,1090,1177.5,1234,16.19957537155,1.11924161922161
"2005-09-29",2005-09-29,-0.0127388535031847,1390000,-0.033264033264033,1162.5,0.0623655913978495,1090,1177.5,1236,-1.60000000000001,0.995294084711876
"2005-09-30",2005-09-30,-0.010752688172043,1140000,-0.0436590436590434,1150,0.0521739130434783,1090,1177.5,0,-1.3125,0.890796274436452
"2005-10-03",2005-10-03,-0.0195652173913043,874200,-0.062370062370062,1127.5,0.0332594235033259,1090,1177.5,0,-1.42857142857143,0.699809599958975
"2005-10-04",2005-10-04,0.0266075388026608,726000,-0.0374220374220371,1157.5,0.0583153347732182,1090,1177.5,0,1.75334773218143,0.953629041421182
"2005-10-05",2005-10-05,0.0215982721382289,1426800,-0.0166320166320164,1182.5,0.0465116279069767,1127.5,1182.5,1236,-0.444444444444442,0.999243474072994
"2005-10-06",2005-10-06,-0.00422832980972516,2053000,-0.0207900207900207,1177.5,0.0424628450106157,1127.5,1182.5,1241,-1.25000000000001,0.95758591141112
"2005-10-07",2005-10-07,-0.00849256900212314,1319200,-0.0291060291060289,1167.5,0.0342612419700214,1127.5,1182.5,0,-1.4,0.873742694138148
"2005-10-10",2005-10-10,0,0,-0.0291060291060289,1167.5,0.0342612419700214,1127.5,1182.5,0,-1,0.873742694138148
"2005-10-11",2005-10-11,0.019271948608137,753200,-0.0103950103950102,1190,0.0189075630252101,1167.5,1190,1241,-0.357142857142854,0.890784514616918
"2005-10-12",2005-10-12,0.00420168067226891,1306800,-0.00623700623700618,1195,0.0230125523012552,0,1195,0,1.21710832171083,0.932727380256458
"2005-10-13",2005-10-13,0.00418410041841004,570800,-0.00207900207900213,1200,0.0270833333333333,0,1200,0,1.17689393939394,0.974496605218207
"2005-10-14",2005-10-14,0.00208333333333333,599800,0,1202.5,0.0291060291060291,0,1202.5,0,1.07468415160723,0.995316779318654
"2005-10-17",2005-10-17,-0.0166320166320166,524000,-0.0166320166320165,1182.5,0.0126849894291755,1167.5,1202.5,1248,0,0.827539821633268
"2005-10-18",2005-10-18,0.00845665961945032,824200,-0.00831600831600832,1192.5,0.0209643605870021,1167.5,1202.5,0,1.65269042627533,0.911777789031378
"2005-10-19",2005-10-19,-0.00628930817610063,604200,-0.0145530145530145,1185,0.0147679324894515,1167.5,1202.5,0,-1.74999999999999,0.848665810316322
"2005-10-20",2005-10-20,0.00210970464135021,321000,-0.0124740124740124,1187.5,0.0168421052631579,1167.5,1202.5,0,1.14045112781954,0.869747281119247
"2005-10-21",2005-10-21,-0.00421052631578947,509600,-0.0166320166320164,1182.5,0.0126849894291755,1167.5,1202.5,0,-1.33333333333333,0.827539821633268
"2005-10-24",2005-10-24,0,282200,-0.0166320166320164,1182.5,0.0126849894291755,1167.5,1202.5,0,-1,0.827539821633268
"2005-10-25",2005-10-25,0,420600,-0.0166320166320164,1182.5,0.0126849894291755,1167.5,1202.5,0,-1,0.827539821633268
"2005-10-26",2005-10-26,0.0147991543340381,308600,-0.00207900207900191,1200,0.0270833333333333,1167.5,1202.5,0,2.13506944444444,0.974496605218208
"2005-10-27",2005-10-27,0.0270833333333333,1176000,0,1232.5,0.0405679513184585,1182.5,1232.5,1248,1.49789358714308,1.05349737296959
"2005-10-28",2005-10-28,0.0547667342799189,2052000,0,1300,0.0903846153846154,0,1300,0,2.22798076923077,1.30636622300727
"2005-10-31",2005-10-31,0.0346153846153846,3282000,0,1345,0.120817843866171,0,1345,0,1.33670805979593,1.4608449628692
"2005-11-01",2005-11-01,0.0185873605947955,1553200,0,1370,0.136861313868613,0,1370,0,1.13279056709714,1.54228144373721
"2005-11-02",2005-11-02,0.0127737226277372,2465000,0,1387.5,0.147747747747748,0,1387.5,0,1.07954354354354,1.59754086480909
"2005-11-03",2005-11-03,0,0,0,1387.5,0.147747747747748,0,1387.5,0,0,1.59754086480909
"2005-11-04",2005-11-04,0.0486486486486487,2396200,0,1455,0.187285223367698,0,1455,0,1.2676012069399,1.79823266504952
"2005-11-07",2005-11-07,0,1963200,0,1455,0.187285223367698,0,1455,0,0,1.79823266504952
"2005-11-08",2005-11-08,-0.0189003436426117,868000,-0.0189003436426117,1427.5,0.171628721541156,1182.5,1455,1264,0,1.62282248978948
"2005-11-09",2005-11-09,-0.010507880910683,1839600,-0.0292096219931272,1412.5,0.16283185840708,1182.5,1455,0,-1.54545454545454,1.52583992147761
"2005-11-10",2005-11-10,-0.0176991150442478,968200,-0.0463917525773196,1387.5,0.147747747747748,1182.5,1455,0,-1.58823529411765,1.36205682858618
"2005-11-11",2005-11-11,0.0432432432432432,1601400,-0.00515463917525782,1447.5,0.18307426597582,1182.5,1455,0,1.23910021483634,1.75069299778671
"2005-11-14",2005-11-14,0.00345423143350604,1552600,-0.00171821305841935,1452.5,0.185886402753873,1182.5,1455,0,1.0153606339103,1.78241063571447
"2005-11-15",2005-11-15,-0.0309810671256454,1113000,-0.0326460481099657,1407.5,0.159857904085258,1182.5,1455,0,-18.9999999999989,1.49330089944122
"2005-11-16",2005-11-16,-0.00177619893428064,1038000,-0.034364261168385,1405,0.158362989323843,1182.5,1455,0,-1.05263157894737,1.47699109724839
"2005-11-17",2005-11-17,0.0391459074733096,1954600,0,1460,0.0496575342465754,1387.5,1460,1264,0,1.09963599797472
"2005-11-18",2005-11-18,0.0154109589041096,1626000,0,1482.5,0.0640809443507588,0,1482.5,0,1.29045763796011,1.17284907225491
"2005-11-21",2005-11-21,-0.00337268128161889,1288800,-0.00337268128161894,1477.5,0.0609137055837563,1387.5,1482.5,1273,0,1.13965250855412
"2005-11-22",2005-11-22,0.00676818950930626,1506800,0,1487.5,0.00672268907563023,1477.5,1487.5,1273,0,0.881699186499256
"2005-11-23",2005-11-23,0,0,0,1487.5,0.00672268907563023,0,1487.5,0,0,0.881699186499256
"2005-11-24",2005-11-24,0.0151260504201681,2019200,0,1510,0.0215231788079471,0,1510,0,3.20157284768214,0.956826312908911
"2005-11-25",2005-11-25,-0.0347682119205298,1325000,-0.0347682119205298,1457.5,0,0,1510,1277,0,0.671091820096857
"2005-11-28",2005-11-28,0.0102915951972556,1868800,-0.0248344370860928,1472.5,0.0101867572156197,1457.5,1472.5,1277,-0.714285714285716,0.773223423989231
"2005-11-29",2005-11-29,0.00169779286926995,1519600,-0.0231788079470201,1475,0.0118644067796611,0,1475,0,1.16468926553673,0.790143110770991
"2005-11-30",2005-11-30,-0.00338983050847458,669600,-0.0264900662251657,1470,0.00850340136054417,1457.5,1475,1280,-1.14285714285714,0.756274772135664
"2005-12-01",2005-12-01,0.00340136054421769,1191600,-0.0231788079470201,1475,0.00338983050847452,1470,1475,1280,-0.875000000000004,0.747126252929894
"2005-12-02",2005-12-02,0.0135593220338983,1117000,-0.00993377483443736,1495,0.0167224080267558,0,1495,0,4.93311036789305,0.882033918125034
"2005-12-05",2005-12-05,0.00167224080267559,1928400,-0.00827814569536434,1497.5,0.0183639398998331,0,1497.5,0,1.09816360601002,0.898770271896621
"2005-12-06",2005-12-06,-0.0200333889816361,1477000,-0.0281456953642386,1467.5,0,0,1497.5,1284,-3.39999999999998,0.704707642780627
"2005-12-07",2005-12-07,0.0153321976149915,872800,-0.013245033112583,1490,0.0151006711409396,1467.5,1490,1284,-0.470588235294121,0.856994087824556
"2005-12-08",2005-12-08,-0.0570469798657718,1659600,-0.0695364238410597,1405,0,0,1490,1286,-5.24999999999994,0.494608751007059
"2005-12-09",2005-12-09,0.0320284697508897,1586000,-0.0397350993377485,1450,0.0310344827586206,1405,1450,1286,-0.571428571428573,0.803410653177975
"2005-12-12",2005-12-12,-0.00862068965517241,985800,-0.0480132450331127,1437.5,0.0226086956521739,1405,1450,1288,-1.20833333333333,0.718621670256693
"2005-12-13",2005-12-13,0.0121739130434783,603000,-0.0364238410596027,1455,0.0120274914089347,1437.5,1455,1288,-0.758620689655173,0.723739281224447
"2005-12-14",2005-12-14,-0.0103092783505155,853800,-0.0463576158940396,1440,0.00173611111111116,1437.5,1455,1290,-1.27272727272727,0.621076611694095
"2005-12-15",2005-12-15,0,1483400,-0.0463576158940396,1440,0.00173611111111116,1437.5,1455,0,-1,0.621076611694095
"2005-12-16",2005-12-16,-0.0190972222222222,994000,-0.064569536423841,1412.5,0,1412.5,1440,1292,-1.39285714285714,0.519820618019888
"2005-12-19",2005-12-19,0.00530973451327434,912200,-0.0596026490066224,1420,0.00528169014084512,1412.5,1420,1292,-0.923076923076922,0.571842287278753
"2005-12-20",2005-12-20,0.028169014084507,1244200,-0.0331125827814568,1460,0.0325342465753424,0,1460,0,6.15981735159811,0.844639260835847
"2005-12-21",2005-12-21,0.00856164383561644,749600,-0.0248344370860927,1472.5,0.0407470288624788,0,1472.5,0,1.25243499240461,0.928347033589383
"2005-12-22",2005-12-22,0.0033955857385399,670000,-0.021523178807947,1477.5,0.0439932318104906,0,1477.5,0,1.07966723068246,0.96163263611835
"2005-12-23",2005-12-23,0,0,-0.021523178807947,1477.5,0.0439932318104906,0,1477.5,0,-1,0.96163263611835
"2005-12-26",2005-12-26,-0.011844331641286,532200,-0.0331125827814568,1460,0.0325342465753424,1412.5,1477.5,1298,-1.53846153846153,0.844639260835847
"2005-12-27",2005-12-27,-0.0136986301369863,669600,-0.0463576158940396,1440,0.0190972222222222,1412.5,1477.5,0,-1.4,0.709201424632452
"2005-12-28",2005-12-28,0.0104166666666667,709400,-0.0364238410596026,1455,0.0292096219931272,1412.5,1477.5,0,1.52952202436739,0.810955590936636
"2005-12-29",2005-12-29,-0.00343642611683849,366600,-0.0397350993377482,1450,0.0258620689655172,1412.5,1477.5,0,-1.09090909090909,0.777155536495652
"2005-12-30",2005-12-30,0,266600,-0.0397350993377482,1450,0.0258620689655172,1412.5,1477.5,0,-1,0.777155536495652
"2006-01-02",2006-01-02,0,0,-0.0397350993377482,1450,0.0258620689655172,1412.5,1477.5,0,-1,0.777155536495652
"2006-01-03",2006-01-03,0,0,-0.0397350993377482,1450,0.0258620689655172,1412.5,1477.5,0,-1,0.777155536495652
"2006-01-04",2006-01-04,0.00172413793103448,433000,-0.0380794701986754,1452.5,0.0275387263339071,1412.5,1477.5,0,1.06483075157774,0.794070186902977
"2006-01-05",2006-01-05,0.0327022375215146,2064400,-0.0066225165562912,1500,0.04,1440,1500,1298,1.4525,1.01699863551286
"2006-01-06",2006-01-06,0.06,4036800,0,1590,0.0943396226415094,0,1590,0,2.35849056603773,1.32644179722905
"2006-01-09",2006-01-09,0,0,0,1590,0.0943396226415094,0,1590,0,0,1.32644179722905
"2006-01-10",2006-01-10,-0.00314465408805031,2043200,-0.00314465408805031,1585,0.0914826498422713,1440,1590,1309,0,1.29597760381521
"2006-01-11",2006-01-11,0.00630914826498423,2229000,0,1595,0.00626959247648906,1585,1595,1309,0,0.879399273044018
"2006-01-12",2006-01-12,-0.00940438871473354,911800,-0.00940438871473359,1580,0,0,1595,1311,0,0.79983831340061
"2006-01-13",2006-01-13,-0.0284810126582278,1103400,-0.0376175548589343,1535,0,1535,1580,1312,-3.99999999999999,0.656628586042476
"2006-01-16",2006-01-16,-0.00977198697068404,1105000,-0.0470219435736678,1520,0,1520,1535,1313,-1.25,0.608892010256431
"2006-01-17",2006-01-17,0.00657894736842105,1395800,-0.0407523510971788,1530,0.00653594771241828,1520,1530,1313,-0.866666666666666,0.673892794278823
"2006-01-18",2006-01-18,-0.0375816993464052,1135000,-0.0768025078369907,1472.5,0,0,1530,1315,-1.88461538461538,0.457726186933956
"2006-01-19",2006-01-19,-0.0152801358234295,1675000,-0.0909090909090909,1450,0,1450,1472.5,1316,-1.18367346938775,0.38612132325489
"2006-01-20",2006-01-20,0.0224137931034483,1595800,-0.0705329153605017,1482.5,0.0219224283305227,1450,1482.5,1316,-0.775862068965518,0.600828580788355
"2006-01-23",2006-01-23,-0.00337268128161889,802600,-0.0736677115987462,1477.5,0.0186125211505922,1450,1482.5,1318,-1.04444444444444,0.568115335677771
"2006-01-24",2006-01-24,0.0219966159052453,1006600,-0.0532915360501568,1510,0.0215231788079471,1477.5,1510,1318,1.15638169777243,0.686319050121324
"2006-01-25",2006-01-25,0.00993377483443709,1317600,-0.0438871473354234,1525,0.0311475409836065,0,1525,0,1.44716267339218,0.782908784610913
"2006-01-26",2006-01-26,0.00983606557377049,1544600,-0.0344827586206897,1540,0.0405844155844156,0,1540,0,1.30297334244703,0.878546834190695
"2006-01-27",2006-01-27,0.0194805194805195,1384600,-0.0156739811912227,1570,0.0589171974522293,0,1570,0,1.45171974522293,1.06707698899266
"2006-01-30",2006-01-30,0.0700636942675159,3190800,0,1680,0.120535714285714,0,1680,0,2.04584942084942,1.45941287615868
"2006-01-31",2006-01-31,0.0148809523809524,2221400,0,1705,0.133431085043988,0,1705,0,1.10698381666124,1.52486963918328
"2006-02-01",2006-02-01,0.0146627565982405,3329400,0,1730,0.145953757225434,0,1730,0,1.09385123546973,1.58843458824762
"2006-02-02",2006-02-02,-0.0115606936416185,1718800,-0.0115606936416185,1710,0.135964912280702,1477.5,1730,1326,0,1.47904936257421
"2006-02-03",2006-02-03,0.0204678362573099,1517800,0,1745,0.0200573065902578,1710,1745,1326,0,0.949385561326328
"2006-02-06",2006-02-06,-0.00573065902578797,867000,-0.00573065902578807,1735,0.0144092219020173,1710,1745,1328,0,0.891627180837044
"2006-02-07",2006-02-07,0.0778097982708934,3574000,0,1870,0.0721925133689839,1735,1870,1328,5.01016042780747,1.21402330919129
"2006-02-08",2006-02-08,-0.0374331550802139,2551000,-0.0374331550802138,1800,0.0361111111111111,1735,1870,1330,0,0.840864208244183
"2006-02-09",2006-02-09,-0.025,1921400,-0.0614973262032085,1755,0.0113960113960114,1735,1870,0,-1.64285714285714,0.593261155054494
"2006-02-10",2006-02-10,0.0056980056980057,1523400,-0.0561497326203209,1765,0.0169971671388102,1735,1870,0,1.49150141643059,0.648836888661634
"2006-02-13",2006-02-13,-0.0311614730878187,1233800,-0.0855614973262033,1710,0,1710,1800,1333,-1.52380952380953,0.41326565066264
"2006-02-14",2006-02-14,-0.00292397660818713,1309400,-0.0882352941176472,1705,0,1705,1710,1334,-1.03125,0.399693486958765
"2006-02-15",2006-02-15,0,982000,-0.0882352941176472,1705,0,1705,1705,1334,-1,0.399693486958765
"2006-02-16",2006-02-16,-0.0146627565982405,1824200,-0.101604278074866,1680,0,0,1705,1336,-1.15151515151515,0.331832668439387
"2006-02-17",2006-02-17,0.00892857142857143,1521800,-0.0935828877005348,1695,0.00884955752212391,1680,1695,1336,-0.921052631578946,0.41746941818154
"2006-02-20",2006-02-20,-0.0648967551622419,1038600,-0.1524064171123,1585,0,0,1695,1338,-1.62857142857143,0.0739615580657544
"2006-02-21",2006-02-21,0.0441640378548896,911000,-0.114973262032086,1655,0.0422960725075529,1585,1655,1338,-0.754385964912281,0.478666258238717
"2006-02-22",2006-02-22,0.0211480362537764,1217800,-0.0962566844919789,1690,0.0621301775147929,0,1690,0,1.4689349112426,0.67434910747506
"2006-02-23",2006-02-23,0,1200800,-0.0962566844919789,1690,0.0621301775147929,0,1690,0,-1,0.67434910747506
"2006-02-24",2006-02-24,-0.0207100591715976,1198000,-0.114973262032086,1655,0.0422960725075529,1585,1690,1342,-1.19444444444444,0.478666258238717
"2006-02-27",2006-02-27,0.0574018126888218,1585000,-0.0641711229946526,1750,0.0542857142857143,1655,1750,1342,1.2834693877551,0.797396661092897
"2006-02-28",2006-02-28,-0.0285714285714286,1398400,-0.0909090909090911,1700,0.0264705882352941,1655,1750,1344,-1.41666666666667,0.520485743923256
"2006-03-01",2006-03-01,-0.0235294117647059,1367200,-0.112299465240642,1660,0.00301204819277112,1655,1750,0,-1.23529411764706,0.292833137796324
"2006-03-02",2006-03-02,0.00301204819277108,1614800,-0.109625668449198,1665,0.00600600600600598,1655,1750,0,1.99399399399396,0.321602599101031
"2006-03-03",2006-03-03,-0.00900900900900901,954600,-0.11764705882353,1650,0,1650,1700,1347,-1.07317073170732,0.250399686216135
"2006-03-06",2006-03-06,-0.00606060606060606,1235000,-0.122994652406417,1640,0,1640,1650,1348,-1.04545454545455,0.223255358808384
"2006-03-07",2006-03-07,0.0213414634146341,1199400,-0.104278074866311,1675,0.0208955223880597,1640,1675,1348,-0.847826086956523,0.42432595123326
"2006-03-08",2006-03-08,-0.0238805970149254,1755800,-0.125668449197861,1635,0,0,1675,1350,-1.2051282051282,0.209683195104508
"2006-03-09",2006-03-09,0.055045871559633,1946600,-0.0775401069518719,1725,0.0521739130434783,1635,1725,1350,-0.617021276595745,0.718816362222062
"2006-03-10",2006-03-10,0.0231884057971014,3005000,-0.0561497326203211,1765,0.0736543909348442,0,1765,0,1.41170915958451,0.936428346182847
"2006-03-13",2006-03-13,-0.0084985835694051,1421800,-0.0641711229946526,1750,0.0657142857142857,1635,1765,1353,-1.14285714285714,0.855407966524319
"2006-03-14",2006-03-14,-0.00571428571428571,681000,-0.0695187165775404,1740,0.0603448275862069,1635,1765,0,-1.08333333333334,0.801008327513012
"2006-03-15",2006-03-15,0.0373563218390805,2222600,-0.0347593582887704,1805,0.03601108033241,1740,1805,1353,-0.500000000000003,0.853928616793176
"2006-03-16",2006-03-16,-0.0277008310249307,1746400,-0.0614973262032087,1755,0.00854700854700852,1740,1805,1356,-1.76923076923075,0.578799647290249
"2006-03-17",2006-03-17,0.00854700854700855,788000,-0.0534759358288772,1770,0.0169491525423728,1740,1805,0,1.98305084745763,0.662165330791338
"2006-03-20",2006-03-20,0.0169491525423729,736800,-0.0374331550802143,1800,0.0333333333333333,1740,1805,0,1.96666666666667,0.826764238174044
"2006-03-21",2006-03-21,0,0,-0.0374331550802143,1800,0.0333333333333333,1740,1805,0,-1,0.826764238174044
"2006-03-22",2006-03-22,-0.00277777777777778,891400,-0.0401069518716579,1795,0.0306406685236769,1740,1805,0,-1.07142857142857,0.799524136909145
"2006-03-23",2006-03-23,0.0139275766016713,1442600,-0.0267379679144387,1820,0.0357142857142857,1755,1820,1356,1.16558441558442,0.893138581621093
"2006-03-24",2006-03-24,-0.0164835164835165,699400,-0.0427807486631019,1790,0.0195530726256983,1755,1820,1362,-1.6,0.72967145589321
"2006-03-27",2006-03-27,0.00558659217877095,931800,-0.0374331550802141,1800,0.025,1755,1820,0,1.27857142857143,0.784464327963633
"2006-03-28",2006-03-28,0,810800,-0.0374331550802141,1800,0.025,1755,1820,0,-1,0.784464327963633
"2006-03-29",2006-03-29,0.00833333333333333,654800,-0.0294117647058826,1815,0.0330578512396694,1755,1820,0,1.32231404958678,0.866082385146484
"2006-03-30",2006-03-30,-0.00826446280991736,954400,-0.0374331550802141,1800,0.025,1755,1820,0,-1.27272727272727,0.784464327963633
"2006-03-31",2006-03-31,0.00833333333333333,680200,-0.0294117647058826,1815,0.0330578512396694,1755,1820,0,1.32231404958678,0.866082385146484
"2006-04-03",2006-04-03,0.00550964187327824,927200,-0.0240641711229949,1825,0.0191780821917809,1790,1825,1362,-0.818181818181819,0.822773154418202
"2006-04-04",2006-04-04,0,615400,-0.0240641711229949,1825,0.0191780821917809,0,1825,0,-1,0.822773154418202
"2006-04-05",2006-04-05,-0.010958904109589,349600,-0.0347593582887702,1805,0.00831024930747926,1790,1825,1370,-1.44444444444444,0.713319496980175
"2006-04-06",2006-04-06,0.0138504155124654,471400,-0.0213903743315509,1830,0.0136612021857924,1805,1830,1370,1.64389799635701,0.808341694654687
"2006-04-07",2006-04-07,0.00819672131147541,454000,-0.0133689839572194,1845,0.021680216802168,0,1845,0,1.5869918699187,0.889762617556153
"2006-04-10",2006-04-10,-0.002710027100271,665800,-0.0160427807486634,1840,0.0190217391304348,1805,1845,1373,-1.20000000000001,0.862696049834993
"2006-04-11",2006-04-11,-0.00271739130434783,430200,-0.018716577540107,1835,0.0163487738419619,1805,1845,0,-1.16666666666665,0.835555943127364
"2006-04-12",2006-04-12,-0.0408719346049046,952000,-0.0588235294117649,1760,0,1760,1840,1375,-3.14285714285714,0.548987287701394
"2006-04-13",2006-04-13,0.0113636363636364,825200,-0.0481283422459894,1780,0.0112359550561798,1760,1780,1375,-0.818181818181816,0.660309529317452
"2006-04-14",2006-04-14,0.00280898876404494,416600,-0.0454545454545455,1785,0.0140056022408963,0,1785,0,1.24649859943977,0.687940392288691
"2006-04-17",2006-04-17,-0.0168067226890756,419200,-0.0614973262032087,1755,0,0,1785,1378,-1.35294117647059,0.535415123997519
"2006-04-18",2006-04-18,0.0113960113960114,682600,-0.0508021390374334,1775,0.0112676056338028,1755,1775,1378,-0.826086956521741,0.646898023604563
"2006-04-19",2006-04-19,-0.00845070422535211,506600,-0.0588235294117648,1760,0.00284090909090906,1755,1775,1380,-1.1578947368421,0.563407711636762
"2006-04-20",2006-04-20,0.00284090909090909,529600,-0.0561497326203209,1765,0.00566572237960339,1755,1775,0,1.99433427762041,0.591318597157392
"2006-04-21",2006-04-21,0.0113314447592068,639600,-0.0454545454545455,1785,0.0140056022408963,1760,1785,1380,2.4719887955182,0.687940392288691
"2006-04-24",2006-04-24,-0.0196078431372549,732800,-0.0641711229946523,1750,0,0,1785,1383,-1.41176470588235,0.521842960293645
"2006-04-25",2006-04-25,-0.0285714285714286,1156000,-0.0909090909090909,1700,0,1700,1750,1384,-1.41666666666667,0.38612132325489
"2006-04-26",2006-04-26,-0.00588235294117647,790000,-0.0962566844919787,1690,0,1690,1700,1385,-1.05882352941176,0.358976995847139
"2006-04-27",2006-04-27,-0.0029585798816568,1108200,-0.0989304812834225,1685,0,1685,1690,1386,-1.02777777777778,0.345404832143264
"2006-04-28",2006-04-28,0.0029673590504451,1246200,-0.0962566844919787,1690,0.00295857988165682,1685,1690,1386,-0.972972972972973,0.373994715448469
"2006-05-01",2006-05-01,0.014792899408284,1392200,-0.0828877005347595,1715,0.0174927113702624,0,1715,0,5.91253644314867,0.515630628802366
"2006-05-02",2006-05-02,0.0612244897959184,2626000,-0.0267379679144385,1820,0.0741758241758241,0,1820,0,4.2403846153846,1.08836893643838
"2006-05-03",2006-05-03,0,0,-0.0267379679144385,1820,0.0741758241758241,0,1820,0,-1,1.08836893643838
"2006-05-04",2006-05-04,0,0,-0.0267379679144385,1820,0.0741758241758241,0,1820,0,-1,1.08836893643838
"2006-05-05",2006-05-05,0,0,-0.0267379679144385,1820,0.0741758241758241,0,1820,0,-1,1.08836893643838
"2006-05-08",2006-05-08,-0.00549450549450549,2352400,-0.0320855614973263,1810,0.069060773480663,1685,1820,1393,-1.20000000000001,1.03526066681538
"2006-05-09",2006-05-09,0.00552486187845304,1326200,-0.0267379679144385,1820,0.00549450549450547,1810,1820,1393,-0.83333333333333,0.739743302836084
"2006-05-10",2006-05-10,0.0357142857142857,2852200,0,1885,0.0397877984084881,0,1885,0,7.24137931034486,1.04953732520454
"2006-05-11",2006-05-11,0.00530503978779841,1938000,0,1895,0.0448548812664907,0,1895,0,1.1273526824978,1.0752577831952
"2006-05-12",2006-05-12,-0.0158311345646438,1190000,-0.0158311345646437,1865,0.0294906166219839,1810,1895,1397,0,0.916910272932202
"2006-05-15",2006-05-15,-0.0214477211796247,1303800,-0.0369393139841688,1825,0.00821917808219175,1810,1895,0,-2.33333333333335,0.70179178880052
"2006-05-16",2006-05-16,-0.0246575342465753,915000,-0.0606860158311345,1780,0,1780,1865,1399,-1.64285714285714,0.539533326704501
"2006-05-17",2006-05-17,-0.00561797752808989,1693800,-0.0659630606860159,1770,0,1770,1780,1400,-1.08695652173913,0.512747103879965
"2006-05-18",2006-05-18,-0.0225988700564972,1894600,-0.0870712401055408,1730,0,1730,1770,1401,-1.32,0.405602212581825
"2006-05-19",2006-05-19,0.0115606936416185,1937600,-0.0765171503957783,1750,0.0114285714285715,1730,1750,1401,-0.878787878787879,0.517185963662317
"2006-05-22",2006-05-22,-0.0142857142857143,1237200,-0.0897097625329814,1725,0,0,1750,1403,-1.17241379310345,0.392209101169558
"2006-05-23",2006-05-23,-0.0376811594202899,1264200,-0.12401055408971,1660,0,1660,1725,1404,-1.38235294117647,0.218098652810079
"2006-05-24",2006-05-24,0.0301204819277108,1623400,-0.0976253298153034,1710,0.0292397660818714,1660,1710,1404,-0.787234042553192,0.500450504513147
"2006-05-25",2006-05-25,-0.00292397660818713,995800,-0.100263852242744,1705,0.0263929618768328,1660,1710,1406,-1.02702702702703,0.472607045629709
"2006-05-26",2006-05-26,0.0175953079178886,757800,-0.0844327176781001,1735,0.0172910662824207,1705,1735,1406,-0.842105263157894,0.506764590136734
"2006-05-29",2006-05-29,0.00288184438040346,503400,-0.0817941952506595,1740,0.0201149425287356,0,1740,0,1.16331417624521,0.534491666948734
"2006-05-30",2006-05-30,-0.0028735632183908,700200,-0.0844327176781001,1735,0.0172910662824207,1705,1740,1409,-1.03225806451613,0.506764590136734
"2006-05-31",2006-05-31,0,2632200,-0.0844327176781001,1735,0.0172910662824207,1705,1740,0,-1,0.506764590136734
"2006-06-01",2006-06-01,0.0288184438040346,2334600,-0.0580474934036936,1785,0.0280112044817927,1735,1785,1409,1.61998132586368,0.695111010252608
"2006-06-02",2006-06-02,-0.00840336134453781,1588200,-0.0659630606860157,1770,0.019774011299435,1735,1785,1412,-1.13636363636364,0.613119772175859
"2006-06-05",2006-06-05,-0.0112994350282486,879800,-0.0765171503957781,1750,0.00857142857142856,1735,1785,0,-1.16,0.502683137304463
"2006-06-06",2006-06-06,-0.0142857142857143,1376800,-0.0897097625329814,1725,0,1725,1770,1414,-1.17241379310345,0.392209101169558
"2006-06-07",2006-06-07,-0.063768115942029,2745800,-0.147757255936675,1615,0,1615,1725,1415,-1.64705882352941,0.0975606500996724
"2006-06-08",2006-06-08,-0.0154798761609907,2022800,-0.160949868073878,1590,0,1590,1615,1416,-1.08928571428572,0.0305950930383341
"2006-06-09",2006-06-09,0.0157232704402516,2656800,-0.147757255936675,1615,0.0154798761609907,1590,1615,1416,-0.918032786885245,0.176136334701056
"2006-06-12",2006-06-12,-0.0340557275541796,1813400,-0.176781002638522,1560,0,0,1615,1418,-1.19642857142857,-0.0497635754352708
"2006-06-13",2006-06-13,-0.0224358974358974,1387200,-0.195250659630607,1525,0,1525,1560,1419,-1.1044776119403,-0.143515355321144
"2006-06-14",2006-06-14,0.0360655737704918,1447600,-0.16622691292876,1580,0.0348101265822784,1525,1580,1419,-0.851351351351351,0.180504697675013
"2006-06-15",2006-06-15,0.0316455696202532,2449200,-0.139841688654353,1630,0.0644171779141104,0,1630,0,1.8505298382599,0.464720885349473
"2006-06-16",2006-06-16,0.0429447852760736,1532600,-0.102902374670184,1700,0.102941176470588,0,1700,0,1.59803921568628,0.847771846707426
"2006-06-19",2006-06-19,-0.0411764705882353,1324000,-0.139841688654353,1630,0.0644171779141104,1525,1700,1423,-1.35897435897436,0.464720885349473
"2006-06-20",2006-06-20,-0.00613496932515337,2273400,-0.145118733509234,1620,0.058641975308642,1525,1700,0,-1.0377358490566,0.408619796325949
"2006-06-21",2006-06-21,-0.0123456790123457,2069600,-0.155672823218997,1600,0.046875,1525,1700,0,-1.07272727272727,0.295318310796436
"2006-06-22",2006-06-22,0.05,1838200,-0.113456464379947,1680,0.0922619047619048,1525,1700,0,1.96825396825397,0.739991532931567
"2006-06-23",2006-06-23,0,563800,-0.113456464379947,1680,0.0922619047619048,1525,1700,0,-1,0.739991532931567
"2006-06-26",2006-06-26,0.0267857142857143,1337000,-0.0897097625329814,1725,0.072463768115942,1600,1725,1423,-0.790697674418606,0.760034407347052
"2006-06-27",2006-06-27,0.0260869565217391,3728800,-0.0659630606860154,1770,0.096045197740113,0,1770,0,1.32542372881356,1.00027149274573
"2006-06-28",2006-06-28,-0.0169491525423729,2976000,-0.0817941952506593,1740,0.0804597701149425,1600,1770,1430,-1.24,0.840801361575854
"2006-06-29",2006-06-29,0.028735632183908,1768200,-0.0554089709762527,1790,0.0279329608938548,1740,1790,1430,-0.677419354838705,0.708106958055559
"2006-06-30",2006-06-30,0.0111731843575419,1114600,-0.0448548812664903,1810,0.0386740331491713,0,1810,0,1.38453038674033,0.81620097074024
"2006-07-03",2006-07-03,0.00552486187845304,883400,-0.0395778364116089,1820,0.0439560439560439,0,1820,0,1.13657770800628,0.869798623508112
"2006-07-04",2006-07-04,0.0137362637362637,894400,-0.0263852242744058,1845,0.056910569105691,0,1845,0,1.29471544715447,1.00252121064728
"2006-07-05",2006-07-05,-0.021680216802168,495000,-0.0474934036939307,1805,0.03601108033241,1740,1845,1435,-1.80000000000001,0.789290739522746
"2006-07-06",2006-07-06,0.00554016620498615,1168600,-0.0422163588390496,1815,0.0413223140495868,1740,1845,0,1.1474888747616,0.843036727468451
"2006-07-07",2006-07-07,0.0247933884297521,2043600,-0.0184696569920839,1860,0.0295698924731183,1805,1860,1435,-0.437499999999993,0.903919564886116
"2006-07-10",2006-07-10,0.0188172043010753,1850000,0,1895,0.0474934036939314,0,1895,0,1.60614056128568,1.08865089460747
"2006-07-11",2006-07-11,-0.0211081794195251,1132200,-0.021108179419525,1855,0.0269541778975741,1805,1895,1439,0,0.877249114472057
"2006-07-12",2006-07-12,-0.0242587601078167,2003000,-0.0448548812664906,1810,0.00276243093922657,1805,1895,0,-2.125,0.633914064861116
"2006-07-13",2006-07-13,-0.0110497237569061,1121200,-0.0554089709762531,1790,0,1790,1855,1441,-1.23529411764706,0.566319549529037
"2006-07-14",2006-07-14,0.00279329608938547,1115400,-0.0527704485488124,1795,0.00278551532033422,1790,1795,1441,-0.952380952380952,0.593851906694088
"2006-07-17",2006-07-17,0,0,-0.0527704485488124,1795,0.00278551532033422,0,1795,0,-1,0.593851906694088
"2006-07-18",2006-07-18,-0.0334261838440111,1135400,-0.0844327176781001,1735,0,0,1795,1444,-1.6,0.418995323994093
"2006-07-19",2006-07-19,0.0201729106628242,1646800,-0.0659630606860158,1770,0.019774011299435,1735,1770,1444,-0.78125,0.613119772175858
"2006-07-20",2006-07-20,0.0310734463276836,1291600,-0.0369393139841688,1825,0.0493150684931507,0,1825,0,2.49393346379648,0.910394085728579
"2006-07-21",2006-07-21,-0.010958904109589,891200,-0.0474934036939313,1805,0.038781163434903,1735,1825,1447,-1.28571428571428,0.803351651504043
"2006-07-24",2006-07-24,-0.0138504155124654,1061600,-0.0606860158311344,1780,0.0252808988764045,1735,1825,0,-1.27777777777778,0.667858897005751
"2006-07-25",2006-07-25,0.0168539325842697,753600,-0.0448548812664906,1810,0.0414364640883977,1735,1825,0,1.6390423572744,0.830223040423248
"2006-07-26",2006-07-26,-0.00276243093922652,836400,-0.0474934036939313,1805,0.038781163434903,1735,1825,0,-1.05882352941177,0.803351651504043
"2006-07-27",2006-07-27,0,1311600,-0.0474934036939313,1805,0.038781163434903,1735,1825,0,-1,0.803351651504043
"2006-07-28",2006-07-28,0.0304709141274238,1303000,-0.0184696569920845,1860,0.043010752688172,1780,1860,1447,1.10906298003072,0.97214522651581
"2006-07-31",2006-07-31,0.010752688172043,1337000,-0.00791556728232201,1880,0.0531914893617021,0,1880,0,1.23670212765958,1.07739498182482
"2006-08-01",2006-08-01,-0.023936170212766,1536200,-0.0316622691292877,1835,0.0299727520435967,1780,1880,1454,-3.99999999999996,0.838998918663813
"2006-08-02",2006-08-02,-0.00817438692098093,989600,-0.0395778364116095,1820,0.021978021978022,1780,1880,0,-1.25,0.758238420755376
"2006-08-03",2006-08-03,-0.00274725274725275,751600,-0.0422163588390502,1815,0.0192837465564738,1780,1880,0,-1.06666666666667,0.731169196333475
"2006-08-04",2006-08-04,-0.00550964187327824,571000,-0.0474934036939315,1805,0.0138504155124654,1780,1880,0,-1.125,0.676803443672339
"2006-08-07",2006-08-07,-0.0277008310249307,649800,-0.0738786279683378,1755,0,1755,1835,1458,-1.55555555555555,0.472567769643162
"2006-08-08",2006-08-08,0.0199430199430199,521800,-0.0554089709762533,1790,0.0195530726256983,1755,1790,1458,-0.75,0.665570735497599
"2006-08-09",2006-08-09,0.0139664804469274,992800,-0.0422163588390504,1815,0.0330578512396694,0,1815,0,1.69067296340024,0.801086403292832
"2006-08-10",2006-08-10,-0.00826446280991736,1207000,-0.0501319261213722,1800,0.025,1755,1815,1461,-1.1875,0.720005502984805
"2006-08-11",2006-08-11,-0.00277777777777778,742600,-0.0527704485488129,1795,0.0222841225626741,1755,1815,0,-1.05263157894737,0.692826626963573
"2006-08-14",2006-08-14,0.00835654596100279,947400,-0.0448548812664908,1810,0.0303867403314917,1755,1815,0,1.36360497237569,0.774134761691209
"2006-08-15",2006-08-15,0,1074000,-0.0448548812664908,1810,0.0303867403314917,1755,1815,0,-1,0.774134761691209
"2006-08-16",2006-08-16,0.0220994475138122,820400,-0.0237467018469658,1850,0.0297297297297298,1795,1850,1461,-0.529411764705884,0.877944674253931
"2006-08-17",2006-08-17,-0.0189189189189189,1171000,-0.0422163588390504,1815,0.0110192837465565,1795,1850,1466,-1.77777777777778,0.689218872157859
"2006-08-18",2006-08-18,-0.0192837465564738,2266600,-0.0606860158311346,1780,0,1780,1815,1467,-1.43749999999999,0.5395333267045
"2006-08-21",2006-08-21,-0.0308988764044944,1868200,-0.0897097625329817,1725,0,1725,1780,1468,-1.47826086956522,0.392209101169556
"2006-08-22",2006-08-22,0.00289855072463768,2995200,-0.087071240105541,1730,0.00289017341040465,1725,1730,1468,-0.970588235294117,0.420272701672141
"2006-08-23",2006-08-23,0.00867052023121387,1456000,-0.0791556728232191,1745,0.0114613180515759,0,1745,0,3.96561604584523,0.503959073755583
"2006-08-24",2006-08-24,-0.0143266475644699,1931800,-0.0923482849604221,1720,0,0,1745,1471,-1.16666666666666,0.37881598975729
"2006-08-25",2006-08-25,0.00581395348837209,1945600,-0.087071240105541,1730,0.0057803468208093,1720,1730,1471,-0.942857142857144,0.434943190762457
"2006-08-28",2006-08-28,-0.0144508670520231,1139400,-0.100263852242744,1705,0,0,1730,1473,-1.15151515151515,0.338636655520486
"2006-08-29",2006-08-29,0.0175953079178886,1249200,-0.0844327176781003,1735,0.0172910662824207,1705,1735,1473,-0.842105263157895,0.506764590136733
"2006-08-30",2006-08-30,-0.0172910662824208,753200,-0.100263852242744,1705,0,0,1735,1475,-1.1875,0.338636655520486
"2006-08-31",2006-08-31,0.0117302052785924,1293200,-0.0897097625329817,1725,0.0115942028985507,1705,1725,1475,-0.894736842105264,0.451061150157955
"2006-09-01",2006-09-01,0.0202898550724638,1446400,-0.0712401055408971,1760,0.03125,0,1760,0,2.6953125,0.644585544344474
"2006-09-04",2006-09-04,0.00852272727272727,913800,-0.0633245382585753,1775,0.0394366197183098,0,1775,0,1.26197183098591,0.726320072062631
"2006-09-05",2006-09-05,0.0028169014084507,851200,-0.0606860158311346,1780,0.0421348314606742,0,1780,0,1.06841894060995,0.753409277206582
"2006-09-06",2006-09-06,-0.0112359550561798,561200,-0.0712401055408971,1760,0.03125,1705,1780,1480,-1.17391304347826,0.644585544344474
"2006-09-07",2006-09-07,-0.03125,1034000,-0.100263852242744,1705,0,1705,1760,1481,-1.40740740740741,0.338636655520486
"2006-09-08",2006-09-08,0.00879765395894428,1047400,-0.0923482849604224,1720,0.00872093023255816,1705,1720,1481,-0.921052631578949,0.423083337651906
"2006-09-11",2006-09-11,-0.0174418604651163,754200,-0.108179419525066,1690,0,0,1720,1483,-1.17142857142857,0.298457321283683
"2006-09-12",2006-09-12,-0.029585798816568,1609800,-0.134564643799473,1640,0,1640,1690,1484,-1.24390243902439,0.164526207161007
"2006-09-13",2006-09-13,0.0121951219512195,1622400,-0.12401055408971,1660,0.0120481927710844,1640,1660,1484,-0.92156862745098,0.27925514949983
"2006-09-14",2006-09-14,0.0150602409638554,969800,-0.110817941952507,1685,0.026706231454006,0,1685,0,2.21661721068249,0.420624752978967
"2006-09-15",2006-09-15,-0.00890207715133531,1063000,-0.118733509234829,1670,0.0179640718562875,1640,1685,1487,-1.07142857142857,0.336070310818735
"2006-09-18",2006-09-18,0,0,-0.118733509234829,1670,0.0179640718562875,1640,1685,0,-1,0.336070310818735
"2006-09-19",2006-09-19,0.0119760479041916,748400,-0.108179419525066,1690,0.0118343195266272,1670,1690,1487,-0.911111111111112,0.358528199689001
"2006-09-20",2006-09-20,-0.0236686390532544,1208000,-0.129287598944591,1650,0,0,1690,1490,-1.19512195121951,0.191312429985543
"2006-09-21",2006-09-21,0.00303030303030303,703800,-0.126649076517151,1655,0.00302114803625375,1650,1655,1490,-0.979591836734695,0.220040856277717
"2006-09-22",2006-09-22,-0.00302114803625378,957600,-0.129287598944591,1650,0,0,1655,1492,-1.02083333333333,0.191312429985543
"2006-09-25",2006-09-25,-0.00606060606060606,1150000,-0.134564643799473,1640,0,1640,1650,1493,-1.04081632653061,0.164526207161007
"2006-09-26",2006-09-26,-0.00609756097560976,801400,-0.139841688654354,1630,0,1630,1640,1494,-1.03921568627451,0.137739984336472
"2006-09-27",2006-09-27,0.0521472392638037,1740000,-0.094986807387863,1715,0.0495626822157434,1630,1715,1494,-0.679245283018868,0.617002519246595
"2006-09-28",2006-09-28,0.0262390670553936,1726600,-0.0712401055408973,1760,0.0738636363636364,0,1760,0,1.49030748663102,0.860891903374988
"2006-09-29",2006-09-29,-0.0142045454545455,1256200,-0.0844327176781005,1735,0.0605187319884726,1630,1760,1497,-1.18518518518518,0.726187755493335
"2006-10-02",2006-10-02,0.0489913544668588,2380200,-0.0395778364116098,1820,0.0467032967032966,1735,1820,1497,-0.468750000000003,0.8837436488522
"2006-10-03",2006-10-03,-0.00824175824175824,1765600,-0.0474934036939317,1805,0.038781163434903,1735,1820,1499,-1.2,0.803351651504041
"2006-10-04",2006-10-04,-0.0193905817174515,2183600,-0.0659630606860162,1770,0.019774011299435,1735,1820,0,-1.38888888888889,0.613119772175856
"2006-10-05",2006-10-05,0.0423728813559322,1817000,-0.0263852242744067,1845,0.040650406504065,1770,1845,1499,2.05574912891986,0.91998480048062
"2006-10-06",2006-10-06,0.002710027100271,1936600,-0.0237467018469663,1850,0.0432432432432432,0,1850,0,1.06378378378378,0.946539123243786
"2006-10-09",2006-10-09,0,0,-0.0237467018469663,1850,0.0432432432432432,0,1850,0,-1,0.946539123243786
"2006-10-10",2006-10-10,-0.0135135135135135,1241600,-0.0369393139841694,1825,0.0301369863013699,1770,1850,1504,-1.55555555555554,0.813046347162149
"2006-10-11",2006-10-11,-0.0164383561643836,819600,-0.0527704485488132,1795,0.0139275766016713,1770,1850,0,-1.42857142857142,0.65040888970522
"2006-10-12",2006-10-12,0.00557103064066852,971600,-0.0474934036939321,1805,0.0193905817174516,1770,1850,0,1.39224376731302,0.704925267634937
"2006-10-13",2006-10-13,0.0166204986149584,1363200,-0.031662269129288,1835,0.0354223433242506,1770,1850,0,1.82678084857921,0.866660985286423
"2006-10-16",2006-10-16,0,1106800,-0.031662269129288,1835,0.0354223433242506,1770,1850,0,-1,0.866660985286423
"2006-10-17",2006-10-17,-0.00272479564032698,545000,-0.0343007915567287,1830,0.0327868852459017,1770,1850,0,-1.08333333333333,0.83989031706486
"2006-10-18",2006-10-18,0.0136612021857923,1068200,-0.0211081794195257,1855,0.032345013477089,1795,1855,1504,-0.615384615384625,0.904612937788762
"2006-10-19",2006-10-19,-0.0134770889487871,1138600,-0.0343007915567289,1830,0.0191256830601093,1795,1855,1511,-1.62499999999998,0.770546201965823
"2006-10-20",2006-10-20,0.00819672131147541,690200,-0.026385224274407,1845,0.0271002710027101,1795,1855,0,1.41695702671312,0.851204458675071
"2006-10-23",2006-10-23,-0.010840108401084,1075000,-0.0369393139841696,1825,0.0164383561643836,1795,1855,0,-1.39999999999999,0.743512248186128
"2006-10-24",2006-10-24,-0.0164383561643836,1755400,-0.0527704485488134,1795,0,1795,1845,1514,-1.42857142857142,0.579712660941299
"2006-10-25",2006-10-25,-0.00835654596100279,1336400,-0.0606860158311352,1780,0,1780,1795,1515,-1.15,0.539533326704497
"2006-10-26",2006-10-26,0.0140449438202247,1442600,-0.0474934036939321,1805,0.0138504155124654,1780,1805,1515,-0.782608695652177,0.676803443672336
"2006-10-27",2006-10-27,-0.0221606648199446,1138600,-0.068601583113457,1765,0,0,1805,1517,-1.44444444444444,0.499353992467695
"2006-10-30",2006-10-30,-0.0311614730878187,1313400,-0.097625329815304,1710,0,1710,1765,1518,-1.42307692307692,0.352029766932751
"2006-10-31",2006-10-31,0.0175438596491228,1527000,-0.0817941952506602,1740,0.0172413793103449,1710,1740,1518,-0.837837837837839,0.519905491014106
"2006-11-01",2006-11-01,0.00862068965517241,1111200,-0.0738786279683383,1755,0.0256410256410257,0,1755,0,1.48717948717949,0.60272133952135
"2006-11-02",2006-11-02,-0.0170940170940171,1376200,-0.0897097625329822,1725,0.00869565217391299,1710,1755,1521,-1.21428571428571,0.436348137910853
"2006-11-03",2006-11-03,0,0,-0.0897097625329822,1725,0.00869565217391299,1710,1755,0,-1,0.436348137910853
"2006-11-06",2006-11-06,-0.00869565217391304,1396000,-0.097625329815304,1710,0,1710,1725,1523,-1.08823529411765,0.352029766932751
"2006-11-07",2006-11-07,-0.0087719298245614,1007600,-0.105540897097626,1695,0,1695,1710,1524,-1.08108108108108,0.311850432695948
"2006-11-08",2006-11-08,0,1780800,-0.105540897097626,1695,0,1695,1695,1524,-1,0.311850432695948
"2006-11-09",2006-11-09,-0.00884955752212389,1026000,-0.113456464379948,1680,0,0,1695,1526,-1.075,0.271671098459146
"2006-11-10",2006-11-10,-0.0267857142857143,1782000,-0.137203166226914,1635,0,1635,1680,1527,-1.20930232558139,0.151133095748738
"2006-11-13",2006-11-13,-0.00917431192660551,1233200,-0.145118733509235,1620,0,1620,1635,1528,-1.05769230769231,0.110953761511936
"2006-11-14",2006-11-14,0.00925925925925926,1474000,-0.137203166226914,1635,0.00917431192660545,1620,1635,1528,-0.945454545454546,0.197701804237264
"2006-11-15",2006-11-15,0.0122324159021407,896600,-0.126649076517151,1655,0.0211480362537765,0,1655,0,2.30513595166165,0.312052745557162
"2006-11-16",2006-11-16,-0.0120845921450151,641200,-0.137203166226913,1635,0.00917431192660545,1620,1655,1531,-1.08333333333333,0.197701804237265
"2006-11-17",2006-11-17,-0.0122324159021407,1340400,-0.147757255936676,1615,0,1615,1635,1532,-1.07692307692308,0.0975606500996684
"2006-11-20",2006-11-20,-0.0185758513931889,1489400,-0.16358839050132,1585,0,1585,1615,1533,-1.10714285714286,0.0172019816260629
"2006-11-21",2006-11-21,0.00630914826498423,1162600,-0.158311345646438,1595,0.00626959247648906,1585,1595,1533,-0.967741935483871,0.0758125883079612
"2006-11-22",2006-11-22,0.0188087774294671,851000,-0.142480211081795,1625,0.0246153846153846,0,1625,0,3.92615384615382,0.249294300007266
"2006-11-23",2006-11-23,0,0,-0.142480211081795,1625,0.0246153846153846,0,1625,0,-1,0.249294300007266
"2006-11-24",2006-11-24,-0.00307692307692308,802800,-0.145118733509235,1620,0.0216049382716049,1585,1625,1537,-1.01851851851852,0.220620195390781
"2006-11-27",2006-11-27,0,1315800,-0.145118733509235,1620,0.0216049382716049,1585,1625,0,-1,0.220620195390781
"2006-11-28",2006-11-28,0.00617283950617284,1341200,-0.139841688654354,1630,0.00613496932515334,1620,1630,1537,-0.963636363636364,0.168881022528185
"2006-11-29",2006-11-29,0.0245398773006135,1167000,-0.118733509234829,1670,0.0299401197604791,0,1670,0,4.88023952095811,0.396860600941481
"2006-11-30",2006-11-30,0,1041600,-0.118733509234829,1670,0.0299401197604791,0,1670,0,-1,0.396860600941481
"2006-12-01",2006-12-01,0.00898203592814371,1508400,-0.110817941952507,1685,0.0385756676557863,0,1685,0,1.28842729970326,0.480873883248988
"2006-12-04",2006-12-04,0.00890207715133531,1170800,-0.102902374670185,1700,0.0470588235294118,0,1700,0,1.21990950226244,0.564113625296425
"2006-12-05",2006-12-05,-0.0205882352941176,758600,-0.12137203166227,1665,0.027027027027027,1620,1700,1544,-1.17948717948718,0.368680662202057
"2006-12-06",2006-12-06,0,714600,-0.12137203166227,1665,0.027027027027027,1620,1700,0,-1,0.368680662202057
"2006-12-07",2006-12-07,-0.00600600600600601,430400,-0.126649076517151,1655,0.0211480362537765,1620,1700,0,-1.04347826086956,0.312052745557162
"2006-12-08",2006-12-08,-0.00906344410876133,1051200,-0.134564643799473,1640,0.0121951219512195,1620,1700,0,-1.0625,0.226428514785998
"2006-12-11",2006-12-11,0.00914634146341463,730000,-0.126649076517151,1655,0.0211480362537765,1620,1700,0,1.73413897280967,0.312052745557161
"2006-12-12",2006-12-12,0.0241691842900302,1797800,-0.105540897097626,1695,0.0442477876106194,1620,1700,0,2.09228824273071,0.536451725848578
"2006-12-13",2006-12-13,-0.00294985250737463,1447600,-0.108179419525066,1690,0.0414201183431953,1620,1700,0,-1.025,0.508705395702296
"2006-12-14",2006-12-14,0.0207100591715976,1218200,-0.0897097625329822,1725,0.0492753623188406,1640,1725,1544,1.18964803312629,0.642330309370249
"2006-12-15",2006-12-15,0.00869565217391304,1099600,-0.0817941952506602,1740,0.0574712643678161,0,1740,0,1.16632860040568,0.724111954098852
"2006-12-18",2006-12-18,0.0028735632183908,1357800,-0.0791556728232197,1745,0.0601719197707736,0,1745,0,1.04699140401146,0.751213563237643
"2006-12-19",2006-12-19,-0.0114613180515759,1516000,-0.0897097625329822,1725,0.0492753623188406,1640,1745,1554,-1.13333333333333,0.642330309370249
"2006-12-20",2006-12-20,0.00579710144927536,1379800,-0.084432717678101,1735,0.0547550432276657,1640,1745,0,1.11120528903204,0.696931333445785
"2006-12-21",2006-12-21,0.0115273775216138,875200,-0.0738786279683386,1755,0.0170940170940171,1725,1755,1554,-0.875000000000002,0.559336816228619
"2006-12-22",2006-12-22,-0.00284900284900285,675200,-0.0765171503957792,1750,0.0142857142857142,1725,1755,1557,-1.03571428571429,0.531688790020168
"2006-12-25",2006-12-25,0,411000,-0.0765171503957792,1750,0.0142857142857142,1725,1755,0,-1,0.531688790020168
"2006-12-26",2006-12-26,0.0142857142857143,675400,-0.0633245382585761,1775,0.0140845070422535,1750,1775,1557,-0.827586206896554,0.597633021281657
"2006-12-27",2006-12-27,0,620200,-0.0633245382585761,1775,0.0140845070422535,0,1775,0,-1,0.597633021281657
"2006-12-28",2006-12-28,0.0253521126760563,1495800,-0.0395778364116104,1820,0.0384615384615384,0,1820,0,2.73076923076923,0.841908572819922
"2006-12-29",2006-12-29,0.00274725274725275,373400,-0.0369393139841697,1825,0.041095890410959,0,1825,0,1.06849315068493,0.868673626342963
"2007-01-04",2007-01-04,0.0219178082191781,646600,-0.0158311345646448,1865,0.061662198391421,0,1865,0,1.50044682752457,1.08021287535309
"2007-01-05",2007-01-05,-0.032171581769437,1576200,-0.0474934036939324,1805,0.0304709141274239,1750,1865,1564,-2.99999999999987,0.761168915560137
"2007-01-09",2007-01-09,0.0221606648199446,1445000,-0.0263852242744075,1845,0.051490514905149,1750,1865,0,1.68982508006898,0.975009073925054
"2007-01-10",2007-01-10,-0.018970189701897,1422000,-0.0448548812664917,1810,0.0331491712707183,1750,1865,0,-1.69999999999996,0.788156831374214
"2007-01-11",2007-01-11,0.0110497237569061,1862800,-0.0343007915567293,1830,0.0437158469945356,1750,1865,0,1.31876138433516,0.895365609144085
"2007-01-12",2007-01-12,0.0136612021857923,2253000,-0.0211081794195263,1855,0.0566037735849056,1750,1865,0,1.29481132075472,1.02775014271395
"2007-01-15",2007-01-15,0.0188679245283019,821800,-0.00263852242744178,1890,0.044973544973545,1805,1890,1564,-0.125000000000047,1.06246700748137
"2007-01-16",2007-01-16,-0.00264550264550265,637800,-0.00527704485488245,1885,0.0424403183023873,1805,1890,1570,-1.99999999999958,1.03621526478119
"2007-01-17",2007-01-17,0.0026525198938992,1119800,-0.002638522427442,1890,0.00264550264550267,1885,1890,1570,-0.500000000000147,0.847610320698321
"2007-01-18",2007-01-18,0.0105820105820106,1312800,0,1910,0.0130890052356021,0,1910,0,4.94764397905753,0.914014538731804
"2007-01-19",2007-01-19,-0.00785340314136126,1022200,-0.00785340314136118,1895,0.00527704485488123,1885,1910,1573,0,0.834497322284101
"2007-01-22",2007-01-22,0.0237467018469657,1468400,0,1940,0.0231958762886598,1895,1940,1573,4.39561855670107,0.96531690729811
"2007-01-23",2007-01-23,0.0154639175257732,1541800,0,1970,0.0380710659898477,0,1970,0,1.64128595600676,1.04082320994488
"2007-01-24",2007-01-24,-0.0101522842639594,1226400,-0.0101522842639593,1950,0.0282051282051282,1895,1970,1576,0,0.939210930517137
"2007-01-25",2007-01-25,-0.00512820512820513,1901200,-0.0152284263959391,1940,0.0231958762886598,1895,1970,0,-1.50000000000002,0.88801757899482
"2007-01-26",2007-01-26,0.0128865979381443,1371600,-0.00253807106598991,1965,0.0356234096692112,1895,1970,0,1.53576477240599,1.01551571145033
"2007-01-29",2007-01-29,0.0127226463104326,1226000,0,1990,0.0251256281407035,1940,1990,1576,0,0.975112306906489
"2007-01-30",2007-01-30,-0.0226130653266332,1088000,-0.0226130653266331,1945,0.00257069408740362,1940,1990,1580,0,0.745840028727877
"2007-01-31",2007-01-31,0.0719794344473008,4933000,0,2085,0.0671462829736211,1945,2085,1580,26.1199040767384,1.1884086980763
"2007-02-01",2007-02-01,0.0383693045563549,3132800,0,2165,0.10161662817552,0,2165,0,1.51336192675685,1.36337979891177
"2007-02-02",2007-02-02,0.0207852193995381,2562400,0,2210,0.119909502262443,0,2210,0,1.18001851090086,1.45623423067584
"2007-02-05",2007-02-05,-0.0452488687782805,1972800,-0.0452488687782804,2110,0.0781990521327014,1945,2210,1584,0,1.01482966486369
"2007-02-06",2007-02-06,0.014218009478673,1165800,-0.0316742081447963,2140,0.0911214953271028,1945,2210,0,1.16525063721325,1.14932867839435
"2007-02-07",2007-02-07,0.00700934579439252,1624000,-0.0248868778280542,2155,0.0974477958236659,1945,2210,0,1.06942709262895,1.21589332710659
"2007-02-08",2007-02-08,-0.0116009280742459,817000,-0.0361990950226243,2130,0.0868544600938967,1945,2210,0,-1.45454545454545,1.10470097648951
"2007-02-09",2007-02-09,0.028169014084507,1091400,-0.00904977375565608,2190,0.111872146118721,1945,2210,0,1.28804146612366,1.36950014341616
"2007-02-13",2007-02-13,0,1290800,-0.00904977375565608,2190,0.111872146118721,1945,2210,0,-1,1.36950014341616
"2007-02-14",2007-02-14,-0.0091324200913242,900600,-0.0180995475113122,2170,0.103686635944701,1945,2210,0,-2,1.282014027895
"2007-02-15",2007-02-15,0.00691244239631336,751600,-0.0113122171945701,2185,0.109839816933638,1945,2210,0,1.05934401220442,1.34769992385185
"2007-02-16",2007-02-16,-0.0045766590389016,658600,-0.0158371040723981,2175,0.105747126436782,1945,2210,0,-1.4,1.3039571939502
"2007-02-19",2007-02-19,-0.00459770114942529,576200,-0.0203619909502263,2165,0.10161662817552,1945,2210,0,-1.28571428571429,1.26002255224379
"2007-02-20",2007-02-20,0,741400,-0.0203619909502263,2165,0.10161662817552,1945,2210,0,-1,1.26002255224379
"2007-02-21",2007-02-21,0,526200,-0.0203619909502263,2165,0.10161662817552,1945,2210,0,-1,1.26002255224379
"2007-02-22",2007-02-22,0.0161662817551963,1306000,-0.00452488687782782,2200,0.115909090909091,1945,2210,0,1.14065082644628,1.41295990871233
"2007-02-23",2007-02-23,0.0204545454545455,1215000,0,2245,0.0601336302895323,2110,2245,1584,0,1.15281254861145
"2007-02-26",2007-02-26,0.0267260579064588,1597600,0,2305,0.0845986984815619,0,2305,0,1.40684502289708,1.27699697114919
"2007-02-27",2007-02-27,-0.00650759219088937,1004600,-0.00650759219088937,2290,0.0786026200873362,2110,2305,1599,0,1.21352847398307
"2007-02-28",2007-02-28,-0.0502183406113537,2216800,-0.0563991323210411,2175,0.0298850574712644,2110,2305,0,-8.66666666666666,0.712989730931732
"2007-03-01",2007-03-01,0.0229885057471264,1850600,-0.0347071583514099,2225,0.0516853932584269,2110,2305,0,1.72947277441659,0.933756226638427
"2007-03-02",2007-03-02,-0.0224719101123595,1342000,-0.0563991323210411,2175,0.0298850574712644,2110,2305,0,-1.625,0.712989730931732
"2007-03-05",2007-03-05,-0.032183908045977,1351200,-0.086767895878525,2105,0,2105,2290,1603,-1.53846153846154,0.407141984609699
"2007-03-06",2007-03-06,0.0237529691211401,1199200,-0.0650759219088936,2155,0.0232018561484919,2105,2155,1603,-0.749999999999998,0.635022582569471
"2007-03-07",2007-03-07,0,1035000,-0.0650759219088936,2155,0.0232018561484919,0,2155,0,-1,0.635022582569471
"2007-03-08",2007-03-08,0.037122969837587,1179800,-0.0303687635574837,2235,0.058165548098434,0,2235,0,2.5069351230425,0.988671068013098
"2007-03-09",2007-03-09,-0.00223713646532438,1318000,-0.0325379609544468,2230,0.0560538116591929,2105,2235,1607,-1.07142857142857,0.96694109398652
"2007-03-12",2007-03-12,0.00896860986547085,896200,-0.0238611713665943,2250,0.00888888888888884,2230,2250,1607,-0.733333333333331,0.771575744652432
"2007-03-13",2007-03-13,-0.0222222222222222,936600,-0.0455531453362255,2200,0,0,2250,1609,-1.90909090909091,0.616347614283754
"2007-03-14",2007-03-14,-0.0613636363636364,2642200,-0.10412147505423,2065,0,2065,2200,1610,-2.28571428571429,0.319055403694308
"2007-03-15",2007-03-15,-0.00726392251815981,2108600,-0.110629067245119,2050,0,2050,2065,1611,-1.0625,0.286022935851037
"2007-03-16",2007-03-16,0,809000,-0.110629067245119,2050,0,2050,2050,1611,-1,0.286022935851037
"2007-03-19",2007-03-19,0.0170731707317073,755600,-0.0954446854663773,2085,0.0167865707434053,0,2085,0,-0.862745098039215,0.448307146374417
"2007-03-20",2007-03-20,0.00479616306954436,794600,-0.0911062906724511,2095,0.0214797136038186,0,2095,0,1.27957722468462,0.494151134195278
"2007-03-22",2007-03-22,0.0238663484486874,1298000,-0.0694143167028199,2145,0.0442890442890443,0,2145,0,2.06190106190106,0.720039277132874
"2007-03-23",2007-03-23,0.0233100233100233,1334200,-0.0477223427331885,2195,0.0660592255125285,0,2195,0,1.49154777604604,0.940652708599246
"2007-03-26",2007-03-26,0.0136674259681093,9e+05,-0.0347071583514099,2225,0.0786516853932584,0,2225,0,1.19062378922898,1.07063683495976
"2007-03-27",2007-03-27,-0.0224719101123595,803800,-0.0563991323210411,2175,0.0574712643678161,2050,2225,1618,-1.625,0.853017019904129
"2007-03-28",2007-03-28,-0.00919540229885057,1405800,-0.0650759219088936,2155,0.048723897911833,2050,2225,0,-1.15384615384615,0.764572191566555
"2007-03-29",2007-03-29,0.0162412993039443,2001000,-0.0498915401301518,2190,0.0639269406392694,2050,2225,0,1.31202435312024,0.918818430942996
"2007-03-30",2007-03-30,-0.00228310502283105,1126400,-0.0520607375271148,2185,0.0617848970251716,2050,2225,0,-1.04347826086956,0.896934618023398
"2007-04-02",2007-04-02,-0.0366132723112128,955600,-0.0867678958785248,2105,0.0261282660332541,2050,2225,0,-1.66666666666667,0.539768781468948
"2007-04-03",2007-04-03,0.0166270783847981,967400,-0.0715835140997829,2140,0.0420560747663551,2050,2225,0,1.60960067969414,0.69769392528097
"2007-04-04",2007-04-04,0.0116822429906542,723200,-0.0607375271149673,2165,0.0531177829099307,2050,2225,0,1.26302283808058,0.808897149702733
"2007-04-05",2007-04-05,0.0115473441108545,1046200,-0.0498915401301516,2190,0.0639269406392694,2050,2225,0,1.20349414333929,0.918818430942997
"2007-04-06",2007-04-06,-0.0136986301369863,357800,-0.0629067245119305,2160,0.0509259259259259,2050,2225,0,-1.26086956521739,0.786760484654212
"2007-04-09",2007-04-09,0.0347222222222222,921000,-0.0303687635574835,2235,0.058165548098434,2105,2235,1618,1.14215985356925,0.988671068013099
"2007-04-10",2007-04-10,-0.00223713646532438,675000,-0.0325379609544467,2230,0.0560538116591929,2105,2235,1628,-1.07142857142857,0.96694109398652
"2007-04-11",2007-04-11,-0.00224215246636771,670200,-0.0347071583514099,2225,0.053932584269663,2105,2235,0,-1.06666666666667,0.945162943998538
"2007-04-12",2007-04-12,-0.0179775280898876,772000,-0.0520607375271148,2185,0.0366132723112128,2105,2235,0,-1.5,0.769163722193321
"2007-04-13",2007-04-13,-0.011441647597254,684600,-0.0629067245119305,2160,0.0254629629629629,2105,2235,0,-1.20833333333333,0.657510759011287
"2007-04-16",2007-04-16,0.0115740740740741,773000,-0.0520607375271147,2185,0.0366132723112128,2105,2235,0,1.43790305804036,0.769163722193322
"2007-04-17",2007-04-17,0,1453800,-0.0520607375271147,2185,0.0366132723112128,2105,2235,0,-1,0.769163722193322
"2007-04-18",2007-04-18,0.0205949656750572,1470600,-0.0325379609544466,2230,0.0560538116591929,2105,2235,0,1.53096973094171,0.966941093986521
"2007-04-19",2007-04-19,-0.00672645739910314,2570400,-0.0390455531453359,2215,0.0496613995485328,2105,2235,0,-1.2,0.901460811146185
"2007-04-20",2007-04-20,-0.00677200902934537,1035400,-0.0455531453362253,2200,0.0431818181818182,2105,2235,0,-1.16666666666667,0.835538058101343
"2007-04-23",2007-04-23,0.00681818181818182,1201000,-0.0390455531453359,2215,0.0496613995485328,2105,2235,0,1.15005346322918,0.901460811146185
"2007-04-24",2007-04-24,-0.00451467268623025,722600,-0.0433839479392621,2205,0.0453514739229025,2105,2235,0,-1.11111111111111,0.857562029880012
"2007-04-25",2007-04-25,-0.0113378684807256,713400,-0.0542299349240778,2180,0.0344036697247706,2105,2235,0,-1.25,0.746936980658034
"2007-04-26",2007-04-26,-0.00458715596330275,997000,-0.058568329718004,2170,0.0299539170506913,2105,2235,0,-1.08,0.702328438800535
"2007-04-27",2007-04-27,0.0529953917050691,3141800,-0.00867678958785212,2285,0.0547045951859956,2160,2285,1628,1.82629187005554,1.08121153446471
"2007-05-01",2007-05-01,0.0568927789934354,3784400,0,2415,0.105590062111801,0,2415,0,1.93018633540373,1.38354890675957
"2007-05-02",2007-05-02,-0.0062111801242236,2791400,-0.0062111801242235,2400,0.1,2160,2415,1643,0,1.32364592832495
"2007-05-07",2007-05-07,-0.0208333333333333,2911200,-0.0269151138716356,2350,0.0808510638297872,2160,2415,0,-4.3333333333334,1.12135319002782
"2007-05-08",2007-05-08,-0.00212765957446809,1306600,-0.0289855072463768,2345,0.0788912579957356,2160,2415,0,-1.07692307692308,1.10089594226838
"2007-05-09",2007-05-09,0.0127931769722814,1545200,-0.0165631469979294,2375,0.0905263157894737,2160,2415,0,1.14748221906117,1.22301113703784
"2007-05-10",2007-05-10,-0.0126315789473684,1683200,-0.0289855072463766,2345,0.0788912579957356,2160,2415,0,-1.75000000000001,1.10089594226838
"2007-05-11",2007-05-11,-0.00639658848614072,1614200,-0.0351966873706003,2330,0.072961373390558,2160,2415,0,-1.21428571428572,1.03926802851889
"2007-05-14",2007-05-14,0.0257510729613734,1532000,-0.0103519668737059,2390,0.0962343096234309,2160,2415,0,1.31897612601526,1.28351273562344
"2007-05-15",2007-05-15,-0.0125523012552301,1228000,-0.0227743271221531,2360,0.0847457627118644,2160,2415,0,-2.20000000000002,1.16214122851327
"2007-05-16",2007-05-16,0.0360169491525424,2729400,0,2445,0.0470347648261759,2330,2445,1643,0,1.08632284865646
"2007-05-17",2007-05-17,-0.00204498977505112,1385200,-0.00204498977505096,2440,0.0450819672131147,2330,2445,1652,0,1.06603012294957
"2007-05-18",2007-05-18,-0.0286885245901639,968400,-0.0306748466257667,2370,0.0168776371308017,2330,2445,0,-15.0000000000011,0.777540402451704
"2007-05-21",2007-05-21,0.0316455696202532,1141000,0,2445,0.0306748466257669,2370,2445,1652,1.81748466257669,1.00328008014523
"2007-05-22",2007-05-22,0.0081799591002045,1352200,0,2465,0.0385395537525355,0,2465,0,1.25638945233265,1.04320124878045
"2007-05-23",2007-05-23,-0.0121703853955375,1316800,-0.0121703853955376,2435,0.026694045174538,2370,2465,1656,0,0.921296829736049
"2007-05-24",2007-05-24,0.0082135523613963,1633800,-0.00405679513184609,2455,0.0346232179226069,2370,2465,0,1.29703900986997,1.00272972192697
"2007-05-25",2007-05-25,-0.0142566191446029,9e+05,-0.0182555780933064,2420,0.0206611570247934,2370,2465,0,-4.49999999999974,0.85978558192337
"2007-05-28",2007-05-28,-0.00413223140495868,1027400,-0.0223123732251523,2410,0.016597510373444,2370,2465,0,-1.22222222222223,0.818566306927605
"2007-05-29",2007-05-29,0.012448132780083,760800,-0.0101419878296147,2440,0.0286885245901639,2370,2465,0,1.72848360655737,0.941716909948895
"2007-05-30",2007-05-30,0.00204918032786885,829200,-0.00811359026369196,2445,0.0306748466257669,2370,2465,0,1.0692375109553,0.962095583388637
"2007-05-31",2007-05-31,0.0347648261758691,2439800,0,2530,0.0474308300395256,2410,2530,1656,1.54624505928853,1.08833327141192
"2007-06-01",2007-06-01,-0.00197628458498024,1847200,-0.00197628458498023,2525,0.0455445544554456,2410,2530,1663,0,1.0687269576119
"2007-06-04",2007-06-04,0,1099800,-0.00197628458498023,2525,0.0455445544554456,2410,2530,0,-1,1.0687269576119
"2007-06-05",2007-06-05,0.00198019801980198,1028800,0,2530,0.00197628458498023,2525,2530,1663,0,0.857606488446041
"2007-06-06",2007-06-06,-0.00988142292490119,1252200,-0.00988142292490135,2505,0,0,2530,1666,0,0.797416892889723
"2007-06-07",2007-06-07,0,1252000,-0.00988142292490135,2505,0,2505,2505,1666,-1,0.797416892889723
"2007-06-08",2007-06-08,-0.00798403193612774,1094200,-0.0177865612648223,2485,0,0,2505,1668,-1.79999999999998,0.757290495852179
"2007-06-11",2007-06-11,0.0382293762575453,2281600,0,2580,0.0368217054263565,2485,2580,1668,0,1.03448146918615
"2007-06-12",2007-06-12,0.0310077519379845,2929000,0,2660,0.0657894736842105,0,2660,0,1.78670360110804,1.18152154874254
"2007-06-13",2007-06-13,-0.0169172932330827,1533800,-0.0169172932330827,2615,0.0497131931166348,2485,2660,1671,0,1.01404652362792
"2007-06-14",2007-06-14,0.0248565965583174,1503600,0,2680,0.0242537313432836,2615,2680,1671,0,0.970686568157256
"2007-06-15",2007-06-15,0.0111940298507463,1322600,0,2710,0.0350553505535055,0,2710,0,1.4453590689753,1.02551547088359
"2007-06-18",2007-06-18,-0.0018450184501845,1381200,-0.00184501845018448,2705,0.033271719038817,2615,2710,1674,0,1.00709648275969
"2007-06-19",2007-06-19,-0.00369685767097967,1162000,-0.00553505535055354,2695,0.0296846011131725,2615,2710,0,-3.00000000000006,0.970157723272376
"2007-06-20",2007-06-20,0.025974025974026,1660600,0,2765,0.0253164556962026,2695,2765,1674,0,0.976080945522083
"2007-06-21",2007-06-21,0.00723327305605787,1584200,0,2785,0.0323159784560144,0,2785,0,1.27648114901257,1.01161044763278
"2007-06-22",2007-06-22,-0.00359066427289048,1589800,-0.00359066427289045,2775,0.0288288288288289,2695,2785,1678,0,0.97568354053767
"2007-06-25",2007-06-25,-0.0126126126126126,677200,-0.016157989228007,2740,0.0164233576642335,2695,2785,0,-4.5,0.848921896509662
"2007-06-26",2007-06-26,-0.00547445255474453,1039200,-0.0215439856373428,2725,0.0110091743119266,2695,2785,0,-1.33333333333334,0.794100300408807
"2007-06-27",2007-06-27,-0.0201834862385321,1107000,-0.0412926391382405,2670,0,2670,2775,1681,-1.91666666666667,0.637973897838834
"2007-06-28",2007-06-28,0.00936329588014981,974600,-0.0323159784560144,2695,0.00927643784786647,2670,2695,1681,-0.782608695652176,0.730626429305
"2007-06-29",2007-06-29,0.0166975881261596,1285800,-0.0161579892280073,2740,0.0255474452554745,0,2740,0,2.75401459854013,0.895235666813032
"2007-07-02",2007-07-02,0.0164233576642336,1139200,0,2785,0.0412926391382405,0,2785,0,1.6163118748397,1.05717588053448
"2007-07-03",2007-07-03,0,1328200,0,2785,0.0412926391382405,0,2785,0,0,1.05717588053448
"2007-07-04",2007-07-04,-0.00538599640933573,753200,-0.00538599640933568,2770,0.0361010830324909,2670,2785,1686,0,1.00348433793839
"2007-07-05",2007-07-05,0,766400,-0.00538599640933568,2770,0.0361010830324909,2670,2785,0,-1,1.00348433793839
"2007-07-06",2007-07-06,-0.00541516245487365,875400,-0.0107719928186714,2755,0.030852994555354,2670,2785,0,-2,0.94950583763427
"2007-07-09",2007-07-09,0.0127041742286751,862400,0,2790,0.0125448028673835,2755,2790,1686,0,0.911252173374371
"2007-07-10",2007-07-10,-0.003584229390681,1029800,-0.00358422939068104,2780,0.00899280575539574,2755,2790,1690,0,0.875028764537885
"2007-07-11",2007-07-11,-0.0197841726618705,1286800,-0.0232974910394266,2725,0,2725,2780,1691,-6.49999999999995,0.729317075695181
"2007-07-12",2007-07-12,-0.0073394495412844,958000,-0.0304659498207885,2705,0,2705,2725,1692,-1.30769230769231,0.692930056159343
"2007-07-13",2007-07-13,0.00739371534195933,1419400,-0.0232974910394265,2725,0.0073394495412844,2705,2725,1692,-0.764705882352939,0.766572042486003
"2007-07-17",2007-07-17,0.0055045871559633,790000,-0.0179211469534049,2740,0.0127737226277372,0,2740,0,1.7404197080292,0.821446618771779
"2007-07-18",2007-07-18,0,1174000,-0.0179211469534049,2740,0.0127737226277372,0,2740,0,-1,0.821446618771779
"2007-07-19",2007-07-19,0.00547445255474453,918600,-0.0125448028673835,2755,0.0181488203266787,0,2755,0,1.42079336271713,0.876020821428147
"2007-07-20",2007-07-20,0.0217785843920145,1593400,0,2815,0.0390763765541741,0,2815,0,2.15310834813499,1.04592615553743
"2007-07-23",2007-07-23,-0.0088809946714032,890800,-0.00888099467140324,2790,0.0304659498207885,2705,2815,1698,0,0.957139888952426
"2007-07-24",2007-07-24,-0.003584229390681,1001800,-0.0124333925399646,2780,0.0269784172661871,2705,2815,0,-1.4,0.921405277977947
"2007-07-25",2007-07-25,-0.0287769784172662,1432400,-0.0408525754884548,2700,0,2700,2790,1700,-3.28571428571427,0.64020765618357
"2007-07-26",2007-07-26,-0.0166666666666667,1250600,-0.0568383658969807,2655,0,2655,2700,1701,-1.39130434782609,0.559063956312797
"2007-07-27",2007-07-27,-0.0338983050847458,1586000,-0.0888099467140321,2565,0,2565,2655,1702,-1.5625,0.396776556571254
"2007-07-30",2007-07-30,0.0272904483430799,1438800,-0.0639431616341033,2635,0.0265654648956357,2565,2635,1702,-0.720000000000002,0.657846103277553
"2007-07-31",2007-07-31,0.0436432637571157,2465200,-0.0230905861456485,2750,0.0672727272727273,0,2750,0,2.53233766233766,1.07184296149616
"2007-08-01",2007-08-01,0.0145454545454545,2929000,-0.00888099467140335,2790,0.0806451612903226,0,2790,0,1.19877942458588,1.21184902570329
"2007-08-02",2007-08-02,-0.0017921146953405,2206200,-0.010657193605684,2785,0.0789946140035906,2565,2790,1706,-1.19999999999999,1.19445489880777
"2007-08-03",2007-08-03,-0.0107719928186715,1785800,-0.0213143872113679,2755,0.0689655172413793,2565,2790,0,-2,1.08945151178995
"2007-08-06",2007-08-06,-0.029038112522686,2104800,-0.0497335701598581,2675,0.0411214953271029,2565,2790,0,-2.33333333333332,0.803860090128547
"2007-08-07",2007-08-07,-0.0280373831775701,2010600,-0.0763765541740676,2600,0.0134615384615384,2565,2790,0,-1.53571428571428,0.528218947323459
"2007-08-08",2007-08-08,-0.0384615384615385,2824400,-0.11190053285968,2500,0,2500,2785,1710,-1.46511627906977,0.279568990091249
"2007-08-09",2007-08-09,-0.038,4466200,-0.145648312611013,2405,0,2405,2500,1711,-1.3015873015873,0.108265623697397
"2007-08-10",2007-08-10,-0.0644490644490645,3129200,-0.200710479573712,2250,0,2250,2405,1712,-1.37804878048781,-0.171229342524152
"2007-08-13",2007-08-13,0.04,3872000,-0.168738898756661,2340,0.0384615384615384,2250,2340,1712,-0.84070796460177,0.186288412034678
"2007-08-14",2007-08-14,0.0363247863247863,2105800,-0.13854351687389,2425,0.0721649484536082,0,2425,0,1.87628865979381,0.510637991097824
"2007-08-15",2007-08-15,-0.0350515463917526,1160600,-0.168738898756661,2340,0.0384615384615384,2250,2425,1715,-1.21794871794872,0.186288412034678
"2007-08-16",2007-08-16,-0.032051282051282,2205400,-0.19538188277087,2265,0.00662251655629142,2250,2425,0,-1.15789473684211,-0.110565619883456
"2007-08-17",2007-08-17,-0.11037527593819,3300400,-0.284191829484902,2015,0,2015,2340,1717,-1.45454545454545,-0.594979775182628
"2007-08-20",2007-08-20,0.0421836228287841,2605800,-0.253996447602131,2100,0.0404761904761904,2015,2100,1717,-0.89375,-0.236251635357106
"2007-08-21",2007-08-21,0.019047619047619,1761400,-0.239786856127886,2140,0.0584112149532711,0,2140,0,1.44310060472787,-0.0730859111383962
"2007-08-22",2007-08-22,-0.014018691588785,1565800,-0.25044404973357,2110,0.0450236966824644,2015,2140,1720,-1.04444444444444,-0.195136609547688
"2007-08-23",2007-08-23,0.0687203791469194,2154000,-0.198934280639432,2255,0.0643015521064302,2110,2255,1720,1.42817131520598,0.16418060978721
"2007-08-24",2007-08-24,0.0199556541019956,2402400,-0.182948490230906,2300,0.0826086956521739,0,2300,0,1.28470764617691,0.338251173041273
"2007-08-27",2007-08-27,-0.0152173913043478,1577000,-0.19538188277087,2265,0.0684326710816777,2110,2300,1723,-1.06796116504854,0.203182058498407
"2007-08-28",2007-08-28,-0.00441501103752759,917400,-0.198934280639432,2255,0.0643015521064302,2110,2300,0,-1.01818181818182,0.16418060978721
"2007-08-29",2007-08-29,-0.057649667405765,2767200,-0.245115452930728,2125,0.00705882352941178,2110,2300,0,-1.23214285714286,-0.360797996653619
"2007-08-30",2007-08-30,0.00705882352941176,1903400,-0.239786856127886,2140,0.014018691588785,2110,2300,0,1.9859813084112,-0.29842188141816
"2007-08-31",2007-08-31,0.0467289719626168,2635200,-0.204262877442273,2240,0.0580357142857143,2110,2300,0,4.13988095238097,0.105327384565173
"2007-09-03",2007-09-03,-0.0200892857142857,1395200,-0.220248667850799,2195,0.0387243735763098,2110,2300,0,-1.07826086956522,-0.0738404726716571
"2007-09-04",2007-09-04,0.00455580865603645,1245600,-0.216696269982238,2205,0.0430839002267573,2110,2300,0,1.11257836467921,-0.0336796290621819
"2007-09-05",2007-09-05,-0.0113378684807256,1501200,-0.225577264653641,2180,0.0321100917431193,2110,2300,0,-1.04098360655738,-0.134462395946619
"2007-09-06",2007-09-06,0,1656200,-0.225577264653641,2180,0.0321100917431193,2110,2300,0,-1,-0.134462395946619
"2007-09-07",2007-09-07,0.0206422018348624,2110600,-0.209591474245115,2225,0.0516853932584269,2110,2300,0,1.60963081861958,0.0460453234968633
"2007-09-10",2007-09-10,-0.0651685393258427,2775000,-0.261101243339254,2080,0,2080,2265,1733,-1.24576271186441,-0.477772208702623
"2007-09-11",2007-09-11,0.00961538461538462,1691600,-0.253996447602131,2100,0.00952380952380949,2080,2100,1733,-0.972789115646259,-0.393365587567206
"2007-09-12",2007-09-12,0,1429200,-0.253996447602131,2100,0.00952380952380949,0,2100,0,-1,-0.393365587567206
"2007-09-13",2007-09-13,0.0119047619047619,1866400,-0.245115452930728,2125,0.0211764705882352,0,2125,0,2.22352941176471,-0.289136972297157
"2007-09-14",2007-09-14,0.0164705882352941,1928200,-0.232682060390764,2160,0.0370370370370371,0,2160,0,1.74897119341564,-0.145517141330531
"2007-09-18",2007-09-18,0.00925925925925926,1522800,-0.225577264653641,2180,0.0458715596330275,0,2180,0,1.23853211009174,-0.0646093332138298
"2007-09-19",2007-09-19,0.055045871559633,1605000,-0.182948490230906,2300,0.0956521739130435,0,2300,0,2.08521739130435,0.404459728153222
"2007-09-20",2007-09-20,0,1194800,-0.182948490230906,2300,0.0956521739130435,0,2300,0,-1,0.404459728153222
"2007-09-21",2007-09-21,0.0217391304347826,2270400,-0.165186500888099,2350,0.114893617021277,0,2350,0,1.20116054158607,0.592288752571943
"2007-09-25",2007-09-25,0.0425531914893617,1745400,-0.129662522202486,2450,0.151020408163265,0,2450,0,1.31443688586546,0.955987288197674
"2007-09-26",2007-09-26,0.00204081632653061,1439800,-0.127886323268206,2455,0.152749490835031,0,2455,0,1.01144933120493,0.973780059861428
"2007-09-27",2007-09-27,0.0305498981670061,1896200,-0.101243339253996,2530,0.177865612648221,0,2530,0,1.16442687747036,1.23650872334986
"2007-09-28",2007-09-28,-0.00395256916996047,1726600,-0.104795737122558,2520,0.174603174603175,2080,2530,1745,-1.03508771929825,1.20191668968054
"2007-10-01",2007-10-01,0.0138888888888889,1784800,-0.0923623445825931,2555,0.0136986301369864,2520,2555,1745,-0.88135593220339,0.448278722242659
"2007-10-02",2007-10-02,0.0450097847358121,1984800,-0.0515097690941383,2670,0.0561797752808989,0,2670,0,4.1011235955056,0.8712797902725
"2007-10-03",2007-10-03,-0.00561797752808989,1117200,-0.0568383658969803,2655,0.0508474576271186,2520,2670,1748,-1.10344827586207,0.817165103359379
"2007-10-04",2007-10-04,-0.0207156308851224,1212400,-0.0763765541740673,2600,0.0307692307692308,2520,2670,0,-1.34375,0.616072606991239
"2007-10-05",2007-10-05,0,1016400,-0.0763765541740673,2600,0.0307692307692308,2520,2670,0,-1,0.616072606991239
"2007-10-09",2007-10-09,0.00384615384615385,1219400,-0.072824156305506,2610,0.0344827586206896,2520,2670,0,1.12068965517241,0.652954367657524
"2007-10-10",2007-10-10,-0.00574712643678161,1114000,-0.078152753108348,2595,0.0289017341040463,2520,2670,0,-1.07317073170732,0.597577247388265
"2007-10-11",2007-10-11,0.0211946050096339,828400,-0.0586145648312609,2650,0.0490566037735849,2520,2670,0,1.69735849056604,0.799058781842538
"2007-10-12",2007-10-12,0,828400,-0.0586145648312609,2650,0.0490566037735849,2520,2670,0,-1,0.799058781842538
"2007-10-15",2007-10-15,0,815400,-0.0586145648312609,2650,0.0490566037735849,2520,2670,0,-1,0.799058781842538
"2007-10-16",2007-10-16,-0.00566037735849057,815400,-0.063943161634103,2635,0.0436432637571158,2520,2670,0,-1.09090909090909,0.744532826289405
"2007-10-17",2007-10-17,-0.0094876660341556,815400,-0.0728241563055061,2610,0.0344827586206896,2520,2670,0,-1.13888888888889,0.652954367657524
"2007-10-18",2007-10-18,0.00574712643678161,1163000,-0.0674955595026642,2625,0.04,2520,2670,0,1.16,0.708007725408928
"2007-10-19",2007-10-19,-0.0323809523809524,1163000,-0.0976909413854351,2540,0.00787401574803148,2520,2670,0,-1.44736842105263,0.391665142406166
"2007-10-22",2007-10-22,-0.031496062992126,1855000,-0.126110124333925,2460,0,2460,2655,1760,-1.29090909090909,0.207441256872787
"2007-10-23",2007-10-23,0.024390243902439,1855000,-0.104795737122558,2520,0.0238095238095238,2460,2520,1760,-0.830985915492958,0.436489743015945
"2007-10-24",2007-10-24,0,1855000,-0.104795737122558,2520,0.0238095238095238,0,2520,0,-1,0.436489743015945
"2007-10-25",2007-10-25,-0.0198412698412698,1855000,-0.122557726465364,2470,0.00404858299595146,2460,2520,1763,-1.16949152542373,0.24602375384238
"2007-10-26",2007-10-26,0.0263157894736842,1855000,-0.0994671403197156,2535,0.0256410256410257,2470,2535,1763,6.33333333333328,0.472834326535597
"2007-10-29",2007-10-29,0.0433925049309665,1970400,-0.0603907637655415,2645,0.0661625708884688,0,2645,0,2.58034026465028,0.876872519952851
"2007-10-30",2007-10-30,-0.0113421550094518,1970400,-0.0710479573712254,2615,0.0554493307839388,2470,2645,1766,-1.17647058823529,0.768396428700899
"2007-10-31",2007-10-31,0.0535372848948375,2061200,-0.0213143872113675,2755,0.0508166969147006,2615,2755,1766,-0.299999999999998,0.997328295360745
"2007-11-01",2007-11-01,0.0635208711433757,2061200,0,2930,0.107508532423208,0,2930,0,2.11561433447099,1.39328704138924
"2007-11-02",2007-11-02,-0.0119453924914676,2061200,-0.0119453924914675,2895,0.0967184801381693,2615,2930,1769,0,1.27788216867244
"2007-11-05",2007-11-05,-0.0293609671848014,1049400,-0.0409556313993173,2810,0.0693950177935944,2615,2930,0,-3.42857142857144,0.99193290809671
"2007-11-06",2007-11-06,-0.0249110320284698,1049400,-0.0648464163822526,2740,0.0456204379562044,2615,2930,0,-1.58333333333334,0.749984029851156
"2007-11-07",2007-11-07,-0.0328467153284672,1049400,-0.0955631399317407,2650,0.0132075471698113,2615,2930,0,-1.47368421052632,0.429538787688073
"2007-11-08",2007-11-08,-0.0113207547169811,1049400,-0.10580204778157,2620,0.00190839694656486,2615,2930,0,-1.10714285714286,0.320211836976344
"2007-11-09",2007-11-09,0.0324427480916031,1049400,-0.0767918088737203,2705,0.033271719038817,2615,2930,0,17.4343807763403,0.626667382102799
"2007-11-12",2007-11-12,-0.0480591497227357,1049400,-0.121160409556314,2575,0,2575,2895,1775,-1.57777777777778,0.232565955751999
"2007-11-13",2007-11-13,-0.0252427184466019,1049400,-0.143344709897611,2510,0,2510,2575,1776,-1.1830985915493,0.119958686249878
"2007-11-14",2007-11-14,0.0378486055776892,1049400,-0.110921501706485,2605,0.036468330134357,2510,2605,1776,-0.773809523809524,0.469651392500889
"2007-11-15",2007-11-15,0.00575815738963532,1049400,-0.10580204778157,2620,0.0419847328244275,0,2620,0,1.15126556850141,0.52363888607985
"2007-11-16",2007-11-16,-0.0438931297709924,1049400,-0.145051194539249,2505,0,0,2620,1779,-1.37096774193548,0.111296588595869
"2007-11-19",2007-11-19,-0.0419161676646707,1049400,-0.180887372013652,2400,0,2400,2505,1780,-1.24705882352941,-0.0706074621383248
"2007-11-20",2007-11-20,0.00625,1049400,-0.175767918088737,2415,0.00621118012422361,2400,2415,1780,-0.971698113207547,-0.0130932857896543
"2007-11-21",2007-11-21,-0.0351966873706004,1049400,-0.204778156996587,2330,0,0,2415,1782,-1.16504854368932,-0.191876829294454
"2007-11-22",2007-11-22,0.01931330472103,1049400,-0.189419795221843,2375,0.0189473684210526,2330,2375,1782,-0.925,-0.0177413124562765
"2007-11-26",2007-11-26,-0.0168421052631579,1642200,-0.203071672354949,2335,0.00214132762312635,2330,2375,1784,-1.07207207207207,-0.172345375697726
"2007-11-27",2007-11-27,0.0107066381156317,1049400,-0.194539249146758,2360,0.0127118644067796,2330,2375,0,5.93644067796604,-0.0753789566087531
"2007-11-28",2007-11-28,-0.0275423728813559,1049400,-0.216723549488055,2295,0,2295,2360,1786,-1.1140350877193,-0.252511512872518
"2007-11-29",2007-11-29,0.0261437908496732,1049400,-0.196245733788396,2355,0.0254777070063694,2295,2355,1786,-0.905511811023622,-0.0192417747760147
"2007-11-30",2007-11-30,0.0467091295116773,1049400,-0.158703071672355,2465,0.0689655172413793,0,2465,0,2.70689655172414,0.392068029794789
"2007-12-03",2007-12-03,-0.00608519269776876,1049400,-0.16382252559727,2450,0.063265306122449,2295,2465,1789,-1.03225806451613,0.337147526611424
"2007-12-04",2007-12-04,-0.026530612244898,1049400,-0.186006825938567,2385,0.0377358490566038,2295,2465,0,-1.13541666666667,0.0949530081166072
"2007-12-05",2007-12-05,0.00628930817610063,1049400,-0.180887372013652,2400,0.04375,2295,2465,0,1.159375,0.151467066466337
"2007-12-06",2007-12-06,0.01875,1049400,-0.165529010238908,2445,0.0613496932515337,2295,2465,0,1.4022787028922,0.3187617986649
"2007-12-07",2007-12-07,0.016359918200409,1049400,-0.151877133105802,2485,0.040241448692153,2385,2485,1789,-0.917525773195876,0.280913357949628
"2007-12-10",2007-12-10,-0.0160965794768612,1049400,-0.165529010238908,2445,0.0245398773006135,2385,2485,1794,-1.08988764044944,0.131915569514616
"2007-12-11",2007-12-11,0.0184049079754601,1049400,-0.150170648464164,2490,0.0180722891566265,2445,2490,1794,-0.907216494845362,0.177045040668469
"2007-12-12",2007-12-12,0,1049400,-0.150170648464164,2490,0.0180722891566265,0,2490,0,-1,0.177045040668469
"2007-12-13",2007-12-13,-0.0140562248995984,1049400,-0.162116040955631,2455,0.00407331975560077,2445,2490,1797,-1.07954545454545,0.0453517392462022
"2007-12-14",2007-12-14,0.00203665987780041,1049400,-0.160409556313993,2460,0.00609756097560976,2445,2490,0,1.49695121951221,0.0642888635222824
"2007-12-17",2007-12-17,-0.0508130081300813,1049400,-0.203071672354949,2335,0,2335,2460,1799,-1.26595744680851,-0.183214731640444
"2007-12-18",2007-12-18,-0.0235546038543897,1908800,-0.221843003412969,2280,0,2280,2335,1800,-1.09243697478992,-0.278497805834546
"2007-12-19",2007-12-19,0,1049400,-0.221843003412969,2280,0,2280,2280,1800,-1,-0.278497805834546
"2007-12-20",2007-12-20,-0.00219298245614035,1049400,-0.223549488054608,2275,0,0,2280,1802,-1.00769230769231,-0.287159903488555
"2007-12-21",2007-12-21,0.0483516483516484,1049400,-0.186006825938567,2385,0.0461215932914046,2275,2385,1802,-0.83206106870229,0.137518955498154
"2007-12-25",2007-12-25,0.0230607966457023,1049400,-0.167235494880546,2440,0.0676229508196722,0,2440,0,1.46618852459016,0.341942688833978
"2007-12-26",2007-12-26,0.0266393442622951,1049400,-0.145051194539249,2505,0.091816367265469,0,2505,0,1.35776930986512,0.577355479536933
"2007-12-27",2007-12-27,-0.0119760479041916,1049400,-0.155290102389078,2475,0.0808080808080808,2275,2505,1806,-1.07058823529412,0.469504950166716
"2008-01-07",2008-01-07,-0.121212121212121,1049400,-0.257679180887372,2175,0,2175,2475,1807,-1.65934065934066,-0.460401856568739
"2008-01-08",2008-01-08,-0.0390804597701149,1049400,-0.286689419795222,2090,0,2090,2175,1808,-1.11258278145695,-0.607657516686897
"2008-01-09",2008-01-09,-0.00956937799043062,1049400,-0.293515358361775,2070,0,2070,2090,1809,-1.02380952380952,-0.642305907302934
"2008-01-10",2008-01-10,-0.0410628019323672,1049400,-0.322525597269625,1985,0,1985,2070,1810,-1.09883720930233,-0.789561567421091
"2008-01-11",2008-01-11,0.0151133501259446,1049400,-0.312286689419795,2015,0.0148883374689827,1985,2015,1810,-0.968253968253968,-0.662015940922602
"2008-01-15",2008-01-15,-0.0942928039702233,1049400,-0.377133105802048,1825,0,0,2015,1812,-1.20765027322404,-1.06674869234939
"2008-01-16",2008-01-16,-0.0767123287671233,5073600,-0.424914675767918,1685,0,1685,1825,1813,-1.12669683257919,-1.30928742666165
"2008-01-17",2008-01-17,0.106824925816024,5073600,-0.363481228668942,1865,0.0965147453083109,1685,1865,1813,-0.855421686746988,-0.507544103854635
"2008-01-18",2008-01-18,0.0616621983914209,5073600,-0.324232081911263,1980,0.148989898989899,0,1980,0,1.54370089786757,-0.0419525431313745
"2008-01-21",2008-01-21,-0.0782828282828283,5073600,-0.377133105802048,1825,0.0767123287671233,1685,1980,1816,-1.16315789473684,-0.677357738083677
"2008-01-22",2008-01-22,-0.0410958904109589,5073600,-0.402730375426621,1750,0.0371428571428571,1685,1980,0,-1.06787330316742,-1.0081434145074
"2008-01-23",2008-01-23,0.0371428571428571,5073600,-0.380546075085324,1815,0.071625344352617,1685,1980,0,1.92837465564738,-0.720503411468742
"2008-01-24",2008-01-24,0.0495867768595041,5073600,-0.349829351535836,1905,0.115485564304462,1685,1980,0,1.61235614778922,-0.341951649803941
"2008-01-25",2008-01-25,0.0761154855643045,5073600,-0.300341296928328,2050,0.146341463414634,1750,2050,1816,1.26718403547672,0.0658733935809439
"2008-01-28",2008-01-28,-0.0926829268292683,5073600,-0.36518771331058,1860,0.0591397849462365,1750,2050,1821,-1.21590909090909,-0.705921097600657
"2008-01-29",2008-01-29,0.0349462365591398,5073600,-0.343003412969283,1925,0.0909090909090909,1750,2050,0,1.53719008264463,-0.432053173337436
"2008-01-30",2008-01-30,-0.0103896103896104,5073600,-0.349829351535836,1905,0.0813648293963255,1750,2050,0,-1.01990049751244,-0.515148132555233
"2008-01-31",2008-01-31,0.0341207349081365,5073600,-0.327645051194539,1970,0.111675126903553,1750,2050,0,1.37252333387915,-0.248686119492321
"2008-02-01",2008-02-01,-0.0177664974619289,5073600,-0.339590443686007,1935,0.0956072351421189,1750,2050,0,-1.03645833333333,-0.3908812485239
"2008-02-04",2008-02-04,0.0775193798449612,5073600,-0.28839590443686,2085,0.107913669064748,1860,2085,1821,1.12871864670426,-0.0685509929111136
"2008-02-05",2008-02-05,-0.00239808153477218,5073600,-0.290102389078498,2080,0.105769230769231,1860,2085,1827,-1.00591715976331,-0.0880982362473813
"2008-02-06",2008-02-06,-0.0793269230769231,5073600,-0.34641638225256,1915,0.0287206266318538,1860,2085,0,-1.19411764705882,-0.765045343251519
"2008-02-07",2008-02-07,0.00522193211488251,5073600,-0.343003412969283,1925,0.0337662337662338,1860,2085,0,1.17567886658796,-0.722109700494546
"2008-02-08",2008-02-08,-0.0467532467532468,5073600,-0.373720136518771,1835,0,1835,2080,1830,-1.08955223880597,-1.04942449704137
"2008-02-12",2008-02-12,0.00272479564032698,5073600,-0.372013651877133,1840,0.00271739130434778,1835,1840,1830,-0.995433789954338,-1.0269689504057
"2008-02-13",2008-02-13,0.0271739130434783,5073600,-0.354948805460751,1890,0.0291005291005291,0,1890,0,10.7089947089949,-0.806427450683924
"2008-02-14",2008-02-14,0.0423280423280423,5073600,-0.327645051194539,1970,0.0685279187817259,0,1970,0,2.35486848177204,-0.467700883018311
"2008-02-15",2008-02-15,0.0203045685279188,2255600,-0.313993174061433,2010,0.0870646766169154,0,2010,0,1.27049935507647,-0.304311718743757
"2008-02-18",2008-02-18,-0.0223880597014925,2255600,-0.329351535836177,1965,0.0661577608142494,1835,2010,1835,-1.04891304347826,-0.48839387697737
"2008-02-19",2008-02-19,0.0356234096692112,2255600,-0.305460750853242,2035,0.0343980343980343,1965,2035,1835,-0.927461139896373,-0.528336538906817
"2008-02-20",2008-02-20,-0.0687960687960688,2255600,-0.353242320819113,1895,0,0,2035,1837,-1.15642458100559,-0.945479325193257
"2008-02-21",2008-02-21,0.0580474934036939,2255600,-0.315699658703072,2005,0.0548628428927681,1895,2005,1837,-0.893719806763285,-0.476429977414812
"2008-02-22",2008-02-22,-0.00997506234413965,2255600,-0.322525597269625,1985,0.0453400503778337,1895,2005,1839,-1.02162162162162,-0.559415960230941
"2008-02-25",2008-02-25,0.017632241813602,2255600,-0.310580204778157,2020,0.0173267326732673,1985,2020,1839,-0.962962962962963,-0.640976575484744
"2008-02-26",2008-02-26,-0.0099009900990099,2255600,-0.31740614334471,2000,0.00749999999999995,1985,2020,1841,-1.02197802197802,-0.725505355269692
"2008-02-27",2008-02-27,0.0075,2255600,-0.312286689419795,2015,0.0148883374689827,1985,2020,0,1.98511166253103,-0.662015940922602
"2008-02-28",2008-02-28,-0.0248138957816377,2255600,-0.329351535836177,1965,0,1965,2015,1843,-1.05464480874317,-0.824209958037128
"2008-02-29",2008-02-29,-0.0381679389312977,2255600,-0.354948805460751,1890,0,1890,1965,1844,-1.07772020725389,-0.954141422847266
"2008-03-03",2008-03-03,-0.0476190476190476,2255600,-0.385665529010239,1800,0,1800,1890,1845,-1.08653846153846,-1.11005918061943
"2008-03-04",2008-03-04,-0.00555555555555556,2255600,-0.389078498293515,1790,0,1790,1800,1846,-1.00884955752212,-1.12738337592745
"2008-03-05",2008-03-05,0.00837988826815642,2255600,-0.383959044368601,1805,0.00831024930747926,1790,1805,1846,-0.986842105263158,-1.05921434702152
"2008-03-06",2008-03-06,0.0415512465373961,2255600,-0.358361774744027,1880,0.0478723404255319,0,1880,0,5.76063829787232,-0.728466133967813
"2008-03-07",2008-03-07,-0.0425531914893617,2255600,-0.385665529010239,1800,0.00555555555555554,1790,1880,1849,-1.07619047619048,-1.08185924047916
"2008-03-10",2008-03-10,-0.0138888888888889,2255600,-0.39419795221843,1775,0,1775,1800,1850,-1.02212389380531,-1.15336966888948
"2008-03-11",2008-03-11,0.00563380281690141,2255600,-0.390784982935153,1785,0.00560224089635852,1775,1785,1850,-0.991341991341991,-1.10760855915429
"2008-03-12",2008-03-12,0.0168067226890756,2255600,-0.380546075085324,1815,0.0220385674931129,0,1815,0,3.93388429752068,-0.972205356522431
"2008-03-13",2008-03-13,-0.0716253443526171,2255600,-0.424914675767918,1685,0,0,1815,1853,-1.11659192825112,-1.30928742666164
"2008-03-14",2008-03-14,-0.0415430267062315,2255600,-0.448805460750853,1615,0,1615,1685,1854,-1.05622489959839,-1.43055679381777
"2008-03-17",2008-03-17,-0.0588235294117647,2255600,-0.481228668941979,1520,0,1520,1615,1855,-1.0722433460076,-1.59513664924395
"2008-03-18",2008-03-18,-0.0164473684210526,2255600,-0.489761092150171,1495,0,1495,1520,1856,-1.0177304964539,-1.638447137514
"2008-03-19",2008-03-19,0.0334448160535117,2255600,-0.472696245733788,1545,0.0323624595469255,1495,1545,1856,-0.965156794425087,-1.38755466501114
"2008-03-21",2008-03-21,-0.00970873786407767,2255600,-0.477815699658703,1530,0.0228758169934641,1495,1545,1858,-1.01083032490975,-1.46169505335833
"2008-03-24",2008-03-24,0.0196078431372549,2255600,-0.467576791808874,1560,0.0192307692307693,1530,1560,1858,-0.978571428571429,-1.42822469060323
"2008-03-25",2008-03-25,0.0384615384615385,2255600,-0.447098976109215,1620,0.0555555555555556,0,1620,0,2.88888888888888,-1.13989529476102
"2008-03-26",2008-03-26,-0.0185185185185185,2255600,-0.457337883959044,1590,0.0377358490566038,1530,1620,1861,-1.02290076335878,-1.28232051887086
"2008-03-27",2008-03-27,-0.0345911949685535,2255600,-0.476109215017065,1535,0.00325732899022801,1530,1620,0,-1.0410447761194,-1.55261618942443
"2008-03-28",2008-03-28,0.00651465798045603,2255600,-0.472696245733788,1545,0.00970873786407767,1530,1620,0,2.98058252427184,-1.50254471218507
"2008-03-31",2008-03-31,0.0129449838187702,2255600,-0.465870307167235,1565,0.0223642172523961,1530,1620,0,2.3035143769968,-1.40365724455357
"2008-04-01",2008-04-01,-0.00319488817891374,2255600,-0.467576791808874,1560,0.0192307692307693,1530,1620,0,-1.003663003663,-1.42822469060323
"2008-04-02",2008-04-02,0.0801282051282051,2255600,-0.424914675767918,1685,0.0890207715133531,1535,1685,1861,4.62908011869435,-0.857418949636475
"2008-04-03",2008-04-03,0.0326409495548961,2255600,-0.406143344709898,1740,0.117816091954023,0,1740,0,1.32346743295019,-0.615971139147929
"2008-04-04",2008-04-04,-0.0229885057471264,2255600,-0.419795221843003,1700,0.0970588235294118,1535,1740,1868,-1.03361344537815,-0.790631591248939
"2008-04-07",2008-04-07,0.0176470588235294,2255600,-0.409556313993174,1730,0.11271676300578,1535,1740,0,1.16132422490804,-0.659179473253229
"2008-04-08",2008-04-08,-0.0115606936416185,2255600,-0.416382252559727,1710,0.10233918128655,1535,1740,0,-1.01666666666667,-0.746504356860226
"2008-04-09",2008-04-09,-0.0994152046783626,2255600,-0.474402730375427,1540,0.00324675324675328,1535,1740,0,-1.13934426229508,-1.54400777413035
"2008-04-10",2008-04-10,0.0162337662337662,2255600,-0.465870307167236,1565,0.0191693290734825,1535,1740,0,5.90415335463254,-1.41987446252561
"2008-04-11",2008-04-11,0.0223642172523962,2255600,-0.453924914675768,1600,0.040625,1535,1740,0,2.11927083333333,-1.25033102450404
"2008-04-14",2008-04-14,-0.01875,2255600,-0.464163822525597,1570,0.0222929936305732,1535,1740,0,-1.02255639097744,-1.39535667723651
"2008-04-15",2008-04-15,0,2255600,-0.464163822525597,1570,0.0222929936305732,1535,1740,0,-1,-1.39535667723651
"2008-04-16",2008-04-16,0.0222929936305732,2255600,-0.45221843003413,1605,0.043613707165109,1535,1740,0,1.95638629283489,-1.22649828148252
"2008-04-17",2008-04-17,0.0404984423676012,2255600,-0.430034129692833,1670,0.0808383233532934,1535,1740,0,1.85350727117194,-0.924939261295127
"2008-04-18",2008-04-18,0.00898203592814371,2255600,-0.424914675767918,1685,0.0890207715133531,1535,1740,0,1.10121991427629,-0.857418949636475
"2008-04-21",2008-04-21,0.0504451038575668,2255600,-0.395904436860068,1770,0.129943502824859,1540,1770,1868,1.45969868173258,-0.502439946313339
"2008-04-22",2008-04-22,-0.0254237288135593,2255600,-0.411262798634812,1725,0.107246376811594,1540,1770,1880,-1.03879310344828,-0.695609192286881
"2008-04-23",2008-04-23,-0.0521739130434783,2255600,-0.4419795221843,1635,0.0581039755351682,1540,1770,0,-1.0746887966805,-1.10097324944107
"2008-04-24",2008-04-24,0.0214067278287462,2255600,-0.430034129692833,1670,0.0778443113772455,1540,1770,0,1.33974156949259,-0.940136833825815
"2008-04-25",2008-04-25,0.0718562874251497,2255600,-0.389078498293515,1790,0.0865921787709497,1635,1790,1880,1.11237645036528,-0.68784240949524
"2008-04-28",2008-04-28,0.0446927374301676,2255600,-0.361774744027304,1870,0.125668449197861,0,1870,0,1.4512678971882,-0.350898119381159
"2008-04-30",2008-04-30,-0.0427807486631016,2255600,-0.389078498293515,1790,0.0865921787709497,1635,1870,1885,-1.07547169811321,-0.68784240949524
"2008-05-01",2008-05-01,0.0810055865921788,2255600,-0.339590443686007,1935,0.0749354005167958,1790,1935,1885,-0.87280701754386,-0.495811258348179
"2008-05-02",2008-05-02,0.041343669250646,2255600,-0.312286689419796,2015,0.11166253101737,0,2015,0,1.49011722426628,-0.17079117718879
"2008-05-07",2008-05-07,0.00496277915632754,2255600,-0.308873720136519,2025,0.116049382716049,0,2025,0,1.03928669410151,-0.131199369925506
"2008-05-08",2008-05-08,-0.0271604938271605,2255600,-0.327645051194539,1970,0.0913705583756346,1790,2025,1889,-1.06077348066298,-0.351751890563375
"2008-05-09",2008-05-09,-0.0380710659898477,2255600,-0.353242320819113,1895,0.0554089709762533,1790,2025,0,-1.078125,-0.664223985535638
"2008-05-12",2008-05-12,0.0184696569920844,2255600,-0.341296928327645,1930,0.072538860103627,1790,2025,0,1.30915371329879,-0.516638169317308
"2008-05-13",2008-05-13,0.0103626943005181,2255600,-0.334470989761092,1950,0.0820512820512821,1790,2025,0,1.13113553113553,-0.433704827388948
"2008-05-14",2008-05-14,-0.0128205128205128,2255600,-0.343003412969283,1925,0.0701298701298702,1790,2025,0,-1.02551020408163,-0.537528274121841
"2008-05-15",2008-05-15,0.00779220779220779,2255600,-0.337883959044369,1940,0.0773195876288659,1790,2025,0,1.10252004581901,-0.475047052602324
"2008-05-16",2008-05-16,0.0257731958762887,2255600,-0.320819112627987,1990,0.100502512562814,1790,2025,0,1.2998324958124,-0.270749798887745
"2008-05-19",2008-05-19,0.0050251256281407,2255600,-0.31740614334471,2000,0.105,1790,2025,0,1.04475,-0.230596405807876
"2008-05-20",2008-05-20,0.0125,2255600,-0.308873720136519,2025,0.0641975308641975,1895,2025,1889,-0.973118279569893,-0.394398811234736
"2008-05-21",2008-05-21,-0.037037037037037,2255600,-0.334470989761092,1950,0.0282051282051282,1895,2025,1898,-1.08287292817679,-0.707027324133148
"2008-05-22",2008-05-22,0.0384615384615385,2255600,-0.308873720136519,2025,0.0370370370370371,1950,2025,1898,1.31313131313131,-0.532265185253855
"2008-05-23",2008-05-23,-0.00740740740740741,2255600,-0.313993174061434,2010,0.0298507462686567,1950,2025,1900,-1.01657458563536,-0.594729012725691
"2008-05-26",2008-05-26,-0.0398009950248756,2255600,-0.341296928327645,1930,0,1930,2010,1901,-1.08695652173913,-0.884844641615194
"2008-05-27",2008-05-27,0.077720207253886,2255600,-0.290102389078499,2080,0.0721153846153846,1930,2080,1901,-0.85,-0.258924796712507
"2008-05-28",2008-05-28,-0.0288461538461538,2255600,-0.310580204778157,2020,0.0445544554455446,1930,2080,1903,-1.07058823529412,-0.502768948064589
"2008-05-29",2008-05-29,0.0420792079207921,2255600,-0.281569965870307,2105,0.0403800475059383,2020,2105,1903,-0.906593406593406,-0.376702537669668
"2008-05-30",2008-05-30,0.0546318289786223,2255600,-0.242320819112628,2220,0.0900900900900901,0,2220,0,2.23105458399576,0.0748533489163875
"2008-06-02",2008-06-02,-0.0045045045045045,2255600,-0.245733788395905,2210,0.0859728506787331,2020,2220,1906,-1.01408450704225,0.0366300907185489
"2008-06-03",2008-06-03,-0.00678733031674208,2255600,-0.250853242320819,2195,0.0797266514806378,2020,2220,0,-1.02083333333333,-0.0210618420717714
"2008-06-04",2008-06-04,0.041002277904328,2255600,-0.220136518771331,2285,0.0393873085339168,2195,2285,1906,-0.877551020408164,-0.0699061544508025
"2008-06-05",2008-06-05,0.00218818380743982,2255600,-0.218430034129693,2290,0.0414847161572053,0,2290,0,1.05325084910238,-0.0505976383000249
"2008-06-06",2008-06-06,-0.0240174672489083,2255600,-0.237201365187714,2235,0.0178970917225951,2195,2290,1910,-1.0859375,-0.265611239973438
"2008-06-09",2008-06-09,-0.0357941834451902,2255600,-0.264505119453925,2155,0,2155,2235,1911,-1.11510791366906,-0.495050247184778
"2008-06-10",2008-06-10,-0.0232018561484919,2255600,-0.281569965870307,2105,0,2105,2155,1912,-1.06451612903226,-0.58167122372487
"2008-06-11",2008-06-11,-0.0213776722090261,2255600,-0.296928327645052,2060,0,2060,2105,1913,-1.05454545454545,-0.659630102610954
"2008-06-12",2008-06-12,-0.029126213592233,2255600,-0.31740614334471,2000,0,2000,2060,1914,-1.06896551724138,-0.763575274459064
"2008-06-13",2008-06-13,0.005,2255600,-0.313993174061434,2010,0.00497512437810943,2000,2010,1914,-0.989247311827958,-0.720997401413488
"2008-06-16",2008-06-16,0.0572139303482587,2255600,-0.274744027303755,2125,0.0588235294117647,0,2125,0,11.8235294117648,-0.248435231623575
"2008-06-17",2008-06-17,-0.0164705882352941,2255600,-0.286689419795222,2090,0.0430622009569378,2000,2125,1917,-1.04347826086957,-0.389074248613958
"2008-06-18",2008-06-18,0.00956937799043062,2255600,-0.279863481228669,2110,0.0521327014218009,2000,2125,0,1.21063717746182,-0.308384095370655
"2008-06-19",2008-06-19,-0.037914691943128,2255600,-0.307167235494881,2030,0.0147783251231527,2000,2125,0,-1.09756097560976,-0.636588069442653
"2008-06-20",2008-06-20,-0.0197044334975369,2255600,-0.320819112627987,1990,0,1990,2110,1920,-1.04444444444444,-0.780899469767083
"2008-06-23",2008-06-23,0.0125628140703518,2255600,-0.312286689419796,2015,0.0124069478908189,1990,2015,1920,-0.973404255319149,-0.67461144768501
"2008-06-24",2008-06-24,0.0148883374689826,2255600,-0.302047781569966,2045,0.0268948655256723,0,2045,0,2.16772616136919,-0.549098347950137
"2008-06-25",2008-06-25,0,2255600,-0.302047781569966,2045,0.0268948655256723,0,2045,0,-1,-0.549098347950137
"2008-06-26",2008-06-26,0.0268948655256724,2255600,-0.283276450511946,2100,0.0523809523809524,0,2100,0,1.94761904761905,-0.324448171484863
"2008-06-27",2008-06-27,0.00714285714285714,2255600,-0.278156996587031,2115,0.0591016548463357,0,2115,0,1.12830431979368,-0.264347665222443
"2008-06-30",2008-06-30,0.0260047281323877,2255600,-0.259385665529011,2170,0.0829493087557603,0,2170,0,1.40350230414747,-0.0480141567366248
"2008-07-01",2008-07-01,-0.0368663594470046,2255600,-0.286689419795222,2090,0.0478468899521531,1990,2170,1927,-1.10526315789474,-0.364787218828075
"2008-07-02",2008-07-02,-0.0454545454545455,2255600,-0.319112627986348,1995,0.00250626566416046,1990,2170,0,-1.11309523809524,-0.759515594606183
"2008-07-03",2008-07-03,-0.0200501253132832,2255600,-0.332764505119454,1955,0,1955,2090,1929,-1.0427807486631,-0.841534153345147
"2008-07-04",2008-07-04,-0.0179028132992327,2255600,-0.344709897610922,1920,0,1920,1955,1930,-1.03589743589744,-0.902168836923212
"2008-07-07",2008-07-07,-0.00520833333333333,2255600,-0.348122866894198,1910,0,1910,1920,1931,-1.00990099009901,-0.919493032231231
"2008-07-08",2008-07-08,-0.0523560209424084,2255600,-0.382252559726963,1810,0,1810,1910,1932,-1.09803921568627,-1.09273498531141
"2008-07-09",2008-07-09,-0.0138121546961326,2255600,-0.390784982935154,1785,0,1785,1810,1933,-1.02232142857143,-1.13604547358146
"2008-07-10",2008-07-10,0.00560224089635854,2255600,-0.387372013651877,1795,0.00557103064066855,1785,1795,1933,-0.991266375545851,-1.09044278676787
"2008-07-11",2008-07-11,0.0250696378830084,2255600,-0.372013651877133,1840,0.0298913043478261,0,1840,0,5.36548913043475,-0.889034460589144
"2008-07-14",2008-07-14,0.0244565217391304,2255600,-0.356655290102389,1885,0.053050397877984,0,1885,0,1.77477694719074,-0.693520272477436
"2008-07-15",2008-07-15,0.0026525198938992,2255600,-0.354948805460751,1890,0.0555555555555556,0,1890,0,1.04722222222222,-0.672142021444523
"2008-07-16",2008-07-16,-0.0185185185185185,2255600,-0.366894197952219,1855,0.0377358490566038,1785,1890,1938,-1.03365384615385,-0.823229343208373
"2008-07-17",2008-07-17,0.0215633423180593,2255600,-0.353242320819113,1895,0.021108179419525,1855,1895,1938,-0.962790697674419,-0.838334433895118
"2008-07-18",2008-07-18,-0.0131926121372032,2255600,-0.361774744027304,1870,0.00802139037433158,1855,1895,1940,-1.02415458937198,-0.948073322351678
"2008-07-22",2008-07-22,0.0374331550802139,1178600,-0.337883959044369,1940,0.0360824742268041,1870,1940,1940,4.49828178694156,-0.684366195911578
"2008-07-23",2008-07-23,0.0231958762886598,1178600,-0.322525597269625,1985,0.0579345088161209,0,1985,0,1.60561353004678,-0.495486624900347
"2008-07-24",2008-07-24,0.0327455919395466,1178600,-0.300341296928328,2050,0.0878048780487805,0,2050,0,1.51558854718982,-0.231257683019025
"2008-07-25",2008-07-25,-0.0195121951219512,1178600,-0.313993174061434,2010,0.0696517412935324,1870,2050,1944,-1.04545454545455,-0.392699590825217
"2008-07-28",2008-07-28,-0.0398009950248756,1178600,-0.341296928327646,1930,0.0310880829015544,1870,2050,0,-1.08695652173913,-0.727041867773244
"2008-07-29",2008-07-29,-0.00518134715025907,1178600,-0.344709897610922,1920,0.0260416666666666,1870,2050,0,-1.01,-0.769981617515677
"2008-07-30",2008-07-30,0.00520833333333333,1178600,-0.341296928327646,1930,0.0310880829015544,1870,2050,0,1.19378238341969,-0.727041867773245
"2008-07-31",2008-07-31,-0.0362694300518135,1178600,-0.365187713310581,1860,0,1860,2010,1948,-1.07,-1.00611400877132
"2008-08-01",2008-08-01,-0.0913978494623656,1178600,-0.42320819112628,1690,0,1690,1860,1949,-1.1588785046729,-1.30062532900764
"2008-08-04",2008-08-04,-0.0502958579881657,1178600,-0.45221843003413,1605,0,1605,1690,1950,-1.06854838709677,-1.4478809891258
"2008-08-05",2008-08-05,0.0280373831775701,1178600,-0.436860068259386,1650,0.0272727272727272,1605,1650,1950,-0.966037735849057,-1.23148604046018
"2008-08-06",2008-08-06,0.0818181818181818,1178600,-0.390784982935154,1785,0.100840336134454,0,1785,0,3.69747899159664,-0.624181013892447
"2008-08-07",2008-08-07,-0.00840336134453781,1178600,-0.395904436860069,1770,0.0932203389830508,1605,1785,1953,-1.01310043668122,-0.688846330291428
"2008-08-08",2008-08-08,-0.0451977401129944,1178600,-0.42320819112628,1690,0.0502958579881657,1605,1785,0,-1.06896551724138,-1.04532409578503
"2008-08-11",2008-08-11,-0.029585798816568,1178600,-0.440273037542663,1640,0.0213414634146342,1605,1785,0,-1.04032258064516,-1.27891726720399
"2008-08-12",2008-08-12,-0.0213414634146341,1178600,-0.45221843003413,1605,0,1605,1770,1956,-1.02713178294574,-1.4478809891258
"2008-08-13",2008-08-13,-0.0560747663551402,1178600,-0.482935153583618,1515,0,1515,1605,1957,-1.06792452830189,-1.60379874689796
"2008-08-14",2008-08-14,-0.0165016501650165,1178600,-0.49146757679181,1490,0,1490,1515,1958,-1.01766784452297,-1.64710923516801
"2008-08-15",2008-08-15,0.0369127516778524,1178600,-0.472696245733789,1545,0.0355987055016181,1490,1545,1958,-0.961805555555555,-1.37112751541487
"2008-08-18",2008-08-18,0.0258899676375405,1178600,-0.459044368600683,1585,0.0599369085173501,0,1585,0,1.68368224835102,-1.178290277913
"2008-08-19",2008-08-19,-0.0347003154574132,1178600,-0.477815699658704,1530,0.0261437908496732,1490,1585,1961,-1.04089219330855,-1.44510685327582
"2008-08-20",2008-08-20,0.0392156862745098,1178600,-0.457337883959045,1590,0.0377358490566038,1530,1590,1961,1.44339622641509,-1.28232051887086
"2008-08-21",2008-08-21,-0.00314465408805031,1178600,-0.459044368600683,1585,0.0347003154574133,1530,1590,1963,-1.00373134328358,-1.30639095236725
"2008-08-22",2008-08-22,0,1178600,-0.459044368600683,1585,0.0347003154574133,1530,1590,0,-1,-1.30639095236725
"2008-08-25",2008-08-25,0,1178600,-0.459044368600683,1585,0.0347003154574133,1530,1590,0,-1,-1.30639095236725
"2008-08-26",2008-08-26,-0.00630914826498423,1178600,-0.46245733788396,1575,0.0285714285714286,1530,1590,0,-1.00743494423792,-1.3548253114713
"2008-08-27",2008-08-27,-0.053968253968254,1178600,-0.491467576791809,1490,0,1490,1585,1967,-1.06273062730627,-1.64710923516801
"2008-08-28",2008-08-28,-0.0469798657718121,1178600,-0.515358361774745,1420,0,1420,1490,1968,-1.04861111111111,-1.76837860232414
"2008-08-29",2008-08-29,0.00352112676056338,1178600,-0.513651877133106,1425,0.00350877192982457,1420,1425,1968,-0.996688741721854,-1.74190601616048
"2008-09-01",2008-09-01,-0.0087719298245614,1178600,-0.517918088737202,1412.5,0,0,1425,1970,-1.00830564784053,-1.78137174880515
"2008-09-02",2008-09-02,-0.0424778761061947,1178600,-0.538395904436861,1352.5,0,1352.5,1412.5,1971,-1.03953871499176,-1.88531692065326
"2008-09-03",2008-09-03,-0.0184842883548983,1178600,-0.546928327645052,1327.5,0,1327.5,1352.5,1972,-1.01584786053883,-1.92862740892331
"2008-09-04",2008-09-04,-0.0621468926553672,1178600,-0.575085324232082,1245,0,1245,1327.5,1973,-1.05148205928237,-2.07155202021446
"2008-09-05",2008-09-05,-0.036144578313253,1178600,-0.590443686006826,1200,0,1200,1245,1974,-1.02670623145401,-2.14951089910054
"2008-09-08",2008-09-08,0.104166666666667,1178600,-0.547781569965871,1325,0.0943396226415094,1200,1325,1974,-0.927745664739885,-1.45409154970791
"2008-09-09",2008-09-09,-0.0811320754716981,1178600,-0.584470989761093,1217.5,0.0143737166324436,1200,1325,1976,-1.06697819314642,-2.04623272655844
"2008-09-10",2008-09-10,-0.0123203285420945,1178600,-0.589590443686007,1202.5,0.00207900207900202,1200,1325,0,-1.00875912408759,-2.13462685812125
"2008-09-11",2008-09-11,-0.0249480249480249,1178600,-0.599829351535837,1172.5,0,1172.5,1217.5,1978,-1.01736613603473,-2.19715243619759
"2008-09-12",2008-09-12,0.0447761194029851,1178600,-0.581911262798635,1225,0.0428571428571428,1172.5,1225,1978,-0.970128022759602,-1.88865801546266
"2008-09-16",2008-09-16,-0.0387755102040816,400,-0.598122866894198,1177.5,0.00424628450106157,1172.5,1225,1980,-1.02785923753666,-2.16693624416885
"2008-09-17",2008-09-17,-0.0360934182590234,400,-0.612627986348123,1135,0,1135,1177.5,1981,-1.02425106990014,-2.26211816860266
"2008-09-18",2008-09-18,-0.0484581497797357,400,-0.631399317406144,1080,0,1080,1135,1982,-1.03064066852368,-2.35740124279676
"2008-09-19",2008-09-19,0.0902777777777778,400,-0.598122866894198,1177.5,0.0828025477707006,1080,1177.5,1982,-0.947297297297298,-1.76818549823631
"2008-09-22",2008-09-22,0.0658174097664544,400,-0.571672354948806,1255,0.139442231075697,0,1255,0,1.68403309837573,-1.34642056242146
"2008-09-24",2008-09-24,-0.0458167330677291,400,-0.591296928327645,1197.5,0.0981210855949896,1080,1255,1985,-1.03432835820896,-1.6557803746776
"2008-09-25",2008-09-25,-0.00208768267223382,400,-0.592150170648465,1195,0.0962343096234309,1080,1255,0,-1.001443001443,-1.6696886780067
"2008-09-26",2008-09-26,-0.0711297071129707,400,-0.621160409556314,1110,0.027027027027027,1080,1255,0,-1.04899135446686,-2.16823975889299
"2008-09-29",2008-09-29,-0.036036036036036,400,-0.63481228668942,1070,0,1070,1197.5,1988,-1.02197802197802,-2.37472543810478
"2008-09-30",2008-09-30,-0.0186915887850467,400,-0.641638225255973,1050,0,1050,1070,1989,-1.01075268817204,-2.40937382872082
"2008-10-01",2008-10-01,0.0214285714285714,400,-0.633959044368601,1072.5,0.0209790209790209,1050,1072.5,1989,-0.988031914893617,-2.26390510483199
"2008-10-02",2008-10-02,-0.0685314685314685,400,-0.659044368600683,999,0,0,1072.5,1991,-1.03956931359354,-2.49772722479171
"2008-10-03",2008-10-03,-0.0245245245245245,400,-0.66740614334471,974.5,0,974.5,999,1992,-1.01268772656655,-2.54017150329636
"2008-10-06",2008-10-06,-0.0682401231400718,400,-0.690102389078499,908,0,908,974.5,1993,-1.03400664791613,-2.65537740209468
"2008-10-07",2008-10-07,0.0242290748898678,400,-0.68259385665529,930,0.0236559139784946,908,930,1993,-0.989119683481701,-2.49718700794878
"2008-10-08",2008-10-08,-0.100537634408602,400,-0.714505119453925,836.5,0,0,930,1995,-1.04675,-2.77924539854701
"2008-10-09",2008-10-09,0.153018529587567,400,-0.670819112627987,964.5,0.132711249351996,836.5,964.5,1995,-0.938858371148794,-1.88385482682426
"2008-10-10",2008-10-10,-0.024364955935718,400,-0.678839590443686,941,0.111052072263549,836.5,964.5,1997,-1.01195624523022,-2.03450843532682
"2008-10-14",2008-10-14,0.126461211477152,45600,-0.638225255972697,1060,0.112264150943396,941,1060,1997,1.01091450753814,-1.82219801284235
"2008-10-15",2008-10-15,-0.0306603773584906,45600,-0.649317406143345,1027.5,0.0841849148418492,941,1060,1999,-1.01737967914438,-2.0210315474981
"2008-10-16",2008-10-16,-0.102676399026764,45600,-0.685324232081912,922,0,922,1027.5,2000,-1.05545335085414,-2.63112352866346
"2008-10-17",2008-10-17,-0.0699566160520607,45600,-0.707337883959045,857.5,0,857.5,922,2001,-1.03212151394422,-2.74286458840017
"2008-10-20",2008-10-20,0.0903790087463557,45600,-0.680887372013652,935,0.0828877005347594,857.5,935,2001,-0.962605548854041,-2.18786499994289
"2008-10-21",2008-10-21,0.0294117647058824,45600,-0.671501706484642,962.5,0.109090909090909,0,962.5,0,1.31612903225806,-2.00721625854786
"2008-10-22",2008-10-22,-0.103376623376623,45600,-0.705460750853243,863,0.00637311703360366,857.5,962.5,2004,-1.05057179161372,-2.70098640758694
"2008-10-23",2008-10-23,-0.0811123986095017,45600,-0.729351535836178,793,0,793,863,2005,-1.03386550556362,-2.85460564813689
"2008-10-24",2008-10-24,-0.144388398486759,45600,-0.768430034129693,678.5,0,678.5,793,2006,-1.05357978474497,-3.0529676844137
"2008-10-27",2008-10-27,-0.115696389093589,45600,-0.795221843003413,600,0,600,678.5,2007,-1.03486564512547,-3.18896261758165
"2008-10-28",2008-10-28,0.155,45600,-0.763481228668942,693,0.134199134199134,600,693,2007,-0.960085836909871,-2.34665424198447
"2008-10-29",2008-10-29,0.118326118326118,45600,-0.735494880546075,775,0.225806451612903,0,775,0,1.68262226847034,-1.73959808431243
"2008-10-30",2008-10-30,0.0838709677419355,45600,-0.713310580204778,840,0.285714285714286,0,840,0,1.26530612244898,-1.32289929440366
"2008-10-31",2008-10-31,0.0386904761904762,45600,-0.70221843003413,872.5,0.312320916905444,0,872.5,0,1.09312320916905,-1.13154068640609
"2008-11-04",2008-11-04,0.0962750716332378,3454200,-0.673549488054608,956.5,0.372713016204914,0,956.5,0,1.19336552894968,-0.67946780048444
"2008-11-05",2008-11-05,0.157867224255097,3454200,-0.622013651877133,1107.5,0.45823927765237,0,1107.5,0,1.22946947846982,0.0162579302497915
"2008-11-06",2008-11-06,-0.0835214446952596,3454200,-0.653583617747441,1015,0.408866995073892,600,1107.5,2014,-1.05075445816187,-0.394604050743706
"2008-11-07",2008-11-07,0.00246305418719212,3454200,-0.652730375426621,1017.5,0.41031941031941,600,1107.5,0,1.00355229270892,-0.38290055777986
"2008-11-10",2008-11-10,0.0294840294840295,3454200,-0.642491467576792,1047.5,0.427207637231504,600,1107.5,0,1.04115873265402,-0.245203514016452
"2008-11-11",2008-11-11,-0.045346062052506,3454200,-0.658703071672355,1000,0.4,600,1107.5,0,-1.02523240371846,-0.465599115161146
"2008-11-12",2008-11-12,-0.049,3454200,-0.67542662116041,951,0.369085173501577,600,1107.5,0,-1.02538860103627,-0.707410998376885
"2008-11-13",2008-11-13,-0.0615141955835962,3454200,-0.695392491467577,892.5,0.327731092436975,600,1107.5,0,-1.02956038403234,-1.01867041083281
"2008-11-14",2008-11-14,0.0134453781512605,3454200,-0.691296928327645,904.5,0.33665008291874,600,1107.5,0,1.02721435557256,-0.952608676877644
"2008-11-17",2008-11-17,0.0458817025981205,3454200,-0.677133105802048,946,0.365750528541226,600,1107.5,0,1.08644122517418,-0.732999717919669
"2008-11-18",2008-11-18,0.00158562367864693,3454200,-0.676621160409557,947.5,0.366754617414248,600,1107.5,0,1.00274528345052,-0.725304344322815
"2008-11-19",2008-11-19,-0.0401055408970976,3454200,-0.689590443686007,909.5,0.340296866410115,600,1107.5,0,-1.01916771752837,-0.925435545514593
"2008-11-20",2008-11-20,-0.100604727872457,3454200,-0.720819112627987,818,0.266503667481663,600,1107.5,0,-1.0452858203415,-1.45852541524048
"2008-11-21",2008-11-21,0.0427872860635697,3454200,-0.708873720136519,853,0.296600234466589,600,1107.5,0,1.11293115501683,-1.24512088192993
"2008-11-25",2008-11-25,0.00879249706916764,89400,-0.706313993174062,860.5,0.302730970366066,600,1107.5,0,1.02067003052274,-1.20100818608032
"2008-11-26",2008-11-26,-0.0342823939570017,89400,-0.716382252559727,831,0.27797833935018,600,1107.5,0,-1.01425465088186,-1.37775865057218
"2008-11-27",2008-11-27,0.0126353790613718,89400,-0.712798634812287,841.5,0.28698752228164,600,1107.5,0,1.03240965807811,-1.31383773001037
"2008-11-28",2008-11-28,0.0992275698158051,89400,-0.684300341296929,925,0.351351351351351,600,1107.5,0,1.2242739634044,-0.84247059633477
"2008-12-01",2008-12-01,-0.0167567567567568,89400,-0.689590443686007,909.5,0.340296866410115,600,1107.5,0,-1.00773067331671,-0.925435545514593
"2008-12-02",2008-12-02,-0.0676195711929632,89400,-0.710580204778157,848,0.292452830188679,600,1107.5,0,-1.03043801039347,-1.27483515901136
"2008-12-03",2008-12-03,0.00648584905660377,89400,-0.708703071672355,853.5,0.29701230228471,600,1107.5,0,1.01559045297352,-1.24216302035967
"2008-12-04",2008-12-04,-0.0492091388400703,89400,-0.723037542662116,811.5,0.260628465804067,600,1107.5,0,-1.02022634240308,-1.49960860260233
"2008-12-05",2008-12-05,-0.0191004313000616,89400,-0.728327645051195,796,0.246231155778894,600,1107.5,0,-1.00731649752183,-1.59954169589011
"2008-12-08",2008-12-08,0.0414572864321608,89400,-0.717064846416382,829,0.276236429433052,600,1107.5,0,1.12185815218729,-1.39006540560449
"2008-12-09",2008-12-09,0.0355850422195416,89400,-0.706996587030717,858.5,0.30110658124636,600,1107.5,0,1.09003212162984,-1.21271840681116
"2008-12-10",2008-12-10,0.029120559114735,89400,-0.698464163822526,883.5,0.32088285229202,600,1107.5,0,1.06567864097756,-1.06902377979773
"2008-12-11",2008-12-11,0.0690435766836446,89400,-0.67764505119454,944.5,0.364743250397035,600,1107.5,0,1.13668663748071,-0.740711280222614
"2008-12-12",2008-12-12,0.0280571731074643,89400,-0.668600682593857,971,0.382080329557158,600,1107.5,0,1.04753228234176,-0.606799335642288
"2008-12-15",2008-12-15,0.029351184346035,89400,-0.658873720136519,999.5,0.399699849924962,600,1107.5,0,1.04611470155563,-0.467988883473395
"2008-12-16",2008-12-16,-0.0620310155077539,3082200,-0.680034129692833,937.5,0.36,600,1107.5,0,-1.03211603211603,-0.776914904846238
"2008-12-17",2008-12-17,0.0048,1782200,-0.678498293515359,942,0.363057324840764,600,1107.5,0,1.00849256900212,-0.753600069007823
"2008-12-18",2008-12-18,0.0127388535031847,1639800,-0.674402730375427,954,0.371069182389937,600,1107.5,0,1.02206774798632,-0.692142932044366
"2008-12-19",2008-12-19,0.0172955974842767,2635600,-0.668771331058021,970.5,0.381761978361669,600,1107.5,0,1.02881617897467,-0.609281492645834
"2008-12-22",2008-12-22,0.0288511076764554,1258400,-0.659215017064847,998.5,0.399098647971958,600,1107.5,0,1.04541224792655,-0.472772997639847
"2008-12-24",2008-12-24,-0.0605908863294942,1007600,-0.679863481228669,938,0.360341151385927,600,1107.5,0,-1.03132280610924,-0.77431701432169
"2008-12-25",2008-12-25,0.0170575692963753,436200,-0.674402730375427,954,0.371069182389937,600,1107.5,0,1.02977187302296,-0.692142932044366
"2008-12-26",2008-12-26,0.0162473794549266,511600,-0.669112627986348,969.5,0.381124290871583,600,1107.5,0,1.0270976652302,-0.614250807005388
"2008-12-29",2008-12-29,0.00257864878803507,916800,-0.668259385665529,972,0.382716049382716,600,1107.5,0,1.00417648139795,-0.601840009126674
"2009-01-05",2009-01-05,0.044238683127572,379800,-0.653583617747441,1015,0.408866995073892,600,1107.5,0,1.06832989035436,-0.394604050743706
"2009-01-06",2009-01-06,0.0443349753694581,1636400,-0.638225255972696,1060,0.433962264150943,600,1107.5,0,1.06137758581496,-0.189261856417772
"2009-01-07",2009-01-07,0.0566037735849057,2490400,-0.617747440273038,1120,0.289285714285714,796,1120,2014,-0.967914438502674,-0.819693292831824
"2009-01-08",2009-01-08,-0.0602678571428571,1159600,-0.640784982935154,1052.5,0.243705463182898,796,1120,2053,-1.03729281767956,-1.16799647464301
"2009-01-09",2009-01-09,-0.0403800475059382,1840600,-0.655290102389079,1010,0.211881188118812,796,1120,0,-1.02263648468708,-1.40316398202876
"2009-01-13",2009-01-13,-0.0485148514851485,6414800,-0.672013651877133,961,0.171696149843913,796,1120,0,-1.02552083333333,-1.69203136033767
"2009-01-14",2009-01-14,0.0343392299687825,1481800,-0.660750853242321,994,0.199195171026157,796,1120,0,1.16016096579477,-1.49527678059524
"2009-01-15",2009-01-15,-0.0729376257545272,3574200,-0.685494880546075,921.5,0.136190992946283,796,1120,0,-1.03744834710744,-1.9406857256575
"2009-01-16",2009-01-16,0.0596852957135106,1345800,-0.666723549488055,976.5,0.18484383000512,796,1120,0,1.35723975577465,-1.59844137477493
"2009-01-19",2009-01-19,-0.0148489503328213,1399200,-0.671672354948806,962,0.172557172557173,796,1120,0,-1.00742257486563,-1.68592839879167
"2009-01-20",2009-01-20,-0.0566528066528067,2789600,-0.690273037542662,907.5,0.122865013774105,796,1120,0,-1.02769308943089,-2.03258212578261
"2009-01-21",2009-01-21,-0.056198347107438,5631000,-0.707679180887372,856.5,0.0706363105662581,796,1120,0,-1.02521631644005,-2.38604785658528
"2009-01-22",2009-01-22,-0.0245183887915937,2484000,-0.714846416382253,835.5,0.047277079593058,796,1120,0,-1.01012780323125,-2.54099987146219
"2009-01-23",2009-01-23,-0.0167564332734889,1069400,-0.71962457337884,821.5,0.0310407790626902,796,1120,0,-1.00668417283361,-2.64766903144348
"2009-01-26",2009-01-26,-0.0377358490566038,1097200,-0.730204778156997,790.5,0,790.5,1052.5,2064,-1.01470239506758,-2.8589366969639
"2009-01-27",2009-01-27,0.101201771030993,2299800,-0.702901023890785,870.5,0.0919012062033314,790.5,870.5,2064,-0.962608086001402,-2.25385360202421
"2009-01-28",2009-01-28,0.00172314761631246,1519200,-0.702389078498294,872,0.0934633027522935,0,872,0,1.01699756307339,-2.24332578747668
"2009-01-29",2009-01-29,0.0252293577981651,1337800,-0.694880546075086,894,0.115771812080537,0,894,0,1.23868736361016,-2.0919748048175
"2009-01-30",2009-01-30,-0.069910514541387,1868800,-0.716211604095563,831.5,0.0493084786530367,790.5,894,2068,-1.03069744597249,-2.53761818984477
"2009-02-02",2009-02-02,0.11244738424534,3870600,-0.684300341296929,925,0.101081081081081,831.5,925,2068,2.04997363216875,-2.11283979162692
"2009-02-03",2009-02-03,0.0216216216216216,2541200,-0.677474402730376,945,0.12010582010582,0,945,0,1.18821265880089,-1.98162203070813
"2009-02-04",2009-02-04,0.0740740740740741,3031600,-0.653583617747441,1015,0.180788177339901,0,1015,0,1.50524077168464,-1.55232967206906
"2009-02-05",2009-02-05,0.0320197044334975,3968200,-0.642491467576792,1047.5,0.206205250596659,0,1047.5,0,1.14059035071176,-1.36700924732933
"2009-02-06",2009-02-06,-0.0310262529832936,3866600,-0.653583617747441,1015,0.180788177339901,831.5,1047.5,2073,-1.01726427622842,-1.55232967206906
"2009-02-09",2009-02-09,0.0665024630541872,2878000,-0.630546075085324,1082.5,0.0623556581986143,1015,1082.5,2073,-0.964751958224543,-2.03655354482026
"2009-02-10",2009-02-10,-0.0577367205542725,2876000,-0.651877133105802,1020,0.00490196078431371,1015,1082.5,2075,-1.03382949932341,-2.4364641145211
"2009-02-12",2009-02-12,-0.0431372549019608,5404600,-0.666894197952219,976,0,976,1020,2076,-1.02303664921466,-2.53757287400015
"2009-02-13",2009-02-13,-0.00256147540983607,2083000,-0.667747440273038,973.5,0,973.5,976,2077,-1.00127942681679,-2.54190392282716
"2009-02-16",2009-02-16,-0.0159219311761685,2038400,-0.673037542662116,958,0,958,973.5,2078,-1.00792231024789,-2.56875642555459
"2009-02-17",2009-02-17,-0.0354906054279749,2839800,-0.684641638225256,924,0,924,958,2079,-1.01724137931034,-2.62765868960185
"2009-02-18",2009-02-18,0.0470779220779221,4385000,-0.669795221843004,967.5,0.0449612403100775,924,967.5,2079,-0.978315054835494,-2.32407566864417
"2009-02-19",2009-02-19,-0.0325581395348837,2335200,-0.680546075085324,936,0.0128205128205128,924,967.5,2081,-1.01605095541401,-2.54179287029313
"2009-02-20",2009-02-20,0.0170940170940171,2264600,-0.675085324232082,952,0.0294117647058824,924,967.5,0,2.29411764705883,-2.42985714199677
"2009-02-23",2009-02-23,-0.00525210084033613,1646000,-0.67679180887372,947,0.0242872228088701,924,967.5,0,-1.00252780586451,-2.46453135910435
"2009-02-24",2009-02-24,0.00527983104540655,2136600,-0.675085324232082,952,0.0294117647058824,924,967.5,0,1.21099744245524,-2.42985714199677
"2009-02-25",2009-02-25,0.0383403361344538,2231600,-0.662627986348123,988.5,0.0531107738998483,936,988.5,2081,1.80576631259484,-2.24632791380484
"2009-02-26",2009-02-26,-0.00303490136570561,2418600,-0.663651877133106,985.5,0.0502283105022832,936,988.5,2086,-1.00154519701262,-2.26615652554547
"2009-02-27",2009-02-27,-0.00507356671740233,1307200,-0.665358361774744,980.5,0.0453850076491585,936,988.5,0,-1.00257135510414,-2.29940317629656
"2009-03-02",2009-03-02,-0.014278429372769,1196800,-0.670136518771331,966.5,0.0315571650284532,936,988.5,0,-1.00718132854578,-2.39384702987893
"2009-03-03",2009-03-03,0.00103466114847387,1067600,-0.669795221843004,967.5,0.0325581395348837,936,988.5,0,1.03171940526115,-2.38703367453873
"2009-03-04",2009-03-04,0.0387596899224806,1192600,-0.656996587030717,1005,0.0383084577114428,966.5,1005,2086,1.17661691542288,-2.2928793890277
"2009-03-05",2009-03-05,0.00497512437810945,2338800,-0.655290102389079,1010,0.0430693069306931,0,1010,0,1.12427671338563,-2.26005127203373
"2009-03-06",2009-03-06,-0.0668316831683168,3277600,-0.678327645051195,942.5,0,0,1010,2092,-1.03515625,-2.59560892828202
"2009-03-09",2009-03-09,-0.00318302387267905,2258200,-0.679351535836178,939.5,0,939.5,942.5,2093,-1.00150943396226,-2.60080618687442
"2009-03-10",2009-03-10,-0.0266098988823842,1706800,-0.687883959044369,914.5,0,914.5,939.5,2094,-1.01255965837729,-2.64411667514447
"2009-03-11",2009-03-11,0.0557681793329688,1924600,-0.670477815699659,965.5,0.0528223718280684,914.5,965.5,2094,-0.974696105184818,-2.28763748882218
"2009-03-12",2009-03-12,-0.0274469186949767,1858000,-0.679522184300342,939,0.0260915867944622,914.5,965.5,2096,-1.01348943751591,-2.46923178320147
"2009-03-13",2009-03-13,0.036741214057508,2032800,-0.667747440273038,973.5,0.0354391371340523,939,973.5,2096,1.3582591742398,-2.36201524458257
"2009-03-16",2009-03-16,0.0580380071905496,1322800,-0.648464163822526,1030,0.0883495145631068,0,1030,0,2.49299282397637,-1.99556103535851
"2009-03-17",2009-03-17,0.0946601941747573,4340800,-0.61518771331058,1127.5,0.167184035476718,0,1127.5,0,1.89230281913209,-1.42648695237014
"2009-03-18",2009-03-18,-0.0199556541019956,2030400,-0.622866894197952,1105,0.150226244343891,939,1127.5,2100,-1.0124826629681,-1.55154395688744
"2009-03-19",2009-03-19,-0.0113122171945701,1218000,-0.627133105802048,1092.5,0.140503432494279,939,1127.5,0,-1.00684931506849,-1.62255208921022
"2009-03-23",2009-03-23,0.0732265446224256,1643600,-0.599829351535836,1172.5,0.0682302771855011,1092.5,1172.5,2100,-0.956462585034014,-1.85081628436821
"2009-03-24",2009-03-24,0.0106609808102345,2809000,-0.595563139931741,1185,0.0780590717299579,0,1185,0,1.14405327004219,-1.77927018502833
"2009-03-25",2009-03-25,-0.0274261603375527,1968200,-0.606655290102389,1152.5,0.0520607375271149,1092.5,1185,2104,-1.01862464183381,-1.96754108406746
"2009-03-26",2009-03-26,0.0477223427331887,2196600,-0.587883959044369,1207.5,0.0455486542443064,1152.5,1207.5,2104,-0.969057665260197,-1.90531327445082
"2009-03-27",2009-03-27,-0.0124223602484472,1323000,-0.593003412969284,1192.5,0.0335429769392034,1152.5,1207.5,2106,-1.00870827285922,-1.99224025605537
"2009-03-30",2009-03-30,-0.0712788259958071,1432200,-0.622013651877133,1107.5,0,1107.5,1192.5,2107,-1.04892086330935,-2.30975970569971
"2009-03-31",2009-03-31,-0.00677200902934537,1797800,-0.624573378839591,1100,0,1100,1107.5,2108,-1.00411522633745,-2.32275285218073
"2009-04-01",2009-04-01,0.05,1172200,-0.60580204778157,1155,0.0476190476190477,1100,1155,2108,-0.969945355191257,-1.9857560053557
"2009-04-02",2009-04-02,0.0194805194805195,1634800,-0.598122866894198,1177.5,0.0658174097664543,0,1177.5,0,1.38216560509554,-1.85440187573524
"2009-04-03",2009-04-03,0.0191082802547771,1094600,-0.590443686006826,1200,0.0833333333333334,0,1200,0,1.26612903225807,-1.72651179699642
"2009-04-06",2009-04-06,0.00833333333333333,1484600,-0.58703071672355,1210,0.0909090909090909,0,1210,0,1.09090909090909,-1.67073313786076
"2009-04-07",2009-04-07,-0.0454545454545455,1577000,-0.60580204778157,1155,0.0476190476190477,1100,1210,2113,-1.03197674418605,-1.9857560053557
"2009-04-08",2009-04-08,-0.0649350649350649,2337600,-0.631399317406144,1080,0,1080,1155,2114,-1.04225352112676,-2.35740124279676
"2009-04-09",2009-04-09,0.0856481481481482,1855200,-0.599829351535836,1172.5,0.0788912579957356,1080,1172.5,2114,-0.95,-1.79670126064487
"2009-04-10",2009-04-10,0,1395000,-0.599829351535836,1172.5,0.0788912579957356,0,1172.5,0,-1,-1.79670126064487
"2009-04-13",2009-04-13,-0.00639658848614072,593400,-0.602389078498294,1165,0.072961373390558,1080,1172.5,2117,-1.00426742532006,-1.83979443748873
"2009-04-14",2009-04-14,-0.01931330472103,908000,-0.610068259385666,1142.5,0.0547045951859956,1080,1172.5,0,-1.01274787535411,-1.9714450863859
"2009-04-15",2009-04-15,-0.0481400437636762,2119400,-0.628839590443686,1087.5,0.00689655172413794,1080,1172.5,0,-1.03076923076923,-2.30940127407265
"2009-04-16",2009-04-16,0.0206896551724138,1655200,-0.621160409556314,1110,0.027027027027027,1080,1172.5,0,3.9189189189189,-2.16823975889299
"2009-04-17",2009-04-17,0.0315315315315315,955200,-0.609215017064847,1145,0.0567685589519651,1080,1172.5,0,2.10043668122271,-1.95663737972153
"2009-04-20",2009-04-20,0.00873362445414847,1097000,-0.60580204778157,1155,0.064935064935065,1080,1172.5,0,1.14385614385614,-1.89786008803536
"2009-04-21",2009-04-21,-0.025974025974026,1103400,-0.6160409556314,1125,0.04,1080,1172.5,0,-1.0169014084507,-2.0764027949007
"2009-04-22",2009-04-22,-0.0155555555555556,1017400,-0.622013651877133,1107.5,0.0248306997742663,1080,1172.5,0,-1.00969529085873,-2.18371934119013
"2009-04-23",2009-04-23,0.0158013544018059,711000,-0.6160409556314,1125,0.04,1080,1172.5,0,1.61090909090909,-2.0764027949007
"2009-04-24",2009-04-24,-0.00222222222222222,1251800,-0.616894197952219,1122.5,0.0378619153674833,1080,1172.5,0,-1.00138504155125,-2.09158673828503
"2009-04-27",2009-04-27,0.0311804008908686,2328400,-0.604948805460751,1157.5,0.0669546436285097,1080,1172.5,0,1.7683902934824,-1.88327767952089
"2009-04-28",2009-04-28,-0.0475161987041037,1799200,-0.623720136518772,1102.5,0.0204081632653061,1080,1172.5,0,-1.03102961918195,-2.2148301865119
"2009-04-30",2009-04-30,0.0226757369614512,1474000,-0.615187713310581,1127.5,0.0421286031042128,1080,1172.5,0,2.06430155210643,-2.06126697965188
"2009-05-01",2009-05-01,0.00665188470066519,822600,-0.612627986348123,1135,0.0484581497797357,1080,1172.5,0,1.15024345003478,-2.0161451224452
"2009-05-07",2009-05-07,0.0308370044052863,1511600,-0.600682593856656,1170,0.0769230769230769,1080,1172.5,0,1.58741258741258,-1.81102277539003
"2009-05-08",2009-05-08,0.0235042735042735,1328800,-0.591296928327645,1197.5,0.0918580375782881,1087.5,1197.5,2117,1.19415448851775,-1.6875715389276
"2009-05-11",2009-05-11,-0.00417536534446764,838400,-0.593003412969284,1192.5,0.0880503144654088,1087.5,1197.5,2133,-1.002886002886,-1.71556159807532
"2009-05-12",2009-05-12,-0.0293501048218029,935200,-0.604948805460751,1157.5,0.0604751619870411,1087.5,1197.5,0,-1.02014388489209,-1.91616745851819
"2009-05-13",2009-05-13,0,988200,-0.604948805460751,1157.5,0.0604751619870411,1087.5,1197.5,0,-1,-1.91616745851819
"2009-05-14",2009-05-14,-0.0367170626349892,1106200,-0.619453924914676,1115,0.0246636771300448,1087.5,1197.5,0,-1.02397743300423,-2.17157399985156
"2009-05-15",2009-05-15,0.0381165919282511,1156000,-0.604948805460751,1157.5,0.0604751619870411,1087.5,1197.5,0,2.45199293147458,-1.91616745851819
"2009-05-18",2009-05-18,-0.0453563714902808,985200,-0.622866894197953,1105,0.0158371040723982,1087.5,1197.5,0,-1.0296191819464,-2.23370178489607
"2009-05-19",2009-05-19,0.0429864253393665,903400,-0.606655290102389,1152.5,0.0563991323210412,1087.5,1197.5,0,3.56120235512859,-1.94551943883861
"2009-05-20",2009-05-20,-0.00216919739696312,946600,-0.607508532423209,1150,0.0543478260869565,1087.5,1197.5,0,-1.0014064697609,-1.96026289600751
"2009-05-21",2009-05-21,-0.0108695652173913,780800,-0.611774744027304,1137.5,0.0439560439560439,1087.5,1197.5,0,-1.00702247191011,-2.03466671427019
"2009-05-22",2009-05-22,-0.0263736263736264,1581400,-0.622013651877134,1107.5,0.0180586907449209,1087.5,1197.5,0,-1.01673640167364,-2.21809398605638
"2009-05-25",2009-05-25,-0.00677200902934537,1646600,-0.624573378839591,1100,0.0113636363636364,1087.5,1197.5,0,-1.00411522633745,-2.26507115643926
"2009-05-26",2009-05-26,-0.0454545454545455,2804600,-0.641638225255973,1050,0,1050,1192.5,2144,-1.02732240437158,-2.40937382872082
"2009-05-27",2009-05-27,0.00476190476190476,2363400,-0.639931740614335,1055,0.00473933649289104,1050,1055,2144,-0.997340425531915,-2.37665491009406
"2009-05-28",2009-05-28,0.018957345971564,1940200,-0.633105802047782,1075,0.0232558139534884,0,1075,0,4.906976744186,-2.24801707939846
"2009-05-29",2009-05-29,-0.0162790697674419,2523000,-0.639078498293516,1057.5,0.00709219858156029,1050,1075,2147,-1.00943396226415,-2.36038075865648
"2009-06-01",2009-06-01,0,2501400,-0.639078498293516,1057.5,0.00709219858156029,1050,1075,0,-1,-2.36038075865648
"2009-06-02",2009-06-02,0.0378250591016548,3518800,-0.62542662116041,1097.5,0.0364464692482915,1057.5,1097.5,2147,5.1389521640091,-2.14208201580502
"2009-06-03",2009-06-03,0.0842824601366743,5399800,-0.593856655290103,1190,0.111344537815126,0,1190,0,3.05501575630253,-1.60165142016861
"2009-06-04",2009-06-04,-0.0273109243697479,2530800,-0.604948805460751,1157.5,0.0863930885529157,1057.5,1190,2151,-1.01867816091954,-1.784608342529
"2009-06-05",2009-06-05,0.0107991360691145,2081000,-0.600682593856656,1170,0.0961538461538461,1057.5,1190,0,1.11298076923077,-1.71340759798139
"2009-06-08",2009-06-08,0.00427350427350427,1342600,-0.598976109215018,1175,0.1,1057.5,1190,0,1.04,-1.68522246484565
"2009-06-09",2009-06-09,0.0446808510638298,3914000,-0.581058020477816,1227.5,0.0570264765784114,1157.5,1227.5,2151,-0.97008547008547,-1.81240358133754
"2009-06-10",2009-06-10,-0.00407331975560081,1371800,-0.582764505119454,1222.5,0.0531697341513292,1157.5,1227.5,2155,-1.00293685756241,-1.84064246199598
"2009-06-11",2009-06-11,0.0081799591002045,1882200,-0.579351535836178,1232.5,0.00811359026369174,1222.5,1232.5,2155,-0.994143484626647,-2.0520227675929
"2009-06-12",2009-06-12,-0.0101419878296146,1319000,-0.583617747440274,1220,0,0,1232.5,2157,-1.00736377025037,-2.11486250848451
"2009-06-15",2009-06-15,-0.040983606557377,1986000,-0.600682593856656,1170,0,1170,1220,2158,-1.02923976608187,-2.2014834850246
"2009-06-16",2009-06-16,-0.0363247863247863,1579200,-0.615187713310581,1127.5,0,1127.5,1170,2159,-1.02414772727273,-2.27511131508368
"2009-06-17",2009-06-17,0.00443458980044346,1582400,-0.613481228668942,1132.5,0.00441501103752762,1127.5,1132.5,2159,-0.997226074895978,-2.24403866897382
"2009-06-18",2009-06-18,-0.0176600441501104,957800,-0.620307167235495,1112.5,0,0,1132.5,2161,-1.01112656467316,-2.3010976080457
"2009-06-19",2009-06-19,-0.00224719101123596,1193800,-0.621160409556314,1110,0,1110,1112.5,2162,-1.00137551581843,-2.30542865687271
"2009-06-22",2009-06-22,0.027027027027027,1562200,-0.610921501706485,1140,0.0263157894736842,1110,1140,2162,-0.983516483516484,-2.1198774071263
"2009-06-23",2009-06-23,-0.0263157894736842,1638800,-0.621160409556314,1110,0,0,1140,2164,-1.01675977653631,-2.30542865687271
"2009-06-24",2009-06-24,0.0225225225225225,1175600,-0.612627986348123,1135,0.0220264317180616,1110,1135,2164,-0.986263736263736,-2.15031223853109
"2009-06-25",2009-06-25,0.0286343612334802,2039400,-0.601535836177475,1167.5,0.0492505353319058,0,1167.5,0,2.23597430406853,-1.95581934716908
"2009-06-26",2009-06-26,0.019271948608137,1413400,-0.593856655290103,1190,0.0672268907563025,0,1190,0,1.36499817318232,-1.82559212128255
"2009-06-29",2009-06-29,-0.0315126050420168,818600,-0.606655290102389,1152.5,0.0368763557483731,1110,1190,2168,-1.02155172413793,-2.04461684236842
"2009-06-30",2009-06-30,0.0130151843817787,881400,-0.601535836177475,1167.5,0.0492505353319058,1110,1190,0,1.33555863458874,-1.95581934716908
"2009-07-01",2009-07-01,0.00428265524625268,1097400,-0.599829351535837,1172.5,0.0533049040511727,1110,1190,0,1.0823213126912,-1.92657731758089
"2009-07-02",2009-07-02,-0.0255863539445629,1221000,-0.610068259385666,1142.5,0.0284463894967177,1110,1190,0,-1.01706970128023,-2.10473145553906
"2009-07-03",2009-07-03,-0.00437636761487965,830200,-0.611774744027304,1137.5,0.0241758241758242,1110,1190,0,-1.0027972027972,-2.13507089674765
"2009-07-06",2009-07-06,-0.0263736263736264,1555000,-0.622013651877134,1107.5,0,1107.5,1172.5,2173,-1.01673640167364,-2.30975970569971
"2009-07-07",2009-07-07,-0.018058690744921,1355800,-0.628839590443686,1087.5,0,1087.5,1107.5,2174,-1.01097393689986,-2.34440809631575
"2009-07-08",2009-07-08,-0.0298850574712644,1180800,-0.639931740614335,1055,0,1055,1087.5,2175,-1.01763907734057,-2.40071173106681
"2009-07-09",2009-07-09,-0.028436018957346,1332800,-0.650170648464164,1025,0,1025,1055,2176,-1.016,-2.45268431699087
"2009-07-10",2009-07-10,-0.0219512195121951,1636200,-0.657849829351536,1002.5,0,1002.5,1025,2177,-1.01181102362205,-2.49166375643391
"2009-07-13",2009-07-13,-0.0339152119700748,3316400,-0.669453924914676,968.5,0,968.5,1002.5,2178,-1.01763942931258,-2.55056602048117
"2009-07-14",2009-07-14,0.0686628807434177,3322000,-0.646757679180888,1035,0.0642512077294686,968.5,1035,2178,-0.966097374458323,-2.1092216835388
"2009-07-15",2009-07-15,-0.0072463768115942,1530200,-0.649317406143345,1027.5,0.0574209245742092,968.5,1035,2180,-1.00395778364116,-2.15688527372132
"2009-07-16",2009-07-16,0.0218978102189781,799200,-0.641638225255973,1050,0.0214285714285715,1027.5,1050,2180,-0.988173455978975,-2.3006026310369
"2009-07-17",2009-07-17,-0.0214285714285714,912400,-0.649317406143345,1027.5,0,0,1050,2182,-1.01196808510638,-2.44835326816386
"2009-07-21",2009-07-21,0.0340632603406326,1025000,-0.637372013651877,1062.5,0.0329411764705883,1027.5,1062.5,2182,-0.981603153745072,-2.22050952775405
"2009-07-22",2009-07-22,0.0517647058823529,2347000,-0.618600682593857,1117.5,0.0805369127516778,0,1117.5,0,2.44487056567593,-1.88363100902933
"2009-07-23",2009-07-23,-0.0156599552572707,1321200,-0.624573378839591,1100,0.0659090909090909,1027.5,1117.5,2185,-1.00965517241379,-1.9881990168802
"2009-07-24",2009-07-24,0.0159090909090909,1111000,-0.618600682593857,1117.5,0.0156599552572707,1100,1117.5,2185,-0.990437158469945,-2.2129457462379
"2009-07-27",2009-07-27,0.00447427293064877,743600,-0.616894197952219,1122.5,0.0200445434298441,0,1122.5,0,1.27998727330576,-2.18202752626275
"2009-07-28",2009-07-28,0.0066815144766147,902200,-0.614334470989761,1130,0.0265486725663717,0,1130,0,1.32448377581121,-2.13601949036509
"2009-07-29",2009-07-29,0.0287610619469027,1908600,-0.603242320819113,1162.5,0.053763440860215,0,1162.5,0,2.02508960573476,-1.94157398498683
"2009-07-30",2009-07-30,-0.010752688172043,1265000,-0.607508532423209,1150,0.0434782608695652,1100,1162.5,2190,-1.00707213578501,-2.01543669193414
"2009-07-31",2009-07-31,0.0217391304347826,1271000,-0.598976109215017,1175,0.0212765957446809,1150,1175,2190,-0.985955056179775,-2.0848216166206
"2009-08-03",2009-08-03,0.0404255319148936,2558000,-0.582764505119454,1222.5,0.0593047034764826,0,1222.5,0,2.78732106339468,-1.80950142380426
"2009-08-04",2009-08-04,0.0122699386503067,1934800,-0.57764505119454,1237.5,0.0707070707070707,0,1237.5,0,1.19226750261233,-1.72563683763743
"2009-08-05",2009-08-05,0.00404040404040404,2238400,-0.575938566552901,1242.5,0.0744466800804829,0,1242.5,0,1.05288876113826,-1.69799252309734
"2009-08-06",2009-08-06,0,1070200,-0.575938566552901,1242.5,0.0744466800804829,0,1242.5,0,-1,-1.69799252309734
"2009-08-07",2009-08-07,0.0321931589537223,2855600,-0.562286689419796,1282.5,0.103313840155945,0,1282.5,0,1.38775617722986,-1.48216634835867
"2009-08-10",2009-08-10,0.0545808966861598,3323600,-0.53839590443686,1352.5,0.149722735674677,0,1352.5,0,1.44920308303979,-1.12532592759374
"2009-08-11",2009-08-11,0,1317200,-0.53839590443686,1352.5,0.149722735674677,0,1352.5,0,-1,-1.12532592759374
"2009-08-12",2009-08-12,-0.0147874306839187,1119400,-0.545221843003413,1332.5,0.136960600375234,1150,1352.5,2199,-1.01267828843106,-1.22475477948092
"2009-08-13",2009-08-13,0.0131332082551595,1204600,-0.53924914675768,1350,0.148148148148148,1150,1352.5,0,1.08168442415018,-1.13764956573961
"2009-08-14",2009-08-14,0.0240740740740741,1045400,-0.528156996587031,1382.5,0.0361663652802894,1332.5,1382.5,2199,-0.979430379746835,-1.64976425425002
"2009-08-17",2009-08-17,-0.0470162748643761,1436600,-0.550341296928328,1317.5,0,0,1382.5,2202,-1.04200323101777,-1.94595160423133
"2009-08-18",2009-08-18,0.00189753320683112,1233400,-0.549488054607509,1320,0.00189393939393945,1317.5,1320,2202,-0.998449612403101,-1.93200693944741
"2009-08-19",2009-08-19,0.00568181818181818,934600,-0.546928327645052,1327.5,0.00753295668549903,0,1327.5,0,3.97740112994337,-1.89039020195344
"2009-08-20",2009-08-20,-0.00376647834274953,880400,-0.54863481228669,1322.5,0.00378071833648397,1317.5,1327.5,2205,-1.00312012480499,-1.91809862103762
"2009-08-21",2009-08-21,-0.00378071833648393,891600,-0.550341296928328,1317.5,0,1317.5,1322.5,2206,-1.00311041990669,-1.94595160423133
"2009-08-24",2009-08-24,0.0360531309297913,1192200,-0.534129692832765,1365,0.0347985347985348,1317.5,1365,2206,-0.970542635658915,-1.68702468882641
"2009-08-25",2009-08-25,0.00366300366300366,1080200,-0.532423208191127,1370,0.0383211678832117,0,1370,0,1.10122935074914,-1.66048174359007
"2009-08-26",2009-08-26,-0.0145985401459854,1499000,-0.53924914675768,1350,0.024074074074074,1317.5,1370,2209,-1.01282051282051,-1.76744822887241
"2009-08-27",2009-08-27,-0.00740740740740741,1337200,-0.542662116040956,1340,0.0167910447761194,1317.5,1370,0,-1.00632911392405,-1.82174100242402
"2009-08-28",2009-08-28,0.00186567164179104,1010400,-0.541808873720137,1342.5,0.0186219739292365,1317.5,1370,0,1.10904200289675,-1.8081161769436
"2009-08-31",2009-08-31,-0.0204841713221601,1685000,-0.551194539249147,1315,0,1315,1350,2212,-1.01732283464567,-1.95028265305833
"2009-09-02",2009-09-02,0.0399239543726236,1487200,-0.533276450511946,1367.5,0.0383912248628885,1315,1367.5,2212,-0.96749226006192,-1.66445718394308
"2009-09-03",2009-09-03,-0.0164533820840951,1053800,-0.540955631399318,1345,0.0223048327137546,1315,1367.5,2214,-1.0144,-1.78509097660827
"2009-09-04",2009-09-04,0,647800,-0.540955631399318,1345,0.0223048327137546,1315,1367.5,0,-1,-1.78509097660827
"2009-09-07",2009-09-07,0.0130111524163569,938800,-0.534982935153584,1362.5,0.0348623853211009,1315,1367.5,0,1.56299694189602,-1.69103163308884
"2009-09-08",2009-09-08,0.00917431192660551,742000,-0.530716723549489,1375,0.0218181818181818,1345,1375,2214,-0.992025518341308,-1.7355886253866
"2009-09-09",2009-09-09,0.0163636363636364,1082400,-0.523037542662116,1397.5,0.037567084078712,0,1397.5,0,1.72182468694096,-1.6166679277596
"2009-09-10",2009-09-10,0.0214669051878354,1301200,-0.512798634812287,1427.5,0.0577933450087565,0,1427.5,0,1.53840380285214,-1.46202705928755
"2009-09-11",2009-09-11,-0.0157618213660245,941400,-0.520477815699659,1405,0.0427046263345195,1345,1427.5,2220,-1.01497504159734,-1.57759667214384
"2009-09-14",2009-09-14,-0.0177935943060498,1252800,-0.52901023890785,1380,0.0253623188405797,1345,1427.5,0,-1.01639344262295,-1.70893652639409
"2009-09-15",2009-09-15,0.0144927536231884,1169000,-0.522184300341297,1400,0.0392857142857143,1345,1427.5,0,1.54897959183673,-1.60361313051966
"2009-09-16",2009-09-16,0.0232142857142857,1119000,-0.511092150170649,1432.5,0.0366492146596858,1380,1432.5,2220,-0.978758169934641,-1.5606923394627
"2009-09-17",2009-09-17,0.0366492146596859,2508600,-0.493174061433448,1485,0.0707070707070707,0,1485,0,1.92929292929293,-1.29686300376398
"2009-09-18",2009-09-18,0.0235690235690236,2659400,-0.48122866894198,1520,0.0921052631578947,0,1520,0,1.30263157894737,-1.12761132586572
"2009-09-21",2009-09-21,0,0,-0.48122866894198,1520,0.0921052631578947,0,1520,0,-1,-1.12761132586572
"2009-09-24",2009-09-24,-0.0180921052631579,2110600,-0.49061433447099,1492.5,0.0753768844221105,1380,1520,2227,-1.01950354609929,-1.2601659331815
"2009-09-25",2009-09-25,0.0033500837520938,1923600,-0.488907849829352,1497.5,0.0784641068447413,1380,1520,0,1.0409571508069,-1.23583312777427
"2009-09-28",2009-09-28,-0.0467445742904841,1849000,-0.512798634812287,1427.5,0.0332749562171629,1380,1520,0,-1.04886561954625,-1.58648213661416
"2009-09-29",2009-09-29,-0.00875656742556918,1060000,-0.517064846416383,1415,0.0247349823321554,1380,1520,0,-1.00831946755408,-1.65148619617339
"2009-09-30",2009-09-30,0.00706713780918728,922600,-0.513651877133106,1425,0.031578947368421,1380,1520,0,1.27669172932331,-1.5994221080833
"2009-10-01",2009-10-01,0.00701754385964912,2471200,-0.51023890784983,1435,0.0383275261324042,1380,1520,0,1.2137049941928,-1.54784219968356
"2009-10-02",2009-10-02,-0.029616724738676,1780200,-0.524744027303755,1392.5,0.00897666068222625,1380,1520,0,-1.02842809364549,-1.77045470651949
"2009-10-05",2009-10-05,-0.0107719928186715,1725000,-0.529863481228669,1377.5,0,1377.5,1497.5,2234,-1.00975609756098,-1.84200643238321
"2009-10-06",2009-10-06,0.0199637023593466,1802800,-0.520477815699659,1405,0.0195729537366548,1377.5,1405,2234,-0.982286634460547,-1.6950127930126
"2009-10-07",2009-10-07,-0.0231316725978648,1810200,-0.531569965870307,1372.5,0,0,1405,2236,-1.02131147540984,-1.85066853003722
"2009-10-08",2009-10-08,0.0746812386156648,3157000,-0.496587030716724,1475,0.0694915254237288,1372.5,1475,2236,-0.934189406099519,-1.32035729383304
"2009-10-09",2009-10-09,0.0101694915254237,1755600,-0.491467576791809,1490,0.0788590604026845,0,1490,0,1.1348011131118,-1.24682149425069
"2009-10-13",2009-10-13,0.0503355704697987,2786400,-0.465870307167236,1565,0.123003194888179,0,1565,0,1.55978519475223,-0.892814878434219
"2009-10-14",2009-10-14,-0.0159744408945687,1829600,-0.474402730375427,1540,0.108766233766234,1372.5,1565,2240,-1.01831501831502,-1.00839202795955
"2009-10-15",2009-10-15,0.0422077922077922,2526600,-0.45221843003413,1605,0.0404984423676013,1540,1605,2240,-0.953237410071943,-1.24231133202847
"2009-10-16",2009-10-16,-0.00934579439252336,1549800,-0.457337883959045,1590,0.0314465408805031,1540,1605,2242,-1.01132075471698,-1.31424497940702
"2009-10-19",2009-10-19,0.00943396226415094,1444600,-0.45221843003413,1605,0.00934579439252337,1590,1605,2242,-0.988805970149254,-1.40044183748795
"2009-10-20",2009-10-20,-0.0280373831775701,1549600,-0.467576791808874,1560,0,0,1605,2244,-1.03396226415094,-1.52583986801188
"2009-10-21",2009-10-21,-0.00961538461538462,1510200,-0.472696245733789,1545,0,1545,1560,2245,-1.01094890510949,-1.5518261609739
"2009-10-22",2009-10-22,-0.00970873786407767,997200,-0.477815699658703,1530,0,1530,1545,2246,-1.01083032490975,-1.57781245393593
"2009-10-23",2009-10-23,0.0130718954248366,1427200,-0.470989761092151,1550,0.0129032258064516,1530,1550,2246,-0.985714285714286,-1.47766742815539
"2009-10-26",2009-10-26,0.0193548387096774,895400,-0.460750853242321,1580,0.0316455696202531,0,1580,0,2.45253164556961,-1.33055890697656
"2009-10-27",2009-10-27,-0.0316455696202532,1311200,-0.477815699658703,1530,0,0,1580,2249,-1.03703703703704,-1.57781245393593
"2009-10-28",2009-10-28,0,2291000,-0.477815699658703,1530,0,1530,1530,2249,-1,-1.57781245393593
"2009-10-29",2009-10-29,-0.0343137254901961,1701000,-0.495733788395905,1477.5,0,0,1530,2251,-1.0375,-1.66876447930303
"2009-10-30",2009-10-30,0.0423011844331641,1933200,-0.474402730375427,1540,0.0405844155844156,1477.5,1540,2251,-0.95697074010327,-1.35448220240838
"2009-11-02",2009-11-02,-0.0227272727272727,1182000,-0.486348122866894,1505,0.0182724252491694,1477.5,1540,2253,-1.02517985611511,-1.52837230852202
"2009-11-04",2009-11-04,0.00996677740863787,1507400,-0.48122866894198,1520,0.0279605263157895,1477.5,1540,0,1.5302033492823,-1.4532093189327
"2009-11-05",2009-11-05,0.00328947368421053,1546200,-0.479522184300342,1525,0.0311475409836065,1477.5,1540,0,1.11398264223722,-1.42836996916414
"2009-11-06",2009-11-06,-0.00327868852459016,1421000,-0.48122866894198,1520,0.0279605263157895,1477.5,1540,0,-1.00355871886121,-1.4532093189327
"2009-11-09",2009-11-09,0.00328947368421053,2193000,-0.479522184300341,1525,0.0311475409836065,1477.5,1540,0,1.11398264223722,-1.42836996916414
"2009-11-10",2009-11-10,0,1235400,-0.479522184300341,1525,0.0311475409836065,1477.5,1540,0,-1,-1.42836996916414
"2009-11-11",2009-11-11,-0.00327868852459016,1188400,-0.48122866894198,1520,0.0279605263157895,1477.5,1540,0,-1.00355871886121,-1.4532093189327
"2009-11-12",2009-11-12,0.0263157894736842,1998800,-0.467576791808874,1560,0.0352564102564102,1505,1560,2253,1.26093514328808,-1.34687870942936
"2009-11-13",2009-11-13,-0.00320512820512821,2773400,-0.469283276450512,1555,0.0321543408360129,1505,1560,2261,-1.0036496350365,-1.37128687803729
"2009-11-16",2009-11-16,-0.0401929260450161,1251800,-0.49061433447099,1492.5,0,1492.5,1555,2262,-1.04545454545455,-1.642778186341
"2009-11-17",2009-11-17,-0.0033500837520938,1598600,-0.492320819112628,1487.5,0,1487.5,1492.5,2263,-1.00347826086956,-1.65144028399501
"2009-11-18",2009-11-18,0.00504201680672269,1599600,-0.489761092150171,1495,0.00501672240802675,1487.5,1495,2263,-0.994800693240901,-1.61298230862478
"2009-11-19",2009-11-19,0,1936600,-0.489761092150171,1495,0.00501672240802675,0,1495,0,-1,-1.61298230862478
"2009-11-20",2009-11-20,-0.0150501672240803,1972600,-0.497440273037543,1472.5,0,0,1495,2266,-1.01567944250871,-1.67742657695704
"2009-11-24",2009-11-24,0.0067911714770798,1185200,-0.494027303754266,1482.5,0.00674536256323777,1472.5,1482.5,2266,-0.993138936535163,-1.62586299395762
"2009-11-25",2009-11-25,0.0219224283305228,1634400,-0.482935153583618,1515,0.028052805280528,0,1515,0,4.15882838283828,-1.46140300955598
"2009-11-26",2009-11-26,-0.0099009900990099,1130400,-0.488054607508532,1500,0.0183333333333333,1472.5,1515,2269,-1.01060070671378,-1.53672523739708
"2009-11-27",2009-11-27,-0.0583333333333333,2592000,-0.517918088737201,1412.5,0,1412.5,1500,2270,-1.06118881118881,-1.78137174880515
"2009-11-30",2009-11-30,0.0336283185840708,1899400,-0.501706484641638,1460,0.0325342465753424,1412.5,1460,2270,-0.968698517298188,-1.53393833602401
"2009-12-01",2009-12-01,0.00513698630136986,2607200,-0.499146757679181,1467.5,0.0374787052810903,0,1467.5,0,1.15197704653457,-1.49584717042793
"2009-12-02",2009-12-02,0.00170357751277683,1120000,-0.498293515358362,1470,0.0391156462585034,0,1470,0,1.0436765615337,-1.48320702683721
"2009-12-03",2009-12-03,0.0374149659863946,1059800,-0.479522184300341,1525,0.0737704918032787,0,1525,0,1.88595866001426,-1.21201633005515
"2009-12-04",2009-12-04,0.0426229508196721,2551800,-0.457337883959045,1590,0.111635220125786,0,1590,0,1.51327742837177,-0.907208107570984
"2009-12-07",2009-12-07,0.0440251572327044,2139200,-0.433447098976109,1660,0.149096385542169,0,1660,0,1.33556762260309,-0.595786268396011
"2009-12-08",2009-12-08,-0.00903614457831325,1484600,-0.438566552901024,1645,0.141337386018237,1412.5,1660,2277,-1.01181102362205,-0.661157159340231
"2009-12-09",2009-12-09,-0.0243161094224924,1380600,-0.45221843003413,1605,0.11993769470405,1412.5,1660,0,-1.03112840466926,-0.839078543106783
"2009-12-10",2009-12-10,-0.0218068535825545,1172200,-0.464163822525597,1570,0.10031847133758,1412.5,1660,0,-1.02641509433962,-0.999300193100811
"2009-12-11",2009-12-11,0.0127388535031847,1522200,-0.457337883959045,1590,0.111635220125786,1412.5,1660,0,1.11280822601577,-0.907208107570984
"2009-12-14",2009-12-14,0.0345911949685535,1222800,-0.438566552901024,1645,0.141337386018237,1412.5,1660,0,1.26606447193801,-0.66115715934023
"2009-12-15",2009-12-15,0.00303951367781155,1188600,-0.436860068259386,1650,0.143939393939394,1412.5,1660,0,1.01840990550668,-0.639287297514415
"2009-12-16",2009-12-16,0.00909090909090909,2749200,-0.431740614334471,1665,0.0570570570570571,1570,1665,2277,-0.98828125,-1.05431481043162
"2009-12-17",2009-12-17,-0.015015015015015,1262200,-0.440273037542662,1640,0.0426829268292683,1570,1665,2284,-1.0197628458498,-1.17058822886025
"2009-12-18",2009-12-18,-0.00609756097560976,1193200,-0.443686006825939,1630,0.0368098159509203,1570,1665,0,-1.0077519379845,-1.21772427170546
"2009-12-21",2009-12-21,-0.0214723926380368,1157600,-0.455631399317406,1595,0.0156739811912225,1570,1665,0,-1.02692307692308,-1.3856442247904
"2009-12-22",2009-12-22,0.00940438871473354,1528400,-0.450511945392492,1610,0.0248447204968945,1570,1665,0,1.58509316770187,-1.31310735792521
"2009-12-24",2009-12-24,0.0093167701863354,1094200,-0.445392491467577,1625,0.0338461538461539,1570,1665,0,1.36230769230769,-1.24142988627054
"2009-12-25",2009-12-25,-0.00615384615384615,777000,-0.448805460750853,1615,0.0278637770897833,1570,1665,0,-1.00766283524904,-1.28912056153528
"2009-12-28",2009-12-28,-0.00928792569659443,903000,-0.453924914675768,1600,0.01875,1570,1665,0,-1.01140684410646,-1.36136828880638
"2009-12-29",2009-12-29,-0.00625,435000,-0.457337883959044,1590,0.0125786163522013,1570,1665,0,-1.00751879699248,-1.4100183610155
"2009-12-30",2009-12-30,-0.00314465408805031,406600,-0.459044368600683,1585,0.00946372239747639,1570,1665,0,-1.00373134328358,-1.43449162682149
"2010-01-04",2010-01-04,0.0157728706624606,425400,-0.450511945392492,1610,0.0248447204968945,1570,1665,0,2.62525879917183,-1.31310735792521
"2010-01-05",2010-01-05,-0.0124223602484472,895000,-0.457337883959045,1590,0.0125786163522013,1570,1665,0,-1.01515151515152,-1.4100183610155
"2010-01-06",2010-01-06,-0.0172955974842767,1685600,-0.466723549488055,1562.5,0,1562.5,1640,2295,-1.0205223880597,-1.52150881918487
"2010-01-07",2010-01-07,-0.0176,1693000,-0.476109215017065,1535,0,1535,1562.5,2296,-1.02010968921389,-1.56915035628192
"2010-01-08",2010-01-08,0.0325732899022801,1643800,-0.459044368600683,1585,0.0315457413249212,1535,1585,2296,-0.96415770609319,-1.32240353667402
"2010-01-12",2010-01-12,0.0220820189274448,1500200,-0.447098976109215,1620,0.0524691358024691,0,1620,0,1.66327160493827,-1.15556192817228
"2010-01-13",2010-01-13,-0.00308641975308642,1516200,-0.448805460750853,1615,0.0495356037151703,1535,1620,2299,-1.00381679389313,-1.17911460309334
"2010-01-14",2010-01-14,0.0170278637770898,899400,-0.439419795221843,1642.5,0.0167427701674278,1615,1642.5,2299,-0.979087452471483,-1.29792913575003
"2010-01-15",2010-01-15,0.0106544901065449,1583200,-0.433447098976109,1660,0.0271084337349398,0,1660,0,1.61911281489594,-1.21499579737975
"2010-01-18",2010-01-18,-0.00301204819277108,900400,-0.435153583617748,1655,0.0241691842900302,1615,1660,2302,-1.00393700787402,-1.23857749354644
"2010-01-19",2010-01-19,-0.00604229607250755,695000,-0.438566552901024,1645,0.0182370820668692,1615,1660,0,-1.0078431372549,-1.2860129758223
"2010-01-20",2010-01-20,-0.0060790273556231,1092600,-0.4419795221843,1635,0.0122324159021406,1615,1660,0,-1.00778210116731,-1.3338167918837
"2010-01-21",2010-01-21,-0.00458715596330275,1333200,-0.444539249146758,1627.5,0.00768049155145933,1615,1660,0,-1.00579150579151,-1.36991545732292
"2010-01-22",2010-01-22,-0.00768049155145929,1783400,-0.448805460750853,1615,0,1615,1655,2306,-1.00959692898273,-1.43055679381777
"2010-01-25",2010-01-25,-0.021671826625387,660600,-0.460750853242321,1580,0,1580,1615,2307,-1.02661596958175,-1.49119147739584
"2010-01-26",2010-01-26,-0.0363924050632911,1199000,-0.480375426621161,1522.5,0,1522.5,1580,2308,-1.04259259259259,-1.59080560041695
"2010-01-27",2010-01-27,-0.0295566502463054,1626200,-0.495733788395905,1477.5,0,1477.5,1522.5,2309,-1.03197158081705,-1.66876447930303
"2010-01-28",2010-01-28,0.038917089678511,1935400,-0.476109215017065,1535,0.0374592833876222,1477.5,1535,2309,-0.960413080895009,-1.37900743742079
"2010-01-29",2010-01-29,-0.0162866449511401,1317200,-0.484641638225256,1510,0.0215231788079471,1477.5,1535,2311,-1.01792114695341,-1.50320942082971
"2010-02-01",2010-02-01,-0.00894039735099338,1579800,-0.489249146757679,1496.5,0.0126962913464751,1477.5,1535,0,-1.00950704225352,-1.57140227014246
"2010-02-02",2010-02-02,0.0240561309722686,835600,-0.476962457337884,1532.5,0.035889070146819,1477.5,1535,0,2.82673649866919,-1.39130887173945
"2010-02-03",2010-02-03,-0.00978792822185971,1078600,-0.482081911262799,1517.5,0.0263591433278418,1477.5,1535,0,-1.01073345259392,-1.46566897055202
"2010-02-04",2010-02-04,0.00494233937397035,885400,-0.479522184300341,1525,0.0311475409836065,1477.5,1535,0,1.18165983606557,-1.42836996916414
"2010-02-05",2010-02-05,-0.0360655737704918,3512200,-0.498293515358362,1470,0,1470,1532.5,2316,-1.03914590747331,-1.68175762578404
"2010-02-08",2010-02-08,-0.0357142857142857,2673400,-0.516211604095563,1417.5,0,1417.5,1470,2317,-1.03595890410959,-1.77270965115114
"2010-02-09",2010-02-09,0,2288800,-0.516211604095563,1417.5,0,1417.5,1417.5,2317,-1,-1.77270965115114
"2010-02-10",2010-02-10,0.0264550264550265,1654000,-0.503412969283277,1455,0.0257731958762887,0,1455,0,-0.975206611570248,-1.57691945417779
"2010-02-12",2010-02-12,0.0343642611683849,2371600,-0.486348122866894,1505,0.0581395348837209,0,1505,0,2.25581395348837,-1.3260072895752
"2010-02-15",2010-02-15,-0.0285714285714286,1935200,-0.501023890784983,1462,0.030437756497948,1417.5,1505,2321,-1.03017543859649,-1.54111525800611
"2010-02-16",2010-02-16,0.00376196990424077,730800,-0.499146757679181,1467.5,0.0340715502555367,1417.5,1505,0,1.11938441513696,-1.5131418526264
"2010-02-17",2010-02-17,0.0255536626916525,726600,-0.486348122866894,1505,0.0285714285714286,1462,1505,2321,-0.974358974358974,-1.47609467862742
"2010-02-18",2010-02-18,0.0249169435215947,2103600,-0.473549488054608,1542.5,0.0521880064829822,0,1542.5,0,1.82658022690438,-1.29125145120604
"2010-02-19",2010-02-19,-0.0327390599675851,2186600,-0.490784982935153,1492,0.0201072386058981,1462,1542.5,2325,-1.0363963963964,-1.54158026959334
"2010-02-22",2010-02-22,0.0288203753351206,1747200,-0.476109215017065,1535,0.047557003257329,1462,1542.5,0,2.36516829533116,-1.32775152016257
"2010-02-23",2010-02-23,-0.0237785016286645,1926800,-0.488566552901024,1498.5,0.0243576910243577,1462,1542.5,0,-1.02616487455197,-1.5087442919646
"2010-02-24",2010-02-24,-0.0106773440106773,918000,-0.494027303754266,1482.5,0.0138279932546375,1462,1542.5,0,-1.01117708697171,-1.58991163688166
"2010-02-25",2010-02-25,-0.0188870151770658,1408200,-0.50358361774744,1454.5,0,1454.5,1535,2329,-1.01934369602763,-1.70861012851147
"2010-02-26",2010-02-26,-0.022000687521485,2208400,-0.514505119453925,1422.5,0,1422.5,1454.5,2330,-1.02168756353778,-1.76404755349713
"2010-03-01",2010-03-01,0.0214411247803163,1369400,-0.504095563139932,1453,0.0209910529938059,1422.5,1453,2330,-0.979767827529021,-1.60465839898448
"2010-03-02",2010-03-02,0.00825877494838266,1043600,-0.5,1465,0.0290102389078498,0,1465,0,1.38202875846249,-1.54316406331989
"2010-03-03",2010-03-03,0.00341296928327645,2058400,-0.498293515358362,1470,0.032312925170068,0,1470,0,1.11384553821529,-1.51773756578449
"2010-03-04",2010-03-04,-0.0408163265306122,3729400,-0.51877133105802,1410,0,0,1470,2334,-1.04109589041096,-1.78570279763215
"2010-03-05",2010-03-05,0.024822695035461,2396400,-0.506825938566553,1445,0.0242214532871973,1410,1445,2334,-0.976973684210526,-1.60212027814839
"2010-03-08",2010-03-08,0.0235294117647059,2053600,-0.495221843003413,1479,0.0466531440162272,0,1479,0,1.92610837438424,-1.42935499365645
"2010-03-09",2010-03-09,-0.0101419878296146,1150000,-0.500341296928328,1464,0.0368852459016393,1410,1479,2337,-1.01033769813921,-1.50492303220146
"2010-03-10",2010-03-10,-0.0105874316939891,1141400,-0.505631399317406,1448.5,0.0265792198826372,1410,1479,0,-1.01057298772169,-1.58408881195648
"2010-03-11",2010-03-11,0.0255436658612358,1681000,-0.493003412969283,1485.5,0.024907438572871,1448.5,1485.5,2337,-0.975025312183598,-1.52847523323216
"2010-03-12",2010-03-12,0.0282733086502861,2208600,-0.478668941979522,1527.5,0.0517184942716857,0,1527.5,0,2.07642765515106,-1.31962098309374
"2010-03-15",2010-03-15,0.00654664484451719,1512800,-0.475255972696246,1537.5,0.0578861788617886,0,1537.5,0,1.11925491406813,-1.27098968726162
"2010-03-16",2010-03-16,-0.0195121951219512,757800,-0.485494880546075,1507.5,0.0391376451077944,1448.5,1537.5,2342,-1.02154398563734,-1.41812962851017
"2010-03-17",2010-03-17,0.00829187396351575,1281400,-0.481228668941979,1520,0.0470394736842106,1448.5,1537.5,0,1.20189841659233,-1.35636478766149
"2010-03-18",2010-03-18,-0.0154605263157895,1128800,-0.489249146757679,1496.5,0.0320748412963582,1448.5,1537.5,0,-1.01666666666667,-1.47303695939589
"2010-03-19",2010-03-19,0.00735048446374875,764000,-0.485494880546075,1507.5,0.0391376451077944,1448.5,1537.5,0,1.22019762299613,-1.41812962851017
"2010-03-23",2010-03-23,-0.0066334991708126,1088600,-0.488907849829351,1497.5,0.0327212020033389,1448.5,1537.5,0,-1.00702987697715,-1.46802361988083
"2010-03-24",2010-03-24,0.01669449081803,1510400,-0.48037542662116,1522.5,0.0486042692939245,1448.5,1537.5,0,1.48540598505412,-1.34409085317986
"2010-03-25",2010-03-25,0.0164203612479475,2520400,-0.471843003412969,1547.5,0.0329563812600969,1496.5,1547.5,2342,-0.982238010657194,-1.38020887596743
"2010-03-26",2010-03-26,0.0177705977382876,2756600,-0.462457337883959,1575,0.0498412698412698,0,1575,0,1.51234049175226,-1.24685982636281
"2010-03-29",2010-03-29,-0.0238095238095238,1427000,-0.475255972696246,1537.5,0.0266666666666666,1496.5,1575,2350,-1.02767527675277,-1.4294595947816
"2010-03-30",2010-03-30,0.0146341463414634,1777400,-0.467576791808874,1560,0.0407051282051282,1496.5,1575,0,1.52644230769231,-1.31922107583025
"2010-03-31",2010-03-31,-0.0128205128205128,1740800,-0.474402730375427,1540,0.0282467532467533,1496.5,1575,0,-1.01459854014599,-1.41710804349911
"2010-04-01",2010-04-01,0.0357142857142857,1616800,-0.455631399317406,1595,0.0360501567398119,1537.5,1595,2350,1.27625842251288,-1.28221497725397
"2010-04-02",2010-04-02,0.00940438871473354,1412600,-0.450511945392491,1610,0.0450310559006211,0,1610,0,1.24912233324331,-1.21064173691863
"2010-04-05",2010-04-05,-0.0062111801242236,676800,-0.453924914675768,1600,0.0390625,1537.5,1610,2355,-1.00757575757576,-1.2582622576685
"2010-04-06",2010-04-06,-0.0046875,943200,-0.456484641638225,1592.5,0.0345368916797488,1537.5,1610,0,-1.00563909774436,-1.2942273432208
"2010-04-07",2010-04-07,-0.0172684458398744,1561200,-0.465870307167235,1565,0.0175718849840255,1537.5,1610,0,-1.02056074766355,-1.42798307151163
"2010-04-08",2010-04-08,-0.0223642172523962,1118600,-0.477815699658703,1530,0,1530,1600,2358,-1.02564102564103,-1.57781245393593
"2010-04-09",2010-04-09,-0.00816993464052288,2543400,-0.482081911262799,1517.5,0,1517.5,1530,2359,-1.00892857142857,-1.59946769807095
"2010-04-12",2010-04-12,-0.00329489291598023,1040800,-0.483788395904437,1512.5,0,1512.5,1517.5,2360,-1.00353982300885,-1.60812979572496
"2010-04-13",2010-04-13,-0.0115702479338843,2430200,-0.48976109215017,1495,0,1495,1512.5,2361,-1.01234567901235,-1.63844713751399
"2010-04-14",2010-04-14,-0.00903010033444816,2438400,-0.494368600682594,1481.5,0,1481.5,1495,2362,-1.00940766550523,-1.66183480117982
"2010-04-15",2010-04-15,0.0020249746878164,1746400,-0.493344709897611,1484.5,0.00202088245200405,1481.5,1484.5,2362,-0.997928891957197,-1.64637956503555
"2010-04-16",2010-04-16,-0.0282923543280566,4255000,-0.507679180887372,1442.5,0,0,1484.5,2364,-1.02905569007264,-1.72939916288109
"2010-04-19",2010-04-19,0.00519930675909879,3872400,-0.505119453924915,1450,0.0051724137931034,1442.5,1450,2364,-0.994957983193278,-1.69015089971775
"2010-04-20",2010-04-20,-0.016551724137931,1981200,-0.513310580204778,1426,0,0,1450,2366,-1.01621621621622,-1.75798408513932
"2010-04-21",2010-04-21,0.0361150070126227,3491400,-0.495733788395904,1477.5,0.0348561759729272,1426,1477.5,2366,-0.965757978723404,-1.49183490563105
"2010-04-22",2010-04-22,-0.01082910321489,2228400,-0.501194539249147,1461.5,0.0242901128977079,1426,1477.5,2368,-1.01101549053356,-1.573186840447
"2010-04-23",2010-04-23,0.00581594252480328,1559800,-0.498293515358362,1470,0.0299319727891156,1426,1477.5,0,1.23226980933218,-1.52982325441603
"2010-04-26",2010-04-26,0.0136054421768707,1503000,-0.491467576791809,1490,0.0191275167785235,1461.5,1490,2368,-0.986301369863014,-1.55001816609444
"2010-04-27",2010-04-27,0.0218120805369128,1931000,-0.48037542662116,1522.5,0.0400656814449918,0,1522.5,0,2.09466194221185,-1.38743263309989
"2010-04-28",2010-04-28,-0.0459770114942529,2950400,-0.504266211604095,1452.5,0,0,1522.5,2372,-1.04973357015986,-1.71207496757307
"2010-04-30",2010-04-30,0.00688468158347676,2029000,-0.500853242320819,1462.5,0.00683760683760681,1452.5,1462.5,2372,-0.993231810490694,-1.66004315363087
"2010-05-06",2010-05-06,-0.0321367521367521,2718400,-0.516894197952218,1415.5,0,0,1462.5,2374,-1.0320272572402,-1.77617449021274
"2010-05-07",2010-05-07,-0.0314376545390321,3171200,-0.532081911262798,1371,0,1371,1415.5,2375,-1.02938263453285,-1.85326715933342
"2010-05-10",2010-05-10,0.00401167031363968,2821400,-0.530204778156996,1376.5,0.00399564111877948,1371,1376.5,2375,-0.996472097498396,-1.82345702064713
"2010-05-11",2010-05-11,-0.0217944061024337,1895800,-0.540443686006826,1346.5,0,0,1376.5,2377,-1.01931123270035,-1.89571143783807
"2010-05-12",2010-05-12,-0.0077979948013368,2137000,-0.544027303754266,1336,0,1336,1346.5,2378,-1.0066308809599,-1.91390184291149
"2010-05-13",2010-05-13,0.0190868263473054,1432200,-0.535324232081911,1361.5,0.0187293426367976,1336,1361.5,2378,-0.984002509410289,-1.77465520345565
"2010-05-14",2010-05-14,-0.00477414616232097,1809800,-0.537542662116041,1355,0.0140221402214022,1336,1361.5,2380,-1.00414408670705,-1.80980963914748
"2010-05-17",2010-05-17,-0.0284132841328413,3540000,-0.550682593856655,1316.5,0,1316.5,1355,2381,-1.02444444444444,-1.94768402376212
"2010-05-18",2010-05-18,-0.00531712875047474,2839800,-0.553071672354949,1309.5,0,1309.5,1316.5,2382,-1.00433839479393,-1.95981096047774
"2010-05-19",2010-05-19,0.0103092783505155,2815400,-0.548464163822525,1323,0.0102040816326531,1309.5,1323,2382,-0.99166923788954,-1.884627488391
"2010-05-20",2010-05-20,-0.0347694633408919,1559600,-0.564163822525597,1277,0,0,1323,2384,-1.02862476664592,-2.0161145952288
"2010-05-21",2010-05-21,-0.0184025058731402,2075600,-0.572184300341297,1253.5,0,1253.5,1277,2385,-1.01421657592257,-2.05682645420264
"2010-05-24",2010-05-24,0.00997207818109294,1424200,-0.567918088737201,1266,0.00987361769352291,1253.5,1266,2385,-0.992543990456308,-1.98505283304106
"2010-05-25",2010-05-25,-0.0414691943127962,2209000,-0.585836177474403,1213.5,0,0,1266,2387,-1.03155048076923,-2.12612323543471
"2010-05-26",2010-05-26,-0.00164812525751957,1618200,-0.586518771331058,1211.5,0,1211.5,1213.5,2388,-1.00116516166618,-2.12958807449632
"2010-05-27",2010-05-27,0.035080478745357,1683200,-0.572013651877133,1254,0.0338915470494418,1211.5,1254,2388,-0.975269130055281,-1.88392711678724
"2010-05-28",2010-05-28,0.00199362041467305,1514600,-0.571160409556314,1256.5,0.0358137684042976,0,1256.5,0,1.05671683715269,-1.86983889307444
"2010-05-31",2010-05-31,0.0127337843215281,2056400,-0.565699658703071,1272.5,0.0479371316306483,0,1272.5,0,1.33851124208688,-1.78058211947087
"2010-06-01",2010-06-01,0.00471512770137525,1172200,-0.563651877133105,1278.5,0.0524051622995698,0,1278.5,0,1.09320604960988,-1.74750792675253
"2010-06-02",2010-06-02,-0.0168165819319515,1655400,-0.57098976109215,1257,0.0361972951471758,1211.5,1278.5,2393,-1.01301846805934,-1.8670259056946
"2010-06-03",2010-06-03,0.0457438345266508,1937800,-0.55136518771331,1314.5,0.0437428680106504,1257,1314.5,2393,1.20845681515137,-1.72911053612016
"2010-06-04",2010-06-04,0.00152149106124002,1801800,-0.550682593856655,1316.5,0.0451955943790353,0,1316.5,0,1.0332105880216,-1.7182716736654
"2010-06-07",2010-06-07,-0.0265856437523737,1994800,-0.562627986348123,1281.5,0.0191182208349591,1257,1316.5,2396,-1.02169197396963,-1.911274824376
"2010-06-08",2010-06-08,0.0241904018728053,2192800,-0.552047781569966,1312.5,0.0422857142857143,1257,1316.5,0,2.21180174927113,-1.73997187178907
"2010-06-09",2010-06-09,-0.0285714285714286,1593800,-0.564846416382252,1275,0.0141176470588236,1257,1316.5,0,-1.02318392581144,-1.94791840993394
"2010-06-10",2010-06-10,0.0164705882352941,1318600,-0.557679180887372,1296,0.0300925925925926,1257,1316.5,0,2.1315586419753,-1.83044894838374
"2010-06-11",2010-06-11,-0.0123456790123457,3093000,-0.563139931740614,1280,0.01796875,1257,1316.5,0,-1.00979192166463,-1.91970815524519
"2010-06-14",2010-06-14,0.02421875,1294000,-0.552559726962457,1311,0.0411899313501144,1257,1316.5,0,2.29230922296289,-1.74813268345959
"2010-06-15",2010-06-15,-0.0259344012204424,1750400,-0.564163822525597,1277,0.0156617071260767,1257,1316.5,0,-1.02100061766523,-1.93661593860782
"2010-06-16",2010-06-16,0.0548159749412686,2774400,-0.540273037542662,1347,0.0534521158129176,1275,1347,2396,3.41291759465479,-1.62352286413951
"2010-06-17",2010-06-17,-0.0193021529324425,1394000,-0.549146757679181,1321,0.0348221044663134,1275,1347,2404,-1.01642451042325,-1.763131508802
"2010-06-18",2010-06-18,-0.000757002271006813,892000,-0.549488054607508,1320,0.0340909090909091,1275,1347,0,-1.00062150403978,-1.76857546817991
"2010-06-21",2010-06-21,0.0284090909090909,932800,-0.536689419795222,1357.5,0.0276243093922652,1320,1357.5,2404,-0.976708074534162,-1.73643412616915
"2010-06-22",2010-06-22,-0.0246777163904236,924000,-0.548122866894198,1324,0.00302114803625375,1320,1357.5,2407,-1.02130365659777,-1.9193555624012
"2010-06-23",2010-06-23,-0.0245468277945619,821800,-0.559215017064846,1291.5,0,1291.5,1324,2408,-1.02023661270237,-1.99099451203217
"2010-06-24",2010-06-24,-0.000387146728610143,717400,-0.55938566552901,1291,0,1291,1291.5,2409,-1.00030515715594,-1.99186072179757
"2010-06-25",2010-06-25,-0.0271107668474051,1091200,-0.571331058020478,1256,0,1256,1291,2410,-1.02135448444173,-2.05249540537564
"2010-06-28",2010-06-28,-0.0167197452229299,994600,-0.578498293515358,1235,0,1235,1256,2411,-1.01254480286738,-2.08887621552247
"2010-06-29",2010-06-29,-0.00283400809716599,824400,-0.579692832764505,1231.5,0,1231.5,1235,2412,-1.00206489675516,-2.09493968388028
"2010-06-30",2010-06-30,-0.0276086073893626,1222800,-0.591296928327645,1197.5,0,1197.5,1231.5,2413,-1.02001766264351,-2.15384194792754
"2010-07-01",2010-07-01,-0.015866388308977,1553000,-0.59778156996587,1178.5,0,1178.5,1197.5,2414,-1.01096681096681,-2.18675791901278
"2010-07-02",2010-07-02,0.00254560882477726,1328600,-0.596757679180887,1181.5,0.00253914515446463,1178.5,1181.5,2414,-0.998287182415073,-2.16867198697497
"2010-07-05",2010-07-05,0.0143884892086331,916600,-0.590955631399317,1198.5,0.0166875260742595,0,1198.5,0,6.57210401891262,-2.06740382584773
"2010-07-06",2010-07-06,0.0137672090112641,1177400,-0.585324232081911,1215,0.0300411522633744,0,1215,0,1.80021604938271,-1.97103604093555
"2010-07-07",2010-07-07,0.00246913580246914,1234000,-0.584300341296928,1218,0.0324302134646962,0,1218,0,1.07952628382482,-1.95371193342677
"2010-07-08",2010-07-08,0.0291461412151067,1377400,-0.572184300341297,1253.5,0.0598324690865576,0,1253.5,0,1.84496069233993,-1.75311748579921
"2010-07-09",2010-07-09,0.0287195851615477,2412600,-0.559897610921501,1289.5,0.0860798759208996,0,1289.5,0,1.43868165955797,-1.55751882840848
"2010-07-12",2010-07-12,0.00387747188832881,1295800,-0.558191126279863,1294.5,0.08960988798764,0,1294.5,0,1.04100856360416,-1.5309384275387
"2010-07-13",2010-07-13,0.00695249130938586,1733800,-0.555119453924914,1303.5,0.0958956655159187,0,1303.5,0,1.07014602595135,-1.48344011275562
"2010-07-14",2010-07-14,0.0257000383582662,895400,-0.543686006825938,1337,0.118548990276739,0,1337,0,1.23622887060583,-1.31041602607176
"2010-07-15",2010-07-15,-0.00673148840688108,2524800,-0.546757679180887,1328,0.112575301204819,1178.5,1337,2424,-1.00564971751412,-1.35633018321303
"2010-07-16",2010-07-16,-0.0237198795180723,1158600,-0.557508532423208,1296.5,0.0910142691862708,1178.5,1337,0,-1.01966292134831,-1.5203449646447
"2010-07-21",2010-07-21,-0.00115696104897802,805000,-0.558020477815699,1295,0.0899613899613899,1178.5,1337,0,-1.00091827364555,-1.52828799754189
"2010-07-22",2010-07-22,-0.00926640926640927,2117800,-0.562116040955631,1283,0.0814497272018706,1178.5,1337,0,-1.00733944954128,-1.59228214036779
"2010-07-23",2010-07-23,0.0455962587685113,1587400,-0.542150170648464,1341.5,0.0436079016026836,1283,1341.5,2424,-0.96448087431694,-1.68302029682112
"2010-07-26",2010-07-26,0.00708162504658964,1963000,-0.538907849829351,1351,0.0503330866025167,0,1351,0,1.15421941328677,-1.63242534468154
"2010-07-27",2010-07-27,-0.0166543301258327,1429800,-0.546587030716723,1328.5,0.0342491531802785,1283,1351,2430,-1.01424952501583,-1.75304665687549
"2010-07-28",2010-07-28,0.00489273616861122,1830000,-0.544368600682594,1335,0.0389513108614232,1283,1351,0,1.13729266987694,-1.71791782820037
"2010-07-29",2010-07-29,0.00112359550561798,1265800,-0.543856655290102,1336.5,0.0400299289188178,1283,1351,0,1.02769144435811,-1.70984414526667
"2010-07-30",2010-07-30,-0.0662177328843996,4193800,-0.574061433447099,1248,0,1248,1336.5,2433,-1.05553812362724,-2.06635476162205
"2010-08-02",2010-08-02,0.0384615384615385,2175400,-0.557679180887372,1296,0.0370370370370371,1248,1296,2433,-0.971462544589774,-1.7951990232084
"2010-08-03",2010-08-03,-0.000771604938271605,1902200,-0.558020477815699,1295,0.0362934362934363,1248,1296,2435,-1.00061199510404,-1.80070595210161
"2010-08-04",2010-08-04,-0.0413127413127413,2452800,-0.576279863481229,1241.5,0,1241.5,1295,2436,-1.03272171253823,-2.07761548857226
"2010-08-05",2010-08-05,0.00483286347160693,1577600,-0.574232081911263,1247.5,0.004809619238477,1241.5,1247.5,2436,-0.996446550192478,-2.04280739595539
"2010-08-06",2010-08-06,0.0196392785571142,1353200,-0.565870307167235,1272,0.0239779874213837,0,1272,0,4.98542321802931,-1.9030646870887
"2010-08-09",2010-08-09,-0.0161163522012579,789200,-0.572866894197952,1251.5,0.00799041150619262,1241.5,1272,2439,-1.01236429433052,-2.0197320505535
"2010-08-10",2010-08-10,0.0271673991210547,1788200,-0.561262798634812,1285.5,0.0264488525865422,1251.5,1285.5,2439,3.31007390120573,-1.86713493846748
"2010-08-11",2010-08-11,-0.0248930377285103,1581400,-0.572184300341297,1253.5,0.00159553250897482,1251.5,1285.5,2441,-1.0194588020675,-2.04872754837855
"2010-08-12",2010-08-12,-0.00638213003589948,1621600,-0.574914675767918,1245.5,0,1245.5,1253.5,2442,-1.00477184610796,-2.07068581044905
"2010-08-13",2010-08-13,0.0160578081091931,1510200,-0.568088737201365,1265.5,0.0158040300276571,1245.5,1265.5,2442,-0.988127040664886,-1.95581633369711
"2010-08-16",2010-08-16,-0.00434610825760569,2278400,-0.569965870307167,1260,0.0115079365079365,1245.5,1265.5,2444,-1.00330429558426,-1.98715156553329
"2010-08-17",2010-08-17,-0.00317460317460317,1211800,-0.571331058020478,1256,0.00835987261146498,1245.5,1265.5,0,-1.00239520958084,-2.01006078207538
"2010-08-18",2010-08-18,0.0151273885350318,1206600,-0.564846416382252,1275,0.0149019607843137,1256,1275,2444,1.782558356676,-1.94393724191414
"2010-08-19",2010-08-19,0.00156862745098039,1426600,-0.564163822525597,1277,0.0164447924823806,0,1277,0,1.10353212710712,-1.93264100577677
"2010-08-20",2010-08-20,-0.0219263899765074,1336800,-0.573720136518771,1249,0,0,1277,2448,-1.01693889897157,-2.06462234209125
"2010-08-23",2010-08-23,-0.0172137710168134,1947200,-0.581058020477816,1227.5,0,1227.5,1249,2449,-1.01279000594884,-2.10186936200349
"2010-08-24",2010-08-24,-0.00733197556008147,1788800,-0.584129692832764,1218.5,0,1218.5,1227.5,2450,-1.00528634361233,-2.11746113778071
"2010-08-25",2010-08-25,-0.0123102174805088,1552600,-0.589249146757679,1203.5,0,1203.5,1218.5,2451,-1.00876424189308,-2.14344743074273
"2010-08-26",2010-08-26,0.0095554632322393,1363400,-0.585324232081911,1215,0.00946502057613163,1203.5,1215,2451,-0.993339125398204,-2.0754802636773
"2010-08-27",2010-08-27,0.0259259259259259,1517800,-0.57457337883959,1246.5,0.0344965904532691,0,1246.5,0,3.64463977397585,-1.89384906946962
"2010-08-30",2010-08-30,0.00160449257922182,1152400,-0.573890784982935,1248.5,0.0360432519022827,0,1248.5,0,1.04483519758594,-1.88253339355771
"2010-08-31",2010-08-31,-0.0432519022827393,1613800,-0.592320819112628,1194.5,0,0,1248.5,2455,-1.0321141837645,-2.15903920651995
"2010-09-01",2010-09-01,0.000837170364169108,1381600,-0.5919795221843,1195.5,0.000836470096194031,1194.5,1195.5,2455,-0.999423797176606,-2.15306087379362
"2010-09-02",2010-09-02,0.0117105813467169,1201000,-0.587201365187713,1209.5,0.0124018189334436,0,1209.5,0,14.8263745349324,-2.07010141427827
"2010-09-03",2010-09-03,0.014055394791236,566800,-0.581399317406143,1226.5,0.0260905014268243,0,1226.5,0,2.10376409838293,-1.97116667741038
"2010-09-06",2010-09-06,0.0358744394618834,1274400,-0.566382252559727,1270.5,0.059818968909878,0,1270.5,0,2.29274891774892,-1.72373488052694
"2010-09-07",2010-09-07,-0.00550964187327824,916000,-0.56877133105802,1263.5,0.0546102097348635,1194.5,1270.5,2460,-1.00421813799337,-1.76230142269184
"2010-09-08",2010-09-08,-0.0245350217649387,714600,-0.579351535836177,1232.5,0.0308316430020285,1194.5,1270.5,0,-1.01860186018602,-1.93670617667445
"2010-09-09",2010-09-09,-0.00283975659229209,1003800,-0.580546075085324,1229,0.0280716029292107,1194.5,1270.5,0,-1.0020618556701,-1.95677957870313
"2010-09-10",2010-09-10,0.00203417412530513,1986600,-0.579692832764505,1231.5,0.0300446609825417,1194.5,1270.5,0,1.07028661876938,-1.94243330845663
"2010-09-13",2010-09-13,0.0048721071863581,1289600,-0.577645051194539,1237.5,0.0347474747474747,1194.5,1270.5,0,1.15652743652743,-1.90816735927266
"2010-09-14",2010-09-14,0.000404040404040404,616000,-0.577474402730375,1238,0.0351373182552503,1194.5,1270.5,0,1.01121933350866,-1.90532230806226
"2010-09-16",2010-09-16,0.0298869143780291,1158400,-0.564846416382252,1275,0.0360784313725491,1229,1275,2460,1.02678386297048,-1.83644570537944
"2010-09-17",2010-09-17,0.0207843137254902,1702800,-0.55580204778157,1301.5,0.0557049558202074,0,1301.5,0,1.54399605806009,-1.69091256118778
"2010-09-21",2010-09-21,0.0072992700729927,1522800,-0.552559726962457,1311,0.0625476735316552,0,1311,0,1.12283858070965,-1.63972101427043
"2010-09-22",2010-09-22,0.0015255530129672,1347400,-0.551877133105802,1313,0.0639756283320639,0,1313,0,1.02282986272361,-1.62900789202781
"2010-09-24",2010-09-24,-0.0277989337395278,1896600,-0.564334470989761,1276.5,0.0372111241676459,1229,1313,2470,-1.02257266542981,-1.82809753965981
"2010-09-27",2010-09-27,0.0254602428515472,1475000,-0.553242320819112,1309,0.0611153552330023,1229,1313,0,1.64239475694584,-1.65045628558313
"2010-09-28",2010-09-28,0.00496562261268144,929200,-0.551023890784983,1315.5,0.0296465222348917,1276.5,1315.5,2470,-0.995990129549661,-1.7989310158625
"2010-09-29",2010-09-29,0.00570125427594071,925800,-0.548464163822525,1323,0.0351473922902494,0,1323,0,1.18554857840572,-1.75801551225099
"2010-09-30",2010-09-30,0.000377928949357521,1801200,-0.548293515358362,1323.5,0.0355119002644503,0,1323.5,0,1.0103708397821,-1.75529906393603
"2010-10-01",2010-10-01,-0.00264450321118247,1144200,-0.549488054607508,1320,0.0329545454545455,1276.5,1323.5,2475,-1.00217864923747,-1.77434363775405
"2010-10-04",2010-10-04,0.0253787878787879,2046600,-0.538054607508532,1353.5,0.0247506464721093,1320,1353.5,2475,-0.979192546583851,-1.75795048631207
"2010-10-05",2010-10-05,0.0110823790173624,1494400,-0.532935153583618,1368.5,0.0354402630617464,0,1368.5,0,1.43189241952459,-1.677703814719
"2010-10-06",2010-10-06,0.0051150895140665,1161000,-0.530546075085324,1375.5,0.0403489640130862,0,1375.5,0,1.1385063350909,-1.64066036486441
"2010-10-07",2010-10-07,-0.00436205016357688,1072200,-0.53259385665529,1369.5,0.036144578313253,1320,1375.5,2479,-1.00385976198134,-1.67239629856037
"2010-10-08",2010-10-08,-0.017889740781307,1332000,-0.540955631399317,1345,0.0185873605947955,1320,1375.5,0,-1.01570009612304,-1.80396082502926
"2010-10-12",2010-10-12,-0.00817843866171004,1465400,-0.544709897610921,1334,0.0104947526236882,1320,1375.5,0,-1.00694006309148,-1.86409543073359
"2010-10-13",2010-10-13,0.00712143928035982,1000600,-0.541467576791809,1343.5,0.0174916263490882,1320,1375.5,0,1.66670211069169,-1.81212138955041
"2010-10-14",2010-10-14,0.0349832526981764,2439400,-0.525426621160409,1390.5,0.0406328658755843,1334,1390.5,2479,2.32298958739777,-1.61323298910732
"2010-10-15",2010-10-15,-0.0100683207479324,1192200,-0.530204778156996,1376.5,0.0308754086451144,1334,1390.5,2484,-1.00909386164339,-1.68701561030624
"2010-10-18",2010-10-18,-0.0025426807119506,637000,-0.531399317406143,1373,0.0284049526584123,1334,1390.5,0,-1.00225297714837,-1.705619086634
"2010-10-19",2010-10-19,-0.00473415877640204,935200,-0.533617747440273,1366.5,0.0237833882180754,1334,1390.5,0,-1.00417469492614,-1.74033882488716
"2010-10-20",2010-10-20,-0.0117087449688986,974400,-0.539078498293515,1350.5,0.012217697149204,1334,1390.5,0,-1.01023345059162,-1.82676486062814
"2010-10-21",2010-10-21,0.00555349870418364,1130800,-0.536518771331058,1358,0.0176730486008837,1334,1390.5,0,1.44651225063597,-1.78608040895845
"2010-10-22",2010-10-22,0.00257731958762887,692200,-0.535324232081911,1361.5,0.0201983106867426,1334,1390.5,0,1.14288774635818,-1.7671987374619
"2010-10-25",2010-10-25,-0.0077120822622108,841000,-0.538907849829351,1351,0.0125832716506291,1334,1390.5,0,-1.00669429391138,-1.82404299863248
"2010-10-26",2010-10-26,-0.00999259807549963,813600,-0.543515358361774,1337.5,0.00261682242990657,1334,1390.5,0,-1.0085497150095,-1.89802025115669
"2010-10-27",2010-10-27,0.0134579439252336,1192000,-0.537372013651877,1355.5,0.0158613057912209,1334,1390.5,0,6.06128471307363,-1.79960784476623
"2010-10-28",2010-10-28,0.050534857985983,4592200,-0.513993174061433,1424,0.0607443820224719,1337.5,1424,2484,3.82972138750981,-1.45311109556042
"2010-10-29",2010-10-29,-0.00842696629213483,1586600,-0.518088737201365,1412,0.0527620396600567,1337.5,1424,2494,-1.00796812749004,-1.51441841375392
"2010-11-01",2010-11-01,-0.00920679886685552,2192000,-0.522525597269624,1399,0.0439599714081487,1337.5,1424,0,-1.00856389986825,-1.58161907126094
"2010-11-02",2010-11-02,-0.00321658327376698,850600,-0.524061433447099,1394.5,0.0408748655432054,1337.5,1424,0,-1.00293925538863,-1.60507492327875
"2010-11-04",2010-11-04,0.0100394406597347,1192200,-0.519283276450512,1408.5,0.0504082357117501,1337.5,1424,0,1.23323306491291,-1.53242976559168
"2010-11-05",2010-11-05,0.0472133475328364,2344400,-0.496587030716723,1475,0.0545762711864407,1394.5,1475,2494,1.08268560515636,-1.39606696363337
"2010-11-08",2010-11-08,0.0288135593220339,1677600,-0.482081911262798,1517.5,0.0810543657331136,0,1517.5,0,1.48515763299804,-1.18803661095024
"2010-11-09",2010-11-09,-0.00329489291598023,1030000,-0.483788395904437,1512.5,0.0780165289256198,1394.5,1517.5,2500,-1.00353982300885,-1.21211873550716
"2010-11-10",2010-11-10,-0.00330578512396694,1264400,-0.485494880546075,1507.5,0.0749585406301824,1394.5,1517.5,0,-1.00352733686067,-1.23630314879975
"2010-11-11",2010-11-11,0.0182421227197347,1499600,-0.476109215017065,1535,0.0179153094462541,1507.5,1535,2500,-0.98066783831283,-1.47821243856573
"2010-11-12",2010-11-12,-0.0270358306188925,1799400,-0.490273037542662,1493.5,0,0,1535,2503,-1.02974910394265,-1.6410457668102
"2010-11-15",2010-11-15,0.00602611315701373,947600,-0.487201365187713,1502.5,0.00599001663893506,1493.5,1502.5,2503,-0.993734772015315,-1.59504873111468
"2010-11-16",2010-11-16,-0.0146422628951747,1662800,-0.494709897610921,1480.5,0,0,1502.5,2505,-1.015411558669,-1.66356722071062
"2010-11-17",2010-11-17,-0.0138466734211415,2261000,-0.501706484641638,1460,0,1460,1480.5,2506,-1.01414280786478,-1.69908182109206
"2010-11-18",2010-11-18,0.023972602739726,1278200,-0.48976109215017,1495,0.0234113712374582,1460,1495,2506,-0.976190476190476,-1.51961126936434
"2010-11-19",2010-11-19,-0.00334448160535117,954600,-0.491467576791809,1490,0.0201342281879194,1460,1495,2508,-1.00348432055749,-1.54490810982741
"2010-11-22",2010-11-22,0.00838926174496644,774600,-0.487201365187713,1502.5,0.00831946755407653,1490,1502.5,2508,-0.991319444444445,-1.58322446336868
"2010-11-24",2010-11-24,-0.0166389351081531,1411000,-0.495733788395904,1477.5,0,0,1502.5,2510,-1.01751313485114,-1.66876447930303
"2010-11-25",2010-11-25,0.0203045685279188,1223000,-0.485494880546075,1507.5,0.0199004975124378,1477.5,1507.5,2510,-0.97934595524957,-1.51577718242873
"2010-11-26",2010-11-26,0.0165837479270315,1649000,-0.476962457337884,1532.5,0.035889070146819,0,1532.5,0,1.80342577487765,-1.39130887173945
"2010-11-29",2010-11-29,0.0032626427406199,1110600,-0.475255972696246,1537.5,0.0390243902439025,0,1537.5,0,1.08736141906874,-1.36673192305494
"2010-11-30",2010-11-30,-0.016260162601626,1389600,-0.483788395904437,1512.5,0.0231404958677686,1477.5,1537.5,2514,-1.01795332136445,-1.49066888803324
"2010-12-01",2010-12-01,-0.00826446280991736,1912000,-0.488054607508532,1500,0.015,1477.5,1537.5,0,-1.00881834215168,-1.55364520148124
"2010-12-02",2010-12-02,0.0383333333333333,1468200,-0.468430034129693,1557.5,0.0369181380417335,1500,1557.5,2514,2.46120920278223,-1.34277484592277
"2010-12-03",2010-12-03,0,859000,-0.468430034129693,1557.5,0.0369181380417335,0,1557.5,0,-1,-1.34277484592277
"2010-12-06",2010-12-06,0.00321027287319422,672800,-0.466723549488054,1562.5,0.04,0,1562.5,0,1.08347826086957,-1.31846925017489
"2010-12-07",2010-12-07,0.0096,1473000,-0.46160409556314,1577.5,0.0491283676703645,0,1577.5,0,1.22820919175911,-1.24614746127398
"2010-12-08",2010-12-08,0.00475435816164818,1629800,-0.459044368600682,1585,0.0536277602523659,0,1585,0,1.09158441029816,-1.21031544652656
"2010-12-09",2010-12-09,0.0205047318611987,1971800,-0.447952218430034,1617.5,0.0726429675425039,0,1617.5,0,1.35457768888081,-1.05749082445487
"2010-12-10",2010-12-10,0.00927357032457496,2241600,-0.442832764505119,1632.5,0.0811638591117917,0,1632.5,0,1.11729823075169,-0.988252577697624
"2010-12-13",2010-12-13,0.0290964777947933,2109400,-0.426621160409556,1680,0.107142857142857,0,1680,0,1.32008086253369,-0.774093535896072
"2010-12-14",2010-12-14,0.00892857142857143,1504800,-0.421501706484641,1695,0.115044247787611,0,1695,0,1.07374631268437,-0.707999869156789
"2010-12-15",2010-12-15,-0.00294985250737463,1106400,-0.423208191126279,1690,0.112426035502959,1500,1695,2525,-1.00404858299595,-0.729951984157108
"2010-12-16",2010-12-16,-0.0118343195266272,1158800,-0.430034129692832,1670,0.101796407185629,1500,1695,0,-1.01612903225806,-0.818556253580317
"2010-12-17",2010-12-17,0.0104790419161677,1135600,-0.424061433447099,1687.5,0.111111111111111,1500,1695,0,1.09150326797386,-0.740957575029147
"2010-12-20",2010-12-20,-0.0192592592592593,1154800,-0.435153583617747,1655,0.0936555891238671,1500,1695,0,-1.0261569416499,-0.885865251308563
"2010-12-21",2010-12-21,-0.00151057401812689,1349400,-0.436006825938566,1652.5,0.0922844175491679,1500,1695,0,-1.00196078431373,-0.897156352274709
"2010-12-22",2010-12-22,-0.00453857791225416,1178400,-0.438566552901024,1645,0.0881458966565349,1500,1695,0,-1.00587084148728,-0.931156586215198
"2010-12-24",2010-12-24,0.00303951367781155,773400,-0.436860068259385,1650,0.0909090909090909,1500,1695,0,1.03134796238245,-0.908468544307943
"2010-12-27",2010-12-27,0.0136363636363636,660000,-0.429180887372013,1672.5,0.103139013452915,1500,1695,0,1.13452914798206,-0.807410149806817
"2010-12-28",2010-12-28,-0.00298953662182362,438200,-0.430887372013652,1667.5,0.100449775112444,1500,1695,0,-1.00397614314115,-0.829722792301184
"2010-12-29",2010-12-29,0.00749625187406297,669400,-0.426621160409556,1680,0.107142857142857,1500,1695,0,1.06663113006397,-0.774093535896073
"2010-12-30",2010-12-30,-0.0119047619047619,744800,-0.433447098976109,1660,0.0963855421686747,1500,1695,0,-1.016,-0.863345941413674
"2011-01-04",2011-01-04,0.0271084337349398,1044600,-0.418088737201365,1705,0.0351906158357771,1645,1705,2525,-0.964566929133859,-1.09601184923331
"2011-01-05",2011-01-05,0.00293255131964809,1280600,-0.416382252559727,1710,0.0380116959064327,0,1710,0,1.0801656920078,-1.07302997953709
"2011-01-06",2011-01-06,0.0087719298245614,660800,-0.411262798634812,1725,0.0463768115942029,0,1725,0,1.22006688963211,-1.00458244947597
"2011-01-07",2011-01-07,0.00289855072463768,615800,-0.409556313993174,1730,0.0491329479768786,0,1730,0,1.05942919075144,-0.981930233240185
"2011-01-11",2011-01-11,-0.0216763005780347,1641800,-0.42235494880546,1692.5,0.0280649926144756,1645,1730,2540,-1.03125,-1.15383668006285
"2011-01-12",2011-01-12,0.00738552437223043,1624200,-0.418088737201365,1705,0.0351906158357771,1645,1730,0,1.25389720635901,-1.09601184923331
"2011-01-13",2011-01-13,0.0102639296187683,716800,-0.412116040955631,1722.5,0.0449927431059507,1645,1730,0,1.27854378326077,-1.01593901503635
"2011-01-14",2011-01-14,0.00435413642960813,1259200,-0.409556313993174,1730,0.0216763005780347,1692.5,1730,2540,-0.993788819875776,-1.12129987959819
"2011-01-17",2011-01-17,0.00433526011560694,858200,-0.406996587030717,1737.5,0.0258992805755396,0,1737.5,0,1.19482014388489,-1.0868709321514
"2011-01-18",2011-01-18,0.00287769784172662,777200,-0.405290102389078,1742.5,0.0286944045911047,0,1742.5,0,1.10792284393432,-1.06402081511114
"2011-01-19",2011-01-19,0.00717360114777618,1470400,-0.401023890784983,1755,0.0356125356125356,0,1755,0,1.24109686609687,-1.00724921245247
"2011-01-20",2011-01-20,-0.0227920227920228,1240200,-0.414675767918088,1715,0.0131195335276968,1692.5,1755,2547,-1.03404255319149,-1.1907202299107
"2011-01-21",2011-01-21,-0.0408163265306122,2110200,-0.438566552901024,1645,0,1645,1715,2548,-1.05761316872428,-1.37858420789372
"2011-01-24",2011-01-24,0.0243161094224924,1789800,-0.424914675767918,1685,0.0237388724035609,1645,1685,2548,-0.968871595330739,-1.1887891661216
"2011-01-25",2011-01-25,0.0252225519287834,1196800,-0.410409556313993,1727.5,0.0477568740955138,0,1727.5,0,2.01175832127351,-0.993246218262144
"2011-01-26",2011-01-26,-0.0115774240231548,572800,-0.417235494880546,1707.5,0.0366032210834554,1645,1727.5,2551,-1.01663201663202,-1.08451043138956
"2011-01-27",2011-01-27,0.0366032210834553,1810400,-0.395904436860068,1770,0.0353107344632768,1707.5,1770,2551,-0.948875255623722,-0.98279485887225
"2011-01-28",2011-01-28,0.00988700564971751,1545800,-0.389931740614334,1787.5,0.0447552447552447,0,1787.5,0,1.26746853146853,-0.904537284603432
"2011-01-31",2011-01-31,-0.00559440559440559,2583400,-0.393344709897611,1777.5,0.039381153305204,1707.5,1787.5,2554,-1.00875273522976,-0.949140310207362
"2011-02-01",2011-02-01,0.0154711673699015,1425400,-0.383959044368601,1805,0.0152354570637119,1777.5,1805,2554,-0.976138828633406,-1.02406206706827
"2011-02-02",2011-02-02,0.038781163434903,2368400,-0.360068259385665,1875,0.052,0,1875,0,3.41309090909092,-0.716176276096323
"2011-02-03",2011-02-03,-0.0146666666666667,1227200,-0.369453924914676,1847.5,0.0378890392422192,1777.5,1875,2557,-1.0260663507109,-0.835444897957787
"2011-02-04",2011-02-04,0.0175913396481732,884800,-0.358361774744027,1880,0.0172872340425532,1847.5,1880,2557,-0.969976905311778,-0.883715804420918
"2011-02-07",2011-02-07,0.00664893617021277,1024000,-0.354095563139932,1892.5,0.0237780713342141,0,1892.5,0,1.37546997256377,-0.829113140130578
"2011-02-08",2011-02-08,-0.00528401585204756,917200,-0.357508532423208,1882.5,0.0185922974767596,1847.5,1892.5,2560,-1.00963855421687,-0.872760267663615
"2011-02-09",2011-02-09,-0.0225763612217795,1757800,-0.372013651877133,1840,0,1840,1882.5,2561,-1.04057279236277,-1.04076239938736
"2011-02-10",2011-02-10,-0.0135869565217391,1889200,-0.380546075085324,1815,0,1815,1840,2562,-1.02293577981651,-1.0840728876574
"2011-02-14",2011-02-14,0.012396694214876,1535400,-0.372866894197952,1837.5,0.0122448979591837,1815,1837.5,2562,-0.97982062780269,-0.982938478109266
"2011-02-15",2011-02-15,0.0054421768707483,1297200,-0.369453924914676,1847.5,0.0175913396481732,0,1847.5,0,1.43662607126747,-0.938475802394514
"2011-02-16",2011-02-16,-0.0040595399188092,1172400,-0.372013651877133,1840,0.0135869565217391,1815,1847.5,2565,-1.00692840646651,-0.971795154479077
"2011-02-17",2011-02-17,-0.0230978260869565,3763200,-0.386518771331058,1797.5,0,1797.5,1840,2566,-1.03899082568807,-1.11439022944644
"2011-02-18",2011-02-18,0.00417246175243394,1277000,-0.383959044368601,1805,0.00415512465373957,1797.5,1805,2566,-0.993377483443709,-1.08030571499347
"2011-02-21",2011-02-21,-0.018005540166205,1318200,-0.395051194539249,1772.5,0,0,1805,2568,-1.02888888888889,-1.15770071771648
"2011-02-22",2011-02-22,-0.0253878702397743,1687400,-0.410409556313993,1727.5,0,1727.5,1772.5,2569,-1.03887688984881,-1.23565959660257
"2011-02-23",2011-02-23,-0.0260492040520984,2730000,-0.425767918088737,1682.5,0,1682.5,1727.5,2570,-1.03742203742204,-1.31361847548865
"2011-02-24",2011-02-24,-0.0193164933135215,2098200,-0.436860068259386,1650,0,1650,1682.5,2571,-1.02605210420842,-1.36992211023971
"2011-02-25",2011-02-25,0.0151515151515152,2462200,-0.428327645051194,1675,0.0149253731343284,1650,1675,2571,-0.98046875,-1.25085058875698
"2011-02-28",2011-02-28,0.0283582089552239,2302000,-0.412116040955631,1722.5,0.0420899854862119,0,1722.5,0,2.82002902757619,-1.03067338143766
"2011-03-01",2011-03-01,0.0130624092888244,1232600,-0.404436860068259,1745,0.0544412607449857,0,1745,0,1.29344926390673,-0.928999001862992
"2011-03-02",2011-03-02,-0.00429799426934097,2078800,-0.406996587030717,1737.5,0.0503597122302158,1650,1745,2575,-1.00632911392405,-0.96271004462731
"2011-03-03",2011-03-03,0.0129496402877698,1204200,-0.399317406143345,1760,0.0127840909090909,1737.5,1760,2575,-0.981132075471698,-1.11446405414235
"2011-03-04",2011-03-04,0.00284090909090909,1195600,-0.397610921501706,1765,0.0155807365439093,0,1765,0,1.21875983632357,-1.09160621337916
"2011-03-07",2011-03-07,-0.0311614730878187,1769600,-0.416382252559727,1710,0,0,1765,2578,-1.04721030042918,-1.2659769383916
"2011-03-08",2011-03-08,0.00730994152046784,1320000,-0.412116040955631,1722.5,0.00725689404934693,1710,1722.5,2578,-0.989754098360656,-1.20748577825331
"2011-03-09",2011-03-09,-0.00290275761973875,1063000,-0.41382252559727,1717.5,0.00436681222707425,1710,1722.5,2580,-1.00414078674948,-1.23081790009727
"2011-03-10",2011-03-10,-0.00436681222707424,918000,-0.416382252559727,1710,0,1710,1717.5,2581,-1.00618556701031,-1.2659769383916
"2011-03-11",2011-03-11,-0.0277777777777778,2285000,-0.43259385665529,1662.5,0,1662.5,1710,2582,-1.03893442622951,-1.34826686610469
"2011-03-14",2011-03-14,-0.0526315789473684,2217800,-0.462457337883959,1575,0,1575,1662.5,2583,-1.06903353057199,-1.49985357504985
"2011-03-15",2011-03-15,0.0126984126984127,4281000,-0.455631399317406,1595,0.012539184952978,1575,1595,2583,-0.985239852398524,-1.40155641671908
"2011-03-16",2011-03-16,0.0830721003134796,4136600,-0.410409556313993,1727.5,0.0882778581765558,0,1727.5,0,7.04015918958035,-0.787562139670273
"2011-03-17",2011-03-17,0.00289435600578871,4194200,-0.408703071672355,1732.5,0.0909090909090909,0,1732.5,0,1.02980625931446,-0.765543933016792
"2011-03-18",2011-03-18,0.00288600288600289,2215200,-0.406996587030717,1737.5,0.0935251798561151,0,1737.5,0,1.02877697841727,-0.743602596055394
"2011-03-22",2011-03-22,0.0201438848920863,2315400,-0.395051194539249,1772.5,0.111424541607898,0,1772.5,0,1.19138548334599,-0.592110945086435
"2011-03-23",2011-03-23,-0.0112834978843441,1735200,-0.401877133105802,1752.5,0.101283880171184,1575,1772.5,2589,-1.01727861771058,-0.678233223892137
"2011-03-24",2011-03-24,0.0499286733238231,3761800,-0.372013651877133,1840,0.0475543478260869,1752.5,1840,2589,-0.925690021231422,-0.799377042208378
"2011-03-25",2011-03-25,-0.00679347826086957,2634200,-0.376279863481228,1827.5,0.0410396716826266,1752.5,1840,2591,-1.01146788990826,-0.854100712253594
"2011-03-28",2011-03-28,0.0150478796169631,1410200,-0.366894197952218,1855,0.0148247978436657,1827.5,1855,2591,-0.975056689342404,-0.939525592304382
"2011-03-29",2011-03-29,0,2088400,-0.366894197952218,1855,0.0148247978436657,0,1855,0,-1,-0.939525592304382
"2011-03-30",2011-03-30,0.0202156334231806,1986600,-0.354095563139931,1892.5,0.0343461030383091,0,1892.5,0,2.31680076858413,-0.775469925068497
"2011-03-31",2011-03-31,0.0224570673712021,1915400,-0.339590443686007,1935,0.0555555555555556,0,1935,0,1.61752136752137,-0.594183142558437
"2011-04-01",2011-04-01,-0.00387596899224806,1525600,-0.342150170648464,1927.5,0.0518806744487679,1827.5,1935,2596,-1.00753768844221,-0.625829945941578
"2011-04-04",2011-04-04,0.00389105058365759,1791000,-0.339590443686007,1935,0.00387596899224807,1927.5,1935,2596,-0.992518703241895,-0.85650816711913
"2011-04-05",2011-04-05,-0.00904392764857881,1498600,-0.34556313993174,1917.5,0,0,1935,2598,-1.01758793969849,-0.906499885750215
"2011-04-06",2011-04-06,-0.0208604954367666,1469000,-0.359215017064846,1877.5,0,1877.5,1917.5,2599,-1.03950617283951,-0.975796666982288
"2011-04-07",2011-04-07,-0.00133155792276964,955000,-0.360068259385665,1875,0,1875,1877.5,2600,-1.00237529691211,-0.980127715809292
"2011-04-08",2011-04-08,0.00533333333333333,1374800,-0.356655290102389,1885,0.00530503978779839,1875,1885,2600,-0.990521327014218,-0.935875195698889
"2011-04-11",2011-04-11,-0.0026525198938992,505800,-0.358361774744027,1880,0.00265957446808507,1875,1885,2602,-1.00478468899522,-0.957965646811535
"2011-04-12",2011-04-12,-0.0159574468085106,722000,-0.368600682593856,1850,0,1850,1880,2603,-1.02857142857143,-1.02343820407934
"2011-04-13",2011-04-13,0.0148648648648649,887400,-0.359215017064846,1877.5,0.0146471371504661,1850,1877.5,2603,-0.974537037037037,-0.901447956625772
"2011-04-14",2011-04-14,0.00532623169107856,979800,-0.35580204778157,1887.5,0.0198675496688742,0,1887.5,0,1.35641180012041,-0.857625003622957
"2011-04-15",2011-04-15,0,1175000,-0.35580204778157,1887.5,0.0198675496688742,0,1887.5,0,-1,-0.857625003622957
"2011-04-18",2011-04-18,-0.0105960264900662,857400,-0.362627986348123,1867.5,0.00937081659973227,1850,1887.5,2607,-1.01918465227818,-0.945554698198277
"2011-04-19",2011-04-19,-0.00401606425702811,669600,-0.36518771331058,1860,0.0053763440860215,1850,1887.5,0,-1.00705882352941,-0.978823744119442
"2011-04-20",2011-04-20,0.0134408602150538,979200,-0.356655290102389,1885,0.0185676392572944,1850,1887.5,0,3.45358090185677,-0.86855438369293
"2011-04-21",2011-04-21,0.0119363395225464,594000,-0.348976109215017,1907.5,0.0249017038007864,1860,1907.5,2607,1.34113461898521,-0.797423300875089
"2011-04-22",2011-04-22,-0.00655307994757536,836000,-0.353242320819113,1895,0.0184696569920845,1860,1907.5,2611,-1.01222493887531,-0.851727545307383
"2011-04-25",2011-04-25,-0.0171503957783641,849000,-0.364334470989761,1862.5,0.00134228187919461,1860,1907.5,0,-1.03140096618357,-0.994969551588276
"2011-04-26",2011-04-26,-0.0147651006711409,1457800,-0.373720136518771,1835,0,1835,1895,2613,-1.02576112412178,-1.04942449704137
"2011-04-27",2011-04-27,0.0136239782016349,1193800,-0.36518771331058,1860,0.0134408602150538,1835,1860,2613,-0.977168949771689,-0.937888347141623
"2011-04-28",2011-04-28,-0.00403225806451613,2637600,-0.367747440273037,1852.5,0.00944669365721995,1835,1860,2615,-1.00700934579439,-0.971155840034053
"2011-05-02",2011-05-02,0.0350877192982456,1269200,-0.34556313993174,1917.5,0.0338983050847458,1852.5,1917.5,2615,3.58837772397095,-0.734432454385826
"2011-05-06",2011-05-06,-0.0286831812255541,1158400,-0.364334470989761,1862.5,0.00536912751677854,1852.5,1917.5,2617,-1.05432098765432,-0.974529326520157
"2011-05-09",2011-05-09,-0.00805369127516779,1227600,-0.369453924914675,1847.5,0,1847.5,1862.5,2618,-1.01405152224824,-1.02776925290634
"2011-05-10",2011-05-10,-0.0094722598105548,928600,-0.375426621160409,1830,0,1830,1847.5,2619,-1.0161662817552,-1.05808659469537
"2011-05-11",2011-05-11,-0.00956284153005465,1428800,-0.381399317406143,1812.5,0,1812.5,1830,2620,-1.01590909090909,-1.08840393648441
"2011-05-12",2011-05-12,-0.016551724137931,957200,-0.391638225255972,1782.5,0,1782.5,1812.5,2621,-1.02684563758389,-1.14037652240846
"2011-05-13",2011-05-13,-0.00841514726507714,1703800,-0.396757679180887,1767.5,0,1767.5,1782.5,2622,-1.01307189542484,-1.16636281537049
"2011-05-16",2011-05-16,-0.0226308345120226,1126000,-0.410409556313993,1727.5,0,1727.5,1767.5,2623,-1.03440860215054,-1.23565959660256
"2011-05-17",2011-05-17,0.00289435600578871,1553000,-0.408703071672355,1732.5,0.00288600288600294,1727.5,1732.5,2623,-0.995841995841996,-1.21234817939517
"2011-05-18",2011-05-18,0.0115440115440115,826800,-0.401877133105802,1752.5,0.014265335235378,0,1752.5,0,4.94293865905839,-1.11993842038317
"2011-05-19",2011-05-19,-0.0171184022824536,773000,-0.412116040955631,1722.5,0,0,1752.5,2626,-1.02547770700637,-1.24432169425657
"2011-05-20",2011-05-20,-0.0203193033381713,966600,-0.424061433447098,1687.5,0,1687.5,1722.5,2627,-1.02898550724638,-1.30495637783464
"2011-05-23",2011-05-23,-0.0296296296296296,982400,-0.441126279863481,1637.5,0,1637.5,1687.5,2628,-1.04024144869215,-1.39157735437473
"2011-05-24",2011-05-24,0.016793893129771,1636400,-0.431740614334471,1665,0.0165165165165165,1637.5,1665,2628,-0.978723404255319,-1.26009815740119
"2011-05-25",2011-05-25,-0.00600600600600601,937600,-0.435153583617747,1655,0.0105740181268882,1637.5,1665,2630,-1.00790513833992,-1.30758641050602
"2011-05-26",2011-05-26,0.00755287009063444,627800,-0.430887372013651,1667.5,0.007496251874063,1655,1667.5,2630,-0.990196078431372,-1.30155387470817
"2011-05-27",2011-05-27,-0.00599700149925037,1124600,-0.434300341296928,1657.5,0.00150829562594268,1655,1667.5,2632,-1.00792079207921,-1.34927287141292
"2011-05-30",2011-05-30,0.00452488687782805,787000,-0.431740614334471,1665,0.00600600600600598,1655,1667.5,0,3.98198198198198,-1.31344939550441
"2011-05-31",2011-05-31,0.036036036036036,1804400,-0.411262798634812,1725,0.0391304347826087,1657.5,1725,2632,6.51521739130437,-1.04136498009372
"2011-06-01",2011-06-01,0.0101449275362319,1156400,-0.405290102389078,1742.5,0.0487804878048781,0,1742.5,0,1.24661246612466,-0.962064073140565
"2011-06-02",2011-06-02,-0.0286944045911047,1001600,-0.42235494880546,1692.5,0.0206794682422452,1657.5,1742.5,2636,-1.04210526315789,-1.1913255221991
"2011-06-03",2011-06-03,0,1112400,-0.42235494880546,1692.5,0.0206794682422452,1657.5,1742.5,0,-1,-1.1913255221991
"2011-06-06",2011-06-06,-0.0236336779911374,1105600,-0.436006825938566,1652.5,0,1652.5,1692.5,2638,-1.03232323232323,-1.3655910614127
"2011-06-07",2011-06-07,0.0332829046898638,1594800,-0.417235494880545,1707.5,0.0322108345534406,1652.5,1707.5,2638,-0.956947162426614,-1.10680613808904
"2011-06-08",2011-06-08,0.0117130307467057,1465200,-0.410409556313993,1727.5,0.0434153400868307,0,1727.5,0,1.34784896724115,-1.01528379811127
"2011-06-09",2011-06-09,0.00578871201157742,930600,-0.406996587030716,1737.5,0.0489208633093525,0,1737.5,0,1.12681055155875,-0.970013626246372
"2011-06-10",2011-06-10,-0.0100719424460432,985200,-0.41296928327645,1720,0.0392441860465116,1652.5,1737.5,2642,-1.0146750524109,-1.0494496775578
"2011-06-13",2011-06-13,0.0218023255813953,1442200,-0.400170648464163,1757.5,0.0213371266002845,1720,1757.5,2642,-0.96900826446281,-1.07537998595768
"2011-06-14",2011-06-14,0.00995732574679943,984600,-0.394197952218429,1775,0.0309859154929577,0,1775,0,1.45220657276995,-0.996085495712733
"2011-06-15",2011-06-15,0.0140845070422535,1622600,-0.385665529010238,1800,0.0444444444444444,0,1800,0,1.43434343434343,-0.884459659497233
"2011-06-16",2011-06-16,-0.00972222222222222,1302600,-0.391638225255972,1782.5,0.0350631136044881,1720,1800,2646,-1.01548672566372,-0.962396535548384
"2011-06-17",2011-06-17,-0.0196353436185133,1297600,-0.40358361774744,1747.5,0.0157367668097281,1720,1800,0,-1.03050108932462,-1.12113154722008
"2011-06-20",2011-06-20,0.00715307582260372,638000,-0.399317406143344,1760,0.0227272727272727,1720,1800,0,1.44421487603306,-1.06399257036856
"2011-06-21",2011-06-21,0.0213068181818182,798600,-0.386518771331057,1797.5,0.0431154381084841,1720,1800,0,1.8970792767733,-0.895536730165861
"2011-06-22",2011-06-22,0.0319888734353268,1419800,-0.366894197952218,1855,0.0579514824797843,1747.5,1855,2646,1.34410051299887,-0.720615005770712
"2011-06-23",2011-06-23,-0.0256064690026954,1049600,-0.383105802047781,1807.5,0.033195020746888,1747.5,1855,2651,-1.04418604651163,-0.928568466495281
"2011-06-24",2011-06-24,0.00691562932226833,709000,-0.378839590443685,1820,0.0398351648351648,1747.5,1855,0,1.20003434065934,-0.873207922514061
"2011-06-27",2011-06-27,-0.0178571428571429,662800,-0.389931740614334,1787.5,0.0223776223776224,1747.5,1855,0,-1.02927927927928,-1.01812585467894
"2011-06-28",2011-06-28,0.00979020979020979,933000,-0.3839590443686,1805,0.0318559556786704,1747.5,1855,0,1.42356301939058,-0.939696595180466
"2011-06-29",2011-06-29,0.0166204986149584,752600,-0.373720136518771,1835,0.0476839237057221,1747.5,1855,0,1.49686056154484,-0.807381414093504
"2011-06-30",2011-06-30,0.0163487738419619,1083000,-0.363481228668941,1865,0.0415549597855228,1787.5,1865,2651,-0.972602739726028,-0.786519382990322
"2011-07-01",2011-07-01,-0.00134048257372654,943400,-0.36433447098976,1862.5,0.040268456375839,1787.5,1865,2657,-1.00234741784038,-0.797380709263128
"2011-07-04",2011-07-04,0.00402684563758389,1037200,-0.361774744027303,1870,0.00401069518716579,1862.5,1870,2657,-0.992974238875878,-0.968431567907486
"2011-07-05",2011-07-05,-0.00267379679144385,858200,-0.363481228668941,1865,0.00134048257372654,1862.5,1870,2659,-1.00471698113208,-0.990647636016438
"2011-07-06",2011-07-06,0.0254691689008043,1560800,-0.347269624573378,1912.5,0.0248366013071896,1865,1912.5,2659,18.5281045751634,-0.789091662777111
"2011-07-07",2011-07-07,-0.00392156862745098,964600,-0.349829351535835,1905,0.020997375328084,1865,1912.5,2661,-1.00737100737101,-0.821572678961363
"2011-07-08",2011-07-08,0.015748031496063,1017000,-0.339590443686006,1935,0.0155038759689923,1905,1935,2661,-0.970731707317073,-0.797485036592971
"2011-07-11",2011-07-11,0.00258397932816537,709200,-0.337883959044368,1940,0.0180412371134021,0,1940,0,1.16365979381443,-0.775943321109371
"2011-07-12",2011-07-12,-0.0128865979381443,1008600,-0.346416382252559,1915,0.00522193211488253,1905,1940,2664,-1.02525252525253,-0.884324463427088
"2011-07-13",2011-07-13,-0.0248041775456919,1713600,-0.362627986348122,1867.5,0,1867.5,1915,2665,-1.04679802955665,-0.993120862290304
"2011-07-14",2011-07-14,-0.0267737617135207,2615200,-0.379692832764504,1817.5,0,1817.5,1867.5,2666,-1.04705882352941,-1.0797418388304
"2011-07-15",2011-07-15,0.00550206327372765,1129400,-0.376279863481228,1827.5,0.00547195622435026,1817.5,1827.5,2666,-0.991011235955056,-1.03464205268654
"2011-07-19",2011-07-19,-0.0164158686730506,1015200,-0.386518771331057,1797.5,0,0,1827.5,2668,-1.02721088435374,-1.11439022944643
"2011-07-20",2011-07-20,0.00139082058414465,1167000,-0.385665529010238,1800,0.00138888888888888,1797.5,1800,2668,-0.997792494481236,-1.10300919558436
"2011-07-21",2011-07-21,-0.00416666666666667,1157600,-0.388225255972696,1792.5,0,0,1800,2670,-1.00663716814159,-1.12305232710044
"2011-07-22",2011-07-22,0.0223152022315202,1539600,-0.37457337883959,1832.5,0.0218281036834925,1792.5,1832.5,2670,-0.964835164835165,-0.942956326763334
"2011-07-25",2011-07-25,-0.00545702592087312,792000,-0.377986348122866,1822.5,0.0164609053497943,1792.5,1832.5,2672,-1.00911161731207,-0.987524362982981
"2011-07-26",2011-07-26,0.0164609053497942,1182200,-0.367747440273037,1852.5,0.0161943319838057,1822.5,1852.5,2672,-0.972911963882619,-0.936904900592422
"2011-07-27",2011-07-27,-0.0188933873144399,1234600,-0.379692832764504,1817.5,0,0,1852.5,2674,-1.03248259860789,-1.0797418388304
"2011-07-28",2011-07-28,-0.0261348005502063,1819600,-0.395904436860068,1770,0,1770,1817.5,2675,-1.04269662921348,-1.16203176654348
"2011-07-29",2011-07-29,0.0254237288135593,2994000,-0.380546075085324,1815,0.0247933884297521,1770,1815,2675,-0.961206896551724,-0.958221915130556
"2011-08-01",2011-08-01,0.0261707988980716,1619600,-0.36433447098976,1862.5,0.0496644295302013,0,1862.5,0,2.00313199105145,-0.749686850770852
"2011-08-02",2011-08-02,0.00402684563758389,1511000,-0.361774744027303,1870,0.053475935828877,0,1870,0,1.07674519439225,-0.717346539385791
"2011-08-03",2011-08-03,-0.0454545454545455,2845400,-0.390784982935153,1785,0.00840336134453779,1770,1870,2679,-1.08018867924528,-1.09339010194071
"2011-08-04",2011-08-04,-0.0350140056022409,4073800,-0.412116040955631,1722.5,0,1722.5,1785,2680,-1.05458515283843,-1.24432169425657
"2011-08-05",2011-08-05,-0.0145137880986938,3062400,-0.420648464163822,1697.5,0,1697.5,1722.5,2681,-1.02070393374741,-1.28763218252662
"2011-08-08",2011-08-08,-0.0250368188512518,1594200,-0.435153583617747,1655,0,1655,1697.5,2682,-1.03448275862069,-1.3612600125857
"2011-08-09",2011-08-09,-0.0166163141993958,2973600,-0.444539249146757,1627.5,0,1627.5,1655,2683,-1.02156862745098,-1.40890154968275
"2011-08-10",2011-08-10,-0.0245775729646697,2925800,-0.458191126279863,1587.5,0,1587.5,1627.5,2684,-1.03071017274472,-1.47819833091482
"2011-08-11",2011-08-11,-0.0299212598425197,2571000,-0.474402730375426,1540,0,1540,1587.5,2685,-1.03538175046555,-1.56048825862791
"2011-08-12",2011-08-12,-0.00974025974025974,1975600,-0.479522184300341,1525,0,1525,1540,2686,-1.01079136690647,-1.58647455158994
"2011-08-15",2011-08-15,-0.00163934426229508,1994600,-0.48037542662116,1522.5,0,1522.5,1525,2687,-1.00177935943061,-1.59080560041694
"2011-08-16",2011-08-16,0.0262725779967159,1518400,-0.466723549488054,1562.5,0.0256,1522.5,1562.5,2687,-0.97158081705151,-1.39156349501848
"2011-08-17",2011-08-17,-0.0256,1415200,-0.48037542662116,1522.5,0,0,1562.5,2689,-1.02925045703839,-1.59080560041694
"2011-08-18",2011-08-18,-0.0174055829228243,2041400,-0.489419795221842,1496,0,1496,1522.5,2690,-1.01882770870337,-1.63671471798319
"2011-08-19",2011-08-19,-0.0350935828877005,1829200,-0.507337883959044,1443.5,0,1443.5,1496,2691,-1.03661087866109,-1.72766674335029
"2011-08-22",2011-08-22,-0.0252857637686179,1666200,-0.519795221843003,1407,0,1407,1443.5,2692,-1.02455432223343,-1.79090005622456
"2011-08-23",2011-08-23,0.0230987917555082,1613400,-0.508703071672354,1439.5,0.02257728377909,1407,1439.5,2692,-0.978660538411031,-1.61999437227544
"2011-08-24",2011-08-24,0.00729419937478291,2255400,-0.505119453924914,1450,0.0296551724137931,0,1450,0,1.31349602122016,-1.56587668075475
"2011-08-25",2011-08-25,0.0396551724137931,1381000,-0.485494880546075,1507.5,0.0666666666666667,0,1507.5,0,2.24806201550387,-1.27839261169568
"2011-08-26",2011-08-26,0.0132669983416252,1485600,-0.478668941979522,1527.5,0.0788870703764321,0,1527.5,0,1.18330605564648,-1.18171358352067
"2011-08-29",2011-08-29,-0.0016366612111293,1404400,-0.479522184300341,1525,0.0773770491803278,1407,1527.5,2697,-1.0017825311943,-1.193709483669
"2011-08-30",2011-08-30,0.000655737704918033,1962400,-0.479180887372013,1526,0.0779816513761468,1407,1527.5,0,1.00781371481885,-1.18890810990666
"2011-08-31",2011-08-31,0.028178243774574,2107800,-0.464505119453924,1569,0.0280433397068196,1525,1569,2697,-0.969373219373219,-1.36790040204283
"2011-09-01",2011-09-01,0.0296367112810707,1379200,-0.448634812286689,1615.5,0.0560198081089446,0,1615.5,0,1.99761543006668,-1.14533464169083
"2011-09-02",2011-09-02,-0.0343546889507892,1130000,-0.467576791808873,1560,0.0224358974358975,1525,1615.5,2701,-1.04222137694941,-1.41195549436846
"2011-09-05",2011-09-05,-0.0506410256410256,2047600,-0.494539249146757,1481,0,1481,1560,2702,-1.05766423357664,-1.66270101094522
"2011-09-06",2011-09-06,-0.037474679270763,2349600,-0.513481228668942,1425.5,0,1425.5,1481,2703,-1.03830227743271,-1.75885029490472
"2011-09-07",2011-09-07,0.00596282006313574,1846600,-0.510580204778157,1434,0.00592747559274753,1425.5,1434,2703,-0.994350282485876,-1.71403692665119
"2011-09-08",2011-09-08,0.0355648535564854,2136600,-0.493174061433447,1485,0.04006734006734,0,1485,0,6.75959595959598,-1.45238994635579
"2011-09-09",2011-09-09,-0.0241683602693602,2288400,-0.50542321331058,1449.109985,0.0162927488212705,1425.5,1485,2706,-1.02483738062284,-1.63524607830232
"2011-09-12",2011-09-12,-0.0494165285873729,1998400,-0.529863481228668,1377.5,0,1377.5,1449.109985,2707,-1.04835604553658,-1.84200643238321
"2011-09-13",2011-09-13,0.0312159709618875,1716800,-0.51518771331058,1420.5,0.0302710313269975,1377.5,1420.5,2707,-0.972302737520129,-1.6138569637057
"2011-09-14",2011-09-14,-0.0447025695177754,1763400,-0.536860068259385,1357,0,0,1420.5,2709,-1.04206690957271,-1.87752103276465
"2011-09-15",2011-09-15,-0.00147383935151069,2737400,-0.53754266211604,1355,0,1355,1357,2710,-1.00127145581691,-1.88098587182625
"2011-09-16",2011-09-16,0.0645756457564576,2506400,-0.507679180887372,1442.5,0.0606585788561526,1355,1442.5,2710,-0.944444444444445,-1.42149687018832
"2011-09-20",2011-09-20,-0.0336221837088388,1354400,-0.524232081911262,1394,0.0279770444763271,1355,1442.5,2712,-1.03260504201681,-1.67141033380882
"2011-09-21",2011-09-21,0.00358680057388809,1356800,-0.522525597269624,1399,0.0314510364546104,1355,1442.5,0,1.12417294404428,-1.64511429030444
"2011-09-22",2011-09-22,-0.0357398141529664,1828200,-0.539590443686006,1349,0,1349,1399,2714,-1.03265839320705,-1.89138038901106
"2011-09-26",2011-09-26,-0.0233506300963677,1472800,-0.550341296928327,1317.5,0,1317.5,1349,2715,-1.01992409867173,-1.94595160423132
"2011-09-27",2011-09-27,0.0318785578747628,1640200,-0.536006825938566,1359.5,0.0308937109231335,1317.5,1359.5,2715,-0.973953488372093,-1.71637384016385
"2011-09-28",2011-09-28,0.0136079440970945,1655200,-0.529692832764505,1378,0.0439042089985486,0,1378,0,1.42113743175064,-1.61828293079808
"2011-09-29",2011-09-29,0.000725689404934688,1592600,-0.529351535836177,1379,0.0445975344452502,0,1379,0,1.01579177629016,-1.61303119877023
"2011-09-30",2011-09-30,0.0119651921682379,2044000,-0.523720136518771,1395.5,0.0558939448226442,0,1395.5,0,1.253296746511,-1.52710581915235
"2011-10-03",2011-10-03,-0.042278753135077,1291000,-0.543856655290102,1336.5,0.0142162364384587,1317.5,1395.5,2720,-1.03844900619094,-1.84087417016087
"2011-10-04",2011-10-04,-0.0336700336700337,1661800,-0.559215017064846,1291.5,0,1291.5,1336.5,2721,-1.02823972387826,-1.99099451203217
"2011-10-05",2011-10-05,0.00116144018583043,1988200,-0.558703071672354,1293,0.00116009280742457,1291.5,1293,2721,-0.999084528532194,-1.98250726414519
"2011-10-06",2011-10-06,0.0525908739365816,1997400,-0.535494880546075,1361,0.0510653930933137,0,1361,0,44.0183688464372,-1.61138396951665
"2011-10-07",2011-10-07,0.0257163850110213,1681800,-0.523549488054607,1396,0.0748567335243553,0,1396,0,1.46589948671435,-1.42998469825638
"2011-10-11",2011-10-11,0.03689111747851,1485600,-0.505972696245733,1447.5,0.107772020725389,0,1447.5,0,1.43971043954682,-1.17368744924165
"2011-10-12",2011-10-12,0.0221070811744387,1480400,-0.495051194539249,1479.5,0.127069956066239,0,1479.5,0,1.17906257311462,-1.02029391239628
"2011-10-13",2011-10-13,0.0307536329841163,1797200,-0.479522184300341,1525,0.153114754098361,0,1525,0,1.20496424834322,-0.809265709559946
"2011-10-14",2011-10-14,-0.060983606557377,2305600,-0.511262798634812,1432,0.0981145251396648,1291.5,1525,2728,-1.06619217081851,-1.24956129550511
"2011-10-17",2011-10-17,0.0345670391061453,1052000,-0.494368600682593,1481.5,0.128248396895039,1291.5,1525,0,1.30712956835371,-1.01084732038509
"2011-10-18",2011-10-18,-0.00911238609517381,965400,-0.498976109215017,1468,0.120231607629428,1291.5,1525,0,-1.00931998619261,-1.07492811998425
"2011-10-19",2011-10-19,-0.0183923705722071,1264200,-0.508191126279863,1441,0.103747397640527,1291.5,1525,0,-1.01846785225718,-1.20537711960631
"2011-10-20",2011-10-20,-0.032616238723109,1303000,-0.524232081911262,1394,0.0735294117647058,1291.5,1525,0,-1.03156480859637,-1.44018700826841
"2011-10-21",2011-10-21,0.0161406025824964,1513200,-0.51655290102389,1416.5,0.0882456759618778,1291.5,1525,0,1.20014119308154,-1.3265079703246
"2011-10-24",2011-10-24,0.0324744087539711,1595000,-0.500853242320819,1462.5,0.116923076923077,1291.5,1525,0,1.32497230769231,-1.10125049362051
"2011-10-25",2011-10-25,-0.00752136752136752,1135000,-0.504607508532423,1451.5,0.110230795728557,1291.5,1525,0,-1.00749574105622,-1.15427705569505
"2011-10-26",2011-10-26,0.017223561832587,905600,-0.496075085324232,1476.5,0.125296308838469,1291.5,1525,0,1.13667245174399,-1.03449418520623
"2011-10-27",2011-10-27,0.0396207246867592,1417000,-0.476109215017064,1535,0.0918566775244299,1394,1535,2728,-0.959752321981424,-1.1028868509007
"2011-10-28",2011-10-28,-0.0130293159609121,1395800,-0.482935153583617,1515,0.0798679867986799,1394,1535,2738,-1.01433691756272,-1.19838970646549
"2011-10-31",2011-10-31,-0.0178217821782178,2418000,-0.492150170648464,1488,0.0631720430107527,1394,1535,0,-1.01908127208481,-1.32991346457003
"2011-11-01",2011-11-01,-0.0110887096774194,1788200,-0.49778156996587,1471.5,0.0526673462453279,1394,1535,0,-1.01144244105409,-1.41182011442407
"2011-11-02",2011-11-02,-0.0421338769962623,2511600,-0.518941979522184,1409.5,0.0109968073785031,1394,1535,0,-1.042509427494,-1.73074933163213
"2011-11-04",2011-11-04,0.0209294075913444,2030200,-0.508873720136518,1439,0.0312717164697707,1394,1535,0,2.8437086686543,-1.57672773538329
"2011-11-07",2011-11-07,-0.0132036136205698,1671600,-0.515358361774744,1420,0.0183098591549296,1394,1535,0,-1.01274312541918,-1.67543795453788
"2011-11-08",2011-11-08,-0.00704225352112676,770200,-0.51877133105802,1410,0.0113475177304965,1394,1535,0,-1.00662251655629,-1.72810291989882
"2011-11-09",2011-11-09,0.00141843971631206,793400,-0.518088737201365,1412,0.0127478753541076,1394,1535,0,1.12340651558073,-1.71752988062827
"2011-11-10",2011-11-10,-0.0343484419263456,1185000,-0.534641638225256,1363.5,0,1363.5,1515,2746,-1.03194993412385,-1.86626030581444
"2011-11-11",2011-11-11,0.00183351668500183,1301800,-0.533788395904436,1366,0.00183016105417277,1363.5,1366,2746,-0.998404085541015,-1.85263937919598
"2011-11-14",2011-11-14,0.00878477306002928,1373200,-0.529692832764505,1378,0.010522496371553,0,1378,0,5.74949201741654,-1.78772814441308
"2011-11-15",2011-11-15,-0.0141509433962264,846600,-0.536348122866894,1358.5,0,0,1378,2749,-1.01256443298969,-1.87492240346845
"2011-11-16",2011-11-16,-0.0357011409642989,1505400,-0.552901023890785,1310,0,1310,1358.5,2750,-1.03086223353484,-1.95894475071234
"2011-11-17",2011-11-17,0.00763358778625954,2224200,-0.549488054607508,1320,0.00757575757575757,1310,1320,2750,-0.993827160493827,-1.90316609157667
"2011-11-18",2011-11-18,0.00416666666666667,1334600,-0.547610921501706,1325.5,0.011693700490381,0,1325.5,0,1.54356846473029,-1.87273515029244
"2011-11-21",2011-11-21,-0.021124104111656,1179600,-0.55716723549488,1297.5,0,0,1325.5,2753,-1.0174509192895,-1.98059999484736
"2011-11-22",2011-11-22,0.00115606936416185,1279400,-0.556655290102389,1299,0.00115473441108549,1297.5,1299,2753,-0.999081163859112,-1.97213994612246
"2011-11-24",2011-11-24,-0.0338722093918399,1996400,-0.571672354948805,1255,0,0,1299,2755,-1.02697731453096,-2.05422782490644
"2011-11-25",2011-11-25,0.0179282868525896,1708800,-0.563993174061433,1277.5,0.0176125244618396,1255,1277.5,2755,-0.986567164179105,-1.92584740106566
"2011-11-28",2011-11-28,0.0187866927592955,1532200,-0.55580204778157,1301.5,0.0357280061467538,0,1301.5,0,2.02855679344346,-1.79231534248358
"2011-11-29",2011-11-29,0.0391855551286977,1031800,-0.53839590443686,1352.5,0.0720887245841035,0,1352.5,0,2.01770914077873,-1.51939533140238
"2011-11-30",2011-11-30,-0.0288354898336414,1021800,-0.551706484641638,1313.5,0.0445374952417206,1255,1352.5,2759,-1.02472266244057,-1.72680943638796
"2011-12-01",2011-12-01,0.0513894175866007,1549000,-0.528668941979522,1381,0.0488776249094859,1313.5,1381,2759,1.09744889433521,-1.58784066662907
"2011-12-02",2011-12-02,-0.00506879073135409,853800,-0.531058020477815,1374,0.0440320232896652,1313.5,1381,2761,-1.00451904454487,-1.62456382495675
"2011-12-05",2011-12-05,0.00836972343522562,953600,-0.527133105802048,1385.5,0.00830025261638401,1374,1385.5,2761,-0.992609254498715,-1.78601508328918
"2011-12-06",2011-12-06,-0.032479249368459,847400,-0.542491467576792,1340.5,0,0,1385.5,2763,-1.02913564260278,-1.90610595502288
"2011-12-07",2011-12-07,0.0216337187616561,796000,-0.53259385665529,1369.5,0.0211756115370573,1340.5,1369.5,2763,-0.981755268952501,-1.74837861262946
"2011-12-08",2011-12-08,-0.0160642570281124,996200,-0.540102389078498,1347.5,0.0051948051948052,1340.5,1369.5,2765,-1.01409804549824,-1.86761024311117
"2011-12-09",2011-12-09,-0.0144712430426716,906400,-0.546757679180887,1328,0,1328,1347.5,2766,-1.01232227488152,-1.9277611991579
"2011-12-12",2011-12-12,0.00978915662650602,822600,-0.542320819112628,1341,0.00969425801640567,1328,1341,2766,-0.991885143570537,-1.85603179601942
"2011-12-13",2011-12-13,-0.0260999254287845,1380200,-0.554266211604095,1306,0,0,1341,2768,-1.02202643171806,-1.96587442883554
"2011-12-14",2011-12-14,-0.0187595712098009,1507600,-0.562627986348123,1281.5,0,1281.5,1306,2769,-1.01508620689655,-2.00831870734019
"2011-12-15",2011-12-15,-0.055793991416309,3533200,-0.587030716723549,1210,0,1210,1281.5,2770,-1.04337276311799,-2.13218670379252
"2011-12-16",2011-12-16,0.012396694214876,1657400,-0.581911262798634,1225,0.0122448979591837,1210,1225,2770,-0.991279069767442,-2.0440454407254
"2011-12-19",2011-12-19,-0.0130612244897959,914400,-0.587372013651877,1209,0,0,1225,2772,-1.00938416422287,-2.13391912332332
"2011-12-20",2011-12-20,0.00909842845326716,997400,-0.583617747440273,1220,0.00901639344262295,1209,1220,2772,-0.993608367228356,-2.06909539251914
"2011-12-21",2011-12-21,0.00204918032786885,924000,-0.582764505119454,1222.5,0.0110429447852761,0,1222.5,0,1.22476296709426,-2.05447759091241
"2011-12-22",2011-12-22,-0.0380368098159509,2288000,-0.598634812286689,1176,0,0,1222.5,2775,-1.02723279648609,-2.19108896783978
"2011-12-26",2011-12-26,0.078656462585034,4397400,-0.567064846416382,1268.5,0.0729207725660228,1176,1268.5,2775,-0.947263397947548,-1.66069510539862
"2011-12-27",2011-12-27,-0.018131651556957,3359400,-0.574914675767918,1245.5,0.055800883179446,1176,1268.5,2777,-1.01384291303039,-1.78744112867079
"2011-12-28",2011-12-28,0.00481734243275793,2559600,-0.572866894197952,1251.5,0.0603276068717539,1176,1268.5,0,1.08112279652906,-1.75406901079814
"2011-12-29",2011-12-29,-0.0155813024370755,1529400,-0.579522184300341,1232,0.0454545454545454,1176,1268.5,0,-1.01161751563896,-1.863346691149
"2011-12-30",2011-12-30,0.0109577922077922,907800,-0.574914675767918,1245.5,0.055800883179446,1176,1268.5,0,1.22761942994781,-1.78744112867079
"2012-01-04",2012-01-04,0.0357286230429546,2358000,-0.559726962457338,1290,0.0449612403100775,1232,1290,2777,-0.973582665479371,-1.76537036996057
"2012-01-05",2012-01-05,-0.0143410852713178,1884000,-0.566040955631399,1271.5,0.0310656704679513,1232,1290,2782,-1.01128048780488,-1.86795389407774
"2012-01-06",2012-01-06,-0.0259535981124656,2928800,-0.577303754266211,1238.5,0.00524828421477597,1232,1290,0,-1.01989749773892,-2.05617251303942
"2012-01-10",2012-01-10,-0.0205894226887364,2728600,-0.586006825938566,1213,0,1213,1271.5,2784,-1.01507537688442,-2.12698944520011
"2012-01-11",2012-01-11,0.0115416323165705,1913200,-0.581228668941979,1227,0.0114099429502853,1213,1227,2784,-0.991846243447874,-2.04481882429253
"2012-01-12",2012-01-12,0.00162999185004075,1214400,-0.580546075085324,1229,0.0130187144019528,0,1229,0,1.140997326514,-2.03318787867637
"2012-01-13",2012-01-13,0.032139951179821,2395800,-0.567064846416382,1268.5,0.0437524635396137,0,1268.5,0,3.36073610563658,-1.80875312773542
"2012-01-16",2012-01-16,-0.0106424911312574,1939200,-0.571672354948805,1255,0.0334661354581673,1213,1268.5,2788,-1.00812518808306,-1.88435408191004
"2012-01-17",2012-01-17,0.0390438247011952,3589400,-0.554948805460751,1304,0.0375766871165644,1255,1304,2788,1.12282719836401,-1.7786004089729
"2012-01-18",2012-01-18,0.0521472392638037,4287400,-0.531740614334471,1372,0.0852769679300291,0,1372,0,2.26941155470935,-1.41866976942785
"2012-01-19",2012-01-19,0.0167638483965015,3079800,-0.523890784982935,1395,0.100358422939068,0,1395,0,1.17685261771283,-1.30227081709245
"2012-01-20",2012-01-20,0.025089605734767,2415800,-0.511945392491467,1430,0.122377622377622,0,1430,0,1.2194055944056,-1.12986691441566
"2012-01-23",2012-01-23,0.00454545454545455,1729800,-0.509726962457338,1436.5,0.126348764357814,0,1436.5,0,1.03244990303814,-1.09844871356206
"2012-01-24",2012-01-24,-0.00591715976331361,1188200,-0.512627986348123,1428,0.121148459383754,1255,1436.5,2794,-1.00569132909274,-1.13957097159022
"2012-01-25",2012-01-25,0.0185574229691877,2260800,-0.50358361774744,1454.5,0.0182193193537298,1428,1454.5,2794,-0.982356857523302,-1.61612905978056
"2012-01-26",2012-01-26,0,2771000,-0.50358361774744,1454.5,0.0182193193537298,0,1454.5,0,-1,-1.61612905978056
"2012-01-27",2012-01-27,-0.0175317978686834,1609800,-0.512286689419795,1429,0.000699790062981154,1428,1454.5,2797,-1.01728227719417,-1.74923469972729
"2012-01-30",2012-01-30,0.00524842547235829,1303000,-0.509726962457338,1436.5,0.00591715976331364,1428,1454.5,0,8.45562130177461,-1.70975824086324
"2012-01-31",2012-01-31,0.00139227288548556,3090600,-0.509044368600682,1438.5,0.00729927007299269,1428,1454.5,0,1.23357664233576,-1.6992778247616
"2012-02-01",2012-02-01,-0.00764685436218283,2960600,-0.512798634812286,1427.5,0,1427.5,1438.5,2800,-1.00737512571237,-1.75538545584312
"2012-02-02",2012-02-02,0.00665499124343257,1501400,-0.509556313993174,1437,0.00661099512874042,1427.5,1437,2800,-0.993677204658902,-1.70537013025884
"2012-02-03",2012-02-03,0.011134307585247,1423600,-0.504095563139932,1453,0.0175498967653132,0,1453,0,2.6546528054479,-1.6221256709227
"2012-02-06",2012-02-06,0.0192704748795595,1715000,-0.494539249146758,1481,0.0361242403781229,0,1481,0,2.05837338311422,-1.47933475601555
"2012-02-07",2012-02-07,0.00270087778528022,1084800,-0.493174061433447,1485,0.0387205387205387,0,1485,0,1.07187136159099,-1.45922629548071
"2012-02-08",2012-02-08,-0.00572390572390572,1062800,-0.496075085324232,1476.5,0.0331865899085676,1427.5,1485,2805,-1.00588235294118,-1.50204212603517
"2012-02-09",2012-02-09,-0.00846596681341009,1319800,-0.500341296928327,1464,0.024931693989071,1427.5,1485,0,-1.00859993120055,-1.56559913291311
"2012-02-10",2012-02-10,0.00990437158469945,1382600,-0.495392491467577,1478.5,0.0344944200202908,1427.5,1485,0,1.38355701122482,-1.491938755418
"2012-02-13",2012-02-13,0.00236726411903957,1052400,-0.49419795221843,1482,0.036774628879892,1427.5,1485,0,1.06610370193962,-1.47430097145754
"2012-02-14",2012-02-14,0.00101214574898785,1588800,-0.493686006825938,1483.5,0.0377485675766768,1427.5,1485,0,1.02648398437862,-1.46675863983041
"2012-02-15",2012-02-15,0.0380856083586114,1838600,-0.474402730375426,1540,0.0493506493506494,1464,1540,2805,1.30735157699443,-1.30998489426495
"2012-02-16",2012-02-16,0.00974025974025974,1294200,-0.469283276450512,1555,0.0585209003215434,0,1555,0,1.18581824335759,-1.23745050618183
"2012-02-17",2012-02-17,0.0482315112540193,2636200,-0.443686006825938,1630,0.101840490797546,0,1630,0,1.74024135373828,-0.88762926687329
"2012-02-20",2012-02-20,-0.00920245398773006,1862800,-0.448805460750853,1615,0.0934984520123839,1464,1630,2813,-1.01153846153846,-0.955959658825413
"2012-02-21",2012-02-21,0.00154798761609907,1239600,-0.447952218430034,1617.5,0.0948995363214837,1464,1630,0,1.01498510701454,-0.944516721141751
"2012-02-22",2012-02-22,0,862400,-0.447952218430034,1617.5,0.0948995363214837,1464,1630,0,-1,-0.944516721141751
"2012-02-23",2012-02-23,0.0154559505409583,735000,-0.439419795221843,1642.5,0.0167427701674278,1615,1642.5,2813,-0.980952380952381,-1.29792913575003
"2012-02-24",2012-02-24,-0.0030441400304414,1185600,-0.441126279863481,1637.5,0.0137404580152671,1615,1642.5,2817,-1.00388349514563,-1.32183093753924
"2012-02-27",2012-02-27,0.0274809160305344,1531800,-0.425767918088737,1682.5,0.0267459138187222,1637.5,1682.5,2817,1.94650817236256,-1.17785650512537
"2012-02-28",2012-02-28,-0.00742942050520059,1396800,-0.430034129692833,1670,0.0194610778443114,1637.5,1682.5,2819,-1.01002004008016,-1.23648949817421
"2012-02-29",2012-02-29,0.0119760479041916,1287400,-0.42320819112628,1690,0.0118343195266272,1670,1690,2819,-0.984126984126984,-1.24055445060232
"2012-03-01",2012-03-01,-0.0340236686390533,1738400,-0.442832764505119,1632.5,0,0,1690,2821,-1.04637096774194,-1.40023945202874
"2012-03-02",2012-03-02,0.0290964777947933,1350800,-0.426621160409556,1680,0.0282738095238095,1632.5,1680,2821,-0.963391136801542,-1.17443197181604
"2012-03-05",2012-03-05,-0.00892857142857143,849800,-0.431740614334471,1665,0.0195195195195195,1632.5,1680,2823,-1.012,-1.24485494651455
"2012-03-06",2012-03-06,-0.012012012012012,865000,-0.438566552901024,1645,0.00759878419452886,1632.5,1680,0,-1.01581027667984,-1.34001286119729
"2012-03-07",2012-03-07,-0.00151975683890578,815200,-0.439419795221843,1642.5,0.0060882800608828,1632.5,1680,0,-1.00194552529183,-1.35201121273138
"2012-03-08",2012-03-08,0.0197869101978691,877200,-0.428327645051194,1675,0.0253731343283582,1632.5,1680,0,4.16753731343283,-1.19781786550811
"2012-03-09",2012-03-09,0.0373134328358209,1740600,-0.406996587030717,1737.5,0.0546762589928057,1642.5,1737.5,2823,2.15488785442234,-0.940799299770119
"2012-03-12",2012-03-12,-0.0172661870503597,1099000,-0.417235494880546,1707.5,0.0380673499267935,1642.5,1737.5,2828,-1.0251572327044,-1.0770785291564
"2012-03-13",2012-03-13,-0.00878477306002928,1289600,-0.42235494880546,1692.5,0.0295420974889217,1642.5,1737.5,0,-1.01226993865031,-1.1463389116356
"2012-03-14",2012-03-14,0.0443131462333826,1720600,-0.396757679180887,1767.5,0.0424328147100425,1692.5,1767.5,2828,1.43635077793494,-0.950974305105311
"2012-03-15",2012-03-15,0.00282885431400283,1069200,-0.395051194539249,1772.5,0.0451339915373766,0,1772.5,0,1.06365773389751,-0.92860106298026
"2012-03-16",2012-03-16,0.00987306064880113,1151400,-0.389078498293515,1790,0.0544692737430168,0,1790,0,1.20683484636871,-0.850897929300735
"2012-03-19",2012-03-19,0,1016400,-0.389078498293515,1790,0.0544692737430168,0,1790,0,-1,-0.850897929300735
"2012-03-21",2012-03-21,-0.026536312849162,1002200,-0.405290102389078,1742.5,0.0286944045911047,1692.5,1790,2834,-1.04166666666667,-1.06402081511114
"2012-03-22",2012-03-22,-0.0286944045911047,2342400,-0.42235494880546,1692.5,0,1692.5,1742.5,2835,-1.04210526315789,-1.29629428018063
"2012-03-23",2012-03-23,-0.0324963072378139,2462800,-0.441126279863481,1637.5,0,1637.5,1692.5,2836,-1.04444444444444,-1.39157735437473
"2012-03-26",2012-03-26,0.00763358778625954,1553600,-0.436860068259385,1650,0.00757575757575757,1637.5,1650,2836,-0.990328820116054,-1.33146764641206
"2012-03-27",2012-03-27,0.053030303030303,1553600,-0.406996587030717,1737.5,0.0575539568345323,0,1737.5,0,7.59712230215828,-0.926192136531991
"2012-03-28",2012-03-28,-0.00719424460431655,834400,-0.411262798634812,1725,0.0507246376811594,1637.5,1737.5,2839,-1.0104821802935,-0.982512931105324
"2012-03-29",2012-03-29,-0.0188405797101449,758800,-0.422354948805461,1692.5,0.0324963072378139,1637.5,1737.5,0,-1.02697095435685,-1.13134337478109
"2012-03-30",2012-03-30,-0.0192023633677991,1185000,-0.433447098976109,1660,0.0135542168674698,1637.5,1737.5,0,-1.02626262626263,-1.28379685615572
"2012-04-02",2012-04-02,0.0286144578313253,1036400,-0.417235494880546,1707.5,0.04099560761347,1637.5,1737.5,0,3.02456482837158,-1.06221472469008
"2012-04-03",2012-04-03,-0.00146412884333821,1118400,-0.418088737201365,1705,0.0395894428152492,1637.5,1737.5,0,-1.00204498977505,-1.07368345088177
"2012-04-04",2012-04-04,-0.0351906158357771,1231000,-0.438566552901024,1645,0.00455927051671734,1637.5,1737.5,0,-1.04897959183673,-1.35544139987586
"2012-04-05",2012-04-05,-0.0243161094224924,2552200,-0.45221843003413,1605,0,1605,1725,2845,-1.03112840466926,-1.44788098912579
"2012-04-06",2012-04-06,-0.0155763239875389,1028600,-0.460750853242321,1580,0,1580,1605,2846,-1.0188679245283,-1.49119147739584
"2012-04-09",2012-04-09,-0.00949367088607595,775000,-0.465870307167235,1565,0,1565,1580,2847,-1.01111111111111,-1.51717777035787
"2012-04-10",2012-04-10,-0.00798722044728434,1076600,-0.470136518771331,1552.5,0,1552.5,1565,2848,-1.00915750915751,-1.53883301449289
"2012-04-11",2012-04-11,0.00161030595813205,1905800,-0.469283276450512,1555,0.00160771704180063,1552.5,1555,2848,-0.998185117967332,-1.52634121128445
"2012-04-12",2012-04-12,0.0289389067524116,1245800,-0.453924914675768,1600,0.0296875,0,1600,0,18.4656250000002,-1.30584965665521
"2012-04-13",2012-04-13,-0.0046875,1461600,-0.456484641638225,1592.5,0.0251177394034537,1552.5,1600,2851,-1.00563909774436,-1.34203885868626
"2012-04-16",2012-04-16,-0.0376766091051805,1251800,-0.476962457337884,1532.5,0,1532.5,1592.5,2852,-1.04485981308411,-1.57348140510893
"2012-04-17",2012-04-17,0.0163132137030995,1204200,-0.468430034129693,1557.5,0.0160513643659711,1532.5,1557.5,2852,-0.98211091234347,-1.44869436426666
"2012-04-18",2012-04-18,0.0417335473515249,1393600,-0.446245733788396,1622.5,0.0554699537750385,0,1622.5,0,3.4557781201849,-1.13599875964958
"2012-04-19",2012-04-19,0.00462249614791988,935000,-0.443686006825939,1630,0.0598159509202454,0,1630,0,1.07834867075665,-1.10094537848653
"2012-04-20",2012-04-20,-0.0199386503067485,1447200,-0.454778156996587,1597.5,0.0406885758998435,1532.5,1630,2856,-1.025,-1.25433936274846
"2012-04-23",2012-04-23,0,654800,-0.454778156996587,1597.5,0.0406885758998435,1532.5,1630,0,-1,-1.25433936274846
"2012-04-24",2012-04-24,-0.0172143974960876,844400,-0.464163822525597,1570,0.0238853503184714,1532.5,1630,0,-1.02063789868668,-1.38727389184599
"2012-04-25",2012-04-25,0.0127388535031847,556000,-0.457337883959044,1590,0.0361635220125787,1532.5,1630,0,1.51404612159329,-1.2903016340049
"2012-04-26",2012-04-26,0.0125786163522013,1011600,-0.450511945392491,1610,0.0481366459627329,1532.5,1630,0,1.33108290575209,-1.1948777952253
"2012-04-27",2012-04-27,-0.0403726708074534,1928000,-0.472696245733788,1545,0.00809061488673135,1532.5,1630,0,-1.04924242424242,-1.51075828698321
"2012-05-01",2012-05-01,-0.0242718446601942,1961600,-0.485494880546075,1507.5,0,1507.5,1610,2862,-1.02707581227437,-1.61679189337897
"2012-05-02",2012-05-02,-0.00165837479270315,1465000,-0.486348122866894,1505,0,1505,1507.5,2863,-1.00175746924429,-1.62112294220598
"2012-05-07",2012-05-07,-0.0385382059800664,1611400,-0.506143344709898,1447,0,1447,1505,2864,-1.04070175438596,-1.72160327499248
"2012-05-08",2012-05-08,-0.00241879751209399,1879000,-0.507337883959044,1443.5,0,1443.5,1447,2865,-1.00236008091706,-1.72766674335029
"2012-05-09",2012-05-09,-0.0183581572566678,1874000,-0.516382252559727,1417,0,1417,1443.5,2866,-1.01782711066263,-1.77357586091654
"2012-05-10",2012-05-10,0.0232886379675371,2123600,-0.505119453924915,1450,0.0227586206896552,1417,1450,2866,-0.978189028420357,-1.60088350299785
"2012-05-11",2012-05-11,0.0268965517241379,2356200,-0.491808873720136,1489,0.048354600402955,0,1489,0,2.12467183588742,-1.40339422406217
"2012-05-14",2012-05-14,0.0174613834788449,1640400,-0.482935153583618,1515,0.0646864686468647,0,1515,0,1.33775210854419,-1.27545092902704
"2012-05-15",2012-05-15,-0.0280528052805281,2589200,-0.497440273037543,1472.5,0.0376910016977928,1417,1515,2870,-1.03003533568905,-1.48610745845018
"2012-05-16",2012-05-16,-0.0424448217317487,2359400,-0.51877133105802,1410,0,1410,1472.5,2871,-1.04288164665523,-1.78570279763215
"2012-05-17",2012-05-17,0.0159574468085106,2137200,-0.511092150170648,1432.5,0.0157068062827225,1410,1432.5,2871,-0.985197368421053,-1.66699577873493
"2012-05-18",2012-05-18,-0.056544502617801,2689800,-0.538737201365188,1351.5,0,0,1432.5,2873,-1.05409015025042,-1.88704934018406
"2012-05-21",2012-05-21,0.0118386977432482,3075800,-0.533276450511945,1367.5,0.0117001828153565,1351.5,1367.5,2873,-0.989863794741844,-1.79994062578703
"2012-05-22",2012-05-22,-0.00731261425959781,3029200,-0.536689419795222,1357.5,0.0044198895027624,1351.5,1367.5,2875,-1.0064,-1.85421951150643
"2012-05-23",2012-05-23,-0.00994475138121547,2009400,-0.541296928327645,1344,0,1344,1357.5,2876,-1.00858505564388,-1.90004248666507
"2012-05-24",2012-05-24,-0.0104166666666667,1788400,-0.546075085324232,1330,0,1330,1344,2877,-1.00882723833544,-1.9242963600963
"2012-05-25",2012-05-25,-0.0184210526315789,1428600,-0.554436860068259,1305.5,0,1305.5,1330,2878,-1.0153125,-1.96674063860094
"2012-05-28",2012-05-28,0.0214477211796247,1728200,-0.544880546075085,1333.5,0.020997375328084,1305.5,1333.5,2878,-0.982763927362265,-1.81165044081462
"2012-05-29",2012-05-29,0.0228721409823772,1230400,-0.534470989761092,1364,0.0428885630498533,0,1364,0,2.04256781524927,-1.64769221212155
"2012-05-30",2012-05-30,-0.0135630498533724,1816000,-0.540784982935153,1345.5,0.0297287253808993,1305.5,1364,2881,-1.01181353767561,-1.74654116765503
"2012-05-31",2012-05-31,-0.00891861761426979,1538800,-0.544880546075085,1333.5,0.020997375328084,1305.5,1364,0,-1.00757336699274,-1.81165044081462
"2012-06-01",2012-06-01,-0.0337457817772778,1803600,-0.560238907849829,1288.5,0,1288.5,1345.5,2883,-1.02818665831506,-1.99619177062458
"2012-06-04",2012-06-04,-0.0131936360108653,1876600,-0.566040955631399,1271.5,0,1271.5,1288.5,2884,-1.01035638135851,-2.02564290264821
"2012-06-05",2012-06-05,0.0499410145497444,1980800,-0.544368600682594,1335,0.047565543071161,1271.5,1335,2884,-0.961712390714501,-1.67419207831994
"2012-06-06",2012-06-06,0.0277153558052434,1633600,-0.531740614334471,1372,0.0732507288629738,0,1372,0,1.53999563830032,-1.4797148293525
"2012-06-07",2012-06-07,0.0284256559766764,1937200,-0.518430034129693,1411,0.0988660524450744,0,1411,0,1.34969377069296,-1.28212736114721
"2012-06-08",2012-06-08,-0.0311835577604536,1547400,-0.533447098976109,1367,0.0698610095098756,1271.5,1411,2888,-1.02896642527979,-1.50558310591946
"2012-06-11",2012-06-11,0.0424286759326993,1304600,-0.513651877133106,1425,0.0407017543859649,1367,1425,2888,-0.962891874600128,-1.55311483795822
"2012-06-12",2012-06-12,-0.0228070175438597,1534800,-0.524744027303754,1392.5,0.0183123877917415,1367,1425,2890,-1.02159468438538,-1.72306665630172
"2012-06-13",2012-06-13,-0.0140035906642729,1169600,-0.531399317406143,1373,0.00436999271667882,1367,1425,0,-1.01268292682927,-1.82762028432754
"2012-06-14",2012-06-14,0.00582665695557174,1283600,-0.528668941979522,1381,0.0101375814627082,1367,1425,0,2.31981655804971,-1.78448470975061
"2012-06-15",2012-06-15,-0.00362056480811007,1016000,-0.53037542662116,1376,0.00654069767441856,1367,1425,0,-1.00322788896062,-1.81140455075845
"2012-06-18",2012-06-18,0.0515988372093023,1489400,-0.506143344709897,1447,0.0511402902557014,1373,1447,2890,7.81878215464952,-1.46201571267842
"2012-06-19",2012-06-19,-0.0238424326192122,961600,-0.517918088737201,1412.5,0.0279646017699116,1373,1447,2895,-1.02326365475388,-1.63942373153269
"2012-06-20",2012-06-20,0.00884955752212389,1237400,-0.513651877133106,1425,0.0364912280701755,1373,1447,0,1.3049078392183,-1.57448742416979
"2012-06-21",2012-06-21,0.0256140350877193,1629600,-0.501194539249147,1461.5,0.0335271980841602,1412.5,1461.5,2895,-0.975747508305648,-1.52629949556786
"2012-06-22",2012-06-22,-0.0355798836811495,2156400,-0.518941979522184,1409.5,0,0,1461.5,2898,-1.03541028260129,-1.78656900739755
"2012-06-25",2012-06-25,-0.014544164597375,907800,-0.525938566552901,1389,0,1389,1409.5,2899,-1.01348240710293,-1.82208360777899
"2012-06-26",2012-06-26,-0.0208783297336213,2252800,-0.535836177474403,1360,0,1360,1389,2900,-1.01881894873459,-1.87232377417224
"2012-06-27",2012-06-27,-0.000367647058823529,1146600,-0.536006825938566,1359.5,0,1359.5,1360,2901,-1.00031847133758,-1.87318998393765
"2012-06-28",2012-06-28,-0.00183891136447223,1947800,-0.536860068259386,1357,0,1357,1359.5,2902,-1.00159184972939,-1.87752103276465
"2012-06-29",2012-06-29,0.0217391304347826,2558200,-0.52679180887372,1386.5,0.0212765957446809,1357,1386.5,2902,-0.981246026700572,-1.71841488585601
"2012-07-02",2012-07-02,-0.00288496213487198,1126800,-0.528156996587031,1382.5,0.0184448462929475,1357,1386.5,2904,-1.00259151279559,-1.73971849368482
"2012-07-03",2012-07-03,-0.00867992766726944,1743400,-0.532252559726962,1370.5,0.00985041955490695,1357,1386.5,0,-1.00775444264943,-1.80413274557393
"2012-07-04",2012-07-04,-0.0197008391098139,2055000,-0.541467576791809,1343.5,0,1343.5,1382.5,2906,-1.01731324142353,-1.90090869643047
"2012-07-05",2012-07-05,0.00223297357647934,1666400,-0.540443686006826,1346.5,0.00222799851466771,1343.5,1346.5,2906,-0.998109045067759,-1.88440214138374
"2012-07-06",2012-07-06,-0.000742666171555886,1316600,-0.540784982935153,1345.5,0.00148643626904499,1343.5,1346.5,2908,-1.00063151247237,-1.88989872288318
"2012-07-09",2012-07-09,-0.030843552582683,1378800,-0.554948805460751,1304,0,1304,1345.5,2909,-1.02619122751657,-1.96933926789715
"2012-07-10",2012-07-10,0.00459355061349696,1654200,-0.552904440273037,1309.98999,0.00457254639022087,1304,1309.98999,2909,-0.996316119311193,-1.93575189602313
"2012-07-11",2012-07-11,-0.0100000573286824,1275800,-0.557375421501706,1296.890015,0,0,1309.98999,2911,-1.0080863543553,-1.98165674477486
"2012-07-12",2012-07-12,-0.0227390069002882,1306800,-0.567440264846416,1267.400024,0,1267.400024,1296.890015,2912,-1.01805756579218,-2.03274578114643
"2012-07-13",2012-07-13,0.0190231856899507,1328200,-0.559211600682594,1291.51001,0.0186680597233621,1267.400024,1291.51001,2912,-0.985498624835779,-1.89621830050057
"2012-07-17",2012-07-17,-0.0158806434647765,1108600,-0.566211604095563,1271,0.00283239653815892,1267.400024,1291.51001,2914,-1.01251762911289,-2.01213189810428
"2012-07-18",2012-07-18,0.00794647993705741,1225600,-0.56276451331058,1281.099976,0.0106938976322328,1267.400024,1291.51001,0,3.77556514003648,-1.95472960757344
"2012-07-19",2012-07-19,0.0284131017734092,2342400,-0.550341296928327,1317.5,0.0352941176470588,1271,1317.5,2914,3.30039793355396,-1.76679904334017
"2012-07-20",2012-07-20,0.0140417457305503,1553400,-0.544027303754266,1336,0.0486526946107785,0,1336,0,1.37849301397206,-1.66694128928783
"2012-07-23",2012-07-23,-0.0305763293413173,1761000,-0.557969275085324,1295.150024,0.0186465070088282,1271,1336,2918,-1.02562733751568,-1.89002167050133
"2012-07-24",2012-07-24,-0.0113114494294292,1588800,-0.56296928327645,1280.5,0.00741897696212412,1271,1336,0,-1.00896108157633,-1.97239247974888
"2012-07-25",2012-07-25,-0.0274580507614213,1490800,-0.574969294880546,1245.339966,0,1245.339966,1295.150024,2920,-1.02131557077902,-2.07096305647625
"2012-07-26",2012-07-26,0.012976403585525,1298400,-0.569453924914676,1261.5,0.0128101736028537,1245.339966,1261.5,2920,-0.990407539993912,-1.97794279477457
"2012-07-27",2012-07-27,0.0463733650416171,1175600,-0.549488054607508,1320,0.0565606318181818,0,1320,0,4.41529003210243,-1.65451939772193
"2012-07-30",2012-07-30,0.00378787878787879,1035200,-0.54778156996587,1325,0.0601207803773585,0,1325,0,1.06294393193168,-1.62778602434125
"2012-07-31",2012-07-31,-0.00420373283018873,2500200,-0.549682575426621,1319.430054,0.0561531001779045,1245.339966,1325,2924,-1.00347037133956,-1.65757540951883
"2012-08-01",2012-08-01,0.0148321208393515,1746600,-0.543003412969283,1339,0.0146153442867812,1319.430054,1339,2924,-0.987849055516897,-1.83451725419607
"2012-08-02",2012-08-02,-0.0261389096340553,1444600,-0.554948805460751,1304,0,0,1339,2926,-1.02199874292898,-1.96933926789715
"2012-08-03",2012-08-03,-0.00421779141104294,1125800,-0.556825938566553,1298.5,0,1298.5,1304,2927,-1.00338253382534,-1.97886757531656
"2012-08-06",2012-08-06,0.0346553715825953,903400,-0.541467576791808,1343.5,0.0334946036471901,1298.5,1343.5,2927,-0.972418020226785,-1.73089044921334
"2012-08-07",2012-08-07,0.0299814134722739,1853000,-0.52772012662116,1383.780029,0.0616283131804036,0,1383.780029,0,1.83994752795272,-1.51830213381558
"2012-08-08",2012-08-08,0.0377371908147404,2495600,-0.509897610921501,1436,0.0957520891364902,0,1436,0,1.55370290366697,-1.25462331707936
"2012-08-09",2012-08-09,-0.0114136594707521,1714800,-0.515491472696245,1419.609985,0.0853121535349021,1298.5,1436,2931,-1.01097055890228,-1.33601069980145
"2012-08-10",2012-08-10,-0.00465619787817994,1090000,-0.517747440273037,1413,0.081033262561925,1298.5,1436,0,-1.00437634315267,-1.36918157138861
"2012-08-13",2012-08-13,-0.0169851380042463,688800,-0.525938566552901,1389,0.0651547876169907,1298.5,1436,0,-1.01582069874753,-1.49135860786173
"2012-08-14",2012-08-14,0.0158387329013679,1279000,-0.518430034129692,1411,0.0797306874557052,1298.5,1436,0,1.22371187708259,-1.37925826765446
"2012-08-15",2012-08-15,0.00177179305457123,627000,-0.517576791808873,1413.5,0.0813583303855677,1298.5,1436,0,1.02041425932476,-1.36666532085292
"2012-08-16",2012-08-16,0.0279448178280863,1252400,-0.504095563139931,1453,0.0440467997247075,1389,1453,2931,-0.973953181668315,-1.48762767699834
"2012-08-17",2012-08-17,0.0350997935306263,2064600,-0.486689419795221,1504,0.0764627659574468,0,1504,0,1.73594373337766,-1.23473118560401
"2012-08-20",2012-08-20,-0.00531914893617021,910600,-0.489419795221843,1496,0.071524064171123,1389,1504,2938,-1.00561009817672,-1.27365933890452
"2012-08-21",2012-08-21,-0.0133689839572193,855200,-0.496245733788396,1476,0.0589430894308943,1389,1504,0,-1.0139470013947,-1.3721686217451
"2012-08-22",2012-08-22,-0.0013550135501355,868200,-0.496928327645051,1474,0.0576662143826323,1389,1504,0,-1.00137551581843,-1.38211486479367
"2012-08-23",2012-08-23,-0.00067842605156038,1959200,-0.497269624573378,1473,0.0570264765784114,1389,1504,0,-1.00068681318681,-1.38709458652568
"2012-08-24",2012-08-24,-0.00441276306856755,670400,-0.499488054607508,1466.5,0.0528469144220934,1389,1504,0,-1.0044612216884,-1.41957072594762
"2012-08-27",2012-08-27,-0.0218206614387999,1657800,-0.510409556313993,1434.5,0.0317183687696061,1389,1504,0,-1.02186539118551,-1.5822564210105
"2012-08-28",2012-08-28,-0.0275357267340537,2336800,-0.523890784982935,1395,0.00430107526881718,1389,1504,0,-1.02641257104647,-1.78985687887268
"2012-08-29",2012-08-29,0.0028673835125448,1398400,-0.522525597269624,1399,0.00714796283059327,1389,1504,0,1.66190135811294,-1.7684764301604
"2012-08-30",2012-08-30,-0.0157255182273052,1370800,-0.530034129692832,1377,0,1377,1496,2946,-1.0143696930111,-1.84287264214861
"2012-08-31",2012-08-31,-0.0326797385620915,2292600,-0.545392491467576,1332,0,1332,1377,2947,-1.02897617514488,-1.92083152103469
"2012-09-03",2012-09-03,-0.00638138138138138,2044600,-0.548293515358361,1323.5,0,1323.5,1332,2948,-1.00531914893617,-1.93555708704651
"2012-09-04",2012-09-04,0.0120891575368342,1467000,-0.542832764505119,1339.5,0.0119447555057858,1323.5,1339.5,2948,-0.990040460628696,-1.84720692430807
"2012-09-05",2012-09-05,-0.0085852930197835,1543600,-0.546757679180887,1328,0.00338855421686746,1323.5,1339.5,2950,-1.00723043068218,-1.91056093446391
"2012-09-06",2012-09-06,0.0079066265060241,2145800,-0.543174061433447,1338.5,0.0112065745237205,1323.5,1339.5,0,3.30718465944465,-1.85268634255012
"2012-09-07",2012-09-07,0.0407172207695181,2632600,-0.52457337883959,1393,0.0466618808327351,1328,1393,2950,4.16379516630775,-1.57829872531895
"2012-09-10",2012-09-10,0.00646087580760948,1848000,-0.521501706484641,1402,0.0527817403708987,0,1402,0,1.1311532974871,-1.53164260846597
"2012-09-11",2012-09-11,-0.0185449358059914,1109600,-0.53037542662116,1376,0.0348837209302325,1328,1402,2954,-1.01701570680628,-1.66753567010095
"2012-09-12",2012-09-12,0.017078488372093,2003000,-0.52235494880546,1399.5,0.051089674883887,1328,1402,0,1.46457068000476,-1.54456256347346
"2012-09-13",2012-09-13,0.0189353340478742,1861200,-0.513310580204778,1426,0.0350631136044881,1376,1426,2954,-0.982685396929108,-1.58000409827924
"2012-09-14",2012-09-14,0.0413744740532959,2583600,-0.493174061433447,1485,0.0734006734006734,0,1485,0,2.0933872053872,-1.28319030551414
"2012-09-18",2012-09-18,0.0252525252525253,2007600,-0.48037542662116,1522.5,0.096223316912972,0,1522.5,0,1.31093234509875,-1.10237708054894
"2012-09-19",2012-09-19,-0.00821018062397373,1728400,-0.484641638225256,1510,0.0887417218543046,1376,1522.5,2959,-1.0088809946714,-1.16200882058943
"2012-09-20",2012-09-20,-0.0384105960264901,2054400,-0.504436860068259,1452,0.0523415977961432,1376,1522.5,0,-1.04084507042254,-1.44725579089291
"2012-09-21",2012-09-21,0.0213498622589532,1479200,-0.493856655290102,1483,0.0721510451786919,1376,1522.5,0,1.37846470525606,-1.29299824396609
"2012-09-24",2012-09-24,-0.00505731625084289,1595000,-0.496416382252559,1475.5,0.0674347678752966,1376,1522.5,0,-1.00518313752592,-1.32993116322243
"2012-09-25",2012-09-25,0.0155879362927821,1403200,-0.488566552901023,1498.5,0.0817484150817485,1376,1522.5,0,1.21225916033286,-1.21742959502002
"2012-09-26",2012-09-26,-0.0206873540206874,1323800,-0.49914675767918,1467.5,0.0623509369676321,1376,1522.5,0,-1.02165560600768,-1.36959599037914
"2012-09-27",2012-09-27,0.0238500851788756,1646800,-0.487201365187713,1502.5,0.0841930116472546,1376,1522.5,0,1.35030868406936,-1.19809117107022
"2012-09-28",2012-09-28,0.00831946755407654,1613800,-0.482935153583617,1515,0.0917491749174918,1376,1522.5,0,1.08974810524531,-1.13808092359124
"2012-10-01",2012-10-01,-0.0033003300330033,1370800,-0.484641638225256,1510,0.0887417218543046,1376,1522.5,0,-1.00353356890459,-1.16200882058943
"2012-10-02",2012-10-02,0.0115894039735099,1114600,-0.478668941979522,1527.5,0.0494271685761047,1452,1527.5,2959,-0.987676056338028,-1.33125172763604
"2012-10-03",2012-10-03,0.0180032733224223,1291200,-0.469283276450511,1555,0.0662379421221865,0,1555,0,1.34011200783629,-1.19827888515097
"2012-10-04",2012-10-04,-0.022508038585209,1539000,-0.481228668941979,1520,0.0447368421052632,1452,1555,2970,-1.02545454545455,-1.36805292074595
"2012-10-05",2012-10-05,0.0148026315789474,1315000,-0.473549488054607,1542.5,0.0586709886547812,1452,1555,0,1.3114691581657,-1.25834390355451
"2012-10-09",2012-10-09,-0.00648298217179903,1862600,-0.476962457337884,1532.5,0.0525285481239804,1452,1555,0,-1.00720720720721,-1.3068470608136
"2012-10-10",2012-10-10,-0.0270799347471452,2344600,-0.491126279863481,1491,0.0261569416498993,1452,1555,0,-1.02969588550984,-1.51260446165683
"2012-10-11",2012-10-11,-0.00637156270959088,1448600,-0.494368600682593,1481.5,0.0199122510968613,1452,1555,0,-1.00660180681028,-1.56076042916169
"2012-10-12",2012-10-12,0.0124873439082011,1069200,-0.488054607508532,1500,0.032,1452,1555,0,1.60705084745762,-1.467353384652
"2012-10-15",2012-10-15,0.02,1183000,-0.477815699658703,1530,0.0509803921568628,1452,1555,0,1.59313725490196,-1.3190365326487
"2012-10-16",2012-10-16,0.0147058823529412,1674000,-0.470136518771331,1552.5,0.0647342995169082,1452,1555,0,1.26978818283166,-1.21024240764099
"2012-10-17",2012-10-17,0.0112721417069243,1805400,-0.464163822525597,1570,0.0563694267515924,1481.5,1570,2970,-0.987295825771325,-1.22238506987929
"2012-10-18",2012-10-18,0.0207006369426752,2887600,-0.453071672354948,1602.5,0.0755070202808112,0,1602.5,0,1.33950307164829,-1.06893921657671
"2012-10-19",2012-10-19,-0.0015600624024961,1508600,-0.453924914675767,1600,0.0740625,1481.5,1602.5,2980,-1.00188323917138,-1.08060263478476
"2012-10-22",2012-10-22,-0.009375,1245000,-0.459044368600682,1585,0.0652996845425867,1481.5,1602.5,0,-1.01127819548872,-1.15106888459147
"2012-10-23",2012-10-23,0.00157728706624606,910000,-0.458191126279863,1587.5,0.0667716535433071,1481.5,1602.5,0,1.02254174749895,-1.13926613697691
"2012-10-24",2012-10-24,-0.0047244094488189,2091200,-0.46075085324232,1580,0.0623417721518987,1481.5,1602.5,0,-1.00558659217877,-1.17474531366984
"2012-10-25",2012-10-25,0.00316455696202532,1126200,-0.459044368600682,1585,0.0652996845425867,1481.5,1602.5,0,1.04744671652068,-1.15106888459147
"2012-10-26",2012-10-26,-0.0252365930599369,1524400,-0.472696245733788,1545,0.0411003236245955,1481.5,1602.5,0,-1.02973977695167,-1.34320136110119
"2012-10-29",2012-10-29,-0.00970873786407767,1433800,-0.477815699658703,1530,0.0316993464052288,1481.5,1602.5,0,-1.01083032490975,-1.41690691313554
"2012-10-30",2012-10-30,0.00980392156862745,2310400,-0.472696245733788,1545,0.0411003236245955,1481.5,1602.5,0,1.2965669102192,-1.34320136110119
"2012-10-31",2012-10-31,0.0210355987055016,2455800,-0.461604095563139,1577.5,0.0608557844690967,1481.5,1602.5,0,1.4806643622796,-1.18661921996361
"2012-11-01",2012-11-01,-0.00316957210776545,2019600,-0.463310580204778,1572.5,0.0578696343402226,1481.5,1602.5,0,-1.00369685767098,-1.21043898349676
"2012-11-02",2012-11-02,0.0445151033386327,1661400,-0.439419795221842,1642.5,0.0684931506849316,1530,1642.5,2980,1.18357669727533,-1.03524476184062
"2012-11-05",2012-11-05,0.0030441400304414,1565800,-0.437713310580204,1647.5,0.071320182094082,0,1647.5,0,1.0412746585736,-1.01223268321432
"2012-11-06",2012-11-06,-0.0257966616084977,1255800,-0.452218430034129,1605,0.0467289719626168,1530,1647.5,2992,-1.03313840155945,-1.21068523093656
"2012-11-07",2012-11-07,0.00311526479750779,1248800,-0.450511945392491,1610,0.0496894409937888,1530,1647.5,0,1.06335403726708,-1.18699582437864
"2012-11-08",2012-11-08,-0.0077639751552795,1051400,-0.454778156996587,1597.5,0.0422535211267606,1530,1647.5,0,-1.0094696969697,-1.24639571763852
"2012-11-09",2012-11-09,-0.028169014084507,1161000,-0.470136518771331,1552.5,0.0144927536231884,1530,1647.5,0,-1.03377110694184,-1.46526795325739
"2012-11-12",2012-11-12,-0.00483091787439614,1051000,-0.472696245733788,1545,0.00970873786407767,1530,1647.5,0,-1.005444646098,-1.50254471218507
"2012-11-13",2012-11-13,0.00161812297734628,1010400,-0.471843003412969,1547.5,0.0113085621970921,1530,1647.5,0,1.16478190630049,-1.49009297228139
"2012-11-14",2012-11-14,-0.0113085621970921,847600,-0.477815699658703,1530,0,1530,1610,2998,-1.0126582278481,-1.57781245393593
"2012-11-15",2012-11-15,0.0457516339869281,1266400,-0.453924914675767,1600,0.04375,1530,1600,2998,-0.95,-1.23446855817514
"2012-11-16",2012-11-16,0.01875,1384000,-0.443686006825938,1630,0.0613496932515337,0,1630,0,1.4022787028922,-1.0931601189386
"2012-11-19",2012-11-19,-0.00920245398773006,1351400,-0.448805460750853,1615,0.0526315789473685,1530,1630,3001,-1.01153846153846,-1.16339946617307
"2012-11-20",2012-11-20,-0.00773993808049536,1216000,-0.453071672354948,1602.5,0.0452418096723869,1530,1630,0,-1.00950570342205,-1.22256509952497
"2012-11-21",2012-11-21,0.0280811232449298,1492200,-0.437713310580204,1647.5,0.0273141122913505,1602.5,1647.5,3001,-0.966101694915254,-1.23560701937856
"2012-11-22",2012-11-22,0.0257966616084977,1509800,-0.423208191126279,1690,0.0517751479289941,0,1690,0,1.89554569362262,-1.03781523598436
"2012-11-26",2012-11-26,0.00591715976331361,1309800,-0.419795221843003,1700,0.0573529411764706,0,1700,0,1.10773109243698,-0.992178222251485
"2012-11-27",2012-11-27,0.0117647058823529,1104800,-0.41296928327645,1720,0.0683139534883721,0,1720,0,1.19111508646392,-0.90189185124241
"2012-11-28",2012-11-28,-0.0290697674418605,783600,-0.430034129692832,1670,0.0404191616766467,1602.5,1720,3007,-1.04132231404959,-1.1301064904594
"2012-11-29",2012-11-29,0.0269461077844311,816600,-0.414675767918088,1715,0.065597667638484,1602.5,1720,0,1.62293488824101,-0.92434178660315
"2012-11-30",2012-11-30,0.0131195335276968,1083000,-0.406996587030716,1737.5,0.0388489208633094,1670,1737.5,3007,-0.981481481481481,-1.02113869757982
"2012-12-03",2012-12-03,-0.00719424460431655,752200,-0.411262798634812,1725,0.0318840579710145,1670,1737.5,3010,-1.0104821802935,-1.07814751071147
"2012-12-04",2012-12-04,0.00579710144927536,739400,-0.407849829351535,1735,0.0374639769452449,1670,1737.5,0,1.17500654964632,-1.03249970681249
"2012-12-05",2012-12-05,0.00432276657060519,940000,-0.405290102389078,1742.5,0.0100430416068866,1725,1742.5,3010,-0.993723849372385,-1.15869493265525
"2012-12-06",2012-12-06,0.00143472022955524,1270000,-0.404436860068259,1745,0.0114613180515759,0,1745,0,1.14121981170692,-1.14716472787657
"2012-12-07",2012-12-07,-0.0114613180515759,1152800,-0.411262798634812,1725,0,0,1745,3014,-1.0168776371308,-1.23999064542957
"2012-12-10",2012-12-10,-0.00144927536231884,962800,-0.412116040955631,1722.5,0,1722.5,1725,3015,-1.00207468879668,-1.24432169425657
"2012-12-11",2012-12-11,-0.00435413642960813,714400,-0.414675767918088,1715,0,1715,1722.5,3016,-1.00621118012422,-1.25731484073759
"2012-12-12",2012-12-12,0.0043731778425656,858000,-0.412116040955631,1722.5,0.00435413642960814,1715,1722.5,3016,-0.993827160493827,-1.22222014465462
"2012-12-13",2012-12-13,0.0217706821480406,1258000,-0.399317406143344,1760,0.0255681818181818,0,1760,0,5.87215909090907,-1.0495721464332
"2012-12-14",2012-12-14,0.0355113636363636,2931600,-0.377986348122866,1822.5,0.0589849108367627,0,1822.5,0,2.30696540161561,-0.771672969316684
"2012-12-17",2012-12-17,-0.00274348422496571,2305800,-0.379692832764505,1817.5,0.0563961485557084,1715,1822.5,3020,-1.00451467268623,-0.793475596416057
"2012-12-18",2012-12-18,0.0137551581843191,1994800,-0.371160409556314,1842.5,0.0135685210312076,1817.5,1842.5,3020,-0.97752808988764,-0.967557684003371
"2012-12-19",2012-12-19,0.0502035278154681,2109000,-0.339590443686006,1935,0.0607235142118863,0,1935,0,4.475322997416,-0.567950640102366
"2012-12-20",2012-12-20,0.00387596899224806,1948000,-0.337030716723549,1942.5,0.0643500643500643,0,1942.5,0,1.05972233631808,-0.536549164195134
"2012-12-21",2012-12-21,-0.0154440154440154,1914200,-0.347269624573378,1912.5,0.0496732026143791,1817.5,1942.5,3024,-1.03037974683544,-0.663021342150002
"2012-12-25",2012-12-25,0.00784313725490196,534200,-0.342150170648464,1927.5,0.0570687418936446,1817.5,1942.5,0,1.1488838828589,-0.599495371491514
"2012-12-26",2012-12-26,0.0155642023346304,670600,-0.331911262798634,1957.5,0.0229885057471264,1912.5,1957.5,3024,-0.970074812967581,-0.720513697041141
"2012-12-27",2012-12-27,0.00383141762452107,1024200,-0.329351535836177,1965,0.0267175572519084,0,1965,0,1.16221374045802,-0.688591925301454
"2012-12-28",2012-12-28,0.0101781170483461,913600,-0.322525597269624,1985,0.0365239294710328,0,1985,0,1.36703850305866,-0.604166494962356
"2013-01-04",2013-01-04,0.0327455919395466,928600,-0.300341296928327,2050,0.0670731707317073,0,2050,0,1.83641715727502,-0.336491605981508
"2013-01-07",2013-01-07,-0.0341463414634146,1136400,-0.324232081911262,1980,0.0340909090909091,1912.5,2050,3030,-1.07954545454545,-0.625178577850686
"2013-01-08",2013-01-08,-0.0227272727272727,1140200,-0.339590443686006,1935,0.0116279069767442,1912.5,2050,0,-1.04736842105263,-0.817159413435024
"2013-01-09",2013-01-09,0.0245478036175711,1212200,-0.323378839590443,1982.5,0.0353089533417402,1912.5,2050,0,3.03656998738965,-0.614664749530585
"2013-01-10",2013-01-10,0.0290037831021438,1763000,-0.303754266211604,2040,0.0625,1912.5,2050,0,1.77008928571429,-0.377029166648898
"2013-01-11",2013-01-11,0.00857843137254902,1407600,-0.29778156996587,2057.5,0.0595382746051033,1935,2057.5,3030,-0.980337078651685,-0.361745511052509
"2013-01-15",2013-01-15,0.0364520048602673,2073200,-0.272184300341297,2132.5,0.0926143024618992,0,2132.5,0,1.55554226379884,-0.0639204852272262
"2013-01-16",2013-01-16,-0.0164126611957796,1192200,-0.284129692832764,2097.5,0.0774731823599524,1935,2132.5,3036,-1.04388714733542,-0.201411331300979
"2013-01-17",2013-01-17,-0.0190703218116806,1332600,-0.29778156996587,2057.5,0.0595382746051033,1935,2132.5,0,-1.04804804804805,-0.361745511052509
"2013-01-18",2013-01-18,0.0279465370595383,1961600,-0.27815699658703,2115,0.0851063829787234,1935,2132.5,0,1.4294398610508,-0.132347945416899
"2013-01-21",2013-01-21,-0.0177304964539007,2078400,-0.290955631399317,2077.5,0.0685920577617328,1935,2132.5,0,-1.04601226993865,-0.281140214685676
"2013-01-22",2013-01-22,0,1635400,-0.290955631399317,2077.5,0.0685920577617328,1935,2132.5,0,-1,-0.281140214685676
"2013-01-23",2013-01-23,-0.00842358604091456,973400,-0.296928327645051,2060,0.0606796116504854,1935,2132.5,0,-1.02052785923754,-0.351621047680767
"2013-01-24",2013-01-24,0.0230582524271845,1440800,-0.280716723549488,2107.5,0.0818505338078291,1935,2132.5,0,1.34889679715302,-0.161867747208408
"2013-01-25",2013-01-25,-0.00474495848161329,1546000,-0.284129692832764,2097.5,0.0774731823599524,1935,2132.5,0,-1.01215805471125,-0.201411331300979
"2013-01-28",2013-01-28,-0.0190703218116806,823200,-0.29778156996587,2057.5,0.0595382746051033,1935,2132.5,0,-1.04804804804805,-0.361745511052509
"2013-01-29",2013-01-29,0.0194410692588092,995200,-0.284129692832764,2097.5,0.0774731823599524,1935,2132.5,0,1.30123324657634,-0.201411331300979
"2013-01-30",2013-01-30,0.033373063170441,1284000,-0.260238907849829,2167.5,0.0507497116493656,2057.5,2167.5,3036,-0.915915915915916,-0.215790013533057
"2013-01-31",2013-01-31,0.027681660899654,2474400,-0.23976109215017,2227.5,0.0763187429854096,0,2227.5,0,1.50382614018978,0.0179432858768782
"2013-02-01",2013-02-01,-0.0695847362514029,2752600,-0.292662116040955,2072.5,0.00723763570566949,2057.5,2227.5,3048,-1.22064056939502,-0.601236697617668
"2013-02-04",2013-02-04,0.00241254523522316,1308800,-0.290955631399317,2077.5,0.00962695547533088,2057.5,2227.5,0,1.33012434817488,-0.580446438557182
"2013-02-05",2013-02-05,0.00481347773766546,1044400,-0.287542662116041,2087.5,0.01437125748503,2057.5,2227.5,0,1.4928143712575,-0.539040217366602
"2013-02-06",2013-02-06,0.0311377245508982,1292200,-0.265358361774744,2152.5,0.0441347270615563,2057.5,2227.5,0,3.07104142469995,-0.275353896987997
"2013-02-07",2013-02-07,-0.0336817653890825,1859000,-0.290102389078498,2080,0.0108173076923077,2057.5,2227.5,0,-1.09324758842444,-0.570073174702552
"2013-02-08",2013-02-08,0.00480769230769231,1499000,-0.286689419795222,2090,0.0155502392344498,2057.5,2227.5,0,1.43753322700691,-0.528724669882778
"2013-02-12",2013-02-12,0.00119617224880383,1058000,-0.285836177474402,2092.5,0.016726403823178,2057.5,2227.5,0,1.07563643047514,-0.518423422276268
"2013-02-13",2013-02-13,-0.01194743130227,842000,-0.294368600682594,2067.5,0.0048367593712213,2057.5,2227.5,0,-1.02985074626866,-0.622085617676493
"2013-02-14",2013-02-14,-0.00241837968561064,823600,-0.296075085324232,2062.5,0.00242424242424244,2057.5,2227.5,0,-1.00579710144928,-0.642993625359099
"2013-02-15",2013-02-15,-0.0121212121212121,1261400,-0.304607508532423,2037.5,0,2037.5,2152.5,3057,-1.02881844380403,-0.698609542053992
"2013-02-18",2013-02-18,0.0159509202453988,803800,-0.293515358361774,2070,0.0157004830917874,2037.5,2070,3057,-0.963585434173669,-0.562610424297809
"2013-02-19",2013-02-19,-0.0253623188405797,1856600,-0.311433447098976,2017.5,0,0,2070,3059,-1.06104651162791,-0.733257932670029
"2013-02-20",2013-02-20,0.023543990086741,1334600,-0.295221843003413,2065,0.0230024213075061,2017.5,2065,3059,-0.947945205479452,-0.534207962245394
"2013-02-21",2013-02-21,-0.0121065375302663,1420400,-0.303754266211604,2040,0.0110294117647058,2017.5,2065,3061,-1.02890173410405,-0.638293317948502
"2013-02-22",2013-02-22,-0.00857843137254902,1469400,-0.309726962457338,2022.5,0.00247218788627934,2017.5,2065,0,-1.01966292134831,-0.712047035942475
"2013-02-25",2013-02-25,0.00865265760197775,1783200,-0.303754266211604,2040,0.0110294117647058,2017.5,2065,0,4.46139705882354,-0.638293317948502
"2013-02-26",2013-02-26,-0.00612745098039216,1134200,-0.3080204778157,2027.5,0.00493218249075211,2017.5,2065,0,-1.01404494382022,-0.69089803218199
"2013-02-27",2013-02-27,0.00369913686806412,1611600,-0.305460750853242,2035,0.00859950859950864,2017.5,2065,0,1.74355036855039,-0.659289577887452
"2013-02-28",2013-02-28,0.0319410319410319,1215000,-0.283276450511945,2100,0.0369047619047619,2022.5,2100,3061,4.29149659863943,-0.403005147589911
"2013-03-01",2013-03-01,0.0166666666666667,1218600,-0.271331058020478,2135,0.0526932084309133,0,2135,0,1.42781597038604,-0.262228479561676
"2013-03-04",2013-03-04,-0.0281030444964871,1142000,-0.291808873720137,2075,0.0253012048192771,2022.5,2135,3068,-1.07547169811321,-0.505215166600445
"2013-03-05",2013-03-05,-0.00602409638554217,1232200,-0.296075085324232,2062.5,0.0193939393939394,2022.5,2135,0,-1.01461988304093,-0.55685562638517
"2013-03-06",2013-03-06,0.0303030303030303,683200,-0.274744027303754,2125,0.048235294117647,2022.5,2135,0,2.48713235294117,-0.302180999890919
"2013-03-07",2013-03-07,-0.00588235294117647,933600,-0.27901023890785,2112.5,0.0426035502958579,2022.5,2135,0,-1.01552795031056,-0.352422914984708
"2013-03-08",2013-03-08,0.0319526627218935,1718200,-0.255972696245734,2180,0.0538990825688074,2062.5,2180,3068,1.26513124362895,-0.178148596544635
"2013-03-11",2013-03-11,0.0206422018348624,1636400,-0.24061433447099,2225,0.0730337078651685,0,2225,0,1.35500836720057,-0.00306256582503779
"2013-03-12",2013-03-12,0.0191011235955056,1348000,-0.226109215017065,2267.5,0.0904079382579934,0,2267.5,0,1.2378933084556,0.158756670505021
"2013-03-13",2013-03-13,-0.0242557883131202,860400,-0.244880546075085,2212.5,0.0677966101694916,2062.5,2267.5,3075,-1.08301886792453,-0.051301261434895
"2013-03-14",2013-03-14,-0.00451977401129944,703800,-0.248293515358362,2202.5,0.0635641316685585,2062.5,2267.5,0,-1.01393728222997,-0.09010947200975
"2013-03-15",2013-03-15,0.0113507377979569,1232000,-0.23976109215017,2227.5,0.0740740740740741,2062.5,2267.5,0,1.16534391534392,0.00654937066868544
"2013-03-18",2013-03-18,-0.0493827160493827,1531400,-0.277303754266211,2117.5,0.025974025974026,2062.5,2267.5,0,-1.15658362989324,-0.42817210360934
"2013-03-19",2013-03-19,0.0365997638724911,1117000,-0.250853242320819,2195,0.0603644646924829,2062.5,2267.5,0,2.32403189066059,-0.11934409358571
"2013-03-21",2013-03-21,0,1245600,-0.250853242320819,2195,0.0603644646924829,2062.5,2267.5,0,-1,-0.11934409358571
"2013-03-22",2013-03-22,-0.00569476082004556,1074000,-0.255119453924915,2182.5,0.0549828178694158,2062.5,2267.5,0,-1.01700680272109,-0.168316519008719
"2013-03-25",2013-03-25,0.00687285223367698,946400,-0.25,2197.5,0.0614334470989761,2062.5,2267.5,0,1.11732081911263,-0.109586901581364
"2013-03-26",2013-03-26,-0.0147895335608646,836800,-0.261092150170648,2165,0.0473441108545035,2062.5,2267.5,0,-1.04436860068259,-0.237407855300284
"2013-03-27",2013-03-27,0.0023094688221709,569400,-0.25938566552901,2170,0.0495391705069125,2062.5,2267.5,0,1.0463639429021,-0.217603658501866
"2013-03-28",2013-03-28,-0.0391705069124424,1627200,-0.28839590443686,2085,0.0107913669064749,2062.5,2267.5,0,-1.11184210526316,-0.561542752197926
"2013-03-29",2013-03-29,0.0251798561151079,1741200,-0.270477815699658,2137.5,0.0350877192982456,2062.5,2267.5,0,3.25146198830408,-0.347262703877337
"2013-04-01",2013-04-01,-0.0233918128654971,599600,-0.287542662116041,2087.5,0.0119760479041916,2062.5,2267.5,0,-1.06309148264984,-0.551198275391152
"2013-04-02",2013-04-02,-0.0227544910179641,1281800,-0.303754266211604,2040,0,2040,2227.5,3088,-1.05637982195846,-0.694278493226988
"2013-04-03",2013-04-03,0.0526960784313725,1694800,-0.267064846416382,2147.5,0.0500582072176949,2040,2147.5,3088,-0.879213483146068,-0.253948473193468
"2013-04-04",2013-04-04,0.00349243306169965,1525600,-0.264505119453925,2155,0.0533642691415314,0,2155,0,1.06604435331571,-0.224173792009052
"2013-04-05",2013-04-05,0.0301624129930394,2059000,-0.242320819112628,2220,0.081081081081081,0,2220,0,1.51938895417156,0.0291237162564856
"2013-04-08",2013-04-08,0.0191441441441441,1291600,-0.227815699658703,2262.5,0.098342541436464,0,2262.5,0,1.21289134438306,0.190370533091559
"2013-04-09",2013-04-09,0.0651933701657459,2577800,-0.177474402730375,2410,0.153526970954357,0,2410,0,1.56114504172689,0.726017983519191
"2013-04-10",2013-04-10,0.045643153526971,2453200,-0.139931740614334,2520,0.19047619047619,0,2520,0,1.24066924066924,1.1041379720816
"2013-04-11",2013-04-11,0.0376984126984127,1929800,-0.107508532423208,2615,0.219885277246654,0,2615,0,1.15439770554493,1.41799803507907
"2013-04-12",2013-04-12,-0.0363288718929254,1815200,-0.139931740614334,2520,0.19047619047619,2040,2615,3096,-1.3015873015873,1.1041379720816
"2013-04-15",2013-04-15,-0.0208333333333333,1588400,-0.157849829351535,2467.5,0.173252279635258,2040,2615,0,-1.12804878048781,0.925757560869272
"2013-04-16",2013-04-16,-0.0182370820668693,1343600,-0.173208191126279,2422.5,0.157894736842105,2040,2615,0,-1.0972972972973,0.769843960238838
"2013-04-17",2013-04-17,0.00412796697626419,850000,-0.169795221843003,2432.5,0.161356628982528,2040,2615,0,1.02192531688935,0.804740682750618
"2013-04-18",2013-04-18,-0.025693730729702,1147600,-0.191126279863481,2370,0.139240506329114,2040,2615,0,-1.12562814070352,0.584203261782477
"2013-04-19",2013-04-19,0.0105485232067511,914800,-0.18259385665529,2395,0.148225469728601,2040,2615,0,1.06452837350541,0.673121327457582
"2013-04-22",2013-04-22,0.00626304801670146,1094000,-0.177474402730375,2410,0.153526970954357,2040,2615,0,1.03576646601601,0.726017983519191
"2013-04-23",2013-04-23,0.00829875518672199,1197800,-0.170648464163822,2430,0.160493827160494,2040,2615,0,1.04537871204538,0.796030061171441
"2013-04-24",2013-04-24,0.0596707818930041,2117800,-0.121160409556314,2575,0.207766990291262,2040,2615,0,1.29454817027633,1.28718895983295
"2013-04-25",2013-04-25,-0.0135922330097087,1404200,-0.133105802047781,2540,0.196850393700787,2040,2615,0,-1.09859154929578,1.17114174958524
"2013-04-26",2013-04-26,0.0610236220472441,3731800,-0.0802047781569964,2695,0.120593692022263,2370,2695,3096,-0.602564102564103,1.05258858078628
"2013-04-30",2013-04-30,0.100185528756957,4299000,0,2965,0.200674536256324,0,2965,0,1.66405500064859,1.86619667300568
"2013-05-01",2013-05-01,-0.045531197301855,2293200,-0.045531197301855,2830,0.162544169611307,2370,2965,3108,0,1.44153147584384
"2013-05-02",2013-05-02,-0.0318021201413428,3222600,-0.0758853288364248,2740,0.135036496350365,2370,2965,0,-1.66666666666666,1.14782557814834
"2013-05-07",2013-05-07,0.0510948905109489,2075600,-0.0286677908937605,2880,0.177083333333333,2370,2965,0,1.31137387387387,1.60093058346947
"2013-05-08",2013-05-08,-0.0486111111111111,2011000,-0.0758853288364248,2740,0.135036496350365,2370,2965,0,-2.64705882352941,1.14782557814834
"2013-05-09",2013-05-09,0.00547445255474453,791200,-0.0708263069139966,2755,0.139745916515426,2370,2965,0,1.03487516554667,1.19741008493191
"2013-05-10",2013-05-10,0.029038112522686,1564800,-0.0438448566610455,2835,0.164021164021164,2370,2965,0,1.1737098879956,1.45758853047688
"2013-05-13",2013-05-13,0.0211640211640212,1022200,-0.0236087689713322,2895,0.181347150259067,2370,2965,0,1.10563262577302,1.64825321301148
"2013-05-14",2013-05-14,-0.00172711571675302,1150200,-0.0252951096121417,2890,0.179930795847751,2370,2965,0,-1.07142857142857,1.63250396635766
"2013-05-15",2013-05-15,0.00346020761245675,1475800,-0.0219224283305227,2900,0.182758620689655,2370,2965,0,1.01571618037135,1.66397766863175
"2013-05-16",2013-05-16,0.00862068965517241,1204200,-0.0134907251264755,2925,0.18974358974359,2370,2965,0,1.03821964199323,1.74223253090247
"2013-05-17",2013-05-17,-0.00854700854700855,1063800,-0.0219224283305227,2900,0.182758620689655,2370,2965,0,-1.625,1.66397766863175
"2013-05-20",2013-05-20,0.0241379310344828,1756000,0,2970,0.0774410774410774,2740,2970,3108,0,1.24066496386927
"2013-05-21",2013-05-21,0.0235690235690236,1661800,0,3040,0.0986842105263158,0,3040,0,1.27431350114417,1.34849487852048
"2013-05-22",2013-05-22,-0.00493421052631579,1048600,-0.00493421052631571,3025,0.0942148760330579,2740,3040,3121,0,1.30076258532197
"2013-05-23",2013-05-23,-0.084297520661157,1391000,-0.0888157894736842,2770,0.0108303249097473,2740,3040,0,-18.0000000000003,0.451721511334042
"2013-05-24",2013-05-24,0.0180505415162455,1704400,-0.0723684210526315,2820,0.0283687943262412,2740,3040,0,2.61938534278959,0.624233258008501
"2013-05-27",2013-05-27,-0.0265957446808511,1067600,-0.0970394736842105,2745,0.00182149362477235,2740,3040,0,-1.34090909090909,0.364249448354933
"2013-05-28",2013-05-28,0.0473588342440801,1100000,-0.0542763157894737,2875,0.0469565217391305,2740,3040,0,25.7791304347821,0.810419693456068
"2013-05-29",2013-05-29,-0.00695652173913044,1025800,-0.0608552631578948,2855,0.0402802101576182,2740,3040,0,-1.12121212121212,0.743136141848315
"2013-05-30",2013-05-30,-0.031523642732049,1150800,-0.0904605263157895,2765,0.00904159132007232,2740,3040,0,-1.48648648648649,0.434293252417112
"2013-05-31",2013-05-31,-0.00361663652802893,1006400,-0.0937499999999999,2755,0.00544464609800366,2740,3040,0,-1.03636363636364,0.399337864248286
"2013-06-03",2013-06-03,-0.0508166969147005,2238400,-0.139802631578947,2615,0,2615,3025,3129,-1.49122807017544,0.137938237630405
"2013-06-04",2013-06-04,0.0458891013384321,1372800,-0.100328947368421,2735,0.0438756855575868,2615,2735,3129,-0.717647058823529,0.561018740504676
"2013-06-05",2013-06-05,-0.0402193784277879,791200,-0.136513157894737,2625,0.00380952380952382,2615,2735,3131,-1.36065573770492,0.173972672418673
"2013-06-06",2013-06-06,-0.0133333333333333,1094400,-0.148026315789474,2590,0,2590,2625,3132,-1.08433734939759,0.0961949051859202
"2013-06-07",2013-06-07,-0.0212355212355212,1438600,-0.166118421052631,2535,0,2535,2590,3133,-1.12222222222222,0.00435957380805275
"2013-06-10",2013-06-10,0.0927021696252465,818200,-0.0888157894736841,2770,0.0848375451263538,2535,2770,3133,-0.534653465346534,0.827381363744197
"2013-06-11",2013-06-11,-0.00902527075812274,1313000,-0.0970394736842104,2745,0.0765027322404371,2535,2770,3135,-1.09259259259259,0.743330610896329
"2013-06-12",2013-06-12,0,1245400,-0.0970394736842104,2745,0.0765027322404371,2535,2770,0,-1,0.743330610896329
"2013-06-13",2013-06-13,-0.0364298724954463,1458200,-0.129934210526316,2645,0.0415879017013232,2535,2770,0,-1.33898305084746,0.399129977500436
"2013-06-14",2013-06-14,0.0302457466918715,1657800,-0.103618421052631,2725,0.0697247706422018,2535,2770,0,1.67656380316931,0.675531084898945
"2013-06-17",2013-06-17,0.0256880733944954,768000,-0.0805921052631575,2795,0.0536672629695886,2645,2795,3135,-0.777777777777776,0.710904679812959
"2013-06-18",2013-06-18,-0.00178890876565295,1406400,-0.0822368421052628,2790,0.0519713261648745,2645,2795,3140,-1.02040816326531,0.69394745637663
"2013-06-19",2013-06-19,0.043010752688172,1850000,-0.0427631578947365,2910,0.0412371134020618,2790,2910,3140,-0.519999999999998,0.839828703784587
"2013-06-20",2013-06-20,-0.0343642611683849,1145800,-0.0756578947368418,2810,0.00711743772241991,2790,2910,3142,-1.76923076923078,0.499664267887779
"2013-06-21",2013-06-21,-0.0320284697508897,3126400,-0.105263157894737,2720,0,2720,2810,3143,-1.39130434782609,0.313260233897244
"2013-06-24",2013-06-24,-0.0202205882352941,830400,-0.123355263157894,2665,0,2665,2720,3144,-1.171875,0.221424902519377
"2013-06-25",2013-06-25,-0.00187617260787992,972600,-0.125,2660,0,2660,2665,3145,-1.01333333333333,0.21307623603048
"2013-06-26",2013-06-26,-0.0263157894736842,921400,-0.148026315789473,2590,0,2590,2660,3146,-1.18421052631579,0.0961949051859207
"2013-06-27",2013-06-27,0.027027027027027,1539800,-0.125,2660,0.0263157894736842,2590,2660,3146,-0.844444444444444,0.346654899852832
"2013-06-28",2013-06-28,0.0075187969924812,1515400,-0.118421052631579,2680,0.0335820895522388,0,2680,0,1.27611940298508,0.416933226714593
"2013-07-01",2013-07-01,0.0167910447761194,787000,-0.103618421052631,2725,0.0495412844036697,0,2725,0,1.47522935779816,0.573079926224185
"2013-07-02",2013-07-02,0.0385321100917431,973800,-0.0690789473684208,2830,0.0848056537102474,0,2830,0,1.71181782489203,0.927403481126428
"2013-07-03",2013-07-03,-0.0335689045936396,1283600,-0.100328947368421,2735,0.0530164533820841,2590,2830,3151,-1.45238095238095,0.607417179492332
"2013-07-04",2013-07-04,0.00731261425959781,909600,-0.0937499999999997,2755,0.0598911070780399,2590,2830,0,1.12967019212717,0.675707513535914
"2013-07-05",2013-07-05,-0.0108892921960073,1102000,-0.103618421052631,2725,0.0495412844036697,2590,2830,0,-1.10526315789474,0.573079926224185
"2013-07-08",2013-07-08,-0.00917431192660551,793200,-0.111842105263158,2700,0.0407407407407407,2590,2830,0,-1.07936507936508,0.486665128970336
"2013-07-09",2013-07-09,0.05,1064800,-0.0674342105263154,2835,0.0476190476190477,2700,2835,3151,1.16883116883117,0.746993335772802
"2013-07-10",2013-07-10,0.00352733686067019,685600,-0.0641447368421049,2845,0.0509666080843585,0,2845,0,1.07029876977153,0.780682849603385
"2013-07-11",2013-07-11,0.00351493848857645,634800,-0.0608552631578945,2855,0.0542907180385289,0,2855,0,1.06522132979045,0.814253328892092
"2013-07-12",2013-07-12,0.010507880910683,690600,-0.0509868421052627,2885,0.0641247833622184,0,2885,0,1.18113713870409,0.914262937448922
"2013-07-16",2013-07-16,0.0277296360485269,2016800,-0.0246710526315786,2965,0.0893760539629005,0,2965,0,1.39378332801604,1.17601677876419
"2013-07-17",2013-07-17,0.0118043844856661,1387000,-0.0131578947368417,3000,0.1,0,3000,0,1.1188679245283,1.28838447980042
"2013-07-18",2013-07-18,-0.015,6154600,-0.027960526315789,2955,0.0862944162436549,2700,3000,3161,-2.12500000000003,1.14367708592739
"2013-07-19",2013-07-19,-0.0236886632825719,1390800,-0.0509868421052628,2885,0.0641247833622184,2700,3000,0,-1.82352941176472,0.914262937448921
"2013-07-22",2013-07-22,-0.0103986135181976,1080000,-0.0608552631578945,2855,0.0542907180385289,2700,3000,0,-1.19354838709678,0.814253328892092
"2013-07-23",2013-07-23,-0.0245183887915937,1072400,-0.0838815789473681,2785,0.0305206463195691,2700,3000,0,-1.37837837837838,0.576715370118687
"2013-07-24",2013-07-24,0.00179533213644524,879600,-0.0822368421052628,2790,0.032258064516129,2700,3000,0,1.05692599620493,0.593883152653075
"2013-07-25",2013-07-25,-0.017921146953405,787200,-0.0986842105263155,2740,0.0145985401459854,2700,3000,0,-1.2,0.420756932338226
"2013-07-26",2013-07-26,-0.0145985401459854,917000,-0.111842105263158,2700,0,2700,2955,3167,-1.13333333333333,0.279865567941657
"2013-07-29",2013-07-29,-0.0277777777777778,1158200,-0.136513157894737,2625,0,2625,2700,3168,-1.22058823529412,0.1546355706082
"2013-07-30",2013-07-30,0.00380952380952381,992600,-0.133223684210526,2635,0.00379506641366223,2625,2635,3168,-0.975903614457831,0.19059661981085
"2013-07-31",2013-07-31,-0.0303605313092979,2516800,-0.15953947368421,2555,0,0,2635,3170,-1.19753086419753,0.0377542397636408
"2013-08-01",2013-08-01,0.0234833659491194,1913400,-0.139802631578947,2615,0.0229445506692161,2555,2615,3170,-0.876288659793814,0.254404529605536
"2013-08-02",2013-08-02,0.0191204588910134,1705200,-0.123355263157894,2665,0.0412757973733584,0,2665,0,1.7989368355222,0.430940405250122
"2013-08-05",2013-08-05,-0.0206378986866792,1215200,-0.141447368421052,2610,0.0210727969348659,2555,2665,3173,-1.14666666666667,0.236554861328757
"2013-08-06",2013-08-06,0,987400,-0.141447368421052,2610,0.0210727969348659,2555,2665,0,-1,0.236554861328757
"2013-08-07",2013-08-07,-0.0421455938697318,1243400,-0.177631578947368,2500,0,2500,2610,3175,-1.25581395348837,-0.0540810916142266
"2013-08-08",2013-08-08,-0.018,1240800,-0.192434210526316,2455,0,2455,2500,3176,-1.08333333333333,-0.1292190900143
"2013-08-09",2013-08-09,0.0010183299389002,1643800,-0.191611842105263,2457.5,0.00101729399796546,2455,2457.5,3176,-0.995726495726496,-0.119880983397268
"2013-08-12",2013-08-12,-0.0213631739572737,1767800,-0.208881578947368,2405,0,0,2457.5,3178,-1.09012875536481,-0.212705754903271
"2013-08-13",2013-08-13,0.00311850311850312,1894400,-0.20641447368421,2412.5,0.00310880829015547,2405,2412.5,3178,-0.988188976377953,-0.18440247778573
"2013-08-14",2013-08-14,0.044559585492228,3454800,-0.171052631578947,2520,0.0456349206349206,0,2520,0,14.6792328042326,0.21095593977933
"2013-08-15",2013-08-15,0.0436507936507936,3043600,-0.134868421052631,2630,0.0855513307984791,0,2630,0,1.87469003141015,0.597241870435925
"2013-08-16",2013-08-16,-0.00380228136882129,2227600,-0.138157894736842,2620,0.0820610687022901,2405,2630,3182,-1.02439024390244,0.56282800466458
"2013-08-19",2013-08-19,0.0209923664122137,1198200,-0.120065789473684,2675,0.0205607476635514,2620,2675,3182,-0.869047619047619,0.34248836910043
"2013-08-20",2013-08-20,-0.0168224299065421,1468000,-0.134868421052631,2630,0.00380228136882133,2620,2675,3184,-1.12328767123288,0.182284576356601
"2013-08-21",2013-08-21,0.0171102661596958,1393200,-0.120065789473684,2675,0.016822429906542,2630,2675,3184,4.42429906542052,0.323512708445292
"2013-08-22",2013-08-22,-0.00373831775700935,1027400,-0.123355263157894,2665,0.0131332082551595,2630,2675,3186,-1.02739726027397,0.288088926115523
"2013-08-23",2013-08-23,0.0206378986866792,1298200,-0.105263157894737,2720,0.0202205882352942,2665,2720,3186,1.53965336134454,0.415899721907802
"2013-08-26",2013-08-26,0.00367647058823529,1111400,-0.101973684210526,2730,0.0238095238095238,0,2730,0,1.17748917748918,0.450814453190501
"2013-08-27",2013-08-27,0.00183150183150183,748400,-0.100328947368421,2735,0.0255941499085923,0,2735,0,1.07495429616088,0.468221862529367
"2013-08-28",2013-08-28,-0.0347349177330896,1897600,-0.131578947368421,2640,0,0,2735,3190,-1.31147540983606,0.179681570074891
"2013-08-29",2013-08-29,-0.00568181818181818,977600,-0.136513157894737,2625,0,2625,2640,3191,-1.0375,0.1546355706082
"2013-08-30",2013-08-30,-0.00761904761904762,812200,-0.143092105263158,2605,0,2605,2625,3192,-1.04819277108434,0.121240904652611
"2013-09-02",2013-09-02,0.0153550863723608,512200,-0.129934210526316,2645,0.0151228733459358,2605,2645,3192,-0.908045977011494,0.264793778722569
"2013-09-03",2013-09-03,0.0340264650283554,675200,-0.100328947368421,2735,0.0475319926873857,0,2735,0,3.14305301645337,0.579578116099739
"2013-09-04",2013-09-04,-0.00182815356489945,642800,-0.101973684210526,2730,0.0457875457875457,2605,2735,3195,-1.01639344262295,0.562374655943235
"2013-09-05",2013-09-05,0.00732600732600733,610600,-0.0953947368421051,2750,0.00727272727272732,2730,2750,3195,-0.935483870967742,0.400268518105168
"2013-09-06",2013-09-06,-0.0181818181818182,536800,-0.111842105263158,2700,0,0,2750,3197,-1.17241379310345,0.279865567941656
"2013-09-09",2013-09-09,0.0185185185185185,457000,-0.095394736842105,2750,0.0181818181818182,2700,2750,3197,-0.852941176470587,0.45564294601698
"2013-09-10",2013-09-10,0.0236363636363636,898200,-0.0740131578947365,2815,0.0408525754884547,0,2815,0,2.24689165186501,0.679252130189373
"2013-09-11",2013-09-11,0.00710479573712256,728600,-0.0674342105263155,2835,0.0476190476190477,0,2835,0,1.1656314699793,0.746993335772802
"2013-09-12",2013-09-12,0.00705467372134039,429800,-0.0608552631578944,2855,0.0542907180385289,0,2855,0,1.14010507880911,0.814253328892092
"2013-09-13",2013-09-13,-0.00175131348511384,928600,-0.0624999999999996,2850,0.0526315789473685,2700,2855,3202,-1.02702702702703,0.797482890253275
"2013-09-17",2013-09-17,0.0157894736842105,634800,-0.0476973684210521,2895,0.0155440414507773,2850,2895,3202,-0.763157894736839,0.684364947929618
"2013-09-18",2013-09-18,-0.0172711571675302,628600,-0.0641447368421049,2845,0,0,2895,3204,-1.3448275862069,0.521976896119672
"2013-09-19",2013-09-19,0.0175746924428823,767200,-0.0476973684210521,2895,0.0172711571675302,2845,2895,3204,-0.74358974358974,0.693131768698615
"2013-09-20",2013-09-20,0.00863557858376511,576200,-0.0394736842105258,2920,0.0256849315068494,0,2920,0,1.48715753424658,0.777583329033165
"2013-09-24",2013-09-24,-0.0154109589041096,766600,-0.0542763157894731,2875,0.0104347826086957,2845,2920,3207,-1.375,0.625035739142614
"2013-09-25",2013-09-25,0.0156521739130435,786800,-0.0394736842105258,2920,0.0154109589041096,2875,2920,3207,1.47688356164383,0.72543275480115
"2013-09-26",2013-09-26,0.00171232876712329,826200,-0.0378289473684206,2925,0.0170940170940171,0,2925,0,1.10921177587845,0.742324606527485
"2013-09-27",2013-09-27,-0.00170940170940171,563800,-0.0394736842105258,2920,0.0154109589041096,2875,2925,3210,-1.04347826086956,0.72543275480115
"2013-09-30",2013-09-30,-0.023972602739726,919800,-0.0624999999999994,2850,0,2850,2920,3211,-1.58333333333334,0.530325562608569
"2013-10-01",2013-10-01,-0.0210526315789474,876600,-0.0822368421052627,2790,0,2790,2850,3212,-1.31578947368422,0.430141564741804
"2013-10-02",2013-10-02,-0.0268817204301075,1790400,-0.106907894736842,2715,0,2715,2790,3213,-1.3,0.304911567408349
"2013-10-03",2013-10-03,0.00736648250460405,853000,-0.10032894736842,2735,0.00731261425959784,2715,2735,3213,-0.938461538461537,0.375424984554061
"2013-10-04",2013-10-04,0,942000,-0.10032894736842,2735,0.00731261425959784,0,2735,0,-1,0.375424984554061
"2013-10-07",2013-10-07,-0.0383912248628885,1172800,-0.134868421052631,2630,0,0,2735,3216,-1.34426229508197,0.162984237097099
"2013-10-08",2013-10-08,-0.0114068441064639,1389000,-0.144736842105263,2600,0,2600,2630,3217,-1.07317073170732,0.112892238163716
"2013-10-09",2013-10-09,0.0192307692307692,792000,-0.12828947368421,2650,0.0188679245283019,2600,2650,3217,-0.886363636363637,0.292152284661165
"2013-10-10",2013-10-10,-0.030188679245283,1780200,-0.154605263157894,2570,0,0,2650,3219,-1.2051282051282,0.0628002392303338
"2013-10-11",2013-10-11,0.0408560311284047,1421000,-0.120065789473684,2675,0.0392523364485982,2570,2675,3219,-0.77659574468085,0.437366672376121
"2013-10-15",2013-10-15,0.0130841121495327,940000,-0.108552631578947,2710,0.051660516605166,0,2710,0,1.31611316113161,0.558791126578092
"2013-10-16",2013-10-16,0.0018450184501845,518200,-0.106907894736841,2715,0.0534069981583793,0,2715,0,1.03380689292292,0.576004914613198
"2013-10-17",2013-10-17,-0.00368324125230203,1038400,-0.110197368421052,2705,0.0499075785582255,2570,2715,3223,-1.03076923076923,0.541544565450396
"2013-10-18",2013-10-18,-0.022181146025878,1370400,-0.129934210526315,2645,0.0283553875236295,2570,2715,0,-1.17910447761194,0.331961878111506
"2013-10-21",2013-10-21,0.0321361058601134,795600,-0.101973684210526,2730,0.0311355311355311,2645,2730,3223,1.0980463980464,0.488001187441414
"2013-10-22",2013-10-22,-0.00366300366300366,731200,-0.105263157894736,2720,0.0275735294117647,2645,2730,3226,-1.03225806451613,0.453223172093462
"2013-10-23",2013-10-23,-0.00919117647058824,1224800,-0.113486842105262,2695,0.0185528756957328,2645,2730,0,-1.078125,0.365691098581693
"2013-10-24",2013-10-24,0.0111317254174397,1189600,-0.103618421052631,2725,0.0293577981651376,2645,2730,0,1.58238532110092,0.470628767549429
"2013-10-25",2013-10-25,-0.0385321100917431,1585800,-0.138157894736841,2620,0,2620,2725,3229,-1.33333333333334,0.146286904119306
"2013-10-28",2013-10-28,0.0400763358778626,744800,-0.103618421052631,2725,0.0385321100917431,2620,2725,3229,-0.749999999999999,0.517197476037956
"2013-10-29",2013-10-29,-0.0128440366972477,935000,-0.115131578947368,2690,0.0260223048327137,2620,2725,3231,-1.11111111111111,0.395257173910875
"2013-10-30",2013-10-30,-0.00557620817843866,1844200,-0.120065789473684,2675,0.0205607476635514,2620,2725,0,-1.04285714285714,0.342488369100432
"2013-10-31",2013-10-31,-0.0747663551401869,4176600,-0.185855263157894,2475,0,2475,2690,3233,-1.54794520547946,-0.0958244240587092
"2013-11-01",2013-11-01,-0.0707070707070707,9481200,-0.243421052631578,2300,0,2300,2475,3234,-1.30973451327434,-0.388027751170107
"2013-11-05",2013-11-05,0.0434782608695652,3786600,-0.210526315789473,2400,0.0416666666666666,2300,2400,3234,-0.864864864864865,-0.00955487034010715
"2013-11-06",2013-11-06,0.040625,2885400,-0.17845394736842,2497.5,0.0790790790790791,0,2497.5,0,1.8978978978979,0.343149128489379
"2013-11-07",2013-11-07,-0.00900900900900901,1081200,-0.185855263157894,2475,0.0707070707070707,2300,2497.5,3237,-1.04147465437788,0.26308390499933
"2013-11-08",2013-11-08,-0.00101010101010101,1658000,-0.186677631578947,2472.5,0.0697674418604651,2300,2497.5,0,-1.00442477876106,0.254140025853777
"2013-11-11",2013-11-11,0.00606673407482305,794200,-0.181743421052631,2487.5,0.0753768844221105,2300,2497.5,0,1.08040201005025,0.307659495323036
"2013-11-12",2013-11-12,-0.0050251256281407,1121000,-0.185855263157894,2475,0.0707070707070707,2300,2497.5,0,-1.02262443438914,0.263083904999329
"2013-11-13",2013-11-13,-0.0131313131313131,2025400,-0.196546052631578,2442.5,0.0583418628454453,2300,2497.5,0,-1.05752212389381,0.146051910947918
"2013-11-14",2013-11-14,0.0194472876151484,1680400,-0.180921052631578,2490,0.0763052208835341,2300,2497.5,0,1.30789825970549,0.316546054443077
"2013-11-15",2013-11-15,0.0461847389558233,2189000,-0.143092105263158,2605,0.0623800383877159,2442.5,2605,3237,-0.790909090909092,0.437881307379303
"2013-11-18",2013-11-18,0.0153550863723608,1361000,-0.129934210526315,2645,0.0765595463137996,0,2645,0,1.22730841936891,0.57664566874262
"2013-11-19",2013-11-19,-0.0170132325141777,1155400,-0.144736842105263,2600,0.0605769230769231,2442.5,2645,3245,-1.11392405063291,0.42038004700094
"2013-11-20",2013-11-20,-0.0269230769230769,1338200,-0.167763157894736,2530,0.0345849802371542,2442.5,2645,0,-1.15909090909091,0.171563894358416
"2013-11-21",2013-11-21,0.0276679841897233,1581800,-0.144736842105263,2600,0.0605769230769231,2442.5,2645,0,1.75153846153846,0.42038004700094
"2013-11-22",2013-11-22,-0.00961538461538462,1051800,-0.152960526315789,2575,0.0514563106796116,2442.5,2645,0,-1.05681818181818,0.332340584300026
"2013-11-25",2013-11-25,0.0135922330097087,572800,-0.141447368421052,2610,0.064176245210728,2442.5,2645,0,1.24719872768018,0.455347500348129
"2013-11-26",2013-11-26,-0.00574712643678161,596400,-0.146381578947368,2595,0.058766859344894,2442.5,2645,0,-1.03488372093023,0.402843516511248
"2013-11-27",2013-11-27,-0.00385356454720617,1128800,-0.149671052631579,2585,0.0551257253384912,2442.5,2645,0,-1.02247191011236,0.367663826549264
"2013-11-28",2013-11-28,0.00386847195357834,715600,-0.146381578947368,2595,0.058766859344894,2442.5,2645,0,1.06605144846703,0.402843516511249
"2013-11-29",2013-11-29,-0.0154142581888247,1655800,-0.15953947368421,2555,0.0440313111545988,2442.5,2645,0,-1.08988764044944,0.26125670075799
"2013-12-02",2013-12-02,-0.00391389432485323,921600,-0.162828947368421,2545,0.0402750491159135,2442.5,2645,0,-1.02061855670103,0.225492622144616
"2013-12-03",2013-12-03,0.00392927308447937,1391400,-0.15953947368421,2555,0.0440313111545988,2442.5,2645,0,1.09326523793614,0.26125670075799
"2013-12-04",2013-12-04,-0.00978473581213307,862400,-0.167763157894736,2530,0.0345849802371542,2442.5,2645,0,-1.05154639175258,0.171563894358416
"2013-12-05",2013-12-05,0.00197628458498024,1087600,-0.166118421052631,2535,0.0364891518737672,2442.5,2645,0,1.05505776275007,0.189578115557786
"2013-12-06",2013-12-06,0.0157790927021696,947000,-0.152960526315789,2575,0.0514563106796116,2442.5,2645,0,1.41018105484125,0.332340584300026
"2013-12-09",2013-12-09,0.0174757281553398,1324200,-0.138157894736842,2620,0.0677480916030534,2442.5,2645,0,1.31661385568198,0.490175487127613
"2013-12-10",2013-12-10,0.0229007633587786,1722000,-0.118421052631579,2680,0.0559701492537313,2530,2680,3245,-0.857142857142858,0.53057477653361
"2013-12-11",2013-12-11,-0.0149253731343284,1395800,-0.131578947368421,2640,0.0416666666666666,2530,2680,3261,-1.11111111111111,0.391181121126951
"2013-12-12",2013-12-12,-0.0132575757575758,596800,-0.143092105263158,2605,0.0287907869481766,2530,2680,0,-1.0875,0.267382628988008
"2013-12-13",2013-12-13,-0.00575815738963532,1743000,-0.148026315789473,2590,0.0231660231660231,2530,2680,0,-1.03448275862069,0.213785389168532
"2013-12-16",2013-12-16,-0.00193050193050193,1252200,-0.149671052631579,2585,0.0212765957446809,2530,2680,0,-1.01111111111111,0.195846009447011
"2013-12-17",2013-12-17,0.0135396518375242,1080200,-0.138157894736842,2620,0.0343511450381679,2530,2680,0,1.61450381679389,0.320652946208024
"2013-12-18",2013-12-18,0,832400,-0.138157894736842,2620,0.0343511450381679,2530,2680,0,-1,0.320652946208024
"2013-12-19",2013-12-19,0.00381679389312977,1164200,-0.134868421052631,2630,0.0380228136882129,2530,2680,0,1.10688635403464,0.355987629692131
"2013-12-20",2013-12-20,0.00760456273764259,1016000,-0.12828947368421,2650,0.0452830188679245,2530,2680,0,1.19094339622642,0.426235018913036
"2013-12-24",2013-12-24,0.00566037735849057,1225800,-0.123355263157894,2665,0.050656660412758,2530,2680,0,1.11866791744841,0.478557564961655
"2013-12-25",2013-12-25,0.00187617260787992,883600,-0.121710526315789,2670,0.052434456928839,2530,2680,0,1.03509502011375,0.495930307410865
"2013-12-26",2013-12-26,0.0187265917602996,754200,-0.105263157894737,2720,0.0496323529411765,2585,2720,3261,-0.864864864864864,0.565193522650433
"2013-12-27",2013-12-27,0.00183823529411765,667800,-0.103618421052631,2725,0.0513761467889908,0,2725,0,1.03513421678559,0.582393667921892
"2013-12-30",2013-12-30,0.0128440366972477,780200,-0.0921052631578941,2760,0.0634057971014492,0,2760,0,1.23414855072464,0.701896708713729
"2014-01-06",2014-01-06,-0.0144927536231884,787200,-0.105263157894736,2720,0.0496323529411765,2585,2760,3274,-1.14285714285714,0.565193522650434
"2014-01-07",2014-01-07,-0.00919117647058824,692200,-0.113486842105263,2695,0.0408163265306123,2585,2760,0,-1.078125,0.47870013513641
"2014-01-08",2014-01-08,0.0241187384044527,549200,-0.092105263157894,2760,0.0235507246376812,2695,2760,3274,-0.811594202898548,0.499592790316109
"2014-01-09",2014-01-09,0.0126811594202899,1068000,-0.0805921052631572,2795,0.035778175313059,0,2795,0,1.51919636713912,0.620099863618875
"2014-01-10",2014-01-10,0.00536672629695885,1228200,-0.0756578947368416,2810,0.0409252669039146,0,2810,0,1.14386120996441,0.67127244454212
"2014-01-14",2014-01-14,-0.0320284697508897,1285400,-0.105263157894736,2720,0.0091911764705882,2695,2810,3279,-1.39130434782609,0.359914546629318
"2014-01-15",2014-01-15,0.0367647058823529,862000,-0.0723684210526309,2820,0.0354609929078015,2720,2820,3279,3.85815602836881,0.660233181591834
"2014-01-16",2014-01-16,0.0177304964539007,1191600,-0.0559210526315783,2870,0.0522648083623694,0,2870,0,1.47386759581881,0.82901583267127
"2014-01-17",2014-01-17,-0.00348432055749129,732600,-0.0592105263157888,2860,0.048951048951049,2720,2870,3282,-1.05882352941177,0.795497892626545
"2014-01-20",2014-01-20,0.0122377622377622,819400,-0.0476973684210519,2895,0.0120898100172712,2860,2895,3282,-0.805555555555552,0.666831306391625
"2014-01-21",2014-01-21,-0.00690846286701209,671000,-0.0542763157894729,2875,0.00521739130434784,2860,2895,3284,-1.13793103448276,0.598552317097836
"2014-01-22",2014-01-22,0.00869565217391304,675200,-0.0460526315789466,2900,0.00862068965517238,2875,2900,3284,1.6522988505747,0.657570755301415
"2014-01-23",2014-01-23,-0.0172413793103448,1033000,-0.0624999999999993,2850,0,0,2900,3286,-1.35714285714287,0.53032556260857
"2014-01-24",2014-01-24,-0.0175438596491228,1368400,-0.078947368421052,2800,0,2800,2850,3287,-1.26315789473685,0.446838897719599
"2014-01-27",2014-01-27,-0.0339285714285714,784200,-0.110197368421052,2705,0,2705,2800,3288,-1.39583333333334,0.288214234430555
"2014-01-28",2014-01-28,0.0055452865064695,1282200,-0.105263157894736,2720,0.00551470588235292,2705,2720,3288,-0.955223880597015,0.341252821536489
"2014-01-29",2014-01-29,0.00367647058823529,1009200,-0.101973684210526,2730,0.00915750915750912,0,2730,0,1.66056166056166,0.37644098468868
"2014-01-30",2014-01-30,-0.0256410256410256,959000,-0.124999999999999,2660,0,0,2730,3291,-1.22580645161291,0.213076236030481
"2014-01-31",2014-01-31,0.0131578947368421,1278400,-0.113486842105263,2695,0.012987012987013,2660,2695,3291,-0.907894736842105,0.337438839443013
"2014-02-03",2014-02-03,0.0352504638218924,1924600,-0.0822368421052626,2790,0.046594982078853,0,2790,0,3.58781362007168,0.666657191724752
"2014-02-04",2014-02-04,-0.0931899641577061,2532200,-0.167763157894736,2530,0,0,2790,3294,-2.04000000000001,-0.00398909268084229
"2014-02-05",2014-02-05,0.0375494071146245,2521000,-0.136513157894736,2625,0.0361904761904762,2530,2625,3294,-0.813725490196077,0.338338037807705
"2014-02-06",2014-02-06,-0.0285714285714286,1448000,-0.161184210526315,2550,0.00784313725490193,2530,2625,3296,-1.18072289156627,0.0692172534727808
"2014-02-07",2014-02-07,-0.00980392156862745,1752600,-0.169407894736841,2525,0,2525,2550,3297,-1.05102040816327,-0.012337759169739
"2014-02-10",2014-02-10,0.0415841584158416,1112200,-0.134868421052631,2630,0.0399239543726235,2525,2630,3297,-0.796116504854368,0.365637799321885
"2014-02-12",2014-02-12,0.0285171102661597,1265400,-0.110197368421052,2705,0.066543438077634,0,2705,0,1.66675468708741,0.625988009123677
"2014-02-13",2014-02-13,-0.0055452865064695,1125200,-0.115131578947368,2690,0.0613382899628253,2525,2705,3300,-1.04477611940298,0.57452073391039
"2014-02-14",2014-02-14,0.0130111524163569,1642600,-0.103618421052631,2725,0.0128440366972477,2690,2725,3300,-0.899999999999999,0.386805092270081
"2014-02-17",2014-02-17,0.0311926605504587,1144000,-0.0756578947368414,2810,0.0427046263345195,0,2810,0,3.32486019318761,0.680304453839717
"2014-02-18",2014-02-18,0.0106761565836299,773400,-0.0657894736842097,2840,0.0528169014084507,0,2840,0,1.23679577464789,0.781726252091133
"2014-02-19",2014-02-19,0.0158450704225352,926600,-0.0509868421052623,2885,0.0675909878682842,0,2885,0,1.27972270363951,0.931857354174225
"2014-02-20",2014-02-20,-0.0225303292894281,725800,-0.0723684210526307,2820,0.0460992907801419,2690,2885,3305,-1.41935483870969,0.714233066966828
"2014-02-21",2014-02-21,0.0106382978723404,565200,-0.0624999999999991,2850,0.0561403508771929,2690,2885,0,1.21781376518218,0.815293378762924
"2014-02-24",2014-02-24,0.0210526315789474,1369000,-0.0427631578947358,2910,0.0309278350515464,2820,2910,3305,-0.684210526315783,0.787498917957277
"2014-02-25",2014-02-25,0.0120274914089347,1095400,-0.031249999999999,2945,0.0424448217317487,0,2945,0,1.37238256932654,0.904399683675604
"2014-02-26",2014-02-26,-0.0152801358234295,1162400,-0.0460526315789465,2900,0.0275862068965518,2820,2945,3309,-1.47368421052633,0.75383951646994
"2014-02-27",2014-02-27,-0.0275862068965517,1522000,-0.0723684210526307,2820,0,2820,2900,3310,-1.57142857142858,0.480233563675188
"2014-02-28",2014-02-28,0.00354609929078014,994200,-0.0690789473684202,2830,0.00353356890459366,2820,2830,3310,-0.954545454545454,0.514867254339376
"2014-03-03",2014-03-03,-0.0229681978798587,684000,-0.0904605263157888,2765,0,0,2830,3312,-1.30952380952382,0.38839823229732
"2014-03-04",2014-03-04,-0.0216998191681736,946200,-0.110197368421052,2705,0,2705,2765,3313,-1.21818181818182,0.288214234430555
"2014-03-05",2014-03-05,-0.0240295748613678,1945200,-0.13157894736842,2640,0,2640,2705,3314,-1.19402985074627,0.179681570074894
"2014-03-06",2014-03-06,0.0132575757575758,1153400,-0.120065789473684,2675,0.0130841121495328,2640,2675,3314,-0.9125,0.304537047790156
"2014-03-07",2014-03-07,0.00934579439252336,645800,-0.111842105263157,2700,0.0222222222222223,0,2700,0,1.69841269841269,0.392665328502755
"2014-03-10",2014-03-10,-0.0148148148148148,631800,-0.124999999999999,2660,0.00751879699248126,2640,2700,3317,-1.11764705882353,0.251241568551154
"2014-03-11",2014-03-11,-0.0056390977443609,753200,-0.129934210526315,2645,0.00189035916824198,2640,2700,0,-1.03947368421053,0.197625679333638
"2014-03-12",2014-03-12,-0.0151228733459357,671200,-0.143092105263157,2605,0,2605,2660,3319,-1.10126582278481,0.121240904652613
"2014-03-13",2014-03-13,0.00959692898272553,943800,-0.134868421052631,2630,0.00950570342205326,2605,2630,3319,-0.942528735632184,0.211235085245857
"2014-03-14",2014-03-14,-0.032319391634981,1553200,-0.162828947368421,2545,0,0,2630,3321,-1.20731707317073,0.0210569067858485
"2014-03-17",2014-03-17,-0.00589390962671906,742400,-0.167763157894736,2530,0,2530,2545,3322,-1.03030303030303,-0.00398909268084285
"2014-03-18",2014-03-18,-0.00197628458498024,760000,-0.169407894736842,2525,0,2525,2530,3323,-1.00980392156863,-0.0123377591697396
"2014-03-19",2014-03-19,0.0158415841584158,1000200,-0.15625,2565,0.0155945419103314,2525,2565,3323,-0.922330097087379,0.133609299450979
"2014-03-20",2014-03-20,-0.0155945419103314,1092600,-0.169407894736842,2525,0,0,2565,3325,-1.08421052631579,-0.0123377591697396
"2014-03-24",2014-03-24,0.0534653465346535,1602800,-0.124999999999999,2660,0.0507518796992481,2525,2660,3325,-0.737864077669902,0.470692230545019
"2014-03-25",2014-03-25,-0.0112781954887218,1570000,-0.134868421052631,2630,0.0399239543726235,2525,2660,3327,-1.07894736842105,0.365637799321885
"2014-03-26",2014-03-26,0.0209125475285171,1780400,-0.116776315789473,2685,0.0204841713221602,2630,2685,3327,-0.865853658536585,0.358797001394414
"2014-03-27",2014-03-27,0.0148975791433892,1449600,-0.103618421052631,2725,0.0348623853211009,0,2725,0,1.70191826522101,0.498569992642544
"2014-03-28",2014-03-28,0.0348623853211009,1831800,-0.072368421052631,2820,0.0673758865248227,0,2820,0,1.93262411347518,0.822232837716815
"2014-03-31",2014-03-31,0.00531914893617021,1264600,-0.0674342105263154,2835,0.072310405643739,0,2835,0,1.07323865218602,0.872326403062911
"2014-04-01",2014-04-01,0.00529100529100529,1023800,-0.0624999999999994,2850,0.0771929824561404,0,2850,0,1.06752246469833,0.922156309820805
"2014-04-02",2014-04-02,0.00175438596491228,838200,-0.0608552631578942,2855,0.0788091068301225,0,2855,0,1.02093615666295,0.938708406218698
"2014-04-03",2014-04-03,-0.00525394045534151,1413000,-0.0657894736842101,2840,0.073943661971831,2630,2855,3334,-1.08108108108108,0.888965461075274
"2014-04-04",2014-04-04,-0.00880281690140845,667400,-0.0740131578947364,2815,0.0657193605683837,2630,2855,0,-1.125,0.805475663321686
"2014-04-07",2014-04-07,-0.0177619893428064,1331800,-0.090460526315789,2765,0.0488245931283906,2630,2855,0,-1.22222222222222,0.636231340944216
"2014-04-08",2014-04-08,-0.0289330922242315,1166200,-0.116776315789473,2685,0.0204841713221602,2630,2855,0,-1.29090909090909,0.358797001394414
"2014-04-09",2014-04-09,-0.0037243947858473,1140000,-0.120065789473684,2675,0.016822429906542,2630,2855,0,-1.02816901408451,0.323512708445293
"2014-04-10",2014-04-10,0.00186915887850467,526000,-0.118421052631578,2680,0.0186567164179104,2630,2855,0,1.10903814262023,0.341172193501916
"2014-04-11",2014-04-11,-0.0130597014925373,603600,-0.129934210526315,2645,0.00567107750472595,2630,2855,0,-1.09722222222222,0.216816564873333
"2014-04-14",2014-04-14,0.00378071833648393,582800,-0.126644736842105,2655,0.00941619585687381,2630,2855,0,1.66038920276207,0.252524078253913
"2014-04-15",2014-04-15,0.00376647834274953,495600,-0.123355263157894,2665,0.0131332082551595,2630,2855,0,1.39474671669794,0.288088926115525
"2014-04-16",2014-04-16,0.024390243902439,612200,-0.101973684210526,2730,0.0366300366300366,2630,2855,0,2.78911564625849,0.515891238129597
"2014-04-17",2014-04-17,-0.0238095238095238,741600,-0.123355263157894,2665,0.0131332082551595,2630,2855,0,-1.20967741935484,0.288088926115525
"2014-04-18",2014-04-18,0.00375234521575985,532400,-0.120065789473684,2675,0.016822429906542,2630,2855,0,1.28090787716955,0.323512708445293
"2014-04-21",2014-04-21,0,353000,-0.120065789473684,2675,0.016822429906542,2630,2855,0,-1,0.323512708445293
"2014-04-22",2014-04-22,-0.0130841121495327,335200,-0.13157894736842,2640,0.00378787878787878,2630,2855,0,-1.0958904109589,0.198908801988717
"2014-04-23",2014-04-23,0.00946969696969697,389400,-0.123355263157894,2665,0.0131332082551595,2630,2855,0,3.46716697936211,0.288088926115525
"2014-04-24",2014-04-24,-0.0075046904315197,479600,-0.129934210526315,2645,0.00567107750472595,2630,2855,0,-1.05333333333333,0.216816564873334
"2014-04-25",2014-04-25,0.00378071833648393,680000,-0.126644736842105,2655,0.00941619585687381,2630,2855,0,1.66038920276207,0.252524078253914
"2014-04-28",2014-04-28,0.0263653483992467,1547200,-0.103618421052631,2725,0.0348623853211009,2630,2855,0,3.70238532110092,0.498569992642545
"2014-04-30",2014-04-30,-0.0055045871559633,1726800,-0.108552631578947,2710,0.0295202952029521,2630,2855,0,-1.04761904761905,0.446407601295819
"2014-05-01",2014-05-01,0.00553505535055351,626400,-0.103618421052631,2725,0.0348623853211009,2630,2855,0,1.18096330275229,0.498569992642545
"2014-05-02",2014-05-02,-0.00917431192660551,481800,-0.111842105263157,2700,0.0259259259259259,2630,2855,0,-1.07936507936508,0.411465288596273
"2014-05-07",2014-05-07,-0.012962962962963,1194200,-0.123355263157894,2665,0.0131332082551595,2630,2855,0,-1.10294117647059,0.288088926115525
"2014-05-08",2014-05-08,0.0187617260787993,785400,-0.106907894736841,2715,0.0313075506445673,2630,2855,0,2.38384635622204,0.463828357149124
"2014-05-09",2014-05-09,0.00184162062615101,1128800,-0.105263157894736,2720,0.0330882352941176,2630,2855,0,1.05687716262976,0.481215759732707
"2014-05-12",2014-05-12,0.00367647058823529,1055600,-0.101973684210525,2730,0.0366300366300366,2630,2855,0,1.10704110704111,0.515891238129599
"2014-05-13",2014-05-13,0.00732600732600733,738400,-0.0953947368421044,2750,0.0436363636363636,2630,2855,0,1.19127272727273,0.584849944477877
"2014-05-14",2014-05-14,0.0218181818181818,847600,-0.0756578947368411,2810,0.0640569395017794,2630,2855,0,1.46797153024911,0.788688565410881
"2014-05-15",2014-05-15,0.0195729537366548,1246200,-0.0575657894736833,2865,0.0785340314136126,2640,2865,3334,1.2260034904014,0.954009459346159
"2014-05-16",2014-05-16,-0.0296684118673647,1075200,-0.0855263157894728,2780,0.0503597122302158,2640,2865,3362,-1.48571428571429,0.669069588431249
"2014-05-19",2014-05-19,-0.0161870503597122,618600,-0.10032894736842,2735,0.0347349177330896,2640,2865,0,-1.17307692307692,0.514620301517026
"2014-05-20",2014-05-20,-0.00914076782449726,650200,-0.108552631578946,2710,0.025830258302583,2640,2865,0,-1.08196721311476,0.427677013748774
"2014-05-21",2014-05-21,0.0018450184501845,812200,-0.106907894736841,2715,0.0276243093922652,2640,2865,0,1.06945540647198,0.445132264238445
"2014-05-22",2014-05-22,0.0128913443830571,617400,-0.0953947368421043,2750,0.04,2640,2865,0,1.448,0.566391801840607
"2014-05-23",2014-05-23,0.0109090909090909,627200,-0.0855263157894726,2780,0.0503597122302158,2640,2865,0,1.25899280575539,0.66906958843125
"2014-05-26",2014-05-26,0.00179856115107914,427000,-0.0838815789473673,2785,0.052064631956912,2640,2865,0,1.03385483457297,0.686072409082772
"2014-05-27",2014-05-27,0.00359066427289048,595200,-0.0805921052631569,2795,0.0554561717352415,2640,2865,0,1.06514095367343,0.719985161432371
"2014-05-28",2014-05-28,0.00536672629695885,706000,-0.075657894736841,2810,0.0604982206405694,2640,2865,0,1.09091952703478,0.770624546815687
"2014-05-29",2014-05-29,-0.00355871886120996,636800,-0.0789473684210517,2800,0.0571428571428572,2640,2865,0,-1.04347826086957,0.73689542487671
"2014-05-30",2014-05-30,-0.00892857142857143,1951400,-0.0871710526315779,2775,0.0486486486486486,2640,2865,0,-1.10416666666667,0.652035581638601
"2014-06-02",2014-06-02,0.0540540540540541,1566800,-0.03782894736842,2925,0.0735042735042735,2710,2925,3362,1.51092117758785,1.02866246025951
"2014-06-03",2014-06-03,-0.0153846153846154,1096000,-0.0526315789473674,2880,0.0590277777777778,2710,2925,3374,-1.3913043478261,0.880041925532371
"2014-06-04",2014-06-04,0.0225694444444444,719800,-0.0312499999999989,2945,0.0220713073005093,2880,2945,3374,-0.593749999999991,0.80098394394217
"2014-06-05",2014-06-05,-0.00169779286926995,445000,-0.0328947368421042,2940,0.0204081632653061,2880,2945,3376,-1.05263157894737,0.784193176250544
"2014-06-06",2014-06-06,0.022108843537415,1081600,-0.0115131578947357,3005,0.021630615640599,2940,3005,3376,1.05990016638935,0.898930995691573
"2014-06-09",2014-06-09,0,520200,-0.0115131578947357,3005,0.021630615640599,0,3005,0,-1,0.898930995691573
"2014-06-10",2014-06-10,0.00831946755407654,758000,-0.0032894736842094,3030,0.0297029702970297,0,3030,0,1.37319116527038,0.981649513394493
"2014-06-11",2014-06-11,0.0099009900990099,1052200,0,3060,0.0392156862745098,0,3060,0,1.32026143790849,1.04663329017683
"2014-06-12",2014-06-12,0.0130718954248366,926800,0,3100,0.0516129032258065,0,3100,0,1.31612903225807,1.10956142984469
"2014-06-13",2014-06-13,-0.0161290322580645,1125400,-0.0161290322580645,3050,0.0360655737704918,2940,3100,3382,0,0.948772559092473
"2014-06-16",2014-06-16,-0.00163934426229508,517800,-0.0177419354838709,3045,0.0344827586206896,2940,3100,0,-1.1,0.932551127050953
"2014-06-17",2014-06-17,0.0246305418719212,1004800,0,3120,0.0240384615384616,3045,3120,3382,0,0.969593860947458
"2014-06-18",2014-06-18,0.0272435897435897,1273000,0,3205,0.0499219968798752,0,3205,0,2.07675507020281,1.10097840745184
"2014-06-19",2014-06-19,-0.0015600624024961,767000,-0.00156006240249595,3200,0.0484375,3045,3205,3386,0,1.08552425733889
"2014-06-20",2014-06-20,0.0015625,705200,0,3205,0.00156006240249607,3200,3205,3386,0,0.855493749132442
"2014-06-23",2014-06-23,-0.015600624024961,897600,-0.015600624024961,3155,0,0,3205,3388,0,0.768386289728786
"2014-06-24",2014-06-24,0.0063391442155309,494800,-0.00936037441497661,3175,0.00629921259842525,3155,3175,3388,-0.600000000000001,0.832036464789095
"2014-06-25",2014-06-25,-0.0141732283464567,427000,-0.0234009360374414,3130,0,0,3175,3390,-2.49999999999999,0.728791989999852
"2014-06-26",2014-06-26,-0.00958466453674121,842200,-0.032761310452418,3100,0,3100,3130,3391,-1.4,0.68127883032513
"2014-06-27",2014-06-27,-0.0112903225806452,865000,-0.0436817472698907,3065,0,3065,3100,3392,-1.33333333333333,0.625846810704622
"2014-06-30",2014-06-30,0.0212071778140294,599400,-0.0234009360374415,3130,0.0207667731629393,3065,3130,3392,-0.535714285714287,0.834203906818129
"2014-07-01",2014-07-01,0.0175718849840256,676400,-0.00624024960998437,3185,0.0376766091051806,0,3185,0,1.81427363844946,1.00714551126534
"2014-07-02",2014-07-02,-0.00156985871271586,610000,-0.00780031201248044,3180,0.0361635220125787,3065,3185,3395,-1.25,0.99154623754064
"2014-07-03",2014-07-03,0,699400,-0.00780031201248044,3180,0.0361635220125787,3065,3185,0,-1,0.99154623754064
"2014-07-04",2014-07-04,-0.00943396226415094,522800,-0.0171606864274571,3150,0.026984126984127,3065,3185,0,-2.20000000000001,0.89743856760719
"2014-07-07",2014-07-07,-0.0111111111111111,658600,-0.0280811232449297,3115,0.0160513643659711,3065,3185,0,-1.63636363636364,0.786511962734712
"2014-07-08",2014-07-08,-0.00321027287319422,537600,-0.031201248049922,3105,0.0128824476650563,3065,3185,0,-1.11111111111111,0.754588855813582
"2014-07-09",2014-07-09,-0.0112721417069243,754600,-0.0421216848673946,3070,0.00162866449511401,3065,3185,0,-1.35,0.642032754079153
"2014-07-10",2014-07-10,-0.00814332247557003,632200,-0.0499219968798752,3045,0,3045,3180,3401,-1.18518518518519,0.594171370921474
"2014-07-11",2014-07-11,-0.0114942528735632,603800,-0.0608424336973479,3010,0,3010,3045,3402,-1.21875,0.538739351300965
"2014-07-14",2014-07-14,0.00498338870431894,319200,-0.0561622464898596,3025,0.00495867768595037,3010,3025,3402,-0.923076923076923,0.587666125643695
"2014-07-15",2014-07-15,0.0115702479338843,607000,-0.0452418096723868,3060,0.0163398692810458,0,3060,0,3.2952069716776,0.700868951171407
"2014-07-16",2014-07-16,-0.011437908496732,531200,-0.0561622464898595,3025,0.00495867768595037,3010,3060,3405,-1.24137931034483,0.587666125643695
"2014-07-17",2014-07-17,-0.00495867768595041,540000,-0.0608424336973477,3010,0,3010,3025,3406,-1.08333333333333,0.538739351300966
"2014-07-18",2014-07-18,-0.00996677740863787,700200,-0.0702028081123243,2980,0,2980,3010,3407,-1.15384615384615,0.491226191626245
"2014-07-22",2014-07-22,0.00503355704697987,587200,-0.065522620904836,2995,0.005008347245409,2980,2995,3407,-0.933333333333333,0.540405088117609
"2014-07-23",2014-07-23,0.00667779632721202,681200,-0.0592823712948516,3015,0.011608623548922,0,3015,0,2.31785516860144,0.605583459301058
"2014-07-24",2014-07-24,0.00165837479270315,421600,-0.0577223088923553,3020,0.0132450331125827,0,3020,0,1.14096499526963,0.621808716560083
"2014-07-25",2014-07-25,0.00662251655629139,434400,-0.0514820592823709,3040,0.0197368421052632,0,3040,0,1.49013157894737,0.686436508842453
"2014-07-28",2014-07-28,0.0148026315789474,527400,-0.037441497659906,3085,0.0340356564019449,0,3085,0,1.72447325769854,0.830286875658335
"2014-07-29",2014-07-29,-0.00162074554294976,472000,-0.0390015600624021,3080,0.0324675324675324,2980,3085,3413,-1.04166666666667,0.814408235517614
"2014-07-30",2014-07-30,0.0146103896103896,673600,-0.0249609984399374,3125,0.0144,3080,3125,3413,-0.640000000000001,0.793967374897657
"2014-07-31",2014-07-31,-0.0096,1153000,-0.034321372854914,3095,0.00484652665589658,3080,3125,3415,-1.375,0.697960887464559
"2014-08-01",2014-08-01,-0.0210016155088853,1139600,-0.0546021840873633,3030,0,3030,3095,3416,-1.59090909090909,0.570414791084114
"2014-08-04",2014-08-04,-0.0346534653465347,2062800,-0.0873634945397815,2925,0,2925,3030,3417,-1.60000000000001,0.404118732222588
"2014-08-05",2014-08-05,-0.0324786324786325,1968600,-0.117004680187207,2830,0,2830,2925,3418,-1.33928571428571,0.253660393252637
"2014-08-06",2014-08-06,-0.00706713780918728,1478800,-0.123244929797192,2810,0,2810,2830,3419,-1.05333333333333,0.221984953469489
"2014-08-07",2014-08-07,-0.00177935943060498,942200,-0.124804992199688,2805,0,2805,2810,3420,-1.0126582278481,0.214066093523702
"2014-08-08",2014-08-08,-0.0196078431372549,984000,-0.141965678627145,2750,0,2750,2805,3421,-1.1375,0.126958634120046
"2014-08-11",2014-08-11,0.0181818181818182,948000,-0.126365054602184,2800,0.0178571428571429,2750,2800,3421,-0.890109890109891,0.296789898314511
"2014-08-12",2014-08-12,-0.0107142857142857,805400,-0.135725429017161,2770,0.00722021660649819,2750,2800,3423,-1.07407407407407,0.195283815601745
"2014-08-13",2014-08-13,-0.00541516245487365,1073400,-0.140405616224649,2755,0.00181488203266789,2750,2800,0,-1.03448275862069,0.144089815708753
"2014-08-14",2014-08-14,0.0254083484573503,723600,-0.118564742589704,2825,0.0247787610619469,2755,2825,3423,13.6530973451327,0.371518257472321
"2014-08-15",2014-08-15,0.00530973451327434,925400,-0.113884555382215,2840,0.0299295774647887,0,2840,0,1.2078722334004,0.421420325871745
"2014-08-18",2014-08-18,0.0140845070422535,979600,-0.101404056162246,2880,0.0434027777777778,0,2880,0,1.45016339869281,0.5531610250564
"2014-08-19",2014-08-19,0.0173611111111111,1188000,-0.0858034321372855,2930,0.0597269624573379,0,2930,0,1.37610921501706,0.715211010058698
"2014-08-20",2014-08-20,0.0102389078498294,886800,-0.076443057722309,2960,0.0692567567567568,0,2960,0,1.15955598455599,0.811097302916113
"2014-08-21",2014-08-21,0.0152027027027027,943400,-0.0624024960998442,3005,0.0831946755407654,0,3005,0,1.20124994927154,0.953115767998224
"2014-08-22",2014-08-22,-0.0199667221297837,978400,-0.0811232449297973,2945,0.0645161290322581,2755,3005,3431,-1.3,0.763277347828278
"2014-08-25",2014-08-25,0.0033955857385399,720000,-0.0780031201248051,2955,0.0676818950930627,2755,3005,0,1.04906937394247,0.795184462134155
"2014-08-26",2014-08-26,-0.0186125211505922,1019600,-0.0951638065522621,2900,0.05,2755,3005,0,-1.22,0.618323893756124
"2014-08-27",2014-08-27,0.0155172413793103,720200,-0.0811232449297973,2945,0.0645161290322581,2755,3005,0,1.29032258064516,0.763277347828278
"2014-08-28",2014-08-28,-0.0033955857385399,417600,-0.0842433697347895,2935,0.061328790459966,2755,3005,0,-1.03846153846154,0.731260731686527
"2014-08-29",2014-08-29,-0.010221465076661,538400,-0.0936037441497661,2905,0.0516351118760757,2755,3005,0,-1.11111111111111,0.634542563966948
"2014-09-01",2014-09-01,0.0120481927710843,314000,-0.0826833073322935,2940,0.0629251700680272,2755,3005,0,1.21865079365079,0.747282797322241
"2014-09-02",2014-09-02,0.0357142857142857,1101200,-0.0499219968798753,3045,0.0476190476190477,2900,3045,3431,-0.603773584905661,0.835885143552398
"2014-09-03",2014-09-03,-0.00492610837438424,1092400,-0.0546021840873636,3030,0.0429042904290429,2900,3045,3439,-1.09375,0.788196507018905
"2014-09-04",2014-09-04,0,529800,-0.0546021840873636,3030,0.0429042904290429,2900,3045,0,-1,0.788196507018905
"2014-09-05",2014-09-05,-0.0033003300330033,502200,-0.0577223088923557,3020,0.0397350993377483,2900,3045,0,-1.05714285714286,0.756272007295164
"2014-09-08",2014-09-08,0.0033112582781457,446000,-0.0546021840873637,3030,0.0429042904290429,2900,3045,0,1.07975797579758,0.788196507018905
"2014-09-09",2014-09-09,-0.00495049504950495,478000,-0.059282371294852,3015,0.0381426202321725,2900,3045,0,-1.08571428571429,0.740269740568039
"2014-09-10",2014-09-10,0.0116086235489221,702600,-0.0483619344773792,3050,0.0114754098360655,3015,3050,3439,-0.81578947368421,0.66033928755045
"2014-09-11",2014-09-11,-0.00163934426229508,451200,-0.0499219968798754,3045,0.00985221674876846,3015,3050,3445,-1.03225806451613,0.644181116983043
"2014-09-12",2014-09-12,-0.00821018062397373,790200,-0.0577223088923559,3020,0.0016556291390728,3015,3050,0,-1.15625,0.562981026863481
"2014-09-16",2014-09-16,-0.00662251655629139,759400,-0.0639625585023402,3000,0,3000,3045,3447,-1.10810810810811,0.522901631409391
"2014-09-17",2014-09-17,-0.0266666666666667,1040000,-0.0889235569422778,2920,0,2920,3000,3448,-1.39024390243902,0.3961998722768
"2014-09-18",2014-09-18,0.00684931506849315,1619000,-0.0826833073322933,2940,0.00680272108843538,2920,2940,3448,-0.929824561403508,0.462405851007223
"2014-09-19",2014-09-19,0.0204081632653061,1596000,-0.0639625585023401,3000,0.0266666666666666,0,3000,0,3.91999999999999,0.658261344082709
"2014-09-22",2014-09-22,-0.005,927200,-0.0686427457098285,2985,0.0217755443886097,2920,3000,3451,-1.07317073170732,0.609677480262553
"2014-09-24",2014-09-24,0.0100502512562814,1447800,-0.0592823712948518,3015,0.00995024875621886,2985,3015,3451,-0.863636363636362,0.59716556672187
"2014-09-25",2014-09-25,0.0348258706467662,1310400,-0.0265210608424338,3120,0.0432692307692307,0,3120,0,4.34855769230771,0.932588419277722
"2014-09-26",2014-09-26,-0.00320512820512821,831200,-0.0296411856474259,3110,0.0401929260450161,2985,3120,3454,-1.11764705882353,0.901135409752452
"2014-09-29",2014-09-29,-0.0112540192926045,982600,-0.0405616224648987,3075,0.0292682926829269,2985,3120,0,-1.36842105263158,0.790250068896177
"2014-09-30",2014-09-30,0.00813008130081301,1041400,-0.0327613104524183,3100,0.0370967741935484,2985,3120,0,1.26747311827957,0.869581656423091
"2014-10-01",2014-10-01,-0.0161290322580645,595400,-0.0483619344773792,3050,0.021311475409836,2985,3120,0,-1.47619047619047,0.710267050421755
"2014-10-02",2014-10-02,-0.0491803278688525,1453200,-0.0951638065522622,2900,0,2900,3110,3458,-1.96774193548387,0.364524432493653
"2014-10-03",2014-10-03,0.00344827586206897,1016200,-0.0920436817472702,2910,0.00343642611683848,2900,2910,3458,-0.9672131147541,0.397805414327663
"2014-10-06",2014-10-06,0.013745704467354,1113400,-0.0795631825273014,2950,0.0169491525423728,0,2950,0,4.93220338983051,0.529746747633714
"2014-10-07",2014-10-07,0.00338983050847458,841800,-0.0764430577223092,2960,0.0202702702702703,0,2960,0,1.19594594594595,0.56244242532788
"2014-10-08",2014-10-08,-0.035472972972973,1599800,-0.109204368174727,2855,0,0,2960,3462,-1.42857142857143,0.293254692981569
"2014-10-09",2014-10-09,-0.00875656742556918,1067600,-0.117004680187208,2830,0,2830,2855,3463,-1.07142857142857,0.253660393252634
"2014-10-10",2014-10-10,-0.0212014134275618,1082800,-0.135725429017161,2770,0,2770,2830,3464,-1.16,0.158634073903191
"2014-10-14",2014-10-14,-0.0270758122743682,1516000,-0.159126365054603,2695,0,2695,2770,3465,-1.17241379310345,0.0398511747163873
"2014-10-15",2014-10-15,0.0222634508348794,1353200,-0.14040561622465,2755,0.0217785843920145,2695,2755,3465,-0.882352941176471,0.245425353780881
"2014-10-16",2014-10-16,-0.0453720508166969,1695600,-0.179407176287052,2630,0,0,2755,3467,-1.27777777777778,-0.0630940045788426
"2014-10-17",2014-10-17,-0.00760456273764259,1212600,-0.185647425897036,2610,0,2610,2630,3468,-1.03478260869565,-0.0947694443619901
"2014-10-20",2014-10-20,0.0459770114942529,1311600,-0.14820592823713,2730,0.0439560439560439,2610,2730,3468,-0.798319327731093,0.318403599842364
"2014-10-21",2014-10-21,-0.0256410256410256,1253600,-0.170046801872075,2660,0.018796992481203,2610,2730,3470,-1.14736842105263,0.0798324863975592
"2014-10-22",2014-10-22,0.0357142857142857,1281400,-0.14040561622465,2755,0.0344827586206896,2660,2755,3470,1.83448275862068,0.309911605281327
"2014-10-23",2014-10-23,0.00725952813067151,1166400,-0.134165366614665,2775,0.0414414414414415,0,2775,0,1.2018018018018,0.376909244084539
"2014-10-24",2014-10-24,0.018018018018018,942800,-0.118564742589704,2825,0.0584070796460177,0,2825,0,1.40938822624086,0.542215240268317
"2014-10-27",2014-10-27,0.00176991150442478,619000,-0.117004680187208,2830,0.0600706713780919,0,2830,0,1.02848270692794,0.558578473921327
"2014-10-28",2014-10-28,-0.00176678445229682,584200,-0.118564742589704,2825,0.0584070796460177,2660,2830,3475,-1.01333333333333,0.542215240268317
"2014-10-29",2014-10-29,0.0212389380530973,745200,-0.0998439937597509,2885,0.0207972270363952,2825,2885,3475,-0.842105263157896,0.446334353008097
"2014-10-30",2014-10-30,0.0259965337954939,2094800,-0.0764430577223094,2960,0.0456081081081081,0,2960,0,2.19298986486486,0.69105701718386
"2014-10-31",2014-10-31,0.0456081081081081,1510800,-0.0343213728549148,3095,0.0872374798061389,0,3095,0,1.91276252019386,1.11617647791321
"2014-11-04",2014-11-04,0.024232633279483,1729200,-0.0109204368174731,3170,0.108832807570978,0,3170,0,1.24754644234139,1.34457702815007
"2014-11-05",2014-11-05,0.00157728706624606,1165000,-0.00936037441497717,3175,0.110236220472441,0,3175,0,1.01289512723953,1.35961959686226
"2014-11-06",2014-11-06,-0.0141732283464567,857600,-0.023400936037442,3130,0.097444089456869,2825,3175,3481,-2.4999999999999,1.22341713814716
"2014-11-07",2014-11-07,0.012779552715655,663000,-0.0109204368174732,3170,0.108832807570978,2825,3175,0,1.11687438589233,1.34457702815007
"2014-11-10",2014-11-10,-0.00788643533123028,429400,-0.0187207488299538,3145,0.101748807631161,2825,3175,0,-1.71428571428568,1.26902442105496
"2014-11-11",2014-11-11,0.0190779014308426,845000,-4.44089209850063e-16,3205,0.0234009360374415,3130,3205,3481,-2.37217652928234e-14,0.966357788373456
"2014-11-12",2014-11-12,-0.0218408736349454,1344000,-0.0218408736349459,3135,0.00159489633173848,3130,3205,3485,-49181275181894.2,0.74480652654093
"2014-11-13",2014-11-13,0.00478468899521531,839000,-0.0171606864274576,3150,0.00634920634920633,3130,3205,0,3.98095238095225,0.792695932800453
"2014-11-14",2014-11-14,0.00158730158730159,970800,-0.0156006240249615,3155,0.00792393026941363,3130,3205,0,1.24801901743265,0.808608074397954
"2014-11-17",2014-11-17,-0.01743264659271,993600,-0.0327613104524186,3100,0,3100,3155,3488,-2.09999999999996,0.681278830325127
"2014-11-18",2014-11-18,0.0193548387096774,725200,-0.0140405616224655,3160,0.0189873417721519,3100,3160,3488,-0.42857142857144,0.872684691926141
"2014-11-19",2014-11-19,-0.00474683544303797,816000,-0.0187207488299538,3145,0.014308426073132,3100,3160,3490,-1.33333333333332,0.825177986414705
"2014-11-20",2014-11-20,-0.0095389507154213,746800,-0.0280811232449304,3115,0.0048154093097913,3100,3160,0,-1.49999999999999,0.729478375934154
"2014-11-21",2014-11-21,0.00642054574638844,1288600,-0.0218408736349461,3135,0.011164274322169,3100,3160,0,2.31844763423712,0.793380586112693
"2014-11-25",2014-11-25,0.0366826156299841,1605000,0,3250,0.0415384615384615,3115,3250,3490,3.72065934065934,1.05842367238932
"2014-11-26",2014-11-26,-0.06,2715600,-0.0600000000000001,3055,0,0,3250,3494,0,0.54301553567169
"2014-11-27",2014-11-27,-0.00654664484451719,1301200,-0.0661538461538462,3035,0,3035,3055,3495,-1.1025641025641,0.511778678900924
"2014-11-28",2014-11-28,-0.0181219110378913,1334200,-0.0830769230769232,2980,0,2980,3035,3496,-1.25581395348837,0.425877322781319
"2014-12-01",2014-12-01,0.00167785234899329,1132600,-0.0815384615384616,2985,0.00167504187604695,2980,2985,3496,-0.981481481481481,0.442189031488666
"2014-12-02",2014-12-02,-0.0150753768844221,1398600,-0.0953846153846153,2940,0,0,2985,3498,-1.16981132075472,0.363403609239788
"2014-12-03",2014-12-03,0.00510204081632653,1802200,-0.0907692307692307,2955,0.00507614213197971,2940,2955,3498,-0.951612903225807,0.412597694585626
"2014-12-04",2014-12-04,0.0135363790186125,1239600,-0.0784615384615385,2995,0.0183639398998331,0,2995,0,3.61769616026711,0.542520126424074
"2014-12-05",2014-12-05,-0.010016694490818,1254000,-0.0876923076923077,2965,0.00843170320404718,2940,2995,3501,-1.11764705882353,0.445248914817489
"2014-12-08",2014-12-08,0,726600,-0.0876923076923077,2965,0.00843170320404718,2940,2995,0,-1,0.445248914817489
"2014-12-09",2014-12-09,-0.0219224283305228,976800,-0.107692307692308,2900,0,2900,2965,3503,-1.2280701754386,0.300929895698257
"2014-12-10",2014-12-10,-0.0120689655172414,1022200,-0.118461538461538,2865,0,2865,2900,3504,-1.1,0.246265396349417
"2014-12-11",2014-12-11,-0.00349040139616056,1232600,-0.121538461538461,2855,0,2855,2865,3505,-1.02597402597403,0.230646967964035
"2014-12-12",2014-12-12,-0.00525394045534151,1296400,-0.126153846153846,2840,0,2840,2855,3506,-1.0379746835443,0.20721932538596
"2014-12-15",2014-12-15,-0.0193661971830986,1047200,-0.143076923076923,2785,0,2785,2840,3507,-1.13414634146341,0.121317969266355
"2014-12-16",2014-12-16,-0.0233393177737881,1282200,-0.163076923076923,2720,0,2720,2785,3508,-1.13978494623656,0.0197981847613665
"2014-12-17",2014-12-17,0.00735294117647059,1712200,-0.156923076923077,2740,0.00729927007299269,2720,2740,3508,-0.962264150943397,0.0880860577748281
"2014-12-18",2014-12-18,0.0127737226277372,1293400,-0.146153846153846,2775,0.0198198198198198,0,2775,0,2.71531531531532,0.206304732732762
"2014-12-19",2014-12-19,0.0198198198198198,1150200,-0.129230769230769,2830,0.0388692579505301,0,2830,0,1.96113074204947,0.388900831550908
"2014-12-22",2014-12-22,-0.00353356890459364,535800,-0.132307692307692,2820,0.0354609929078015,2720,2830,3512,-1.02380952380952,0.355982086531839
"2014-12-24",2014-12-24,-0.00531914893617021,1132800,-0.136923076923077,2805,0.0303030303030303,2720,2830,0,-1.03488372093023,0.306372681347708
"2014-12-25",2014-12-25,-0.0320855614973262,2137800,-0.164615384615385,2715,0,2715,2820,3514,-1.20224719101124,0.0119889705686742
"2014-12-26",2014-12-26,0.0110497237569061,1037200,-0.155384615384616,2745,0.0109289617486339,2715,2745,3514,-0.94392523364486,0.114319547804051
"2014-12-29",2014-12-29,0.00182149362477231,919400,-0.153846153846154,2750,0.0127272727272727,0,2750,0,1.16454545454545,0.13125696914796
"2014-12-30",2014-12-30,-0.00363636363636364,919600,-0.156923076923077,2740,0.00912408759124084,2715,2750,3517,-1.02,0.0973488118355009
"2015-01-05",2015-01-05,-0.0237226277372263,1200400,-0.176923076923077,2675,0,2675,2740,3518,-1.12745098039216,-0.0504847429728572
"2015-01-06",2015-01-06,-0.0467289719626168,2232000,-0.215384615384616,2550,0,2550,2675,3519,-1.21739130434783,-0.245715097790142
"2015-01-07",2015-01-07,-0.00392156862745098,1579800,-0.218461538461539,2540,0,2540,2550,3520,-1.01428571428571,-0.261333526175526
"2015-01-08",2015-01-08,0.00984251968503937,1312800,-0.210769230769231,2565,0.00974658869395717,2540,2565,3520,-0.964788732394366,-0.172813876018604
"2015-01-09",2015-01-09,0.0292397660818713,1844400,-0.187692307692308,2640,0.0378787878787878,0,2640,0,3.88636363636361,0.0871230768165376
"2015-01-13",2015-01-13,-0.0132575757575758,2188200,-0.198461538461539,2605,0.0249520153550864,2540,2640,3523,-1.05737704918033,-0.0331575805798608
"2015-01-14",2015-01-14,-0.00959692898272553,1893600,-0.206153846153846,2580,0.0155038759689923,2540,2640,0,-1.03875968992248,-0.120162305265787
"2015-01-15",2015-01-15,0.0193798449612403,1551200,-0.190769230769231,2630,0.0342205323193916,2540,2640,0,2.20722433460075,0.0529353826284506
"2015-01-16",2015-01-16,-0.0247148288973384,1541200,-0.210769230769231,2565,0.00974658869395717,2540,2640,0,-1.10483870967742,-0.172813876018604
"2015-01-19",2015-01-19,0.0311890838206628,1545800,-0.186153846153846,2645,0.0302457466918714,2565,2645,3523,3.10321361058599,0.056187056188556
"2015-01-20",2015-01-20,0.052930056710775,2839200,-0.143076923076923,2785,0.0789946140035906,0,2785,0,2.61175942549372,0.522293778801316
"2015-01-21",2015-01-21,-0.0412926391382406,1729400,-0.178461538461539,2670,0.0393258426966292,2565,2785,3529,-1.24731182795699,0.141323596636394
"2015-01-22",2015-01-22,0.00561797752808989,1783600,-0.173846153846154,2685,0.0446927374301676,2565,2785,0,1.1364724660814,0.191993539054956
"2015-01-23",2015-01-23,0,1095200,-0.173846153846154,2685,0.0446927374301676,2565,2785,0,-1,0.191993539054956
"2015-01-26",2015-01-26,-0.0204841713221601,1778000,-0.190769230769231,2630,0.0247148288973384,2565,2785,0,-1.09734513274336,0.00468453447969183
"2015-01-27",2015-01-27,0.00950570342205323,896000,-0.183076923076924,2655,0.0338983050847458,2565,2785,0,1.3715775749674,0.0903458316207623
"2015-01-28",2015-01-28,-0.00753295668549906,979800,-0.18923076923077,2635,0.0265654648956357,2565,2785,0,-1.03361344537815,0.0218875570595992
"2015-01-29",2015-01-29,-0.0303605313092979,1624000,-0.213846153846154,2555,0,2555,2685,3535,-1.13008130081301,-0.237905883597452
"2015-01-30",2015-01-30,0.0313111545988258,1756200,-0.18923076923077,2635,0.0303605313092979,2555,2635,3535,-0.884892086330936,0.041151273284454
"2015-02-02",2015-02-02,-0.0094876660341556,2584000,-0.196923076923077,2610,0.0210727969348659,2555,2635,3537,-1.04065040650407,-0.0450392372905993
"2015-02-03",2015-02-03,-0.0134099616858238,2153800,-0.207692307692308,2575,0.00776699029126215,2555,2635,0,-1.0546875,-0.167243867795623
"2015-02-04",2015-02-04,0.0213592233009709,1634800,-0.190769230769231,2630,0.0285171102661597,2555,2635,0,3.67157794676805,0.0239848737391949
"2015-02-05",2015-02-05,-0.00190114068441065,2603600,-0.192307692307693,2625,0.0266666666666666,2555,2635,0,-1.00806451612903,0.00678282777354475
"2015-02-06",2015-02-06,0.0152380952380952,1333000,-0.18,2665,0.0337711069418386,2575,2665,3537,1.26641651031895,0.105318603603277
"2015-02-09",2015-02-09,0.00938086303939963,1463800,-0.172307692307693,2690,0.0427509293680297,0,2690,0,1.26590251961999,0.189946156446734
"2015-02-10",2015-02-10,0.0278810408921933,2398400,-0.14923076923077,2765,0.0687160940325497,0,2765,0,1.60735906910921,0.438883265406035
"2015-02-12",2015-02-12,0,2769400,-0.14923076923077,2765,0.0687160940325497,0,2765,0,-1,0.438883265406035
"2015-02-13",2015-02-13,-0.00361663652802893,1295400,-0.152307692307693,2755,0.0653357531760436,2575,2765,3545,-1.02061855670103,0.406106263255356
"2015-02-16",2015-02-16,0.014519056261343,1051600,-0.14,2795,0.0143112701252236,2755,2795,3545,-0.919191919191919,0.209580250607004
"2015-02-17",2015-02-17,0.0035778175313059,888000,-0.136923076923077,2805,0.017825311942959,0,2805,0,1.24554367201426,0.243035917396288
"2015-02-18",2015-02-18,0.0035650623885918,1566400,-0.133846153846154,2815,0.0213143872113677,0,2815,0,1.19573712255773,0.276364854250198
"2015-02-19",2015-02-19,-0.0106571936056838,1485600,-0.143076923076923,2785,0.0107719928186715,2755,2815,3549,-1.06896551724138,0.175996488748394
"2015-02-20",2015-02-20,0.0143626570915619,1317400,-0.130769230769231,2825,0.0141592920353982,2785,2825,3549,1.31445427728613,0.255664096616726
"2015-02-23",2015-02-23,0.00530973451327434,1566800,-0.126153846153846,2840,0.0193661971830986,0,2840,0,1.36773767605634,0.305521933621424
"2015-02-24",2015-02-24,-0.0211267605633803,1302400,-0.144615384615385,2780,0,0,2840,3552,-1.14634146341463,0.113508755073663
"2015-02-25",2015-02-25,0,793400,-0.144615384615385,2780,0,2780,2780,3552,-1,0.113508755073663
"2015-02-26",2015-02-26,0.012589928057554,979200,-0.133846153846154,2815,0.0124333925399644,0,2815,0,-0.925531914893617,0.231285020988658
"2015-02-27",2015-02-27,0.0106571936056838,1351800,-0.124615384615385,2845,0.0228471001757469,0,2845,0,1.83755962842079,0.331000173898936
"2015-03-02",2015-03-02,-0.00878734622144113,780800,-0.132307692307692,2820,0.0141843971631206,2780,2845,3556,-1.06172839506173,0.247982315781852
"2015-03-03",2015-03-03,0.0177304964539007,1358600,-0.116923076923077,2870,0.0174216027874564,2820,2870,3556,1.22822299651568,0.342506478577812
"2015-03-04",2015-03-04,0.00522648083623693,1414600,-0.112307692307692,2885,0.0225303292894281,0,2885,0,1.29324090121318,0.391865961834641
"2015-03-05",2015-03-05,0.0519930675909879,2902200,-0.0661538461538462,3035,0.070840197693575,0,3035,0,3.14421492839944,0.871362759108049
"2015-03-06",2015-03-06,-0.0131795716639209,1680800,-0.0784615384615386,2995,0.0584307178631052,2820,3035,3560,-1.18604651162791,0.745898659656103
"2015-03-09",2015-03-09,0.00667779632721202,1852000,-0.0723076923076924,3015,0.0646766169154229,2820,3035,0,1.10689410092395,0.808839632718429
"2015-03-10",2015-03-10,0,1529200,-0.0723076923076924,3015,0.0646766169154229,2820,3035,0,-1,0.808839632718429
"2015-03-11",2015-03-11,0,1701400,-0.0723076923076924,3015,0.0646766169154229,2820,3035,0,-1,0.808839632718429
"2015-03-12",2015-03-12,-0.00829187396351575,2122000,-0.0800000000000001,2990,0.0568561872909699,2820,3035,0,-1.1063829787234,0.730097145244427
"2015-03-13",2015-03-13,0.0217391304347826,1937200,-0.0599999999999999,3055,0.0212765957446809,2990,3055,3560,-0.749999999999999,0.651015306421678
"2015-03-16",2015-03-16,0.0229132569558101,2698200,-0.0384615384615384,3125,0.0432,0,3125,0,2.0304,0.871627268900145
"2015-03-17",2015-03-17,-0.0032,2384800,-0.0415384615384614,3115,0.0401284109149278,2990,3125,3567,-1.08,0.840417487414542
"2015-03-18",2015-03-18,-0.0128410914927769,2402000,-0.0538461538461539,3075,0.0276422764227642,2990,3125,0,-1.2962962962963,0.714564289725772
"2015-03-19",2015-03-19,0.00650406504065041,1485600,-0.0476923076923076,3095,0.0339256865912763,2990,3125,0,1.227311603155,0.777695668809729
"2015-03-20",2015-03-20,0.00969305331179321,1282800,-0.0384615384615384,3125,0.016,3075,3125,3567,-0.806451612903227,0.73356036197336
"2015-03-23",2015-03-23,0.0192,1160000,-0.0199999999999998,3185,0.0345368916797488,0,3185,0,2.1585557299843,0.921363994721679
"2015-03-24",2015-03-24,0.00156985871271586,1702000,-0.0184615384615384,3190,0.0360501567398119,0,3190,0,1.04381590196637,0.936854526054196
"2015-03-25",2015-03-25,0.0172413793103448,1996000,-0.00153846153846171,3245,0.0523882896764253,0,3245,0,1.45320560058954,1.10568806892074
"2015-03-26",2015-03-26,-0.024653312788906,1660400,-0.0261538461538462,3165,0.0284360189573459,3075,3245,3574,-16.9999999999981,0.859159173747377
"2015-03-27",2015-03-27,-0.0157977883096366,1537400,-0.0415384615384615,3115,0.0128410914927769,3075,3245,0,-1.58823529411764,0.701907348041764
"2015-03-30",2015-03-30,-0.00481540930979133,1765400,-0.0461538461538461,3100,0.00806451612903225,3075,3245,0,-1.11111111111111,0.654233860383731
"2015-03-31",2015-03-31,0.00645161290322581,1475000,-0.0400000000000001,3120,0.0144230769230769,3075,3245,0,1.78846153846153,0.717746703233159
"2015-04-01",2015-04-01,-0.0336538461538462,1896600,-0.0723076923076923,3015,0,3015,3165,3578,-1.8076923076923,0.480541822130159
"2015-04-02",2015-04-02,0.0033167495854063,1500000,-0.0692307692307693,3025,0.00330578512396695,3015,3025,3578,-0.95744680851064,0.512940380185787
"2015-04-03",2015-04-03,0.00826446280991736,616000,-0.0615384615384617,3050,0.0114754098360655,0,3050,0,3.47131147540981,0.593455378162188
"2015-04-06",2015-04-06,-0.00327868852459016,802800,-0.0646153846153846,3040,0.00822368421052633,3015,3050,3581,-1.05,0.561331225538101
"2015-04-07",2015-04-07,0.03125,1410600,-0.0353846153846155,3135,0.0303030303030303,3040,3135,3581,3.68484848484848,0.82178081806534
"2015-04-08",2015-04-08,0.00318979266347687,928000,-0.0323076923076924,3145,0.0333863275039745,0,3145,0,1.10174880763116,0.853050029820958
"2015-04-09",2015-04-09,0.00635930047694754,860200,-0.0261538461538461,3165,0.0394944707740916,0,3165,0,1.18295343413827,0.915291756017118
"2015-04-10",2015-04-10,-0.018957345971564,1383200,-0.0446153846153846,3105,0.0209339774557166,3040,3165,3585,-1.70588235294118,0.727368321605436
"2015-04-13",2015-04-13,0.0128824476650564,1362200,-0.0323076923076923,3145,0.0333863275039745,3040,3165,0,1.59483918307448,0.853050029820958
"2015-04-14",2015-04-14,-0.0174880763116057,802800,-0.0492307692307692,3090,0.0161812297734628,3040,3165,0,-1.52380952380952,0.679815783001912
"2015-04-15",2015-04-15,-0.00485436893203883,1331400,-0.0538461538461539,3075,0.0113821138211382,3040,3165,0,-1.09375,0.632027879559115
"2015-04-16",2015-04-16,0.040650406504065,1449600,-0.0153846153846153,3200,0.0390625,3075,3200,3585,3.43191964285715,0.967763576371046
"2015-04-17",2015-04-17,-0.021875,1439800,-0.0369230769230769,3130,0.0175718849840255,3075,3200,3590,-2.40000000000001,0.749348447408296
"2015-04-20",2015-04-20,-0.00159744408945687,606200,-0.0384615384615384,3125,0.016,3075,3200,0,-1.04166666666667,0.73356036197336
"2015-04-21",2015-04-21,0.0208,741600,-0.0184615384615385,3190,0.0360501567398119,3075,3200,0,2.25313479623824,0.936854526054196
"2015-04-22",2015-04-22,-0.0141065830721003,1091600,-0.0323076923076924,3145,0.0222575516693164,3075,3200,0,-1.75,0.796560483594017
"2015-04-23",2015-04-23,0.00317965023847377,949000,-0.0292307692307693,3155,0.0253565768621236,3075,3200,0,1.13923477473398,0.827909530466866
"2015-04-24",2015-04-24,0.00158478605388273,951600,-0.0276923076923078,3160,0.0268987341772152,3075,3200,0,1.06081882911393,0.843546718574602
"2015-04-27",2015-04-27,0.0142405063291139,928000,-0.013846153846154,3205,0.0249609984399376,3125,3205,3590,-0.500000000000002,0.903993720585022
"2015-04-28",2015-04-28,0.0187207488299532,1554600,0,3265,0.0428790199081164,0,3265,0,1.71784073506891,1.06522833222951
"2015-04-30",2015-04-30,-0.0765696784073507,3744000,-0.0765696784073505,3015,0,0,3265,3598,0,0.458908026610131
"2015-05-01",2015-05-01,0.0199004975124378,1680600,-0.0581929555895865,3075,0.0195121951219512,3015,3075,3598,-0.760000000000001,0.651231765828485
"2015-05-07",2015-05-07,0,1122600,-0.0581929555895865,3075,0.0195121951219512,0,3075,0,-1,0.651231765828485
"2015-05-08",2015-05-08,0,1042000,-0.0581929555895865,3075,0.0195121951219512,0,3075,0,-1,0.651231765828485
"2015-05-11",2015-05-11,-0.0016260162601626,748000,-0.0597243491577335,3070,0.0179153094462541,3015,3075,3602,-1.02631578947368,0.635352654093161
"2015-05-12",2015-05-12,0.00651465798045603,722200,-0.0535987748851455,3090,0.00647249190938515,3070,3090,3602,-0.897435897435899,0.60836238457564
"2015-05-13",2015-05-13,0,771800,-0.0535987748851455,3090,0.00647249190938515,0,3090,0,-1,0.60836238457564
"2015-05-14",2015-05-14,0.00485436893203883,749000,-0.0490045941807044,3105,0.0112721417069244,0,3105,0,1.74154589371981,0.656045366987512
"2015-05-15",2015-05-15,0.0144927536231884,1110800,-0.0352220520673812,3150,0.0253968253968254,0,3150,0,2.25306122448979,0.797702144471281
"2015-05-18",2015-05-18,-0.00158730158730159,792000,-0.0367534456355282,3145,0.0238473767885533,3070,3150,3607,-1.04347826086957,0.782063822779083
"2015-05-19",2015-05-19,0.0174880763116057,777600,-0.0199081163859112,3200,0.0171875,3145,3200,3607,-0.541666666666669,0.833765069725733
"2015-05-20",2015-05-20,0.0140625,1040400,-0.00612557427258797,3245,0.0308166409861325,0,3245,0,1.79296820282952,0.972906477784521
"2015-05-21",2015-05-21,0.00154083204930663,760200,-0.00459418070444073,3250,0.0323076923076923,0,3250,0,1.04838461538462,0.988248375478584
"2015-05-22",2015-05-22,0.00461538461538462,825400,0,3265,0.0367534456355283,0,3265,0,1.1376066506235,1.03413498322339
"2015-05-25",2015-05-25,0.0275650842266462,1204200,0,3355,0.0625931445603577,0,3355,0,1.70305514157973,1.16529701654951
"2015-05-26",2015-05-26,0.0193740685543964,1235000,0,3420,0.0804093567251462,0,3420,0,1.28463519910888,1.25573191753273
"2015-05-27",2015-05-27,-0.0190058479532164,1473200,-0.0190058479532164,3355,0.0625931445603577,3145,3420,3614,0,1.06882353712225
"2015-05-28",2015-05-28,0.00894187779433681,661600,-0.0102339181286548,3385,0.0709010339734121,3145,3420,0,1.13272842371808,1.1555205155416
"2015-05-29",2015-05-29,0.00147710487444609,1295000,-0.00877192982456132,3390,0.0722713864306784,3145,3420,0,1.01932767944936,1.1698974467285
"2015-06-01",2015-06-01,0.00442477876106195,975000,-0.0043859649122806,3405,0.0763582966226138,3145,3420,0,1.05654949204351,1.21290566946438
"2015-06-02",2015-06-02,0.0190895741556534,1168400,0,3470,0.0331412103746398,3355,3470,3614,0,1.01579931596005
"2015-06-03",2015-06-03,0.0115273775216138,1056800,0,3510,0.0441595441595442,0,3510,0,1.33246624550972,1.07172825953243
"2015-06-04",2015-06-04,0.0113960113960114,1187000,0,3550,0.0549295774647888,0,3550,0,1.24388914129941,1.12639683254543
"2015-06-05",2015-06-05,-0.00704225352112676,8e+05,-0.00704225352112675,3525,0.0482269503546099,3355,3550,3621,0,1.05662796655858
"2015-06-08",2015-06-08,0,898800,-0.00704225352112675,3525,0.0482269503546099,3355,3550,0,-1,1.05662796655858
"2015-06-09",2015-06-09,-0.0212765957446809,793400,-0.0281690140845072,3450,0.027536231884058,3355,3550,0,-4.00000000000003,0.844362893555245
"2015-06-10",2015-06-10,0.00144927536231884,1220000,-0.026760563380282,3455,0.0289435600578871,3355,3550,0,1.05110823368116,0.858655756800934
"2015-06-11",2015-06-11,0,681600,-0.026760563380282,3455,0.0289435600578871,3355,3550,0,-1,0.858655756800934
"2015-06-12",2015-06-12,0.00723589001447178,1147200,-0.0197183098591552,3480,0.0359195402298851,3355,3550,0,1.24102011494253,0.929812159984263
"2015-06-15",2015-06-15,-0.0028735632183908,399000,-0.0225352112676059,3470,0.0331412103746398,3355,3550,0,-1.14285714285714,0.901410826376964
"2015-06-16",2015-06-16,-0.0172910662824208,693600,-0.03943661971831,3410,0.0161290322580645,3355,3550,0,-1.74999999999998,0.72926582637189
"2015-06-17",2015-06-17,0,560800,-0.03943661971831,3410,0.0161290322580645,3355,3550,0,-1,0.72926582637189
"2015-06-18",2015-06-18,-0.0175953079178886,696400,-0.0563380281690142,3350,0,3350,3525,3630,-1.42857142857143,0.561603665228941
"2015-06-19",2015-06-19,0.0194029850746269,1264000,-0.0380281690140847,3415,0.0190336749633968,3350,3415,3630,-0.675000000000001,0.751159042046299
"2015-06-22",2015-06-22,0.0131771595900439,757000,-0.0253521126760565,3460,0.0317919075144508,0,3460,0,1.6702979101823,0.880263218399161
"2015-06-23",2015-06-23,0.00867052023121387,998200,-0.0169014084507044,3490,0.0401146131805158,0,3490,0,1.26178692367804,0.965404866278686
"2015-06-24",2015-06-24,-0.0257879656160458,1594600,-0.0422535211267607,3400,0.0147058823529411,3350,3490,3634,-2.49999999999998,0.707743371589684
"2015-06-25",2015-06-25,0.025,1174200,-0.0183098591549299,3485,0.0387374461979914,3350,3490,0,2.63414634146342,0.951265100915079
"2015-06-26",2015-06-26,-0.0114777618364419,578200,-0.0295774647887327,3445,0.0275761973875182,3350,3490,0,-1.6153846153846,0.837416477421247
"2015-06-29",2015-06-29,-0.0406386066763425,1434600,-0.0690140845070425,3305,0,3305,3485,3637,-2.33333333333332,0.497260139838455
"2015-06-30",2015-06-30,0.00453857791225416,954600,-0.0647887323943664,3320,0.00451807228915657,3305,3320,3637,-0.938775510204082,0.54164166789394
"2015-07-01",2015-07-01,-0.00150602409638554,807800,-0.0661971830985918,3315,0.00301659125188536,3305,3320,3639,-1.02173913043478,0.526870885727892
"2015-07-02",2015-07-02,0.0256410256410256,1062000,-0.042253521126761,3400,0.025,3315,3400,3639,8.28750000000004,0.759996201849603
"2015-07-03",2015-07-03,0.0279411764705882,1816000,-0.0154929577464794,3495,0.0515021459227468,0,3495,0,2.06008583690987,1.03035714037937
"2015-07-06",2015-07-06,-0.0243204577968526,1480600,-0.0394366197183104,3410,0.0278592375366569,3315,3495,3642,-2.54545454545449,0.788808221975987
"2015-07-07",2015-07-07,0.0498533724340176,2137200,0,3580,0.0474860335195531,3410,3580,3642,1.70449867685975,1.08861348368174
"2015-07-08",2015-07-08,-0.0349162011173184,1442200,-0.0349162011173184,3455,0.0130246020260492,3410,3580,3644,0,0.736453368075892
"2015-07-09",2015-07-09,-0.00289435600578871,1961000,-0.0377094972067039,3445,0.0101596516690856,3410,3580,0,-1.08,0.707732170080419
"2015-07-10",2015-07-10,-0.0188679245283019,1911800,-0.0558659217877095,3380,0,3380,3455,3646,-1.48148148148148,0.564000072133615
"2015-07-13",2015-07-13,0.0177514792899408,1546200,-0.0391061452513967,3440,0.0174418604651163,3380,3440,3646,-0.7,0.737607213038761
"2015-07-14",2015-07-14,0.0218023255813953,983400,-0.0181564245810055,3515,0.0384068278805121,0,3515,0,2.20199146514936,0.950365718141905
"2015-07-15",2015-07-15,-0.0085348506401138,1219800,-0.0265363128491621,3485,0.03012912482066,3380,3515,3649,-1.46153846153847,0.865811964042325
"2015-07-16",2015-07-16,-0.0172166427546628,1497600,-0.0432960893854748,3425,0.0131386861313869,3380,3515,0,-1.63157894736841,0.694496235207403
"2015-07-17",2015-07-17,0,935800,-0.0432960893854748,3425,0.0131386861313869,3380,3515,0,-1,0.694496235207403
"2015-07-21",2015-07-21,0.00583941605839416,1036800,-0.0377094972067039,3445,0.0188679245283019,3380,3515,0,1.43605870020964,0.751935269284332
"2015-07-22",2015-07-22,-0.00145137880986938,723800,-0.0391061452513967,3440,0.0174418604651163,3380,3515,0,-1.03703703703704,0.737607213038761
"2015-07-23",2015-07-23,-0.0188953488372093,886200,-0.0572625698324024,3375,0,3375,3485,3654,-1.46428571428572,0.556910701707288
"2015-07-24",2015-07-24,0,933200,-0.0572625698324024,3375,0,3375,3375,3654,-1,0.556910701707288
"2015-07-27",2015-07-27,0.00296296296296296,869800,-0.0544692737430167,3385,0.00295420974889216,0,3385,0,-0.951219512195118,0.586084979414445
"2015-07-28",2015-07-28,-0.0103397341211226,764400,-0.0642458100558658,3350,0,0,3385,3657,-1.17948717948718,0.52146384957566
"2015-07-29",2015-07-29,-0.00895522388059702,1023800,-0.0726256983240222,3320,0,3320,3350,3658,-1.1304347826087,0.478927627017704
"2015-07-30",2015-07-30,0.0135542168674699,486400,-0.0600558659217877,3365,0.013372956909361,3320,3365,3658,-0.826923076923078,0.610612946036278
"2015-07-31",2015-07-31,0.0178306092124814,689200,-0.0432960893854748,3425,0.0306569343065694,0,3425,0,2.29245742092458,0.783418674189874
"2015-08-03",2015-08-03,-0.0394160583941606,1483400,-0.0810055865921787,3290,0,0,3425,3661,-1.87096774193549,0.436391404459748
"2015-08-04",2015-08-04,0.0303951367781155,1192600,-0.0530726256983242,3390,0.0294985250737463,3290,3390,3661,-0.655172413793106,0.727913008421352
"2015-08-05",2015-08-05,-0.00589970501474926,690000,-0.058659217877095,3370,0.0237388724035609,3290,3390,3663,-1.10526315789474,0.670319591821008
"2015-08-06",2015-08-06,0.0103857566765579,862000,-0.0488826815642458,3405,0.0102790014684288,3370,3405,3663,-0.833333333333332,0.651623024965312
"2015-08-07",2015-08-07,0.00881057268722467,852400,-0.0405027932960893,3435,0.0189228529839883,0,3435,0,1.84092326887087,0.738035344680905
"2015-08-10",2015-08-10,-0.00291120815138282,787200,-0.0432960893854748,3425,0.016058394160584,3370,3435,3666,-1.06896551724138,0.709316641704482
"2015-08-11",2015-08-11,0.054014598540146,1969400,0,3610,0.0512465373961218,3425,3610,3666,3.19126164694031,1.10770176084071
"2015-08-12",2015-08-12,-0.0221606648199446,2031200,-0.0221606648199445,3530,0.0297450424929179,3425,3610,3668,0,0.88607310853489
"2015-08-13",2015-08-13,0.0382436260623229,2081400,0,3665,0.0368349249658936,3530,3665,3668,1.23835509647242,1.0345485714264
"2015-08-14",2015-08-14,-0.0109140518417462,1287200,-0.0109140518417462,3625,0.0262068965517241,3530,3665,3670,0,0.925201204157915
"2015-08-17",2015-08-17,0.0206896551724138,925000,0,3700,0.0202702702702703,3625,3700,3670,0,0.95046656267144
"2015-08-18",2015-08-18,-0.00945945945945946,875800,-0.00945945945945947,3665,0.0109140518417462,3625,3700,3672,0,0.854958384446272
"2015-08-19",2015-08-19,0.0136425648021828,1431800,0,3715,0.0134589502018843,3665,3715,3672,1.23317631224765,0.915892375394588
"2015-08-20",2015-08-20,-0.0255720053835801,1314200,-0.02557200538358,3620,0,0,3715,3674,0,0.717771665391583
"2015-08-21",2015-08-21,-0.0290055248618785,1526600,-0.0538358008075368,3515,0,3515,3620,3675,-2.10526315789474,0.574304944354924
"2015-08-24",2015-08-24,-0.0640113798008535,1796600,-0.114401076716016,3290,0,3290,3515,3676,-2.125,0.266876256419226
"2015-08-25",2015-08-25,-0.0258358662613982,1646400,-0.137281292059219,3205,0,3205,3290,3677,-1.2,0.15073652986574
"2015-08-26",2015-08-26,0.0452418096723869,1788000,-0.0982503364737548,3350,0.0432835820895522,3205,3350,3677,-0.715686274509803,0.568564236185511
"2015-08-27",2015-08-27,-0.0149253731343284,1726000,-0.111709286675639,3300,0.0287878787878788,3205,3350,3679,-1.13698630136987,0.426666716205871
"2015-08-28",2015-08-28,0.0454545454545455,1327200,-0.0713324360699865,3450,0.0434782608695652,3300,3450,3679,1.51029748283753,0.706187395991107
"2015-08-31",2015-08-31,-0.00434782608695652,999000,-0.0753701211305517,3435,0.0393013100436681,3300,3450,3681,-1.0566037735849,0.664489992742077
"2015-09-01",2015-09-01,-0.0305676855895196,738200,-0.103633916554509,3330,0.00900900900900903,3300,3450,0,-1.375,0.367259878045477
"2015-09-02",2015-09-02,-0.0135135135135135,988800,-0.115746971736204,3285,0,3285,3435,3683,-1.11688311688312,0.260044507798434
"2015-09-03",2015-09-03,0.030441400304414,1180000,-0.0888290713324358,3385,0.0295420974889217,3285,3385,3683,-0.767441860465116,0.546634848759334
"2015-09-04",2015-09-04,-0.0443131462333826,1361600,-0.129205921938089,3235,0,0,3385,3685,-1.45454545454546,0.191727021590501
"2015-09-07",2015-09-07,0.0216383307573416,1039600,-0.110363391655451,3305,0.0211800302571861,3235,3305,3685,-0.854166666666667,0.394881107657539
"2015-09-08",2015-09-08,-0.00151285930408472,676600,-0.111709286675639,3300,0.0196969696969697,3235,3305,3687,-1.01219512195122,0.380521359612695
"2015-09-09",2015-09-09,0.0681818181818182,1434800,-0.0511440107671601,3525,0.0638297872340425,3300,3525,3687,3.24058919803601,0.911967753846472
"2015-09-10",2015-09-10,0.00567375886524823,1094000,-0.0457604306864063,3545,0.0691114245416079,0,3545,0,1.08274565115186,0.966104282394523
"2015-09-11",2015-09-11,0.00987306064880113,1382600,-0.0363391655450873,3580,0.0782122905027933,0,3580,0,1.1316839584996,1.06012242029949
"2015-09-14",2015-09-14,-0.00698324022346369,1058600,-0.0430686406460294,3555,0.0717299578059072,3300,3580,3691,-1.18518518518519,0.99305942627165
"2015-09-15",2015-09-15,-0.00421940928270042,795400,-0.0471063257065947,3540,0.0677966101694916,3300,3580,0,-1.09375,0.952598550187665
"2015-09-16",2015-09-16,0.00423728813559322,1260600,-0.0430686406460294,3555,0.0717299578059072,3300,3580,0,1.05801687763713,0.99305942627165
"2015-09-17",2015-09-17,0.00281293952180028,1009400,-0.0403768506056528,3565,0.0743338008415148,3300,3580,0,1.03630063526112,1.01994000270622
"2015-09-18",2015-09-18,-0.0224403927068724,987200,-0.0619111709286675,3485,0.0530846484935438,3300,3580,0,-1.53333333333333,0.802771556409545
"2015-09-24",2015-09-24,-0.0774748923959828,2171600,-0.134589502018843,3215,0,3215,3565,3696,-2.17391304347826,0.164400027107326
"2015-09-25",2015-09-25,0.0124416796267496,1109600,-0.123822341857335,3255,0.0122887864823349,3215,3255,3696,-0.919999999999999,0.281431763849396
"2015-09-28",2015-09-28,-0.00768049155145929,990800,-0.130551816958277,3230,0.00464396284829727,3215,3255,3698,-1.05434782608696,0.208467978350122
"2015-09-29",2015-09-29,-0.0634674922600619,1707400,-0.185733512786003,3025,0,3025,3230,3699,-1.42268041237113,-0.0952064204828181
"2015-09-30",2015-09-30,0.0462809917355372,1562600,-0.148048452220727,3165,0.0442338072669827,3025,3165,3699,-0.797101449275362,0.320612869978357
"2015-10-01",2015-10-01,0.0252764612954186,961800,-0.126514131897712,3245,0.0677966101694916,0,3245,0,1.53268765133172,0.54952538156086
"2015-10-02",2015-10-02,0,721000,-0.126514131897712,3245,0.0677966101694916,0,3245,0,-1,0.54952538156086
"2015-10-05",2015-10-05,0.012326656394453,595000,-0.115746971736205,3285,0.0791476407914764,0,3285,0,1.16742770167428,0.661797079659878
"2015-10-06",2015-10-06,0.0213089802130898,1082000,-0.0969044414535667,3355,0.0983606557377049,0,3355,0,1.24274905422446,0.854966617202595
"2015-10-07",2015-10-07,0.0134128166915052,677800,-0.0847913862718708,3400,0.110294117647059,0,3400,0,1.12132352941177,0.97702647886154
"2015-10-08",2015-10-08,-0.00588235294117647,1256400,-0.0901749663526243,3380,0.105029585798817,3025,3400,3706,-1.06349206349206,0.922976777440707
"2015-10-09",2015-10-09,0.0310650887573964,578600,-0.0619111709286675,3485,0.03012912482066,3380,3485,3706,-0.686567164179105,0.686249565586029
"2015-10-13",2015-10-13,-0.0258249641319943,1101200,-0.0861372812920591,3395,0.0044182621502209,3380,3485,3708,-1.39130434782609,0.432770028524734
"2015-10-14",2015-10-14,-0.0427098674521355,1249400,-0.125168236877524,3250,0,3250,3395,3709,-1.453125,0.212222267452879
"2015-10-15",2015-10-15,0.0215384615384615,884200,-0.106325706594885,3320,0.0210843373493976,3250,3320,3709,-0.849462365591397,0.414890617351052
"2015-10-16",2015-10-16,0.00602409638554217,479600,-0.100942126514132,3340,0.0269461077844312,0,3340,0,1.27801539777588,0.471971895403341
"2015-10-19",2015-10-19,-0.0119760479041916,646000,-0.111709286675639,3300,0.0151515151515151,3250,3340,3712,-1.10666666666667,0.357448681316106
"2015-10-20",2015-10-20,0.00151515151515152,388800,-0.110363391655451,3305,0.016641452344932,3250,3340,0,1.09833585476551,0.371843335076982
"2015-10-21",2015-10-21,0.0347957639939486,613800,-0.0794078061911172,3420,0.0350877192982456,3300,3420,3712,2.10845295055821,0.622606605656321
"2015-10-22",2015-10-22,-0.0131578947368421,498000,-0.0915208613728129,3375,0.0222222222222223,3300,3420,3715,-1.15254237288135,0.49581574353381
"2015-10-23",2015-10-23,0.0488888888888889,1269600,-0.0471063257065949,3540,0.0466101694915254,3375,3540,3715,2.09745762711864,0.845056405584922
"2015-10-26",2015-10-26,-0.00423728813559322,896400,-0.0511440107671601,3525,0.0425531914893617,3375,3540,3717,-1.08571428571428,0.803967983096485
"2015-10-27",2015-10-27,-0.00851063829787234,863000,-0.0592193808882906,3495,0.0343347639484979,3375,3540,0,-1.1578947368421,0.721260841725808
"2015-10-28",2015-10-28,0.00143061516452074,775800,-0.0578734858681023,3500,0.0357142857142857,3375,3540,0,1.04017857142857,0.735095027965737
"2015-10-29",2015-10-29,-0.00142857142857143,833000,-0.0592193808882908,3495,0.0343347639484979,3375,3540,0,-1.02325581395349,0.721260841725807
"2015-10-30",2015-10-30,-0.0457796852646638,2063200,-0.10228802153432,3335,0,3335,3525,3721,-1.72727272727272,0.328361994006365
"2015-11-02",2015-11-02,-0.0344827586206897,2781600,-0.133243606998654,3220,0,3220,3335,3722,-1.30263157894737,0.17123177572812
"2015-11-04",2015-11-04,0.0139751552795031,1489600,-0.121130551816958,3265,0.0137825421133231,3220,3265,3722,-0.90909090909091,0.302677548579033
"2015-11-05",2015-11-05,-0.00153139356814701,1130600,-0.122476446837147,3260,0.0122699386503068,3220,3265,3724,-1.01111111111111,0.288167841077895
"2015-11-06",2015-11-06,0.00153374233128834,832400,-0.121130551816958,3265,0.00153139356814702,3260,3265,3724,-0.989010989010988,0.240490850566791
"2015-11-09",2015-11-09,0.0122511485451761,1459200,-0.110363391655451,3305,0.0136157337367625,0,3305,0,8.89107413010587,0.356484820023277
"2015-11-10",2015-11-10,-0.00151285930408472,828400,-0.111709286675639,3300,0.0121212121212121,3260,3305,3727,-1.01219512195122,0.342066895785048
"2015-11-11",2015-11-11,0.00151515151515152,647000,-0.110363391655451,3305,0.00151285930408473,3300,3305,3727,-0.987951807228916,0.295050759808459
"2015-11-12",2015-11-12,0.0287443267776097,977600,-0.0847913862718706,3400,0.0294117647058824,0,3400,0,19.4411764705881,0.566468526819309
"2015-11-13",2015-11-13,0.00882352941176471,1319000,-0.0767160161507401,3430,0.0379008746355685,0,3430,0,1.28862973760933,0.650549649079113
"2015-11-16",2015-11-16,0,681000,-0.0767160161507401,3430,0.0379008746355685,0,3430,0,-1,0.650549649079113
"2015-11-17",2015-11-17,-0.00583090379008746,1215200,-0.0820995962314939,3410,0.032258064516129,3300,3430,3732,-1.07017543859649,0.594579811229536
"2015-11-18",2015-11-18,-0.00586510263929619,614400,-0.0874831763122474,3390,0.0265486725663717,3300,3430,0,-1.0655737704918,0.53827200472667
"2015-11-19",2015-11-19,0.00737463126843658,830800,-0.0807537012113053,3415,0.0336749633967789,3300,3430,0,1.26842362127867,0.608603723301777
"2015-11-20",2015-11-20,-0.00439238653001464,565400,-0.0847913862718706,3400,0.0294117647058824,3300,3430,0,-1.05,0.566468526819309
"2015-11-24",2015-11-24,0.0455882352941176,1575400,-0.0430686406460292,3555,0.0464135021097046,3390,3555,3732,1.57805907172996,0.864553369936223
"2015-11-25",2015-11-25,0,941000,-0.0430686406460292,3555,0.0464135021097046,0,3555,0,-1,0.864553369936223
"2015-11-26",2015-11-26,0.00421940928270042,905200,-0.039030955585464,3570,0.0504201680672269,0,3570,0,1.08632543926662,0.90538640902816
"2015-11-27",2015-11-27,-0.015406162464986,1106800,-0.0538358008075368,3515,0.0355618776671408,3390,3570,3739,-1.37931034482759,0.754816652222969
"2015-11-30",2015-11-30,-0.00568990042674253,937000,-0.0592193808882904,3495,0.0300429184549357,3390,3570,0,-1.1,0.699475480244052
"2015-12-01",2015-12-01,-0.0100143061516452,951000,-0.0686406460296094,3460,0.0202312138728323,3390,3570,0,-1.15909090909091,0.601849133158412
"2015-12-02",2015-12-02,-0.00722543352601156,1287400,-0.0753701211305515,3435,0.0131004366812227,3390,3570,0,-1.09803921568628,0.531494641862181
"2015-12-03",2015-12-03,0.00145560407569141,733800,-0.0740242261103632,3440,0.0145348837209303,3390,3570,0,1.10949612403101,0.54560762820072
"2015-12-04",2015-12-04,-0.0232558139534884,894000,-0.0955585464333779,3360,0,3360,3515,3744,-1.29090909090909,0.362520737110333
"2015-12-07",2015-12-07,0.0133928571428571,482000,-0.083445491251682,3405,0.013215859030837,3360,3405,3744,-0.873239436619717,0.491090032740417
"2015-12-08",2015-12-08,-0.0146842878120411,734800,-0.0969044414535662,3355,0,0,3405,3746,-1.16129032258065,0.35568898848954
"2015-12-09",2015-12-09,-0.00596125186289121,1000800,-0.10228802153432,3335,0,3335,3355,3747,-1.05555555555556,0.328361994006367
"2015-12-10",2015-12-10,0.00749625187406297,945200,-0.0955585464333779,3360,0.00744047619047616,3335,3360,3747,-0.934210526315789,0.400288514083915
"2015-12-11",2015-12-11,0.0223214285714286,1586600,-0.0753701211305515,3435,0.0291120815138283,0,3435,0,3.91266375545853,0.612769578511007
"2015-12-14",2015-12-14,-0.0160116448326055,732200,-0.0901749663526243,3380,0.0133136094674556,3335,3435,3750,-1.19642857142857,0.457427469799489
"2015-12-15",2015-12-15,-0.014792899408284,716000,-0.103633916554508,3330,0,3330,3380,3751,-1.14925373134328,0.321530245385574
"2015-12-16",2015-12-16,0.015015015015015,640800,-0.0901749663526241,3380,0.014792899408284,3330,3380,3751,-0.87012987012987,0.464936329600154
"2015-12-17",2015-12-17,0.022189349112426,908200,-0.0699865410497977,3455,0.0361794500723589,0,3455,0,2.44573082489147,0.675970459648149
"2015-12-18",2015-12-18,-0.0231548480463097,951000,-0.0915208613728127,3375,0.0133333333333333,3330,3455,3754,-1.30769230769231,0.450695839309371
"2015-12-21",2015-12-21,-0.00740740740740741,698000,-0.0982503364737548,3350,0.00597014925373129,3330,3455,0,-1.07352941176471,0.379161653153817
"2015-12-22",2015-12-22,0.00447761194029851,388400,-0.0942126514131896,3365,0.0104011887072808,3330,3455,0,1.74219910846955,0.422148807539069
"2015-12-24",2015-12-24,0.0148588410104012,704400,-0.0807537012113053,3415,0.0248901903367497,3330,3455,0,2.39301401380465,0.564012309902807
"2015-12-25",2015-12-25,0,0,-0.0807537012113053,3415,0.0248901903367497,3330,3455,0,-1,0.564012309902807
"2015-12-28",2015-12-28,0.00585651537335286,454400,-0.0753701211305515,3435,0.0305676855895196,3330,3455,0,1.22810172103776,0.620158209115446
"2015-12-29",2015-12-29,0.0218340611353712,596200,-0.0551816958277251,3510,0.0455840455840456,3350,3510,3754,1.49124949124949,0.798857319962025
"2015-12-30",2015-12-30,0.00142450142450142,652400,-0.0538358008075368,3515,0.0469416785206259,0,3515,0,1.02978307254623,0.812580398740743
"2016-01-04",2016-01-04,-0.0128022759601707,1111800,-0.0659488559892327,3470,0.0345821325648416,3350,3515,3762,-1.225,0.688357739053067
"2016-01-05",2016-01-05,0.0115273775216138,1133400,-0.0551816958277251,3510,0.0455840455840456,3350,3515,0,1.31813865147198,0.798857319962025
"2016-01-06",2016-01-06,-0.0156695156695157,1071800,-0.069986541049798,3455,0.0303907380607815,3350,3515,0,-1.26829268292683,0.646587019849309
"2016-01-07",2016-01-07,-0.0159189580318379,1269200,-0.0847913862718708,3400,0.0147058823529411,3350,3515,0,-1.21153846153846,0.491821626447993
"2016-01-08",2016-01-08,0.0132352941176471,1336800,-0.0726783310901749,3445,0.0275761973875182,3350,3515,0,1.87518142235124,0.618636944476211
"2016-01-12",2016-01-12,-0.0551523947750363,2236200,-0.123822341857335,3255,0,3255,3510,3767,-1.7037037037037,0.219054016073673
"2016-01-13",2016-01-13,0.021505376344086,1396200,-0.104979811574697,3325,0.0210526315789473,3255,3325,3767,-0.847826086956523,0.421561427822661
"2016-01-14",2016-01-14,-0.0315789473684211,1364200,-0.133243606998654,3220,0,0,3325,3769,-1.26923076923077,0.17123177572812
"2016-01-15",2016-01-15,0.0093167701863354,1413600,-0.125168236877524,3250,0.00923076923076926,3220,3250,3769,-0.93939393939394,0.259077552609028
"2016-01-18",2016-01-18,-0.00153846153846154,1353200,-0.126514131897712,3245,0.00770416024653309,3220,3250,3771,-1.01075268817204,0.244496753233083
"2016-01-19",2016-01-19,0.00462249614791988,912800,-0.122476446837146,3260,0.004601226993865,3245,3260,3771,-0.968085106382977,0.249241543338253
"2016-01-20",2016-01-20,-0.0368098159509202,1191000,-0.154777927321669,3140,0,0,3260,3773,-1.26373626373626,0.0619237977954284
"2016-01-21",2016-01-21,-0.0238853503184713,1057400,-0.174966352624495,3065,0,3065,3140,3774,-1.1304347826087,-0.0405524315164715
"2016-01-22",2016-01-22,0.0766721044045677,1426800,-0.111709286675639,3300,0.0712121212121212,3065,3300,3774,-0.638461538461538,0.642011713640695
"2016-01-25",2016-01-25,0.0212121212121212,1782000,-0.092866756393001,3370,0.0905044510385756,0,3370,0,1.27091356777574,0.835583852660843
"2016-01-26",2016-01-26,-0.0341246290801187,984800,-0.123822341857335,3255,0.0583717357910907,3065,3370,3777,-1.33333333333334,0.515348318008355
"2016-01-27",2016-01-27,0.0276497695852535,980600,-0.0995962314939431,3345,0.0837070254110612,3065,3370,0,1.43403351427897,0.766921450312179
"2016-01-28",2016-01-28,-0.00896860986547085,1122400,-0.107671601615074,3315,0.0754147812971342,3065,3370,0,-1.08108108108108,0.683839616811987
"2016-01-29",2016-01-29,0.00904977375565611,2318600,-0.0995962314939431,3345,0.0837070254110612,3065,3370,0,1.10995515695067,0.766921450312179
"2016-02-01",2016-02-01,-0.0373692077727952,2907400,-0.133243606998654,3220,0.0481366459627329,3065,3370,0,-1.33783783783784,0.415572871974599
"2016-02-02",2016-02-02,0.0217391304347826,1977600,-0.114401076716016,3290,0.0683890577507599,3065,3370,0,1.42072752230611,0.614018376687044
"2016-02-03",2016-02-03,-0.0364741641337386,1668000,-0.146702557200538,3170,0.0331230283911672,3065,3370,0,-1.28235294117647,0.271046424741383
"2016-02-04",2016-02-04,-0.00157728706624606,1435000,-0.148048452220726,3165,0.0315955766192733,3065,3370,0,-1.00917431192661,0.256461347384368
"2016-02-05",2016-02-05,0.014218009478673,1193200,-0.135935397039031,3210,0.0451713395638629,3065,3370,0,1.42967289719626,0.386857511402785
"2016-02-08",2016-02-08,0.0233644859813084,1631400,-0.115746971736204,3285,0.0669710806697108,3065,3370,0,1.48260116517084,0.599988991681195
"2016-02-09",2016-02-09,-0.0350076103500761,1699800,-0.146702557200538,3170,0.0331230283911672,3065,3370,0,-1.26744186046512,0.271046424741384
"2016-02-10",2016-02-10,-0.0220820189274448,2791000,-0.165545087483176,3100,0.0112903225806451,3065,3370,0,-1.12844036697248,0.0645793645980276
"2016-02-12",2016-02-12,-0.0290322580645161,3186800,-0.189771197846567,3010,0,3010,3345,3789,-1.14634146341463,-0.115701666345196
"2016-02-15",2016-02-15,0.0913621262458472,1705400,-0.115746971736204,3285,0.0837138508371386,3010,3285,3789,-0.609929078014183,0.684975112651887
"2016-02-16",2016-02-16,0.0030441400304414,1146600,-0.113055181695827,3295,0.08649468892261,0,3295,0,1.03321837494827,0.71275411405249
"2016-02-17",2016-02-17,-0.00606980273141123,1345800,-0.118438761776581,3275,0.0809160305343511,3010,3295,3792,-1.04761904761905,0.657109909699168
"2016-02-18",2016-02-18,0.0229007633587786,1350400,-0.0982503364737545,3350,0.0223880597014925,3275,3350,3792,-0.829545454545455,0.462498789687764
"2016-02-19",2016-02-19,-0.0149253731343284,766800,-0.111709286675639,3300,0.00757575757575757,3275,3350,3794,-1.13698630136986,0.318994217488462
"2016-02-22",2016-02-22,0.0242424242424242,895000,-0.090174966352624,3380,0.0236686390532544,3300,3380,3794,3.12426035502959,0.509989488404144
"2016-02-23",2016-02-23,-0.00443786982248521,775600,-0.0942126514131892,3365,0.0193164933135216,3300,3380,3796,-1.04477611940298,0.467402797660165
"2016-02-24",2016-02-24,-0.011887072808321,937200,-0.104979811574697,3325,0.00751879699248126,3300,3380,0,-1.11428571428571,0.352863829285454
"2016-02-25",2016-02-25,0.00601503759398496,1040600,-0.0995962314939428,3345,0.0134529147982063,3300,3380,0,1.78923766816143,0.410312341811849
"2016-02-26",2016-02-26,0.0119581464872945,1118200,-0.0888290713324354,3385,0.017725258493353,3325,3385,3796,1.31757754800591,0.486652701341322
"2016-02-29",2016-02-29,-0.0206794682422452,1013400,-0.107671601615073,3315,0,0,3385,3800,-1.21212121212121,0.301034999523195
"2016-03-01",2016-03-01,0.00754147812971342,1403000,-0.100942126514131,3340,0.00748502994011979,3315,3340,3800,-0.9375,0.373187673953878
"2016-03-02",2016-03-02,0.0419161676646707,1261200,-0.0632570659488555,3480,0.0474137931034483,0,3480,0,6.33448275862066,0.767154606930681
"2016-03-03",2016-03-03,-0.0028735632183908,842000,-0.0659488559892324,3470,0.0446685878962536,3315,3480,3803,-1.04255319148936,0.739556477636276
"2016-03-04",2016-03-04,0.00288184438040346,1080000,-0.0632570659488555,3480,0.00287356321839083,3470,3480,3803,-0.959183673469387,0.541068879943998
"2016-03-07",2016-03-07,-0.0100574712643678,1163800,-0.0726783310901745,3445,0,0,3480,3805,-1.14893617021277,0.47866046366382
"2016-03-08",2016-03-08,-0.011611030478955,1286600,-0.0834454912516819,3405,0,3405,3445,3806,-1.14814814814815,0.424006474697474
"2016-03-09",2016-03-09,0.00293685756240822,1100000,-0.080753701211305,3415,0.00292825768667637,3405,3415,3806,-0.96774193548387,0.452533776405383
"2016-03-10",2016-03-10,0.0219619326500732,1459000,-0.0605652759084784,3490,0.0243553008595988,0,3490,0,8.31733524355315,0.663773445991992
"2016-03-11",2016-03-11,-0.0128939828080229,1283000,-0.0726783310901743,3445,0.011611030478955,3405,3490,3809,-1.2,0.537597929269039
"2016-03-14",2016-03-14,0.00290275761973875,783200,-0.0699865410497974,3455,0.0144717800289436,3405,3490,0,1.24638205499277,0.565782560402505
"2016-03-15",2016-03-15,0.00144717800289436,1092200,-0.0686406460296091,3460,0.0158959537572254,3405,3490,0,1.09841040462428,0.57984339952294
"2016-03-16",2016-03-16,0,986600,-0.0686406460296091,3460,0.0158959537572254,3405,3490,0,-1,0.57984339952294
"2016-03-17",2016-03-17,-0.0115606936416185,953600,-0.0794078061911164,3420,0.00438596491228072,3405,3490,0,-1.15686274509804,0.466764831196913
"2016-03-18",2016-03-18,0.00730994152046784,814600,-0.0726783310901743,3445,0.011611030478955,3405,3490,0,2.64731494920172,0.537597929269039
"2016-03-22",2016-03-22,0.0261248185776488,974000,-0.0484522207267827,3535,0.0325318246110325,3420,3535,3809,2.80180339462519,0.766763130041405
"2016-03-23",2016-03-23,-0.0099009900990099,639600,-0.0578734858681015,3500,0.0228571428571429,3420,3535,3816,-1.19444444444444,0.669832309355392
"2016-03-24",2016-03-24,-0.00571428571428571,990800,-0.0632570659488553,3480,0.0172413793103449,3420,3535,0,-1.09302325581396,0.613999759617123
"2016-03-25",2016-03-25,0.0172413793103448,724800,-0.0471063257065941,3540,0.0169491525423728,3480,3540,3816,-0.744680851063826,0.694497403141087
"2016-03-28",2016-03-28,0.00564971751412429,903200,-0.0417227456258403,3560,0.0224719101123596,0,3560,0,1.32584269662922,0.749857855543178
"2016-03-29",2016-03-29,-0.00280898876404494,960400,-0.0444145356662172,3550,0.0197183098591549,3480,3560,3820,-1.06451612903226,0.72221711308568
"2016-03-30",2016-03-30,-0.0126760563380282,1246000,-0.0565275908479131,3505,0.00713266761768905,3480,3560,0,-1.27272727272728,0.596846791088015
"2016-03-31",2016-03-31,-0.00427960057061341,765200,-0.0605652759084784,3490,0.00286532951289398,3480,3560,0,-1.07142857142857,0.5546905829852
"2016-04-01",2016-04-01,-0.0315186246418338,1085800,-0.0901749663526238,3380,0,3380,3550,3823,-1.4888888888889,0.389847731593508
"2016-04-04",2016-04-04,0.0029585798816568,631200,-0.0874831763122469,3390,0.00294985250737467,3380,3390,3823,-0.970149253731343,0.418484648378604
"2016-04-05",2016-04-05,-0.0353982300884956,970600,-0.119784656796769,3270,0,0,3390,3825,-1.36923076923077,0.239549261936056
"2016-04-06",2016-04-06,0.0107033639143731,674000,-0.11036339165545,3305,0.010590015128593,3270,3305,3825,-0.921348314606743,0.341126304969574
"2016-04-07",2016-04-07,-0.00605143721633888,725000,-0.115746971736204,3285,0.00456621004566216,3270,3305,3827,-1.04878048780488,0.283222540790442
"2016-04-08",2016-04-08,0.0121765601217656,1060200,-0.104979811574697,3325,0.0120300751879699,3285,3325,3827,2.63458646616539,0.375763028797857
"2016-04-11",2016-04-11,-0.0075187969924812,706400,-0.111709286675639,3300,0.00454545454545452,3285,3325,3829,-1.06410256410256,0.303612431957403
"2016-04-12",2016-04-12,0.00909090909090909,595000,-0.103633916554508,3330,0.00900900900900903,3300,3330,3829,1.981981981982,0.367259878045479
"2016-04-13",2016-04-13,0.024024024024024,746600,-0.0820995962314935,3410,0.032258064516129,0,3410,0,3.58064516129031,0.594579811229538
"2016-04-14",2016-04-14,0.0190615835777126,845600,-0.0646029609690441,3475,0.0503597122302158,0,3475,0,1.56115107913669,0.775276312055816
"2016-04-15",2016-04-15,-0.00143884892086331,648800,-0.0659488559892325,3470,0.0489913544668588,3300,3475,3833,-1.02083333333333,0.761498794171935
"2016-04-18",2016-04-18,-0.00864553314121038,1006200,-0.0740242261103631,3440,0.0406976744186046,3300,3475,0,-1.12244897959184,0.678409671884571
"2016-04-19",2016-04-19,0.0174418604651163,700400,-0.0578734858681019,3500,0.0171428571428571,3440,3500,3833,-0.78181818181818,0.640826656639678
"2016-04-20",2016-04-20,0.00714285714285714,862200,-0.0511440107671598,3525,0.024113475177305,0,3525,0,1.40661938534279,0.710368181779831
"2016-04-21",2016-04-21,0.0113475177304965,890400,-0.0403768506056524,3565,0.0350631136044881,0,3565,0,1.45408794653906,0.820602417422936
"2016-04-22",2016-04-22,0.00140252454417952,1009200,-0.039030955585464,3570,0.0364145658263305,0,3570,0,1.03854341736695,0.83429412296024
"2016-04-25",2016-04-25,-0.00840336134453781,1079800,-0.0471063257065946,3540,0.0282485875706214,3440,3570,3839,-1.20689655172414,0.75185321359588
"2016-04-26",2016-04-26,0.00706214689265537,931400,-0.0403768506056524,3565,0.0350631136044881,3440,3570,0,1.24123422159888,0.820602417422936
"2016-04-27",2016-04-27,-0.0238429172510519,1153400,-0.0632570659488556,3480,0.0114942528735632,3440,3570,0,-1.56666666666667,0.584827407747871
"2016-04-28",2016-04-28,-0.00574712643678161,2152200,-0.0686406460296094,3460,0.0057803468208093,3440,3570,0,-1.08510638297873,0.528496687706831
"2016-05-02",2016-05-02,-0.0346820809248555,1191200,-0.100942126514132,3340,0,3340,3565,3843,-1.47058823529412,0.335193742627159
"2016-05-06",2016-05-06,0.00898203592814371,818800,-0.0928667563930012,3370,0.00890207715133529,3340,3370,3843,-0.920000000000001,0.421371082054436
"2016-05-09",2016-05-09,-0.0029673590504451,676800,-0.0955585464333779,3360,0.00595238095238093,3340,3370,3845,-1.02898550724637,0.392734958689198
"2016-05-10",2016-05-10,0.03125,816600,-0.0672947510094211,3465,0.0303030303030303,3360,3465,3845,5.0909090909091,0.65980531345758
"2016-05-11",2016-05-11,0.0202020202020202,1126800,-0.0484522207267832,3535,0.0495049504950495,0,3535,0,1.63366336633664,0.852918534147474
"2016-05-12",2016-05-12,0.00141442715700141,746400,-0.0471063257065949,3540,0.0508474576271186,0,3540,0,1.0271186440678,0.86656483450547
"2016-05-13",2016-05-13,-0.00847457627118644,982000,-0.0551816958277254,3510,0.0427350427350427,3360,3540,3849,-1.17142857142857,0.78439581219778
"2016-05-16",2016-05-16,0.00997150997150997,786200,-0.0457604306864066,3545,0.00987306064880111,3510,3545,3849,-0.82926829268293,0.665410985553231
"2016-05-17",2016-05-17,0.00141043723554302,891600,-0.044414535666218,3550,0.0112676056338028,0,3550,0,1.14124748490946,0.679321429492019
"2016-05-18",2016-05-18,-0.00704225352112676,892200,-0.0511440107671601,3525,0.00425531914893618,3510,3550,3852,-1.15151515151515,0.609568395746508
"2016-05-19",2016-05-19,0.00141843971631206,775800,-0.0497981157469718,3530,0.00566572237960339,3510,3550,0,1.33144475920679,0.623559335969424
"2016-05-20",2016-05-20,0.0084985835694051,804000,-0.0417227456258413,3560,0.0098314606741573,3525,3560,3852,1.73525280898877,0.685695070392548
"2016-05-23",2016-05-23,0.00140449438202247,718000,-0.040376850605653,3565,0.0112201963534362,0,3565,0,1.1412542576638,0.69957602635808
"2016-05-24",2016-05-24,0,842000,-0.040376850605653,3565,0.0112201963534362,0,3565,0,-1,0.69957602635808
"2016-05-25",2016-05-25,0.00561009817671809,832000,-0.0349932705248992,3585,0.0167364016736402,0,3585,0,1.49163179916318,0.754903219610873
"2016-05-26",2016-05-26,-0.00697350069735007,2851800,-0.0417227456258413,3560,0.0098314606741573,3525,3585,3858,-1.19230769230769,0.685695070392548
"2016-05-27",2016-05-27,0.0098314606741573,757800,-0.0323014804845221,3595,0.00973574408901257,3560,3595,3858,-0.774193548387091,0.73303145438323
"2016-05-30",2016-05-30,0,911800,-0.0323014804845221,3595,0.00973574408901257,0,3595,0,-1,0.73303145438323
"2016-05-31",2016-05-31,-0.00139082058414465,1856800,-0.0336473755047106,3590,0.00835654596100277,3560,3595,3861,-1.04166666666667,0.719198910925174
"2016-06-01",2016-06-01,-0.00835654596100279,935200,-0.0417227456258411,3560,0,3560,3590,3862,-1.24,0.635790681942063
"2016-06-02",2016-06-02,-0.0294943820224719,1239400,-0.069986541049798,3455,0,3455,3560,3863,-1.67741935483871,0.492323960905405
"2016-06-03",2016-06-03,0.00723589001447178,538200,-0.0632570659488558,3480,0.00718390804597702,3455,3480,3863,-0.903846153846154,0.562948143845933
"2016-06-06",2016-06-06,-0.00862068965517241,585400,-0.0713324360699863,3450,0,0,3480,3865,-1.12765957446808,0.485492212284612
"2016-06-07",2016-06-07,0,423200,-0.0713324360699863,3450,0,3450,3450,3865,-1,0.485492212284612
"2016-06-08",2016-06-08,-0.0072463768115942,1051400,-0.0780619111709286,3425,0,0,3450,3867,-1.09433962264151,0.451333469180644
"2016-06-09",2016-06-09,0.0072992700729927,1106600,-0.0713324360699863,3450,0.00724637681159424,3425,3450,3867,-0.913793103448273,0.522274742902361
"2016-06-10",2016-06-10,-0.00144927536231884,1034600,-0.0726783310901749,3445,0.00580551523947748,3425,3450,3869,-1.0188679245283,0.508129196466427
"2016-06-13",2016-06-13,-0.0304789550072569,785600,-0.100942126514132,3340,0,3340,3445,3870,-1.38888888888889,0.335193742627159
"2016-06-14",2016-06-14,-0.00748502994011976,836000,-0.107671601615074,3315,0,3315,3340,3871,-1.06666666666667,0.301034999523193
"2016-06-15",2016-06-15,0.00452488687782805,768000,-0.103633916554509,3330,0.00450450450450446,3315,3330,3871,-0.9625,0.344395061715525
"2016-06-16",2016-06-16,-0.024024024024024,777800,-0.125168236877524,3250,0,0,3330,3873,-1.20779220779221,0.212222267452879
"2016-06-17",2016-06-17,0.0184615384615385,1672200,-0.109017496635262,3310,0.0181268882175226,3250,3310,3873,-0.870967741935483,0.386215140181844
"2016-06-20",2016-06-20,0.0302114803625378,770000,-0.0820995962314939,3410,0.0469208211143695,0,3410,0,2.58846529814272,0.669007805734659
"2016-06-21",2016-06-21,0.00293255131964809,694400,-0.079407806191117,3420,0.0497076023391813,0,3420,0,1.0593932748538,0.696816974446518
"2016-06-22",2016-06-22,-0.0116959064327485,802600,-0.0901749663526243,3380,0.0384615384615384,3250,3420,3877,-1.13559322033898,0.58507808641079
"2016-06-23",2016-06-23,0.0177514792899408,773600,-0.0740242261103632,3440,0.0174418604651163,3380,3440,3877,-0.820895522388059,0.560363410832259
"2016-06-24",2016-06-24,-0.0813953488372093,1210600,-0.149394347240915,3160,0,0,3440,3879,-2.01818181818182,0.0892507922786009
"2016-06-27",2016-06-27,0.0395569620253165,1421400,-0.115746971736205,3285,0.0380517503805176,3160,3285,3879,-0.774774774774775,0.45319478273182
"2016-06-28",2016-06-28,0.0030441400304414,1380200,-0.113055181695827,3295,0.0409711684370258,0,3295,0,1.07672230652504,0.481677214572242
"2016-06-29",2016-06-29,0.00758725341426404,810000,-0.106325706594885,3320,0.0481927710843374,0,3320,0,1.17626059794735,0.552492734902995
"2016-06-30",2016-06-30,0.0180722891566265,1370000,-0.0901749663526243,3380,0.0650887573964497,0,3380,0,1.35059171597633,0.720237562822757
"2016-07-01",2016-07-01,0.0029585798816568,696800,-0.0874831763122474,3390,0.0678466076696165,0,3390,0,1.04237060874229,0.74789987833579
"2016-07-04",2016-07-04,-0.00147492625368732,424400,-0.0888290713324358,3385,0.0664697193500738,3160,3390,3885,-1.01538461538461,0.734079059440627
"2016-07-05",2016-07-05,-0.00295420974889217,621200,-0.0915208613728127,3375,0.0637037037037037,3160,3390,0,-1.03030303030303,0.706375296581194
"2016-07-06",2016-07-06,-0.0222222222222222,1006200,-0.111709286675639,3300,0.0424242424242425,3160,3390,0,-1.22058823529412,0.495884751095637
"2016-07-07",2016-07-07,-0.0272727272727273,1009800,-0.135935397039031,3210,0.0155763239875389,3160,3390,0,-1.21686746987952,0.236633531216276
"2016-07-08",2016-07-08,-0.0249221183800623,1226600,-0.157469717362046,3130,0,3130,3385,3889,-1.15841584158416,0.0482603005538416
"2016-07-11",2016-07-11,0,0,-0.157469717362046,3130,0,3130,3130,3889,-1,0.0482603005538416
"2016-07-12",2016-07-12,0.0271565495207668,1530200,-0.134589502018842,3215,0.026438569206843,0,3215,0,-0.854700854700855,0.298601919532273
"2016-07-13",2016-07-13,0.0279937791601866,1531600,-0.110363391655451,3305,0.0529500756429652,0,3305,0,2.00275874343686,0.556145515721439
"2016-07-14",2016-07-14,0.00907715582450832,761200,-0.10228802153432,3335,0.0614692653673163,0,3335,0,1.16089098307989,0.640379322694861
"2016-07-15",2016-07-15,0.0134932533733133,1583000,-0.0901749663526241,3380,0.0739644970414202,0,3380,0,1.2032760860153,0.765290721626747
"2016-07-19",2016-07-19,-0.0029585798816568,1272000,-0.092866756393001,3370,0.0712166172106825,3130,3380,3895,-1.02985074626866,0.737679015972056
"2016-07-20",2016-07-20,-0.00593471810089021,858000,-0.0982503364737547,3350,0.0656716417910448,3130,3380,0,-1.05797101449275,0.682205786004529
"2016-07-21",2016-07-21,-0.00149253731343284,852400,-0.0995962314939431,3345,0.0642750373692078,3130,3380,0,-1.01369863013699,0.668284888386555
"2016-07-22",2016-07-22,-0.0104633781763827,566400,-0.109017496635262,3310,0.054380664652568,3130,3380,0,-1.09459459459459,0.570238918740737
"2016-07-25",2016-07-25,0.00906344410876133,785000,-0.100942126514132,3340,0.062874251497006,3130,3380,0,1.1561876247505,0.654342765771584
"2016-07-26",2016-07-26,0.00149700598802395,968800,-0.099596231493943,3345,0.0642750373692078,3130,3380,0,1.02227916577692,0.668284888386556
"2016-07-27",2016-07-27,0.00597907324364723,1054600,-0.0942126514131892,3365,0.0698365527488856,3130,3380,0,1.08652683230243,0.723842075013033
"2016-07-28",2016-07-28,-0.0133729569093611,740000,-0.106325706594885,3320,0.0572289156626506,3130,3380,0,-1.12857142857143,0.598360107420309
"2016-07-29",2016-07-29,0.0918674698795181,2870000,-0.0242261103633911,3625,0.0868965517241379,3310,3625,3895,1.51840290381125,1.16568937427543
"2016-08-01",2016-08-01,-0.0124137931034483,1201800,-0.036339165545087,3580,0.0754189944134078,3310,3625,3904,-1.50000000000002,1.04594367944684
"2016-08-02",2016-08-02,-0.00698324022346369,660400,-0.0430686406460289,3555,0.0689170182841069,3310,3625,0,-1.18518518518518,0.978780975567717
"2016-08-03",2016-08-03,-0.0126582278481013,1289200,-0.0551816958277248,3510,0.0569800569800569,3310,3625,0,-1.28125000000001,0.856703351019
"2016-08-04",2016-08-04,0.0056980056980057,773600,-0.0497981157469712,3530,0.0623229461756374,3310,3625,0,1.09376770538244,0.91115079349064
"2016-08-05",2016-08-05,0,702200,-0.0497981157469712,3530,0.0623229461756374,3310,3625,0,-1,0.91115079349064
"2016-08-08",2016-08-08,0.0240793201133144,715800,-0.026917900403768,3615,0.0843706777316736,3310,3625,0,1.35376587451276,1.13920456786376
"2016-08-09",2016-08-09,0.00829875518672199,720800,-0.0188425302826373,3645,0.0370370370370371,3510,3645,3904,-0.699999999999989,0.939930009430716
"2016-08-10",2016-08-10,-0.00137174211248285,628200,-0.0201884253028258,3640,0.0357142857142857,3510,3645,3911,-1.07142857142858,0.926383989347952
"2016-08-12",2016-08-12,0.00412087912087912,567200,-0.0161507402422604,3655,0.00410396716826267,3640,3655,3911,-0.799999999999986,0.786425598864018
"2016-08-15",2016-08-15,-0.00410396716826265,451400,-0.0201884253028258,3640,0,0,3655,3913,-1.25000000000002,0.745098659874758
"2016-08-16",2016-08-16,-0.0178571428571429,929600,-0.0376850605652753,3575,0,3575,3640,3914,-1.86666666666669,0.656285927804446
"2016-08-17",2016-08-17,0.00839160839160839,648600,-0.0296096904441446,3605,0.00832177531206657,3575,3605,3914,-0.785714285714279,0.739517661348203
"2016-08-18",2016-08-18,-0.00693481276005548,725400,-0.0363391655450868,3580,0.00139664804469275,3575,3605,3916,-1.22727272727273,0.670207046851566
"2016-08-19",2016-08-19,0.0125698324022346,664800,-0.0242261103633908,3625,0.0124137931034483,3580,3625,3916,8.88827586206887,0.787615694049959
"2016-08-22",2016-08-22,0.023448275862069,822600,-0.00134589502018778,3710,0.0350404312668463,0,3710,0,2.82270140760707,1.01860799212447
"2016-08-23",2016-08-23,-0.00134770889487871,766000,-0.00269179004037612,3705,0.0337381916329285,3580,3710,3919,-2.00000000000041,1.00516608915322
"2016-08-24",2016-08-24,-0.00269905533063428,631000,-0.00538358008075301,3695,0.0311231393775372,3580,3710,0,-2.00000000000029,0.9782286148398
"2016-08-25",2016-08-25,0.0230040595399188,875000,0,3780,0.0224867724867724,3695,3780,3919,0,0.961717504040147
"2016-08-26",2016-08-26,-0.0211640211640212,872600,-0.0211640211640213,3700,0.00135135135135134,3695,3780,3922,0,0.747005990694118
"2016-08-29",2016-08-29,-0.00540540540540541,1309600,-0.0264550264550264,3680,0,3680,3700,3923,-1.24999999999999,0.713289459947253
"2016-08-30",2016-08-30,-0.00543478260869565,676400,-0.0317460317460319,3660,0,3660,3680,3924,-1.20000000000001,0.686432374099371
"2016-08-31",2016-08-31,0.0150273224043716,875200,-0.0171957671957671,3715,0.0148048452220727,3660,3715,3924,-0.541666666666662,0.83543859500977
"2016-09-01",2016-09-01,-0.044414535666218,1573200,-0.0608465608465609,3550,0,0,3715,3926,-3.53846153846156,0.538718401936029
"2016-09-02",2016-09-02,-0.00140845070422535,1089600,-0.0621693121693122,3545,0,3545,3550,3927,-1.02173913043478,0.532004130474059
"2016-09-05",2016-09-05,0.0169252468265162,638200,-0.0462962962962963,3605,0.0166435506241331,3545,3605,3927,-0.744680851063829,0.697057871655694
"2016-09-06",2016-09-06,0.0013869625520111,475600,-0.044973544973545,3610,0.018005540166205,0,3610,0,1.08183287165282,0.710685587358123
"2016-09-07",2016-09-07,0.0152354570637119,1091600,-0.0304232804232806,3665,0.0327421555252387,0,3665,0,1.81844894532479,0.859345474218894
"2016-09-08",2016-09-08,0.00409276944065484,809000,-0.0264550264550264,3680,0.0366847826086957,0,3680,0,1.12041440217391,0.899501021199609
"2016-09-09",2016-09-09,-0.0135869565217391,736400,-0.0396825396825397,3630,0.0234159779614325,3545,3680,3932,-1.5,0.76500599715846
"2016-09-12",2016-09-12,-0.0220385674931129,1018800,-0.0608465608465607,3550,0.00140845070422535,3545,3680,0,-1.53333333333333,0.545867682534973
"2016-09-13",2016-09-13,0.00985915492957747,845000,-0.0515873015873016,3585,0.0111576011157601,3545,3680,0,7.92189679218971,0.642354165213049
"2016-09-14",2016-09-14,-0.00697350069735007,503200,-0.058201058201058,3560,0.0042134831460674,3545,3680,0,-1.12820512820512,0.573534539910178
"2016-09-15",2016-09-15,-0.0112359550561798,763600,-0.0687830687830688,3520,0,3520,3630,3936,-1.18181818181819,0.498432773164208
"2016-09-16",2016-09-16,0.00426136363636364,603600,-0.0648148148148149,3535,0.00424328147100428,3520,3535,3936,-0.942307692307693,0.540114438576637
"2016-09-20",2016-09-20,0.00707213578500707,862800,-0.0582010582010585,3560,0.0112359550561798,0,3560,0,2.64794007490635,0.609180531660523
"2016-09-21",2016-09-21,0.0294943820224719,985000,-0.0304232804232806,3665,0.0395634379263301,0,3665,0,3.52114597544337,0.893970230189217
"2016-09-23",2016-09-23,-0.0109140518417462,694600,-0.041005291005291,3625,0.0289655172413793,3520,3665,3940,-1.34782608695652,0.786461127286598
"2016-09-26",2016-09-26,0,353600,-0.041005291005291,3625,0.0289655172413793,3520,3665,0,-1,0.786461127286598
"2016-09-27",2016-09-27,0.00689655172413793,878800,-0.0343915343915345,3650,0.0356164383561643,3520,3665,0,1.22961513372472,0.853792488513081
"2016-09-28",2016-09-28,-0.00547945205479452,677800,-0.0396825396825397,3630,0.0303030303030303,3520,3665,0,-1.15384615384615,0.799964600638139
"2016-09-29",2016-09-29,0,545600,-0.0396825396825397,3630,0.0303030303030303,3520,3665,0,-1,0.799964600638139
"2016-09-30",2016-09-30,-0.0137741046831956,823600,-0.0529100529100529,3580,0.0167597765363129,3520,3665,0,-1.33333333333333,0.664076475823762
"2016-10-03",2016-10-03,0.00418994413407821,743800,-0.048941798941799,3595,0.0208623087621697,3520,3665,0,1.24478442280945,0.70504369958436
"2016-10-04",2016-10-04,0.0125173852573018,613800,-0.0370370370370372,3640,0.032967032967033,3520,3665,0,1.58021978021978,0.826915592380592
"2016-10-05",2016-10-05,-0.00549450549450549,552200,-0.0423280423280423,3620,0.0276243093922652,3520,3665,0,-1.14285714285714,0.772938899233705
"2016-10-06",2016-10-06,-0.00276243093922652,579400,-0.044973544973545,3610,0.0249307479224377,3520,3665,0,-1.0625,0.745837867311373
"2016-10-07",2016-10-07,0.00277008310249307,529200,-0.0423280423280423,3620,0.0276243093922652,3520,3665,0,1.10804174340086,0.772938899233705
"2016-10-11",2016-10-11,0.00828729281767956,735000,-0.0343915343915345,3650,0.0356164383561643,3520,3665,0,1.28931506849315,0.853792488513081
"2016-10-12",2016-10-12,-0.0136986301369863,1014200,-0.0476190476190477,3600,0.0222222222222223,3520,3665,0,-1.38461538461538,0.718660877116828
"2016-10-13",2016-10-13,0.0138888888888889,850800,-0.0343915343915345,3650,0.0356164383561643,3520,3665,0,1.60273972602739,0.853792488513081
"2016-10-14",2016-10-14,0.00684931506849315,579800,-0.0277777777777779,3675,0.0258503401360545,3580,3675,3940,-0.807692307692308,0.837791236484927
"2016-10-17",2016-10-17,-0.0054421768707483,651800,-0.0330687830687832,3655,0.0205198358413132,3580,3675,3955,-1.19047619047619,0.783876568271794
"2016-10-18",2016-10-18,0.0177838577291382,741200,-0.0158730158730159,3720,0.0174731182795699,3655,3720,3955,-0.479999999999999,0.855696991761618
"2016-10-19",2016-10-19,0.00537634408602151,884000,-0.0105820105820107,3740,0.0227272727272727,0,3740,0,1.3006993006993,0.909224108973834
"2016-10-20",2016-10-20,-0.00802139037433155,793200,-0.0185185185185186,3710,0.0148247978436657,3655,3740,3958,-1.74999999999999,0.828825602840021
"2016-10-21",2016-10-21,0.00539083557951483,565200,-0.0132275132275133,3730,0.0201072386058981,3655,3740,0,1.35632464050695,0.882496301080011
"2016-10-24",2016-10-24,0.00402144772117962,464600,-0.00925925925925952,3745,0.00934579439252337,3710,3745,3958,-0.700000000000018,0.848014140590708
"2016-10-25",2016-10-25,0.0146862483311081,655600,0,3800,0.0236842105263158,0,3800,0,2.53421052631579,0.967795686626772
"2016-10-26",2016-10-26,-0.0131578947368421,758400,-0.0131578947368423,3750,0.0106666666666667,3710,3800,3962,0,0.834929442344805
"2016-10-27",2016-10-27,-0.012,1038800,-0.025,3705,0,3705,3750,3963,-1.89999999999998,0.720675158555419
"2016-10-28",2016-10-28,-0.0229419703103914,1778600,-0.0473684210526317,3620,0,3620,3705,3964,-1.89473684210527,0.607133294306419
"2016-10-31",2016-10-31,0.00414364640883978,1030800,-0.043421052631579,3635,0.00412654745529573,3620,3635,3964,-0.916666666666666,0.648116404300334
"2016-11-01",2016-11-01,-0.00412654745529574,873000,-0.0473684210526317,3620,0,0,3635,3966,-1.09090909090909,0.607133294306419
"2016-11-02",2016-11-02,-0.00414364640883978,731200,-0.0513157894736843,3605,0,3605,3620,3967,-1.08333333333333,0.587096494733066
"2016-11-04",2016-11-04,0.0013869625520111,1130200,-0.0500000000000002,3610,0.00138504155124652,3605,3610,3967,-0.974358974358975,0.600805883914834
"2016-11-07",2016-11-07,0.0166204986149584,1063600,-0.0342105263157896,3670,0.0177111716621253,0,3670,0,12.7874659400546,0.763824342741086
"2016-11-08",2016-11-08,-0.00408719346049046,561200,-0.0381578947368422,3655,0.0136798905608755,3605,3670,3970,-1.11538461538461,0.723324803733838
"2016-11-09",2016-11-09,-0.0164158686730506,1788000,-0.0539473684210527,3595,0,3595,3655,3971,-1.41379310344828,0.573738628350831
"2016-11-10",2016-11-10,0.0486787204450626,1470800,-0.0078947368421054,3770,0.0464190981432361,3595,3770,3971,-0.146341463414636,1.04312413206081
"2016-11-11",2016-11-11,-0.00397877984084881,986000,-0.0118421052631581,3755,0.0426098535286284,3595,3770,3973,-1.5,1.00375164786737
"2016-11-14",2016-11-14,0.0199733688415446,894200,0,3830,0.0195822454308094,3755,3830,3973,0,0.946974155999633
"2016-11-15",2016-11-15,0,798600,0,3830,0.0195822454308094,0,3830,0,0,0.946974155999633
"2016-11-16",2016-11-16,0.00261096605744125,973800,0,3840,0.0221354166666666,0,3840,0,1.13038194444444,0.959934025683061
"2016-11-17",2016-11-17,-0.00260416666666667,580000,-0.00260416666666674,3830,0.0195822454308094,3755,3840,3977,0,0.933755434058879
"2016-11-18",2016-11-18,-0.0117493472584856,902800,-0.0143229166666666,3785,0.00792602377807139,3755,3840,0,-5.49999999999983,0.815104329809071
"2016-11-21",2016-11-21,0.0105680317040951,680600,-0.00390625000000011,3825,0.0183006535947713,3755,3840,0,2.30893246187363,0.920640726737605
"2016-11-22",2016-11-22,0,695400,-0.00390625000000011,3825,0.0183006535947713,3755,3840,0,-1,0.920640726737605
"2016-11-24",2016-11-24,0.00261437908496732,430000,-0.00130208333333348,3835,0.0208604954367666,3755,3840,0,1.13987707208046,0.946853178286669
"2016-11-25",2016-11-25,-0.0130378096479791,1351200,-0.0143229166666667,3785,0.00792602377807139,3755,3840,0,-10.9999999999988,0.81510432980907
"2016-11-28",2016-11-28,0.011889035667107,678600,-0.00260416666666674,3830,0.0195822454308094,3755,3840,0,2.47062663185377,0.933755434058879
"2016-11-29",2016-11-29,0.00783289817232376,562800,0,3860,0.0194300518134715,3785,3860,3977,0,0.946201622837874
"2016-11-30",2016-11-30,0.0038860103626943,1145000,0,3875,0.0232258064516129,0,3875,0,1.19535483870968,0.96546883248277
"2016-12-01",2016-12-01,0.0116129032258065,1155200,0,3920,0.0344387755102041,0,3920,0,1.4827806122449,1.02238574260723
"2016-12-02",2016-12-02,-0.0191326530612245,703800,-0.0191326530612244,3845,0.0156046814044213,3785,3920,3987,0,0.829666943069737
"2016-12-05",2016-12-05,0.0104031209362809,737000,-0.00892857142857129,3885,0.0257400257400258,3785,3920,0,1.64950664950666,0.93290965013237
"2016-12-06",2016-12-06,-0.00772200772200772,910800,-0.016581632653061,3855,0.0181582360570688,3785,3920,0,-1.85714285714286,0.85557771107789
"2016-12-07",2016-12-07,-0.0142671854734112,992400,-0.0306122448979589,3800,0.00394736842105259,3785,3920,0,-1.84615384615385,0.712224263497272
"2016-12-08",2016-12-08,0.00394736842105263,1206800,-0.0267857142857141,3815,0.00786369593709046,3785,3920,0,1.99213630406294,0.75152692792907
"2016-12-09",2016-12-09,-0.00917431192660551,1782600,-0.0357142857142854,3780,0,3780,3885,3992,-1.33333333333333,0.666289559713463
"2016-12-12",2016-12-12,-0.0119047619047619,1576800,-0.0471938775510201,3735,0,3735,3780,3993,-1.32142857142858,0.608019275239937
"2016-12-13",2016-12-13,0.0227576974564926,1397400,-0.0255102040816323,3820,0.0222513089005235,3735,3820,3993,-0.540540540540536,0.831032772361129
"2016-12-14",2016-12-14,0,623200,-0.0255102040816323,3820,0.0222513089005235,0,3820,0,-1,0.831032772361129
"2016-12-15",2016-12-15,0.00392670157068063,932000,-0.0216836734693874,3835,0.0260756192959583,0,3835,0,1.17186900835954,0.869868358880208
"2016-12-16",2016-12-16,0.00260756192959583,869000,-0.0191326530612241,3845,0.0286085825747724,0,3845,0,1.09713914174252,0.895674605296649
"2016-12-19",2016-12-19,0.00650195058517555,517400,-0.012755102040816,3870,0.0348837209302325,0,3870,0,1.21934460887949,0.959899520238984
"2016-12-20",2016-12-20,0.00387596899224806,533800,-0.00892857142857106,3885,0.0386100386100386,0,3885,0,1.10682110682111,0.998237696789378
"2016-12-21",2016-12-21,0.0154440154440154,1239600,0,3945,0.0532319391634981,0,3945,0,1.3787072243346,1.1177796388197
"2016-12-22",2016-12-22,0.00380228136882129,451600,0,3960,0.0568181818181818,0,3960,0,1.06737012987013,1.13598336789401
"2016-12-26",2016-12-26,-0.00252525252525253,370200,-0.00252525252525237,3950,0.0544303797468354,3735,3960,4002,0,1.11104475569861
"2016-12-27",2016-12-27,-0.00126582278481013,409000,-0.00378787878787878,3945,0.0532319391634981,3735,3960,0,-1.50000000000009,1.09855240690588
"2016-12-28",2016-12-28,0.00633713561470215,519600,0,3970,0.00629722921914355,3945,3970,4002,0,0.879539556851953
"2016-12-29",2016-12-29,-0.017632241813602,736800,-0.0176322418136019,3900,0,0,3970,4005,0,0.758073819723819
"2016-12-30",2016-12-30,0.00384615384615385,450000,-0.0138539042821157,3915,0.00383141762452111,3900,3915,4005,-0.785714285714284,0.796700854902498
"2017-01-04",2017-01-04,0.0140485312899106,1066600,0,3970,0.017632241813602,0,3970,0,4.60201511335009,0.937075958649491
"2017-01-05",2017-01-05,-0.00503778337531486,971600,-0.00503778337531491,3950,0.0126582278481012,3900,3970,4008,0,0.88625618322213
"2017-01-06",2017-01-06,0.00759493670886076,766200,0,3980,0.00753768844221103,3950,3980,4008,0,0.885836114502605
"2017-01-10",2017-01-10,-0.00753768844221105,732000,-0.00753768844221103,3950,0,0,3980,4010,0,0.809313663870705
"2017-01-11",2017-01-11,-0.00253164556962025,581200,-0.0100502512562813,3940,0,3940,3950,4011,-1.33333333333333,0.796559922098721
"2017-01-12",2017-01-12,-0.00126903553299492,756000,-0.0113065326633166,3935,0,3935,3940,4012,-1.12500000000001,0.790183051212729
"2017-01-13",2017-01-13,0.00889453621346887,554200,-0.00251256281407042,3970,0.00881612090680106,3935,3970,4012,-0.222222222222228,0.879571682146089
"2017-01-16",2017-01-16,-0.00629722921914358,669600,-0.0087939698492463,3945,0.00253485424588085,3935,3970,4014,-3.49999999999993,0.815803685824381
"2017-01-17",2017-01-17,-0.0152091254752852,521600,-0.0238693467336684,3885,0,3885,3945,4015,-2.7142857142857,0.726414342352812
"2017-01-18",2017-01-18,0.00900900900900901,832000,-0.0150753768844222,3920,0.0089285714285714,3885,3920,4015,-0.631578947368423,0.816373770923052
"2017-01-19",2017-01-19,0.00127551020408163,556400,-0.013819095477387,3925,0.0101910828025478,0,3925,0,1.14140127388535,0.829159135940102
"2017-01-20",2017-01-20,0.0101910828025478,585600,-0.00376884422110568,3965,0.0201765447667087,0,3965,0,1.97982345523329,0.930860200367255
"2017-01-23",2017-01-23,-0.0151324085750315,545600,-0.0188442211055279,3905,0.00512163892445583,3885,3965,4019,-4.99999999999985,0.777919209892934
"2017-01-24",2017-01-24,-0.0115236875800256,860200,-0.0301507537688445,3860,0,3860,3905,4020,-1.59999999999999,0.694529987922852
"2017-01-25",2017-01-25,0.0181347150259067,759400,-0.012562814070352,3930,0.0178117048346056,3860,3930,4020,-0.416666666666671,0.874218202150517
"2017-01-26",2017-01-26,0.0101781170483461,682000,-0.00251256281407042,3970,0.0277078085642317,0,3970,0,1.5555955379633,0.975465685141985
"2017-01-27",2017-01-27,-0.00755667506297229,739600,-0.0100502512562813,3940,0.0203045685279187,3860,3970,4023,-3.99999999999987,0.899625693169775
"2017-01-30",2017-01-30,0,501400,-0.0100502512562813,3940,0.0203045685279187,3860,3970,0,-1,0.899625693169775
"2017-01-31",2017-01-31,-0.00380710659898477,595600,-0.013819095477387,3925,0.0165605095541401,3860,3970,0,-1.37500000000002,0.861490277502201
"2017-02-01",2017-02-01,-0.0407643312101911,1699400,-0.0540201005025125,3765,0,3765,3940,4026,-3.90909090909088,0.573369441089011
"2017-02-02",2017-02-02,-0.0225763612217795,1510400,-0.0753768844221105,3680,0,3680,3765,4027,-1.3953488372093,0.464962636027151
"2017-02-03",2017-02-03,0.00815217391304348,1040000,-0.0678391959798995,3710,0.00808625336927227,3680,3710,4027,-0.9,0.544269596318165
"2017-02-06",2017-02-06,0.00539083557951483,895000,-0.0628140703517588,3730,0.0134048257372654,0,3730,0,1.65773011617515,0.596774095895774
"2017-02-07",2017-02-07,-0.00938337801608579,900200,-0.0716080402010051,3695,0.00405953991880925,3680,3730,4030,-1.14,0.504699429572472
"2017-02-08",2017-02-08,0.013531799729364,727000,-0.0590452261306531,3745,0.013351134846462,3695,3745,4030,3.28882955051176,0.615632174170538
"2017-02-09",2017-02-09,-0.00667556742323097,754400,-0.065326633165829,3720,0.00672043010752688,3695,3745,4032,-1.1063829787234,0.550090433929934
"2017-02-10",2017-02-10,0.0416666666666667,1349000,-0.0263819095477384,3875,0.04,3720,3875,4032,5.95200000000001,0.916700169590807
"2017-02-13",2017-02-13,0.00387096774193548,867200,-0.022613065326633,3890,0.0437017994858612,0,3890,0,1.09254498714653,0.954621076553046
"2017-02-14",2017-02-14,-0.006426735218509,760600,-0.0288944723618089,3865,0.03751617076326,3720,3890,4035,-1.27777777777778,0.891338537375771
"2017-02-15",2017-02-15,0.0129366106080207,812800,-0.0163316582914571,3915,0.0127713920817369,3865,3915,4035,-0.565217391304345,0.829503016267096
"2017-02-16",2017-02-16,-0.00893997445721584,532800,-0.0251256281407033,3880,0.00386597938144329,3865,3915,4037,-1.53846153846154,0.739661141152064
"2017-02-17",2017-02-17,0.00128865979381443,542400,-0.0238693467336683,3885,0.00514800514800517,3865,3915,0,1.33161733161734,0.752545561015615
"2017-02-20",2017-02-20,-0.00386100386100386,516200,-0.0276381909547737,3870,0.00129198966408273,3865,3915,0,-1.1578947368421,0.713841855308855
"2017-02-21",2017-02-21,0,428800,-0.0276381909547737,3870,0.00129198966408273,3865,3915,0,-1,0.713841855308855
"2017-02-22",2017-02-22,0.0103359173126615,1211400,-0.0175879396984921,3910,0.0115089514066496,3865,3915,0,8.90792838874656,0.816718010116845
"2017-02-23",2017-02-23,0.00767263427109974,903000,-0.0100502512562812,3940,0.0177664974619289,3870,3940,4037,1.54371122391427,0.886742471785894
"2017-02-24",2017-02-24,-0.0101522842639594,834600,-0.0201005025125626,3900,0.00769230769230766,3870,3940,4043,-2.00000000000001,0.784591025974245
"2017-02-27",2017-02-27,-0.00384615384615385,695800,-0.023869346733668,3885,0.00386100386100385,3870,3940,0,-1.1875,0.746012756349916
"2017-02-28",2017-02-28,0.00128700128700129,1014600,-0.022613065326633,3890,0.00514138817480725,3870,3940,0,1.33161953727508,0.758888844216951
"2017-03-01",2017-03-01,0.0102827763496144,984800,-0.0125628140703514,3930,0.0152671755725191,3870,3940,0,2.96946564885494,0.861302199032837
"2017-03-02",2017-03-02,0.00254452926208651,1008800,-0.0100502512562812,3940,0.0139593908629442,3885,3940,4043,-0.800000000000007,0.867417639710072
"2017-03-03",2017-03-03,-0.0050761421319797,730400,-0.0150753768844217,3920,0.0089285714285714,3885,3940,4048,-1.49999999999999,0.816373770923054
"2017-03-06",2017-03-06,-0.00892857142857143,726600,-0.023869346733668,3885,0,3885,3920,4049,-1.58333333333335,0.726414342352814
"2017-03-07",2017-03-07,-0.00386100386100386,608600,-0.0276381909547735,3870,0,3870,3885,4050,-1.1578947368421,0.707283729694839
"2017-03-08",2017-03-08,-0.00258397932816537,919600,-0.0301507537688439,3860,0,3860,3870,4051,-1.09090909090909,0.694529987922855
"2017-03-09",2017-03-09,0.00259067357512953,911800,-0.0276381909547735,3870,0.00258397932816534,3860,3870,4051,-0.916666666666664,0.720399980922873
"2017-03-10",2017-03-10,0.00904392764857881,1220000,-0.0188442211055274,3905,0.0115236875800256,0,3905,0,4.45966709346998,0.810415939888131
"2017-03-13",2017-03-13,0,525400,-0.0188442211055274,3905,0.0115236875800256,0,3905,0,-1,0.810415939888131
"2017-03-14",2017-03-14,-0.00640204865556978,614800,-0.0251256281407033,3880,0.00515463917525771,3860,3905,4055,-1.33333333333334,0.746202364380478
"2017-03-15",2017-03-15,0.00128865979381443,578800,-0.023869346733668,3885,0.00643500643500639,3860,3905,0,1.24839124839124,0.759078365681317
"2017-03-16",2017-03-16,0,711600,-0.023869346733668,3885,0.00643500643500639,3860,3905,0,-1,0.759078365681317
"2017-03-17",2017-03-17,-0.0102960102960103,1102200,-0.0339195979899496,3845,0,3845,3885,4058,-1.42105263157896,0.675399375264879
"2017-03-21",2017-03-21,0.00650195058517555,851600,-0.0276381909547737,3870,0.00645994832041341,3845,3870,4058,-0.814814814814814,0.740074357764924
"2017-03-22",2017-03-22,-0.00775193798449612,861400,-0.0351758793969847,3840,0,0,3870,4060,-1.27272727272727,0.669022504378887
"2017-03-23",2017-03-23,-0.00260416666666667,746000,-0.0376884422110551,3830,0,3830,3840,4061,-1.07142857142857,0.656268762606904
"2017-03-24",2017-03-24,0.00913838120104439,626200,-0.0288944723618089,3865,0.0090556274256145,3830,3865,4061,-0.766666666666666,0.746873126049138
"2017-03-27",2017-03-27,-0.00517464424320828,815800,-0.0339195979899496,3845,0.00390117035110538,3830,3865,4063,-1.17391304347826,0.695201673932953
"2017-03-28",2017-03-28,0.0338101430429129,1141400,-0.00125628140703493,3975,0.0327044025157233,3845,3975,4063,8.3832285115303,1.0072052130887
"2017-03-29",2017-03-29,0.0050314465408805,943100,0,3995,0.0375469336670838,0,3995,0,1.14806970251276,1.03816271992193
"2017-03-30",2017-03-30,-0.0187734668335419,756400,-0.0187734668335419,3920,0.0191326530612245,3845,3995,4066,0,0.84939811460823
"2017-03-31",2017-03-31,-0.00510204081632653,829000,-0.0237797246558198,3900,0.0141025641025641,3845,3995,0,-1.26666666666667,0.79845372648732
"2017-04-03",2017-04-03,0.00641025641025641,531700,-0.0175219023779726,3925,0.0203821656050955,3845,3995,0,1.44528083381587,0.862093554508908
"2017-04-04",2017-04-04,0,653900,-0.0175219023779726,3925,0.0203821656050955,3845,3995,0,-1,0.862093554508908
"2017-04-05",2017-04-05,0.00509554140127389,527500,-0.0125156445556946,3945,0.0253485424588086,3845,3995,0,1.2436628643853,0.912714540671587
"2017-04-06",2017-04-06,-0.0202788339670469,618900,-0.0325406758448061,3865,0.00517464424320824,3845,3995,0,-2.6,0.708665207639109
"2017-04-07",2017-04-07,0.00517464424320828,494100,-0.0275344180225282,3885,0.0102960102960103,3845,3995,0,1.98970398970402,0.760072917306394
"2017-04-10",2017-04-10,-0.00386100386100386,613700,-0.0312891113892365,3870,0.00645994832041341,3845,3995,0,-1.13636363636363,0.721542324977348
"2017-04-11",2017-04-11,0.00387596899224806,479000,-0.027534418022528,3885,0.0102960102960103,3845,3995,0,1.59382239382241,0.760072917306395
"2017-04-12",2017-04-12,-0.00128700128700129,573900,-0.0287859824780976,3880,0.009020618556701,3845,3995,0,-1.04545454545455,0.747246114888512
"2017-04-13",2017-04-13,-0.0141752577319588,454800,-0.0425531914893615,3825,0,3825,3945,4076,-1.47826086956521,0.631575347686681
"2017-04-14",2017-04-14,0.00522875816993464,499500,-0.0375469336670838,3845,0.00520156046814046,3825,3845,4076,-0.882352941176474,0.683390123342147
"2017-04-17",2017-04-17,-0.00130039011703511,339000,-0.0387984981226532,3840,0.00390625,3825,3845,4078,-1.03333333333333,0.670462213671338
"2017-04-18",2017-04-18,0.00390625,430100,-0.0350438047559449,3855,0.00389105058365757,3840,3855,4078,-0.903225806451615,0.689443844671281
"2017-04-19",2017-04-19,0,560800,-0.0350438047559449,3855,0.00389105058365757,0,3855,0,-1,0.689443844671281
"2017-04-20",2017-04-20,-0.00259403372243839,474300,-0.0375469336670838,3845,0.00130039011703509,3840,3855,4081,-1.07142857142857,0.663587824674074
"2017-04-21",2017-04-21,-0.00520156046814044,539200,-0.0425531914893615,3825,0,3825,3845,4082,-1.13333333333333,0.631575347686681
"2017-04-24",2017-04-24,0.0156862745098039,751200,-0.0275344180225282,3885,0.0154440154440154,3825,3885,4082,-0.647058823529415,0.786204135969196
"2017-04-25",2017-04-25,0.0244530244530245,1119500,-0.00375469336670819,3980,0.0389447236180904,0,3980,0,2.52167085427136,1.02619910357887
"2017-04-26",2017-04-26,0.00753768844221105,722800,0,4010,0.0461346633416458,0,4010,0,1.18461909741775,1.08175394321936
"2017-04-27",2017-04-27,0.00498753117206983,934500,0,4030,0.0508684863523573,0,4030,0,1.10260881228623,1.10578277781597
"2017-04-28",2017-04-28,-0.0136476426799007,1109700,-0.0136476426799008,3975,0.0377358490566038,3825,4030,4087,0,0.969846365210383
"2017-05-01",2017-05-01,0.00628930817610063,436100,-0.00744416873449139,4000,0.04375,3825,4030,0,1.159375,1.0318628975041
"2017-05-02",2017-05-02,0.01125,744300,0,4045,0.0173053152039555,3975,4045,4087,0,0.935416482701478
"2017-05-08",2017-05-08,0.0271940667490729,1030700,0,4155,0.0433212996389891,0,4155,0,2.50335224342444,1.06747333937796
"2017-05-09",2017-05-09,0.0120336943441637,1041500,0,4205,0.0546967895362663,0,4205,0,1.26258422512882,1.12521520352848
"2017-05-10",2017-05-10,0.00118906064209275,565900,0,4210,0.0558194774346793,0,4210,0,1.02052566353403,1.13091395520414
"2017-05-11",2017-05-11,0.00118764845605701,544100,0,4215,0.0569395017793595,0,4215,0,1.02006511698342,1.13659918670975
"2017-05-12",2017-05-12,0.00355871886120996,730800,0,4230,0.0602836879432624,0,4230,0,1.05873226950355,1.15357423964495
"2017-05-15",2017-05-15,-0.00354609929078014,517400,-0.00354609929078009,4215,0.0569395017793595,3975,4230,4095,0,1.11859922491809
"2017-05-16",2017-05-16,0,397100,-0.00354609929078009,4215,0.0569395017793595,3975,4230,0,-1,1.11859922491809
"2017-05-17",2017-05-17,-0.00593119810201661,435200,-0.00945626477541373,4190,0.0513126491646778,3975,4230,0,-2.66666666666671,1.06003744535446
"2017-05-18",2017-05-18,-0.00715990453460621,526700,-0.016548463356974,4160,0.0444711538461539,3975,4230,0,-1.75,0.989310165249706
"2017-05-19",2017-05-19,-0.00240384615384615,494800,-0.0189125295508273,4150,0.0421686746987951,3975,4230,0,-1.14285714285714,0.965622831378576
"2017-05-22",2017-05-22,0,515800,-0.0189125295508273,4150,0.0421686746987951,3975,4230,0,-1,0.965622831378576
"2017-05-23",2017-05-23,-0.00240963855421687,451400,-0.0212765957446808,4140,0.0398550724637681,3975,4230,0,-1.125,0.941879036834289
"2017-05-24",2017-05-24,0,374800,-0.0212765957446808,4140,0.0398550724637681,3975,4230,0,-1,0.941879036834289
"2017-05-25",2017-05-25,0.00966183574879227,511200,-0.0118203309692669,4180,0.0490430622009569,3975,4230,0,1.23053501522401,1.03651707185307
"2017-05-26",2017-05-26,-0.00598086124401914,462500,-0.0177304964539006,4155,0.0433212996389891,3975,4230,0,-1.50000000000001,0.977473530419643
"2017-05-29",2017-05-29,0.00240673886883273,236200,-0.0153664302600472,4165,0.0456182472989196,3975,4230,0,1.0530212084834,1.00113278652019
"2017-05-30",2017-05-30,0.00120048019207683,320600,-0.0141843971631205,4170,0.0467625899280576,3975,4230,0,1.02508519500189,1.01294144463957
"2017-05-31",2017-05-31,0,653500,-0.0141843971631205,4170,0.0467625899280576,3975,4230,0,-1,1.01294144463957
"2017-06-01",2017-06-01,0.00959232613908873,498500,-0.00472813238770675,4210,0.0558194774346793,3975,4230,0,1.19367805591083,1.10691400614859
"2017-06-02",2017-06-02,0.00593824228028504,561800,0,4235,0.0224321133412042,4140,4235,4095,0,0.961440054806181
"2017-06-05",2017-06-05,0.00590318772136954,343400,0,4260,0.028169014084507,0,4260,0,1.25574499629355,0.990560501165511
"2017-06-06",2017-06-06,-0.0164319248826291,573400,-0.016431924882629,4190,0.0119331742243437,4140,4260,4111,0,0.824739279318115
"2017-06-07",2017-06-07,0.013126491646778,532500,-0.00352112676056315,4245,0.0247349823321554,4140,4260,0,2.07279151943462,0.955256191494054
"2017-06-08",2017-06-08,-0.0176678445229682,530100,-0.02112676056338,4170,0.0071942446043165,4140,4260,0,-6.00000000000032,0.776853588297833
"2017-06-09",2017-06-09,-0.0155875299760192,845600,-0.0363849765258215,4105,0,4105,4245,4114,-1.72222222222224,0.662885140380632
"2017-06-12",2017-06-12,-0.00243605359317905,492400,-0.0387323943661969,4095,0,4095,4105,4115,-1.06451612903225,0.650969672715728
"2017-06-13",2017-06-13,-0.00244200244200244,347500,-0.0410798122065725,4085,0,4085,4095,4116,-1.06060606060606,0.639054205050823
"2017-06-14",2017-06-14,-0.00611995104039168,323100,-0.0469483568075115,4060,0,4060,4085,4117,-1.14285714285714,0.609265535888561
"2017-06-15",2017-06-15,0.00862068965517241,441300,-0.0387323943661969,4095,0.00854700854700852,4060,4095,4117,-0.824999999999998,0.694354196008458
"2017-06-16",2017-06-16,-0.0158730158730159,1103700,-0.0539906103286383,4030,0,0,4095,4119,-1.3939393939394,0.573519132893847
"2017-06-19",2017-06-19,0.0124069478908189,531800,-0.0422535211267603,4080,0.0122549019607843,4030,4080,4119,-0.782608695652172,0.6953022215278
"2017-06-20",2017-06-20,0.0134803921568627,561800,-0.0293427230046946,4135,0.0253929866989118,0,4135,0,2.07206771463121,0.827526070255925
"2017-06-21",2017-06-21,-0.00241837968561064,475500,-0.0316901408450703,4125,0.0230303030303031,4030,4135,4122,-1.08,0.803617645746489
"2017-06-22",2017-06-22,-0.00363636363636364,380600,-0.0352112676056336,4110,0.0194647201946472,4030,4135,0,-1.11111111111111,0.767645584193609
"2017-06-23",2017-06-23,0.0072992700729927,562900,-0.0281690140845068,4140,0.00724637681159424,4110,4140,4122,-0.799999999999996,0.741371807825549
"2017-06-26",2017-06-26,-0.00120772946859903,236500,-0.0293427230046946,4135,0.00604594921402657,4110,4140,4125,-1.04166666666667,0.729320716442151
"2017-06-27",2017-06-27,0,309500,-0.0293427230046946,4135,0.00604594921402657,4110,4140,0,-1,0.729320716442151
"2017-06-28",2017-06-28,0.0060459492140266,657200,-0.0234741784037557,4160,0.00600961538461542,4135,4160,4125,-0.799999999999998,0.75892495547781
"2017-06-29",2017-06-29,0.00120192307692308,492900,-0.0223004694835678,4165,0.00720288115246104,0,4165,0,1.19855942376951,0.770939693490706
"2017-06-30",2017-06-30,-0.00240096038415366,594600,-0.0246478873239434,4155,0.00481347773766549,4135,4165,4129,-1.10526315789474,0.746895639837524
"2017-07-03",2017-07-03,-0.00481347773766546,393300,-0.0293427230046946,4135,0,4135,4155,4130,-1.1904761904762,0.698631543375347
"2017-07-04",2017-07-04,-0.00241837968561064,394400,-0.0316901408450703,4125,0,4125,4135,4131,-1.08,0.686716075710442
"2017-07-05",2017-07-05,0.0145454545454545,510600,-0.0176056338028165,4185,0.014336917562724,4125,4185,4131,-0.555555555555547,0.830982920771547
"2017-07-06",2017-07-06,-0.00597371565113501,506100,-0.0234741784037557,4160,0.00841346153846156,4125,4185,4133,-1.33333333333335,0.77112685265389
"2017-07-07",2017-07-07,0,607300,-0.0234741784037557,4160,0.00841346153846156,4125,4185,0,-1,0.77112685265389
"2017-07-10",2017-07-10,0.00961538461538462,559500,-0.0140845070422534,4200,0.00952380952380949,4160,4200,4133,1.13197278911564,0.824424837723412
"2017-07-11",2017-07-11,0.0142857142857143,653700,0,4260,0.0234741784037559,0,4260,0,2.46478873239438,0.966729565835702
"2017-07-12",2017-07-12,-0.00586854460093897,433200,-0.005868544600939,4235,0.0177095631641087,4160,4260,4137,0,0.907679771829282
"2017-07-13",2017-07-13,0.0212514757969303,676400,0,4325,0.0208092485549133,4235,4325,4137,1.1750289017341,0.953202410636932
"2017-07-14",2017-07-14,0.0092485549132948,665400,0,4365,0.0297823596792669,0,4365,0,1.43120784014255,0.998749826021116
"2017-07-17",2017-07-17,0,0,0,4365,0.0297823596792669,0,4365,0,0,0.998749826021116
"2017-07-18",2017-07-18,0.00458190148911798,605300,0,4385,0.0342075256556442,0,4385,0,1.14858345759144,1.02121192083715
"2017-07-19",2017-07-19,-0.00570125427594071,470400,-0.0057012542759407,4360,0.0286697247706422,4235,4385,4142,0,0.964162597938219
"2017-07-20",2017-07-20,0.00229357798165138,405900,-0.0034207525655644,4370,0.0308924485125858,4235,4385,0,1.07752860411899,0.987020921813063
"2017-07-21",2017-07-21,-0.0034324942791762,378900,-0.00684150513112891,4355,0.0275545350172216,4235,4385,0,-2.00000000000003,0.95271400571073
"2017-07-24",2017-07-24,0,359300,-0.00684150513112891,4355,0.0275545350172216,4235,4385,0,-1,0.95271400571073
"2017-07-25",2017-07-25,-0.0103329506314581,384100,-0.0171037628278221,4310,0.0174013921113689,4235,4385,0,-2.49999999999998,0.849085652223057
"2017-07-26",2017-07-26,0,452000,-0.0171037628278221,4310,0.0174013921113689,4235,4385,0,-1,0.849085652223057
"2017-07-27",2017-07-27,-0.00348027842227378,512900,-0.0205245153933866,4295,0.0139697322467986,4235,4385,0,-1.20000000000001,0.814302880560728
"2017-07-28",2017-07-28,0.00232828870779977,393300,-0.0182440136830103,4305,0.016260162601626,4235,4385,0,1.16395663956639,0.837504882473049
"2017-07-31",2017-07-31,0.00232288037166086,481600,-0.015963511972634,4315,0.0185399768250289,4235,4385,0,1.14020857473928,0.860652997016645
"2017-08-01",2017-08-01,0.0196987253765933,674200,0,4400,0.0238636363636363,4295,4400,4142,1.28714488636363,0.968706450243743
"2017-08-02",2017-08-02,-0.0329545454545455,911600,-0.0329545454545455,4255,0,0,4400,4152,0,0.68029797153639
"2017-08-03",2017-08-03,0,376400,-0.0329545454545455,4255,0,4255,4255,4152,-1,0.68029797153639
"2017-08-04",2017-08-04,-0.00587544065804935,743800,-0.0386363636363637,4230,0,0,4255,4154,-1.17241379310345,0.651457123665655
"2017-08-07",2017-08-07,-0.00945626477541371,499600,-0.0477272727272727,4190,0,4190,4230,4155,-1.23529411764706,0.605311767072478
"2017-08-08",2017-08-08,-0.0035799522673031,386400,-0.0511363636363636,4175,0,4175,4190,4156,-1.07142857142857,0.588007258350037
"2017-08-09",2017-08-09,-0.00718562874251497,482100,-0.0579545454545454,4145,0,4145,4175,4157,-1.13333333333333,0.553398240905155
"2017-08-10",2017-08-10,0.00361881785283474,503000,-0.0545454545454547,4160,0.00360576923076927,4145,4160,4157,-0.941176470588239,0.589005595391716
"2017-08-11",2017-08-11,0,0,-0.0545454545454547,4160,0.00360576923076927,0,4160,0,-1,0.589005595391716
"2017-08-14",2017-08-14,-0.00360576923076923,613100,-0.0579545454545455,4145,0,0,4160,4160,-1.0625,0.553398240905155
"2017-08-15",2017-08-15,0.0168878166465621,619800,-0.0420454545454547,4215,0.0166073546856464,4145,4215,4160,-0.725490196078434,0.718451368387449
"2017-08-16",2017-08-16,0.00237247924080664,580800,-0.0397727272727274,4225,0.0189349112426036,0,4225,0,1.14015215553678,0.741802359540017
"2017-08-17",2017-08-17,0.0189349112426036,773400,-0.0215909090909091,4305,0.0371660859465738,0,4305,0,1.96283391405342,0.926634319087363
"2017-08-18",2017-08-18,0.00348432055749129,811900,-0.0181818181818183,4320,0.0405092592592593,0,4320,0,1.08995225694444,0.960908739523136
"2017-08-21",2017-08-21,0.00115740740740741,522700,-0.0170454545454547,4325,0.0416184971098266,0,4325,0,1.027382328654,0.972307388475002
"2017-08-22",2017-08-22,-0.0138728323699422,431900,-0.0306818181818184,4265,0.0281359906213364,4145,4325,4166,-1.79999999999999,0.834652295920306
"2017-08-23",2017-08-23,0.0105509964830012,679700,-0.0204545454545457,4310,0.0382830626450116,4145,4325,0,1.36064385150812,0.938072250347633
"2017-08-24",2017-08-24,-0.0116009280742459,650500,-0.0318181818181821,4260,0.0269953051643192,4145,4325,0,-1.55555555555555,0.82309401925694
"2017-08-25",2017-08-25,0.00821596244131455,621700,-0.0238636363636366,4295,0.0349243306169965,4145,4325,0,1.29371868198613,0.903718854040488
"2017-08-28",2017-08-28,0.00931315483119907,521500,-0.0147727272727276,4335,0.0173010380622838,4260,4335,4166,-0.619047619047626,0.860408567512524
"2017-08-29",2017-08-29,0.00346020761245675,483800,-0.0113636363636365,4350,0.0206896551724138,0,4350,0,1.19586206896552,0.894913660174482
"2017-08-30",2017-08-30,0.00114942528735632,481000,-0.010227272727273,4355,0.0218140068886338,0,4355,0,1.05434366628396,0.906389026945552
"2017-08-31",2017-08-31,0.0137772675086108,628300,0,4415,0.0351075877689694,0,4415,0,1.60940573404065,1.02578062642644
"2017-09-01",2017-09-01,0.014722536806342,727000,0,4480,0.0491071428571429,0,4480,0,1.39876152073733,1.0968422172123
"2017-09-04",2017-09-04,-0.00558035714285714,611300,-0.00558035714285698,4455,0.0437710437710438,4260,4480,4175,0,1.04143040301621
"2017-09-05",2017-09-05,-0.015712682379349,780500,-0.0212053571428571,4385,0.0285062713797035,4260,4480,0,-3.8000000000001,0.884634251187357
"2017-09-06",2017-09-06,0.00342075256556442,555800,-0.0178571428571428,4400,0.0318181818181819,4260,4480,0,1.11618181818182,0.918440972526176
"2017-09-07",2017-09-07,0.0193181818181818,617800,0,4485,0.0222965440356745,4385,4485,4175,0,0.960751906472038
"2017-09-08",2017-09-08,-0.00891861761426979,878400,-0.00891861761426971,4445,0.0134983127109112,4385,4485,4179,0,0.870821372152135
"2017-09-11",2017-09-11,0.0224971878515186,652000,0,4545,0.022002200220022,4445,4545,4179,1.62999633296662,0.959257820435267
"2017-09-12",2017-09-12,0.0066006600660066,664400,0,4575,0.0284153005464481,0,4575,0,1.29147540983607,0.991810648592649
"2017-09-13",2017-09-13,0.00437158469945355,635200,0,4595,0.0326441784548422,0,4595,0,1.14882397254541,1.01327638729055
"2017-09-14",2017-09-14,-0.00652883569096844,527600,-0.0065288356909684,4565,0.0262869660460022,4445,4595,4183,0,0.94786694597988
"2017-09-15",2017-09-15,-0.00438116100766703,752200,-0.0108813928182807,4545,0.022002200220022,4445,4595,0,-1.66666666666667,0.904023987733967
"2017-09-18",2017-09-18,0,0,-0.0108813928182807,4545,0.022002200220022,4445,4595,0,-1,0.904023987733967
"2017-09-19",2017-09-19,0.0176017601760176,594500,0,4625,0.0172972972972973,4545,4625,4183,0,0.935375783893672
"2017-09-20",2017-09-20,-0.00432432432432432,514900,-0.00432432432432439,4605,0.0130293159609121,4545,4625,4187,0,0.89176133293986
"2017-09-21",2017-09-21,-0.00977198697068404,682500,-0.014054054054054,4560,0.00328947368421051,4545,4625,0,-3.24999999999994,0.792933995214998
"2017-09-22",2017-09-22,-0.0219298245614035,883200,-0.0356756756756756,4460,0,4460,4605,4189,-2.53846153846154,0.666485543853433
"2017-09-25",2017-09-25,0.0123318385650224,532200,-0.0237837837837838,4515,0.0121816168327796,4460,4515,4189,-0.666666666666667,0.788682414753813
"2017-09-26",2017-09-26,-0.00110741971207087,540500,-0.0248648648648648,4510,0.0110864745011087,4460,4515,4191,-1.04545454545454,0.777635928158948
"2017-09-27",2017-09-27,-0.00443458980044346,362200,-0.029189189189189,4490,0.00668151447661469,4460,4515,0,-1.17391304347825,0.733326174860209
"2017-09-28",2017-09-28,0.0111358574610245,597200,-0.0183783783783782,4540,0.0110132158590308,4490,4540,4191,1.64831130690161,0.810189403596237
"2017-09-29",2017-09-29,-0.00110132158590308,538800,-0.0194594594594593,4535,0.00992282249173093,4490,4540,4194,-1.05882352941176,0.799167022693351
"2017-10-02",2017-10-02,-0.00771775082690187,506000,-0.0270270270270269,4500,0.00222222222222224,4490,4540,0,-1.38888888888889,0.721665967263052
"2017-10-03",2017-10-03,0,381800,-0.0270270270270269,4500,0.00222222222222224,4490,4540,0,-1,0.721665967263052
"2017-10-04",2017-10-04,0,343400,-0.0270270270270269,4500,0.00222222222222224,4490,4540,0,-1,0.721665967263052
"2017-10-05",2017-10-05,-0.00111111111111111,247600,-0.0281081081081078,4495,0.00111234705228036,4490,4540,0,-1.04,0.710544696939867
"2017-10-06",2017-10-06,-0.00556173526140156,372100,-0.0335135135135133,4470,0,4470,4535,4199,-1.1923076923077,0.677460655691811
"2017-10-09",2017-10-09,0,0,-0.0335135135135133,4470,0,4470,4470,4199,-1,0.677460655691811
"2017-10-10",2017-10-10,0.00335570469798658,450500,-0.0302702702702701,4485,0.00334448160535117,0,4485,0,-0.903225806451613,0.710899876042184
"2017-10-11",2017-10-11,0.00222965440356745,320000,-0.0281081081081078,4495,0.00556173526140158,0,4495,0,1.66295884315907,0.733129743548318
"2017-10-12",2017-10-12,-0.00556173526140156,446100,-0.0335135135135133,4470,0,0,4495,4203,-1.1923076923077,0.677460655691811
"2017-10-13",2017-10-13,-0.00223713646532438,719100,-0.0356756756756754,4460,0,4460,4470,4204,-1.06451612903226,0.666485543853434
"2017-10-16",2017-10-16,-0.007847533632287,759800,-0.043243243243243,4425,0,4425,4460,4205,-1.21212121212121,0.628072652419114
"2017-10-17",2017-10-17,0.00338983050847458,663100,-0.0399999999999998,4440,0.0033783783783784,4425,4440,4205,-0.925,0.661683932424144
"2017-10-18",2017-10-18,0.00563063063063063,371900,-0.0345945945945945,4465,0.00895856662933936,0,4465,0,2.65173572228443,0.717446687456827
"2017-10-19",2017-10-19,0.00447928331466965,417600,-0.0302702702702702,4485,0.0133779264214047,0,4485,0,1.49331103678929,0.761829533820605
"2017-10-20",2017-10-20,0.00222965440356745,488900,-0.028108108108108,4495,0.0155728587319244,0,4495,0,1.16407119021135,0.783946098417332
"2017-10-23",2017-10-23,0.0100111234705228,483700,-0.0183783783783782,4540,0.025330396475771,0,4540,0,1.62657331655129,0.882863258142759
"2017-10-24",2017-10-24,0.00330396475770925,524600,-0.0151351351351349,4555,0.0285400658616904,0,4555,0,1.12671216532239,0.915618173119866
"2017-10-25",2017-10-25,-0.00878155872667398,489400,-0.0237837837837835,4515,0.0199335548172758,4425,4555,4212,-1.57142857142858,0.828031168437918
"2017-10-26",2017-10-26,0.044296788482835,1222300,0,4715,0.0424178154825027,4515,4715,4212,2.12796041003888,1.06288726353446
"2017-10-27",2017-10-27,0.0095440084835631,926400,0,4760,0.0514705882352942,0,4760,0,1.21341911764706,1.10883904048626
"2017-10-30",2017-10-30,0.00315126050420168,1140000,0,4775,0.0544502617801047,0,4775,0,1.05789080029918,1.12396383129448
"2017-10-31",2017-10-31,-0.00523560209424084,525900,-0.00523560209424079,4750,0.0494736842105263,4515,4775,4216,0,1.07212691735462
"2017-11-01",2017-11-01,0.00631578947368421,501500,0,4780,0.00627615062761511,4750,4780,4216,0,0.879432562148471
"2017-11-02",2017-11-02,-0.00523012552301255,408900,-0.0052301255230125,4755,0.0010515247108307,4750,4780,4218,0,0.826364356487402
"2017-11-03",2017-11-03,0,0,-0.0052301255230125,4755,0.0010515247108307,4750,4780,0,-1,0.826364356487402
"2017-11-06",2017-11-06,0.0262881177707676,518500,0,4880,0.0256147540983607,4755,4880,4218,24.3596311475411,0.977595104997347
"2017-11-07",2017-11-07,0.014344262295082,623300,0,4950,0.0393939393939394,0,4950,0,1.53793939393939,1.04753810109042
"2017-11-08",2017-11-08,-0.0191919191919192,1104700,-0.0191919191919192,4855,0.0205973223480947,4755,4950,4222,0,0.854708700464533
"2017-11-09",2017-11-09,-0.0082389289392379,1094200,-0.0272727272727274,4815,0.0124610591900312,4755,4950,0,-1.42105263157896,0.772391021590918
"2017-11-10",2017-11-10,-0.00207684319833853,483200,-0.0292929292929295,4805,0.0104058272632674,4755,4950,0,-1.07407407407407,0.751704162787904
"2017-11-13",2017-11-13,-0.0114464099895942,483300,-0.0404040404040406,4750,0,4750,4855,4225,-1.37931034482758,0.642484415439203
"2017-11-14",2017-11-14,-0.00315789473684211,488800,-0.0434343434343435,4735,0,4735,4750,4226,-1.075,0.627102629908145
"2017-11-15",2017-11-15,-0.0179514255543823,637700,-0.0606060606060607,4650,0,4650,4735,4227,-1.3953488372093,0.539939178565478
"2017-11-16",2017-11-16,0.00537634408602151,481000,-0.0555555555555556,4675,0.00534759358288772,4650,4675,4227,-0.916666666666666,0.592719815191661
"2017-11-17",2017-11-17,0.00213903743315508,526100,-0.0535353535353535,4685,0.00747065101387412,0,4685,0,1.39701173959445,0.613750955523306
"2017-11-20",2017-11-20,-0.0064034151547492,575600,-0.0595959595959595,4655,0.0010741138560687,4650,4685,4230,-1.11320754716981,0.550518630769261
"2017-11-21",2017-11-21,-0.00107411385606874,556900,-0.0606060606060606,4650,0,4650,4655,4231,-1.01694915254237,0.539939178565479
"2017-11-22",2017-11-22,0.00645161290322581,511800,-0.0545454545454547,4680,0.00641025641025639,4650,4680,4231,-0.900000000000003,0.603241142097143
"2017-11-23",2017-11-23,0,0,-0.0545454545454547,4680,0.00641025641025639,0,4680,0,-1,0.603241142097143
"2017-11-24",2017-11-24,0.00320512820512821,366400,-0.0515151515151515,4695,0.00958466453674123,0,4695,0,1.49520766773164,0.634736189074783
"2017-11-27",2017-11-27,-0.00425985090521832,432400,-0.0555555555555556,4675,0.00534759358288772,4650,4695,4235,-1.07843137254902,0.592719815191661
"2017-11-28",2017-11-28,-0.0117647058823529,409300,-0.0666666666666667,4620,0,4620,4675,4236,-1.2,0.509175607503361
"2017-11-29",2017-11-29,0.0151515151515152,693100,-0.0525252525252525,4690,0.0149253731343284,4620,4690,4236,-0.787878787878788,0.656718306527647
"2017-11-30",2017-11-30,-0.0106609808102345,1443600,-0.0626262626262627,4640,0.00431034482758619,4620,4690,4238,-1.19230769230769,0.551563918780043
"2017-12-01",2017-12-01,0.0247844827586207,592100,-0.0393939393939394,4755,0.0241850683491062,4640,4755,4238,5.61093585699266,0.770374823634873
"2017-12-04",2017-12-04,-0.00946372239747634,370100,-0.0484848484848486,4710,0.0148619957537155,4640,4755,4240,-1.23076923076923,0.676905651001276
"2017-12-05",2017-12-05,0.00530785562632696,491200,-0.0434343434343434,4735,0.0200633579725449,4640,4755,0,1.34997737215266,0.728944018799105
"2017-12-06",2017-12-06,-0.0200633579725449,617700,-0.0626262626262626,4640,0,4640,4735,4242,-1.44186046511628,0.529684654878106
"2017-12-07",2017-12-07,-0.0021551724137931,715900,-0.0646464646464646,4630,0,4630,4640,4243,-1.03225806451613,0.519430131190733
"2017-12-08",2017-12-08,-0.00971922246220302,942700,-0.0737373737373738,4585,0,4585,4630,4244,-1.140625,0.473284774597557
"2017-12-11",2017-12-11,0.0119956379498364,389800,-0.0626262626262626,4640,0.0118534482758621,4585,4640,4244,-0.84931506849315,0.589852630608433
"2017-12-12",2017-12-12,0.0183189655172414,533000,-0.0454545454545454,4725,0.0296296296296297,0,4725,0,2.4996632996633,0.767247786968904
"2017-12-13",2017-12-13,-0.0222222222222222,476100,-0.0666666666666667,4620,0.00757575757575757,4585,4725,4247,-1.46666666666667,0.547630071331008
"2017-12-14",2017-12-14,0.00432900432900433,470700,-0.0626262626262627,4640,0.0118534482758621,4585,4725,0,1.5646551724138,0.589852630608433
"2017-12-15",2017-12-15,0.00323275862068966,887100,-0.0595959595959595,4655,0.0150375939849624,4585,4725,0,1.26862611073137,0.62139710545051
"2017-12-18",2017-12-18,0.0182599355531686,410800,-0.0424242424242423,4740,0.0253164556962026,4620,4740,4247,1.68354430379747,0.76073594808726
"2017-12-19",2017-12-19,0,240500,-0.0424242424242423,4740,0.0253164556962026,0,4740,0,-1,0.76073594808726
"2017-12-20",2017-12-20,0,236200,-0.0424242424242423,4740,0.0253164556962026,0,4740,0,-1,0.76073594808726
"2017-12-21",2017-12-21,0.00843881856540084,279000,-0.0343434343434343,4780,0.0334728033472803,0,4780,0,1.32217573221757,0.843155575631009
"2017-12-22",2017-12-22,0.00104602510460251,375400,-0.0333333333333332,4785,0.0344827586206896,0,4785,0,1.0301724137931,0.853409359560505
"2017-12-25",2017-12-25,0.0125391849529781,215900,-0.0212121212121211,4845,0.0464396284829721,0,4845,0,1.34674922600619,0.975629444273396
"2017-12-26",2017-12-26,-0.0144478844169247,222400,-0.0353535353535354,4775,0.0324607329842932,4620,4845,4256,-1.66666666666667,0.832891055529606
"2017-12-27",2017-12-27,-0.0031413612565445,139500,-0.0383838383838383,4760,0.0294117647058824,4620,4845,0,-1.08571428571428,0.802032739869207
"2017-12-28",2017-12-28,-0.00420168067226891,207000,-0.0424242424242424,4740,0.0253164556962026,4620,4845,0,-1.10526315789474,0.76073594808726
"2017-12-29",2017-12-29,-0.00105485232067511,158800,-0.0434343434343434,4735,0.0242872228088701,4620,4845,0,-1.02380952380952,0.750384311197202
"2018-01-01",2018-01-01,0,0,-0.0434343434343434,4735,0.0242872228088701,4620,4845,0,-1,0.750384311197202
"2018-01-02",2018-01-02,0,0,-0.0434343434343434,4735,0.0242872228088701,4620,4845,0,-1,0.750384311197202
"2018-01-03",2018-01-03,0,0,-0.0434343434343434,4735,0.0242872228088701,4620,4845,0,-1,0.750384311197202
"2018-01-04",2018-01-04,0.0190073917634636,584800,-0.0252525252525251,4825,0.0424870466321243,4620,4845,0,1.7493579635053,0.935057134011831
"2018-01-05",2018-01-05,0.0113989637305699,492400,-0.0141414141414139,4880,0.0297131147540983,4735,4880,4256,-0.559999999999994,0.926616673715451
"2018-01-08",2018-01-08,0,0,-0.0141414141414139,4880,0.0297131147540983,0,4880,0,-1,0.926616673715451
"2018-01-09",2018-01-09,0.0153688524590164,457200,0,4955,0.0443995963673057,0,4955,0,1.4942760708445,1.07294676195252
"2018-01-10",2018-01-10,0.0272452068617558,604300,0,5090,0.0697445972495089,0,5090,0,1.57083854259689,1.20159771334452
"2018-01-11",2018-01-11,0.00392927308447937,468300,0,5110,0.0733855185909981,0,5110,0,1.05220363275544,1.2200789908439
"2018-01-12",2018-01-12,-0.00195694716242661,324100,-0.00195694716242645,5100,0.0715686274509804,4735,5110,4269,0,1.20092302828286
"2018-01-15",2018-01-15,0.00784313725490196,433900,0,5140,0.00778210116731515,5100,5140,4269,0,0.887076750861747
"2018-01-16",2018-01-16,0.0116731517509728,307600,0,5200,0.0192307692307693,0,5200,0,2.47115384615386,0.945190066595298
"2018-01-17",2018-01-17,-0.00576923076923077,563500,-0.00576923076923086,5170,0.0135396518375241,5100,5200,4272,0,0.887017462804963
"2018-01-18",2018-01-18,-0.0174081237911025,532300,-0.0230769230769232,5080,0,5080,5170,4273,-3.99999999999996,0.730436676296283
"2018-01-19",2018-01-19,0.00393700787401575,385800,-0.0192307692307694,5100,0.00392156862745097,5080,5100,4273,-0.833333333333335,0.769865551877029
"2018-01-22",2018-01-22,0,243100,-0.0192307692307694,5100,0.00392156862745097,0,5100,0,-1,0.769865551877029
"2018-01-23",2018-01-23,0.0254901960784314,478500,0,5230,0.02868068833652,0,5230,0,7.31357552581264,0.993157754155567
"2018-01-24",2018-01-24,-0.011472275334608,341200,-0.011472275334608,5170,0.0174081237911026,5080,5230,4277,0,0.877705191994534
"2018-01-25",2018-01-25,-0.0154738878143133,472600,-0.0267686424474188,5090,0.00196463654223966,5080,5230,0,-2.33333333333334,0.721670022468943
"2018-01-26",2018-01-26,0.0255402750491159,562700,-0.00191204588910154,5220,0.0268199233716475,5080,5230,0,13.6513409961688,0.974007006911891
"2018-01-29",2018-01-29,0.0229885057471264,722200,0,5340,0.0468164794007491,5090,5340,4277,1.74558587479936,1.08521483418897
"2018-01-30",2018-01-30,-0.0112359550561798,749300,-0.0112359550561798,5280,0.0359848484848485,5090,5340,4281,0,0.973200005567423
"2018-01-31",2018-01-31,-0.0265151515151515,836100,-0.0374531835205992,5140,0.00972762645914393,5090,5340,0,-3.33333333333332,0.70684026027867
"2018-02-01",2018-02-01,0.0350194552529183,872800,-0.00374531835205982,5320,0.043233082706767,5090,5340,0,4.44436090225566,1.04801435558034
"2018-02-02",2018-02-02,-0.0018796992481203,516300,-0.00561797752808968,5310,0.0414312617702448,5090,5340,0,-1.49999999999999,1.02936273412063
"2018-02-05",2018-02-05,-0.0131826741996234,508300,-0.0187265917602994,5240,0.0286259541984732,5090,5340,0,-3.33333333333343,0.897823946259664
"2018-02-06",2018-02-06,-0.0458015267175573,870000,-0.0636704119850187,5000,0,5000,5320,4286,-3.40000000000003,0.524384563983509
"2018-02-07",2018-02-07,0.002,704500,-0.0617977528089887,5010,0.00199600798403199,5000,5010,4286,-0.970588235294118,0.54402187680406
"2018-02-08",2018-02-08,0.0199600798403194,567600,-0.0430711610486889,5110,0.0215264187866928,0,5110,0,10.7847358121328,0.738214009603987
"2018-02-09",2018-02-09,-0.0293542074363992,637900,-0.0711610486891384,4960,0,0,5110,4289,-1.65217391304348,0.486362172783139
"2018-02-12",2018-02-12,0,0,-0.0711610486891384,4960,0,4960,4960,4289,-1,0.486362172783139
"2018-02-13",2018-02-13,-0.00201612903225806,924100,-0.0730337078651684,4950,0,0,4960,4291,-1.02631578947368,0.476856574983047
"2018-02-14",2018-02-14,-0.0151515151515152,576300,-0.0870786516853932,4875,0,4875,4950,4292,-1.19230769230769,0.405564591482352
"2018-02-15",2018-02-15,0.0112820512820513,379900,-0.0767790262172283,4930,0.0111561866125761,4875,4930,4292,-0.881720430107526,0.51447406242317
"2018-02-16",2018-02-16,0.0141987829614604,445800,-0.0636704119850185,5000,0.025,0,5000,0,2.24090909090908,0.651284294614745
"2018-02-19",2018-02-19,0.028,332700,-0.0374531835205991,5140,0.0515564202334631,0,5140,0,2.06225680933852,0.919162766782294
"2018-02-20",2018-02-20,-0.0136186770428016,349400,-0.0505617977528087,5070,0.0384615384615384,4875,5140,4296,-1.35,0.786154103401443
"2018-02-21",2018-02-21,-0.0019723865877712,490500,-0.0524344569288387,5060,0.0365612648221344,4875,5140,0,-1.03703703703704,0.767002737082709
"2018-02-22",2018-02-22,0,318700,-0.0524344569288387,5060,0.0365612648221344,4875,5140,0,-1,0.767002737082709
"2018-02-23",2018-02-23,-0.00592885375494071,323100,-0.0580524344569285,5030,0.0308151093439364,4875,5140,0,-1.10714285714286,0.709318520388491
"2018-02-26",2018-02-26,0,364900,-0.0580524344569285,5030,0.0308151093439364,4875,5140,0,-1,0.709318520388491
"2018-02-27",2018-02-27,0.0198807157057654,351000,-0.039325842696629,5130,0.0497076023391813,4875,5140,0,1.61309186945859,0.900272589271379
"2018-02-28",2018-02-28,-0.0116959064327485,368300,-0.0505617977528087,5070,0.0384615384615384,4875,5140,0,-1.28571428571429,0.786154103401443
"2018-03-01",2018-03-01,-0.0325443786982249,523900,-0.0814606741573032,4905,0.00611620795107037,4875,5140,0,-1.61111111111112,0.465127190541649
"2018-03-02",2018-03-02,-0.0224260958205912,580200,-0.102059925093633,4795,0,4795,5130,4304,-1.25287356321839,0.329519809081614
"2018-03-05",2018-03-05,0.00625651720542232,471300,-0.0964419475655428,4825,0.00621761658031084,4795,4825,4304,-0.944954128440368,0.389597157250281
"2018-03-06",2018-03-06,0.0196891191709845,491600,-0.0786516853932582,4920,0.0254065040650406,0,4920,0,4.0862127371274,0.577302922468171
"2018-03-07",2018-03-07,0,579900,-0.0786516853932582,4920,0.0254065040650406,0,4920,0,-1,0.577302922468171
"2018-03-08",2018-03-08,0.0040650406504065,433800,-0.0749063670411981,4940,0.0293522267206477,0,4940,0,1.1553036437247,0.616342563754041
"2018-03-09",2018-03-09,0.0263157894736842,950200,-0.0505617977528086,5070,0.0542406311637081,0,5070,0,1.84792219274978,0.866248607941869
"2018-03-12",2018-03-12,0.0591715976331361,934700,0,5370,0.10707635009311,0,5370,0,1.97409852717115,1.39109328853831
"2018-03-13",2018-03-13,-0.0037243947858473,555400,-0.0037243947858473,5350,0.103738317757009,4795,5370,4311,0,1.3552444845632
"2018-03-14",2018-03-14,0,535400,-0.0037243947858473,5350,0.103738317757009,4795,5370,0,-1,1.3552444845632
"2018-03-15",2018-03-15,-0.011214953271028,668200,-0.0148975791433893,5290,0.0935727788279773,4795,5370,0,-4.00000000000003,1.24692935507997
"2018-03-16",2018-03-16,0.0226843100189036,818900,0,5410,0.022181146025878,5290,5410,4311,0,0.960166147417695
"2018-03-19",2018-03-19,-0.00739371534195933,517700,-0.00739371534195932,5370,0.0148975791433892,5290,5410,4315,0,0.885664420990452
"2018-03-20",2018-03-20,-0.0242085661080074,606400,-0.0314232902033271,5240,0,5240,5370,4316,-4.25,0.688070606692681
"2018-03-21",2018-03-21,0,0,-0.0314232902033271,5240,0,5240,5240,4316,-1,0.688070606692681
"2018-03-22",2018-03-22,0.00381679389312977,932700,-0.0277264325323476,5260,0.00380228136882133,0,5260,0,-0.882352941176476,0.726136155657357
"2018-03-23",2018-03-23,-0.0503802281368821,873000,-0.0767097966728282,4995,0,0,5260,4319,-2.76666666666666,0.458196787804306
"2018-03-26",2018-03-26,-0.004004004004004,808600,-0.0804066543438079,4975,0,4975,4995,4320,-1.04819277108434,0.439431578099132
"2018-03-27",2018-03-27,0.0452261306532663,844500,-0.0388170055452866,5200,0.0432692307692307,4975,5200,4320,-0.482758620689655,0.870174336451779
"2018-03-28",2018-03-28,0.00384615384615385,729200,-0.0351201478743068,5220,0.0469348659003831,0,5220,0,1.08471690080885,0.907546270586378
"2018-03-29",2018-03-29,-0.00383141762452107,496000,-0.0388170055452866,5200,0.0432692307692307,4975,5220,4323,-1.10526315789474,0.870174336451779
"2018-03-30",2018-03-30,0,463400,-0.0388170055452866,5200,0.0432692307692307,4975,5220,0,-1,0.870174336451779
"2018-04-02",2018-04-02,-0.0115384615384615,303500,-0.0499075785582256,5140,0.0321011673151751,4975,5220,0,-1.28571428571429,0.757189737576571
"2018-04-03",2018-04-03,0.00583657587548638,518600,-0.044362292051756,5170,0.0377176015473888,4975,5220,0,1.17496043608229,0.81384651178137
"2018-04-04",2018-04-04,0.0174081237911025,782700,-0.0277264325323476,5260,0.0228136882129277,5140,5260,4323,-0.625000000000003,0.822637851954874
"2018-04-05",2018-04-05,0.00760456273764259,599000,-0.0203327171903882,5300,0.030188679245283,0,5300,0,1.32327044025157,0.897603646381768
"2018-04-06",2018-04-06,-0.0207547169811321,726500,-0.0406654343807763,5190,0.00963391136801539,5140,5300,4329,-1.99999999999999,0.690059212730801
"2018-04-09",2018-04-09,0,758900,-0.0406654343807763,5190,0.00963391136801539,5140,5300,0,-1,0.690059212730801
"2018-04-10",2018-04-10,0.00192678227360308,939700,-0.0388170055452864,5200,0.0115384615384615,5140,5300,0,1.19769230769231,0.70910929372752
"2018-04-11",2018-04-11,-0.0269230769230769,791600,-0.0646950092421442,5060,0,5060,5200,4332,-1.66666666666667,0.51918371934612
"2018-04-12",2018-04-12,-0.0158102766798419,698300,-0.0794824399260629,4980,0,4980,5060,4333,-1.22857142857143,0.444122880525426
"2018-04-13",2018-04-13,0.00301204819277108,490100,-0.0767097966728281,4995,0.00300300300300305,4980,4995,4333,-0.965116279069767,0.473439998690941
"2018-04-16",2018-04-16,0.00700700700700701,458500,-0.0702402957486137,5030,0.00994035785288272,0,5030,0,3.3101391650099,0.541493054144716
"2018-04-17",2018-04-17,-0.00795228628230616,402900,-0.077634011090573,4990,0.00200400801603207,4980,5030,4336,-1.10526315789474,0.463677808474705
"2018-04-18",2018-04-18,0.00801603206412826,487800,-0.0702402957486137,5030,0.00795228628230615,4990,5030,4336,3.96819085487077,0.531401624273445
"2018-04-19",2018-04-19,-0.00596421471172962,428300,-0.0757855822550831,5000,0.002,4990,5030,4338,-1.07894736842105,0.473040068681099
"2018-04-20",2018-04-20,-0.011,590300,-0.0859519408502772,4945,0,4945,5000,4339,-1.13414634146341,0.411283763541373
"2018-04-23",2018-04-23,-0.0394337714863498,1833200,-0.121996303142329,4750,0,4750,4945,4340,-1.41935483870968,0.228322968915932
"2018-04-24",2018-04-24,0.0178947368421053,1214200,-0.106284658040666,4835,0.0175801447776629,4750,4835,4340,-0.871212121212122,0.39731173563266
"2018-04-25",2018-04-25,0.00103412616339193,665200,-0.105360443622921,4840,0.018595041322314,0,4840,0,1.05772970345163,0.407154641984346
"2018-04-26",2018-04-26,0.00206611570247934,1000300,-0.103512014787431,4850,0.020618556701031,0,4850,0,1.10882016036655,0.426808589096426
"2018-04-27",2018-04-27,0.0144329896907217,932300,-0.0905730129390019,4920,0.0345528455284553,0,4920,0,1.67581300813008,0.563217123014052
"2018-04-30",2018-04-30,0,0,-0.0905730129390019,4920,0.0345528455284553,0,4920,0,-1,0.563217123014052
"2018-05-01",2018-05-01,-0.0203252032520325,624100,-0.1090573012939,4820,0.0145228215767634,4750,4920,4346,-1.20408163265306,0.367718888727909
"2018-05-02",2018-05-02,0.00311203319502075,316200,-0.106284658040666,4835,0.0175801447776629,4750,4920,0,1.21051854040479,0.39731173563266
"2018-05-03",2018-05-03,0,0,-0.106284658040666,4835,0.0175801447776629,4750,4920,0,-1,0.39731173563266
"2018-05-04",2018-05-04,0,0,-0.106284658040666,4835,0.0175801447776629,4750,4920,0,-1,0.39731173563266
"2018-05-07",2018-05-07,0.00827300930713547,416500,-0.0988909426987062,4875,0.0256410256410257,4750,4920,0,1.45852187028658,0.475759099451455
"2018-05-08",2018-05-08,0.0123076923076923,494400,-0.0878003696857671,4935,0.0233029381965553,4820,4935,4346,-0.887850467289718,0.520186621891154
"2018-05-09",2018-05-09,-0.0202634245187437,580400,-0.106284658040665,4835,0.00310237849017581,4820,4935,4352,-1.21052631578947,0.323822749951697
"2018-05-10",2018-05-10,0.00413650465356774,359500,-0.102587800369686,4855,0.0072090628218332,4820,4935,0,2.3237212495709,0.363433445075863
"2018-05-11",2018-05-11,0.0339855818743563,784400,-0.0720887245841035,5020,0.0368525896414342,4835,5020,4352,5.11198064883321,0.668716647878231
"2018-05-14",2018-05-14,0.00597609561752988,457200,-0.066543438077634,5050,0.0425742574257426,0,5050,0,1.15525822852556,0.725907586459598
"2018-05-15",2018-05-15,-0.00594059405940594,351900,-0.0720887245841035,5020,0.0368525896414342,4835,5050,4356,-1.08333333333333,0.668716647878231
"2018-05-16",2018-05-16,0.0179282868525896,656700,-0.0554528650646949,5110,0.0176125244618396,5020,5110,4356,-0.769230769230768,0.655497728006793
"2018-05-17",2018-05-17,0.0430528375733855,1047400,-0.0147874306839184,5330,0.0581613508442776,0,5330,0,3.30227225349175,1.06774044057747
"2018-05-18",2018-05-18,0,1026000,-0.0147874306839184,5330,0.0581613508442776,0,5330,0,-1,1.06774044057747
"2018-05-21",2018-05-21,-0.0075046904315197,530400,-0.0221811460258778,5290,0.0510396975425331,5020,5330,4360,-1.50000000000002,0.994060585741502
"2018-05-22",2018-05-22,-0.0189035916824197,442800,-0.0406654343807762,5190,0.0327552986512524,5020,5330,0,-1.83333333333334,0.807423125453332
"2018-05-23",2018-05-23,-0.00770712909441233,752900,-0.0480591497227355,5150,0.025242718446602,5020,5330,0,-1.18181818181818,0.731758929870357
"2018-05-24",2018-05-24,-0.0116504854368932,545200,-0.0591497227356744,5090,0.0137524557956779,5020,5330,0,-1.23076923076923,0.617138851343461
"2018-05-25",2018-05-25,-0.0157170923379175,596500,-0.0739371534195931,5010,0,5010,5290,4364,-1.25,0.472270695083188
"2018-05-28",2018-05-28,0,279800,-0.0739371534195931,5010,0,5010,5010,4364,-1,0.472270695083188
"2018-05-29",2018-05-29,-0.0209580838323353,584400,-0.0933456561922364,4905,0,0,5010,4366,-1.2625,0.373753344131027
"2018-05-30",2018-05-30,-0.0377166156982671,946200,-0.127541589648798,4720,0,4720,4905,4367,-1.36633663366337,0.200175154358173
"2018-05-31",2018-05-31,0.0296610169491525,1074000,-0.101663585951941,4860,0.0288065843621399,4720,4860,4367,-0.797101449275363,0.477753534132847
"2018-06-01",2018-06-01,-0.00205761316872428,647100,-0.103512014787431,4850,0.0268041237113402,4720,4860,4369,-1.01818181818182,0.458206460592814
"2018-06-04",2018-06-04,0.0134020618556701,478800,-0.0914972273567468,4915,0.0132248219735503,4850,4915,4369,-0.883928571428572,0.450265002827196
"2018-06-05",2018-06-05,0.00406917599186165,562200,-0.0878003696857671,4935,0.0172239108409321,0,4935,0,1.30239264281817,0.489329544534014
"2018-06-06",2018-06-06,0.00101317122593718,452800,-0.0868761552680222,4940,0.0182186234817814,0,4940,0,1.05775184567754,0.499069997607478
"2018-06-07",2018-06-07,0.00607287449392713,536000,-0.0813308687615527,4970,0.0241448692152918,0,4970,0,1.3252850435949,0.557299371654717
"2018-06-08",2018-06-08,0.00603621730382294,914500,-0.0757855822550834,5000,0.03,0,5000,0,1.2425,0.615167766988081
"2018-06-11",2018-06-11,-0.009,507000,-0.0841035120147875,4955,0.0211907164480323,4850,5000,4375,-1.10975609756097,0.528230216759486
"2018-06-12",2018-06-12,-0.00302724520686176,652400,-0.0868761552680222,4940,0.0182186234817814,4850,5000,0,-1.03296703296703,0.499069997607478
"2018-06-13",2018-06-13,0.00506072874493927,632500,-0.0822550831792976,4965,0.0231621349446123,4850,5000,0,1.27134385140427,0.547619720659171
"2018-06-14",2018-06-14,0.00704934541792548,567200,-0.0757855822550833,5000,0.012,4940,5000,4375,-0.921348314606742,0.523799960933592
"2018-06-15",2018-06-15,0.026,1133500,-0.0517560073937153,5130,0.0370370370370371,0,5130,0,3.08641975308642,0.772861554249391
"2018-06-18",2018-06-18,-0.01364522417154,759300,-0.0646950092421441,5060,0.0237154150197628,4940,5130,4380,-1.25,0.639562910458754
"2018-06-19",2018-06-19,-0.00592885375494071,731200,-0.0702402957486137,5030,0.0178926441351889,4940,5130,0,-1.08571428571429,0.581858773629801
"2018-06-20",2018-06-20,0.00198807157057654,921500,-0.0683918669131238,5040,0.0198412698412699,4940,5130,0,1.10890652557319,0.601132581570499
"2018-06-21",2018-06-21,0.0198412698412698,655900,-0.0499075785582256,5140,0.0214007782101168,5030,5140,4380,1.07859922178988,0.702874677773318
"2018-06-22",2018-06-22,-0.0116731517509728,1103700,-0.0609981515711645,5080,0.00984251968503935,5030,5140,4384,-1.22222222222222,0.587909452921858
"2018-06-25",2018-06-25,-0.0413385826771654,1032100,-0.0998151571164511,4870,0,4870,5080,4385,-1.63636363636364,0.340914227146972
"2018-06-26",2018-06-26,0.00924024640657084,690800,-0.0914972273567468,4915,0.00915564598168872,4870,4915,4385,-0.916666666666667,0.429609909336862
"2018-06-27",2018-06-27,-0.00610376398779247,1062100,-0.0970425138632163,4885,0.0030706243602866,4870,4915,4387,-1.06060606060606,0.370574590593456
"2018-06-28",2018-06-28,0,779400,-0.0970425138632163,4885,0.0030706243602866,4870,4915,0,-1,0.370574590593456
"2018-06-29",2018-06-29,0.0163766632548618,754000,-0.0822550831792975,4965,0.0161127895266868,4885,4965,4387,5.24739845585766,0.51183731927272
"2018-07-02",2018-07-02,-0.00201409869083585,789700,-0.0841035120147874,4955,0.0141271442986882,4885,4965,4390,-1.02247191011236,0.492375600637645
"2018-07-03",2018-07-03,0.00807265388496468,850500,-0.0767097966728281,4995,0.00800800800800805,4955,4995,4390,-0.912087912087912,0.498845350168666
"2018-07-04",2018-07-04,-0.024024024024024,694800,-0.098890942698706,4875,0,0,4995,4392,-1.28915662650602,0.345605529573266
"2018-07-05",2018-07-05,-0.0153846153846154,568300,-0.11275415896488,4800,0,4800,4875,4393,-1.14018691588785,0.275235993178866
"2018-07-06",2018-07-06,0.00520833333333333,566900,-0.108133086876155,4825,0.00518134715025909,4800,4825,4393,-0.959016393442624,0.324992967617324
"2018-07-09",2018-07-09,0.0383419689119171,631400,-0.0739371534195933,5010,0.0419161676646707,0,5010,0,8.08982035928141,0.685036710512803
"2018-07-10",2018-07-10,-0.0129740518962076,548000,-0.0859519408502772,4945,0.0293225480283115,4800,5010,4396,-1.1625,0.56012470138994
"2018-07-11",2018-07-11,-0.00303336703741153,647000,-0.0887245841035119,4930,0.026369168356998,4800,5010,0,-1.03225806451613,0.531059470721403
"2018-07-12",2018-07-12,-0.0141987829614604,662800,-0.101663585951941,4860,0.0123456790123457,4800,5010,0,-1.14583333333333,0.394198155939441
"2018-07-13",2018-07-13,0.0349794238683128,811400,-0.0702402957486137,5030,0.0337972166998012,4860,5030,4396,2.73757455268388,0.66259021259997
"2018-07-16",2018-07-16,0,0,-0.0702402957486137,5030,0.0337972166998012,0,5030,0,-1,0.66259021259997
"2018-07-17",2018-07-17,0.0099403578528827,439600,-0.0609981515711645,5080,0.0433070866141733,0,5080,0,1.28138026864289,0.75777523408178
"2018-07-18",2018-07-18,-0.0137795275590551,442300,-0.0739371534195934,5010,0.0299401197604791,4860,5080,4402,-1.21212121212121,0.624246420390055
"2018-07-19",2018-07-19,-0.00499001996007984,452400,-0.0785582255083179,4985,0.0250752256770311,4860,5080,0,-1.0625,0.576095758309027
"2018-07-20",2018-07-20,0.0110330992978937,484600,-0.0683918669131238,5040,0.0357142857142857,4860,5080,0,1.42428571428571,0.68170383911414
"2018-07-23",2018-07-23,-0.00793650793650794,326400,-0.0757855822550831,5000,0.028,4860,5080,0,-1.10810810810811,0.605015788537583
"2018-07-24",2018-07-24,0.002,498900,-0.0739371534195933,5010,0.0299401197604791,4860,5080,0,1.06928999144568,0.624246420390055
"2018-07-25",2018-07-25,0.00199600798403194,295900,-0.0720887245841034,5020,0.0318725099601593,4860,5080,0,1.06454183266932,0.643437817075197
"2018-07-26",2018-07-26,0.0119521912350598,415400,-0.0609981515711644,5080,0.0187007874015748,4985,5080,4402,-0.846153846153846,0.632873924405367
"2018-07-27",2018-07-27,0.0078740157480315,307600,-0.0536044362292051,5120,0.0263671875,0,5120,0,1.40995065789474,0.709318908111772
"2018-07-30",2018-07-30,-0.009765625,319900,-0.0628465804066543,5070,0.0167652859960552,4985,5120,4410,-1.17241379310345,0.613666735272908
"2018-07-31",2018-07-31,-0.0118343195266272,629600,-0.0739371534195931,5010,0.00499001996007986,4985,5120,0,-1.17647058823529,0.497599982634333
"2018-08-01",2018-08-01,0.0259481037924152,628700,-0.0499075785582254,5140,0.0252918287937743,5010,5140,4410,5.06848249027236,0.722625608610866
"2018-08-02",2018-08-02,0.00194552529182879,425200,-0.0480591497227355,5150,0.0271844660194175,0,5150,0,1.07483196415235,0.741615219628123
"2018-08-03",2018-08-03,-0.00388349514563107,441100,-0.0517560073937151,5130,0.0233918128654971,5010,5150,4414,-1.07692307692308,0.703598543378542
"2018-08-06",2018-08-06,-0.00194931773879142,489400,-0.053604436229205,5120,0.021484375,5010,5150,0,-1.03571428571429,0.684533804472859
"2018-08-07",2018-08-07,0.01171875,352800,-0.0425138632162659,5180,0.0115830115830116,5120,5180,4414,-0.793103448275861,0.690570219568467
"2018-08-08",2018-08-08,-0.00772200772200772,468800,-0.0499075785582254,5140,0.00389105058365757,5120,5180,4417,-1.17391304347826,0.613995489004361
"2018-08-09",2018-08-09,-0.00972762645914397,278900,-0.0591497227356744,5090,0,5090,5140,4418,-1.18518518518518,0.547331533903881
"2018-08-10",2018-08-10,-0.0137524557956778,463900,-0.0720887245841034,5020,0,5020,5090,4419,-1.21875,0.481653299935773
"2018-08-13",2018-08-13,-0.0418326693227092,590900,-0.11090573012939,4810,0,4810,5020,4420,-1.53846153846154,0.284618598031453
"2018-08-14",2018-08-14,0.0135135135135135,427000,-0.0988909426987058,4875,0.0133333333333333,4810,4875,4420,-0.891666666666665,0.413285385909926
"2018-08-15",2018-08-15,-0.0133333333333333,453100,-0.11090573012939,4810,0,0,4875,4422,-1.1214953271028,0.284618598031453
"2018-08-16",2018-08-16,-0.00311850311850312,661500,-0.113678373382624,4795,0,4795,4810,4423,-1.025,0.270544690752574
"2018-08-17",2018-08-17,0.0218978102189781,551300,-0.0942698706099812,4900,0.0214285714285715,4795,4900,4423,-0.829268292682926,0.47783323938865
"2018-08-20",2018-08-20,0.0193877551020408,598700,-0.0767097966728278,4995,0.04004004004004,0,4995,0,1.86853520186853,0.661439599626106
"2018-08-21",2018-08-21,-0.00600600600600601,545200,-0.0822550831792973,4965,0.0342396777442094,4795,4995,4426,-1.07228915662651,0.603849208552167
"2018-08-22",2018-08-22,-0.0120845921450151,502300,-0.0933456561922362,4905,0.0224260958205912,4795,4995,0,-1.13483146067416,0.487587964880759
"2018-08-23",2018-08-23,-0.0101936799184506,460900,-0.102587800369685,4855,0.0123583934088568,4795,4995,0,-1.0990099009901,0.389571391652845
"2018-08-24",2018-08-24,0.00720906282183316,205200,-0.0961182994454711,4890,0.0194274028629857,4795,4995,0,1.57200068166327,0.458292724459242
"2018-08-27",2018-08-27,0.0184049079754601,211900,-0.0794824399260626,4980,0.0371485943775101,4795,4995,0,1.91217501585288,0.632688745318829
"2018-08-28",2018-08-28,0.00200803212851406,314000,-0.0776340110905728,4990,0.0390781563126252,4795,4995,0,1.0519417212804,0.651865785763512
"2018-08-29",2018-08-29,0.00801603206412826,376200,-0.0702402957486136,5030,0.0347912524850894,4855,5030,4426,-0.904761904761906,0.667635927535606
"2018-08-30",2018-08-30,0.00596421471172962,384100,-0.0646950092421441,5060,0.0405138339920948,0,5060,0,1.16448334274421,0.724831504163537
"2018-08-31",2018-08-31,-0.00395256916996047,415200,-0.0683918669131237,5040,0.0367063492063492,4855,5060,4434,-1.05714285714286,0.686739542710618
"2018-09-03",2018-09-03,-0.0297619047619048,446000,-0.0961182994454712,4890,0.00715746421267893,4855,5060,0,-1.40540540540541,0.396010648075813
"2018-09-04",2018-09-04,0.0102249488752556,383300,-0.0868761552680219,4940,0.0172064777327935,4855,5060,0,2.40399074609601,0.493932356691234
"2018-09-05",2018-09-05,0.00506072874493927,499600,-0.0822550831792973,4965,0.0221550855991943,4855,5060,0,1.287601445412,0.542507949032536
"2018-09-06",2018-09-06,-0.00503524672708963,417500,-0.0868761552680218,4940,0.0172064777327935,4855,5060,0,-1.0561797752809,0.493932356691235
"2018-09-07",2018-09-07,-0.00910931174089069,315600,-0.0951940850277261,4895,0.00817160367722169,4855,5060,0,-1.09574468085106,0.405849711497027
"2018-09-10",2018-09-10,-0.0132788559754852,333700,-0.10720887245841,4830,0,4830,5040,4440,-1.12621359223301,0.303383807736627
"2018-09-11",2018-09-11,0.0082815734989648,340000,-0.0998151571164508,4870,0.00821355236139631,4830,4870,4440,-0.931034482758622,0.382606130434443
"2018-09-12",2018-09-12,-0.00513347022587269,405800,-0.104436229205175,4845,0.00309597523219818,4830,4870,4442,-1.0462962962963,0.333172851935784
"2018-09-13",2018-09-13,0.0165118679050568,364500,-0.0896487985212568,4925,0.016243654822335,4845,4925,4442,5.24670050761415,0.474971170693043
"2018-09-14",2018-09-14,0.017258883248731,723900,-0.0739371534195933,5010,0.0329341317365269,0,5010,0,2.02750748502994,0.639443992920742
"2018-09-17",2018-09-17,0,0,-0.0739371534195933,5010,0.0329341317365269,0,5010,0,-1,0.639443992920742
"2018-09-18",2018-09-18,0.0339321357285429,528900,-0.0425138632162659,5180,0.0646718146718147,0,5180,0,1.96367146367147,0.96004841202862
"2018-09-19",2018-09-19,0.0308880308880309,665300,-0.0129390018484288,5340,0.0926966292134831,0,5340,0,1.43333892336072,1.25242374632313
"2018-09-20",2018-09-20,0.0149812734082397,689300,0,5420,0.106088560885609,0,5420,0,1.14447053561445,1.38607928116422
"2018-09-21",2018-09-21,0.0202952029520295,982400,0,5530,0.123869801084991,0,5530,0,1.16760751631418,1.47633666482786
"2018-09-24",2018-09-24,0,0,0,5530,0.123869801084991,0,5530,0,0,1.47633666482786
"2018-09-25",2018-09-25,0.0144665461121157,710600,0,5610,0.136363636363636,0,5610,0,1.10086264100863,1.5397552380843
"2018-09-26",2018-09-26,0.0071301247771836,653400,0,5650,0.142477876106195,0,5650,0,1.04483775811209,1.57079105313812
"2018-09-27",2018-09-27,-0.0141592920353982,476000,-0.0141592920353982,5570,0.13016157989228,4845,5650,4453,0,1.43640125245247
"2018-09-28",2018-09-28,0.0215439856373429,697000,0,5690,0.0210896309314587,5570,5690,4453,0,0.954625628559226
"2018-10-01",2018-10-01,-0.0175746924428823,523600,-0.0175746924428822,5590,0.00357781753130593,5570,5690,4455,0,0.77652690294833
"2018-10-02",2018-10-02,-0.0035778175313059,523600,-0.0210896309314587,5570,0,5570,5590,4456,-1.2,0.740524149814084
"2018-10-03",2018-10-03,0.00538599640933573,615300,-0.0158172231985941,5600,0.00535714285714284,5570,5600,4456,-0.750000000000007,0.794479634078205
"2018-10-04",2018-10-04,-0.0178571428571429,919300,-0.0333919156414765,5500,0,0,5600,4458,-2.11111111111111,0.678077885180083
"2018-10-05",2018-10-05,-0.0218181818181818,631300,-0.0544815465729351,5380,0,5380,5500,4459,-1.63157894736842,0.571027145807512
"2018-10-08",2018-10-08,0,0,-0.0544815465729351,5380,0,5380,5380,4459,-1,0.571027145807512
"2018-10-09",2018-10-09,-0.0241635687732342,735500,-0.0773286467486821,5250,0,0,5380,4461,-1.41935483870968,0.455055511487226
"2018-10-10",2018-10-10,0.0019047619047619,548000,-0.0755711775043938,5260,0.00190114068441061,5250,5260,4461,-0.977272727272726,0.473626576064693
"2018-10-11",2018-10-11,-0.0380228136882129,633600,-0.110720562390158,5060,0,0,5260,4463,-1.46511627906977,0.285558507480656
"2018-10-12",2018-10-12,0.0138339920948617,558500,-0.0984182776801409,5130,0.01364522417154,5060,5130,4463,-0.88888888888889,0.417267782985505
"2018-10-15",2018-10-15,-0.0253411306042885,490200,-0.121265377855888,5000,0,0,5130,4465,-1.23214285714286,0.232033137794369
"2018-10-16",2018-10-16,-0.016,745100,-0.135325131810194,4920,0,4920,5000,4466,-1.11594202898551,0.160665978212656
"2018-10-17",2018-10-17,0.0223577235772358,438600,-0.115992970123023,5030,0.0218687872763419,4920,5030,4466,-0.857142857142858,0.369801551221495
"2018-10-18",2018-10-18,-0.0208747514910537,452900,-0.134446397188049,4925,0.0010152284263959,4920,5030,4468,-1.15909090909091,0.170279714240066
"2018-10-19",2018-10-19,-0.00710659898477157,460800,-0.140597539543058,4890,0,4890,4925,4469,-1.04575163398693,0.133903293369513
"2018-10-22",2018-10-22,-0.0214723926380368,818200,-0.159050966608085,4785,0,4785,4890,4470,-1.13125,0.0402338964185135
"2018-10-23",2018-10-23,-0.0313479623824451,823200,-0.185413005272408,4635,0,4635,4785,4471,-1.16574585635359,-0.0935795277972
"2018-10-24",2018-10-24,0.00107874865156419,845200,-0.184534270650264,4640,0.00107758620689657,4635,4640,4471,-0.995260663507109,-0.0836492643478582
"2018-10-25",2018-10-25,-0.0172413793103448,768500,-0.19859402460457,4560,0,0,4640,4473,-1.07619047619048,-0.160486239905057
"2018-10-26",2018-10-26,0.00548245614035088,1127700,-0.194200351493849,4585,0.00545256270447114,4560,4585,4473,-0.977876106194691,-0.11050685299788
"2018-10-29",2018-10-29,-0.0229007633587786,677700,-0.212653778558875,4480,0,0,4585,4475,-1.09502262443439,-0.231853399486771
"2018-10-30",2018-10-30,0.0223214285714286,1790000,-0.195079086115993,4580,0.0218340611353712,4480,4580,4475,-0.917355371900827,-0.0318149909430476
"2018-10-31",2018-10-31,-0.147379912663755,3276800,-0.313708260105448,3905,0,0,4580,4477,-1.60810810810811,-0.744804858980341
"2018-11-01",2018-11-01,0.0243277848911652,1464100,-0.29701230228471,4000,0.02375,3905,4000,4477,-0.946778711484594,-0.539501612877382
"2018-11-02",2018-11-02,0.03625,1273600,-0.271528998242531,4145,0.0579010856453559,0,4145,0,2.43794044822551,-0.23679809336913
"2018-11-05",2018-11-05,-0.02291917973462,823700,-0.288224956063269,4050,0.0358024691358024,3905,4145,4480,-1.06148867313916,-0.433718934667827
"2018-11-06",2018-11-06,0.0271604938271605,712700,-0.268892794376099,4160,0.0264423076923077,4050,4160,4480,-0.932926829268293,-0.383101168876744
"2018-11-07",2018-11-07,0.0336538461538462,2025500,-0.244288224956064,4300,0.0581395348837209,0,4300,0,2.19873150105708,-0.0973138559148482
"2018-11-08",2018-11-08,0.0186046511627907,1315600,-0.230228471001758,4380,0.0753424657534246,0,4380,0,1.2958904109589,0.0613751954041918
"2018-11-09",2018-11-09,0.00342465753424658,1129200,-0.227592267135325,4395,0.0784982935153583,0,4395,0,1.04188644120385,0.0907754855420817
"2018-11-12",2018-11-12,0.043230944254835,1327200,-0.194200351493849,4585,0.116684841875682,0,4585,0,1.48646342041629,0.454106997575119
"2018-11-13",2018-11-13,-0.0577971646673937,1697900,-0.240773286467487,4320,0.0625,4050,4585,4486,-1.23981900452489,-0.0573383920721119
"2018-11-14",2018-11-14,0.00694444444444444,857500,-0.235500878734623,4350,0.0689655172413793,4050,4585,0,1.10344827586207,0.0022431886239365
"2018-11-15",2018-11-15,0.0126436781609195,755900,-0.225834797891037,4405,0.0805902383654937,4050,4585,0,1.16855845629966,0.110315070008899
"2018-11-16",2018-11-16,0.00113507377979569,795800,-0.224956063268893,4410,0.0816326530612245,4050,4585,0,1.01293475136534,0.120066803246528
"2018-11-19",2018-11-19,0.0226757369614512,874500,-0.207381370826011,4510,0.1019955654102,4050,4585,0,1.24944567627495,0.312637676401766
"2018-11-20",2018-11-20,-0.0288248337028825,493900,-0.230228471001758,4380,0.0753424657534246,4050,4585,0,-1.11016949152542,0.0613751954041918
"2018-11-21",2018-11-21,-0.00342465753424658,723100,-0.23286467486819,4365,0.0721649484536082,4050,4585,0,-1.01145038167939,0.0318648094057091
"2018-11-22",2018-11-22,0.011454753722795,597500,-0.224077328646749,4415,0.0826727066817667,4050,4585,0,1.14560750687591,0.129806551691939
"2018-11-23",2018-11-23,0,0,-0.224077328646749,4415,0.0826727066817667,4050,4585,0,-1,0.129806551691939
"2018-11-26",2018-11-26,-0.00453001132502831,387900,-0.227592267135325,4395,0.0784982935153583,4050,4585,0,-1.0156862745098,0.0907754855420817
"2018-11-27",2018-11-27,0.0227531285551763,835000,-0.210017574692443,4495,0.0989988876529477,4050,4585,0,1.26115974270929,0.284045229972839
"2018-11-28",2018-11-28,0,592200,-0.210017574692443,4495,0.0989988876529477,4050,4585,0,-1,0.284045229972839
"2018-11-29",2018-11-29,-0.00444938820912125,888400,-0.21353251318102,4475,0.0949720670391061,4050,4585,0,-1.01673640167364,0.245763342029539
"2018-11-30",2018-11-30,-0.00446927374301676,1200900,-0.217047451669596,4455,0.0909090909090909,4050,4585,0,-1.01646090534979,0.207297929075707
"2018-12-03",2018-12-03,0.00673400673400673,1060800,-0.211775043936732,4485,0.096989966555184,4050,4585,0,1.06688963210702,0.2649270731785
"2018-12-04",2018-12-04,-0.00557413600891862,614900,-0.216168717047452,4460,0.0919282511210763,4050,4585,0,-1.02074688796681,0.216931622804404
"2018-12-05",2018-12-05,-0.0280269058295964,643600,-0.238137082601055,4335,0.0657439446366782,4050,4585,0,-1.10162601626016,-0.0274908216274561
"2018-12-06",2018-12-06,-0.0173010380622837,781900,-0.251318101933217,4260,0.0492957746478874,4050,4585,0,-1.05535055350554,-0.177888267373486
"2018-12-07",2018-12-07,0.00938967136150235,545200,-0.244288224956064,4300,0.0581395348837209,4050,4585,0,1.17940199335548,-0.0973138559148494
"2018-12-10",2018-12-10,-0.0232558139534884,379000,-0.261862917398946,4200,0.0357142857142857,4050,4585,0,-1.07194244604317,-0.300353128549578
"2018-12-11",2018-12-11,-0.00238095238095238,462300,-0.263620386643234,4190,0.0334128878281623,4050,4585,0,-1.00671140939597,-0.320955894370267
"2018-12-12",2018-12-12,0.0238663484486874,702500,-0.246045694200352,4290,0.0559440559440559,4050,4585,0,1.67432567432567,-0.117378978304566
"2018-12-13",2018-12-13,0.00233100233100233,784800,-0.244288224956064,4300,0.0581395348837209,4050,4585,0,1.03924418604651,-0.0973138559148494
"2018-12-14",2018-12-14,-0.0255813953488372,706700,-0.263620386643234,4190,0.0334128878281623,4050,4585,0,-1.07913669064748,-0.320955894370266
"2018-12-17",2018-12-17,0.00238663484486874,457500,-0.261862917398946,4200,0.0357142857142857,4050,4585,0,1.06887755102041,-0.300353128549578
"2018-12-18",2018-12-18,-0.0142857142857143,624700,-0.272407732864675,4140,0.0217391304347826,4050,4585,0,-1.04026845637584,-0.424816235855809
"2018-12-19",2018-12-19,0.00120772946859903,396500,-0.271528998242531,4145,0.02291917973462,4050,4585,0,1.05428226779252,-0.414365870850714
"2018-12-20",2018-12-20,-0.0265379975874548,586300,-0.290861159929702,4035,0,4035,4510,4513,-1.07119741100324,-0.628833224660057
"2018-12-21",2018-12-21,-0.0346964064436183,1032300,-0.315465729349737,3895,0,3895,4035,4514,-1.08459214501511,-0.753725753928056
"2018-12-24",2018-12-24,0,0,-0.315465729349737,3895,0,3895,3895,4514,-1,-0.753725753928056
"2018-12-25",2018-12-25,-0.0693196405648267,606700,-0.362917398945519,3625,0,0,3895,4516,-1.15041782729805,-0.994589917516341
"2018-12-26",2018-12-26,0.0179310344827586,464500,-0.351493848857645,3690,0.0176151761517616,3625,3690,4516,-0.968523002421308,-0.847189656008987
"2018-12-27",2018-12-27,0.0596205962059621,610900,-0.312829525483304,3910,0.0728900255754475,0,3910,0,4.13791068266771,-0.370355427057358
"2018-12-28",2018-12-28,-0.00127877237851662,384400,-0.313708260105448,3905,0.0717029449423816,3625,3910,4519,-1.00280898876404,-0.38084148303416
"2018-12-31",2018-12-31,0,0,-0.313708260105448,3905,0.0717029449423816,3625,3910,0,-1,-0.38084148303416
"2019-01-04",2019-01-04,-0.0243277848911652,847500,-0.330404217926187,3810,0.0485564304461942,3625,3910,0,-1.05322128851541,-0.583081443222173
"2019-01-07",2019-01-07,0.0446194225721785,472100,-0.300527240773287,3980,0.042713567839196,3810,3980,4519,-0.909574468085106,-0.461084536748766
"2019-01-08",2019-01-08,-0.0263819095477387,845800,-0.318980667838313,3875,0.0167741935483871,3810,3980,4523,-1.06140350877193,-0.686421918109623
"2019-01-09",2019-01-09,0.0245161290322581,525600,-0.302284710017575,3970,0.0403022670025189,3810,3980,0,2.4026351482271,-0.482245168762288
"2019-01-10",2019-01-10,-0.0138539042821159,735900,-0.31195079086116,3915,0.0268199233716475,3810,3980,0,-1.03197674418605,-0.59974632197613
"2019-01-11",2019-01-11,-0.0102171136653895,726700,-0.318980667838313,3875,0.0167741935483871,3810,3980,0,-1.02253521126761,-0.686421918109623
"2019-01-15",2019-01-15,0.0258064516129032,1160800,-0.301405975395431,3975,0.0415094339622641,3810,3980,0,2.47460087082729,-0.471657154807687
"2019-01-16",2019-01-16,0.0138364779874214,695900,-0.291739894551846,4030,0.0384615384615384,3875,4030,4523,-0.967930029154519,-0.438063317316628
"2019-01-17",2019-01-17,-0.00744416873449132,525800,-0.29701230228471,4000,0.03125,3875,4030,4529,-1.01807228915663,-0.501431693688012
"2019-01-18",2019-01-18,0.0175,437700,-0.284710017574693,4070,0.0171990171990172,4000,4070,4529,-0.958579881656805,-0.510308066355965
"2019-01-21",2019-01-21,0.015970515970516,403800,-0.273286467486819,4135,0.0326481257557436,0,4135,0,1.89825531179824,-0.373902740622171
"2019-01-22",2019-01-22,-0.026602176541717,403200,-0.29261862917399,4025,0.00621118012422361,4000,4135,4532,-1.07073954983923,-0.606226236221128
"2019-01-23",2019-01-23,-0.0472049689440994,1583600,-0.326010544815466,3835,0,3835,4025,4533,-1.11411411411411,-0.807251123614341
"2019-01-24",2019-01-24,-0.0143415906127771,978400,-0.335676625659051,3780,0,3780,3835,4534,-1.02964959568733,-0.85631604582677
"2019-01-25",2019-01-25,0.0211640211640212,735500,-0.321616871704746,3860,0.0207253886010362,3780,3860,4534,-0.958115183246073,-0.679747037017089
"2019-01-28",2019-01-28,0.0116580310880829,869300,-0.313708260105448,3905,0.032010243277849,0,3905,0,1.54449423815622,-0.582321209004367
"2019-01-29",2019-01-29,-0.00256081946222791,917500,-0.315465729349737,3895,0.0295250320924262,3780,3905,4537,-1.00560224089636,-0.603857009151757
"2019-01-30",2019-01-30,0.00641848523748395,1073300,-0.311072056239016,3920,0.00637755102040816,3895,3920,4537,-0.986072423398328,-0.699051136295699
"2019-01-31",2019-01-31,-0.0178571428571429,1930500,-0.323374340949034,3850,0,0,3920,4539,-1.03954802259887,-0.793869781192769
"2019-02-01",2019-02-01,0.0194805194805195,798500,-0.310193321616872,3925,0.0191082802547771,3850,3925,4539,-0.959239130434783,-0.629969644398618
"2019-02-04",2019-02-04,0.0140127388535032,706900,-0.300527240773287,3980,0.0326633165829145,0,3980,0,1.70938023450586,-0.5120995038367
"2019-02-05",2019-02-05,0.00376884422110553,508600,-0.297891036906854,3995,0.0362953692115144,0,3995,0,1.1111966881679,-0.480281901406817
"2019-02-06",2019-02-06,-0.0175219023779725,537700,-0.310193321616872,3925,0.0191082802547771,3850,3995,4543,-1.04129793510324,-0.629969644398619
"2019-02-07",2019-02-07,-0.00636942675159236,508900,-0.314586994727593,3900,0.0128205128205128,3850,3995,0,-1.01416430594901,-0.684188521515104
"2019-02-08",2019-02-08,-0.0166666666666667,705600,-0.326010544815466,3835,0,3835,3925,4545,-1.03631284916201,-0.807251123614341
"2019-02-12",2019-02-12,0.0352020860495437,815800,-0.302284710017575,3970,0.0340050377833753,3835,3970,4545,-0.92722371967655,-0.514209836427587
"2019-02-13",2019-02-13,0.00629722921914358,876500,-0.297891036906854,3995,0.0400500625782227,0,3995,0,1.17776850692996,-0.46122311833329
"2019-02-14",2019-02-14,-0.00876095118898623,586400,-0.304042179261863,3960,0.0315656565656566,3835,3995,4548,-1.02064896755162,-0.535513004152717
"2019-02-15",2019-02-15,-0.0189393939393939,450800,-0.317223198594025,3885,0.0128700128700129,3835,3995,0,-1.04335260115607,-0.697318602218763
"2019-02-18",2019-02-18,0.036036036036036,486000,-0.29261862917399,4025,0.0347826086956522,3885,4025,4548,2.70260869565217,-0.461197972642573
"2019-02-19",2019-02-19,-0.0111801242236025,508100,-0.300527240773287,3980,0.0238693467336684,3885,4025,4551,-1.02702702702703,-0.556737600038641
"2019-02-20",2019-02-20,0.0201005025125628,424700,-0.286467486818981,4060,0.0197044334975369,3980,4060,4551,-0.953216374269006,-0.506511495167629
"2019-02-21",2019-02-21,-0.00369458128078818,612100,-0.289103690685413,4045,0.0160692212608158,3980,4060,4553,-1.00920245398773,-0.538345135734292
"2019-02-22",2019-02-22,-0.00247218788627936,395500,-0.290861159929701,4035,0.0136307311028501,3980,4060,0,-1.00607902735562,-0.559643780449716
"2019-02-25",2019-02-25,-0.00495662949194548,394400,-0.294376098418278,4015,0.00871731008717314,3980,4060,0,-1.01208459214502,-0.602426042479835
"2019-02-26",2019-02-26,0.0099626400996264,501700,-0.287346221441125,4055,0.0184956843403206,3980,4060,0,2.12171921789676,-0.517107540339546
"2019-02-27",2019-02-27,-0.0135635018495684,726100,-0.29701230228471,4000,0.005,3980,4060,0,-1.03363914373089,-0.634676410850808
"2019-02-28",2019-02-28,-0.01375,702500,-0.306678383128295,3945,0,3945,4055,4558,-1.03254437869822,-0.709121279189484
"2019-03-01",2019-03-01,-0.00887198986058302,622400,-0.312829525483304,3910,0,3910,3945,4559,-1.02005730659026,-0.740344411506484
"2019-03-04",2019-03-04,0.0179028132992327,577800,-0.300527240773287,3980,0.0175879396984925,3910,3980,4559,-0.960674157303371,-0.5886219544686
"2019-03-05",2019-03-05,-0.00376884422110553,672200,-0.303163444639719,3965,0.0138713745271122,3910,3980,4561,-1.00877192982456,-0.620868541655035
"2019-03-06",2019-03-06,-0.00504413619167718,505100,-0.306678383128296,3945,0.00887198986058302,3910,3980,0,-1.01159420289855,-0.664087154250643
"2019-03-07",2019-03-07,-0.0215462610899873,667000,-0.321616871704746,3860,0,3860,3965,4563,-1.0487106017192,-0.784948886245056
"2019-03-08",2019-03-08,-0.0362694300518135,1066700,-0.346221441124781,3720,0,3720,3860,4564,-1.07650273224044,-0.909841415513055
"2019-03-11",2019-03-11,0.010752688172043,544900,-0.339191564147628,3760,0.0106382978723404,3720,3760,4564,-0.979695431472081,-0.820157950347205
"2019-03-12",2019-03-12,0.0279255319148936,307800,-0.320738137082601,3865,0.03751617076326,0,3865,0,3.52652005174645,-0.590056760204274
"2019-03-13",2019-03-13,-0.0155239327296248,277200,-0.331282952548331,3805,0.0223390275952694,3720,3865,4567,-1.03287671232877,-0.720621145081347
"2019-03-14",2019-03-14,-0.0157687253613666,501900,-0.34182776801406,3745,0.00667556742323094,3720,3865,0,-1.03183023872679,-0.853654069831023
"2019-03-15",2019-03-15,0,1009400,-0.34182776801406,3745,0.00667556742323094,3720,3865,0,-1,-0.853654069831023
"2019-03-18",2019-03-18,-0.00133511348464619,477000,-0.342706502636204,3740,0.00534759358288772,3720,3865,0,-1.0025706940874,-0.864855298209876
"2019-03-19",2019-03-19,-0.00401069518716578,338200,-0.345342706502637,3725,0.00134228187919461,3720,3865,0,-1.00769230769231,-0.898567559683159
"2019-03-20",2019-03-20,-0.00671140939597315,890400,-0.349736379613357,3700,0,3700,3805,4572,-1.01272264631043,-0.927683205408483
"2019-03-22",2019-03-22,-0.00540540540540541,965300,-0.353251318101933,3680,0,3680,3700,4573,-1.01005025125628,-0.945524995303912
"2019-03-25",2019-03-25,-0.0108695652173913,710600,-0.360281195079086,3640,0,3640,3680,4574,-1.01990049751244,-0.981208575094769
"2019-03-26",2019-03-26,0.032967032967033,649800,-0.339191564147628,3760,0.0319148936170213,3640,3760,4574,-0.941463414634147,-0.712158179597217
"2019-03-27",2019-03-27,0.0172872340425532,669300,-0.327768014059754,3825,0.0483660130718955,0,3825,0,1.51546840958606,-0.570666657340842
"2019-03-28",2019-03-28,-0.0130718954248366,656000,-0.336555360281195,3775,0.0357615894039736,3640,3825,4577,-1.02680965147453,-0.679251050808263
"2019-03-29",2019-03-29,0.0211920529801325,569700,-0.32249560632689,3855,0.0207522697795072,3775,3855,4577,-0.95822454308094,-0.684071035918665
"2019-04-01",2019-04-01,0.0233463035019455,717800,-0.306678383128296,3945,0.0430925221799746,0,3945,0,2.07652091254752,-0.490384100915112
"2019-04-02",2019-04-02,0.0202788339670469,498600,-0.29261862917399,4025,0.062111801242236,0,4025,0,1.4413591523566,-0.322475285741347
"2019-04-03",2019-04-03,0.0149068322981366,395300,-0.28207381370826,4085,0.0758873929008568,0,4085,0,1.22178702570379,-0.199025161224467
"2019-04-04",2019-04-04,0.01468788249694,395200,-0.271528998242531,4145,0.0892641737032569,0,4145,0,1.17627145025098,-0.0775993963166743
"2019-04-05",2019-04-05,-0.00241254523522316,638300,-0.273286467486819,4135,0.0870616686819831,3775,4145,4583,-1.00647249190939,-0.0977001830209328
"2019-04-08",2019-04-08,-0.00362756952841596,233000,-0.275922671353251,4120,0.0837378640776699,3775,4145,0,-1.0096463022508,-0.127953121800832
"2019-04-09",2019-04-09,0.00728155339805825,281300,-0.270650263620387,4150,0.0072289156626506,4120,4150,4583,-0.980891719745223,-0.48954903474749
"2019-04-10",2019-04-10,-0.0192771084337349,391400,-0.284710017574693,4070,0,0,4150,4586,-1.05194805194805,-0.597610092343055
"2019-04-11",2019-04-11,-0.027027027027027,667100,-0.304042179261863,3960,0,3960,4070,4587,-1.0679012345679,-0.695739936767912
"2019-04-12",2019-04-12,-0.00631313131313131,717500,-0.308435852372583,3935,0,3935,3960,4588,-1.01445086705202,-0.718042174137197
"2019-04-15",2019-04-15,0.0228716645489199,705500,-0.29261862917399,4025,0.022360248447205,3935,4025,4588,-0.948717948717949,-0.524253739415857
"2019-04-16",2019-04-16,0.0211180124223602,926300,-0.27768014059754,4110,0.0425790754257908,0,4110,0,1.90423087320898,-0.345795584469802
"2019-04-17",2019-04-17,0.01338199513382,908000,-0.268014059753954,4165,0.0552220888355343,0,4165,0,1.29693020065169,-0.232554862414832
"2019-04-18",2019-04-18,-0.0120048019207683,659500,-0.276801405975395,4115,0.0437424058323208,3935,4165,4592,-1.0327868852459,-0.335430084386993
"2019-04-19",2019-04-19,0.00486026731470231,321000,-0.273286467486819,4135,0.0483675937122128,3935,4165,0,1.10573693403197,-0.29411089064848
"2019-04-22",2019-04-22,-0.0145102781136638,508000,-0.283831282952548,4075,0.0343558282208589,3935,4165,0,-1.03858520900322,-0.418759830995599
"2019-04-23",2019-04-23,0.00245398773006135,487800,-0.28207381370826,4085,0.0367197062423501,3935,4165,0,1.0688057352684,-0.397839916680991
"2019-04-24",2019-04-24,-0.00489596083231334,545800,-0.285588752196837,4065,0.031980319803198,3935,4165,0,-1.01246105919003,-0.439738781075849
"2019-04-25",2019-04-25,0.01230012300123,464700,-0.276801405975396,4115,0.0437424058323208,3935,4165,0,1.36779138237218,-0.335430084386994
"2019-04-26",2019-04-26,-0.0157958687727825,849000,-0.288224956063269,4050,0.028395061728395,3935,4165,0,-1.04126984126984,-0.471318854854859
"2019-05-07",2019-05-07,-0.0753086419753086,1339500,-0.34182776801406,3745,0,3745,4135,4599,-1.1859756097561,-0.887539178143769
"2019-05-08",2019-05-08,-0.0293724966622163,1037100,-0.36115992970123,3635,0,3635,3745,4600,-1.05655526992288,-0.985669022568625
"2019-05-09",2019-05-09,-0.00962861072902338,898200,-0.367311072056239,3600,0,3600,3635,4601,-1.01703163017032,-1.01689215488563
"2019-05-10",2019-05-10,0.0291666666666667,1122400,-0.348857644991213,3705,0.02834008097166,3600,3705,4601,-0.949760765550239,-0.779368812279784
"2019-05-13",2019-05-13,0,750100,-0.348857644991213,3705,0.02834008097166,0,3705,0,-1,-0.779368812279784
"2019-05-14",2019-05-14,-0.00269905533063428,706700,-0.350615114235501,3695,0.0257104194857916,3600,3705,4604,-1.00503778337531,-0.80163784059582
"2019-05-15",2019-05-15,0.0230040595399188,650100,-0.335676625659051,3780,0.0224867724867724,3695,3780,4604,-0.957393483709273,-0.742173430973277
"2019-05-16",2019-05-16,-0.00132275132275132,575000,-0.336555360281195,3775,0.0211920529801325,3695,3780,4606,-1.00261780104712,-0.753205860712559
"2019-05-17",2019-05-17,0.0225165562913907,720900,-0.321616871704746,3860,0.022020725388601,3775,3860,4606,1.03910297927461,-0.673171921440341
"2019-05-20",2019-05-20,-0.0116580310880829,387700,-0.329525483304043,3815,0.0104849279161205,3775,3860,4608,-1.02459016393443,-0.771871532380025
"2019-05-21",2019-05-21,0.0235910878112713,918000,-0.313708260105448,3905,0.0230473751600512,3815,3905,4608,2.19814340588989,-0.62781663099764
"2019-05-22",2019-05-22,0.00512163892445583,840200,-0.310193321616872,3925,0.0280254777070064,0,3925,0,1.21599433828733,-0.584706046211681
"2019-05-23",2019-05-23,0.00636942675159236,718900,-0.305799648506151,3950,0.0341772151898734,0,3950,0,1.21950517836594,-0.5311776556628
"2019-05-24",2019-05-24,-0.0126582278481013,707300,-0.314586994727593,3900,0.0217948717948718,3815,3950,4612,-1.02873563218391,-0.638634772057737
"2019-05-27",2019-05-27,-0.00769230769230769,344800,-0.319859402460457,3870,0.0142118863049095,3815,3950,0,-1.01675977653631,-0.70388860954315
"2019-05-28",2019-05-28,0.00129198966408269,470700,-0.318980667838313,3875,0.015483870967742,3815,3950,0,1.08950146627566,-0.692971581626074
"2019-05-29",2019-05-29,-0.0232258064516129,794200,-0.334797891036907,3785,0,3785,3900,4615,-1.0495867768595,-0.851855598352913
"2019-05-30",2019-05-30,0.011889035667107,619100,-0.32688927943761,3830,0.0117493472584856,3785,3830,4615,-0.976377952755905,-0.752072011000411
"2019-05-31",2019-05-31,-0.00522193211488251,686500,-0.330404217926187,3810,0.0065616797900262,3785,3830,4617,-1.01075268817204,-0.796246345069917
"2019-06-03",2019-06-03,-0.0131233595800525,483200,-0.339191564147628,3760,0,3760,3810,4618,-1.02659574468085,-0.874157835722198
"2019-06-04",2019-06-04,0.00664893617021277,611400,-0.334797891036907,3785,0.00660501981505945,3760,3785,4618,-0.987046632124353,-0.818328588939112
"2019-06-05",2019-06-05,0.00924702774108322,607600,-0.328646748681898,3820,0.0157068062827225,0,3820,0,2.37801047120418,-0.740904886581734
"2019-06-06",2019-06-06,-0.00654450261780105,686100,-0.333040421792619,3795,0.00922266139657446,3760,3820,4621,-1.01336898395722,-0.796120573528063
"2019-06-07",2019-06-07,-0.00263504611330698,418800,-0.334797891036907,3785,0.00660501981505945,3760,3820,0,-1.00527704485488,-0.818328588939112
"2019-06-10",2019-06-10,-0.00396301188903567,702000,-0.33743409490334,3770,0.00265251989389925,3760,3820,0,-1.00787401574803,-0.851772778373292
"2019-06-11",2019-06-11,-0.0013262599469496,643900,-0.338312829525484,3765,0.00132802124833997,3760,3820,0,-1.00260416666667,-0.862956366700866
"2019-06-12",2019-06-12,-0.0265604249667995,874300,-0.355887521968366,3665,0,3665,3795,4625,-1.05194805194805,-0.958906337725484
"2019-06-13",2019-06-13,-0.0231923601637108,836300,-0.370826010544816,3580,0,3580,3665,4626,-1.04197530864198,-1.03473394478105
"2019-06-14",2019-06-14,-0.0195530726256983,838300,-0.383128295254833,3510,0,3510,3580,4627,-1.03317535545024,-1.09718020941505
"2019-06-17",2019-06-17,-0.0341880341880342,1059300,-0.404217926186292,3390,0,3390,3510,4628,-1.05504587155963,-1.20423094878763
"2019-06-18",2019-06-18,-0.00294985250737463,1101300,-0.40597539543058,3380,0,3380,3390,4629,-1.00434782608696,-1.21315184373534
"2019-06-19",2019-06-19,0.00591715976331361,1265600,-0.402460456942004,3400,0.00588235294117645,3380,3400,4629,-0.991341991341991,-1.16545129369139
"2019-06-20",2019-06-20,0.00441176470588235,1201300,-0.399824253075572,3415,0.0102489019033675,0,3415,0,1.74231332357248,-1.12990539578621
"2019-06-21",2019-06-21,-0.0380673499267936,1366000,-0.422671353251318,3285,0,0,3415,4632,-1.05714285714286,-1.29790034573863
"2019-06-24",2019-06-24,0.030441400304414,647500,-0.405096660808436,3385,0.0295420974889217,3285,3385,4632,-0.958419958419959,-1.05873602771645
"2019-06-25",2019-06-25,0.0147710487444609,698600,-0.396309314586995,3435,0.0436681222707423,0,3435,0,1.47816593886463,-0.94242800338975
"2019-06-26",2019-06-26,0.0145560407569141,919400,-0.387521968365554,3485,0.0573888091822095,0,3485,0,1.3142037302726,-0.828177469725551
"2019-06-27",2019-06-27,0.0602582496413199,1532300,-0.350615114235501,3695,0.110960757780785,0,3695,0,1.93349120433018,-0.368908041961568
"2019-06-28",2019-06-28,-0.0094722598105548,754700,-0.35676625659051,3660,0.102459016393443,3285,3695,4637,-1.01754385964912,-0.443285921956574
"2019-07-01",2019-07-01,0.0382513661202186,775700,-0.332161687170475,3800,0.0368421052631579,3660,3800,4637,-0.931034482758621,-0.651464126580048
"2019-07-02",2019-07-02,-0.0105263157894737,634800,-0.339191564147628,3760,0.026595744680851,3660,3800,4639,-1.02116402116402,-0.739158122284715
"2019-07-03",2019-07-03,-0.00797872340425532,566100,-0.344463971880492,3730,0.0187667560321716,3660,3800,0,-1.01554404145078,-0.805660669153153
"2019-07-04",2019-07-04,0.0120643431635389,330000,-0.336555360281195,3775,0.0304635761589404,3660,3800,0,1.62327341532639,-0.706143708955281
"2019-07-05",2019-07-05,0.0119205298013245,550900,-0.328646748681899,3820,0.0235602094240838,3730,3820,4639,-0.976501305483029,-0.701041096854645
"2019-07-08",2019-07-08,-0.0170157068062827,479500,-0.340070298769772,3755,0.00665778961384822,3730,3820,4643,-1.03475935828877,-0.844823414852185
"2019-07-09",2019-07-09,-0.0199733688415446,517500,-0.353251318101934,3680,0,3680,3755,4644,-1.03875968992248,-0.945524995303913
"2019-07-10",2019-07-10,0.00135869565217391,718700,-0.35237258347979,3685,0.00135685210312075,3680,3685,4644,-0.997512437810945,-0.934177181174358
"2019-07-11",2019-07-11,0.0067842605156038,487300,-0.347978910369069,3710,0.00808625336927227,0,3710,0,5.95956873315369,-0.877716575485707
"2019-07-12",2019-07-12,-0.0175202156334232,714700,-0.359402460456942,3645,0,0,3710,4647,-1.03282828282828,-0.976748127620913
"2019-07-16",2019-07-16,0.00548696844993141,863600,-0.355887521968366,3665,0.00545702592087316,3645,3665,4647,-0.990220048899755,-0.931206532949225
"2019-07-17",2019-07-17,0.00818553888130969,569800,-0.350615114235501,3695,0.013531799729364,0,3695,0,2.47970230040594,-0.863456383257857
"2019-07-18",2019-07-18,-0.0216508795669824,672200,-0.364674868189807,3615,0,0,3695,4650,-1.04010025062657,-1.00351081246406
"2019-07-19",2019-07-19,0.00829875518672199,790500,-0.359402460456942,3645,0.00823045267489708,3615,3645,4650,-0.985542168674699,-0.93497043852421
"2019-07-22",2019-07-22,0.00137174211248285,449700,-0.358523725834798,3650,0.00958904109589043,0,3650,0,1.16506849315069,-0.923613810863842
"2019-07-23",2019-07-23,-0.00410958904109589,610200,-0.361159929701231,3635,0.0055020632737276,3615,3650,4653,-1.00735294117647,-0.957740608674545
"2019-07-24",2019-07-24,0.0192572214580468,632200,-0.348857644991213,3705,0.0188933873144399,3635,3705,4653,3.43387314439948,-0.827320127498066
"2019-07-25",2019-07-25,-0.00944669365721997,584300,-0.355008787346222,3670,0.00953678474114439,3635,3705,4655,-1.0176322418136,-0.906037273662055
"2019-07-26",2019-07-26,-0.00544959128065395,731500,-0.358523725834798,3650,0.00410958904109593,3635,3705,0,-1.00990099009901,-0.951427450454249
"2019-07-29",2019-07-29,-0.0123287671232877,543600,-0.366432337434095,3605,0,3605,3670,4657,-1.02205882352941,-1.01243170741177
"2019-07-30",2019-07-30,-0.00832177531206657,852600,-0.37170474516696,3575,0,3575,3605,4658,-1.01438848920863,-1.03919439225491
"2019-07-31",2019-07-31,0.00559440559440559,809600,-0.368189806678384,3595,0.00556328233657855,3575,3595,4658,-0.990543735224586,-0.993113441161991
"2019-08-01",2019-08-01,-0.0125173852573018,831500,-0.376098418277681,3550,0,0,3595,4660,-1.02147971360382,-1.0614966296242
"2019-08-02",2019-08-02,-0.0774647887323944,1501200,-0.424428822495607,3275,0,3275,3550,4661,-1.1285046728972,-1.30682124068634
"2019-08-05",2019-08-05,-0.0229007633587786,768900,-0.437609841827769,3200,0,3200,3275,4662,-1.03105590062112,-1.3737279527942
"2019-08-06",2019-08-06,-0.0015625,1028100,-0.438488576449913,3195,0,3195,3200,4663,-1.00200803212851,-1.37818840026805
"2019-08-07",2019-08-07,-0.00156494522691706,1061100,-0.439367311072057,3190,0,3190,3195,4664,-1.00200400801603,-1.38264884774191
"2019-08-08",2019-08-08,-0.0360501567398119,973100,-0.459578207381371,3075,0,3075,3190,4665,-1.046,-1.48523913964063
"2019-08-09",2019-08-09,0.00975609756097561,753200,-0.454305799648507,3105,0.00966183574879231,3075,3105,4665,-0.988527724665392,-1.40943308064048
"2019-08-13",2019-08-13,0.00805152979066022,754400,-0.449912126537786,3130,0.0175718849840255,0,3130,0,1.81869009584663,-1.34697951858196
"2019-08-14",2019-08-14,0.00798722044728434,566000,-0.445518453427066,3155,0.0253565768621236,0,3155,0,1.44301973778994,-1.28516226911756
"2019-08-15",2019-08-15,-0.00950871632329636,398400,-0.45079086115993,3125,0.016,3075,3155,4669,-1.01183431952663,-1.35941883729806
"2019-08-16",2019-08-16,-0.0032,511000,-0.452548330404218,3115,0.0128410914927769,3075,3155,0,-1.00389863547758,-1.38437431779199
"2019-08-19",2019-08-19,-0.0112359550561798,596500,-0.458699472759227,3080,0.00162337662337664,3075,3155,0,-1.01359223300971,-1.47253844991799
"2019-08-20",2019-08-20,0.0243506493506494,517600,-0.445518453427066,3155,0.0237717908082409,3080,3155,4669,14.6434231378763,-1.2932066260514
"2019-08-21",2019-08-21,-0.0142630744849445,317700,-0.453427065026363,3110,0.00964630225080387,3080,3155,4673,-1.01775147928994,-1.40505148103505
"2019-08-22",2019-08-22,-0.00803858520900321,430000,-0.457820738137083,3085,0.00162074554294978,3080,3155,0,-1.00968992248062,-1.46809135778003
"2019-08-23",2019-08-23,0.0113452188006483,373200,-0.451669595782074,3120,0.0128205128205128,3080,3155,0,7.91025641025629,-1.38001832743682
"2019-08-26",2019-08-26,-0.0304487179487179,701200,-0.468365553602813,3025,0,3025,3120,4676,-1.03696498054475,-1.5298436143792
"2019-08-27",2019-08-27,0.00991735537190083,342300,-0.463093145869948,3055,0.00981996726677581,3025,3055,4676,-0.988742964352721,-1.4532348814976
"2019-08-28",2019-08-28,-0.0189852700490998,680000,-0.47328646748682,2997,0,0,3055,4678,-1.02201138519924,-1.5548221202328
"2019-08-29",2019-08-29,-0.00133466800133467,664200,-0.473989455184535,2993,0,2993,2997,4679,-1.00148533234311,-1.55839047821188
"2019-08-30",2019-08-30,0.0441029067824925,858300,-0.45079086115993,3125,0.0422400000000001,2993,3125,4679,-0.951056729699666,-1.22622488002752
"2019-09-02",2019-09-02,-0.008,308800,-0.455184534270651,3100,0.0345161290322581,2993,3125,4681,-1.00974658869396,-1.28773340320628
"2019-09-03",2019-09-03,0.0193548387096774,492900,-0.444639718804922,3160,0.0189873417721519,3100,3160,4681,-0.976833976833977,-1.31303199033348
"2019-09-04",2019-09-04,-0.0316455696202532,678800,-0.462214411247804,3060,0,0,3160,4683,-1.0395256916996,-1.4986204820622
"2019-09-05",2019-09-05,0.0359477124183007,710700,-0.442882249560633,3170,0.0347003154574133,3060,3170,4683,-0.958174904942966,-1.22435221026276
"2019-09-06",2019-09-06,-0.0110410094637224,604700,-0.449033391915642,3135,0.0239234449760766,3060,3170,4685,-1.01388888888889,-1.31027862102493
"2019-09-09",2019-09-09,0.0207336523125997,503100,-0.437609841827769,3200,0.0203125,3135,3200,4685,-0.974559686888454,-1.27062192165632
"2019-09-10",2019-09-10,0.0234375,937500,-0.424428822495607,3275,0.0427480916030535,0,3275,0,2.10452143276571,-1.08983238830927
"2019-09-11",2019-09-11,0.0381679389312977,945100,-0.402460456942004,3400,0.0779411764705882,0,3400,0,1.82326680672269,-0.799681481871944
"2019-09-12",2019-09-12,-0.00294117647058824,818300,-0.404217926186292,3390,0.0752212389380531,3135,3400,4689,-1.00436681222707,-0.822408750428159
"2019-09-13",2019-09-13,0.00147492625368732,997000,-0.403339191564148,3395,0.0765832106038291,3135,3400,0,1.01810621155679,-0.811034949453727
"2019-09-17",2019-09-17,-0.0206185567010309,868500,-0.415641476274166,3325,0.0571428571428572,3135,3400,0,-1.03050108932462,-0.97216023879066
"2019-09-18",2019-09-18,-0.0135338345864662,831800,-0.423550087873463,3280,0.0442073170731707,3135,3400,0,-1.01902748414376,-1.07796492807189
"2019-09-19",2019-09-19,-0.00152439024390244,831600,-0.424428822495607,3275,0.0427480916030535,3135,3400,0,-1.00207468879668,-1.08983238830927
"2019-09-20",2019-09-20,-0.00916030534351145,880600,-0.429701230228472,3245,0.0338983050847458,3135,3400,0,-1.01242236024845,-1.1615164941651
"2019-09-24",2019-09-24,0.0138674884437596,557900,-0.421792618629174,3290,0.047112462006079,3135,3400,0,1.38981762917933,-1.05429754874694
"2019-09-25",2019-09-25,-0.0121580547112462,466800,-0.428822495606328,3250,0.0353846153846153,3135,3400,0,-1.01666666666667,-1.14951155162372
"2019-09-26",2019-09-26,0.0230769230769231,1081500,-0.415641476274166,3325,0.0571428571428572,3135,3400,0,1.61490683229814,-0.97216023879066
"2019-09-27",2019-09-27,0.0180451127819549,911900,-0.405096660808437,3385,0.0738552437223042,3135,3400,0,1.29246676514032,-0.833802974898899
"2019-09-30",2019-09-30,0.00443131462333826,1242200,-0.402460456942004,3400,0.0455882352941176,3245,3400,4689,-0.99349240780911,-0.963904662688837
"2019-10-01",2019-10-01,0.00882352941176471,973300,-0.397188049209139,3430,0.0539358600583091,0,3430,0,1.18310918837581,-0.894769524486233
"2019-10-02",2019-10-02,-0.0510204081632653,1279900,-0.427943760984183,3255,0.00307219662058367,3245,3430,4701,-1.07743362831858,-1.30906859363784
"2019-10-03",2019-10-03,-0.0230414746543779,870400,-0.441124780316345,3180,0,3180,3255,4702,-1.03080082135524,-1.39156974268963
"2019-10-04",2019-10-04,-0.0267295597484277,1423100,-0.456063268892795,3095,0,3095,3180,4703,-1.03386454183267,-1.4673973497452
"2019-10-07",2019-10-07,-0.0161550888529887,1446600,-0.464850615114236,3045,0,3045,3095,4704,-1.01926782273603,-1.51200182448377
"2019-10-08",2019-10-08,0.00821018062397373,944200,-0.460456942003515,3070,0.00814332247557004,3045,3070,4704,-0.99054820415879,-1.44836416997076
"2019-10-09",2019-10-09,-0.0211726384364821,1215500,-0.471880492091389,3005,0,0,3070,4706,-1.02480916030534,-1.54768540427463
"2019-10-10",2019-10-10,0.0415973377703827,1943700,-0.449912126537786,3130,0.0399361022364217,3005,3130,4706,-0.953445065176909,-1.23345899277766
"2019-10-11",2019-10-11,0.0447284345047923,1322300,-0.425307557117751,3270,0.081039755351682,0,3270,0,2.02923547400612,-0.899924763178212
"2019-10-15",2019-10-15,-0.00764525993883792,1305500,-0.429701230228472,3245,0.073959938366718,3005,3270,4709,-1.0103305785124,-0.958164075279913
"2019-10-16",2019-10-16,0.0400616332819723,1430600,-0.406854130052725,3375,0.0385185185185185,3245,3375,4709,-0.946830265848671,-1.02209270623663
"2019-10-17",2019-10-17,0.00888888888888889,1046200,-0.40158172231986,3405,0.0469897209985316,0,3405,0,1.21992544900034,-0.952330288880033
"2019-10-18",2019-10-18,0.00440528634361234,978800,-0.398945518453428,3420,0.0511695906432749,0,3420,0,1.08895285087719,-0.917731973178798
"2019-10-21",2019-10-21,0.00584795321637427,272600,-0.395430579964851,3440,0.0566860465116279,0,3440,0,1.1078073089701,-0.871888712734045
"2019-10-23",2019-10-23,0.00290697674418605,709200,-0.393673110720563,3450,0.0594202898550724,0,3450,0,1.04823485693051,-0.849088828035797
"2019-10-24",2019-10-24,0.0289855072463768,874300,-0.376098418277681,3550,0.0859154929577465,0,3550,0,1.44589488148403,-0.625390513088686
"2019-10-25",2019-10-25,-0.0154929577464789,824700,-0.385764499121266,3495,0.0715307582260372,3245,3550,4716,-1.02570093457944,-0.747472193807341
"2019-10-28",2019-10-28,0.00715307582260372,513800,-0.381370826010545,3520,0.078125,3245,3550,0,1.0921875,-0.691697656244731
"2019-10-29",2019-10-29,-0.00284090909090909,693500,-0.383128295254834,3510,0.0754985754985755,3245,3550,0,-1.00460829493088,-0.713950253662607
"2019-10-30",2019-10-30,0.0227920227920228,2120100,-0.369068541300528,3590,0.0264623955431755,3495,3590,4716,-0.963302752293578,-0.891490215181895
"2019-10-31",2019-10-31,0.0264623955431755,1743300,-0.35237258347979,3685,0.0515603799185889,0,3685,0,1.94843962008141,-0.679344614913533
"2019-11-01",2019-11-01,-0.00542740841248304,621700,-0.355887521968366,3665,0.0463847203274216,3495,3685,4721,-1.00997506234414,-0.723457997127286
"2019-11-05",2019-11-05,0.0231923601637108,852400,-0.340949033391916,3750,0.0226666666666666,3665,3750,4721,-0.958024691358025,-0.768022974897594
"2019-11-06",2019-11-06,-0.00533333333333333,559400,-0.344463971880493,3730,0.0174262734584451,3665,3750,4723,-1.01030927835052,-0.812464944254025
"2019-11-07",2019-11-07,-0.0160857908847185,877800,-0.355008787346222,3670,0.00136239782016345,3665,3750,0,-1.03061224489796,-0.947530373595974
"2019-11-08",2019-11-08,0.0272479564032698,618400,-0.33743409490334,3770,0.0265251989389921,3670,3770,4723,19.4694960212207,-0.730595316762564
"2019-11-11",2019-11-11,-0.013262599469496,550600,-0.346221441124781,3720,0.0134408602150538,3670,3770,4726,-1.02604166666667,-0.84161575388336
"2019-11-12",2019-11-12,-0.00672043010752688,729700,-0.350615114235502,3695,0.00676589986468201,3670,3770,0,-1.01269035532995,-0.8978000180701
"2019-11-13",2019-11-13,0.0230040595399188,981300,-0.335676625659052,3780,0.0224867724867724,3695,3780,4726,3.32354497354496,-0.742173430973279
"2019-11-14",2019-11-14,-0.0423280423280423,561900,-0.363796133567663,3620,0,0,3780,4729,-1.08376963350785,-0.999050364990199
"2019-11-15",2019-11-15,0.0069060773480663,507000,-0.359402460456943,3645,0.00685871056241427,3620,3645,4729,-0.98792270531401,-0.941933386706994
"2019-11-18",2019-11-18,0.00548696844993141,351400,-0.355887521968366,3665,0.0122783083219645,0,3665,0,1.79017735334243,-0.896581776978903
"2019-11-19",2019-11-19,-0.0109140518417462,436600,-0.362917398945519,3625,0.00137931034482763,3620,3665,4732,-1.01975308641975,-0.987588553067722
"2019-11-20",2019-11-20,0.00137931034482759,536400,-0.362038664323375,3630,0.00275482093663915,3620,3665,0,1.99724517906331,-0.976146028650612
"2019-11-21",2019-11-21,-0.00826446280991736,632600,-0.367311072056239,3600,0,3600,3630,4734,-1.01456310679612,-1.01689215488563
"2019-11-22",2019-11-22,-0.00833333333333333,513500,-0.372583479789104,3570,0,3570,3600,4735,-1.01435406698565,-1.04365483972877
"2019-11-25",2019-11-25,0.00140056022408964,439400,-0.37170474516696,3575,0.00139860139860137,3570,3575,4735,-0.997641509433962,-1.03209510662519
"2019-11-26",2019-11-26,0.013986013986014,689900,-0.362917398945519,3625,0.0151724137931034,0,3625,0,10.8482758620691,-0.917574908581523
"2019-11-27",2019-11-27,-0.00689655172413793,394600,-0.367311072056239,3600,0.0083333333333333,3570,3625,4738,-1.01210653753027,-0.974592244675215
"2019-11-28",2019-11-28,0.00277777777777778,243100,-0.365553602811951,3610,0.0110803324099723,3570,3625,0,1.32963988919668,-0.951727612012711
"2019-11-29",2019-11-29,0.00277008310249307,304800,-0.363796133567663,3620,0.0138121546961326,3570,3625,0,1.24654696132597,-0.928940016575151
"2019-12-02",2019-12-02,0.0234806629834254,369700,-0.348857644991213,3705,0.02834008097166,3600,3705,4738,2.05182186234818,-0.779368812279785
"2019-12-03",2019-12-03,-0.0148448043184885,289500,-0.358523725834798,3650,0.0136986301369864,3600,3705,4742,-1.02770780856423,-0.902753581171036
"2019-12-04",2019-12-04,-0.00136986301369863,398000,-0.359402460456943,3645,0.0123456790123457,3600,3705,0,-1.00245098039216,-0.914081593975859
"2019-12-05",2019-12-05,-0.00548696844993141,603300,-0.362917398945519,3625,0.00689655172413794,3600,3705,0,-1.00977995110024,-0.959583095273243
"2019-12-06",2019-12-06,0.0179310344827586,330900,-0.351493848857646,3690,0.024390243902439,3600,3705,0,3.53658536585365,-0.812799485106213
"2019-12-09",2019-12-09,-0.002710027100271,280500,-0.353251318101934,3680,0.0217391304347826,3600,3705,0,-1.005,-0.835177403450665
"2019-12-10",2019-12-10,-0.00407608695652174,345400,-0.355887521968366,3665,0.0177353342428377,3600,3705,0,-1.00746268656716,-0.868881972202645
"2019-12-11",2019-12-11,-0.00545702592087312,408800,-0.359402460456943,3645,0.0123456790123457,3600,3705,0,-1.00987654320988,-0.914081593975859
"2019-12-12",2019-12-12,0.00411522633744856,298400,-0.35676625659051,3660,0.0163934426229508,3600,3705,0,1.32786885245901,-0.880153847080499
"2019-12-13",2019-12-13,0.0505464480874317,1130000,-0.324253075571178,3845,0.0572171651495449,3625,3845,4742,3.49024707412223,-0.507896514868222
"2019-12-16",2019-12-16,-0.0208062418725618,416000,-0.338312829525484,3765,0.0371845949535192,3625,3845,4751,-1.04336043360434,-0.680948784919015
"2019-12-17",2019-12-17,0.00531208499335989,462700,-0.334797891036907,3785,0.0422721268163805,3625,3845,0,1.13681826759766,-0.63728273810459
"2019-12-18",2019-12-18,-0.00528401585204756,421400,-0.338312829525484,3765,0.0371845949535192,3625,3845,0,-1.01049868766404,-0.680948784919015
"2019-12-19",2019-12-19,0.0172642762284197,596500,-0.32688927943761,3830,0.0535248041775457,3625,3845,0,1.43943491234614,-0.540020241799393
"2019-12-20",2019-12-20,-0.0182767624020888,605900,-0.339191564147628,3760,0.035904255319149,3625,3845,0,-1.03763440860215,-0.691908222581595
"2019-12-23",2019-12-23,0.00398936170212766,255200,-0.336555360281196,3775,0.0397350993377483,3625,3845,0,1.10669610007358,-0.659081557198002
"2019-12-24",2019-12-24,0.00264900662251656,194900,-0.334797891036907,3785,0.0422721268163805,3625,3845,0,1.06384852487891,-0.637282738104589
"2019-12-25",2019-12-25,-0.00528401585204756,212500,-0.338312829525484,3765,0.0371845949535192,3625,3845,0,-1.01049868766404,-0.680948784919015
"2019-12-26",2019-12-26,0.00796812749003984,224700,-0.333040421792619,3795,0.0447957839262187,3625,3845,0,1.2046866177301,-0.615551786859112
"2019-12-27",2019-12-27,0.00395256916996047,213000,-0.330404217926187,3810,0.0485564304461942,3625,3845,0,1.08395090319592,-0.583081443222173
"2019-12-30",2019-12-30,0,349400,-0.330404217926187,3810,0.0485564304461942,3625,3845,0,-1,-0.583081443222173
"2020-01-06",2020-01-06,-0.0196850393700787,645800,-0.343585237258348,3735,0.0294511378848729,3625,3845,0,-1.03989361702128,-0.746966414516535
"2020-01-07",2020-01-07,0.0629183400267738,728000,-0.302284710017575,3970,0.0591939546599496,3735,3970,4751,2.00990382413556,-0.386351165766394
"2020-01-08",2020-01-08,-0.0163727959697733,675200,-0.313708260105449,3905,0.0435339308578745,3735,3970,4764,-1.03779069767442,-0.523827095013019
"2020-01-09",2020-01-09,0.0396927016645326,731600,-0.286467486818981,4060,0.0381773399014779,3905,4060,4764,-0.913165266106442,-0.412743221302185
"2020-01-10",2020-01-10,0.00862068965517241,455200,-0.280316344463972,4095,0.0463980463980463,0,4095,0,1.21532947339399,-0.339791871384666
"2020-01-14",2020-01-14,0.00244200244200244,525100,-0.278558875219684,4105,0.048721071863581,0,4105,0,1.05006731200718,-0.319079324203918
"2020-01-15",2020-01-15,-0.0182704019488429,450800,-0.291739894551846,4030,0.0310173697270472,3905,4105,4768,-1.04731861198738,-0.475849837603845
"2020-01-16",2020-01-16,-0.0086848635235732,400500,-0.297891036906855,3995,0.0225281602002503,3905,4105,0,-1.0210843373494,-0.550164106009751
"2020-01-17",2020-01-17,0.0137672090112641,499700,-0.288224956063269,4050,0.0358024691358024,3905,4105,0,1.58923182441701,-0.433718934667827
"2020-01-20",2020-01-20,0,349300,-0.288224956063269,4050,0.0358024691358024,3905,4105,0,-1,-0.433718934667827
"2020-01-21",2020-01-21,-0.00123456790123457,295600,-0.289103690685414,4045,0.034610630407911,3905,4105,0,-1.00304878048781,-0.444229142682697
"2020-01-22",2020-01-22,0.0123609394313968,521400,-0.280316344463972,4095,0.0463980463980463,3905,4105,0,1.34057212628641,-0.339791871384665
"2020-01-23",2020-01-23,-0.0134310134310134,455600,-0.289982425307557,4040,0.0334158415841584,3905,4105,0,-1.03448275862069,-0.45475432535237
"2020-01-24",2020-01-24,0.00371287128712871,301800,-0.287346221441125,4055,0.0369913686806412,3905,4105,0,1.10700095903548,-0.423223645914465
"2020-01-27",2020-01-27,-0.0172626387176326,374100,-0.299648506151143,3985,0.0200752823086575,3905,4105,0,-1.04281345565749,-0.571535782706042
"2020-01-28",2020-01-28,-0.0150564617314931,672000,-0.310193321616872,3925,0.00509554140127388,3905,4105,0,-1.03519061583578,-0.701098155835235
"2020-01-29",2020-01-29,-0.00254777070063694,467000,-0.31195079086116,3915,0.00255427841634737,3905,4105,0,-1.0056657223796,-0.722918474312961
"2020-01-30",2020-01-30,-0.0217113665389527,841300,-0.32688927943761,3830,0,3830,4095,4779,-1.04788732394366,-0.811711571088199
"2020-01-31",2020-01-31,0.110966057441253,1741400,-0.252196836555361,4255,0.099882491186839,3830,4255,4779,-0.771505376344087,0.0744289132451203
"2020-02-03",2020-02-03,-0.0176263219741481,1153600,-0.265377855887522,4180,0.083732057416268,3830,4255,4781,-1.05226480836237,-0.0744572266652591
"2020-02-04",2020-02-04,-0.00837320574162679,710200,-0.271528998242531,4145,0.0759951749095296,3830,4255,0,-1.02317880794702,-0.144952691223484
"2020-02-05",2020-02-05,0.00723763570566948,720600,-0.266256590509667,4175,0.0826347305389221,3830,4255,0,1.08736812090105,-0.0844876935451007
"2020-02-06",2020-02-06,0.0275449101796407,849300,-0.246045694200352,4290,0.0337995337995338,4145,4290,4781,-0.924092409240924,-0.229784334108457
"2020-02-07",2020-02-07,0.00466200466200466,680500,-0.242530755711776,4310,0.0382830626450116,0,4310,0,1.13265061204896,-0.189184200102288
"2020-02-10",2020-02-10,-0.00580046403712297,420700,-0.246924428822496,4285,0.0326721120186698,4145,4310,4786,-1.01811594202899,-0.239967562394291
"2020-02-12",2020-02-12,0.00466744457409568,501500,-0.24340949033392,4305,0.0371660859465738,4145,4310,0,1.13754770200763,-0.19931440926227
"2020-02-13",2020-02-13,-0.00232288037166086,611800,-0.245166959578208,4295,0.0349243306169965,4145,4310,0,-1.0072202166065,-0.219614430108563
"2020-02-14",2020-02-14,-0.00349243306169965,511600,-0.24780316344464,4280,0.0315420560747663,4145,4310,0,-1.01075268817204,-0.250164161663331
"2020-02-17",2020-02-17,-0.0105140186915888,429600,-0.255711775043937,4235,0.0212514757969303,4145,4310,0,-1.03191489361702,-0.342543063539905
"2020-02-18",2020-02-18,-0.0165289256198347,423100,-0.268014059753955,4165,0.00480192076830732,4145,4310,0,-1.04810996563574,-0.488487092259342
"2020-02-19",2020-02-19,-0.00360144057623049,597800,-0.270650263620387,4150,0.00120481927710847,4145,4310,0,-1.00983606557377,-0.520127283092367
"2020-02-20",2020-02-20,-0.00481927710843374,447500,-0.274165202108963,4130,0,4130,4305,4793,-1.01298701298701,-0.544084722656771
"2020-02-21",2020-02-21,-0.00605326876513317,703800,-0.278558875219684,4105,0,4105,4130,4794,-1.01602564102564,-0.566386960026057
"2020-02-25",2020-02-25,-0.0499390986601705,1139300,-0.314586994727593,3900,0,3900,4105,4795,-1.12933753943218,-0.749265306454199
"2020-02-26",2020-02-26,0.00256410256410256,1256500,-0.312829525483304,3910,0.00255754475703329,3900,3910,4795,-0.994413407821229,-0.72736234187669
"2020-02-27",2020-02-27,-0.0191815856777494,929200,-0.326010544815466,3835,0,0,3910,4797,-1.04213483146067,-0.807251123614342
"2020-02-28",2020-02-28,-0.0260756192959583,1246200,-0.343585237258348,3735,0,3735,3835,4798,-1.05390835579515,-0.896460073091484
"2020-03-02",2020-03-02,0.0107095046854083,764500,-0.336555360281195,3775,0.0105960264900662,3735,3775,4798,-0.979539641943734,-0.806991177006594
"2020-03-03",2020-03-03,-0.0225165562913907,748800,-0.351493848857645,3690,0,0,3775,4800,-1.0443864229765,-0.936604100356199
"2020-03-04",2020-03-04,0,628800,-0.351493848857645,3690,0,3690,3690,4800,-1,-0.936604100356199
"2020-03-05",2020-03-05,0.013550135501355,578400,-0.342706502636204,3740,0.0133689839572193,0,3740,0,-0.975,-0.82413880709825
"2020-03-06",2020-03-06,-0.0307486631016043,831400,-0.362917398945519,3625,0,0,3740,4803,-1.05897435897436,-0.994589917516341
"2020-03-09",2020-03-09,-0.0758620689655172,1100600,-0.411247803163445,3350,0,3350,3625,4804,-1.13317191283293,-1.23991452857848
"2020-03-10",2020-03-10,-0.0223880597014925,1406500,-0.424428822495607,3275,0,3275,3350,4805,-1.03205128205128,-1.30682124068634
"2020-03-11",2020-03-11,-0.0198473282442748,1248300,-0.43585237258348,3210,0,3210,3275,4806,-1.02691511387164,-1.36480705784648
"2020-03-12",2020-03-12,-0.059190031152648,1684400,-0.469244288224956,3020,0,3020,3210,4807,-1.07661290322581,-1.53430406185305
"2020-03-13",2020-03-13,-0.0274834437086093,1785000,-0.483831282952549,2937,0,2937,3020,4808,-1.0310861423221,-1.60834748991908
"2020-03-16",2020-03-16,-0.0514130064691862,1491000,-0.510369068541301,2786,0,2786,2937,4809,-1.05484925535779,-1.74305300362957
"2020-03-17",2020-03-17,0.0373295046661881,1815900,-0.492091388400703,2890,0.0359861591695502,2786,2890,4809,-0.964187327823691,-1.46761033997059
"2020-03-18",2020-03-18,0.0041522491349481,1228000,-0.489982425307557,2902,0.0399724328049621,0,2902,0,1.11077241159943,-1.43667098401109
"2020-03-19",2020-03-19,0.0144727773949001,2153600,-0.482601054481547,2944,0.0536684782608695,0,2944,0,1.34263727511244,-1.32968224606798
"2020-03-23",2020-03-23,-0.0519701086956522,1821800,-0.509490333919157,2791,0.00179147259046941,2786,2944,4813,-1.05571740713765,-1.72949906058916
"2020-03-24",2020-03-24,0.0462199928341096,1224500,-0.486818980667839,2920,0.0458904109589041,2786,2944,0,25.6160273972596,-1.39057377976053
"2020-03-25",2020-03-25,0.131849315068493,1730700,-0.419156414762742,3305,0.155521936459909,2791,3305,4813,3.38898548106668,-0.490630882082774
"2020-03-26",2020-03-26,-0.0075642965204236,1574200,-0.423550087873462,3280,0.149085365853659,2791,3305,4816,-1.0104821802935,-0.545605082496945
"2020-03-27",2020-03-27,0.0182926829268293,1401300,-0.413005272407733,3340,0.0179640718562875,3280,3340,4816,-0.975103734439834,-1.15764998834208
"2020-03-30",2020-03-30,0.0179640718562874,1011800,-0.402460456942004,3400,0.0352941176470588,0,3400,0,1.96470588235294,-1.01615749294876
"2020-03-31",2020-03-31,-0.025,814400,-0.417398945518454,3315,0.0105580693815988,3280,3400,4819,-1.03711790393013,-1.21754501447505
"2020-04-01",2020-04-01,-0.0301659125188537,1000700,-0.434973637961336,3215,0,3215,3315,4820,-1.04210526315789,-1.36034661037262
"2020-04-02",2020-04-02,-0.0326594090202177,863400,-0.453427065026362,3110,0,3110,3215,4821,-1.04242424242424,-1.45401600732362
"2020-04-03",2020-04-03,0.00482315112540193,541500,-0.45079086115993,3125,0.00480000000000003,3110,3125,4821,-0.994186046511628,-1.41626991662086
"2020-04-06",2020-04-06,0.024,573700,-0.437609841827768,3200,0.028125,0,3200,0,5.85937499999996,-1.23096575583406
"2020-04-07",2020-04-07,0.059375,842500,-0.404217926186292,3390,0.0825958702064897,0,3390,0,2.93674205178631,-0.784975201569385
"2020-04-08",2020-04-08,0.00294985250737463,663900,-0.402460456942004,3400,0.0852941176470589,0,3400,0,1.03266806722689,-0.762358031686285
"2020-04-09",2020-04-09,0,575400,-0.402460456942004,3400,0.0852941176470589,0,3400,0,-1,-0.762358031686285
"2020-04-10",2020-04-10,0.0102941176470588,477400,-0.396309314586995,3435,0.0946142649199417,0,3435,0,1.10927069216483,-0.683825932234394
"2020-04-13",2020-04-13,-0.0363901018922853,389300,-0.418277680140598,3310,0.0604229607250756,3110,3435,4828,-1.05543237250554,-0.968891810771188
"2020-04-14",2020-04-14,0.0196374622356495,491500,-0.406854130052725,3375,0.0785185185185185,3110,3435,0,1.29948148148148,-0.819053137226651
"2020-04-15",2020-04-15,0,464800,-0.406854130052725,3375,0.0785185185185185,3110,3435,0,-1,-0.819053137226651
"2020-04-16",2020-04-16,-0.0118518518518519,471800,-0.413884007029877,3335,0.0674662668665668,3110,3435,0,-1.01727861771058,-0.91083782731756
"2020-04-17",2020-04-17,0.0119940029985007,462900,-0.406854130052725,3375,0.0785185185185185,3110,3435,0,1.16381893004115,-0.819053137226651
"2020-04-20",2020-04-20,-0.00296296296296296,348000,-0.408611599297013,3365,0.075780089153046,3110,3435,0,-1.00431965442765,-0.84187427012761
"2020-04-21",2020-04-21,-0.011887072808321,671400,-0.415641476274165,3325,0.0646616541353383,3110,3435,0,-1.01720430107527,-0.933994906269987
"2020-04-22",2020-04-22,-0.0315789473684211,1035900,-0.434094903339192,3220,0.0341614906832298,3110,3435,0,-1.04439746300211,-1.18248280427224
"2020-04-23",2020-04-23,0.0263975155279503,545600,-0.419156414762742,3305,0.0590015128593041,3110,3435,0,1.72713519460872,-0.980567512295955
"2020-04-24",2020-04-24,-0.00453857791225416,1109800,-0.421792618629174,3290,0.0547112462006079,3110,3435,0,-1.0062893081761,-1.01572620205051
"2020-04-27",2020-04-27,0.027355623100304,611300,-0.40597539543058,3380,0.0798816568047337,3110,3435,0,1.46005917159763,-0.807673414499441
"2020-04-28",2020-04-28,-0.00443786982248521,486100,-0.408611599297013,3365,0.075780089153046,3110,3435,0,-1.00649350649351,-0.84187427012761
"2020-04-30",2020-04-30,0.0460624071322437,717300,-0.381370826010545,3520,0.0852272727272727,3220,3520,4828,1.12466577540107,-0.655646596406311
"2020-05-01",2020-05-01,-0.046875,779600,-0.410369068541301,3355,0.0402384500745157,3220,3520,4841,-1.07603686635945,-1.03120414208565
"2020-05-07",2020-05-07,0,678000,-0.410369068541301,3355,0.0402384500745157,3220,3520,0,-1,-1.03120414208565
"2020-05-08",2020-05-08,0.00894187779433681,600300,-0.405096660808436,3385,0.0487444608567208,3220,3520,0,1.21139011980962,-0.961265038162176
"2020-05-11",2020-05-11,0.0192023633677991,467000,-0.393673110720563,3450,0.0666666666666667,3220,3520,0,1.36767676767677,-0.812306297418045
"2020-05-12",2020-05-12,-0.0130434782608696,346100,-0.40158172231986,3405,0.0543318649045521,3220,3520,0,-1.02008928571429,-0.915061645522841
"2020-05-13",2020-05-13,-0.00146842878120411,514600,-0.402460456942004,3400,0.0529411764705883,3220,3520,0,-1.00218818380744,-0.926581212503177
"2020-05-14",2020-05-14,-0.0132352941176471,532800,-0.410369068541301,3355,0.0402384500745157,3220,3520,0,-1.01965065502183,-1.03120414208565
"2020-05-15",2020-05-15,0.00596125186289121,507300,-0.406854130052724,3375,0.0459259259259259,3220,3520,0,1.14134430727023,-0.984492786049593
"2020-05-18",2020-05-18,0.00444444444444444,290900,-0.404217926186292,3390,0.0501474926253688,3220,3520,0,1.09192121039109,-0.949682816547978
"2020-05-19",2020-05-19,0.0353982300884956,588900,-0.383128295254833,3510,0.0826210826210826,3220,3520,0,1.64756158873806,-0.677796484251997
"2020-05-20",2020-05-20,0.00142450142450142,403600,-0.382249560632689,3515,0.0839260312944523,3220,3520,0,1.01579437877079,-0.666712131372611
"2020-05-21",2020-05-21,0.0241820768136558,805200,-0.367311072056239,3600,0.0680555555555555,3355,3600,4841,-0.960919540229885,-0.671442888167263
"2020-05-22",2020-05-22,-0.0138888888888889,635500,-0.37609841827768,3550,0.0549295774647888,3355,3600,4853,-1.02392344497608,-0.782674686265426
"2020-05-25",2020-05-25,0.00422535211267606,481400,-0.373462214411248,3565,0.05890603085554,3355,3600,0,1.07239184378034,-0.749108909277695
"2020-05-26",2020-05-26,0.00981767180925666,729000,-0.367311072056239,3600,0.0138888888888888,3550,3600,4853,-0.983529411764706,-0.946392304534939
"2020-05-27",2020-05-27,0.00972222222222222,758200,-0.36115992970123,3635,0.0233837689133425,0,3635,0,1.68363136176066,-0.866973263518777
"2020-05-28",2020-05-28,0.0110041265474553,752000,-0.354130052724077,3675,0.0340136054421769,0,3675,0,1.4545818327331,-0.777332748041394
"2020-05-29",2020-05-29,-0.00680272108843537,821400,-0.358523725834798,3650,0.0273972602739726,3550,3675,4858,-1.01240694789082,-0.833219482195016
"2020-06-01",2020-06-01,-0.00821917808219178,525300,-0.363796133567663,3620,0.0193370165745856,3550,3675,0,-1.01470588235294,-0.900895877209131
"2020-06-02",2020-06-02,0.0276243093922652,434200,-0.34622144112478,3720,0.0268817204301075,3620,3720,4858,1.39016897081413,-0.773390092253662
"2020-06-03",2020-06-03,0.0349462365591398,521000,-0.323374340949034,3850,0.0597402597402598,0,3850,0,2.22233766233767,-0.49062886643761
"2020-06-04",2020-06-04,0.0038961038961039,635800,-0.320738137082601,3865,0.0633893919793014,0,3865,0,1.06108330052309,-0.458724568089153
"2020-06-05",2020-06-05,0.00776196636481242,494200,-0.315465729349737,3895,0.0706033376123235,0,3895,0,1.11380367294543,-0.395343972941255
"2020-06-08",2020-06-08,0.0102695763799743,523800,-0.308435852372584,3935,0.0800508259212198,0,3935,0,1.13381078895691,-0.31170504428877
"2020-06-09",2020-06-09,0.0127064803049555,548300,-0.299648506151143,3985,0.0915934755332497,0,3985,0,1.14419151182012,-0.208510204488706
"2020-06-10",2020-06-10,-0.0163111668757842,544800,-0.311072056239016,3920,0.076530612244898,3620,3985,4866,-1.03812316715543,-0.342954953401927
"2020-06-11",2020-06-11,-0.0165816326530612,504800,-0.32249560632689,3855,0.0609597924773022,3620,3985,0,-1.03672316384181,-0.479978083930686
"2020-06-12",2020-06-12,-0.00259403372243839,656400,-0.324253075571178,3845,0.05851755526658,3620,3985,0,-1.00544959128065,-0.501295748645529
"2020-06-15",2020-06-15,-0.0182054616384915,614600,-0.336555360281195,3775,0.0410596026490067,3620,3985,0,-1.03794037940379,-0.652358392661246
"2020-06-16",2020-06-16,0.0437086092715232,531900,-0.30755711775044,3940,0.0812182741116751,3620,3985,0,1.97805796626822,-0.301318642379125
"2020-06-17",2020-06-17,-0.00126903553299492,393400,-0.308435852372584,3935,0.0800508259212198,3620,3985,0,-1.00285714285714,-0.311705044288771
"2020-06-18",2020-06-18,0.00635324015247776,432500,-0.304042179261863,3960,0.0858585858585859,3620,3985,0,1.07255090588424,-0.25992268005458
"2020-06-19",2020-06-19,-0.00883838383838384,682600,-0.310193321616872,3925,0.0777070063694267,3620,3985,0,-1.02023121387283,-0.332523142027316
"2020-06-22",2020-06-22,-0.00636942675159236,387100,-0.314586994727593,3900,0.0717948717948718,3620,3985,0,-1.01416430594901,-0.384835310795267
"2020-06-23",2020-06-23,0.00769230769230769,341800,-0.309314586994728,3930,0.0788804071246819,3620,3985,0,1.09869138495093,-0.322106524962884
"2020-06-24",2020-06-24,-0.00381679389312977,273300,-0.31195079086116,3915,0.0753512132822478,3620,3985,0,-1.00852272727273,-0.353402017302467
"2020-06-25",2020-06-25,-0.00638569604086846,383100,-0.316344463971881,3890,0.0694087403598972,3620,3985,0,-1.01408450704225,-0.405868183196941
"2020-06-26",2020-06-26,0.012853470437018,402200,-0.30755711775044,3940,0.0812182741116751,3620,3985,0,1.17014476405339,-0.301318642379125
"2020-06-29",2020-06-29,-0.00888324873096447,454200,-0.313708260105448,3905,0.0729833546734955,3620,3985,0,-1.02,-0.374342137035122
"2020-06-30",2020-06-30,0.00256081946222791,542800,-0.31195079086116,3915,0.0753512132822478,3620,3985,0,1.03244381707782,-0.353402017302467
"2020-07-01",2020-07-01,-0.00255427841634738,375000,-0.313708260105448,3905,0.0729833546734955,3620,3985,0,-1.0056338028169,-0.374342137035122
"2020-07-02",2020-07-02,0.00640204865556978,523900,-0.309314586994728,3930,0.0788804071246819,3620,3985,0,1.08079996428731,-0.322106524962884
"2020-07-03",2020-07-03,0.00381679389312977,486700,-0.306678383128296,3945,0.082382762991128,3620,3985,0,1.04440083404882,-0.290947261900243
"2020-07-06",2020-07-06,0.0101394169835234,518300,-0.299648506151143,3985,0.0526976160602258,3775,3985,4866,-0.977077363896848,-0.405945168080591
"2020-07-07",2020-07-07,0.0125470514429109,401200,-0.290861159929702,4035,0.0644361833952912,0,4035,0,1.22275328966779,-0.301755852029363
"2020-07-08",2020-07-08,-0.0173482032218092,442700,-0.303163444639719,3965,0.0479192938209332,3775,4035,4886,-1.04229607250755,-0.448041670177439
"2020-07-09",2020-07-09,0.00504413619167718,506400,-0.299648506151143,3985,0.0526976160602258,3775,4035,0,1.09971604041471,-0.405945168080591
"2020-07-10",2020-07-10,-0.0175658720200753,381300,-0.31195079086116,3915,0.0357598978288634,3775,4035,0,-1.04105571847507,-0.554367107957297
"2020-07-13",2020-07-13,0.0357598978288633,482800,-0.287346221441125,4055,0.0345252774352651,3915,4055,4886,-0.921126760563381,-0.435741498504476
"2020-07-14",2020-07-14,0.00986436498150432,437200,-0.280316344463972,4095,0.0439560439560439,0,4095,0,1.27315541601256,-0.352187449468303
"2020-07-15",2020-07-15,0.0146520146520147,456200,-0.269771528998243,4155,0.0577617328519856,0,4155,0,1.31407942238267,-0.228584551699072
"2020-07-16",2020-07-16,-0.0108303249097473,384100,-0.27768014059754,4110,0.0474452554744526,3915,4155,4892,-1.02931596091205,-0.321094906974674
"2020-07-17",2020-07-17,0,259800,-0.27768014059754,4110,0.0474452554744526,3915,4155,0,-1,-0.321094906974674
"2020-07-20",2020-07-20,0.0121654501216545,184900,-0.268892794376099,4160,0.0120192307692307,4110,4160,4892,-0.968354430379747,-0.456312551933228
"2020-07-21",2020-07-21,-0.0108173076923077,264700,-0.276801405975396,4115,0.00121506682867556,4110,4160,4895,-1.02941176470588,-0.551298398948028
"2020-07-22",2020-07-22,-0.00486026731470231,274600,-0.280316344463972,4095,0,4095,4115,4896,-1.01269841269841,-0.575307854973771
"2020-07-27",2020-07-27,0.00610500610500611,419200,-0.275922671353252,4120,0.0060679611650486,4095,4120,4896,-0.984326018808777,-0.522204712111467
"2020-07-28",2020-07-28,-0.00485436893203883,293200,-0.279437609841828,4100,0.00121951219512195,4095,4120,4898,-1.01273885350318,-0.564657176737415
"2020-07-29",2020-07-29,-0.00975609756097561,379200,-0.286467486818981,4060,0,4060,4100,4899,-1.0251572327044,-0.606530987290771
"2020-07-30",2020-07-30,-0.00123152709359606,339200,-0.287346221441125,4055,0,4055,4060,4900,-1.00306748466258,-0.610991434764629
"2020-07-31",2020-07-31,-0.00493218249075216,857100,-0.290861159929702,4035,0,4035,4055,4901,-1.01223241590214,-0.628833224660057
"2020-08-03",2020-08-03,0.149938042131351,1082900,-0.184534270650264,4640,0.130387931034483,4035,4640,4901,-0.634441087613294,0.572728652710253
"2020-08-04",2020-08-04,-0.00431034482758621,779900,-0.188049209138841,4620,0.126623376623377,4035,4640,4903,-1.01904761904762,0.535778025186185
"2020-08-05",2020-08-05,-0.00432900432900433,465200,-0.191564147627417,4600,0.122826086956522,4035,4640,0,-1.01869158878505,0.49866123385665
"2020-08-06",2020-08-06,0.00652173913043478,345900,-0.186291739894552,4630,0.128509719222462,4035,4640,0,1.04627382021828,0.554273974841987
"2020-08-07",2020-08-07,0.00107991360691145,595600,-0.185413005272408,4635,0.129449838187702,4035,4640,0,1.00731554757825,0.563506456053855
"2020-08-11",2020-08-11,0.0248112189859763,560600,-0.165202108963094,4750,0.031578947368421,4600,4750,4903,-0.890995260663507,0.169305160688336
"2020-08-12",2020-08-12,0.0157894736842105,673900,-0.152021089630932,4825,0.0466321243523317,0,4825,0,1.47668393782384,0.312621636972296
"2020-08-13",2020-08-13,0.0259067357512953,618300,-0.130052724077329,4950,0.0707070707070707,0,4950,0,1.51627384960718,0.546336992113837
"2020-08-14",2020-08-14,-0.0161616161616162,727100,-0.144112478031635,4870,0.055441478439425,4600,4950,4910,-1.10810810810811,0.397481850664503
"2020-08-17",2020-08-17,-0.0112936344969199,381800,-0.15377855887522,4815,0.0446521287642783,4600,4950,0,-1.06707317073171,0.293650305753582
"2020-08-18",2020-08-18,-0.00415368639667705,779800,-0.157293497363796,4795,0.040667361835245,4600,4950,0,-1.02285714285714,0.25558188186125
"2020-08-19",2020-08-19,-0.0156412930135558,1042200,-0.170474516695958,4720,0.0254237288135594,4600,4950,0,-1.08379888268156,0.111298652781661
"2020-08-20",2020-08-20,0.013771186440678,1247800,-0.159050966608085,4785,0.0386624869383491,4600,4950,0,1.52072448624173,0.236484263538919
"2020-08-21",2020-08-21,0.0188087774294671,779900,-0.143233743409491,4875,0.0564102564102564,4600,4950,0,1.45904365904366,0.40685980467996
"2020-08-24",2020-08-24,0.0133333333333333,601100,-0.131810193321617,4940,0.0688259109311741,4600,4950,0,1.2200956937799,0.5278673504127
"2020-08-25",2020-08-25,0,690800,-0.131810193321617,4940,0.0688259109311741,4600,4950,0,-1,0.5278673504127
"2020-08-26",2020-08-26,-0.00607287449392713,352000,-0.137082601054482,4910,0.0631364562118126,4600,4950,0,-1.04,0.472225054716534
"2020-08-27",2020-08-27,0.00305498981670061,227900,-0.134446397188049,4925,0.065989847715736,4600,4950,0,1.04519403962666,0.500090181667439
"2020-08-28",2020-08-28,-0.0152284263959391,514400,-0.147627416520211,4850,0.0515463917525774,4600,4950,0,-1.09803921568627,0.359868642715225
"2020-08-31",2020-08-31,0.0103092783505155,505100,-0.13884007029877,4900,0.0612244897959183,4600,4950,0,1.18775510204081,0.453599038842701
"2020-09-01",2020-09-01,-0.00408163265306122,318000,-0.142355008787346,4880,0.0573770491803278,4600,4950,0,-1.0253164556962,0.416227681837749
"2020-09-02",2020-09-02,0.00922131147540984,336600,-0.134446397188049,4925,0.065989847715736,4600,4950,0,1.15010877447426,0.500090181667439
"2020-09-03",2020-09-03,-0.017258883248731,534200,-0.149384885764499,4840,0.0495867768595041,4600,4950,0,-1.11111111111111,0.341000763684631
"2020-09-04",2020-09-04,0.00103305785123967,570600,-0.148506151142355,4845,0.0505675954592363,4600,4950,0,1.01977984176127,0.350439835802654
"2020-09-07",2020-09-07,0.0185758513931889,550100,-0.132688927943761,4935,0.0678824721377913,4600,4950,0,1.34241052043918,0.51861801778895
"2020-09-08",2020-09-08,-0.0121580547112462,502500,-0.143233743409491,4875,0.0564102564102564,4600,4950,0,-1.0794701986755,0.40685980467996
"2020-09-09",2020-09-09,-0.0256410256410256,972400,-0.165202108963093,4750,0.031578947368421,4600,4950,0,-1.15337423312883,0.169305160688338
"2020-09-10",2020-09-10,0.00105263157894737,667600,-0.164323374340949,4755,0.031578947368421,4720,4940,4910,-0.99468085106383,0.173765608162194
